step,value,wall_time
1000,0.4000000059604645,1782734197.34289
1100,0.4000599980354309,1782734203.0674949
1200,0.40011999011039734,1782734208.8387427
1300,0.40018001198768616,1782734214.6022627
1400,0.4002400040626526,1782734220.4333057
1500,0.400299996137619,1782734226.116592
1600,0.40035998821258545,1782734231.8079898
1700,0.40042001008987427,1782734237.4304225
1800,0.4004800021648407,1782734243.2027547
1900,0.40053999423980713,1782734248.8778331
2000,0.40059998631477356,1782734254.5150347
2100,0.4006600081920624,1782734260.283946
2200,0.4007200002670288,1782734266.1622362
2300,0.40077999234199524,1782734271.8128722
2400,0.40084001421928406,1782734277.4050775
2500,0.4009000062942505,1782734283.30371
2600,0.4009599983692169,1782734288.8300252
2700,0.40101999044418335,1782734294.6861255
2800,0.40108001232147217,1782734300.42499
2900,0.4011400043964386,1782734306.0721319
3000,0.40119999647140503,1782734311.8008595
3100,0.40125998854637146,1782734317.6095133
3200,0.4013200104236603,1782734323.6529515
3300,0.4013800024986267,1782734329.3267157
3400,0.40143999457359314,1782734334.9394305
3500,0.40149998664855957,1782734340.6625907
3600,0.4015600085258484,1782734347.0757334
3700,0.4016200006008148,1782734352.898554
3800,0.40167999267578125,1782734358.606688
3900,0.40174001455307007,1782734364.2747083
4000,0.4018000066280365,1782734370.1706903
4100,0.40185999870300293,1782734375.8611898
4200,0.40191999077796936,1782734381.5484362
4300,0.4019800126552582,1782734387.5430057
4400,0.4020400047302246,1782734393.5186896
4500,0.40209999680519104,1782734399.7413204
4600,0.40215998888015747,1782734406.1226864
4700,0.4022200107574463,1782734412.3880515
4800,0.4022800028324127,1782734418.9907255
4900,0.40233999490737915,1782734425.4580927
5000,0.4023999869823456,1782734431.8723216
5100,0.4024600088596344,1782734438.3689036
5200,0.40252000093460083,1782734444.9538794
5300,0.40257999300956726,1782734451.4202497
5400,0.4026400148868561,1782734458.2871227
5500,0.4027000069618225,1782734464.826243
5600,0.40275999903678894,1782734471.4313357
5700,0.40281999111175537,1782734478.0728192
5800,0.4028800129890442,1782734484.3947296
5900,0.4029400050640106,1782734491.03497
6000,0.40299999713897705,1782734497.4995298
6100,0.4030599892139435,1782734504.2824721
6200,0.4031200110912323,1782734510.8461077
6300,0.40318000316619873,1782734517.3579843
6400,0.40323999524116516,1782734524.0511787
6500,0.4032999873161316,1782734530.4216676
6600,0.4033600091934204,1782734536.9244702
6700,0.40342000126838684,1782734543.3441627
6800,0.40347999334335327,1782734550.1095114
6900,0.4035399854183197,1782734556.6812575
7000,0.4036000072956085,1782734563.1686773
7100,0.40365999937057495,1782734569.6629448
7200,0.4037199914455414,1782734576.1572459
7300,0.4037800133228302,1782734582.521048
7400,0.40384000539779663,1782734589.0667083
7500,0.40389999747276306,1782734595.4431627
7600,0.4039599895477295,1782734601.8129547
7700,0.4040200114250183,1782734607.983505
7800,0.40408000349998474,1782734613.9503849
7900,0.40413999557495117,1782734620.3067749
8000,0.4041999876499176,1782734626.9257293
8100,0.4042600095272064,1782734633.7512646
8200,0.40432000160217285,1782734639.7401521
8300,0.4043799936771393,1782734645.819096
8400,0.4044399857521057,1782734651.4753246
8500,0.40450000762939453,1782734657.3252952
8600,0.40455999970436096,1782734663.2981906
8700,0.4046199917793274,1782734669.5155733
8800,0.4046800136566162,1782734675.9362028
8900,0.40474000573158264,1782734682.4297445
9000,0.4047999978065491,1782734688.8564026
9100,0.4048599898815155,1782734695.313641
9200,0.4049200117588043,1782734701.9072602
9300,0.40498000383377075,1782734707.7717152
9400,0.4050399959087372,1782734713.7185202
9500,0.4050999879837036,1782734719.709859
9600,0.40516000986099243,1782734726.2678123
9700,0.40522000193595886,1782734732.816619
9800,0.4052799940109253,1782734739.0238504
9900,0.4053399860858917,1782734745.267511
10000,0.40540000796318054,1782734751.5620203
10100,0.405460000038147,1782734757.673631
10200,0.4055199921131134,1782734764.2703185
10300,0.4055800139904022,1782734770.305758
10400,0.40564000606536865,1782734776.7336533
10500,0.4056999981403351,1782734783.5060134
10600,0.4057599902153015,1782734789.8474965
10700,0.40582001209259033,1782734796.1775243
10800,0.40588000416755676,1782734802.687398
10900,0.4059399962425232,1782734809.243736
11000,0.4059999883174896,1782734815.7691102
11100,0.40606001019477844,1782734822.0852757
11200,0.4061200022697449,1782734827.9689336
11300,0.4061799943447113,1782734834.2291718
11400,0.40623998641967773,1782734840.7060668
11500,0.40630000829696655,1782734847.0510275
11600,0.406360000371933,1782734853.525865
11700,0.4064199924468994,1782734859.8458388
11800,0.40648001432418823,1782734866.0378728
11900,0.40654000639915466,1782734872.6582203
12000,0.4065999984741211,1782734879.1018493
12100,0.4066599905490875,1782734885.4674566
12200,0.40672001242637634,1782734892.083226
12300,0.4067800045013428,1782734898.584801
12400,0.4068399965763092,1782734905.0589747
12500,0.40689998865127563,1782734911.647918
12600,0.40696001052856445,1782734918.2025902
12700,0.4070200026035309,1782734924.1657438
12800,0.4070799946784973,1782734930.7533312
12900,0.40713998675346375,1782734937.2799819
13000,0.40720000863075256,1782734943.8075562
13100,0.407260000705719,1782734950.439299
13200,0.4073199927806854,1782734956.713582
13300,0.40738001465797424,1782734963.255852
13400,0.4074400067329407,1782734969.76406
13500,0.4074999988079071,1782734976.2879124
13600,0.40755999088287354,1782734982.8354924
13700,0.40762001276016235,1782734989.5032585
13800,0.4076800048351288,1782734995.6706374
13900,0.4077399969100952,1782735001.7032025
14000,0.40779998898506165,1782735008.1285653
14100,0.40786001086235046,1782735014.6610296
14200,0.4079200029373169,1782735021.130076
14300,0.4079799950122833,1782735027.684081
14400,0.40803998708724976,1782735033.9757779
14500,0.4081000089645386,1782735040.9234529
14600,0.408160001039505,1782735047.4280179
14700,0.40821999311447144,1782735054.0186987
14800,0.40827998518943787,1782735060.5431373
14900,0.4083400070667267,1782735066.9486837
15000,0.4083999991416931,1782735073.3170052
15100,0.40845999121665955,1782735079.993455
15200,0.40852001309394836,1782735086.437644
15300,0.4085800051689148,1782735093.0847836
15400,0.4086399972438812,1782735099.5255508
15500,0.40869998931884766,1782735106.044992
15600,0.4087600111961365,1782735112.6816115
15700,0.4088200032711029,1782735119.0584607
15800,0.40887999534606934,1782735125.5869114
15900,0.40893998742103577,1782735131.9234028
16000,0.4090000092983246,1782735138.7929637
16100,0.409060001373291,1782735145.2533774
16200,0.40911999344825745,1782735151.81175
16300,0.4091799855232239,1782735158.2845774
16400,0.4092400074005127,1782735164.8587213
16500,0.4092999994754791,1782735171.4175704
16600,0.40935999155044556,1782735178.1112347
16700,0.4094200134277344,1782735184.5496283
16800,0.4094800055027008,1782735190.7905962
16900,0.40953999757766724,1782735197.0450292
17000,0.40959998965263367,1782735203.5709171
17100,0.4096600115299225,1782735209.9816508
17200,0.4097200036048889,1782735216.6049314
17300,0.40977999567985535,1782735222.8092337
17400,0.4098399877548218,1782735229.497581
17500,0.4099000096321106,1782735236.0942311
17600,0.409960001707077,1782735242.6264727
17700,0.41001999378204346,1782735249.0764039
17800,0.4100799858570099,1782735255.4860764
17900,0.4101400077342987,1782735261.9208033
18000,0.41019999980926514,1782735268.7509425
18100,0.41025999188423157,1782735275.627329
18200,0.4103200137615204,1782735282.2183661
18300,0.4103800058364868,1782735288.757301
18400,0.41043999791145325,1782735295.1037638
18500,0.4104999899864197,1782735301.24901
18600,0.4105600118637085,1782735307.7100508
18700,0.4106200039386749,1782735314.0877717
18800,0.41067999601364136,1782735320.8176382
18900,0.4107399880886078,1782735327.490797
19000,0.4108000099658966,1782735333.77495
19100,0.41086000204086304,1782735340.0180004
19200,0.41091999411582947,1782735346.6525884
19300,0.4109799861907959,1782735353.3010156
19400,0.4110400080680847,1782735359.8840365
19500,0.41110000014305115,1782735366.456169
19600,0.4111599922180176,1782735372.977583
19700,0.4112200140953064,1782735379.4226663
19800,0.4112800061702728,1782735386.0213072
19900,0.41133999824523926,1782735392.650321
20000,0.4113999903202057,1782735399.2442784
20100,0.4114600121974945,1782735405.9782813
20200,0.41152000427246094,1782735412.6840625
20300,0.41157999634742737,1782735419.3560925
20400,0.4116399884223938,1782735425.6950502
20500,0.4117000102996826,1782735431.758401
20600,0.41176000237464905,1782735437.7771914
20700,0.4118199944496155,1782735444.5225003
20800,0.4118799865245819,1782735451.0529103
20900,0.4119400084018707,1782735457.6347442
21000,0.41200000047683716,1782735464.126517
21100,0.4120599925518036,1782735470.3520753
21200,0.4121200144290924,1782735476.5084977
21300,0.41218000650405884,1782735482.3929927
21400,0.41223999857902527,1782735488.3105721
21500,0.4122999906539917,1782735494.439635
21600,0.4123600125312805,1782735500.462937
21700,0.41242000460624695,1782735506.501805
21800,0.4124799966812134,1782735512.5530186
21900,0.4125399887561798,1782735518.923374
22000,0.41260001063346863,1782735525.5084786
22100,0.41266000270843506,1782735531.803128
22200,0.4127199947834015,1782735538.2382226
22300,0.4127799868583679,1782735544.7791255
22400,0.41284000873565674,1782735551.3036737
22500,0.41290000081062317,1782735557.530009
22600,0.4129599928855896,1782735563.8109012
22700,0.4130200147628784,1782735570.108224
22800,0.41308000683784485,1782735576.6827211
22900,0.4131399989128113,1782735583.3015335
23000,0.4131999909877777,1782735590.0574245
23100,0.41326001286506653,1782735596.53627
23200,0.41332000494003296,1782735603.207573
23300,0.4133799970149994,1782735609.2736025
23400,0.4134399890899658,1782735615.1285381
23500,0.41350001096725464,1782735620.7134278
23600,0.41356000304222107,1782735626.3305562
23700,0.4136199951171875,1782735631.9274235
23800,0.41367998719215393,1782735637.7161767
23900,0.41374000906944275,1782735643.620517
24000,0.4138000011444092,1782735649.2772026
24100,0.4138599932193756,1782735655.150784
24200,0.41391998529434204,1782735661.1171887
24300,0.41398000717163086,1782735666.9381678
24400,0.4140399992465973,1782735672.6840456
24500,0.4140999913215637,1782735678.4849944
24600,0.41416001319885254,1782735684.2570417
24700,0.41422000527381897,1782735690.2067938
24800,0.4142799973487854,1782735695.991909
24900,0.41433998942375183,1782735701.9099803
25000,0.41440001130104065,1782735707.7957323
25100,0.4144600033760071,1782735907.708674
25200,0.4145199954509735,1782735913.689884
25300,0.41457998752593994,1782735919.7179272
25400,0.41464000940322876,1782735925.8097212
25500,0.4147000014781952,1782735932.0944045
25600,0.4147599935531616,1782735937.981767
25700,0.41481998562812805,1782735944.1702082
25800,0.41488000750541687,1782735950.304152
25900,0.4149399995803833,1782735956.2488003
26000,0.41499999165534973,1782735962.4101427
26100,0.41506001353263855,1782735968.2773566
26200,0.415120005607605,1782735974.5795279
26300,0.4151799976825714,1782735980.6411636
26400,0.41523998975753784,1782735986.9730127
26500,0.41530001163482666,1782735992.9336884
26600,0.4153600037097931,1782735999.170887
26700,0.4154199957847595,1782736005.3937085
26800,0.41547998785972595,1782736011.6761339
26900,0.41554000973701477,1782736017.8418164
27000,0.4156000018119812,1782736024.1158135
27100,0.41565999388694763,1782736030.2502503
27200,0.41571998596191406,1782736036.5224297
27300,0.4157800078392029,1782736042.814394
27400,0.4158399999141693,1782736048.9542098
27500,0.41589999198913574,1782736055.1412475
27600,0.41596001386642456,1782736061.2165537
27700,0.416020005941391,1782736067.6568193
27800,0.4160799980163574,1782736073.757978
27900,0.41613999009132385,1782736080.039427
28000,0.41620001196861267,1782736086.2854571
28100,0.4162600040435791,1782736092.3563702
28200,0.41631999611854553,1782736098.5949233
28300,0.41637998819351196,1782736104.8131528
28400,0.4164400100708008,1782736110.7559626
28500,0.4165000021457672,1782736116.8316288
28600,0.41655999422073364,1782736122.8446248
28700,0.4166199862957001,1782736128.8431337
28800,0.4166800081729889,1782736134.953623
28900,0.4167400002479553,1782736141.289095
29000,0.41679999232292175,1782736147.1089756
29100,0.41686001420021057,1782736152.776723
29200,0.416920006275177,1782736158.5120795
29300,0.41697999835014343,1782736164.408109
29400,0.41703999042510986,1782736170.060171
29500,0.4171000123023987,1782736175.799219
29600,0.4171600043773651,1782736181.4967048
29700,0.41721999645233154,1782736187.1104164
29800,0.417279988527298,1782736192.8541663
29900,0.4173400104045868,1782736198.8104246
30000,0.4174000024795532,1782736204.556601
30100,0.41745999455451965,1782736210.6367567
30200,0.4175199866294861,1782736216.5613017
30300,0.4175800085067749,1782736222.2562513
30400,0.41764000058174133,1782736227.8208556
30500,0.41769999265670776,1782736233.5199537
30600,0.4177600145339966,1782736239.4634306
30700,0.417820006608963,1782736245.185544
30800,0.41787999868392944,1782736250.9186714
30900,0.4179399907588959,1782736256.8215156
31000,0.4180000126361847,1782736262.5839272
31100,0.4180600047111511,1782736268.3245847
31200,0.41811999678611755,1782736273.8864324
31300,0.418179988861084,1782736279.3507373
31400,0.4182400107383728,1782736285.1831117
31500,0.41830000281333923,1782736290.8995676
31600,0.41835999488830566,1782736296.762425
31700,0.4184199869632721,1782736302.5636952
31800,0.4184800088405609,1782736308.3602037
31900,0.41854000091552734,1782736314.0522368
32000,0.4185999929904938,1782736319.8210855
32100,0.4186600148677826,1782736325.8064735
32200,0.418720006942749,1782736331.4475677
32300,0.41877999901771545,1782736337.3640037
32400,0.4188399910926819,1782736342.9950433
32500,0.4189000129699707,1782736348.601511
32600,0.41896000504493713,1782736354.5363793
32700,0.41901999711990356,1782736360.3627207
32800,0.41907998919487,1782736365.9191225
32900,0.4191400110721588,1782736371.9421566
33000,0.41920000314712524,1782736377.509222
33100,0.4192599952220917,1782736383.1755803
33200,0.4193199872970581,1782736388.8997183
33300,0.4193800091743469,1782736394.5272696
33400,0.41944000124931335,1782736400.2006698
33500,0.4194999933242798,1782736405.7075222
33600,0.4195599853992462,1782736411.230991
33700,0.41962000727653503,1782736417.0130715
33800,0.41967999935150146,1782736422.737959
33900,0.4197399914264679,1782736428.3489645
34000,0.4198000133037567,1782736434.2515843
34100,0.41986000537872314,1782736439.901037
34200,0.4199199974536896,1782736445.6019034
34300,0.419979989528656,1782736451.2928543
34400,0.4200400114059448,1782736456.9204152
34500,0.42010000348091125,1782736462.8370862
34600,0.4201599955558777,1782736468.4327204
34700,0.4202199876308441,1782736474.1095552
34800,0.42028000950813293,1782736479.684189
34900,0.42034000158309937,1782736485.4435143
35000,0.4203999936580658,1782736491.523829
35100,0.4204599857330322,1782736497.2934153
35200,0.42052000761032104,1782736502.807485
35300,0.4205799996852875,1782736508.4961612
35400,0.4206399917602539,1782736514.0994005
35500,0.4207000136375427,1782736519.6171477
35600,0.42076000571250916,1782736525.2154346
35700,0.4208199977874756,1782736530.966024
35800,0.420879989862442,1782736536.6997023
35900,0.42094001173973083,1782736542.377689
36000,0.42100000381469727,1782736548.1167114
36100,0.4210599958896637,1782736553.8378215
36200,0.4211199879646301,1782736559.536577
36300,0.42118000984191895,1782736565.2284026
36400,0.4212400019168854,1782736571.103234
36500,0.4212999939918518,1782736576.7268715
36600,0.42135998606681824,1782736582.4564984
36700,0.42142000794410706,1782736588.1672418
36800,0.4214800000190735,1782736594.1351924
36900,0.4215399920940399,1782736599.6303864
37000,0.42160001397132874,1782736605.5556526
37100,0.42166000604629517,1782736611.2584205
37200,0.4217199981212616,1782736616.982809
37300,0.421779990196228,1782736622.8979533
37400,0.42184001207351685,1782736628.6520686
37500,0.4219000041484833,1782736634.625686
37600,0.4219599962234497,1782736640.2511864
37700,0.42201998829841614,1782736646.0869696
37800,0.42208001017570496,1782736651.9748182
37900,0.4221400022506714,1782736657.802962
38000,0.4221999943256378,1782736663.3260822
38100,0.42225998640060425,1782736668.844138
38200,0.42232000827789307,1782736674.6600316
38300,0.4223800003528595,1782736680.4950154
38400,0.4224399924278259,1782736686.1970212
38500,0.42250001430511475,1782736692.138676
38600,0.4225600063800812,1782736697.7837253
38700,0.4226199984550476,1782736703.5710726
38800,0.42267999053001404,1782736709.341876
38900,0.42274001240730286,1782736715.026494
39000,0.4228000044822693,1782736721.0851521
39100,0.4228599965572357,1782736726.8068392
39200,0.42291998863220215,1782736732.533613
39300,0.42298001050949097,1782736738.3425941
39400,0.4230400025844574,1782736743.9615624
39500,0.42309999465942383,1782736749.5158906
39600,0.42315998673439026,1782736755.3577533
39700,0.4232200086116791,1782736760.8981464
39800,0.4232800006866455,1782736766.6489701
39900,0.42333999276161194,1782736772.2604253
40000,0.42340001463890076,1782736777.894146
40100,0.4234600067138672,1782736783.59881
40200,0.4235199987888336,1782736789.3836682
40300,0.42357999086380005,1782736794.9894276
40400,0.42364001274108887,1782736800.6982152
40500,0.4237000048160553,1782736806.384189
40600,0.42375999689102173,1782736811.8545227
40700,0.42381998896598816,1782736817.534938
40800,0.423880010843277,1782736823.0978808
40900,0.4239400029182434,1782736829.0293634
41000,0.42399999499320984,1782736834.7578175
41100,0.42405998706817627,1782736840.4184663
41200,0.4241200089454651,1782736846.0833757
41300,0.4241800010204315,1782736851.5423326
41400,0.42423999309539795,1782736857.2481678
41500,0.4242999851703644,1782736862.8231325
41600,0.4243600070476532,1782736868.54279
41700,0.42441999912261963,1782736874.1263907
41800,0.42447999119758606,1782736879.6920435
41900,0.4245400130748749,1782736885.3529747
42000,0.4246000051498413,1782736891.1893375
42100,0.42465999722480774,1782736896.9178283
42200,0.42471998929977417,1782736902.539704
42300,0.424780011177063,1782736908.1354532
42400,0.4248400032520294,1782736913.708347
42500,0.42489999532699585,1782736919.5507827
42600,0.4249599874019623,1782736925.163013
42700,0.4250200092792511,1782736930.786003
42800,0.42508000135421753,1782736936.5913162
42900,0.42513999342918396,1782736942.3839312
43000,0.4251999855041504,1782736948.0937388
43100,0.4252600073814392,1782736953.975421
43200,0.42531999945640564,1782736959.6613824
43300,0.42537999153137207,1782736965.3479385
43400,0.4254400134086609,1782736971.3077123
43500,0.4255000054836273,1782736976.9843457
43600,0.42555999755859375,1782736982.7985547
43700,0.4256199896335602,1782736988.5896945
43800,0.425680011510849,1782736994.2059588
43900,0.42574000358581543,1782736999.850241
44000,0.42579999566078186,1782737005.4327455
44100,0.4258599877357483,1782737011.0548806
44200,0.4259200096130371,1782737016.7992504
44300,0.42598000168800354,1782737022.4929993
44400,0.42603999376296997,1782737028.2659793
44500,0.4260999858379364,1782737034.3528326
44600,0.4261600077152252,1782737039.9791825
44700,0.42621999979019165,1782737045.8278217
44800,0.4262799918651581,1782737051.4429636
44900,0.4263400137424469,1782737057.0752754
45000,0.42640000581741333,1782737062.6881545
45100,0.42645999789237976,1782737068.913651
45200,0.4265199899673462,1782737074.5980248
45300,0.426580011844635,1782737080.4165065
45400,0.42664000391960144,1782737086.271983
45500,0.42669999599456787,1782737091.9481635
45600,0.4267599880695343,1782737097.4715514
45700,0.4268200099468231,1782737103.1542037
45800,0.42688000202178955,1782737108.9257736
45900,0.426939994096756,1782737114.640798
46000,0.4269999861717224,1782737120.3854373
46100,0.42706000804901123,1782737126.006237
46200,0.42712000012397766,1782737131.7767212
46300,0.4271799921989441,1782737137.587715
46400,0.4272400140762329,1782737143.2702656
46500,0.42730000615119934,1782737149.1055937
46600,0.42735999822616577,1782737154.9207518
46700,0.4274199903011322,1782737160.7893543
46800,0.427480012178421,1782737166.5659328
46900,0.42754000425338745,1782737172.2761717
47000,0.4275999963283539,1782737178.0032792
47100,0.4276599884033203,1782737183.7288253
47200,0.42772001028060913,1782737189.539174
47300,0.42778000235557556,1782737195.176769
47400,0.427839994430542,1782737201.2272112
47500,0.4278999865055084,1782737206.8768103
47600,0.42796000838279724,1782737212.4502397
47700,0.42802000045776367,1782737218.385546
47800,0.4280799925327301,1782737223.9885974
47900,0.4281400144100189,1782737229.6543992
48000,0.42820000648498535,1782737235.4792142
48100,0.4282599985599518,1782737241.2839756
48200,0.4283199906349182,1782737247.096223
48300,0.42838001251220703,1782737252.9781947
48400,0.42844000458717346,1782737258.7613294
48500,0.4284999966621399,1782737264.5608068
48600,0.4285599887371063,1782737270.1983232
48700,0.42862001061439514,1782737275.9664054
48800,0.4286800026893616,1782737281.7699788
48900,0.428739994764328,1782737287.7514343
49000,0.42879998683929443,1782737293.5016773
49100,0.42886000871658325,1782737299.2164583
49200,0.4289200007915497,1782737305.151799
49300,0.4289799928665161,1782737310.7989795
49400,0.42904001474380493,1782737316.5724685
49500,0.42910000681877136,1782737322.4559567
49600,0.4291599988937378,1782737328.3159323
49700,0.4292199909687042,1782737334.0207546
49800,0.42928001284599304,1782737339.8335474
49900,0.4293400049209595,1782737345.7626097
50000,0.4293999969959259,1782737351.6679366
50100,0.42945998907089233,1782737537.7811286
50200,0.42952001094818115,1782737543.6192944
50300,0.4295800030231476,1782737549.451578
50400,0.429639995098114,1782737554.9713764
50500,0.42969998717308044,1782737560.6054595
50600,0.42976000905036926,1782737566.5441217
50700,0.4298200011253357,1782737572.1570609
50800,0.4298799932003021,1782737578.0584772
50900,0.42993998527526855,1782737583.7709448
51000,0.4300000071525574,1782737589.5679657
51100,0.4300599992275238,1782737595.2709258
51200,0.43011999130249023,1782737601.226814
51300,0.43018001317977905,1782737606.8282766
51400,0.4302400052547455,1782737612.6976936
51500,0.4302999973297119,1782737618.5342062
51600,0.43035998940467834,1782737624.2845218
51700,0.43042001128196716,1782737630.1009822
51800,0.4304800033569336,1782737635.799103
51900,0.4305399954319,1782737641.5923429
52000,0.43059998750686646,1782737647.4375496
52100,0.4306600093841553,1782737653.0653744
52200,0.4307200014591217,1782737658.693805
52300,0.43077999353408813,1782737664.3036072
52400,0.43083998560905457,1782737670.1524112
52500,0.4309000074863434,1782737675.6975684
52600,0.4309599995613098,1782737681.4625769
52700,0.43101999163627625,1782737687.1866984
52800,0.43108001351356506,1782737692.7589917
52900,0.4311400055885315,1782737698.527721
53000,0.4311999976634979,1782737704.115279
53100,0.43125998973846436,1782737709.7171335
53200,0.4313200116157532,1782737715.3576303
53300,0.4313800036907196,1782737721.2257013
53400,0.43143999576568604,1782737726.9340267
53500,0.43149998784065247,1782737732.6284506
53600,0.4315600097179413,1782737738.4922764
53700,0.4316200017929077,1782737744.2926607
53800,0.43167999386787415,1782737750.1151338
53900,0.4317399859428406,1782737755.9983451
54000,0.4318000078201294,1782737761.7507613
54100,0.4318599998950958,1782737767.3338954
54200,0.43191999197006226,1782737772.9235857
54300,0.4319800138473511,1782737778.4949083
54400,0.4320400059223175,1782737784.1904306
54500,0.43209999799728394,1782737790.11698
54600,0.43215999007225037,1782737795.6718316
54700,0.4322200119495392,1782737801.5999713
54800,0.4322800040245056,1782737807.381859
54900,0.43233999609947205,1782737812.8374715
55000,0.4323999881744385,1782737818.617159
55100,0.4324600100517273,1782737824.4354675
55200,0.4325200021266937,1782737830.1750534
55300,0.43257999420166016,1782737836.0628514
55400,0.4326399862766266,1782737841.6190546
55500,0.4327000081539154,1782737847.4869404
55600,0.43276000022888184,1782737853.3792233
55700,0.43281999230384827,1782737859.215552
55800,0.4328800141811371,1782737864.9193687
55900,0.4329400062561035,1782737870.5020413
56000,0.43299999833106995,1782737876.3002498
56100,0.4330599904060364,1782737882.1780214
56200,0.4331200122833252,1782737887.7679787
56300,0.4331800043582916,1782737893.5507143
56400,0.43323999643325806,1782737899.2980242
56500,0.4332999885082245,1782737904.9553466
56600,0.4333600103855133,1782737910.7640631
56700,0.43342000246047974,1782737916.6276443
56800,0.43347999453544617,1782737922.4892917
56900,0.4335399866104126,1782737928.0081108
57000,0.4336000084877014,1782737933.9804523
57100,0.43366000056266785,1782737939.7379165
57200,0.4337199926376343,1782737945.34149
57300,0.4337800145149231,1782737951.1954086
57400,0.4338400065898895,1782737956.8068519
57500,0.43389999866485596,1782737962.470816
57600,0.4339599907398224,1782737968.2561252
57700,0.4340200126171112,1782737974.1169426
57800,0.43408000469207764,1782737980.0029278
57900,0.43413999676704407,1782737985.6251347
58000,0.4341999888420105,1782737991.5635686
58100,0.4342600107192993,1782737997.166497
58200,0.43432000279426575,1782738003.3835576
58300,0.4343799948692322,1782738009.1330767
58400,0.4344399869441986,1782738014.937956
58500,0.4345000088214874,1782738020.6046584
58600,0.43456000089645386,1782738026.3192556
58700,0.4346199929714203,1782738032.258805
58800,0.4346800148487091,1782738037.8815172
58900,0.43474000692367554,1782738043.5434322
59000,0.43479999899864197,1782738049.2824352
59100,0.4348599910736084,1782738054.9532676
59200,0.4349200129508972,1782738060.5265388
59300,0.43498000502586365,1782738066.2706332
59400,0.4350399971008301,1782738071.8381457
59500,0.4350999891757965,1782738077.6325543
59600,0.4351600110530853,1782738083.4368114
59700,0.43522000312805176,1782738089.2281344
59800,0.4352799952030182,1782738095.01968
59900,0.4353399872779846,1782738100.6529887
60000,0.43540000915527344,1782738106.3027737
60100,0.43546000123023987,1782738111.821148
60200,0.4355199933052063,1782738117.5297227
60300,0.43557998538017273,1782738123.3163252
60400,0.43564000725746155,1782738128.8618858
60500,0.435699999332428,1782738134.9254875
60600,0.4357599914073944,1782738140.7518666
60700,0.4358200132846832,1782738146.5509484
60800,0.43588000535964966,1782738152.1050587
60900,0.4359399974346161,1782738157.8201272
61000,0.4359999895095825,1782738163.6387208
61100,0.43606001138687134,1782738169.3538225
61200,0.43612000346183777,1782738175.1284251
61300,0.4361799955368042,1782738181.1692302
61400,0.43623998761177063,1782738186.9966161
61500,0.43630000948905945,1782738192.8390968
61600,0.4363600015640259,1782738198.4533026
61700,0.4364199936389923,1782738204.1974807
61800,0.43647998571395874,1782738209.9557211
61900,0.43654000759124756,1782738215.9112332
62000,0.436599999666214,1782738221.65529
62100,0.4366599917411804,1782738227.3410084
62200,0.43672001361846924,1782738233.0640602
62300,0.43678000569343567,1782738238.780524
62400,0.4368399977684021,1782738244.6277652
62500,0.43689998984336853,1782738250.4534194
62600,0.43696001172065735,1782738256.293754
62700,0.4370200037956238,1782738262.1942487
62800,0.4370799958705902,1782738267.9685469
62900,0.43713998794555664,1782738273.7032437
63000,0.43720000982284546,1782738279.3439636
63100,0.4372600018978119,1782738285.090747
63200,0.4373199939727783,1782738290.7921247
63300,0.43737998604774475,1782738296.4287431
63400,0.43744000792503357,1782738302.11912
63500,0.4375,1782738307.9019926
63600,0.43755999207496643,1782738313.7924347
63700,0.43762001395225525,1782738319.6162193
63800,0.4376800060272217,1782738325.535177
63900,0.4377399981021881,1782738331.2937758
64000,0.43779999017715454,1782738336.917204
64100,0.43786001205444336,1782738342.6340804
64200,0.4379200041294098,1782738348.33057
64300,0.4379799962043762,1782738354.1010025
64400,0.43803998827934265,1782738359.9923646
64500,0.43810001015663147,1782738365.6857529
64600,0.4381600022315979,1782738371.4069264
64700,0.43821999430656433,1782738377.2893035
64800,0.43827998638153076,1782738382.9645152
64900,0.4383400082588196,1782738388.5168147
65000,0.438400000333786,1782738394.2772162
65100,0.43845999240875244,1782738400.1350734
65200,0.43852001428604126,1782738406.0288692
65300,0.4385800063610077,1782738411.811029
65400,0.4386399984359741,1782738417.5744858
65500,0.43869999051094055,1782738423.2616491
65600,0.43876001238822937,1782738429.1924942
65700,0.4388200044631958,1782738434.910276
65800,0.43887999653816223,1782738440.6729746
65900,0.43893998861312866,1782738446.3732405
66000,0.4390000104904175,1782738452.3182
66100,0.4390600025653839,1782738458.2916243
66200,0.43911999464035034,1782738463.9159105
66300,0.4391799867153168,1782738469.942058
66400,0.4392400085926056,1782738475.8249633
66500,0.439300000667572,1782738481.5619779
66600,0.43935999274253845,1782738487.199519
66700,0.43942001461982727,1782738493.0718958
66800,0.4394800066947937,1782738498.5579886
66900,0.43953999876976013,1782738504.4456441
67000,0.43959999084472656,1782738510.3247461
67100,0.4396600127220154,1782738516.253282
67200,0.4397200047969818,1782738522.0240614
67300,0.43977999687194824,1782738527.7349913
67400,0.4398399889469147,1782738533.7144976
67500,0.4399000108242035,1782738539.340943
67600,0.4399600028991699,1782738545.3667219
67700,0.44001999497413635,1782738551.1203568
67800,0.4400799870491028,1782738557.260586
67900,0.4401400089263916,1782738562.790048
68000,0.44020000100135803,1782738568.7373507
68100,0.44025999307632446,1782738574.5059872
68200,0.4403199851512909,1782738580.3110704
68300,0.4403800070285797,1782738586.1159217
68400,0.44043999910354614,1782738592.017276
68500,0.4404999911785126,1782738597.7120464
68600,0.4405600130558014,1782738603.565324
68700,0.4406200051307678,1782738609.1906388
68800,0.44067999720573425,1782738614.8550837
68900,0.4407399892807007,1782738620.9841356
69000,0.4408000111579895,1782738626.5684896
69100,0.44086000323295593,1782738632.1913736
69200,0.44091999530792236,1782738637.8704941
69300,0.4409799873828888,1782738643.609427
69400,0.4410400092601776,1782738649.0605347
69500,0.44110000133514404,1782738655.017059
69600,0.4411599934101105,1782738661.0950766
69700,0.4412199854850769,1782738666.974605
69800,0.4412800073623657,1782738672.6539705
69900,0.44133999943733215,1782738678.4606078
70000,0.4413999915122986,1782738684.2820418
70100,0.4414600133895874,1782738690.2151997
70200,0.44152000546455383,1782738696.1600866
70300,0.44157999753952026,1782738702.065826
70400,0.4416399896144867,1782738707.794831
70500,0.4417000114917755,1782738713.736709
70600,0.44176000356674194,1782738719.4210012
70700,0.4418199956417084,1782738725.0540817
70800,0.4418799877166748,1782738730.9737573
70900,0.4419400095939636,1782738736.8759537
71000,0.44200000166893005,1782738742.550494
71100,0.4420599937438965,1782738748.3004081
71200,0.4421199858188629,1782738753.90575
71300,0.44218000769615173,1782738759.6226025
71400,0.44223999977111816,1782738765.6029458
71500,0.4422999918460846,1782738771.4564064
71600,0.4423600137233734,1782738777.2764874
71700,0.44242000579833984,1782738783.287423
71800,0.4424799978733063,1782738789.2569282
71900,0.4425399899482727,1782738795.0533695
72000,0.4426000118255615,1782738800.6633472
72100,0.44266000390052795,1782738806.6533024
72200,0.4427199959754944,1782738812.4407847
72300,0.4427799880504608,1782738818.3598588
72400,0.44284000992774963,1782738824.2170932
72500,0.44290000200271606,1782738830.230258
72600,0.4429599940776825,1782738836.084769
72700,0.4430199861526489,1782738841.9163272
72800,0.44308000802993774,1782738847.8843396
72900,0.4431400001049042,1782738853.503018
73000,0.4431999921798706,1782738859.264054
73100,0.4432600140571594,1782738864.9730926
73200,0.44332000613212585,1782738870.7358477
73300,0.4433799982070923,1782738876.4069824
73400,0.4434399902820587,1782738882.308088
73500,0.44350001215934753,1782738887.9368575
73600,0.44356000423431396,1782738893.7228484
73700,0.4436199963092804,1782738899.6201835
73800,0.4436799883842468,1782738905.5161371
73900,0.44374001026153564,1782738911.355105
74000,0.4438000023365021,1782738917.1581547
74100,0.4438599944114685,1782738922.8347187
74200,0.44391998648643494,1782738928.569835
74300,0.44398000836372375,1782738934.3715146
74400,0.4440400004386902,1782738940.3984632
74500,0.4440999925136566,1782738946.5085936
74600,0.44416001439094543,1782738952.3971782
74700,0.44422000646591187,1782738958.2912176
74800,0.4442799985408783,1782738964.1036446
74900,0.4443399906158447,1782738969.702249
75000,0.44440001249313354,1782738975.508794
75100,0.4444600045681,1782739112.3631113
75200,0.4445199966430664,1782739118.3026977
75300,0.44457998871803284,1782739123.9562378
75400,0.44464001059532166,1782739130.0061233
75500,0.4447000026702881,1782739135.875848
75600,0.4447599947452545,1782739141.5022664
75700,0.44481998682022095,1782739147.4495645
75800,0.44488000869750977,1782739153.3059628
75900,0.4449400007724762,1782739159.330966
76000,0.4449999928474426,1782739165.1574576
76100,0.44506001472473145,1782739171.1959434
76200,0.4451200067996979,1782739177.0341299
76300,0.4451799988746643,1782739183.1570494
76400,0.44523999094963074,1782739188.8497832
76500,0.44530001282691956,1782739194.6823006
76600,0.445360004901886,1782739200.7620423
76700,0.4454199969768524,1782739206.4621484
76800,0.44547998905181885,1782739212.1210213
76900,0.44554001092910767,1782739217.9367054
77000,0.4456000030040741,1782739223.5704305
77100,0.4456599950790405,1782739229.4875965
77200,0.44571998715400696,1782739235.1916459
77300,0.4457800090312958,1782739241.1331208
77400,0.4458400011062622,1782739246.9946213
77500,0.44589999318122864,1782739252.6222126
77600,0.44595998525619507,1782739258.2548807
77700,0.4460200071334839,1782739263.970543
77800,0.4460799992084503,1782739270.0259433
77900,0.44613999128341675,1782739276.0054991
78000,0.44620001316070557,1782739281.7294307
78100,0.446260005235672,1782739287.6024144
78200,0.4463199973106384,1782739293.5666513
78300,0.44637998938560486,1782739299.3843827
78400,0.4464400112628937,1782739305.00911
78500,0.4465000033378601,1782739310.994011
78600,0.44655999541282654,1782739316.7644863
78700,0.44661998748779297,1782739322.7190497
78800,0.4466800093650818,1782739328.549709
78900,0.4467400014400482,1782739334.2432766
79000,0.44679999351501465,1782739339.961635
79100,0.4468599855899811,1782739345.9453197
79200,0.4469200074672699,1782739351.6648846
79300,0.44697999954223633,1782739357.3998024
79400,0.44703999161720276,1782739363.1213744
79500,0.4471000134944916,1782739368.9381747
79600,0.447160005569458,1782739374.7545218
79700,0.44721999764442444,1782739380.5061038
79800,0.44727998971939087,1782739386.1941624
79900,0.4473400115966797,1782739392.0091403
80000,0.4474000036716461,1782739397.7631154
80100,0.44745999574661255,1782739403.5689409
80200,0.447519987821579,1782739409.3227959
80300,0.4475800096988678,1782739414.9260488
80400,0.44764000177383423,1782739420.7210345
80500,0.44769999384880066,1782739426.3837032
80600,0.4477599859237671,1782739432.3646092
80700,0.4478200078010559,1782739438.1850543
80800,0.44787999987602234,1782739443.9595864
80900,0.44793999195098877,1782739449.7554371
81000,0.4480000138282776,1782739455.633784
81100,0.448060005903244,1782739461.4349825
81200,0.44811999797821045,1782739467.2704432
81300,0.4481799900531769,1782739473.1530092
81400,0.4482400119304657,1782739479.0105858
81500,0.44830000400543213,1782739484.7958412
81600,0.44835999608039856,1782739490.5797815
81700,0.448419988155365,1782739496.3860283
81800,0.4484800100326538,1782739502.0671537
81900,0.44854000210762024,1782739508.052917
82000,0.44859999418258667,1782739513.762123
82100,0.4486599862575531,1782739519.5937102
82200,0.4487200081348419,1782739525.623079
82300,0.44878000020980835,1782739531.2221756
82400,0.4488399922847748,1782739537.0179157
82500,0.4489000141620636,1782739542.7629104
82600,0.44896000623703003,1782739548.5887992
82700,0.44901999831199646,1782739554.3628304
82800,0.4490799903869629,1782739560.0698395
82900,0.4491400122642517,1782739565.7652996
83000,0.44920000433921814,1782739571.3929675
83100,0.44925999641418457,1782739577.1417415
83200,0.449319988489151,1782739582.9749348
83300,0.4493800103664398,1782739588.5911663
83400,0.44944000244140625,1782739594.1490972
83500,0.4494999945163727,1782739600.0206037
83600,0.4495599865913391,1782739605.6353776
83700,0.44962000846862793,1782739611.3744302
83800,0.44968000054359436,1782739617.0809054
83900,0.4497399926185608,1782739622.982631
84000,0.4498000144958496,1782739628.615898
84100,0.44986000657081604,1782739634.3922176
84200,0.44991999864578247,1782739640.0610292
84300,0.4499799907207489,1782739645.976794
84400,0.4500400125980377,1782739651.752584
84500,0.45010000467300415,1782739657.696462
84600,0.4501599967479706,1782739663.404324
84700,0.450219988822937,1782739669.0254524
84800,0.45028001070022583,1782739674.825702
84900,0.45034000277519226,1782739680.7937496
85000,0.4503999948501587,1782739686.4529564
85100,0.4504599869251251,1782739692.1849163
85200,0.45052000880241394,1782739698.1644864
85300,0.45058000087738037,1782739703.8241358
85400,0.4506399929523468,1782739709.7077994
85500,0.4507000148296356,1782739715.45726
85600,0.45076000690460205,1782739721.2935934
85700,0.4508199989795685,1782739726.8422117
85800,0.4508799910545349,1782739732.4881735
85900,0.45094001293182373,1782739738.4811625
86000,0.45100000500679016,1782739744.2056532
86100,0.4510599970817566,1782739750.0812392
86200,0.451119989156723,1782739755.8871334
86300,0.45118001103401184,1782739761.597705
86400,0.45124000310897827,1782739767.3039577
86500,0.4512999951839447,1782739773.1406598
86600,0.45135998725891113,1782739778.8173308
86700,0.45142000913619995,1782739784.6380968
86800,0.4514800012111664,1782739790.8180594
86900,0.4515399932861328,1782739796.418036
87000,0.45159998536109924,1782739802.0307274
87100,0.45166000723838806,1782739807.9170089
87200,0.4517199993133545,1782739813.5783966
87300,0.4517799913883209,1782739819.2845678
87400,0.45184001326560974,1782739825.1724699
87500,0.45190000534057617,1782739830.8212175
87600,0.4519599974155426,1782739836.6808283
87700,0.45201998949050903,1782739842.3672965
87800,0.45208001136779785,1782739848.4006102
87900,0.4521400034427643,1782739854.0662754
88000,0.4521999955177307,1782739859.7529774
88100,0.45225998759269714,1782739865.406196
88200,0.45232000946998596,1782739871.242288
88300,0.4523800015449524,1782739877.0048418
88400,0.4524399936199188,1782739882.9938612
88500,0.45249998569488525,1782739888.6686447
88600,0.4525600075721741,1782739894.292607
88700,0.4526199996471405,1782739900.347837
88800,0.45267999172210693,1782739905.985783
88900,0.45274001359939575,1782739911.640764
89000,0.4528000056743622,1782739917.264076
89100,0.4528599977493286,1782739922.8312454
89200,0.45291998982429504,1782739928.654024
89300,0.45298001170158386,1782739934.5492105
89400,0.4530400037765503,1782739940.2215445
89500,0.4530999958515167,1782739945.8682601
89600,0.45315998792648315,1782739951.8909936
89700,0.453220009803772,1782739957.5682404
89800,0.4532800018787384,1782739963.5306497
89900,0.45333999395370483,1782739969.42131
90000,0.45339998602867126,1782739975.270304
90100,0.4534600079059601,1782739981.020732
90200,0.4535199999809265,1782739986.8037198
90300,0.45357999205589294,1782739992.4175563
90400,0.45364001393318176,1782739998.1982186
90500,0.4537000060081482,1782740004.0608344
90600,0.4537599980831146,1782740009.8694503
90700,0.45381999015808105,1782740015.6376178
90800,0.4538800120353699,1782740021.4820323
90900,0.4539400041103363,1782740027.190248
91000,0.45399999618530273,1782740033.1404152
91100,0.45405998826026917,1782740038.786286
91200,0.454120010137558,1782740044.7720928
91300,0.4541800022125244,1782740050.5098257
91400,0.45423999428749084,1782740056.1713052
91500,0.4542999863624573,1782740061.676334
91600,0.4543600082397461,1782740067.293226
91700,0.4544200003147125,1782740072.7843583
91800,0.45447999238967896,1782740078.4868817
91900,0.4545400142669678,1782740084.0981588
92000,0.4546000063419342,1782740089.7183528
92100,0.45465999841690063,1782740095.352784
92200,0.45471999049186707,1782740100.9363198
92300,0.4547800123691559,1782740106.6376276
92400,0.4548400044441223,1782740112.6031437
92500,0.45489999651908875,1782740118.4419577
92600,0.4549599885940552,1782740124.2356114
92700,0.455020010471344,1782740130.05342
92800,0.4550800025463104,1782740135.7391381
92900,0.45513999462127686,1782740141.4870765
93000,0.4551999866962433,1782740147.2915711
93100,0.4552600085735321,1782740153.00684
93200,0.45532000064849854,1782740158.9892235
93300,0.45537999272346497,1782740164.750962
93400,0.4554400146007538,1782740170.3733284
93500,0.4555000066757202,1782740175.8898575
93600,0.45555999875068665,1782740181.569378
93700,0.4556199908256531,1782740187.5161078
93800,0.4556800127029419,1782740193.1980853
93900,0.4557400047779083,1782740199.1874585
94000,0.45579999685287476,1782740204.91977
94100,0.4558599889278412,1782740210.7531185
94200,0.45592001080513,1782740216.446483
94300,0.45598000288009644,1782740222.2521465
94400,0.45603999495506287,1782740227.8850577
94500,0.4560999870300293,1782740234.3108573
94600,0.4561600089073181,1782740239.962493
94700,0.45622000098228455,1782740245.6679387
94800,0.456279993057251,1782740251.576038
94900,0.4563399851322174,1782740257.3672187
95000,0.4564000070095062,1782740263.15081
95100,0.45645999908447266,1782740268.8775773
95200,0.4565199911594391,1782740274.6295133
95300,0.4565800130367279,1782740280.2706814
95400,0.45664000511169434,1782740285.984399
95500,0.45669999718666077,1782740291.9709508
95600,0.4567599892616272,1782740297.69398
95700,0.456820011138916,1782740303.2838767
95800,0.45688000321388245,1782740308.9200838
95900,0.4569399952888489,1782740314.7359293
96000,0.4569999873638153,1782740320.538628
96100,0.4570600092411041,1782740326.3341575
96200,0.45712000131607056,1782740332.1047149
96300,0.457179993391037,1782740337.9246843
96400,0.4572399854660034,1782740343.6007645
96500,0.45730000734329224,1782740349.5876749
96600,0.45735999941825867,1782740355.362693
96700,0.4574199914932251,1782740361.170812
96800,0.4574800133705139,1782740366.7809265
96900,0.45754000544548035,1782740372.4892843
97000,0.4575999975204468,1782740378.2985759
97100,0.4576599895954132,1782740384.2962718
97200,0.457720011472702,1782740390.0825524
97300,0.45778000354766846,1782740395.8207355
97400,0.4578399956226349,1782740402.0848248
97500,0.4578999876976013,1782740408.136638
97600,0.45796000957489014,1782740413.9012887
97700,0.45802000164985657,1782740419.697023
97800,0.458079993724823,1782740425.6563838
97900,0.45813998579978943,1782740431.3193934
98000,0.45820000767707825,1782740437.2748013
98100,0.4582599997520447,1782740443.2151866
98200,0.4583199918270111,1782740448.9505703
98300,0.4583800137042999,1782740454.8365736
98400,0.45844000577926636,1782740460.558867
98500,0.4584999978542328,1782740466.400566
98600,0.4585599899291992,1782740472.3704963
98700,0.45862001180648804,1782740478.1242573
98800,0.45868000388145447,1782740483.9892497
98900,0.4587399959564209,1782740489.74323
99000,0.45879998803138733,1782740495.7135408
99100,0.45886000990867615,1782740501.4339974
99200,0.4589200019836426,1782740507.3990767
99300,0.458979994058609,1782740513.1936786
99400,0.45903998613357544,1782740518.871632
99500,0.45910000801086426,1782740524.776614
99600,0.4591600000858307,1782740530.4287758
99700,0.4592199921607971,1782740536.370277
99800,0.45928001403808594,1782740542.3497946
99900,0.45934000611305237,1782740548.2454705
100000,0.4593999981880188,1782740554.189417
100100,0.45945999026298523,1782740701.8306408
100200,0.45952001214027405,1782740707.5789025
100300,0.4595800042152405,1782740713.4380727
100400,0.4596399962902069,1782740719.3365405
100500,0.45969998836517334,1782740724.981295
100600,0.45976001024246216,1782740730.6945028
100700,0.4598200023174286,1782740736.6179407
100800,0.459879994392395,1782740742.3147964
100900,0.45993998646736145,1782740748.185952
101000,0.46000000834465027,1782740753.882438
101100,0.4600600004196167,1782740759.5765727
101200,0.46011999249458313,1782740765.4606874
101300,0.46018001437187195,1782740771.3648286
101400,0.4602400064468384,1782740777.2145898
101500,0.4602999985218048,1782740783.0632355
101600,0.46035999059677124,1782740788.697889
101700,0.46042001247406006,1782740794.3503537
101800,0.4604800045490265,1782740800.1488733
101900,0.4605399966239929,1782740805.9729764
102000,0.46059998869895935,1782740811.7950828
102100,0.46066001057624817,1782740817.5688548
102200,0.4607200026512146,1782740823.1619442
102300,0.46077999472618103,1782740828.812334
102400,0.46083998680114746,1782740834.5448146
102500,0.4609000086784363,1782740840.1520894
102600,0.4609600007534027,1782740846.016297
102700,0.46101999282836914,1782740851.6904688
102800,0.46108001470565796,1782740857.4643338
102900,0.4611400067806244,1782740863.2840576
103000,0.4611999988555908,1782740869.0440958
103100,0.46125999093055725,1782740874.7691662
103200,0.46132001280784607,1782740880.6648836
103300,0.4613800048828125,1782740886.455873
103400,0.46143999695777893,1782740892.6269968
103500,0.46149998903274536,1782740898.5781887
103600,0.4615600109100342,1782740904.3981857
103700,0.4616200029850006,1782740910.1552536
103800,0.46167999505996704,1782740915.8592014
103900,0.46173998713493347,1782740921.5708072
104000,0.4618000090122223,1782740927.4279723
104100,0.4618600010871887,1782740933.2101038
104200,0.46191999316215515,1782740939.0164626
104300,0.4619799852371216,1782740945.1754587
104400,0.4620400071144104,1782740950.9115336
104500,0.46209999918937683,1782740956.7873724
104600,0.46215999126434326,1782740962.5149252
104700,0.4622200131416321,1782740968.333818
104800,0.4622800052165985,1782740973.9809434
104900,0.46233999729156494,1782740979.7870913
105000,0.46239998936653137,1782740985.444692
105100,0.4624600112438202,1782740991.1710017
105200,0.4625200033187866,1782740996.9068618
105300,0.46257999539375305,1782741002.7713156
105400,0.4626399874687195,1782741008.7100859
105500,0.4627000093460083,1782741014.7034862
105600,0.46276000142097473,1782741020.5103533
105700,0.46281999349594116,1782741026.4475412
105800,0.4628799855709076,1782741032.0627377
105900,0.4629400074481964,1782741037.7273548
106000,0.46299999952316284,1782741043.3486774
106100,0.4630599915981293,1782741049.1824853
106200,0.4631200134754181,1782741054.7533238
106300,0.4631800055503845,1782741060.4162529
106400,0.46323999762535095,1782741065.9887
106500,0.4632999897003174,1782741071.9278738
106600,0.4633600115776062,1782741077.6584058
106700,0.46342000365257263,1782741083.3911035
106800,0.46347999572753906,1782741089.226867
106900,0.4635399878025055,1782741094.9296877
107000,0.4636000096797943,1782741100.795988
107100,0.46366000175476074,1782741106.5051398
107200,0.4637199938297272,1782741112.2365732
107300,0.4637799859046936,1782741117.8164341
107400,0.4638400077819824,1782741123.4399226
107500,0.46389999985694885,1782741129.187131
107600,0.4639599919319153,1782741135.0931957
107700,0.4640200138092041,1782741140.8763118
107800,0.46408000588417053,1782741146.451859
107900,0.46413999795913696,1782741152.2898028
108000,0.4641999900341034,1782741158.1915486
108100,0.4642600119113922,1782741163.9825912
108200,0.46432000398635864,1782741169.700016
108300,0.4643799960613251,1782741175.5180936
108400,0.4644399881362915,1782741181.249644
108500,0.4645000100135803,1782741186.9276342
108600,0.46456000208854675,1782741192.8643565
108700,0.4646199941635132,1782741198.6033833
108800,0.4646799862384796,1782741204.5664666
108900,0.46474000811576843,1782741210.4021616
109000,0.46480000019073486,1782741216.1159017
109100,0.4648599922657013,1782741221.8769271
109200,0.4649200141429901,1782741227.9830635
109300,0.46498000621795654,1782741233.7824533
109400,0.465039998292923,1782741239.702379
109500,0.4650999903678894,1782741245.3737652
109600,0.4651600122451782,1782741251.114645
109700,0.46522000432014465,1782741256.7656877
109800,0.4652799963951111,1782741262.5567086
109900,0.4653399884700775,1782741268.2075503
110000,0.46540001034736633,1782741274.0745938
110100,0.46546000242233276,1782741279.8393314
110200,0.4655199944972992,1782741285.6065884
110300,0.4655799865722656,1782741291.6624281
110400,0.46564000844955444,1782741297.4406455
110500,0.4657000005245209,1782741303.272278
110600,0.4657599925994873,1782741309.0707881
110700,0.4658200144767761,1782741314.7123466
110800,0.46588000655174255,1782741320.624018
110900,0.465939998626709,1782741326.509888
111000,0.4659999907016754,1782741332.4105828
111100,0.46606001257896423,1782741338.2927115
111200,0.46612000465393066,1782741344.0229669
111300,0.4661799967288971,1782741349.6777582
111400,0.4662399888038635,1782741355.4213974
111500,0.46630001068115234,1782741361.2253106
111600,0.4663600027561188,1782741366.9907377
111700,0.4664199948310852,1782741372.9318604
111800,0.46647998690605164,1782741378.5936668
111900,0.46654000878334045,1782741384.3602347
112000,0.4666000008583069,1782741390.102195
112100,0.4666599929332733,1782741395.9977334
112200,0.46672001481056213,1782741401.7167368
112300,0.46678000688552856,1782741407.6508892
112400,0.466839998960495,1782741413.2415187
112500,0.4668999910354614,1782741419.0711405
112600,0.46696001291275024,1782741424.8872273
112700,0.4670200049877167,1782741430.6214635
112800,0.4670799970626831,1782741436.6028876
112900,0.46713998913764954,1782741442.4712515
113000,0.46720001101493835,1782741448.3785686
113100,0.4672600030899048,1782741454.3081298
113200,0.4673199951648712,1782741460.1588473
113300,0.46737998723983765,1782741465.9055448
113400,0.46744000911712646,1782741471.764523
113500,0.4675000011920929,1782741477.561177
113600,0.4675599932670593,1782741483.0915325
113700,0.46761998534202576,1782741488.9924097
113800,0.4676800072193146,1782741494.7522998
113900,0.467739999294281,1782741500.587199
114000,0.46779999136924744,1782741506.3802378
114100,0.46786001324653625,1782741512.2754452
114200,0.4679200053215027,1782741517.9766355
114300,0.4679799973964691,1782741523.5952384
114400,0.46803998947143555,1782741529.5196555
114500,0.46810001134872437,1782741535.1078312
114600,0.4681600034236908,1782741541.0282342
114700,0.4682199954986572,1782741546.799998
114800,0.46827998757362366,1782741552.72443
114900,0.4683400094509125,1782741558.3690271
115000,0.4684000015258789,1782741564.1329596
115100,0.46845999360084534,1782741569.9789093
115200,0.46851998567581177,1782741575.7593875
115300,0.4685800075531006,1782741581.5053575
115400,0.468639999628067,1782741587.3667567
115500,0.46869999170303345,1782741593.4332025
115600,0.46876001358032227,1782741599.2680733
115700,0.4688200056552887,1782741605.059979
115800,0.4688799977302551,1782741610.8109999
115900,0.46893998980522156,1782741616.5718627
116000,0.4690000116825104,1782741622.4335938
116100,0.4690600037574768,1782741628.331689
116200,0.46911999583244324,1782741634.0775094
116300,0.46917998790740967,1782741639.7195587
116400,0.4692400097846985,1782741645.528208
116500,0.4693000018596649,1782741651.4193726
116600,0.46935999393463135,1782741657.5414426
116700,0.4694199860095978,1782741663.4218717
116800,0.4694800078868866,1782741669.215284
116900,0.469539999961853,1782741674.8337033
117000,0.46959999203681946,1782741680.595459
117100,0.4696600139141083,1782741686.430644
117200,0.4697200059890747,1782741692.2680485
117300,0.46977999806404114,1782741698.0508714
117400,0.46983999013900757,1782741703.6490338
117500,0.4699000120162964,1782741709.752334
117600,0.4699600040912628,1782741715.7057183
117700,0.47001999616622925,1782741721.4061174
117800,0.4700799882411957,1782741727.1925535
117900,0.4701400101184845,1782741732.91683
118000,0.4702000021934509,1782741738.5952926
118100,0.47025999426841736,1782741744.4846141
118200,0.4703199863433838,1782741750.2829137
118300,0.4703800082206726,1782741756.195481
118400,0.47044000029563904,1782741761.8631642
118500,0.47049999237060547,1782741767.936921
118600,0.4705600142478943,1782741773.7047505
118700,0.4706200063228607,1782741779.5615985
118800,0.47067999839782715,1782741785.2840173
118900,0.4707399904727936,1782741791.0576587
119000,0.4708000123500824,1782741796.7094426
119100,0.47086000442504883,1782741802.6192276
119200,0.47091999650001526,1782741808.551839
119300,0.4709799885749817,1782741814.2876577
119400,0.4710400104522705,1782741820.1640568
119500,0.47110000252723694,1782741825.9828103
119600,0.47115999460220337,1782741831.8962293
119700,0.4712199866771698,1782741837.5950692
119800,0.4712800085544586,1782741843.3889117
119900,0.47134000062942505,1782741849.1450841
120000,0.4713999927043915,1782741854.8922446
120100,0.4714600145816803,1782741860.6719553
120200,0.47152000665664673,1782741866.5438673
120300,0.47157999873161316,1782741872.4578412
120400,0.4716399908065796,1782741878.3988144
120500,0.4717000126838684,1782741884.042355
120600,0.47176000475883484,1782741890.0414894
120700,0.47181999683380127,1782741895.7912986
120800,0.4718799889087677,1782741901.5552676
120900,0.4719400107860565,1782741907.5408523
121000,0.47200000286102295,1782741913.6322138
121100,0.4720599949359894,1782741919.5263736
121200,0.4721199870109558,1782741925.3954709
121300,0.47218000888824463,1782741931.1762452
121400,0.47224000096321106,1782741937.133742
121500,0.4722999930381775,1782741942.7930496
121600,0.4723599851131439,1782741948.359866
121700,0.47242000699043274,1782741954.6050506
121800,0.47247999906539917,1782741960.3726687
121900,0.4725399911403656,1782741966.319
122000,0.4726000130176544,1782741972.0480182
122100,0.47266000509262085,1782741977.9845614
122200,0.4727199971675873,1782741983.6379929
122300,0.4727799892425537,1782741989.375937
122400,0.47284001111984253,1782741995.0263922
122500,0.47290000319480896,1782742000.9167883
122600,0.4729599952697754,1782742006.7964187
122700,0.4730199873447418,1782742012.4158819
122800,0.47308000922203064,1782742018.4283369
122900,0.47314000129699707,1782742024.0942779
123000,0.4731999933719635,1782742029.688668
123100,0.47325998544692993,1782742035.471203
123200,0.47332000732421875,1782742041.236536
123300,0.4733799993991852,1782742046.8373451
123400,0.4734399914741516,1782742052.6113598
123500,0.47350001335144043,1782742058.7322187
123600,0.47356000542640686,1782742064.7561035
123700,0.4736199975013733,1782742070.4413972
123800,0.4736799895763397,1782742076.3626919
123900,0.47374001145362854,1782742082.0898402
124000,0.47380000352859497,1782742088.0117195
124100,0.4738599956035614,1782742093.6978707
124200,0.47391998767852783,1782742099.4390786
124300,0.47398000955581665,1782742105.2268116
124400,0.4740400016307831,1782742111.0708952
124500,0.4740999937057495,1782742117.1285846
124600,0.47415998578071594,1782742122.9410944
124700,0.47422000765800476,1782742128.560736
124800,0.4742799997329712,1782742134.1313763
124900,0.4743399918079376,1782742139.840574
125000,0.47440001368522644,1782742145.561972
125100,0.47446000576019287,1782742271.6866133
125200,0.4745199978351593,1782742277.7305462
125300,0.47457998991012573,1782742283.459208
125400,0.47464001178741455,1782742289.255784
125500,0.474700003862381,1782742294.8734689
125600,0.4747599959373474,1782742300.6373408
125700,0.47481998801231384,1782742306.3184679
125800,0.47488000988960266,1782742311.9614751
125900,0.4749400019645691,1782742317.7888505
126000,0.4749999940395355,1782742323.6224067
126100,0.47505998611450195,1782742329.5335224
126200,0.47512000799179077,1782742335.2361977
126300,0.4751800000667572,1782742341.1839652
126400,0.47523999214172363,1782742346.9620335
126500,0.47530001401901245,1782742352.7923956
126600,0.4753600060939789,1782742358.7954829
126700,0.4754199981689453,1782742364.574025
126800,0.47547999024391174,1782742370.2986746
126900,0.47554001212120056,1782742376.0976474
127000,0.475600004196167,1782742382.0705237
127100,0.4756599962711334,1782742387.8613873
127200,0.47571998834609985,1782742393.7618265
127300,0.47578001022338867,1782742399.4126444
127400,0.4758400022983551,1782742405.1257272
127500,0.47589999437332153,1782742411.0763273
127600,0.47595998644828796,1782742416.9150255
127700,0.4760200083255768,1782742422.8974097
127800,0.4760800004005432,1782742428.7833865
127900,0.47613999247550964,1782742434.4178374
128000,0.47620001435279846,1782742440.0447838
128100,0.4762600064277649,1782742445.5943902
128200,0.4763199985027313,1782742451.4304886
128300,0.47637999057769775,1782742457.3424523
128400,0.4764400124549866,1782742462.8826811
128500,0.476500004529953,1782742468.7339263
128600,0.47655999660491943,1782742474.5654137
128700,0.47661998867988586,1782742480.677383
128800,0.4766800105571747,1782742486.406494
128900,0.4767400026321411,1782742492.0768952
129000,0.47679999470710754,1782742497.9738173
129100,0.476859986782074,1782742503.6652482
129200,0.4769200086593628,1782742509.5180566
129300,0.4769800007343292,1782742515.2003736
129400,0.47703999280929565,1782742520.990946
129500,0.4771000146865845,1782742526.8977923
129600,0.4771600067615509,1782742532.518127
129700,0.47721999883651733,1782742538.4747975
129800,0.47727999091148376,1782742544.0187123
129900,0.4773400127887726,1782742549.6322782
130000,0.477400004863739,1782742555.3197873
130100,0.47745999693870544,1782742561.071631
130200,0.4775199890136719,1782742566.9162104
130300,0.4775800108909607,1782742572.7621806
130400,0.4776400029659271,1782742578.4372292
130500,0.47769999504089355,1782742584.406616
130600,0.47775998711586,1782742590.0308955
130700,0.4778200089931488,1782742595.906822
130800,0.47788000106811523,1782742601.6020994
130900,0.47793999314308167,1782742607.3489842
131000,0.4779999852180481,1782742613.0657475
131100,0.4780600070953369,1782742619.0175805
131200,0.47811999917030334,1782742624.8808293
131300,0.4781799912452698,1782742630.615249
131400,0.4782400131225586,1782742636.2896566
131500,0.478300005197525,1782742642.2473083
131600,0.47835999727249146,1782742647.937604
131700,0.4784199893474579,1782742653.9018154
131800,0.4784800112247467,1782742659.4806788
131900,0.47854000329971313,1782742665.1723697
132000,0.47859999537467957,1782742671.05923
132100,0.478659987449646,1782742676.7824543
132200,0.4787200093269348,1782742682.801337
132300,0.47878000140190125,1782742688.4617407
132400,0.4788399934768677,1782742694.5125942
132500,0.4788999855518341,1782742700.2797666
132600,0.4789600074291229,1782742706.3826337
132700,0.47901999950408936,1782742712.1942475
132800,0.4790799915790558,1782742718.0409472
132900,0.4791400134563446,1782742723.8359833
133000,0.47920000553131104,1782742729.7547572
133100,0.47925999760627747,1782742735.338977
133200,0.4793199896812439,1782742740.9780807
133300,0.4793800115585327,1782742746.8839169
133400,0.47944000363349915,1782742752.4703662
133500,0.4794999957084656,1782742758.1357563
133600,0.479559987783432,1782742763.9505756
133700,0.4796200096607208,1782742769.8245108
133800,0.47968000173568726,1782742775.4614215
133900,0.4797399938106537,1782742781.1427808
134000,0.4797999858856201,1782742786.7375708
134100,0.47986000776290894,1782742792.4497004
134200,0.47991999983787537,1782742798.0731757
134300,0.4799799919128418,1782742804.0102057
134400,0.4800400137901306,1782742809.5678284
134500,0.48010000586509705,1782742815.2801774
134600,0.4801599979400635,1782742821.1616933
134700,0.4802199900150299,1782742827.071837
134800,0.4802800118923187,1782742832.7624044
134900,0.48034000396728516,1782742838.6534476
135000,0.4803999960422516,1782742844.50346
135100,0.480459988117218,1782742850.3041742
135200,0.48052000999450684,1782742856.1620486
135300,0.48058000206947327,1782742861.8620949
135400,0.4806399941444397,1782742867.6153471
135500,0.48069998621940613,1782742873.5259113
135600,0.48076000809669495,1782742879.1992161
135700,0.4808200001716614,1782742884.9152644
135800,0.4808799922466278,1782742890.5838928
135900,0.4809400141239166,1782742896.4546194
136000,0.48100000619888306,1782742902.3342762
136100,0.4810599982738495,1782742907.9979634
136200,0.4811199903488159,1782742913.672556
136300,0.48118001222610474,1782742919.383755
136400,0.48124000430107117,1782742925.1692307
136500,0.4812999963760376,1782742931.1743402
136600,0.48135998845100403,1782742936.8171272
136700,0.48142001032829285,1782742942.473544
136800,0.4814800024032593,1782742948.2023559
136900,0.4815399944782257,1782742954.0587425
137000,0.48159998655319214,1782742959.673407
137100,0.48166000843048096,1782742965.644042
137200,0.4817200005054474,1782742971.2849267
137300,0.4817799925804138,1782742977.250466
137400,0.48184001445770264,1782742983.0429637
137500,0.48190000653266907,1782742988.7217956
137600,0.4819599986076355,1782742994.4551854
137700,0.48201999068260193,1782743000.1753845
137800,0.48208001255989075,1782743006.0054772
137900,0.4821400046348572,1782743011.812738
138000,0.4821999967098236,1782743017.6281083
138100,0.48225998878479004,1782743023.4380422
138200,0.48232001066207886,1782743029.2522454
138300,0.4823800027370453,1782743034.8959305
138400,0.4824399948120117,1782743040.6558886
138500,0.48249998688697815,1782743046.7385836
138600,0.48256000876426697,1782743052.381985
138700,0.4826200008392334,1782743058.2798593
138800,0.48267999291419983,1782743064.2417212
138900,0.48274001479148865,1782743069.9750543
139000,0.4828000068664551,1782743075.7955976
139100,0.4828599989414215,1782743081.8721578
139200,0.48291999101638794,1782743087.5662365
139300,0.48298001289367676,1782743093.4644732
139400,0.4830400049686432,1782743099.6428313
139500,0.4830999970436096,1782743105.3885398
139600,0.48315998911857605,1782743111.095878
139700,0.48322001099586487,1782743116.998482
139800,0.4832800030708313,1782743122.6613023
139900,0.48333999514579773,1782743128.499186
140000,0.48339998722076416,1782743134.2489455
140100,0.483460009098053,1782743140.07071
140200,0.4835200011730194,1782743145.8529954
140300,0.48357999324798584,1782743151.435642
140400,0.48363998532295227,1782743157.317768
140500,0.4837000072002411,1782743163.2181785
140600,0.4837599992752075,1782743169.207082
140700,0.48381999135017395,1782743174.9587605
140800,0.48388001322746277,1782743181.0253358
140900,0.4839400053024292,1782743186.7556565
141000,0.48399999737739563,1782743192.4148355
141100,0.48405998945236206,1782743198.32775
141200,0.4841200113296509,1782743204.145591
141300,0.4841800034046173,1782743210.1866865
141400,0.48423999547958374,1782743216.0873516
141500,0.48429998755455017,1782743221.813528
141600,0.484360009431839,1782743227.5029948
141700,0.4844200015068054,1782743233.4202414
141800,0.48447999358177185,1782743239.1586757
141900,0.4845399856567383,1782743244.9341278
142000,0.4846000075340271,1782743250.6501734
142100,0.48465999960899353,1782743256.4904094
142200,0.48471999168395996,1782743262.155216
142300,0.4847800135612488,1782743268.0494697
142400,0.4848400056362152,1782743273.853934
142500,0.48489999771118164,1782743280.0391347
142600,0.48495998978614807,1782743285.6925943
142700,0.4850200116634369,1782743291.5092947
142800,0.4850800037384033,1782743297.353589
142900,0.48513999581336975,1782743303.0523694
143000,0.4851999878883362,1782743308.8289683
143100,0.485260009765625,1782743314.8575013
143200,0.48532000184059143,1782743320.529838
143300,0.48537999391555786,1782743326.54062
143400,0.4854399859905243,1782743332.2759855
143500,0.4855000078678131,1782743338.2696657
143600,0.48555999994277954,1782743344.1649792
143700,0.48561999201774597,1782743349.8171334
143800,0.4856800138950348,1782743355.4894145
143900,0.4857400059700012,1782743361.182488
144000,0.48579999804496765,1782743367.009611
144100,0.4858599901199341,1782743373.0525773
144200,0.4859200119972229,1782743378.9437928
144300,0.48598000407218933,1782743384.632988
144400,0.48603999614715576,1782743390.6530998
144500,0.4860999882221222,1782743396.3139575
144600,0.486160010099411,1782743402.2578359
144700,0.48622000217437744,1782743407.9291527
144800,0.48627999424934387,1782743413.5945098
144900,0.4863399863243103,1782743419.3078227
145000,0.4864000082015991,1782743425.0979748
145100,0.48646000027656555,1782743430.9995396
145200,0.486519992351532,1782743436.8896487
145300,0.4865800142288208,1782743442.546697
145400,0.48664000630378723,1782743448.4703345
145500,0.48669999837875366,1782743454.147966
145600,0.4867599904537201,1782743459.8277373
145700,0.4868200123310089,1782743465.5375857
145800,0.48688000440597534,1782743471.2725358
145900,0.4869399964809418,1782743477.3352127
146000,0.4869999885559082,1782743482.8882053
146100,0.487060010433197,1782743488.4763036
146200,0.48712000250816345,1782743494.3242488
146300,0.4871799945831299,1782743500.0910354
146400,0.4872399866580963,1782743505.84466
146500,0.48730000853538513,1782743511.7699225
146600,0.48736000061035156,1782743517.389808
146700,0.487419992685318,1782743523.283777
146800,0.4874800145626068,1782743529.244202
146900,0.48754000663757324,1782743534.99011
147000,0.4875999987125397,1782743540.8489199
147100,0.4876599907875061,1782743546.5927017
147200,0.4877200126647949,1782743552.6506588
147300,0.48778000473976135,1782743558.5834074
147400,0.4878399968147278,1782743564.4398096
147500,0.4878999888896942,1782743570.3250396
147600,0.48796001076698303,1782743576.3415082
147700,0.48802000284194946,1782743582.1380458
147800,0.4880799949169159,1782743588.2095594
147900,0.4881399869918823,1782743594.397416
148000,0.48820000886917114,1782743600.3080041
148100,0.4882600009441376,1782743606.2741678
148200,0.488319993019104,1782743611.99624
148300,0.4883800148963928,1782743617.7561164
148400,0.48844000697135925,1782743623.5241344
148500,0.4884999990463257,1782743629.6196778
148600,0.4885599911212921,1782743635.5745926
148700,0.48862001299858093,1782743641.2790763
148800,0.48868000507354736,1782743647.254193
148900,0.4887399971485138,1782743653.2388783
149000,0.4887999892234802,1782743659.09502
149100,0.48886001110076904,1782743665.0124812
149200,0.4889200031757355,1782743670.7823548
149300,0.4889799952507019,1782743676.5200787
149400,0.48903998732566833,1782743682.3338182
149500,0.48910000920295715,1782743687.982589
149600,0.4891600012779236,1782743693.8377194
149700,0.48921999335289,1782743699.6943324
149800,0.48927998542785645,1782743705.4185023
149900,0.48934000730514526,1782743711.5091877
150000,0.4893999993801117,1782743717.467962
150100,0.4894599914550781,1782743847.1237636
150200,0.48952001333236694,1782743852.811328
150300,0.4895800054073334,1782743858.5552716
150400,0.4896399974822998,1782743864.4147363
150500,0.48969998955726624,1782743870.1017349
150600,0.48976001143455505,1782743876.0824249
150700,0.4898200035095215,1782743881.9008512
150800,0.4898799955844879,1782743887.8913293
150900,0.48993998765945435,1782743893.6216056
151000,0.49000000953674316,1782743899.3689816
151100,0.4900600016117096,1782743905.3172898
151200,0.490119993686676,1782743911.2579677
151300,0.49017998576164246,1782743916.922249
151400,0.4902400076389313,1782743922.7054348
151500,0.4902999997138977,1782743928.3578212
151600,0.49035999178886414,1782743933.937414
151700,0.49042001366615295,1782743939.6685243
151800,0.4904800057411194,1782743945.4355633
151900,0.4905399978160858,1782743951.2950873
152000,0.49059998989105225,1782743957.1937685
152100,0.49066001176834106,1782743962.8645234
152200,0.4907200038433075,1782743968.6869936
152300,0.4907799959182739,1782743974.7526863
152400,0.49083998799324036,1782743980.5806494
152500,0.4909000098705292,1782743986.3782194
152600,0.4909600019454956,1782743992.0940633
152700,0.49101999402046204,1782743997.649412
152800,0.49107998609542847,1782744003.322558
152900,0.4911400079727173,1782744009.153732
153000,0.4912000000476837,1782744014.9323618
153100,0.49125999212265015,1782744020.8516042
153200,0.49132001399993896,1782744026.52242
153300,0.4913800060749054,1782744032.2562387
153400,0.4914399981498718,1782744037.87721
153500,0.49149999022483826,1782744043.637984
153600,0.4915600121021271,1782744049.4789827
153700,0.4916200041770935,1782744055.3362029
153800,0.49167999625205994,1782744060.9718776
153900,0.49173998832702637,1782744066.6745708
154000,0.4918000102043152,1782744072.4259272
154100,0.4918600022792816,1782744078.2964165
154200,0.49191999435424805,1782744084.0820348
154300,0.4919799864292145,1782744089.9002125
154400,0.4920400083065033,1782744095.7764919
154500,0.4921000003814697,1782744101.5427032
154600,0.49215999245643616,1782744107.2781382
154700,0.492220014333725,1782744112.9055672
154800,0.4922800064086914,1782744118.7149355
154900,0.49233999848365784,1782744124.409232
155000,0.49239999055862427,1782744130.1497183
155100,0.4924600124359131,1782744136.0775666
155200,0.4925200045108795,1782744141.914689
155300,0.49257999658584595,1782744148.0271487
155400,0.4926399886608124,1782744153.888073
155500,0.4927000105381012,1782744159.50019
155600,0.4927600026130676,1782744165.271563
155700,0.49281999468803406,1782744171.3387372
155800,0.4928799867630005,1782744176.9965477
155900,0.4929400086402893,1782744182.6681888
156000,0.49300000071525574,1782744188.4791813
156100,0.49305999279022217,1782744194.2262738
156200,0.493120014667511,1782744200.2255309
156300,0.4931800067424774,1782744206.0026052
156400,0.49323999881744385,1782744211.7942224
156500,0.4932999908924103,1782744217.4219751
156600,0.4933600127696991,1782744223.1361332
156700,0.4934200048446655,1782744228.9359004
156800,0.49347999691963196,1782744234.7774744
156900,0.4935399889945984,1782744240.4483964
157000,0.4936000108718872,1782744246.0790467
157100,0.49366000294685364,1782744252.0459948
157200,0.49371999502182007,1782744257.5748067
157300,0.4937799870967865,1782744263.2506385
157400,0.4938400089740753,1782744269.1333754
157500,0.49390000104904175,1782744274.6869316
157600,0.4939599931240082,1782744280.6406276
157700,0.4940199851989746,1782744286.46938
157800,0.4940800070762634,1782744292.0991743
157900,0.49413999915122986,1782744297.9058692
158000,0.4941999912261963,1782744303.7174108
158100,0.4942600131034851,1782744309.6300256
158200,0.49432000517845154,1782744315.4860284
158300,0.49437999725341797,1782744321.2363114
158400,0.4944399893283844,1782744327.0257385
158500,0.4945000112056732,1782744332.8858943
158600,0.49456000328063965,1782744338.5724773
158700,0.4946199953556061,1782744344.3310738
158800,0.4946799874305725,1782744350.0699182
158900,0.49474000930786133,1782744355.7493227
159000,0.49480000138282776,1782744361.6411867
159100,0.4948599934577942,1782744367.2373195
159200,0.4949199855327606,1782744373.1547358
159300,0.49498000741004944,1782744379.040965
159400,0.49503999948501587,1782744384.7323968
159500,0.4950999915599823,1782744390.4158108
159600,0.4951600134372711,1782744396.242458
159700,0.49522000551223755,1782744401.9832854
159800,0.495279997587204,1782744407.8429916
159900,0.4953399896621704,1782744413.5940385
160000,0.49540001153945923,1782744419.59629
160100,0.49546000361442566,1782744425.5114737
160200,0.4955199956893921,1782744431.2771215
160300,0.4955799877643585,1782744437.1619425
160400,0.49564000964164734,1782744443.0821745
160500,0.49570000171661377,1782744448.9497197
160600,0.4957599937915802,1782744454.6195548
160700,0.49581998586654663,1782744460.3325343
160800,0.49588000774383545,1782744466.3098168
160900,0.4959399998188019,1782744472.30466
161000,0.4959999918937683,1782744478.2362027
161100,0.49606001377105713,1782744484.0181
161200,0.49612000584602356,1782744489.6791446
161300,0.49617999792099,1782744495.6943707
161400,0.4962399899959564,1782744501.6531737
161500,0.49630001187324524,1782744507.2845488
161600,0.49636000394821167,1782744513.1078122
161700,0.4964199960231781,1782744518.9720592
161800,0.49647998809814453,1782744524.6834466
161900,0.49654000997543335,1782744530.4329116
162000,0.4966000020503998,1782744536.0911078
162100,0.4966599941253662,1782744541.8016996
162200,0.49671998620033264,1782744547.6444323
162300,0.49678000807762146,1782744553.4447718
162400,0.4968400001525879,1782744559.4079285
162500,0.4968999922275543,1782744565.5234048
162600,0.49696001410484314,1782744571.5021908
162700,0.49702000617980957,1782744577.2841196
162800,0.497079998254776,1782744583.1283853
162900,0.49713999032974243,1782744589.0216691
163000,0.49720001220703125,1782744594.7654114
163100,0.4972600042819977,1782744600.695179
163200,0.4973199963569641,1782744606.6137128
163300,0.49737998843193054,1782744612.616543
163400,0.49744001030921936,1782744618.3985484
163500,0.4975000023841858,1782744624.3355165
163600,0.4975599944591522,1782744630.0570338
163700,0.49761998653411865,1782744636.0872567
163800,0.49768000841140747,1782744641.8465443
163900,0.4977400004863739,1782744647.5858881
164000,0.49779999256134033,1782744653.4842696
164100,0.49786001443862915,1782744659.2814734
164200,0.4979200065135956,1782744665.0874774
164300,0.497979998588562,1782744671.010404
164400,0.49803999066352844,1782744676.8521552
164500,0.49810001254081726,1782744682.6030924
164600,0.4981600046157837,1782744688.6662834
164700,0.4982199966907501,1782744694.436012
164800,0.49827998876571655,1782744700.3605616
164900,0.49834001064300537,1782744706.183892
165000,0.4984000027179718,1782744711.8651917
165100,0.49845999479293823,1782744717.7239115
165200,0.49851998686790466,1782744723.6533186
165300,0.4985800087451935,1782744729.650174
165400,0.4986400008201599,1782744735.6492717
165500,0.49869999289512634,1782744741.3542113
165600,0.49876001477241516,1782744747.313671
165700,0.4988200068473816,1782744753.2479966
165800,0.498879998922348,1782744759.5287738
165900,0.49893999099731445,1782744765.4222806
166000,0.49900001287460327,1782744771.4711838
166100,0.4990600049495697,1782744777.342938
166200,0.49911999702453613,1782744783.4222522
166300,0.49917998909950256,1782744789.342004
166400,0.4992400109767914,1782744795.0561745
166500,0.4993000030517578,1782744801.1863158
166600,0.49935999512672424,1782744807.002114
166700,0.4994199872016907,1782744812.7030673
166800,0.4994800090789795,1782744818.6263583
166900,0.4995400011539459,1782744824.5050466
167000,0.49959999322891235,1782744830.5329974
167100,0.4996599853038788,1782744836.3000553
167200,0.4997200071811676,1782744842.216559
167300,0.49977999925613403,1782744847.8207736
167400,0.49983999133110046,1782744853.7427018
167500,0.4999000132083893,1782744859.5193987
167600,0.4999600052833557,1782744865.4184432
167700,0.5000200271606445,1782744871.3239436
167800,0.5000799894332886,1782744877.2639587
167900,0.5001400113105774,1782744883.2917747
168000,0.5001999735832214,1782744889.1710699
168100,0.5002599954605103,1782744894.9529953
168200,0.5003200173377991,1782744900.6775377
168300,0.5003799796104431,1782744906.6887922
168400,0.5004400014877319,1782744912.417657
168500,0.5005000233650208,1782744918.3856723
168600,0.5005599856376648,1782744924.1050181
168700,0.5006200075149536,1782744929.9691982
168800,0.5006800293922424,1782744935.8097222
168900,0.5007399916648865,1782744941.4758794
169000,0.5008000135421753,1782744947.3127527
169100,0.5008599758148193,1782744953.051354
169200,0.5009199976921082,1782744959.1011896
169300,0.500980019569397,1782744964.8524206
169400,0.501039981842041,1782744970.9173498
169500,0.5011000037193298,1782744976.6809478
169600,0.5011600255966187,1782744982.6138766
169700,0.5012199878692627,1782744988.4402037
169800,0.5012800097465515,1782744994.3079722
169900,0.5013399720191956,1782745000.1214502
170000,0.5013999938964844,1782745005.8964055
170100,0.5014600157737732,1782745011.933263
170200,0.5015199780464172,1782745017.7480392
170300,0.501579999923706,1782745023.6693869
170400,0.5016400218009949,1782745029.470716
170500,0.5016999840736389,1782745035.0955875
170600,0.5017600059509277,1782745041.0305374
170700,0.5018200278282166,1782745046.7419875
170800,0.5018799901008606,1782745052.541395
170900,0.5019400119781494,1782745058.2517202
171000,0.5019999742507935,1782745064.3040705
171100,0.5020599961280823,1782745070.089284
171200,0.5021200180053711,1782745076.1318548
171300,0.5021799802780151,1782745081.98486
171400,0.502240002155304,1782745087.6332583
171500,0.5023000240325928,1782745093.5055456
171600,0.5023599863052368,1782745099.2676818
171700,0.5024200081825256,1782745105.0964322
171800,0.5024799704551697,1782745110.9763312
171900,0.5025399923324585,1782745116.7492275
172000,0.5026000142097473,1782745122.582394
172100,0.5026599764823914,1782745128.441003
172200,0.5027199983596802,1782745134.3688233
172300,0.502780020236969,1782745140.0926604
172400,0.502839982509613,1782745145.9869304
172500,0.5029000043869019,1782745151.8671944
172600,0.5029600262641907,1782745157.6817775
172700,0.5030199885368347,1782745163.6065142
172800,0.5030800104141235,1782745169.349035
172900,0.5031399726867676,1782745175.1704433
173000,0.5031999945640564,1782745181.1479726
173100,0.5032600164413452,1782745186.9110854
173200,0.5033199787139893,1782745192.7972834
173300,0.5033800005912781,1782745198.5366347
173400,0.5034400224685669,1782745204.2977712
173500,0.5034999847412109,1782745210.015307
173600,0.5035600066184998,1782745215.880366
173700,0.5036200284957886,1782745221.5081413
173800,0.5036799907684326,1782745227.3189878
173900,0.5037400126457214,1782745233.2061841
174000,0.5037999749183655,1782745238.8677812
174100,0.5038599967956543,1782745244.5404465
174200,0.5039200186729431,1782745250.4143343
174300,0.5039799809455872,1782745256.1772141
174400,0.504040002822876,1782745262.1225128
174500,0.5041000247001648,1782745267.7429008
174600,0.5041599869728088,1782745273.7496963
174700,0.5042200088500977,1782745279.6236007
174800,0.5042799711227417,1782745285.5054605
174900,0.5043399930000305,1782745291.3223135
175000,0.5044000148773193,1782745297.1375039
175100,0.5044599771499634,1782745430.7441428
175200,0.5045199990272522,1782745436.4518886
175300,0.504580020904541,1782745442.1300008
175400,0.5046399831771851,1782745447.904253
175500,0.5047000050544739,1782745453.552914
175600,0.5047600269317627,1782745459.252862
175700,0.5048199892044067,1782745465.0155895
175800,0.5048800110816956,1782745470.7516406
175900,0.5049399733543396,1782745476.7998369
176000,0.5049999952316284,1782745482.5692966
176100,0.5050600171089172,1782745488.4176328
176200,0.5051199793815613,1782745494.0887573
176300,0.5051800012588501,1782745499.9686034
176400,0.5052400231361389,1782745505.6894286
176500,0.505299985408783,1782745511.6543941
176600,0.5053600072860718,1782745517.4866002
176700,0.5054200291633606,1782745523.2040968
176800,0.5054799914360046,1782745529.1019702
176900,0.5055400133132935,1782745534.857076
177000,0.5055999755859375,1782745540.6542587
177100,0.5056599974632263,1782745546.5291982
177200,0.5057200193405151,1782745552.3540802
177300,0.5057799816131592,1782745558.032743
177400,0.505840003490448,1782745563.8432107
177500,0.5059000253677368,1782745569.4349601
177600,0.5059599876403809,1782745575.3074799
177700,0.5060200095176697,1782745580.9403727
177800,0.5060799717903137,1782745586.7816708
177900,0.5061399936676025,1782745592.6401997
178000,0.5062000155448914,1782745598.2772267
178100,0.5062599778175354,1782745604.0072105
178200,0.5063199996948242,1782745609.9325275
178300,0.506380021572113,1782745615.9393349
178400,0.5064399838447571,1782745621.7179925
178500,0.5065000057220459,1782745627.5344822
178600,0.5065600275993347,1782745633.456201
178700,0.5066199898719788,1782745639.2070656
178800,0.5066800117492676,1782745644.933034
178900,0.5067399740219116,1782745650.684048
179000,0.5067999958992004,1782745656.1994073
179100,0.5068600177764893,1782745661.8898237
179200,0.5069199800491333,1782745667.6588502
179300,0.5069800019264221,1782745673.3890672
179400,0.5070400238037109,1782745679.201974
179500,0.507099986076355,1782745685.078246
179600,0.5071600079536438,1782745690.8083577
179700,0.5072199702262878,1782745696.6905046
179800,0.5072799921035767,1782745702.3516605
179900,0.5073400139808655,1782745708.0140138
180000,0.5073999762535095,1782745713.759238
180100,0.5074599981307983,1782745719.4426212
180200,0.5075200200080872,1782745725.2757454
180300,0.5075799822807312,1782745731.0683994
180400,0.50764000415802,1782745736.6598775
180500,0.5077000260353088,1782745742.2939248
180600,0.5077599883079529,1782745748.0419364
180700,0.5078200101852417,1782745753.6651754
180800,0.5078799724578857,1782745759.30129
180900,0.5079399943351746,1782745765.1618228
181000,0.5080000162124634,1782745771.1883485
181100,0.5080599784851074,1782745776.8271153
181200,0.5081200003623962,1782745782.717257
181300,0.5081800222396851,1782745788.3742552
181400,0.5082399845123291,1782745794.0985444
181500,0.5083000063896179,1782745800.0984898
181600,0.5083600282669067,1782745805.7858052
181700,0.5084199905395508,1782745811.7404642
181800,0.5084800124168396,1782745817.567599
181900,0.5085399746894836,1782745823.386019
182000,0.5085999965667725,1782745829.333991
182100,0.5086600184440613,1782745835.0729425
182200,0.5087199807167053,1782745840.792431
182300,0.5087800025939941,1782745846.7412493
182400,0.508840024471283,1782745852.6193004
182500,0.508899986743927,1782745858.2341146
182600,0.5089600086212158,1782745863.949829
182700,0.5090199708938599,1782745869.5505292
182800,0.5090799927711487,1782745875.3552744
182900,0.5091400146484375,1782745881.1436343
183000,0.5091999769210815,1782745886.890421
183100,0.5092599987983704,1782745892.612729
183200,0.5093200206756592,1782745898.353391
183300,0.5093799829483032,1782745904.218952
183400,0.509440004825592,1782745910.0661137
183500,0.5095000267028809,1782745915.644468
183600,0.5095599889755249,1782745921.3204787
183700,0.5096200108528137,1782745926.9667876
183800,0.5096799731254578,1782745932.6270797
183900,0.5097399950027466,1782745938.6062384
184000,0.5098000168800354,1782745944.5385392
184100,0.5098599791526794,1782745950.185131
184200,0.5099200010299683,1782745956.0828183
184300,0.5099800229072571,1782745961.8422563
184400,0.5100399851799011,1782745967.5390859
184500,0.5101000070571899,1782745973.2366443
184600,0.5101600289344788,1782745978.8930194
184700,0.5102199912071228,1782745984.7681735
184800,0.5102800130844116,1782745990.6807706
184900,0.5103399753570557,1782745996.4050639
185000,0.5103999972343445,1782746002.4611154
185100,0.5104600191116333,1782746008.4083104
185200,0.5105199813842773,1782746014.284874
185300,0.5105800032615662,1782746019.9550388
185400,0.510640025138855,1782746025.871986
185500,0.510699987411499,1782746031.681645
185600,0.5107600092887878,1782746037.3084722
185700,0.5108199715614319,1782746043.3717628
185800,0.5108799934387207,1782746049.3254142
185900,0.5109400153160095,1782746055.2389271
186000,0.5109999775886536,1782746060.9001389
186100,0.5110599994659424,1782746066.7537475
186200,0.5111200213432312,1782746072.5553472
186300,0.5111799836158752,1782746078.4371145
186400,0.5112400054931641,1782746084.419136
186500,0.5113000273704529,1782746090.2208576
186600,0.5113599896430969,1782746096.2382133
186700,0.5114200115203857,1782746102.021988
186800,0.5114799737930298,1782746107.6482012
186900,0.5115399956703186,1782746113.5525978
187000,0.5116000175476074,1782746119.4950607
187100,0.5116599798202515,1782746125.5542028
187200,0.5117200016975403,1782746131.2438982
187300,0.5117800235748291,1782746137.21777
187400,0.5118399858474731,1782746143.0955982
187500,0.511900007724762,1782746148.896124
187600,0.5119600296020508,1782746154.5860069
187700,0.5120199918746948,1782746160.4663193
187800,0.5120800137519836,1782746166.3230286
187900,0.5121399760246277,1782746172.2502625
188000,0.5121999979019165,1782746178.0845711
188100,0.5122600197792053,1782746183.902234
188200,0.5123199820518494,1782746189.783059
188300,0.5123800039291382,1782746195.7979102
188400,0.512440025806427,1782746201.7035
188500,0.512499988079071,1782746207.6751845
188600,0.5125600099563599,1782746213.350536
188700,0.5126199722290039,1782746219.2468917
188800,0.5126799941062927,1782746224.9035733
188900,0.5127400159835815,1782746230.802441
189000,0.5127999782562256,1782746236.6470656
189100,0.5128600001335144,1782746242.3293526
189200,0.5129200220108032,1782746248.2067437
189300,0.5129799842834473,1782746254.0275657
189400,0.5130400061607361,1782746259.8159697
189500,0.5131000280380249,1782746265.4960806
189600,0.513159990310669,1782746271.5073109
189700,0.5132200121879578,1782746277.3623767
189800,0.5132799744606018,1782746283.0968666
189900,0.5133399963378906,1782746288.914251
190000,0.5134000182151794,1782746294.7956727
190100,0.5134599804878235,1782746300.5310462
190200,0.5135200023651123,1782746306.521081
190300,0.5135800242424011,1782746312.289094
190400,0.5136399865150452,1782746317.9752548
190500,0.513700008392334,1782746323.8163648
190600,0.513759970664978,1782746329.9634795
190700,0.5138199925422668,1782746335.9714067
190800,0.5138800144195557,1782746341.7437177
190900,0.5139399766921997,1782746347.4398239
191000,0.5139999985694885,1782746353.0996156
191100,0.5140600204467773,1782746358.9382458
191200,0.5141199827194214,1782746364.668476
191300,0.5141800045967102,1782746370.6407912
191400,0.514240026473999,1782746376.4314349
191500,0.5142999887466431,1782746382.2028453
191600,0.5143600106239319,1782746388.0655534
191700,0.5144199728965759,1782746393.7057204
191800,0.5144799947738647,1782746399.3605492
191900,0.5145400166511536,1782746405.1276164
192000,0.5145999789237976,1782746410.7771978
192100,0.5146600008010864,1782746416.6405997
192200,0.5147200226783752,1782746422.435593
192300,0.5147799849510193,1782746428.5185432
192400,0.5148400068283081,1782746434.4410536
192500,0.5149000287055969,1782746440.3263896
192600,0.514959990978241,1782746446.2346156
192700,0.5150200128555298,1782746452.1519735
192800,0.5150799751281738,1782746458.0044892
192900,0.5151399970054626,1782746463.9989784
193000,0.5152000188827515,1782746469.9629028
193100,0.5152599811553955,1782746475.6368062
193200,0.5153200030326843,1782746481.5706575
193300,0.5153800249099731,1782746487.5956166
193400,0.5154399871826172,1782746493.281384
193500,0.515500009059906,1782746499.318397
193600,0.51555997133255,1782746505.0201833
193700,0.5156199932098389,1782746510.7653465
193800,0.5156800150871277,1782746516.5825567
193900,0.5157399773597717,1782746522.4173148
194000,0.5157999992370605,1782746528.4336307
194100,0.5158600211143494,1782746534.3843584
194200,0.5159199833869934,1782746540.1658094
194300,0.5159800052642822,1782746545.8389106
194400,0.516040027141571,1782746551.423786
194500,0.5160999894142151,1782746557.2594883
194600,0.5161600112915039,1782746562.9370384
194700,0.516219973564148,1782746568.6545076
194800,0.5162799954414368,1782746574.3842685
194900,0.5163400173187256,1782746580.129549
195000,0.5163999795913696,1782746586.1156235
195100,0.5164600014686584,1782746591.9274037
195200,0.5165200233459473,1782746597.990223
195300,0.5165799856185913,1782746603.750058
195400,0.5166400074958801,1782746609.5217566
195500,0.516700029373169,1782746615.5566597
195600,0.516759991645813,1782746621.2550433
195700,0.5168200135231018,1782746627.294367
195800,0.5168799757957458,1782746633.2235322
195900,0.5169399976730347,1782746638.975337
196000,0.5170000195503235,1782746644.8587787
196100,0.5170599818229675,1782746650.8442197
196200,0.5171200037002563,1782746656.6816006
196300,0.5171800255775452,1782746662.5555604
196400,0.5172399878501892,1782746668.2513757
196500,0.517300009727478,1782746673.876618
196600,0.5173599720001221,1782746679.9871356
196700,0.5174199938774109,1782746686.0499566
196800,0.5174800157546997,1782746691.8700023
196900,0.5175399780273438,1782746697.7103758
197000,0.5175999999046326,1782746703.6319854
197100,0.5176600217819214,1782746709.385097
197200,0.5177199840545654,1782746715.1310902
197300,0.5177800059318542,1782746720.949243
197400,0.5178400278091431,1782746726.7693672
197500,0.5178999900817871,1782746732.5625658
197600,0.5179600119590759,1782746738.2972128
197700,0.51801997423172,1782746744.1920936
197800,0.5180799961090088,1782746750.0523996
197900,0.5181400179862976,1782746755.7508094
198000,0.5181999802589417,1782746761.5719247
198100,0.5182600021362305,1782746767.2762084
198200,0.5183200240135193,1782746773.054793
198300,0.5183799862861633,1782746778.874657
198400,0.5184400081634521,1782746784.5375247
198500,0.5184999704360962,1782746790.4157393
198600,0.518559992313385,1782746796.228212
198700,0.5186200141906738,1782746801.9376185
198800,0.5186799764633179,1782746807.595914
198900,0.5187399983406067,1782746813.4089644
199000,0.5188000202178955,1782746819.1351533
199100,0.5188599824905396,1782746824.8909135
199200,0.5189200043678284,1782746830.6486835
199300,0.5189800262451172,1782746836.438787
199400,0.5190399885177612,1782746842.2978237
199500,0.51910001039505,1782746848.0407586
199600,0.5191599726676941,1782746854.0609329
199700,0.5192199945449829,1782746859.7285516
199800,0.5192800164222717,1782746865.3895147
199900,0.5193399786949158,1782746871.077367
200000,0.5194000005722046,1782746876.8673465
200100,0.5194600224494934,1782747043.527481
200200,0.5195199847221375,1782747049.2650175
200300,0.5195800065994263,1782747054.967622
200400,0.5196400284767151,1782747060.7530432
200500,0.5196999907493591,1782747066.384304
200600,0.519760012626648,1782747072.187632
200700,0.519819974899292,1782747077.7909946
200800,0.5198799967765808,1782747083.558142
200900,0.5199400186538696,1782747089.2665029
201000,0.5199999809265137,1782747094.9353762
201100,0.5200600028038025,1782747100.4752178
201200,0.5201200246810913,1782747106.1400094
201300,0.5201799869537354,1782747111.9410765
201400,0.5202400088310242,1782747117.7299056
201500,0.5202999711036682,1782747123.6949966
201600,0.520359992980957,1782747129.688822
201700,0.5204200148582458,1782747135.4311607
201800,0.5204799771308899,1782747141.0740302
201900,0.5205399990081787,1782747146.84479
202000,0.5206000208854675,1782747152.5552194
202100,0.5206599831581116,1782747158.301102
202200,0.5207200050354004,1782747164.1824908
202300,0.5207800269126892,1782747170.0211914
202400,0.5208399891853333,1782747175.6843061
202500,0.5209000110626221,1782747181.5618556
202600,0.5209599733352661,1782747187.3568518
202700,0.5210199952125549,1782747193.1762786
202800,0.5210800170898438,1782747198.8669276
202900,0.5211399793624878,1782747204.6948526
203000,0.5212000012397766,1782747210.5269806
203100,0.5212600231170654,1782747216.3039627
203200,0.5213199853897095,1782747222.2358308
203300,0.5213800072669983,1782747227.9406428
203400,0.5214400291442871,1782747233.8438823
203500,0.5214999914169312,1782747239.5696497
203600,0.52156001329422,1782747245.3605342
203700,0.521619975566864,1782747251.1573243
203800,0.5216799974441528,1782747256.8753693
203900,0.5217400193214417,1782747263.1927032
204000,0.5217999815940857,1782747269.0200763
204100,0.5218600034713745,1782747274.832987
204200,0.5219200253486633,1782747280.5537682
204300,0.5219799876213074,1782747286.2925854
204400,0.5220400094985962,1782747292.1250176
204500,0.5220999717712402,1782747297.972598
204600,0.522159993648529,1782747303.771016
204700,0.5222200155258179,1782747309.7681155
204800,0.5222799777984619,1782747315.4174805
204900,0.5223399996757507,1782747321.0928612
205000,0.5224000215530396,1782747326.677764
205100,0.5224599838256836,1782747332.3910146
205200,0.5225200057029724,1782747338.0030732
205300,0.5225800275802612,1782747343.842798
205400,0.5226399898529053,1782747349.547791
205500,0.5227000117301941,1782747355.4047356
205600,0.5227599740028381,1782747360.9945953
205700,0.522819995880127,1782747366.7201974
205800,0.5228800177574158,1782747372.485529
205900,0.5229399800300598,1782747378.2552898
206000,0.5230000019073486,1782747383.9729662
206100,0.5230600237846375,1782747389.8849413
206200,0.5231199860572815,1782747395.8979323
206300,0.5231800079345703,1782747401.7838178
206400,0.5232399702072144,1782747407.4339502
206500,0.5232999920845032,1782747413.353549
206600,0.523360013961792,1782747419.000227
206700,0.523419976234436,1782747424.7504342
206800,0.5234799981117249,1782747430.3842542
206900,0.5235400199890137,1782747436.197255
207000,0.5235999822616577,1782747442.0245821
207100,0.5236600041389465,1782747447.8371518
207200,0.5237200260162354,1782747453.6721065
207300,0.5237799882888794,1782747459.4718466
207400,0.5238400101661682,1782747465.45324
207500,0.5238999724388123,1782747471.1371815
207600,0.5239599943161011,1782747476.753031
207700,0.5240200161933899,1782747482.3781512
207800,0.5240799784660339,1782747487.9966311
207900,0.5241400003433228,1782747493.693063
208000,0.5242000222206116,1782747499.5325816
208100,0.5242599844932556,1782747505.1665676
208200,0.5243200063705444,1782747510.991453
208300,0.5243800282478333,1782747516.8573985
208400,0.5244399905204773,1782747522.4323695
208500,0.5245000123977661,1782747528.2801807
208600,0.5245599746704102,1782747533.8199368
208700,0.524619996547699,1782747539.6408381
208800,0.5246800184249878,1782747545.2593167
208900,0.5247399806976318,1782747550.9529047
209000,0.5248000025749207,1782747556.7767181
209100,0.5248600244522095,1782747562.575207
209200,0.5249199867248535,1782747568.4046288
209300,0.5249800086021423,1782747574.2795389
209400,0.5250399708747864,1782747579.9190183
209500,0.5250999927520752,1782747585.7529757
209600,0.525160014629364,1782747591.5506966
209700,0.5252199769020081,1782747597.197617
209800,0.5252799987792969,1782747603.2168834
209900,0.5253400206565857,1782747608.9107478
210000,0.5253999829292297,1782747614.758425
210100,0.5254600048065186,1782747620.5096116
210200,0.5255200266838074,1782747626.3773444
210300,0.5255799889564514,1782747632.220547
210400,0.5256400108337402,1782747638.0254939
210500,0.5256999731063843,1782747643.7526016
210600,0.5257599949836731,1782747649.5653584
210700,0.5258200168609619,1782747655.6100662
210800,0.525879979133606,1782747661.4914536
210900,0.5259400010108948,1782747667.5584798
211000,0.5260000228881836,1782747673.2707388
211100,0.5260599851608276,1782747679.0199802
211200,0.5261200070381165,1782747684.8715148
211300,0.5261800289154053,1782747690.8176594
211400,0.5262399911880493,1782747696.6508493
211500,0.5263000130653381,1782747702.5911565
211600,0.5263599753379822,1782747708.2925704
211700,0.526419997215271,1782747714.1345267
211800,0.5264800190925598,1782747719.7682495
211900,0.5265399813652039,1782747725.6608286
212000,0.5266000032424927,1782747731.3973324
212100,0.5266600251197815,1782747737.4688075
212200,0.5267199873924255,1782747743.1506255
212300,0.5267800092697144,1782747748.8612618
212400,0.5268399715423584,1782747754.5283077
212500,0.5268999934196472,1782747760.5034924
212600,0.526960015296936,1782747766.2033453
212700,0.5270199775695801,1782747771.9561355
212800,0.5270799994468689,1782747777.74137
212900,0.5271400213241577,1782747783.6944911
213000,0.5271999835968018,1782747789.5064352
213100,0.5272600054740906,1782747795.3859575
213200,0.5273200273513794,1782747801.2998168
213300,0.5273799896240234,1782747807.4155998
213400,0.5274400115013123,1782747813.2517238
213500,0.5274999737739563,1782747819.222544
213600,0.5275599956512451,1782747824.9763775
213700,0.5276200175285339,1782747830.9032927
213800,0.527679979801178,1782747837.0289145
213900,0.5277400016784668,1782747842.7653642
214000,0.5278000235557556,1782747848.5101485
214100,0.5278599858283997,1782747854.5625908
214200,0.5279200077056885,1782747860.3759272
214300,0.5279800295829773,1782747866.270855
214400,0.5280399918556213,1782747872.1205673
214500,0.5281000137329102,1782747878.1348104
214600,0.5281599760055542,1782747884.0961292
214700,0.528219997882843,1782747890.3986554
214800,0.5282800197601318,1782747896.1820872
214900,0.5283399820327759,1782747902.117371
215000,0.5284000039100647,1782747907.825136
215100,0.5284600257873535,1782747913.819528
215200,0.5285199880599976,1782747919.7728052
215300,0.5285800099372864,1782747925.4973156
215400,0.5286399722099304,1782747931.2771387
215500,0.5286999940872192,1782747937.037822
215600,0.5287600159645081,1782747942.926427
215700,0.5288199782371521,1782747948.8651373
215800,0.5288800001144409,1782747954.5040812
215900,0.5289400219917297,1782747960.339775
216000,0.5289999842643738,1782747966.1718192
216100,0.5290600061416626,1782747972.3020277
216200,0.5291200280189514,1782747978.274882
216300,0.5291799902915955,1782747983.9980917
216400,0.5292400121688843,1782747989.8923652
216500,0.5292999744415283,1782747995.6717563
216600,0.5293599963188171,1782748001.6885962
216700,0.529420018196106,1782748007.6581051
216800,0.52947998046875,1782748013.5159326
216900,0.5295400023460388,1782748019.2545655
217000,0.5296000242233276,1782748024.8701053
217100,0.5296599864959717,1782748030.4924722
217200,0.5297200083732605,1782748036.4818912
217300,0.5297799706459045,1782748042.303353
217400,0.5298399925231934,1782748048.0849485
217500,0.5299000144004822,1782748053.8383381
217600,0.5299599766731262,1782748059.6016128
217700,0.530019998550415,1782748065.087271
217800,0.5300800204277039,1782748070.9771612
217900,0.5301399827003479,1782748076.923497
218000,0.5302000045776367,1782748082.9027393
218100,0.5302600264549255,1782748089.2101057
218200,0.5303199887275696,1782748094.990018
218300,0.5303800106048584,1782748101.1707852
218400,0.5304399728775024,1782748107.128639
218500,0.5304999947547913,1782748113.184514
218600,0.5305600166320801,1782748119.171819
218700,0.5306199789047241,1782748125.3796167
218800,0.5306800007820129,1782748131.3877115
218900,0.5307400226593018,1782748137.532684
219000,0.5307999849319458,1782748143.8336134
219100,0.5308600068092346,1782748149.817605
219200,0.5309200286865234,1782748155.8029494
219300,0.5309799909591675,1782748161.796324
219400,0.5310400128364563,1782748167.9656029
219500,0.5310999751091003,1782748174.0909982
219600,0.5311599969863892,1782748180.265047
219700,0.531220018863678,1782748186.319281
219800,0.531279981136322,1782748192.5220687
219900,0.5313400030136108,1782748198.5775123
220000,0.5314000248908997,1782748204.7049916
220100,0.5314599871635437,1782748210.844123
220200,0.5315200090408325,1782748216.9483407
220300,0.5315799713134766,1782748223.0267146
220400,0.5316399931907654,1782748229.0867264
220500,0.5317000150680542,1782748235.0385845
220600,0.5317599773406982,1782748241.149224
220700,0.5318199992179871,1782748247.2055945
220800,0.5318800210952759,1782748253.331744
220900,0.5319399833679199,1782748259.4455097
221000,0.5320000052452087,1782748265.5267599
221100,0.5320600271224976,1782748271.5960057
221200,0.5321199893951416,1782748277.4567626
221300,0.5321800112724304,1782748283.3749774
221400,0.5322399735450745,1782748289.622241
221500,0.5322999954223633,1782748295.8571467
221600,0.5323600172996521,1782748302.011566
221700,0.5324199795722961,1782748308.1338856
221800,0.532480001449585,1782748314.1979442
221900,0.5325400233268738,1782748320.1273584
222000,0.5325999855995178,1782748326.2102952
222100,0.5326600074768066,1782748332.2100809
222200,0.5327200293540955,1782748338.0798883
222300,0.5327799916267395,1782748344.1597013
222400,0.5328400135040283,1782748350.1018817
222500,0.5328999757766724,1782748356.271004
222600,0.5329599976539612,1782748362.317833
222700,0.53302001953125,1782748368.274342
222800,0.533079981803894,1782748374.2108145
222900,0.5331400036811829,1782748380.4634707
223000,0.5332000255584717,1782748386.330224
223100,0.5332599878311157,1782748392.5013373
223200,0.5333200097084045,1782748398.6874232
223300,0.5333799719810486,1782748404.6448555
223400,0.5334399938583374,1782748410.6657758
223500,0.5335000157356262,1782748417.0097575
223600,0.5335599780082703,1782748422.963602
223700,0.5336199998855591,1782748429.2817895
223800,0.5336800217628479,1782748435.161771
223900,0.5337399840354919,1782748441.2022321
224000,0.5338000059127808,1782748447.0782132
224100,0.5338600277900696,1782748453.069603
224200,0.5339199900627136,1782748459.0998142
224300,0.5339800119400024,1782748465.0229297
224400,0.5340399742126465,1782748471.0614858
224500,0.5340999960899353,1782748477.0528088
224600,0.5341600179672241,1782748483.1320148
224700,0.5342199802398682,1782748489.180417
224800,0.534280002117157,1782748495.1708806
224900,0.5343400239944458,1782748501.042412
225000,0.5343999862670898,1782748507.0573761
225100,0.5344600081443787,1782748627.898962
225200,0.5345199704170227,1782748633.9309049
225300,0.5345799922943115,1782748640.2562935
225400,0.5346400141716003,1782748646.158165
225500,0.5346999764442444,1782748652.393802
225600,0.5347599983215332,1782748658.3898885
225700,0.534820020198822,1782748664.1617134
225800,0.5348799824714661,1782748670.0831294
225900,0.5349400043487549,1782748676.1908703
226000,0.5350000262260437,1782748682.1841857
226100,0.5350599884986877,1782748688.1667173
226200,0.5351200103759766,1782748694.236954
226300,0.5351799726486206,1782748700.503426
226400,0.5352399945259094,1782748706.4218035
226500,0.5353000164031982,1782748712.5079403
226600,0.5353599786758423,1782748718.524916
226700,0.5354200005531311,1782748724.500279
226800,0.5354800224304199,1782748730.3842723
226900,0.535539984703064,1782748736.6456065
227000,0.5356000065803528,1782748742.5527427
227100,0.5356600284576416,1782748748.5440993
227200,0.5357199907302856,1782748754.6718173
227300,0.5357800126075745,1782748760.7373414
227400,0.5358399748802185,1782748766.8108923
227500,0.5358999967575073,1782748772.7189302
227600,0.5359600186347961,1782748779.0447068
227700,0.5360199809074402,1782748785.0194795
227800,0.536080002784729,1782748791.027231
227900,0.5361400246620178,1782748796.973356
228000,0.5361999869346619,1782748803.001009
228100,0.5362600088119507,1782748809.1582794
228200,0.5363199710845947,1782748815.19127
228300,0.5363799929618835,1782748821.076582
228400,0.5364400148391724,1782748827.1549633
228500,0.5364999771118164,1782748833.211093
228600,0.5365599989891052,1782748839.257263
228700,0.536620020866394,1782748845.211038
228800,0.5366799831390381,1782748851.3981733
228900,0.5367400050163269,1782748857.5380025
229000,0.5368000268936157,1782748863.716488
229100,0.5368599891662598,1782748869.725037
229200,0.5369200110435486,1782748875.8295708
229300,0.5369799733161926,1782748881.7619073
229400,0.5370399951934814,1782748887.8018482
229500,0.5371000170707703,1782748894.0336082
229600,0.5371599793434143,1782748900.1569953
229700,0.5372200012207031,1782748906.1869438
229800,0.5372800230979919,1782748912.2460327
229900,0.537339985370636,1782748918.4047241
230000,0.5374000072479248,1782748924.5428379
230100,0.5374600291252136,1782748930.5027342
230200,0.5375199913978577,1782748936.7008748
230300,0.5375800132751465,1782748942.7082329
230400,0.5376399755477905,1782748948.6251528
230500,0.5376999974250793,1782748954.8078632
230600,0.5377600193023682,1782748960.5724623
230700,0.5378199815750122,1782748966.4239337
230800,0.537880003452301,1782748972.508177
230900,0.5379400253295898,1782748978.476616
231000,0.5379999876022339,1782748984.412294
231100,0.5380600094795227,1782748990.7048526
231200,0.5381199717521667,1782748996.6217215
231300,0.5381799936294556,1782749002.670865
231400,0.5382400155067444,1782749008.74233
231500,0.5382999777793884,1782749014.8212342
231600,0.5383599996566772,1782749021.0185003
231700,0.5384200215339661,1782749026.9245822
231800,0.5384799838066101,1782749033.1866312
231900,0.5385400056838989,1782749039.216464
232000,0.5386000275611877,1782749045.1547635
232100,0.5386599898338318,1782749051.183401
232200,0.5387200117111206,1782749057.425056
232300,0.5387799739837646,1782749063.4184477
232400,0.5388399958610535,1782749069.340568
232500,0.5389000177383423,1782749075.3877838
232600,0.5389599800109863,1782749081.3449032
232700,0.5390200018882751,1782749087.5502508
232800,0.539080023765564,1782749093.5638268
232900,0.539139986038208,1782749099.700514
233000,0.5392000079154968,1782749105.4857225
233100,0.5392600297927856,1782749111.7018657
233200,0.5393199920654297,1782749117.4854887
233300,0.5393800139427185,1782749123.3866808
233400,0.5394399762153625,1782749129.2582057
233500,0.5394999980926514,1782749135.1964467
233600,0.5395600199699402,1782749141.179917
233700,0.5396199822425842,1782749147.1960528
233800,0.539680004119873,1782749153.4680145
233900,0.5397400259971619,1782749159.6189063
234000,0.5397999882698059,1782749165.750741
234100,0.5398600101470947,1782749171.7617066
234200,0.5399199724197388,1782749177.6242068
234300,0.5399799942970276,1782749183.8038778
234400,0.5400400161743164,1782749189.9162753
234500,0.5400999784469604,1782749195.9041288
234600,0.5401600003242493,1782749201.86945
234700,0.5402200222015381,1782749207.6941333
234800,0.5402799844741821,1782749213.6787124
234900,0.540340006351471,1782749219.6335697
235000,0.5404000282287598,1782749225.661125
235100,0.5404599905014038,1782749231.4385178
235200,0.5405200123786926,1782749237.3905003
235300,0.5405799746513367,1782749243.6842318
235400,0.5406399965286255,1782749249.626835
235500,0.5407000184059143,1782749255.5831704
235600,0.5407599806785583,1782749261.6433759
235700,0.5408200025558472,1782749267.7917411
235800,0.540880024433136,1782749273.772679
235900,0.54093998670578,1782749279.9365804
236000,0.5410000085830688,1782749285.9704607
236100,0.5410599708557129,1782749291.8031404
236200,0.5411199927330017,1782749297.7623594
236300,0.5411800146102905,1782749303.699906
236400,0.5412399768829346,1782749309.7869983
236500,0.5412999987602234,1782749315.6864204
236600,0.5413600206375122,1782749321.6516364
236700,0.5414199829101562,1782749327.6057608
236800,0.5414800047874451,1782749333.6156754
236900,0.5415400266647339,1782749339.83692
237000,0.5415999889373779,1782749345.8862412
237100,0.5416600108146667,1782749352.191317
237200,0.5417199730873108,1782749358.3318102
237300,0.5417799949645996,1782749364.183511
237400,0.5418400168418884,1782749370.3017678
237500,0.5418999791145325,1782749376.5230374
237600,0.5419600009918213,1782749382.4800794
237700,0.5420200228691101,1782749388.551181
237800,0.5420799851417542,1782749394.5415323
237900,0.542140007019043,1782749400.6411734
238000,0.5422000288963318,1782749406.4408348
238100,0.5422599911689758,1782749412.834813
238200,0.5423200130462646,1782749418.8719037
238300,0.5423799753189087,1782749424.9503424
238400,0.5424399971961975,1782749430.9403582
238500,0.5425000190734863,1782749436.932135
238600,0.5425599813461304,1782749442.99641
238700,0.5426200032234192,1782749448.8112755
238800,0.542680025100708,1782749454.9069386
238900,0.542739987373352,1782749460.9251697
239000,0.5428000092506409,1782749466.7982802
239100,0.5428599715232849,1782749472.819599
239200,0.5429199934005737,1782749478.7985072
239300,0.5429800152778625,1782749484.8066852
239400,0.5430399775505066,1782749490.8357122
239500,0.5430999994277954,1782749497.0814886
239600,0.5431600213050842,1782749503.2704146
239700,0.5432199835777283,1782749509.3837514
239800,0.5432800054550171,1782749515.5039933
239900,0.5433400273323059,1782749521.6348877
240000,0.54339998960495,1782749527.6267219
240100,0.5434600114822388,1782749533.5141246
240200,0.5435199737548828,1782749539.7697816
240300,0.5435799956321716,1782749546.039868
240400,0.5436400175094604,1782749552.060399
240500,0.5436999797821045,1782749557.949318
240600,0.5437600016593933,1782749563.9255807
240700,0.5438200235366821,1782749569.827412
240800,0.5438799858093262,1782749575.7253742
240900,0.543940007686615,1782749581.5895035
241000,0.5440000295639038,1782749587.7129195
241100,0.5440599918365479,1782749593.7709582
241200,0.5441200137138367,1782749599.5493
241300,0.5441799759864807,1782749605.5371022
241400,0.5442399978637695,1782749611.519927
241500,0.5443000197410583,1782749617.6260383
241600,0.5443599820137024,1782749623.5111895
241700,0.5444200038909912,1782749629.3762658
241800,0.54448002576828,1782749635.2841842
241900,0.5445399880409241,1782749641.1968596
242000,0.5446000099182129,1782749647.2673905
242100,0.5446599721908569,1782749653.3256884
242200,0.5447199940681458,1782749659.1704857
242300,0.5447800159454346,1782749665.197195
242400,0.5448399782180786,1782749671.0963526
242500,0.5449000000953674,1782749677.3386028
242600,0.5449600219726562,1782749683.3570607
242700,0.5450199842453003,1782749689.5226107
242800,0.5450800061225891,1782749695.387572
242900,0.5451400279998779,1782749701.6391194
243000,0.545199990272522,1782749707.6685045
243100,0.5452600121498108,1782749713.6700401
243200,0.5453199744224548,1782749719.6281865
243300,0.5453799962997437,1782749725.5394785
243400,0.5454400181770325,1782749731.837534
243500,0.5454999804496765,1782749737.665574
243600,0.5455600023269653,1782749743.9435043
243700,0.5456200242042542,1782749749.8956351
243800,0.5456799864768982,1782749755.79344
243900,0.545740008354187,1782749762.0831895
244000,0.545799970626831,1782749768.4279995
244100,0.5458599925041199,1782749774.5505888
244200,0.5459200143814087,1782749780.5115871
244300,0.5459799766540527,1782749786.4768906
244400,0.5460399985313416,1782749792.7029738
244500,0.5461000204086304,1782749798.9101293
244600,0.5461599826812744,1782749804.9195685
244700,0.5462200045585632,1782749810.8850455
244800,0.546280026435852,1782749816.931001
244900,0.5463399887084961,1782749822.8358917
245000,0.5464000105857849,1782749829.0074744
245100,0.546459972858429,1782749834.9727213
245200,0.5465199947357178,1782749840.7969196
245300,0.5465800166130066,1782749846.8044386
245400,0.5466399788856506,1782749852.9411757
245500,0.5467000007629395,1782749859.0347605
245600,0.5467600226402283,1782749864.98269
245700,0.5468199849128723,1782749871.0441284
245800,0.5468800067901611,1782749877.0095572
245900,0.54694002866745,1782749883.0065184
246000,0.546999990940094,1782749889.1402302
246100,0.5470600128173828,1782749895.154111
246200,0.5471199750900269,1782749901.1293035
246300,0.5471799969673157,1782749907.0449476
246400,0.5472400188446045,1782749913.1046166
246500,0.5472999811172485,1782749919.0304306
246600,0.5473600029945374,1782749925.0635705
246700,0.5474200248718262,1782749930.963996
246800,0.5474799871444702,1782749937.1078439
246900,0.547540009021759,1782749943.1412723
247000,0.5475999712944031,1782749949.2237337
247100,0.5476599931716919,1782749955.2127786
247200,0.5477200150489807,1782749961.314993
247300,0.5477799773216248,1782749967.2601185
247400,0.5478399991989136,1782749973.5831237
247500,0.5479000210762024,1782749979.4641428
247600,0.5479599833488464,1782749985.4032807
247700,0.5480200052261353,1782749991.3322053
247800,0.5480800271034241,1782749997.4903538
247900,0.5481399893760681,1782750003.3507128
248000,0.5482000112533569,1782750009.4672344
248100,0.548259973526001,1782750015.4123943
248200,0.5483199954032898,1782750021.6450186
248300,0.5483800172805786,1782750027.8122315
248400,0.5484399795532227,1782750033.948094
248500,0.5485000014305115,1782750039.9871583
248600,0.5485600233078003,1782750045.8364427
248700,0.5486199855804443,1782750051.782674
248800,0.5486800074577332,1782750057.7397318
248900,0.548740029335022,1782750063.6542668
249000,0.548799991607666,1782750069.709734
249100,0.5488600134849548,1782750075.731574
249200,0.5489199757575989,1782750081.7517786
249300,0.5489799976348877,1782750087.764519
249400,0.5490400195121765,1782750093.7733612
249500,0.5490999817848206,1782750099.8953097
249600,0.5491600036621094,1782750106.095121
249700,0.5492200255393982,1782750111.9599984
249800,0.5492799878120422,1782750118.018471
249900,0.549340009689331,1782750123.9547787
250000,0.5493999719619751,1782750129.8746011
250100,0.5494599938392639,1782750291.9849527
250200,0.5495200157165527,1782750297.718054
250300,0.5495799779891968,1782750303.448339
250400,0.5496399998664856,1782750309.3009844
250500,0.5497000217437744,1782750315.143238
250600,0.5497599840164185,1782750321.109372
250700,0.5498200058937073,1782750327.1514263
250800,0.5498800277709961,1782750333.222447
250900,0.5499399900436401,1782750339.5146513
251000,0.550000011920929,1782750345.4271045
251100,0.550059974193573,1782750351.4393911
251200,0.5501199960708618,1782750357.3038795
251300,0.5501800179481506,1782750363.2308695
251400,0.5502399802207947,1782750369.2664948
251500,0.5503000020980835,1782750375.358832
251600,0.5503600239753723,1782750381.234098
251700,0.5504199862480164,1782750386.934027
251800,0.5504800081253052,1782750392.722825
251900,0.5505399703979492,1782750398.4943762
252000,0.550599992275238,1782750404.587536
252100,0.5506600141525269,1782750410.3991418
252200,0.5507199764251709,1782750416.2344954
252300,0.5507799983024597,1782750422.1844537
252400,0.5508400201797485,1782750428.2808468
252500,0.5508999824523926,1782750434.110394
252600,0.5509600043296814,1782750440.3861868
252700,0.5510200262069702,1782750446.4017496
252800,0.5510799884796143,1782750452.1704435
252900,0.5511400103569031,1782750458.3958673
253000,0.5511999726295471,1782750464.3354695
253100,0.5512599945068359,1782750470.1058462
253200,0.5513200163841248,1782750476.3842247
253300,0.5513799786567688,1782750482.5342336
253400,0.5514400005340576,1782750488.3598883
253500,0.5515000224113464,1782750494.3348935
253600,0.5515599846839905,1782750500.3098571
253700,0.5516200065612793,1782750506.3016422
253800,0.5516800284385681,1782750512.498865
253900,0.5517399907112122,1782750518.2591956
254000,0.551800012588501,1782750524.2048144
254100,0.551859974861145,1782750530.0742848
254200,0.5519199967384338,1782750536.1969101
254300,0.5519800186157227,1782750542.0554214
254400,0.5520399808883667,1782750547.938425
254500,0.5521000027656555,1782750553.7004924
254600,0.5521600246429443,1782750559.5681584
254700,0.5522199869155884,1782750565.4481323
254800,0.5522800087928772,1782750571.5271602
254900,0.5523399710655212,1782750577.4406753
255000,0.5523999929428101,1782750583.7375386
255100,0.5524600148200989,1782750589.7775455
255200,0.5525199770927429,1782750595.969858
255300,0.5525799989700317,1782750602.207181
255400,0.5526400208473206,1782750607.9727633
255500,0.5526999831199646,1782750613.6400113
255600,0.5527600049972534,1782750619.5662322
255700,0.5528200268745422,1782750625.7875316
255800,0.5528799891471863,1782750631.6239846
255900,0.5529400110244751,1782750637.9580216
256000,0.5529999732971191,1782750644.137315
256100,0.553059995174408,1782750650.2424812
256200,0.5531200170516968,1782750656.2697754
256300,0.5531799793243408,1782750662.2485995
256400,0.5532400012016296,1782750668.4742746
256500,0.5533000230789185,1782750674.3401597
256600,0.5533599853515625,1782750680.2063112
256700,0.5534200072288513,1782750686.093286
256800,0.5534800291061401,1782750692.0174537
256900,0.5535399913787842,1782750697.927343
257000,0.553600013256073,1782750703.716169
257100,0.553659975528717,1782750709.7127645
257200,0.5537199974060059,1782750715.7363436
257300,0.5537800192832947,1782750721.6891108
257400,0.5538399815559387,1782750727.9307806
257500,0.5539000034332275,1782750733.7540739
257600,0.5539600253105164,1782750739.800907
257700,0.5540199875831604,1782750745.9374342
257800,0.5540800094604492,1782750751.8261662
257900,0.5541399717330933,1782750757.7122748
258000,0.5541999936103821,1782750763.538898
258100,0.5542600154876709,1782750769.9476225
258200,0.5543199777603149,1782750776.1624508
258300,0.5543799996376038,1782750782.1821094
258400,0.5544400215148926,1782750788.2393556
258500,0.5544999837875366,1782750794.2757597
258600,0.5545600056648254,1782750800.1581311
258700,0.5546200275421143,1782750806.276713
258800,0.5546799898147583,1782750812.5168746
258900,0.5547400116920471,1782750818.56492
259000,0.5547999739646912,1782750824.319947
259100,0.55485999584198,1782750830.373968
259200,0.5549200177192688,1782750836.1323323
259300,0.5549799799919128,1782750842.3838181
259400,0.5550400018692017,1782750848.5474036
259500,0.5551000237464905,1782750854.755993
259600,0.5551599860191345,1782750860.461191
259700,0.5552200078964233,1782750866.3196533
259800,0.5552800297737122,1782750872.35478
259900,0.5553399920463562,1782750878.034418
260000,0.555400013923645,1782750883.9876168
260100,0.5554599761962891,1782750889.7463238
260200,0.5555199980735779,1782750896.0694494
260300,0.5555800199508667,1782750901.8411736
260400,0.5556399822235107,1782750907.8686714
260500,0.5557000041007996,1782750914.0859811
260600,0.5557600259780884,1782750919.920782
260700,0.5558199882507324,1782750925.8954809
260800,0.5558800101280212,1782750931.7442076
260900,0.5559399724006653,1782750937.5377617
261000,0.5559999942779541,1782750943.275862
261100,0.5560600161552429,1782750949.936716
261200,0.556119978427887,1782750955.9002972
261300,0.5561800003051758,1782750961.6161044
261400,0.5562400221824646,1782750967.4712389
261500,0.5562999844551086,1782750973.1633697
261600,0.5563600063323975,1782750979.390377
261700,0.5564200282096863,1782750985.2405357
261800,0.5564799904823303,1782750991.1440837
261900,0.5565400123596191,1782750997.1539526
262000,0.5565999746322632,1782751002.7704484
262100,0.556659996509552,1782751008.681258
262200,0.5567200183868408,1782751014.962826
262300,0.5567799806594849,1782751020.6421523
262400,0.5568400025367737,1782751026.643385
262500,0.5569000244140625,1782751032.2059789
262600,0.5569599866867065,1782751038.0855477
262700,0.5570200085639954,1782751044.0619004
262800,0.5570799708366394,1782751049.7210996
262900,0.5571399927139282,1782751055.5700727
263000,0.557200014591217,1782751061.4153855
263100,0.5572599768638611,1782751067.2175224
263200,0.5573199987411499,1782751073.3505232
263300,0.5573800206184387,1782751079.37293
263400,0.5574399828910828,1782751085.224997
263500,0.5575000047683716,1782751091.0721543
263600,0.5575600266456604,1782751096.737037
263700,0.5576199889183044,1782751102.6180112
263800,0.5576800107955933,1782751108.5447981
263900,0.5577399730682373,1782751114.1790164
264000,0.5577999949455261,1782751120.270564
264100,0.5578600168228149,1782751126.1072533
264200,0.557919979095459,1782751132.407534
264300,0.5579800009727478,1782751138.654778
264400,0.5580400228500366,1782751144.9720926
264500,0.5580999851226807,1782751151.0692892
264600,0.5581600069999695,1782751157.38348
264700,0.5582200288772583,1782751163.4862738
264800,0.5582799911499023,1782751169.555013
264900,0.5583400130271912,1782751175.7294638
265000,0.5583999752998352,1782751181.7483041
265100,0.558459997177124,1782751187.8355484
265200,0.5585200190544128,1782751193.967655
265300,0.5585799813270569,1782751200.1050627
265400,0.5586400032043457,1782751206.1073377
265500,0.5587000250816345,1782751212.2554936
265600,0.5587599873542786,1782751218.2905407
265700,0.5588200092315674,1782751224.1803296
265800,0.5588799715042114,1782751230.3271728
265900,0.5589399933815002,1782751236.2944903
266000,0.5590000152587891,1782751242.1619105
266100,0.5590599775314331,1782751248.2069318
266200,0.5591199994087219,1782751254.1097703
266300,0.5591800212860107,1782751260.033545
266400,0.5592399835586548,1782751266.1934912
266500,0.5593000054359436,1782751272.2757761
266600,0.5593600273132324,1782751278.2106247
266700,0.5594199895858765,1782751284.4444385
266800,0.5594800114631653,1782751290.487996
266900,0.5595399737358093,1782751296.6694229
267000,0.5595999956130981,1782751303.0053067
267100,0.559660017490387,1782751309.0037
267200,0.559719979763031,1782751315.2928782
267300,0.5597800016403198,1782751321.2165797
267400,0.5598400235176086,1782751327.3181345
267500,0.5598999857902527,1782751333.6056101
267600,0.5599600076675415,1782751339.8288584
267700,0.5600200295448303,1782751345.9519336
267800,0.5600799918174744,1782751351.9655058
267900,0.5601400136947632,1782751358.2899556
268000,0.5601999759674072,1782751364.49878
268100,0.560259997844696,1782751370.5284173
268200,0.5603200197219849,1782751376.6904883
268300,0.5603799819946289,1782751382.6514452
268400,0.5604400038719177,1782751388.8599353
268500,0.5605000257492065,1782751394.9176905
268600,0.5605599880218506,1782751401.0265691
268700,0.5606200098991394,1782751407.1438696
268800,0.5606799721717834,1782751413.1846359
268900,0.5607399940490723,1782751419.5160239
269000,0.5608000159263611,1782751425.6303208
269100,0.5608599781990051,1782751431.75075
269200,0.560920000076294,1782751437.6324468
269300,0.5609800219535828,1782751443.6184356
269400,0.5610399842262268,1782751449.8061895
269500,0.5611000061035156,1782751456.1358254
269600,0.5611600279808044,1782751461.9507456
269700,0.5612199902534485,1782751467.975754
269800,0.5612800121307373,1782751474.2181563
269900,0.5613399744033813,1782751480.482283
270000,0.5613999962806702,1782751486.4635139
270100,0.561460018157959,1782751492.4214532
270200,0.561519980430603,1782751498.5736496
270300,0.5615800023078918,1782751504.7350187
270400,0.5616400241851807,1782751510.8098185
270500,0.5616999864578247,1782751516.9272177
270600,0.5617600083351135,1782751523.1428397
270700,0.5618199706077576,1782751529.1753213
270800,0.5618799924850464,1782751535.3983412
270900,0.5619400143623352,1782751541.328706
271000,0.5619999766349792,1782751547.6298604
271100,0.5620599985122681,1782751553.8025818
271200,0.5621200203895569,1782751559.7089548
271300,0.5621799826622009,1782751565.7553504
271400,0.5622400045394897,1782751571.816523
271500,0.5623000264167786,1782751578.0966432
271600,0.5623599886894226,1782751584.0309277
271700,0.5624200105667114,1782751590.2831619
271800,0.5624799728393555,1782751596.215235
271900,0.5625399947166443,1782751602.3919182
272000,0.5626000165939331,1782751608.4258435
272100,0.5626599788665771,1782751614.3699872
272200,0.562720000743866,1782751620.7067254
272300,0.5627800226211548,1782751626.7779434
272400,0.5628399848937988,1782751632.8370242
272500,0.5629000067710876,1782751638.7851295
272600,0.5629600286483765,1782751645.089068
272700,0.5630199909210205,1782751651.019721
272800,0.5630800127983093,1782751657.173392
272900,0.5631399750709534,1782751663.0656745
273000,0.5631999969482422,1782751669.1739354
273100,0.563260018825531,1782751675.1219287
273200,0.563319981098175,1782751681.1735365
273300,0.5633800029754639,1782751687.0902324
273400,0.5634400248527527,1782751693.2871194
273500,0.5634999871253967,1782751699.1987445
273600,0.5635600090026855,1782751705.233427
273700,0.5636199712753296,1782751711.1413076
273800,0.5636799931526184,1782751717.2728884
273900,0.5637400150299072,1782751723.3511345
274000,0.5637999773025513,1782751729.3130095
274100,0.5638599991798401,1782751735.525066
274200,0.5639200210571289,1782751741.6510942
274300,0.563979983329773,1782751747.5850635
274400,0.5640400052070618,1782751753.6471527
274500,0.5641000270843506,1782751759.4917634
274600,0.5641599893569946,1782751765.4583614
274700,0.5642200112342834,1782751771.4537547
274800,0.5642799735069275,1782751777.4337542
274900,0.5643399953842163,1782751783.455258
275000,0.5644000172615051,1782751789.5907114
275100,0.5644599795341492,1782751959.9549024
275200,0.564520001411438,1782751965.908638
275300,0.5645800232887268,1782751972.1112037
275400,0.5646399855613708,1782751978.1085296
275500,0.5647000074386597,1782751984.2631257
275600,0.5647600293159485,1782751990.4864576
275700,0.5648199915885925,1782751996.5433152
275800,0.5648800134658813,1782752002.441806
275900,0.5649399757385254,1782752008.617532
276000,0.5649999976158142,1782752014.6092637
276100,0.565060019493103,1782752020.5155218
276200,0.5651199817657471,1782752026.687056
276300,0.5651800036430359,1782752032.6115682
276400,0.5652400255203247,1782752038.8196514
276500,0.5652999877929688,1782752044.8635957
276600,0.5653600096702576,1782752050.8194737
276700,0.5654199719429016,1782752056.808765
276800,0.5654799938201904,1782752062.6971538
276900,0.5655400156974792,1782752068.6979225
277000,0.5655999779701233,1782752074.9051783
277100,0.5656599998474121,1782752081.005744
277200,0.5657200217247009,1782752086.9691372
277300,0.565779983997345,1782752093.15628
277400,0.5658400058746338,1782752099.070448
277500,0.5659000277519226,1782752105.0747876
277600,0.5659599900245667,1782752111.182904
277700,0.5660200119018555,1782752117.0950437
277800,0.5660799741744995,1782752123.187377
277900,0.5661399960517883,1782752129.103475
278000,0.5662000179290771,1782752135.0622656
278100,0.5662599802017212,1782752141.177073
278200,0.56632000207901,1782752147.0721304
278300,0.5663800239562988,1782752153.3112047
278400,0.5664399862289429,1782752159.5283759
278500,0.5665000081062317,1782752165.6016088
278600,0.5665599703788757,1782752171.5421064
278700,0.5666199922561646,1782752177.750344
278800,0.5666800141334534,1782752183.6893322
278900,0.5667399764060974,1782752189.9002576
279000,0.5667999982833862,1782752196.0778942
279100,0.566860020160675,1782752202.0330245
279200,0.5669199824333191,1782752208.0387933
279300,0.5669800043106079,1782752214.185527
279400,0.5670400261878967,1782752220.0644917
279500,0.5670999884605408,1782752226.2291088
279600,0.5671600103378296,1782752232.105564
279700,0.5672199726104736,1782752238.098175
279800,0.5672799944877625,1782752244.0504293
279900,0.5673400163650513,1782752250.174939
280000,0.5673999786376953,1782752256.2259371
280100,0.5674600005149841,1782752262.2833657
280200,0.567520022392273,1782752268.5114448
280300,0.567579984664917,1782752274.5482738
280400,0.5676400065422058,1782752280.6402378
280500,0.5677000284194946,1782752286.6659286
280600,0.5677599906921387,1782752292.9335563
280700,0.5678200125694275,1782752299.0990925
280800,0.5678799748420715,1782752305.0410213
280900,0.5679399967193604,1782752311.2144394
281000,0.5680000185966492,1782752317.3190413
281100,0.5680599808692932,1782752323.3566048
281200,0.568120002746582,1782752329.299205
281300,0.5681800246238708,1782752335.3783383
281400,0.5682399868965149,1782752341.7178762
281500,0.5683000087738037,1782752347.6703303
281600,0.5683599710464478,1782752353.6358624
281700,0.5684199929237366,1782752359.7638662
281800,0.5684800148010254,1782752365.687705
281900,0.5685399770736694,1782752371.7287548
282000,0.5685999989509583,1782752377.6820207
282100,0.5686600208282471,1782752383.871403
282200,0.5687199831008911,1782752390.0840287
282300,0.5687800049781799,1782752396.2838643
282400,0.5688400268554688,1782752402.4937358
282500,0.5688999891281128,1782752408.6253762
282600,0.5689600110054016,1782752414.6195514
282700,0.5690199732780457,1782752420.9468575
282800,0.5690799951553345,1782752427.1018791
282900,0.5691400170326233,1782752433.1094716
283000,0.5691999793052673,1782752439.3951108
283100,0.5692600011825562,1782752445.7334745
283200,0.569320023059845,1782752451.9211106
283300,0.569379985332489,1782752457.831621
283400,0.5694400072097778,1782752463.9129179
283500,0.5695000290870667,1782752470.0677638
283600,0.5695599913597107,1782752476.3246703
283700,0.5696200132369995,1782752482.753604
283800,0.5696799755096436,1782752488.7107103
283900,0.5697399973869324,1782752494.8825018
284000,0.5698000192642212,1782752500.8563182
284100,0.5698599815368652,1782752506.966191
284200,0.569920003414154,1782752512.997374
284300,0.5699800252914429,1782752519.2866516
284400,0.5700399875640869,1782752525.2967322
284500,0.5701000094413757,1782752531.5970392
284600,0.5701599717140198,1782752537.7536144
284700,0.5702199935913086,1782752543.9816706
284800,0.5702800154685974,1782752550.228255
284900,0.5703399777412415,1782752556.3885424
285000,0.5703999996185303,1782752562.7254121
285100,0.5704600214958191,1782752568.6851234
285200,0.5705199837684631,1782752574.875565
285300,0.570580005645752,1782752581.0695083
285400,0.5706400275230408,1782752587.3634424
285500,0.5706999897956848,1782752593.4056349
285600,0.5707600116729736,1782752599.3417518
285700,0.5708199739456177,1782752605.3802173
285800,0.5708799958229065,1782752611.3731391
285900,0.5709400177001953,1782752617.2831857
286000,0.5709999799728394,1782752623.308469
286100,0.5710600018501282,1782752629.3650665
286200,0.571120023727417,1782752635.6176581
286300,0.571179986000061,1782752641.7578654
286400,0.5712400078773499,1782752647.8925836
286500,0.5713000297546387,1782752654.0717492
286600,0.5713599920272827,1782752660.1430805
286700,0.5714200139045715,1782752666.2743835
286800,0.5714799761772156,1782752672.275562
286900,0.5715399980545044,1782752678.4161246
287000,0.5716000199317932,1782752684.5463703
287100,0.5716599822044373,1782752690.462759
287200,0.5717200040817261,1782752696.3911185
287300,0.5717800259590149,1782752702.4578583
287400,0.5718399882316589,1782752708.7295134
287500,0.5719000101089478,1782752714.7358115
287600,0.5719599723815918,1782752720.7776544
287700,0.5720199942588806,1782752726.7992177
287800,0.5720800161361694,1782752732.851435
287900,0.5721399784088135,1782752738.9049141
288000,0.5722000002861023,1782752744.8625512
288100,0.5722600221633911,1782752750.766378
288200,0.5723199844360352,1782752756.7067828
288300,0.572380006313324,1782752763.0096142
288400,0.5724400281906128,1782752768.9763792
288500,0.5724999904632568,1782752775.387362
288600,0.5725600123405457,1782752781.5264535
288700,0.5726199746131897,1782752787.4843307
288800,0.5726799964904785,1782752793.737496
288900,0.5727400183677673,1782752799.7223778
289000,0.5727999806404114,1782752805.9247005
289100,0.5728600025177002,1782752812.1100993
289200,0.572920024394989,1782752818.358755
289300,0.5729799866676331,1782752824.6522386
289400,0.5730400085449219,1782752830.8691034
289500,0.5730999708175659,1782752836.9489145
289600,0.5731599926948547,1782752843.2577975
289700,0.5732200145721436,1782752849.476962
289800,0.5732799768447876,1782752855.7431238
289900,0.5733399987220764,1782752861.8858938
290000,0.5734000205993652,1782752867.882232
290100,0.5734599828720093,1782752874.0582783
290200,0.5735200047492981,1782752880.287016
290300,0.5735800266265869,1782752886.6579077
290400,0.573639988899231,1782752892.5850306
290500,0.5737000107765198,1782752898.7299857
290600,0.5737599730491638,1782752904.7154584
290700,0.5738199949264526,1782752910.800441
290800,0.5738800168037415,1782752916.7858427
290900,0.5739399790763855,1782752922.967659
291000,0.5740000009536743,1782752929.0703342
291100,0.5740600228309631,1782752935.1651628
291200,0.5741199851036072,1782752941.1414304
291300,0.574180006980896,1782752947.2061973
291400,0.5742400288581848,1782752953.3965318
291500,0.5742999911308289,1782752959.6155043
291600,0.5743600130081177,1782752965.6317458
291700,0.5744199752807617,1782752971.7112174
291800,0.5744799971580505,1782752977.95621
291900,0.5745400190353394,1782752983.9751542
292000,0.5745999813079834,1782752989.9579422
292100,0.5746600031852722,1782752996.1080313
292200,0.574720025062561,1782753002.5247762
292300,0.5747799873352051,1782753008.5624094
292400,0.5748400092124939,1782753014.5316253
292500,0.5748999714851379,1782753020.5780919
292600,0.5749599933624268,1782753026.6876104
292700,0.5750200152397156,1782753032.703366
292800,0.5750799775123596,1782753038.6426435
292900,0.5751399993896484,1782753044.893509
293000,0.5752000212669373,1782753050.9702523
293100,0.5752599835395813,1782753057.0063796
293200,0.5753200054168701,1782753063.018496
293300,0.5753800272941589,1782753069.2331192
293400,0.575439989566803,1782753075.203952
293500,0.5755000114440918,1782753081.2667077
293600,0.5755599737167358,1782753087.3096893
293700,0.5756199955940247,1782753093.4927285
293800,0.5756800174713135,1782753099.703499
293900,0.5757399797439575,1782753105.9793096
294000,0.5758000016212463,1782753112.1732094
294100,0.5758600234985352,1782753118.3942242
294200,0.5759199857711792,1782753124.561746
294300,0.575980007648468,1782753130.6629279
294400,0.5760400295257568,1782753137.0714264
294500,0.5760999917984009,1782753143.191443
294600,0.5761600136756897,1782753149.291405
294700,0.5762199759483337,1782753155.6394708
294800,0.5762799978256226,1782753161.7904017
294900,0.5763400197029114,1782753167.9768853
295000,0.5763999819755554,1782753174.0547445
295100,0.5764600038528442,1782753180.2380176
295200,0.5765200257301331,1782753186.223645
295300,0.5765799880027771,1782753192.6078775
295400,0.5766400098800659,1782753198.6393766
295500,0.57669997215271,1782753204.8667355
295600,0.5767599940299988,1782753211.071797
295700,0.5768200159072876,1782753217.4220812
295800,0.5768799781799316,1782753223.5841868
295900,0.5769400000572205,1782753229.9072082
296000,0.5770000219345093,1782753235.8884475
296100,0.5770599842071533,1782753242.23618
296200,0.5771200060844421,1782753248.2467034
296300,0.577180027961731,1782753254.2202039
296400,0.577239990234375,1782753260.2878704
296500,0.5773000121116638,1782753266.2785983
296600,0.5773599743843079,1782753272.50719
296700,0.5774199962615967,1782753278.7094212
296800,0.5774800181388855,1782753284.825588
296900,0.5775399804115295,1782753291.2535586
297000,0.5776000022888184,1782753297.4106877
297100,0.5776600241661072,1782753303.7417545
297200,0.5777199864387512,1782753309.975677
297300,0.57778000831604,1782753315.9698267
297400,0.5778399705886841,1782753321.9755692
297500,0.5778999924659729,1782753328.1406934
297600,0.5779600143432617,1782753334.2994323
297700,0.5780199766159058,1782753340.3817372
297800,0.5780799984931946,1782753346.385952
297900,0.5781400203704834,1782753352.462181
298000,0.5781999826431274,1782753358.5873787
298100,0.5782600045204163,1782753364.8886611
298200,0.5783200263977051,1782753371.1316338
298300,0.5783799886703491,1782753377.2989748
298400,0.5784400105476379,1782753383.5352952
298500,0.578499972820282,1782753389.616093
298600,0.5785599946975708,1782753395.7372186
298700,0.5786200165748596,1782753402.0466607
298800,0.5786799788475037,1782753408.2554603
298900,0.5787400007247925,1782753414.3032405
299000,0.5788000226020813,1782753420.229812
299100,0.5788599848747253,1782753426.1368153
299200,0.5789200067520142,1782753432.3097332
299300,0.578980028629303,1782753438.2365263
299400,0.579039990901947,1782753444.2386262
299500,0.5791000127792358,1782753450.3386846
299600,0.5791599750518799,1782753456.360385
299700,0.5792199969291687,1782753462.366684
299800,0.5792800188064575,1782753468.2472892
299900,0.5793399810791016,1782753474.1114337
300000,0.5794000029563904,1782753480.0899997
300100,0.5794600248336792,1782753675.4283571
300200,0.5795199871063232,1782753681.5022745
300300,0.5795800089836121,1782753687.729244
300400,0.5796399712562561,1782753693.7571473
300500,0.5796999931335449,1782753699.8609314
300600,0.5797600150108337,1782753705.9020793
300700,0.5798199772834778,1782753712.2418478
300800,0.5798799991607666,1782753718.2773197
300900,0.5799400210380554,1782753724.5448444
301000,0.5799999833106995,1782753730.6306522
301100,0.5800600051879883,1782753736.8272028
301200,0.5801200270652771,1782753742.9317732
301300,0.5801799893379211,1782753748.8195214
301400,0.58024001121521,1782753754.8110154
301500,0.580299973487854,1782753760.7467916
301600,0.5803599953651428,1782753766.8326416
301700,0.5804200172424316,1782753772.8991926
301800,0.5804799795150757,1782753778.8259494
301900,0.5805400013923645,1782753784.789315
302000,0.5806000232696533,1782753791.08724
302100,0.5806599855422974,1782753797.3481905
302200,0.5807200074195862,1782753803.7157333
302300,0.580780029296875,1782753809.957436
302400,0.580839991569519,1782753816.0798285
302500,0.5809000134468079,1782753822.1759756
302600,0.5809599757194519,1782753828.3674073
302700,0.5810205936431885,1782807556.6757562
302800,0.5810806155204773,1782807562.5537565
302900,0.5811405777931213,1782807568.5443957
303000,0.5812005996704102,1782807574.509122
303100,0.581260621547699,1782807580.3719132
303200,0.581320583820343,1782807586.593274
303300,0.5813806056976318,1782807592.518704
303400,0.5814406275749207,1782807598.44196
303500,0.5815005898475647,1782807604.2586405
303600,0.5815606117248535,1782807609.9802463
303700,0.5816205739974976,1782807615.878465
303800,0.5816805958747864,1782807621.8526487
303900,0.5817406177520752,1782807627.7836037
304000,0.5818005800247192,1782807633.5078688
304100,0.5818606019020081,1782807639.2424893
304200,0.5819206237792969,1782807644.9307935
304300,0.5819805860519409,1782807650.6791518
304400,0.5820406079292297,1782807656.634655
304500,0.5821005702018738,1782807662.3958306
304600,0.5821605920791626,1782807668.1869316
304700,0.5822206139564514,1782807674.2766857
304800,0.5822805762290955,1782807680.27201
304900,0.5823405981063843,1782807685.99909
305000,0.5824006199836731,1782807691.9822562
305100,0.5824605822563171,1782807697.9669204
305200,0.582520604133606,1782807704.5558124
305300,0.5825806260108948,1782807711.2188346
305400,0.5826405882835388,1782807717.9047008
305500,0.5827006101608276,1782807724.4246376
305600,0.5827605724334717,1782807731.1165497
305700,0.5828205943107605,1782807737.841768
305800,0.5828806161880493,1782807744.7880661
305900,0.5829405784606934,1782807751.4881778
306000,0.5830006003379822,1782807758.3279834
306100,0.583060622215271,1782807764.864118
306200,0.583120584487915,1782807771.4584627
306300,0.5831806063652039,1782807778.0492036
306400,0.5832406282424927,1782807784.75925
306500,0.5833005905151367,1782807791.3883276
306600,0.5833606123924255,1782807798.1134553
306700,0.5834205746650696,1782807804.6076427
306800,0.5834805965423584,1782807811.2307825
306900,0.5835406184196472,1782807818.0132637
307000,0.5836005806922913,1782807824.7022429
307100,0.5836606025695801,1782807830.8720138
307200,0.5837206244468689,1782807837.047924
307300,0.5837805867195129,1782807843.293705
307400,0.5838406085968018,1782807849.4219475
307500,0.5839005708694458,1782807855.7236574
307600,0.5839605927467346,1782807862.069686
307700,0.5840206146240234,1782807868.3068614
307800,0.5840805768966675,1782807874.4030771
307900,0.5841405987739563,1782807880.626541
308000,0.5842006206512451,1782807887.1331403
308100,0.5842605829238892,1782807893.2376246
308200,0.584320604801178,1782807899.5759108
308300,0.5843806266784668,1782807905.5993965
308400,0.5844405889511108,1782807911.8206303
308500,0.5845006108283997,1782807917.9744172
308600,0.5845605731010437,1782807924.440286
308700,0.5846205949783325,1782807930.7178268
308800,0.5846806168556213,1782807937.0671463
308900,0.5847405791282654,1782807943.8171577
309000,0.5848006010055542,1782807950.2628202
309100,0.584860622882843,1782807957.1903088
309200,0.5849205851554871,1782807963.3112323
309300,0.5849806070327759,1782807969.64872
309400,0.5850406289100647,1782807976.371908
309500,0.5851005911827087,1782807982.992882
309600,0.5851606130599976,1782807989.6571748
309700,0.5852205753326416,1782807996.2569602
309800,0.5852805972099304,1782808002.8464246
309900,0.5853406190872192,1782808009.332268
310000,0.5854005813598633,1782808015.896504
310100,0.5854606032371521,1782808022.3985496
310200,0.5855206251144409,1782808028.8483355
310300,0.585580587387085,1782808035.1670392
310400,0.5856406092643738,1782808041.436942
310500,0.5857005715370178,1782808048.0575624
310600,0.5857605934143066,1782808054.8565524
310700,0.5858206152915955,1782808061.470625
310800,0.5858805775642395,1782808068.0546606
310900,0.5859405994415283,1782808074.656381
311000,0.5860006213188171,1782808081.1468375
311100,0.5860605835914612,1782808087.7938056
311200,0.58612060546875,1782808094.0350616
311300,0.5861806273460388,1782808100.525649
311400,0.5862405896186829,1782808107.2554898
311500,0.5863006114959717,1782808113.908181
311600,0.5863605737686157,1782808120.6646447
311700,0.5864205956459045,1782808127.443448
311800,0.5864806175231934,1782808134.1781878
311900,0.5865405797958374,1782808140.610966
312000,0.5866006016731262,1782808147.3622975
312100,0.586660623550415,1782808153.8732133
312200,0.5867205858230591,1782808160.529226
312300,0.5867806077003479,1782808166.5716712
312400,0.5868406295776367,1782808173.2042847
312500,0.5869005918502808,1782808180.003938
312600,0.5869606137275696,1782808186.6518342
312700,0.5870205760002136,1782808193.1840916
312800,0.5870805978775024,1782808200.0044131
312900,0.5871406197547913,1782808206.7548769
313000,0.5872005820274353,1782808213.3529284
313100,0.5872606039047241,1782808220.1244042
313200,0.5873206257820129,1782808226.5914288
313300,0.587380588054657,1782808233.118931
313400,0.5874406099319458,1782808239.711172
313500,0.5875005722045898,1782808246.18683
313600,0.5875605940818787,1782808252.4670439
313700,0.5876206159591675,1782808258.6733093
313800,0.5876805782318115,1782808264.7706277
313900,0.5877406001091003,1782808270.7503164
314000,0.5878006219863892,1782808276.7707024
314100,0.5878605842590332,1782808282.899146
314200,0.587920606136322,1782808288.8825567
314300,0.5879806280136108,1782808295.0839596
314400,0.5880405902862549,1782808301.337498
314500,0.5881006121635437,1782808307.4087355
314600,0.5881605744361877,1782808313.6516984
314700,0.5882205963134766,1782808319.7530217
314800,0.5882806181907654,1782808325.8694124
314900,0.5883405804634094,1782808332.0834274
315000,0.5884006023406982,1782808338.1024568
315100,0.5884606242179871,1782808344.1893775
315200,0.5885205864906311,1782808350.7132828
315300,0.5885806083679199,1782808357.2165482
315400,0.588640570640564,1782808363.7435238
315500,0.5887005925178528,1782808370.3687801
315600,0.5887606143951416,1782808376.8161082
315700,0.5888205766677856,1782808383.2883565
315800,0.5888805985450745,1782808389.8913484
315900,0.5889406204223633,1782808396.7065136
316000,0.5890005826950073,1782808403.3851948
316100,0.5890606045722961,1782808409.639989
316200,0.589120626449585,1782808415.8004472
316300,0.589180588722229,1782808421.8786967
316400,0.5892406105995178,1782808428.6580377
316500,0.5893005728721619,1782808435.4875913
316600,0.5893605947494507,1782808442.0110772
316700,0.5894206166267395,1782808448.2379322
316800,0.5894805788993835,1782808454.3524468
316900,0.5895406007766724,1782808460.553336
317000,0.5896006226539612,1782808466.7421792
317100,0.5896605849266052,1782808473.179235
317200,0.589720606803894,1782808479.4017918
317300,0.5897806286811829,1782808485.609246
317400,0.5898405909538269,1782808491.7895694
317500,0.5899006128311157,1782808498.0664792
317600,0.5899605751037598,1782808504.1514342
317700,0.5900205969810486,1782808510.4271297
317800,0.5900806188583374,1782808516.731246
317900,0.5901405811309814,1782808522.8556168
318000,0.5902006030082703,1782808529.288021
318100,0.5902606248855591,1782808535.5445673
318200,0.5903205871582031,1782808541.6847239
318300,0.5903806090354919,1782808547.8505166
318400,0.590440571308136,1782808554.0683682
318500,0.5905005931854248,1782808560.3094168
318600,0.5905606150627136,1782808566.4598188
318700,0.5906205773353577,1782808572.8978937
318800,0.5906805992126465,1782808579.0278068
318900,0.5907406210899353,1782808585.2738206
319000,0.5908005833625793,1782808591.4734251
319100,0.5908606052398682,1782808597.715013
319200,0.590920627117157,1782808604.0204725
319300,0.590980589389801,1782808610.2744806
319400,0.5910406112670898,1782808616.4078064
319500,0.5911005735397339,1782808622.7342136
319600,0.5911605954170227,1782808628.9170678
319700,0.5912206172943115,1782808635.4544284
319800,0.5912805795669556,1782808641.7873902
319900,0.5913406014442444,1782808648.1180775
320000,0.5914006233215332,1782808654.3250446
320100,0.5914605855941772,1782808660.6858869
320200,0.5915206074714661,1782808667.1747742
320300,0.5915806293487549,1782808673.2997062
320400,0.5916405916213989,1782808679.4132092
320500,0.5917006134986877,1782808685.4754996
320600,0.5917605757713318,1782808691.6773849
320700,0.5918205976486206,1782808697.940233
320800,0.5918806195259094,1782808704.024955
320900,0.5919405817985535,1782808710.2182293
321000,0.5920006036758423,1782808716.3807197
321100,0.5920606255531311,1782808722.4517977
321200,0.5921205878257751,1782808728.7271585
321300,0.592180609703064,1782808734.7501175
321400,0.592240571975708,1782808740.7926462
321500,0.5923005938529968,1782808746.9156435
321600,0.5923606157302856,1782808752.9182596
321700,0.5924205780029297,1782808758.912523
321800,0.5924805998802185,1782808765.0902746
321900,0.5925406217575073,1782808771.284776
322000,0.5926005840301514,1782808777.4583137
322100,0.5926606059074402,1782808783.6694906
322200,0.592720627784729,1782808789.9300508
322300,0.592780590057373,1782808796.3167021
322400,0.5928406119346619,1782808802.4754312
322500,0.5929005742073059,1782808808.923652
322600,0.5929605960845947,1782808814.9462075
322700,0.5930206179618835,1782808821.3420713
322800,0.5930805802345276,1782808827.6493495
322900,0.5931406021118164,1782808833.9232602
323000,0.5932006239891052,1782808840.2494767
323100,0.5932605862617493,1782808846.4381335
323200,0.5933206081390381,1782808852.672829
323300,0.5933805704116821,1782808859.018042
323400,0.593440592288971,1782808865.1856434
323500,0.5935006141662598,1782808871.4317017
323600,0.5935605764389038,1782808877.4396393
323700,0.5936205983161926,1782808883.8734407
323800,0.5936806201934814,1782808890.0998328
323900,0.5937405824661255,1782808896.0724108
324000,0.5938006043434143,1782808902.2661617
324100,0.5938606262207031,1782808908.346734
324200,0.5939205884933472,1782808914.636275
324300,0.593980610370636,1782808920.6793559
324400,0.59404057264328,1782808926.9905577
324500,0.5941005945205688,1782808933.0606885
324600,0.5941606163978577,1782808939.0407379
324700,0.5942205786705017,1782808945.3444662
324800,0.5942806005477905,1782808951.7143424
324900,0.5943406224250793,1782808957.8288052
325000,0.5944005846977234,1782808963.9558601
325100,0.5944606065750122,1782809125.6573353
325200,0.594520628452301,1782809131.7587597
325300,0.5945805907249451,1782809138.1795874
325400,0.5946406126022339,1782809144.4775162
325500,0.5947005748748779,1782809150.5521092
325600,0.5947605967521667,1782809157.0221336
325700,0.5948206186294556,1782809163.3522673
325800,0.5948805809020996,1782809169.3940225
325900,0.5949406027793884,1782809175.682491
326000,0.5950006246566772,1782809181.7971797
326100,0.5950605869293213,1782809188.186245
326200,0.5951206088066101,1782809194.4067764
326300,0.5951805710792542,1782809200.6288877
326400,0.595240592956543,1782809206.6701238
326500,0.5953006148338318,1782809213.0514529
326600,0.5953605771064758,1782809219.4544263
326700,0.5954205989837646,1782809225.7578082
326800,0.5954806208610535,1782809231.8722517
326900,0.5955405831336975,1782809237.8828187
327000,0.5956006050109863,1782809243.8798497
327100,0.5956606268882751,1782809249.8091533
327200,0.5957205891609192,1782809256.129478
327300,0.595780611038208,1782809262.3366675
327400,0.595840573310852,1782809268.5724242
327500,0.5959005951881409,1782809274.6001964
327600,0.5959606170654297,1782809280.7429426
327700,0.5960205793380737,1782809286.9617712
327800,0.5960806012153625,1782809293.074194
327900,0.5961406230926514,1782809299.3505669
328000,0.5962005853652954,1782809305.6869454
328100,0.5962606072425842,1782809311.9013774
328200,0.596320629119873,1782809318.2409015
328300,0.5963805913925171,1782809324.3415947
328400,0.5964406132698059,1782809330.950132
328500,0.59650057554245,1782809337.3789604
328600,0.5965605974197388,1782809343.5305471
328700,0.5966206192970276,1782809349.768258
328800,0.5966805815696716,1782809356.1577184
328900,0.5967406034469604,1782809362.3465664
329000,0.5968006253242493,1782809368.8062
329100,0.5968605875968933,1782809375.2731383
329200,0.5969206094741821,1782809381.3686473
329300,0.5969805717468262,1782809387.5853987
329400,0.597040593624115,1782809393.8776424
329500,0.5971006155014038,1782809399.8663032
329600,0.5971605777740479,1782809405.9294908
329700,0.5972205996513367,1782809412.0527945
329800,0.5972806215286255,1782809418.0493107
329900,0.5973405838012695,1782809424.0438812
330000,0.5974006056785583,1782809430.236622
330100,0.5974606275558472,1782809436.4141483
330200,0.5975205898284912,1782809442.6205995
330300,0.59758061170578,1782809448.8310463
330400,0.5976405739784241,1782809454.914316
330500,0.5977005958557129,1782809460.987465
330600,0.5977606177330017,1782809467.2394621
330700,0.5978205800056458,1782809473.1645062
330800,0.5978806018829346,1782809479.2985065
330900,0.5979406237602234,1782809485.6818361
331000,0.5980005860328674,1782809491.802717
331100,0.5980606079101562,1782809497.952354
331200,0.5981206297874451,1782809503.9249449
331300,0.5981805920600891,1782809510.1408794
331400,0.5982406139373779,1782809516.0868137
331500,0.598300576210022,1782809522.1686172
331600,0.5983605980873108,1782809528.386022
331700,0.5984206199645996,1782809534.5739827
331800,0.5984805822372437,1782809540.7554827
331900,0.5985406041145325,1782809547.0064175
332000,0.5986006259918213,1782809553.0289075
332100,0.5986605882644653,1782809559.5486429
332200,0.5987206101417542,1782809565.663506
332300,0.5987805724143982,1782809571.8677998
332400,0.598840594291687,1782809577.840652
332500,0.5989006161689758,1782809583.9635115
332600,0.5989605784416199,1782809590.1069596
332700,0.5990206003189087,1782809596.0926015
332800,0.5990806221961975,1782809602.3663666
332900,0.5991405844688416,1782809608.3509812
333000,0.5992006063461304,1782809614.498105
333100,0.5992606282234192,1782809620.573367
333200,0.5993205904960632,1782809626.6765788
333300,0.599380612373352,1782809632.7815237
333400,0.5994405746459961,1782809638.947393
333500,0.5995005965232849,1782809645.3306646
333600,0.5995606184005737,1782809651.315938
333700,0.5996205806732178,1782809657.344077
333800,0.5996806025505066,1782809663.4561367
333900,0.5997406244277954,1782809669.4678166
334000,0.5998005867004395,1782809675.7065158
334100,0.5998606085777283,1782809681.6723819
334200,0.5999205708503723,1782809687.8745573
334300,0.5999805927276611,1782809693.9310873
334400,0.60004061460495,1782809699.9029424
334500,0.600100576877594,1782809706.1371577
334600,0.6001605987548828,1782809712.1163936
334700,0.6002206206321716,1782809718.2374535
334800,0.6002805829048157,1782809724.272309
334900,0.6003406047821045,1782809730.3229532
335000,0.6004006266593933,1782809736.5234966
335100,0.6004605889320374,1782809742.7290227
335200,0.6005206108093262,1782809749.1754346
335300,0.6005805730819702,1782809755.6226194
335400,0.600640594959259,1782809761.9911802
335500,0.6007006168365479,1782809768.538286
335600,0.6007605791091919,1782809775.016444
335700,0.6008206009864807,1782809781.4826427
335800,0.6008806228637695,1782809788.091504
335900,0.6009405851364136,1782809794.8238943
336000,0.6010006070137024,1782809801.121911
336100,0.6010606288909912,1782809807.5248175
336200,0.6011205911636353,1782809813.7595222
336300,0.6011806130409241,1782809820.2294123
336400,0.6012405753135681,1782809826.7936866
336500,0.6013005971908569,1782809833.4126573
336600,0.6013606190681458,1782809839.9107518
336700,0.6014205813407898,1782809846.4552553
336800,0.6014806032180786,1782809852.9208748
336900,0.6015406250953674,1782809859.5545902
337000,0.6016005873680115,1782809866.1848335
337100,0.6016606092453003,1782809872.6490533
337200,0.6017205715179443,1782809879.2966194
337300,0.6017805933952332,1782809885.864628
337400,0.601840615272522,1782809892.4827778
337500,0.601900577545166,1782809899.1307192
337600,0.6019605994224548,1782809905.7534635
337700,0.6020206212997437,1782809912.2987847
337800,0.6020805835723877,1782809918.9187949
337900,0.6021406054496765,1782809925.515746
338000,0.6022006273269653,1782809932.3267608
338100,0.6022605895996094,1782809938.8913002
338200,0.6023206114768982,1782809945.4087386
338300,0.6023805737495422,1782809951.8687053
338400,0.602440595626831,1782809958.1122627
338500,0.6025006175041199,1782809964.5146072
338600,0.6025605797767639,1782809970.6208997
338700,0.6026206016540527,1782809977.1326797
338800,0.6026806235313416,1782809983.6148257
338900,0.6027405858039856,1782809990.3139844
339000,0.6028006076812744,1782809996.8448417
339100,0.6028606295585632,1782810003.2396953
339200,0.6029205918312073,1782810009.8995433
339300,0.6029806137084961,1782810016.7307575
339400,0.6030405759811401,1782810023.2267222
339500,0.603100597858429,1782810029.8346019
339600,0.6031606197357178,1782810036.4085784
339700,0.6032205820083618,1782810043.1112752
339800,0.6032806038856506,1782810049.7675543
339900,0.6033406257629395,1782810056.5155768
340000,0.6034005880355835,1782810062.980188
340100,0.6034606099128723,1782810069.702798
340200,0.6035205721855164,1782810076.3714263
340300,0.6035805940628052,1782810082.9519367
340400,0.603640615940094,1782810089.8638742
340500,0.603700578212738,1782810096.6829102
340600,0.6037606000900269,1782810103.3342736
340700,0.6038206219673157,1782810109.834367
340800,0.6038805842399597,1782810116.4090776
340900,0.6039406061172485,1782810122.9384162
341000,0.6040006279945374,1782810129.3509033
341100,0.6040605902671814,1782810135.8790889
341200,0.6041206121444702,1782810142.7259433
341300,0.6041805744171143,1782810149.674606
341400,0.6042405962944031,1782810156.5146368
341500,0.6043006181716919,1782810163.2438731
341600,0.6043605804443359,1782810169.4486597
341700,0.6044206023216248,1782810175.7667527
341800,0.6044806241989136,1782810181.9163098
341900,0.6045405864715576,1782810188.0904171
342000,0.6046006083488464,1782810194.240003
342100,0.6046605706214905,1782810200.6311164
342200,0.6047205924987793,1782810206.8866336
342300,0.6047806143760681,1782810213.1081626
342400,0.6048405766487122,1782810219.2405899
342500,0.604900598526001,1782810225.7130678
342600,0.6049606204032898,1782810231.9385374
342700,0.6050205826759338,1782810238.2200792
342800,0.6050806045532227,1782810245.025604
342900,0.6051406264305115,1782810251.2528992
343000,0.6052005887031555,1782810257.4004776
343100,0.6052606105804443,1782810263.6943586
343200,0.6053205728530884,1782810270.1389832
343300,0.6053805947303772,1782810276.263392
343400,0.605440616607666,1782810282.6734486
343500,0.6055005788803101,1782810288.9974391
343600,0.6055606007575989,1782810295.3792574
343700,0.6056206226348877,1782810301.536788
343800,0.6056805849075317,1782810307.7031572
343900,0.6057406067848206,1782810314.0198863
344000,0.6058006286621094,1782810320.0528748
344100,0.6058605909347534,1782810326.2829509
344200,0.6059206128120422,1782810332.4389615
344300,0.6059805750846863,1782810338.5890982
344400,0.6060405969619751,1782810344.7401834
344500,0.6061006188392639,1782810351.0629978
344600,0.606160581111908,1782810357.2429261
344700,0.6062206029891968,1782810363.3018298
344800,0.6062806248664856,1782810369.6319485
344900,0.6063405871391296,1782810376.0626156
345000,0.6064006090164185,1782810382.0792744
345100,0.6064605712890625,1782810388.4094367
345200,0.6065205931663513,1782810394.6332817
345300,0.6065806150436401,1782810400.7948055
345400,0.6066405773162842,1782810406.8485632
345500,0.606700599193573,1782810413.0434873
345600,0.6067606210708618,1782810419.2050123
345700,0.6068205833435059,1782810425.2267575
345800,0.6068806052207947,1782810431.4848073
345900,0.6069406270980835,1782810437.6043582
346000,0.6070005893707275,1782810443.7952647
346100,0.6070606112480164,1782810450.128416
346200,0.6071205735206604,1782810456.152459
346300,0.6071805953979492,1782810462.2981098
346400,0.607240617275238,1782810468.5477824
346500,0.6073005795478821,1782810474.7145503
346600,0.6073606014251709,1782810480.996359
346700,0.6074206233024597,1782810487.2248096
346800,0.6074805855751038,1782810493.5391424
346900,0.6075406074523926,1782810499.7356648
347000,0.6076006293296814,1782810506.1531587
347100,0.6076605916023254,1782810512.3156304
347200,0.6077206134796143,1782810518.817888
347300,0.6077805757522583,1782810524.9024186
347400,0.6078405976295471,1782810531.3527222
347500,0.6079006195068359,1782810537.5885043
347600,0.60796058177948,1782810543.7831442
347700,0.6080206036567688,1782810549.9929461
347800,0.6080806255340576,1782810556.0313435
347900,0.6081405878067017,1782810562.0881126
348000,0.6082006096839905,1782810568.4415214
348100,0.6082605719566345,1782810574.5790136
348200,0.6083205938339233,1782810580.7659025
348300,0.6083806157112122,1782810587.1244373
348400,0.6084405779838562,1782810593.281693
348500,0.608500599861145,1782810599.4760835
348600,0.6085606217384338,1782810605.7211094
348700,0.6086205840110779,1782810611.9326093
348800,0.6086806058883667,1782810618.0378573
348900,0.6087406277656555,1782810624.21263
349000,0.6088005900382996,1782810630.5175343
349100,0.6088606119155884,1782810636.7939658
349200,0.6089205741882324,1782810642.8893008
349300,0.6089805960655212,1782810649.2829516
349400,0.6090406179428101,1782810655.615787
349500,0.6091005802154541,1782810661.7952182
349600,0.6091606020927429,1782810667.8957925
349700,0.6092206239700317,1782810673.9792302
349800,0.6092805862426758,1782810679.9989436
349900,0.6093406081199646,1782810686.1041908
350000,0.6094005703926086,1782810692.433018
350100,0.6094605922698975,1782810852.4856265
350200,0.6095206141471863,1782810858.5908732
350300,0.6095805764198303,1782810864.6684096
350400,0.6096405982971191,1782810870.5761309
350500,0.609700620174408,1782810876.6998875
350600,0.609760582447052,1782810882.814486
350700,0.6098206043243408,1782810889.1613584
350800,0.6098806262016296,1782810895.220658
350900,0.6099405884742737,1782810901.3387394
351000,0.6100006103515625,1782810907.523417
351100,0.6100605726242065,1782810913.7295961
351200,0.6101205945014954,1782810920.0665271
351300,0.6101806163787842,1782810926.1046672
351400,0.6102405786514282,1782810932.317384
351500,0.610300600528717,1782810938.5020893
351600,0.6103606224060059,1782810944.52364
351700,0.6104205846786499,1782810950.7470906
351800,0.6104806065559387,1782810957.05116
351900,0.6105406284332275,1782810963.2081025
352000,0.6106005907058716,1782810969.337237
352100,0.6106606125831604,1782810975.6406488
352200,0.6107205748558044,1782810981.8494065
352300,0.6107805967330933,1782810987.9047732
352400,0.6108406186103821,1782810993.8825958
352500,0.6109005808830261,1782811000.129509
352600,0.6109606027603149,1782811006.2939637
352700,0.6110206246376038,1782811012.7046547
352800,0.6110805869102478,1782811019.0249422
352900,0.6111406087875366,1782811025.012044
353000,0.6112005710601807,1782811031.070258
353100,0.6112605929374695,1782811037.3889432
353200,0.6113206148147583,1782811043.5202684
353300,0.6113805770874023,1782811049.983884
353400,0.6114405989646912,1782811056.0168495
353500,0.61150062084198,1782811062.4000418
353600,0.611560583114624,1782811068.5701568
353700,0.6116206049919128,1782811074.7517476
353800,0.6116806268692017,1782811081.0481462
353900,0.6117405891418457,1782811087.2385676
354000,0.6118006110191345,1782811093.3081298
354100,0.6118605732917786,1782811099.2186756
354200,0.6119205951690674,1782811105.439153
354300,0.6119806170463562,1782811111.6832006
354400,0.6120405793190002,1782811117.8299923
354500,0.6121006011962891,1782811123.9295366
354600,0.6121606230735779,1782811130.0362053
354700,0.6122205853462219,1782811136.1201327
354800,0.6122806072235107,1782811142.3863544
354900,0.6123406291007996,1782811148.671934
355000,0.6124005913734436,1782811155.1718721
355100,0.6124606132507324,1782811161.3512154
355200,0.6125205755233765,1782811167.3394058
355300,0.6125805974006653,1782811173.322631
355400,0.6126406192779541,1782811179.3855987
355500,0.6127005815505981,1782811185.4508116
355600,0.612760603427887,1782811191.6742969
355700,0.6128206253051758,1782811197.6778793
355800,0.6128805875778198,1782811203.8010902
355900,0.6129406094551086,1782811209.8850985
356000,0.6130005717277527,1782811216.0661926
356100,0.6130605936050415,1782811222.102985
356200,0.6131206154823303,1782811228.3163075
356300,0.6131805777549744,1782811234.7181735
356400,0.6132405996322632,1782811240.9521508
356500,0.613300621509552,1782811247.0273914
356600,0.613360583782196,1782811253.372552
356700,0.6134206056594849,1782811259.5517466
356800,0.6134806275367737,1782811265.659784
356900,0.6135405898094177,1782811272.0782156
357000,0.6136006116867065,1782811278.6478775
357100,0.6136605739593506,1782811284.7502923
357200,0.6137205958366394,1782811290.8610096
357300,0.6137806177139282,1782811297.0837343
357400,0.6138405799865723,1782811303.073586
357500,0.6139006018638611,1782811309.2155259
357600,0.6139606237411499,1782811315.3111324
357700,0.614020586013794,1782811321.5991237
357800,0.6140806078910828,1782811327.7922783
357900,0.6141406297683716,1782811333.9618342
358000,0.6142005920410156,1782811340.0245173
358100,0.6142606139183044,1782811346.3693142
358200,0.6143205761909485,1782811352.6165104
358300,0.6143805980682373,1782811358.8714552
358400,0.6144406199455261,1782811365.0108104
358500,0.6145005822181702,1782811371.1188529
358600,0.614560604095459,1782811377.274451
358700,0.6146206259727478,1782811383.6129403
358800,0.6146805882453918,1782811389.713977
358900,0.6147406101226807,1782811396.0333974
359000,0.6148005723953247,1782811402.2396467
359100,0.6148605942726135,1782811408.345578
359200,0.6149206161499023,1782811414.6195595
359300,0.6149805784225464,1782811420.716322
359400,0.6150406002998352,1782811426.8753824
359500,0.615100622177124,1782811433.0141606
359600,0.6151605844497681,1782811439.5300298
359700,0.6152206063270569,1782811445.5814884
359800,0.6152806282043457,1782811452.124621
359900,0.6153405904769897,1782811458.136292
360000,0.6154006123542786,1782811464.4530294
360100,0.6154605746269226,1782811470.6815152
360200,0.6155205965042114,1782811477.0959084
360300,0.6155806183815002,1782811483.3526564
360400,0.6156405806541443,1782811489.4314492
360500,0.6157006025314331,1782811495.8187397
360600,0.6157606244087219,1782811501.9312425
360700,0.615820586681366,1782811508.200025
360800,0.6158806085586548,1782811514.2365468
360900,0.6159405708312988,1782811520.3554509
361000,0.6160005927085876,1782811526.4090283
361100,0.6160606145858765,1782811532.4841933
361200,0.6161205768585205,1782811538.76886
361300,0.6161805987358093,1782811545.1925132
361400,0.6162406206130981,1782811551.191173
361500,0.6163005828857422,1782811557.41593
361600,0.616360604763031,1782811563.4191148
361700,0.6164206266403198,1782811569.5797188
361800,0.6164805889129639,1782811575.572772
361900,0.6165406107902527,1782811581.7449808
362000,0.6166005730628967,1782811587.8110762
362100,0.6166605949401855,1782811594.0333455
362200,0.6167206168174744,1782811600.4944136
362300,0.6167805790901184,1782811606.7181318
362400,0.6168406009674072,1782811612.7395916
362500,0.616900622844696,1782811619.0128825
362600,0.6169605851173401,1782811625.044002
362700,0.6170206069946289,1782811631.15715
362800,0.6170806288719177,1782811637.592965
362900,0.6171405911445618,1782811643.7489207
363000,0.6172006130218506,1782811649.8890107
363100,0.6172605752944946,1782811656.0663595
363200,0.6173205971717834,1782811662.7829146
363300,0.6173806190490723,1782811668.890825
363400,0.6174405813217163,1782811674.9755464
363500,0.6175006031990051,1782811681.275961
363600,0.617560625076294,1782811687.5753415
363700,0.617620587348938,1782811693.825205
363800,0.6176806092262268,1782811699.9867985
363900,0.6177405714988708,1782811706.40643
364000,0.6178005933761597,1782811712.5527685
364100,0.6178606152534485,1782811718.7760005
364200,0.6179205775260925,1782811724.779932
364300,0.6179805994033813,1782811731.257532
364400,0.6180406212806702,1782811737.2653282
364500,0.6181005835533142,1782811743.439969
364600,0.618160605430603,1782811749.603505
364700,0.6182206273078918,1782811755.717868
364800,0.6182805895805359,1782811762.2078753
364900,0.6183406114578247,1782811768.5159264
365000,0.6184005737304688,1782811775.143732
365100,0.6184605956077576,1782811781.2828126
365200,0.6185206174850464,1782811787.65498
365300,0.6185805797576904,1782811793.8258934
365400,0.6186406016349792,1782811799.899282
365500,0.6187006235122681,1782811806.1526666
365600,0.6187605857849121,1782811812.2804756
365700,0.6188206076622009,1782811818.56238
365800,0.6188806295394897,1782811824.9246888
365900,0.6189405918121338,1782811831.263247
366000,0.6190006136894226,1782811837.3750389
366100,0.6190605759620667,1782811843.4952414
366200,0.6191205978393555,1782811849.5390532
366300,0.6191806197166443,1782811855.8392742
366400,0.6192405819892883,1782811862.1065197
366500,0.6193006038665771,1782811868.4131446
366600,0.619360625743866,1782811874.5913303
366700,0.61942058801651,1782811880.992821
366800,0.6194806098937988,1782811887.3889515
366900,0.6195405721664429,1782811893.4134715
367000,0.6196005940437317,1782811899.4528034
367100,0.6196606159210205,1782811905.726645
367200,0.6197205781936646,1782811912.0009916
367300,0.6197806000709534,1782811918.0379312
367400,0.6198406219482422,1782811924.0627427
367500,0.6199005842208862,1782811930.2375555
367600,0.619960606098175,1782811936.3092773
367700,0.6200206279754639,1782811942.5337746
367800,0.6200805902481079,1782811948.7006783
367900,0.6201406121253967,1782811955.0840278
368000,0.6202005743980408,1782811961.4758575
368100,0.6202605962753296,1782811967.7056649
368200,0.6203206181526184,1782811973.9049323
368300,0.6203805804252625,1782811980.0486982
368400,0.6204406023025513,1782811986.1462648
368500,0.6205006241798401,1782811992.1562736
368600,0.6205605864524841,1782811998.2422235
368700,0.620620608329773,1782812004.28554
368800,0.620680570602417,1782812010.5590816
368900,0.6207405924797058,1782812016.5502899
369000,0.6208006143569946,1782812022.8604836
369100,0.6208605766296387,1782812028.8658936
369200,0.6209205985069275,1782812034.9641657
369300,0.6209806203842163,1782812041.0273597
369400,0.6210405826568604,1782812047.008408
369500,0.6211006045341492,1782812053.0395486
369600,0.621160626411438,1782812059.3003073
369700,0.621220588684082,1782812065.3402247
369800,0.6212806105613708,1782812071.546311
369900,0.6213405728340149,1782812077.921252
370000,0.6214005947113037,1782812084.1009877
370100,0.6214606165885925,1782812090.3237681
370200,0.6215205788612366,1782812096.638501
370300,0.6215806007385254,1782812102.7240767
370400,0.6216406226158142,1782812108.723914
370500,0.6217005848884583,1782812114.852557
370600,0.6217606067657471,1782812120.9297264
370700,0.6218206286430359,1782812127.0546718
370800,0.6218805909156799,1782812133.4717407
370900,0.6219406127929688,1782812139.614369
371000,0.6220005750656128,1782812145.883267
371100,0.6220605969429016,1782812151.952441
371200,0.6221206188201904,1782812157.9111965
371300,0.6221805810928345,1782812163.9318213
371400,0.6222406029701233,1782812169.956424
371500,0.6223006248474121,1782812176.2145987
371600,0.6223605871200562,1782812182.2538867
371700,0.622420608997345,1782812188.2590022
371800,0.622480571269989,1782812194.5578375
371900,0.6225405931472778,1782812200.7688496
372000,0.6226006150245667,1782812206.8469312
372100,0.6226605772972107,1782812213.0441737
372200,0.6227205991744995,1782812219.4778352
372300,0.6227806210517883,1782812225.6739988
372400,0.6228405833244324,1782812231.96058
372500,0.6229006052017212,1782812238.1833832
372600,0.62296062707901,1782812244.269856
372700,0.623020589351654,1782812250.4523706
372800,0.6230806112289429,1782812256.50276
372900,0.6231405735015869,1782812262.8350675
373000,0.6232005953788757,1782812269.3414505
373100,0.6232606172561646,1782812275.6249068
373200,0.6233205795288086,1782812281.637494
373300,0.6233806014060974,1782812287.8181014
373400,0.6234406232833862,1782812294.0632813
373500,0.6235005855560303,1782812300.280565
373600,0.6235606074333191,1782812306.3419766
373700,0.6236206293106079,1782812312.3397164
373800,0.623680591583252,1782812318.524657
373900,0.6237406134605408,1782812324.6635358
374000,0.6238005757331848,1782812331.137258
374100,0.6238605976104736,1782812337.6057873
374200,0.6239206194877625,1782812343.7309375
374300,0.6239805817604065,1782812349.9207096
374400,0.6240406036376953,1782812356.056121
374500,0.6241006255149841,1782812362.4014006
374600,0.6241605877876282,1782812368.7624896
374700,0.624220609664917,1782812375.0064843
374800,0.624280571937561,1782812381.3077023
374900,0.6243405938148499,1782812387.8722947
375000,0.6244006156921387,1782812394.3623395
375100,0.6244605779647827,1782812546.429569
375200,0.6245205998420715,1782812552.5321777
375300,0.6245806217193604,1782812558.9819665
375400,0.6246405839920044,1782812565.1877058
375500,0.6247006058692932,1782812571.4931033
375600,0.624760627746582,1782812577.826777
375700,0.6248205900192261,1782812584.1240106
375800,0.6248806118965149,1782812590.3644874
375900,0.6249405741691589,1782812597.0311084
376000,0.6250005960464478,1782812603.064027
376100,0.6250606179237366,1782812609.1873834
376200,0.6251205801963806,1782812615.4276555
376300,0.6251806020736694,1782812621.4916646
376400,0.6252406239509583,1782812627.9199193
376500,0.6253005862236023,1782812634.1177793
376600,0.6253606081008911,1782812640.4832702
376700,0.6254205703735352,1782812646.7166548
376800,0.625480592250824,1782812652.9683096
376900,0.6255406141281128,1782812659.136177
377000,0.6256005764007568,1782812665.1265602
377100,0.6256605982780457,1782812671.2521005
377200,0.6257206201553345,1782812677.417333
377300,0.6257805824279785,1782812683.3843658
377400,0.6258406043052673,1782812689.7500129
377500,0.6259006261825562,1782812696.1263118
377600,0.6259605884552002,1782812702.5267115
377700,0.626020610332489,1782812708.9794838
377800,0.6260805726051331,1782812715.0912492
377900,0.6261405944824219,1782812721.0886185
378000,0.6262006163597107,1782812727.2312317
378100,0.6262605786323547,1782812733.5671518
378200,0.6263206005096436,1782812739.7522342
378300,0.6263806223869324,1782812746.0014658
378400,0.6264405846595764,1782812752.083349
378500,0.6265006065368652,1782812758.4485276
378600,0.626560628414154,1782812764.597819
378700,0.6266205906867981,1782812770.8978112
378800,0.6266806125640869,1782812777.235624
378900,0.626740574836731,1782812783.475399
379000,0.6268005967140198,1782812789.633183
379100,0.6268606185913086,1782812795.5661926
379200,0.6269205808639526,1782812801.766869
379300,0.6269806027412415,1782812807.8092234
379400,0.6270406246185303,1782812813.9892304
379500,0.6271005868911743,1782812820.4370244
379600,0.6271606087684631,1782812826.6162012
379700,0.6272205710411072,1782812832.7846746
379800,0.627280592918396,1782812838.9753802
379900,0.6273406147956848,1782812845.3306909
380000,0.6274005770683289,1782812851.4325073
380100,0.6274605989456177,1782812857.6783793
380200,0.6275206208229065,1782812864.224275
380300,0.6275805830955505,1782812870.4804852
380400,0.6276406049728394,1782812876.7677622
380500,0.6277006268501282,1782812883.0692954
380600,0.6277605891227722,1782812889.0681145
380700,0.627820611000061,1782812895.2367346
380800,0.6278805732727051,1782812901.3183026
380900,0.6279405951499939,1782812907.634611
381000,0.6280006170272827,1782812914.078098
381100,0.6280605792999268,1782812920.4457068
381200,0.6281206011772156,1782812926.5196645
381300,0.6281806230545044,1782812932.875183
381400,0.6282405853271484,1782812939.096676
381500,0.6283006072044373,1782812945.4653869
381600,0.6283606290817261,1782812951.680407
381700,0.6284205913543701,1782812957.8241055
381800,0.6284806132316589,1782812963.8616517
381900,0.628540575504303,1782812970.3381681
382000,0.6286005973815918,1782812976.5410604
382100,0.6286606192588806,1782812982.6812017
382200,0.6287205815315247,1782812989.0282092
382300,0.6287806034088135,1782812995.072813
382400,0.6288406252861023,1782813001.397841
382500,0.6289005875587463,1782813007.6178567
382600,0.6289606094360352,1782813013.6266332
382700,0.6290205717086792,1782813019.7201273
382800,0.629080593585968,1782813025.8025272
382900,0.6291406154632568,1782813031.869754
383000,0.6292005777359009,1782813038.0900207
383100,0.6292605996131897,1782813044.3120396
383200,0.6293206214904785,1782813050.399306
383300,0.6293805837631226,1782813056.8410401
383400,0.6294406056404114,1782813063.0295854
383500,0.6295006275177002,1782813069.1438391
383600,0.6295605897903442,1782813075.4239514
383700,0.6296206116676331,1782813081.3787837
383800,0.6296805739402771,1782813087.8959365
383900,0.6297405958175659,1782813093.9847608
384000,0.6298006176948547,1782813100.1412933
384100,0.6298605799674988,1782813106.3684423
384200,0.6299206018447876,1782813112.6078668
384300,0.6299806237220764,1782813118.7089288
384400,0.6300405859947205,1782813125.0186443
384500,0.6301006078720093,1782813131.2866855
384600,0.6301606297492981,1782813137.3011875
384700,0.6302205920219421,1782813143.2640834
384800,0.630280613899231,1782813149.1844366
384900,0.630340576171875,1782813155.3659096
385000,0.6304005980491638,1782813161.429343
385100,0.6304606199264526,1782813167.6533124
385200,0.6305205821990967,1782813174.067931
385300,0.6305806040763855,1782813180.0998924
385400,0.6306406259536743,1782813186.1022022
385500,0.6307005882263184,1782813192.3425856
385600,0.6307606101036072,1782813198.4847622
385700,0.6308205723762512,1782813204.6863375
385800,0.63088059425354,1782813210.831159
385900,0.6309406161308289,1782813216.9536777
386000,0.6310005784034729,1782813223.1577988
386100,0.6310606002807617,1782813229.2819414
386200,0.6311206221580505,1782813235.4479334
386300,0.6311805844306946,1782813241.4476223
386400,0.6312406063079834,1782813247.4665036
386500,0.6313006281852722,1782813253.7052267
386600,0.6313605904579163,1782813259.613333
386700,0.6314206123352051,1782813265.4731019
386800,0.6314805746078491,1782813271.7377596
386900,0.6315405964851379,1782813278.02357
387000,0.6316006183624268,1782813284.1380484
387100,0.6316605806350708,1782813290.1038153
387200,0.6317206025123596,1782813296.0251796
387300,0.6317806243896484,1782813301.9678254
387400,0.6318405866622925,1782813308.2306366
387500,0.6319006085395813,1782813314.61927
387600,0.6319605708122253,1782813320.7695365
387700,0.6320205926895142,1782813326.8415053
387800,0.632080614566803,1782813332.9398444
387900,0.632140576839447,1782813339.1508594
388000,0.6322005987167358,1782813345.3029907
388100,0.6322606205940247,1782813351.4464378
388200,0.6323205828666687,1782813357.4732335
388300,0.6323806047439575,1782813363.6937492
388400,0.6324406266212463,1782813369.905712
388500,0.6325005888938904,1782813375.8895671
388600,0.6325606107711792,1782813382.135199
388700,0.6326205730438232,1782813388.2517443
388800,0.6326805949211121,1782813394.4012437
388900,0.6327406167984009,1782813400.5833004
389000,0.6328005790710449,1782813406.684705
389100,0.6328606009483337,1782813412.7883935
389200,0.6329206228256226,1782813418.9872875
389300,0.6329805850982666,1782813424.8881354
389400,0.6330406069755554,1782813431.3177342
389500,0.6331006288528442,1782813437.401335
389600,0.6331605911254883,1782813443.357175
389700,0.6332206130027771,1782813449.4393427
389800,0.6332805752754211,1782813455.6208158
389900,0.63334059715271,1782813461.5660233
390000,0.6334006190299988,1782813467.7107337
390100,0.6334605813026428,1782813473.788857
390200,0.6335206031799316,1782813479.9744065
390300,0.6335806250572205,1782813486.0520139
390400,0.6336405873298645,1782813492.2245996
390500,0.6337006092071533,1782813498.36465
390600,0.6337605714797974,1782813504.7006078
390700,0.6338205933570862,1782813510.8476863
390800,0.633880615234375,1782813516.9889102
390900,0.633940577507019,1782813523.0908418
391000,0.6340005993843079,1782813529.339505
391100,0.6340606212615967,1782813535.5191004
391200,0.6341205835342407,1782813541.8630924
391300,0.6341806054115295,1782813548.0315478
391400,0.6342406272888184,1782813554.178484
391500,0.6343005895614624,1782813560.2696292
391600,0.6343606114387512,1782813566.6973212
391700,0.6344205737113953,1782813572.8707466
391800,0.6344805955886841,1782813578.8869736
391900,0.6345406174659729,1782813585.1659174
392000,0.6346005797386169,1782813591.5052946
392100,0.6346606016159058,1782813597.978038
392200,0.6347206234931946,1782813604.4821112
392300,0.6347805857658386,1782813610.6484475
392400,0.6348406076431274,1782813616.7673001
392500,0.6349006295204163,1782813622.8492217
392600,0.6349605917930603,1782813628.8988688
392700,0.6350206136703491,1782813635.0978217
392800,0.6350805759429932,1782813641.1771615
392900,0.635140597820282,1782813647.3196378
393000,0.6352006196975708,1782813653.4018931
393100,0.6352605819702148,1782813659.9765892
393200,0.6353206038475037,1782813666.2778404
393300,0.6353806257247925,1782813672.57193
393400,0.6354405879974365,1782813678.7234874
393500,0.6355006098747253,1782813684.9654305
393600,0.6355605721473694,1782813691.0363398
393700,0.6356205940246582,1782813697.107298
393800,0.635680615901947,1782813703.3258624
393900,0.6357405781745911,1782813709.4441538
394000,0.6358006000518799,1782813715.5458763
394100,0.6358606219291687,1782813721.7468452
394200,0.6359205842018127,1782813727.971847
394300,0.6359806060791016,1782813734.0526357
394400,0.6360406279563904,1782813740.3532996
394500,0.6361005902290344,1782813746.8615563
394600,0.6361606121063232,1782813753.404649
394700,0.6362205743789673,1782813759.6460373
394800,0.6362805962562561,1782813765.9205518
394900,0.6363406181335449,1782813772.1164405
395000,0.636400580406189,1782813778.2358146
395100,0.6364606022834778,1782813784.5541482
395200,0.6365206241607666,1782813790.7344968
395300,0.6365805864334106,1782813797.1838667
395400,0.6366406083106995,1782813803.20553
395500,0.6367005705833435,1782813809.2797287
395600,0.6367605924606323,1782813815.8408742
395700,0.6368206143379211,1782813822.0607936
395800,0.6368805766105652,1782813828.6470284
395900,0.636940598487854,1782813834.821801
396000,0.6370006203651428,1782813841.0200999
396100,0.6370605826377869,1782813847.0428927
396200,0.6371206045150757,1782813853.2413023
396300,0.6371806263923645,1782813859.3348482
396400,0.6372405886650085,1782813865.6327329
396500,0.6373006105422974,1782813871.554653
396600,0.6373605728149414,1782813877.8570745
396700,0.6374205946922302,1782813884.1890197
396800,0.637480616569519,1782813890.1664827
396900,0.6375405788421631,1782813896.2916436
397000,0.6376006007194519,1782813902.3390777
397100,0.6376606225967407,1782813908.7083797
397200,0.6377205848693848,1782813915.0450275
397300,0.6377806067466736,1782813921.2304816
397400,0.6378406286239624,1782813927.5499866
397500,0.6379005908966064,1782813933.7975554
397600,0.6379606127738953,1782813940.0281947
397700,0.6380205750465393,1782813946.4013753
397800,0.6380805969238281,1782813952.4541378
397900,0.6381406188011169,1782813958.5944414
398000,0.638200581073761,1782813964.6938815
398100,0.6382606029510498,1782813970.7471945
398200,0.6383206248283386,1782813976.8420832
398300,0.6383805871009827,1782813983.112348
398400,0.6384406089782715,1782813989.3897505
398500,0.6385005712509155,1782813995.4700458
398600,0.6385605931282043,1782814001.5633402
398700,0.6386206150054932,1782814007.6110673
398800,0.6386805772781372,1782814013.8988981
398900,0.638740599155426,1782814019.9059556
399000,0.6388006210327148,1782814026.1451926
399100,0.6388605833053589,1782814032.3907714
399200,0.6389206051826477,1782814038.3540525
399300,0.6389806270599365,1782814044.790848
399400,0.6390405893325806,1782814051.0967429
399500,0.6391006112098694,1782814057.3591516
399600,0.6391605734825134,1782814063.7493749
399700,0.6392205953598022,1782814069.9166965
399800,0.6392806172370911,1782814076.021786
399900,0.6393405795097351,1782814082.2600274
400000,0.6394017934799194,1782817827.0295944
400100,0.6394618153572083,1782817985.8812013
400200,0.6395217776298523,1782817991.7972832
400300,0.6395817995071411,1782817997.7194662
400400,0.6396418213844299,1782818003.733182
400500,0.639701783657074,1782818009.9376302
400600,0.6397618055343628,1782818015.934533
400700,0.6398218274116516,1782818021.907712
400800,0.6398817896842957,1782818027.8930926
400900,0.6399418115615845,1782818034.0158505
401000,0.6400017738342285,1782818040.0061357
401100,0.6400617957115173,1782818045.9972408
401200,0.6401218175888062,1782818052.1343074
401300,0.6401817798614502,1782818058.235029
401400,0.640241801738739,1782818064.1880639
401500,0.6403018236160278,1782818070.3940535
401600,0.6403617858886719,1782818076.2655032
401700,0.6404218077659607,1782818082.2317178
401800,0.6404818296432495,1782818088.0370352
401900,0.6405417919158936,1782818093.8823216
402000,0.6406018137931824,1782818099.7406433
402100,0.6406617760658264,1782818105.8772976
402200,0.6407217979431152,1782818111.784392
402300,0.640781819820404,1782818117.6852493
402400,0.6408417820930481,1782818123.6229863
402500,0.6409018039703369,1782818129.5808585
402600,0.6409618258476257,1782818135.6852653
402700,0.6410217881202698,1782818141.6275113
402800,0.6410818099975586,1782818147.605563
402900,0.6411417722702026,1782818153.5827212
403000,0.6412017941474915,1782818159.7397628
403100,0.6412618160247803,1782818165.637347
403200,0.6413217782974243,1782818171.5349135
403300,0.6413818001747131,1782818177.6360993
403400,0.641441822052002,1782818183.563212
403500,0.641501784324646,1782818189.4631639
403600,0.6415618062019348,1782818195.2860456
403700,0.6416218280792236,1782818201.4403162
403800,0.6416817903518677,1782818207.4479542
403900,0.6417418122291565,1782818213.3823202
404000,0.6418017745018005,1782818219.443951
404100,0.6418617963790894,1782818225.4879072
404200,0.6419218182563782,1782818231.4002156
404300,0.6419817805290222,1782818237.3712726
404400,0.642041802406311,1782818243.1819878
404500,0.6421018242835999,1782818249.0237353
404600,0.6421617865562439,1782818254.9908319
404700,0.6422218084335327,1782818260.9564269
404800,0.6422817707061768,1782818266.8667305
404900,0.6423417925834656,1782818272.7811253
405000,0.6424018144607544,1782818279.0177422
405100,0.6424617767333984,1782818285.079033
405200,0.6425217986106873,1782818291.041684
405300,0.6425818204879761,1782818297.551302
405400,0.6426417827606201,1782818303.597794
405500,0.6427018046379089,1782818309.527661
405600,0.6427618265151978,1782818315.6509666
405700,0.6428217887878418,1782818321.8373022
405800,0.6428818106651306,1782818327.8243165
405900,0.6429417729377747,1782818333.740825
406000,0.6430017948150635,1782818339.9208474
406100,0.6430618166923523,1782818345.9688787
406200,0.6431217789649963,1782818352.1177566
406300,0.6431818008422852,1782818358.0744698
406400,0.643241822719574,1782818364.3051407
406500,0.643301784992218,1782818370.38154
406600,0.6433618068695068,1782818376.219684
406700,0.6434218287467957,1782818382.1414087
406800,0.6434817910194397,1782818388.1330078
406900,0.6435418128967285,1782818394.287698
407000,0.6436017751693726,1782818400.3270183
407100,0.6436617970466614,1782818406.78323
407200,0.6437218189239502,1782818413.1828382
407300,0.6437817811965942,1782818419.2846627
407400,0.6438418030738831,1782818425.4123993
407500,0.6439018249511719,1782818431.4166827
407600,0.6439617872238159,1782818437.2678325
407700,0.6440218091011047,1782818443.3276262
407800,0.6440817713737488,1782818449.6941013
407900,0.6441417932510376,1782818455.770369
408000,0.6442018151283264,1782818461.9685647
408100,0.6442617774009705,1782818468.0698895
408200,0.6443217992782593,1782818473.769
408300,0.6443818211555481,1782818479.7599468
408400,0.6444417834281921,1782818485.8868911
408500,0.644501805305481,1782818491.7640545
408600,0.6445618271827698,1782818497.7601943
408700,0.6446217894554138,1782818503.7549994
408800,0.6446818113327026,1782818509.6332457
408900,0.6447417736053467,1782818515.7374508
409000,0.6448017954826355,1782818521.9264693
409100,0.6448618173599243,1782818527.7644143
409200,0.6449217796325684,1782818533.8289268
409300,0.6449818015098572,1782818539.8182132
409400,0.645041823387146,1782818545.8618982
409500,0.64510178565979,1782818552.085339
409600,0.6451618075370789,1782818558.152227
409700,0.6452218294143677,1782818564.0489783
409800,0.6452817916870117,1782818570.1764321
409900,0.6453418135643005,1782818576.1894875
410000,0.6454017758369446,1782818582.281089
410100,0.6454617977142334,1782818588.4026215
410200,0.6455218195915222,1782818594.5237074
410300,0.6455817818641663,1782818600.56777
410400,0.6456418037414551,1782818606.4600155
410500,0.6457018256187439,1782818612.3414762
410600,0.6457617878913879,1782818618.4532459
410700,0.6458218097686768,1782818624.3809917
410800,0.6458817720413208,1782818630.2021496
410900,0.6459417939186096,1782818636.4576051
411000,0.6460018157958984,1782818642.3348005
411100,0.6460617780685425,1782818648.1652815
411200,0.6461217999458313,1782818654.3021564
411300,0.6461818218231201,1782818660.2901232
411400,0.6462417840957642,1782818666.6798863
411500,0.646301805973053,1782818673.1688983
411600,0.6463618278503418,1782818679.5705254
411700,0.6464217901229858,1782818685.9109511
411800,0.6464818120002747,1782818692.0894547
411900,0.6465417742729187,1782818698.340979
412000,0.6466017961502075,1782818704.3743083
412100,0.6466618180274963,1782818710.4052513
412200,0.6467217803001404,1782818716.3807805
412300,0.6467818021774292,1782818722.6153939
412400,0.646841824054718,1782818728.9798114
412500,0.6469017863273621,1782818735.2546022
412600,0.6469618082046509,1782818741.8788376
412700,0.6470217704772949,1782818748.271815
412800,0.6470817923545837,1782818754.6689892
412900,0.6471418142318726,1782818761.0847511
413000,0.6472017765045166,1782818767.7999911
413100,0.6472617983818054,1782818774.6072044
413200,0.6473218202590942,1782818781.1367626
413300,0.6473817825317383,1782818787.5519867
413400,0.6474418044090271,1782818793.975773
413500,0.6475018262863159,1782818800.3720698
413600,0.64756178855896,1782818806.8723598
413700,0.6476218104362488,1782818813.2071152
413800,0.6476817727088928,1782818819.478214
413900,0.6477417945861816,1782818825.9792693
414000,0.6478018164634705,1782818832.2501419
414100,0.6478617787361145,1782818838.8029954
414200,0.6479218006134033,1782818845.3652518
414300,0.6479818224906921,1782818851.7718935
414400,0.6480417847633362,1782818858.3245358
414500,0.648101806640625,1782818864.7167847
414600,0.6481618285179138,1782818871.2790422
414700,0.6482217907905579,1782818877.947443
414800,0.6482818126678467,1782818884.3562255
414900,0.6483417749404907,1782818890.8463259
415000,0.6484017968177795,1782818897.2858508
415100,0.6484618186950684,1782818903.740212
415200,0.6485217809677124,1782818910.2872128
415300,0.6485818028450012,1782818916.6932175
415400,0.64864182472229,1782818923.0951238
415500,0.6487017869949341,1782818929.6590226
415600,0.6487618088722229,1782818936.024259
415700,0.6488217711448669,1782818942.366781
415800,0.6488817930221558,1782818948.7192307
415900,0.6489418148994446,1782818955.0530584
416000,0.6490017771720886,1782818961.2399025
416100,0.6490617990493774,1782818967.8606787
416200,0.6491218209266663,1782818974.3480227
416300,0.6491817831993103,1782818980.7892601
416400,0.6492418050765991,1782818987.381948
416500,0.6493018269538879,1782818993.7267082
416600,0.649361789226532,1782818999.9730678
416700,0.6494218111038208,1782819006.1561143
416800,0.6494817733764648,1782819012.0726628
416900,0.6495417952537537,1782819018.1372771
417000,0.6496018171310425,1782819024.3730662
417100,0.6496617794036865,1782819030.7407358
417200,0.6497218012809753,1782819037.1685758
417300,0.6497818231582642,1782819043.2265406
417400,0.6498417854309082,1782819049.351933
417500,0.649901807308197,1782819055.2206454
417600,0.6499618291854858,1782819061.3071353
417700,0.6500217914581299,1782819067.3858159
417800,0.6500818133354187,1782819073.7087762
417900,0.6501417756080627,1782819079.9688423
418000,0.6502017974853516,1782819086.4544764
418100,0.6502618193626404,1782819092.5653877
418200,0.6503217816352844,1782819098.674559
418300,0.6503818035125732,1782819104.4634535
418400,0.6504418253898621,1782819110.382184
418500,0.6505017876625061,1782819116.6552339
418600,0.6505618095397949,1782819122.5749438
418700,0.650621771812439,1782819128.570298
418800,0.6506817936897278,1782819134.8358154
418900,0.6507418155670166,1782819140.9396715
419000,0.6508017778396606,1782819146.9320302
419100,0.6508617997169495,1782819153.0133748
419200,0.6509218215942383,1782819159.1885874
419300,0.6509817838668823,1782819165.0495777
419400,0.6510418057441711,1782819170.9319332
419500,0.65110182762146,1782819176.914827
419600,0.651161789894104,1782819183.0341728
419700,0.6512218117713928,1782819189.2707539
419800,0.6512817740440369,1782819195.3500698
419900,0.6513417959213257,1782819201.193399
420000,0.6514018177986145,1782819207.0636957
420100,0.6514617800712585,1782819212.9351125
420200,0.6515218019485474,1782819218.7890966
420300,0.6515818238258362,1782819225.0742557
420400,0.6516417860984802,1782819231.0930183
420500,0.651701807975769,1782819237.464408
420600,0.6517617702484131,1782819243.6280727
420700,0.6518217921257019,1782819249.7119718
420800,0.6518818140029907,1782819255.6893463
420900,0.6519417762756348,1782819261.7969522
421000,0.6520017981529236,1782819267.891912
421100,0.6520618200302124,1782819274.098446
421200,0.6521217823028564,1782819280.1402032
421300,0.6521818041801453,1782819286.0416777
421400,0.6522418260574341,1782819291.9851334
421500,0.6523017883300781,1782819298.1323955
421600,0.6523618102073669,1782819304.123878
421700,0.652421772480011,1782819310.251322
421800,0.6524817943572998,1782819316.6956673
421900,0.6525418162345886,1782819322.767673
422000,0.6526017785072327,1782819328.9334316
422100,0.6526618003845215,1782819335.004679
422200,0.6527218222618103,1782819340.9193668
422300,0.6527817845344543,1782819347.051986
422400,0.6528418064117432,1782819353.3120656
422500,0.652901828289032,1782819359.331194
422600,0.652961790561676,1782819365.2601569
422700,0.6530218124389648,1782819371.3248754
422800,0.6530817747116089,1782819377.445194
422900,0.6531417965888977,1782819383.422788
423000,0.6532018184661865,1782819389.5658855
423100,0.6532617807388306,1782819395.569865
423200,0.6533218026161194,1782819401.607476
423300,0.6533818244934082,1782819407.4516318
423400,0.6534417867660522,1782819413.5043106
423500,0.6535018086433411,1782819419.51918
423600,0.6535617709159851,1782819425.3169928
423700,0.6536217927932739,1782819431.0687363
423800,0.6536818146705627,1782819437.1946206
423900,0.6537417769432068,1782819443.1155052
424000,0.6538017988204956,1782819449.229956
424100,0.6538618206977844,1782819455.299616
424200,0.6539217829704285,1782819461.4156141
424300,0.6539818048477173,1782819467.6124277
424400,0.6540418267250061,1782819473.8317778
424500,0.6541017889976501,1782819479.7636082
424600,0.654161810874939,1782819485.7080593
424700,0.654221773147583,1782819491.847169
424800,0.6542817950248718,1782819497.8147373
424900,0.6543418169021606,1782819503.8791935
425000,0.6544017791748047,1782819509.823654
425100,0.6544618010520935,1782819696.803262
425200,0.6545218229293823,1782819702.8069272
425300,0.6545817852020264,1782819708.5806122
425400,0.6546418070793152,1782819714.339061
425500,0.654701828956604,1782819720.2512453
425600,0.654761791229248,1782819726.0510883
425700,0.6548218131065369,1782819732.1870964
425800,0.6548817753791809,1782819738.1551585
425900,0.6549417972564697,1782819744.086756
426000,0.6550018191337585,1782819750.0998216
426100,0.6550617814064026,1782819756.0020633
426200,0.6551218032836914,1782819762.1733296
426300,0.6551818251609802,1782819768.0346909
426400,0.6552417874336243,1782819774.1448915
426500,0.6553018093109131,1782819780.1524546
426600,0.6553617715835571,1782819786.0617743
426700,0.655421793460846,1782819792.1957924
426800,0.6554818153381348,1782819798.1207936
426900,0.6555417776107788,1782819804.1891317
427000,0.6556017994880676,1782819810.2939694
427100,0.6556618213653564,1782819816.1731837
427200,0.6557217836380005,1782819822.034797
427300,0.6557818055152893,1782819828.2046976
427400,0.6558418273925781,1782819834.3030417
427500,0.6559017896652222,1782819840.505576
427600,0.655961811542511,1782819846.5502555
427700,0.656021773815155,1782819852.4779654
427800,0.6560817956924438,1782819858.4321527
427900,0.6561418175697327,1782819864.4887881
428000,0.6562017798423767,1782819870.2830105
428100,0.6562618017196655,1782819876.121137
428200,0.6563218235969543,1782819882.2161193
428300,0.6563817858695984,1782819888.0013874
428400,0.6564418077468872,1782819893.9081593
428500,0.656501829624176,1782819899.9294813
428600,0.6565617918968201,1782819905.7491438
428700,0.6566218137741089,1782819911.516686
428800,0.6566817760467529,1782819917.5752876
428900,0.6567417979240417,1782819923.68526
429000,0.6568018198013306,1782819929.6031706
429100,0.6568617820739746,1782819935.6217518
429200,0.6569218039512634,1782819941.7653747
429300,0.6569818258285522,1782819947.6028686
429400,0.6570417881011963,1782819953.3635764
429500,0.6571018099784851,1782819959.3869712
429600,0.6571617722511292,1782819965.2206008
429700,0.657221794128418,1782819971.1384978
429800,0.6572818160057068,1782819977.3383327
429900,0.6573417782783508,1782819983.1751199
430000,0.6574018001556396,1782819989.156418
430100,0.6574618220329285,1782819995.3308115
430200,0.6575217843055725,1782820001.478892
430300,0.6575818061828613,1782820007.5397189
430400,0.6576418280601501,1782820013.4070873
430500,0.6577017903327942,1782820019.491499
430600,0.657761812210083,1782820025.5144036
430700,0.657821774482727,1782820031.5870926
430800,0.6578817963600159,1782820037.4539742
430900,0.6579418182373047,1782820043.3102987
431000,0.6580017805099487,1782820049.4303057
431100,0.6580618023872375,1782820055.6218922
431200,0.6581218242645264,1782820061.6523232
431300,0.6581817865371704,1782820067.563602
431400,0.6582418084144592,1782820073.5162477
431500,0.6583017706871033,1782820079.5359886
431600,0.6583617925643921,1782820085.9178402
431700,0.6584218144416809,1782820091.9580822
431800,0.658481776714325,1782820097.904055
431900,0.6585417985916138,1782820103.8962967
432000,0.6586018204689026,1782820110.0475342
432100,0.6586617827415466,1782820116.0292768
432200,0.6587218046188354,1782820122.1050887
432300,0.6587818264961243,1782820128.147214
432400,0.6588417887687683,1782820134.1505241
432500,0.6589018106460571,1782820140.2739806
432600,0.6589617729187012,1782820146.4620204
432700,0.65902179479599,1782820152.5170383
432800,0.6590818166732788,1782820158.4659572
432900,0.6591417789459229,1782820164.4244354
433000,0.6592018008232117,1782820170.4060543
433100,0.6592618227005005,1782820176.6643488
433200,0.6593217849731445,1782820182.5965867
433300,0.6593818068504333,1782820188.543254
433400,0.6594418287277222,1782820194.548928
433500,0.6595017910003662,1782820200.7817423
433600,0.659561812877655,1782820206.8712606
433700,0.6596217751502991,1782820213.1856396
433800,0.6596817970275879,1782820219.2543972
433900,0.6597418189048767,1782820225.0593314
434000,0.6598017811775208,1782820231.269595
434100,0.6598618030548096,1782820237.3204658
434200,0.6599218249320984,1782820243.3036377
434300,0.6599817872047424,1782820249.4708745
434400,0.6600418090820312,1782820255.512301
434500,0.6601017713546753,1782820261.3726182
434600,0.6601617932319641,1782820267.2522259
434700,0.6602218151092529,1782820273.498796
434800,0.660281777381897,1782820279.60227
434900,0.6603417992591858,1782820285.581309
435000,0.6604018211364746,1782820291.7005348
435100,0.6604617834091187,1782820297.7882273
435200,0.6605218052864075,1782820303.8803105
435300,0.6605818271636963,1782820310.113084
435400,0.6606417894363403,1782820316.267916
435500,0.6607018113136292,1782820322.4382963
435600,0.6607617735862732,1782820328.7031152
435700,0.660821795463562,1782820334.8546765
435800,0.6608818173408508,1782820340.917106
435900,0.6609417796134949,1782820346.9006674
436000,0.6610018014907837,1782820352.7824848
436100,0.6610618233680725,1782820358.715309
436200,0.6611217856407166,1782820364.8400788
436300,0.6611818075180054,1782820370.8932042
436400,0.6612418293952942,1782820376.9570436
436500,0.6613017916679382,1782820382.9575326
436600,0.661361813545227,1782820389.188591
436700,0.6614217758178711,1782820395.081654
436800,0.6614817976951599,1782820401.0592353
436900,0.6615418195724487,1782820407.2392943
437000,0.6616017818450928,1782820413.4320788
437100,0.6616618037223816,1782820419.5641577
437200,0.6617218255996704,1782820425.6069787
437300,0.6617817878723145,1782820431.5680318
437400,0.6618418097496033,1782820437.8392036
437500,0.6619017720222473,1782820443.9847586
437600,0.6619617938995361,1782820450.1558363
437700,0.662021815776825,1782820456.0734005
437800,0.662081778049469,1782820461.9565468
437900,0.6621417999267578,1782820468.0095606
438000,0.6622018218040466,1782820474.0005984
438100,0.6622617840766907,1782820479.9401474
438200,0.6623218059539795,1782820485.9030254
438300,0.6623818278312683,1782820491.657305
438400,0.6624417901039124,1782820497.4491777
438500,0.6625018119812012,1782820503.3714967
438600,0.6625617742538452,1782820509.3732505
438700,0.662621796131134,1782820515.4837918
438800,0.6626818180084229,1782820521.3076777
438900,0.6627417802810669,1782820527.2254345
439000,0.6628018021583557,1782820533.204761
439100,0.6628618240356445,1782820539.200893
439200,0.6629217863082886,1782820545.3247998
439300,0.6629818081855774,1782820551.1495795
439400,0.6630417704582214,1782820557.198925
439500,0.6631017923355103,1782820563.0016875
439600,0.6631618142127991,1782820568.7924902
439700,0.6632217764854431,1782820574.9893477
439800,0.6632817983627319,1782820581.0129008
439900,0.6633418202400208,1782820586.9547157
440000,0.6634017825126648,1782820592.8836803
440100,0.6634618043899536,1782820598.754677
440200,0.6635218262672424,1782820604.606518
440300,0.6635817885398865,1782820610.622397
440400,0.6636418104171753,1782820616.593054
440500,0.6637017726898193,1782820622.670297
440600,0.6637617945671082,1782820628.512257
440700,0.663821816444397,1782820634.267456
440800,0.663881778717041,1782820640.1706214
440900,0.6639418005943298,1782820646.0984194
441000,0.6640018224716187,1782820652.208595
441100,0.6640617847442627,1782820658.1769953
441200,0.6641218066215515,1782820664.0368123
441300,0.6641818284988403,1782820669.8773828
441400,0.6642417907714844,1782820675.606365
441500,0.6643018126487732,1782820681.4496932
441600,0.6643617749214172,1782820687.5109773
441700,0.664421796798706,1782820693.5484993
441800,0.6644818186759949,1782820699.5038762
441900,0.6645417809486389,1782820705.5531313
442000,0.6646018028259277,1782820711.5678139
442100,0.6646618247032166,1782820717.4825888
442200,0.6647217869758606,1782820723.4411056
442300,0.6647818088531494,1782820729.38668
442400,0.6648417711257935,1782820735.149934
442500,0.6649017930030823,1782820740.8705177
442600,0.6649618148803711,1782820746.7264292
442700,0.6650217771530151,1782820752.4918969
442800,0.665081799030304,1782820758.2845979
442900,0.6651418209075928,1782820764.2492151
443000,0.6652017831802368,1782820770.1798213
443100,0.6652618050575256,1782820776.327274
443200,0.6653218269348145,1782820782.2193916
443300,0.6653817892074585,1782820788.2435095
443400,0.6654418110847473,1782820794.1692514
443500,0.6655017733573914,1782820800.057089
443600,0.6655617952346802,1782820806.0088065
443700,0.665621817111969,1782820812.108657
443800,0.665681779384613,1782820817.7740414
443900,0.6657418012619019,1782820823.7939062
444000,0.6658018231391907,1782820829.7022462
444100,0.6658617854118347,1782820835.4482317
444200,0.6659218072891235,1782820841.2975974
444300,0.6659818291664124,1782820847.3661003
444400,0.6660417914390564,1782820853.2861915
444500,0.6661018133163452,1782820859.1457634
444600,0.6661617755889893,1782820865.1544726
444700,0.6662217974662781,1782820871.2973316
444800,0.6662818193435669,1782820877.164719
444900,0.6663417816162109,1782820883.0170703
445000,0.6664018034934998,1782820889.200842
445100,0.6664618253707886,1782820895.2989824
445200,0.6665217876434326,1782820901.2250416
445300,0.6665818095207214,1782820907.242708
445400,0.6666417717933655,1782820913.3861976
445500,0.6667017936706543,1782820919.3336155
445600,0.6667618155479431,1782820925.4223666
445700,0.6668217778205872,1782820931.2087235
445800,0.666881799697876,1782820937.2753246
445900,0.6669418215751648,1782820943.2440372
446000,0.6670017838478088,1782820949.3866894
446100,0.6670618057250977,1782820955.3344305
446200,0.6671218276023865,1782820961.5090928
446300,0.6671817898750305,1782820967.4412923
446400,0.6672418117523193,1782820973.5372803
446500,0.6673017740249634,1782820979.6231039
446600,0.6673617959022522,1782820985.634295
446700,0.667421817779541,1782820991.8904161
446800,0.6674817800521851,1782820997.8036225
446900,0.6675418019294739,1782821003.8540497
447000,0.6676018238067627,1782821009.7061868
447100,0.6676617860794067,1782821015.773813
447200,0.6677218079566956,1782821021.7443328
447300,0.6677817702293396,1782821027.806286
447400,0.6678417921066284,1782821034.029314
447500,0.6679018139839172,1782821040.0078213
447600,0.6679617762565613,1782821045.9671602
447700,0.6680217981338501,1782821051.9831247
447800,0.6680818200111389,1782821057.9939103
447900,0.668141782283783,1782821064.0484383
448000,0.6682018041610718,1782821069.8985236
448100,0.6682618260383606,1782821076.1177392
448200,0.6683217883110046,1782821082.2378705
448300,0.6683818101882935,1782821088.3112066
448400,0.6684417724609375,1782821094.5470622
448500,0.6685017943382263,1782821100.779646
448600,0.6685618162155151,1782821106.856453
448700,0.6686217784881592,1782821113.0748196
448800,0.668681800365448,1782821119.0021183
448900,0.6687418222427368,1782821125.1691597
449000,0.6688017845153809,1782821131.29771
449100,0.6688618063926697,1782821137.0924928
449200,0.6689218282699585,1782821142.8784175
449300,0.6689817905426025,1782821148.622185
449400,0.6690418124198914,1782821154.4264026
449500,0.6691017746925354,1782821160.3988898
449600,0.6691617965698242,1782821166.336619
449700,0.669221818447113,1782821172.237706
449800,0.6692817807197571,1782821178.2708278
449900,0.6693418025970459,1782821184.2686017
450000,0.6694018244743347,1782821190.3085177
450100,0.6694617867469788,1782821323.6296003
450200,0.6695218086242676,1782821329.697008
450300,0.6695817708969116,1782821335.684143
450400,0.6696417927742004,1782821341.7225149
450500,0.6697018146514893,1782821347.7468216
450600,0.6697617769241333,1782821353.5638094
450700,0.6698217988014221,1782821359.4684455
450800,0.6698818206787109,1782821365.2172756
450900,0.669941782951355,1782821371.1569448
451000,0.6700018048286438,1782821377.414453
451100,0.6700618267059326,1782821383.5329452
451200,0.6701217889785767,1782821389.6142318
451300,0.6701818108558655,1782821395.6198597
451400,0.6702417731285095,1782821401.5690637
451500,0.6703017950057983,1782821407.452437
451600,0.6703618168830872,1782821413.6930268
451700,0.6704217791557312,1782821419.46634
451800,0.67048180103302,1782821425.371339
451900,0.6705418229103088,1782821431.4849617
452000,0.6706017851829529,1782821437.2862153
452100,0.6706618070602417,1782821443.0417519
452200,0.6707218289375305,1782821448.931483
452300,0.6707817912101746,1782821454.6733892
452400,0.6708418130874634,1782821460.3509545
452500,0.6709017753601074,1782821466.2995842
452600,0.6709617972373962,1782821471.9926603
452700,0.6710218191146851,1782821477.8345633
452800,0.6710817813873291,1782821483.9255767
452900,0.6711418032646179,1782821489.8527415
453000,0.6712018251419067,1782821495.7574546
453100,0.6712617874145508,1782821501.733221
453200,0.6713218092918396,1782821507.8652542
453300,0.6713817715644836,1782821513.9554677
453400,0.6714417934417725,1782821519.943125
453500,0.6715018153190613,1782821525.7219872
453600,0.6715617775917053,1782821531.9497123
453700,0.6716217994689941,1782821537.8952465
453800,0.671681821346283,1782821543.9175746
453900,0.671741783618927,1782821549.6451862
454000,0.6718018054962158,1782821555.7780528
454100,0.6718618273735046,1782821561.8504276
454200,0.6719217896461487,1782821568.0252645
454300,0.6719818115234375,1782821574.0697145
454400,0.6720417737960815,1782821580.249215
454500,0.6721017956733704,1782821586.2368052
454600,0.6721618175506592,1782821592.241565
454700,0.6722217798233032,1782821598.373005
454800,0.672281801700592,1782821604.4049032
454900,0.6723418235778809,1782821610.3981864
455000,0.6724017858505249,1782821616.4975252
455100,0.6724618077278137,1782821622.4673667
455200,0.6725218296051025,1782821628.698061
455300,0.6725817918777466,1782821634.8407362
455400,0.6726418137550354,1782821640.9905775
455500,0.6727017760276794,1782821647.210509
455600,0.6727617979049683,1782821653.2386851
455700,0.6728218197822571,1782821659.3577247
455800,0.6728817820549011,1782821665.305025
455900,0.6729418039321899,1782821671.3599267
456000,0.6730018258094788,1782821677.3395383
456100,0.6730617880821228,1782821683.4476302
456200,0.6731218099594116,1782821689.3489943
456300,0.6731817722320557,1782821695.2713356
456400,0.6732417941093445,1782821700.9672356
456500,0.6733018159866333,1782821706.9703074
456600,0.6733617782592773,1782821712.854992
456700,0.6734218001365662,1782821718.8026357
456800,0.673481822013855,1782821724.8249261
456900,0.673541784286499,1782821730.9439945
457000,0.6736018061637878,1782821736.8748112
457100,0.6736618280410767,1782821742.9419897
457200,0.6737217903137207,1782821748.9550793
457300,0.6737818121910095,1782821755.0862968
457400,0.6738417744636536,1782821760.8156164
457500,0.6739017963409424,1782821766.7128913
457600,0.6739618182182312,1782821772.6022863
457700,0.6740217804908752,1782821778.5748432
457800,0.6740818023681641,1782821784.2593734
457900,0.6741418242454529,1782821790.0340135
458000,0.6742017865180969,1782821796.0662334
458100,0.6742618083953857,1782821801.9189448
458200,0.6743217706680298,1782821807.6927588
458300,0.6743817925453186,1782821813.535001
458400,0.6744418144226074,1782821819.548582
458500,0.6745017766952515,1782821825.621081
458600,0.6745617985725403,1782821831.747406
458700,0.6746218204498291,1782821837.6494377
458800,0.6746817827224731,1782821843.6040318
458900,0.674741804599762,1782821849.4981146
459000,0.6748018264770508,1782821855.734204
459100,0.6748617887496948,1782821861.942337
459200,0.6749218106269836,1782821867.8754218
459300,0.6749817728996277,1782821874.0068853
459400,0.6750417947769165,1782821880.0124676
459500,0.6751018166542053,1782821885.7494056
459600,0.6751617789268494,1782821891.4412768
459700,0.6752218008041382,1782821897.5627692
459800,0.675281822681427,1782821903.301595
459900,0.675341784954071,1782821909.1038268
460000,0.6754018068313599,1782821915.096245
460100,0.6754618287086487,1782821920.7405787
460200,0.6755217909812927,1782821926.703855
460300,0.6755818128585815,1782821932.5378134
460400,0.6756417751312256,1782821938.4139564
460500,0.6757017970085144,1782821944.3909264
460600,0.6757618188858032,1782821950.452309
460700,0.6758217811584473,1782821956.2180853
460800,0.6758818030357361,1782821962.3021643
460900,0.6759418249130249,1782821968.2077239
461000,0.676001787185669,1782821974.2686348
461100,0.6760618090629578,1782821980.4497526
461200,0.6761217713356018,1782821986.3005269
461300,0.6761817932128906,1782821992.2727551
461400,0.6762418150901794,1782821998.2564416
461500,0.6763017773628235,1782822004.2533164
461600,0.6763617992401123,1782822010.0871446
461700,0.6764218211174011,1782822016.101939
461800,0.6764817833900452,1782822021.9787834
461900,0.676541805267334,1782822027.9936266
462000,0.6766018271446228,1782822033.9719772
462100,0.6766617894172668,1782822040.0498338
462200,0.6767218112945557,1782822045.8070133
462300,0.6767817735671997,1782822051.6011777
462400,0.6768417954444885,1782822057.7060306
462500,0.6769018173217773,1782822063.8476558
462600,0.6769617795944214,1782822069.9797175
462700,0.6770218014717102,1782822075.9551423
462800,0.677081823348999,1782822082.080807
462900,0.6771417856216431,1782822087.9565809
463000,0.6772018074989319,1782822094.0204349
463100,0.6772618293762207,1782822099.9340777
463200,0.6773217916488647,1782822105.9710565
463300,0.6773818135261536,1782822112.1018803
463400,0.6774417757987976,1782822117.971136
463500,0.6775017976760864,1782822123.747502
463600,0.6775618195533752,1782822129.6062279
463700,0.6776217818260193,1782822135.4930642
463800,0.6776818037033081,1782822141.3291724
463900,0.6777418255805969,1782822147.2696223
464000,0.677801787853241,1782822153.291794
464100,0.6778618097305298,1782822159.267694
464200,0.6779217720031738,1782822165.2652311
464300,0.6779817938804626,1782822171.0985398
464400,0.6780418157577515,1782822177.095136
464500,0.6781017780303955,1782822183.2473035
464600,0.6781617999076843,1782822189.3264139
464700,0.6782218217849731,1782822195.334757
464800,0.6782817840576172,1782822201.5022953
464900,0.678341805934906,1782822207.4184656
465000,0.6784018278121948,1782822213.6425269
465100,0.6784617900848389,1782822219.5471883
465200,0.6785218119621277,1782822225.329639
465300,0.6785817742347717,1782822231.0639143
465400,0.6786417961120605,1782822237.1499503
465500,0.6787018179893494,1782822243.2282877
465600,0.6787617802619934,1782822249.2042034
465700,0.6788218021392822,1782822255.1788497
465800,0.678881824016571,1782822261.1550581
465900,0.6789417862892151,1782822267.1646569
466000,0.6790018081665039,1782822273.265245
466100,0.679061770439148,1782822279.4461884
466200,0.6791217923164368,1782822285.4850342
466300,0.6791818141937256,1782822291.4475982
466400,0.6792417764663696,1782822297.2674153
466500,0.6793017983436584,1782822303.0420053
466600,0.6793618202209473,1782822308.8042865
466700,0.6794217824935913,1782822314.680834
466800,0.6794818043708801,1782822320.7255619
466900,0.679541826248169,1782822326.687367
467000,0.679601788520813,1782822332.8273385
467100,0.6796618103981018,1782822338.716758
467200,0.6797217726707458,1782822344.6997883
467300,0.6797817945480347,1782822350.541535
467400,0.6798418164253235,1782822356.452562
467500,0.6799017786979675,1782822362.3164616
467600,0.6799618005752563,1782822368.271265
467700,0.6800218224525452,1782822374.3217762
467800,0.6800817847251892,1782822380.2169335
467900,0.680141806602478,1782822386.083367
468000,0.6802018284797668,1782822392.1877542
468100,0.6802617907524109,1782822398.1975555
468200,0.6803218126296997,1782822404.2582958
468300,0.6803817749023438,1782822410.3215685
468400,0.6804417967796326,1782822416.2209408
468500,0.6805018186569214,1782822421.9377582
468600,0.6805617809295654,1782822428.0677443
468700,0.6806218028068542,1782822434.0203187
468800,0.6806818246841431,1782822439.8777907
468900,0.6807417869567871,1782822445.7627985
469000,0.6808018088340759,1782822451.6426017
469100,0.68086177110672,1782822457.6060555
469200,0.6809217929840088,1782822463.7256436
469300,0.6809818148612976,1782822469.7864907
469400,0.6810417771339417,1782822475.6223805
469500,0.6811017990112305,1782822481.6066105
469600,0.6811618208885193,1782822487.5770772
469700,0.6812217831611633,1782822493.806439
469800,0.6812818050384521,1782822499.8642545
469900,0.681341826915741,1782822506.00163
470000,0.681401789188385,1782822511.9262602
470100,0.6814618110656738,1782822518.2315512
470200,0.6815217733383179,1782822524.2211244
470300,0.6815817952156067,1782822530.259657
470400,0.6816418170928955,1782822536.3603053
470500,0.6817017793655396,1782822542.3396354
470600,0.6817618012428284,1782822548.4145708
470700,0.6818218231201172,1782822554.5793579
470800,0.6818817853927612,1782822560.660384
470900,0.68194180727005,1782822566.654064
471000,0.6820018291473389,1782822572.8308387
471100,0.6820617914199829,1782822578.86481
471200,0.6821218132972717,1782822584.8267117
471300,0.6821817755699158,1782822591.126505
471400,0.6822417974472046,1782822597.3798509
471500,0.6823018193244934,1782822603.3166456
471600,0.6823617815971375,1782822609.1732213
471700,0.6824218034744263,1782822615.6192765
471800,0.6824818253517151,1782822621.4900398
471900,0.6825417876243591,1782822627.2681334
472000,0.682601809501648,1782822633.7016156
472100,0.682661771774292,1782822639.7882352
472200,0.6827217936515808,1782822645.754228
472300,0.6827818155288696,1782822652.0208342
472400,0.6828417778015137,1782822658.240073
472500,0.6829017996788025,1782822664.1036432
472600,0.6829618215560913,1782822670.0846157
472700,0.6830217838287354,1782822676.124451
472800,0.6830818057060242,1782822682.030817
472900,0.683141827583313,1782822687.9714527
473000,0.683201789855957,1782822694.0578291
473100,0.6832618117332458,1782822700.038844
473200,0.6833217740058899,1782822706.136087
473300,0.6833817958831787,1782822712.3534966
473400,0.6834418177604675,1782822718.4280286
473500,0.6835017800331116,1782822724.4388483
473600,0.6835618019104004,1782822730.4881725
473700,0.6836218237876892,1782822736.3661728
473800,0.6836817860603333,1782822742.4372945
473900,0.6837418079376221,1782822748.688063
474000,0.6838017702102661,1782822754.8936012
474100,0.6838617920875549,1782822760.9355462
474200,0.6839218139648438,1782822766.973082
474300,0.6839817762374878,1782822773.1316516
474400,0.6840417981147766,1782822779.0415068
474500,0.6841018199920654,1782822784.9876068
474600,0.6841617822647095,1782822790.8815906
474700,0.6842218041419983,1782822796.8264308
474800,0.6842818260192871,1782822802.973548
474900,0.6843417882919312,1782822808.9250152
475000,0.68440181016922,1782822814.9976509
475100,0.684461772441864,1782822957.8407285
475200,0.6845217943191528,1782822963.6146326
475300,0.6845818161964417,1782822969.3987052
475400,0.6846417784690857,1782822975.3472266
475500,0.6847018003463745,1782822981.1124222
475600,0.6847618222236633,1782822987.355647
475700,0.6848217844963074,1782822993.532792
475800,0.6848818063735962,1782822999.495031
475900,0.684941828250885,1782823005.5368793
476000,0.685001790523529,1782823011.682894
476100,0.6850618124008179,1782823017.7811391
476200,0.6851217746734619,1782823023.740588
476300,0.6851817965507507,1782823029.9151354
476400,0.6852418184280396,1782823036.07308
476500,0.6853017807006836,1782823042.0972679
476600,0.6853618025779724,1782823048.0635345
476700,0.6854218244552612,1782823054.2062259
476800,0.6854817867279053,1782823060.2848425
476900,0.6855418086051941,1782823066.2026613
477000,0.6856017708778381,1782823072.1611652
477100,0.685661792755127,1782823078.042368
477200,0.6857218146324158,1782823083.9065156
477300,0.6857817769050598,1782823089.983796
477400,0.6858417987823486,1782823095.805563
477500,0.6859018206596375,1782823102.1285636
477600,0.6859617829322815,1782823108.0423884
477700,0.6860218048095703,1782823114.1108162
477800,0.6860818266868591,1782823119.9380438
477900,0.6861417889595032,1782823125.8622267
478000,0.686201810836792,1782823131.968052
478100,0.686261773109436,1782823137.873826
478200,0.6863217949867249,1782823143.6747696
478300,0.6863818168640137,1782823149.9161963
478400,0.6864417791366577,1782823156.1293325
478500,0.6865018010139465,1782823162.1827354
478600,0.6865618228912354,1782823168.170497
478700,0.6866217851638794,1782823174.2756517
478800,0.6866818070411682,1782823180.3699884
478900,0.686741828918457,1782823186.6184628
479000,0.6868017911911011,1782823192.6150615
479100,0.6868618130683899,1782823198.5534625
479200,0.6869217753410339,1782823204.619185
479300,0.6869817972183228,1782823210.3984048
479400,0.6870418190956116,1782823216.4617784
479500,0.6871017813682556,1782823222.3848736
479600,0.6871618032455444,1782823228.5093622
479700,0.6872218251228333,1782823234.3670235
479800,0.6872817873954773,1782823240.2602432
479900,0.6873418092727661,1782823246.439807
480000,0.6874017715454102,1782823252.555696
480100,0.687461793422699,1782823258.5606804
480200,0.6875218152999878,1782823264.801125
480300,0.6875817775726318,1782823270.9030054
480400,0.6876417994499207,1782823276.8423932
480500,0.6877018213272095,1782823282.7053854
480600,0.6877617835998535,1782823288.5052335
480700,0.6878218054771423,1782823294.4136386
480800,0.6878818273544312,1782823300.4062653
480900,0.6879417896270752,1782823306.5890448
481000,0.688001811504364,1782823312.7619243
481100,0.6880617737770081,1782823318.881
481200,0.6881217956542969,1782823324.8001254
481300,0.6881818175315857,1782823330.8216112
481400,0.6882417798042297,1782823336.7930746
481500,0.6883018016815186,1782823343.0666578
481600,0.6883618235588074,1782823348.9539435
481700,0.6884217858314514,1782823355.2339704
481800,0.6884818077087402,1782823361.2687547
481900,0.688541829586029,1782823367.4634306
482000,0.6886017918586731,1782823373.6172113
482100,0.6886618137359619,1782823379.54893
482200,0.688721776008606,1782823385.7195845
482300,0.6887817978858948,1782823391.5157852
482400,0.6888418197631836,1782823397.3795762
482500,0.6889017820358276,1782823403.469984
482600,0.6889618039131165,1782823409.3457174
482700,0.6890218257904053,1782823415.227702
482800,0.6890817880630493,1782823421.1435692
482900,0.6891418099403381,1782823427.2177892
483000,0.6892017722129822,1782823433.2170942
483100,0.689261794090271,1782823439.232047
483200,0.6893218159675598,1782823445.3705213
483300,0.6893817782402039,1782823451.6821628
483400,0.6894418001174927,1782823457.5737085
483500,0.6895018219947815,1782823463.8054402
483600,0.6895617842674255,1782823469.8509216
483700,0.6896218061447144,1782823475.8643844
483800,0.6896818280220032,1782823481.874742
483900,0.6897417902946472,1782823488.1254869
484000,0.689801812171936,1782823494.1444588
484100,0.6898617744445801,1782823500.1831844
484200,0.6899217963218689,1782823506.4747066
484300,0.6899818181991577,1782823512.6112702
484400,0.6900417804718018,1782823518.5192893
484500,0.6901018023490906,1782823524.6689494
484600,0.6901618242263794,1782823530.8818648
484700,0.6902217864990234,1782823536.8993278
484800,0.6902818083763123,1782823543.041174
484900,0.6903417706489563,1782823549.0089529
485000,0.6904017925262451,1782823555.0158157
485100,0.6904618144035339,1782823561.0624018
485200,0.690521776676178,1782823567.1529913
485300,0.6905817985534668,1782823573.235668
485400,0.6906418204307556,1782823579.2258356
485500,0.6907017827033997,1782823585.1789548
485600,0.6907618045806885,1782823591.1091423
485700,0.6908218264579773,1782823597.1842332
485800,0.6908817887306213,1782823603.3041537
485900,0.6909418106079102,1782823609.114242
486000,0.6910017728805542,1782823615.0797865
486100,0.691061794757843,1782823621.284112
486200,0.6911218166351318,1782823627.4622948
486300,0.6911817789077759,1782823633.5988696
486400,0.6912418007850647,1782823639.5385983
486500,0.6913018226623535,1782823645.4260395
486600,0.6913617849349976,1782823651.233879
486700,0.6914218068122864,1782823657.370743
486800,0.6914818286895752,1782823663.3271601
486900,0.6915417909622192,1782823669.1926851
487000,0.6916018128395081,1782823675.5175083
487100,0.6916617751121521,1782823681.6212962
487200,0.6917217969894409,1782823687.575648
487300,0.6917818188667297,1782823693.6789904
487400,0.6918417811393738,1782823699.5334883
487500,0.6919018030166626,1782823705.4270513
487600,0.6919618248939514,1782823711.289088
487700,0.6920217871665955,1782823717.1235886
487800,0.6920818090438843,1782823723.1880226
487900,0.6921417713165283,1782823729.2339177
488000,0.6922017931938171,1782823735.2756696
488100,0.692261815071106,1782823741.3413546
488200,0.69232177734375,1782823747.238554
488300,0.6923817992210388,1782823753.2823484
488400,0.6924418210983276,1782823759.2859764
488500,0.6925017833709717,1782823765.3077936
488600,0.6925618052482605,1782823771.3712478
488700,0.6926218271255493,1782823777.5528617
488800,0.6926817893981934,1782823783.7984269
488900,0.6927418112754822,1782823789.6973515
489000,0.6928017735481262,1782823795.9372702
489100,0.692861795425415,1782823801.9400575
489200,0.6929218173027039,1782823807.9040084
489300,0.6929817795753479,1782823814.1895301
489400,0.6930418014526367,1782823820.1183014
489500,0.6931018233299255,1782823826.4219098
489600,0.6931617856025696,1782823832.4425035
489700,0.6932218074798584,1782823838.3920383
489800,0.6932818293571472,1782823844.386941
489900,0.6933417916297913,1782823850.5480766
490000,0.6934018135070801,1782823856.5061646
490100,0.6934617757797241,1782823862.6143792
490200,0.6935217976570129,1782823868.5340345
490300,0.6935818195343018,1782823874.534933
490400,0.6936417818069458,1782823880.5209463
490500,0.6937018036842346,1782823886.4755583
490600,0.6937618255615234,1782823892.5040948
490700,0.6938217878341675,1782823898.6488085
490800,0.6938818097114563,1782823904.8405716
490900,0.6939417719841003,1782823910.866514
491000,0.6940017938613892,1782823917.1284232
491100,0.694061815738678,1782823922.953842
491200,0.694121778011322,1782823928.931917
491300,0.6941817998886108,1782823934.745045
491400,0.6942418217658997,1782823940.5824046
491500,0.6943017840385437,1782823946.7413933
491600,0.6943618059158325,1782823952.7648964
491700,0.6944218277931213,1782823958.6885114
491800,0.6944817900657654,1782823964.695588
491900,0.6945418119430542,1782823970.6677783
492000,0.6946017742156982,1782823976.6339748
492100,0.6946617960929871,1782823982.8179932
492200,0.6947218179702759,1782823989.0563526
492300,0.6947817802429199,1782823995.010862
492400,0.6948418021202087,1782824001.1152833
492500,0.6949018239974976,1782824007.0826764
492600,0.6949617862701416,1782824013.0730278
492700,0.6950218081474304,1782824019.0973876
492800,0.6950817704200745,1782824024.9900286
492900,0.6951417922973633,1782824031.2223778
493000,0.6952018141746521,1782824037.2733397
493100,0.6952617764472961,1782824043.338205
493200,0.695321798324585,1782824049.2395775
493300,0.6953818202018738,1782824055.125774
493400,0.6954417824745178,1782824060.9740334
493500,0.6955018043518066,1782824066.8823392
493600,0.6955618262290955,1782824072.9044137
493700,0.6956217885017395,1782824079.0214303
493800,0.6956818103790283,1782824085.0255399
493900,0.6957417726516724,1782824091.0721684
494000,0.6958017945289612,1782824097.0026093
494100,0.69586181640625,1782824103.1756558
494200,0.695921778678894,1782824109.0887167
494300,0.6959818005561829,1782824115.2444048
494400,0.6960418224334717,1782824121.497865
494500,0.6961017847061157,1782824127.5830333
494600,0.6961618065834045,1782824133.6974888
494700,0.6962218284606934,1782824140.018294
494800,0.6962817907333374,1782824146.149712
494900,0.6963418126106262,1782824152.4101198
495000,0.6964017748832703,1782824158.4701018
495100,0.6964617967605591,1782824164.5638788
495200,0.6965218186378479,1782824170.7913935
495300,0.6965817809104919,1782824176.9047432
495400,0.6966418027877808,1782824182.8453488
495500,0.6967018246650696,1782824189.0492613
495600,0.6967617869377136,1782824195.0172086
495700,0.6968218088150024,1782824200.8922923
495800,0.6968817710876465,1782824206.7410944
495900,0.6969417929649353,1782824212.9364889
496000,0.6970018148422241,1782824219.0049164
496100,0.6970617771148682,1782824225.1053562
496200,0.697121798992157,1782824231.107823
496300,0.6971818208694458,1782824237.4187722
496400,0.6972417831420898,1782824243.4413
496500,0.6973018050193787,1782824249.5605013
496600,0.6973618268966675,1782824255.4730024
496700,0.6974217891693115,1782824261.3078308
496800,0.6974818110466003,1782824267.2830374
496900,0.6975417733192444,1782824273.0890555
497000,0.6976017951965332,1782824279.0375593
497100,0.697661817073822,1782824285.1442301
497200,0.6977217793464661,1782824291.2789059
497300,0.6977818012237549,1782824297.492683
497400,0.6978418231010437,1782824303.4470403
497500,0.6979017853736877,1782824309.5961823
497600,0.6979618072509766,1782824315.5358005
497700,0.6980218291282654,1782824321.640504
497800,0.6980817914009094,1782824327.8919222
497900,0.6981418132781982,1782824334.1009648
498000,0.6982017755508423,1782824340.0207033
498100,0.6982617974281311,1782824346.0826492
498200,0.6983218193054199,1782824352.2037315
498300,0.698381781578064,1782824358.468957
498400,0.6984418034553528,1782824364.6716788
498500,0.6985018253326416,1782824370.7937503
498600,0.6985617876052856,1782824376.6730883
498700,0.6986218094825745,1782824382.8457956
498800,0.6986817717552185,1782824388.7620547
498900,0.6987417936325073,1782824394.9018066
499000,0.6988018155097961,1782824400.929144
499100,0.6988617777824402,1782824406.9316103
499200,0.698921799659729,1782824413.1629484
499300,0.6989818215370178,1782824419.291445
499400,0.6990417838096619,1782824425.3525102
499500,0.6991018056869507,1782824431.6180801
499600,0.6991618275642395,1782824437.841845
499700,0.6992217898368835,1782824443.8745348
499800,0.6992818117141724,1782824450.2807457
499900,0.6993417739868164,1782824456.3265884
500000,0.6994017958641052,1782824462.3657882
500100,0.699461817741394,1782824626.001081
500200,0.6995217800140381,1782824632.168169
500300,0.6995818018913269,1782824638.2088416
500400,0.6996418237686157,1782824644.2003582
500500,0.6997017860412598,1782824650.2413547
500600,0.6997618079185486,1782824656.1679497
500700,0.6998218297958374,1782824662.294382
500800,0.6998817920684814,1782824668.3841896
500900,0.6999418139457703,1782824674.2866027
501000,0.7000017762184143,1782824680.2409136
501100,0.7000617980957031,1782824686.3904028
501200,0.7001218199729919,1782824692.4122286
501300,0.700181782245636,1782824698.592618
501400,0.7002418041229248,1782824704.606305
501500,0.7003018260002136,1782824710.5502136
501600,0.7003617882728577,1782824716.5102022
501700,0.7004218101501465,1782824722.4514983
501800,0.7004817724227905,1782824728.6009247
501900,0.7005417943000793,1782824735.067826
502000,0.7006018161773682,1782824741.060811
502100,0.7006617784500122,1782824747.2174683
502200,0.700721800327301,1782824753.348037
502300,0.7007818222045898,1782824759.518042
502400,0.7008417844772339,1782824765.554779
502500,0.7009018063545227,1782824771.524949
502600,0.7009618282318115,1782824777.736944
502700,0.7010217905044556,1782824784.072977
502800,0.7010818123817444,1782824790.4332585
502900,0.7011417746543884,1782824796.2988932
503000,0.7012017965316772,1782824802.2983031
503100,0.7012618184089661,1782824808.475264
503200,0.7013217806816101,1782824814.3745744
503300,0.7013818025588989,1782824820.549235
503400,0.7014418244361877,1782824826.6443172
503500,0.7015017867088318,1782824832.7636735
503600,0.7015618085861206,1782824838.930156
503700,0.7016217708587646,1782824845.1145542
503800,0.7016817927360535,1782824851.127688
503900,0.7017418146133423,1782824857.1111796
504000,0.7018017768859863,1782824863.138791
504100,0.7018617987632751,1782824869.0702467
504200,0.701921820640564,1782824875.2194655
504300,0.701981782913208,1782824881.3184297
504400,0.7020418047904968,1782824887.1684678
504500,0.7021018266677856,1782824893.2553573
504600,0.7021617889404297,1782824899.452392
504700,0.7022218108177185,1782824905.5965781
504800,0.7022817730903625,1782824911.8000016
504900,0.7023417949676514,1782824917.767805
505000,0.7024018168449402,1782824923.840478
505100,0.7024617791175842,1782824929.9382331
505200,0.702521800994873,1782824936.196471
505300,0.7025818228721619,1782824942.1151533
505400,0.7026417851448059,1782824948.3291957
505500,0.7027018070220947,1782824954.5170746
505600,0.7027618288993835,1782824960.5192118
505700,0.7028217911720276,1782824966.5979767
505800,0.7028818130493164,1782824972.7561505
505900,0.7029417753219604,1782824978.7641323
506000,0.7030017971992493,1782824984.7105346
506100,0.7030618190765381,1782824990.5658538
506200,0.7031217813491821,1782824996.7411368
506300,0.703181803226471,1782825002.6411862
506400,0.7032418251037598,1782825008.6674209
506500,0.7033017873764038,1782825014.6957495
506600,0.7033618092536926,1782825020.6705327
506700,0.7034217715263367,1782825026.813839
506800,0.7034817934036255,1782825032.9145825
506900,0.7035418152809143,1782825038.8192627
507000,0.7036017775535583,1782825044.9938726
507100,0.7036617994308472,1782825051.3039556
507200,0.703721821308136,1782825057.3687959
507300,0.70378178358078,1782825063.4839027
507400,0.7038418054580688,1782825069.2506537
507500,0.7039018273353577,1782825075.1542406
507600,0.7039617896080017,1782825081.3783135
507700,0.7040218114852905,1782825087.3844326
507800,0.7040817737579346,1782825093.5163848
507900,0.7041417956352234,1782825099.5005322
508000,0.7042018175125122,1782825105.5279436
508100,0.7042617797851562,1782825111.4831672
508200,0.7043218016624451,1782825117.8386378
508300,0.7043818235397339,1782825124.0805752
508400,0.7044417858123779,1782825130.1148126
508500,0.7045018076896667,1782825136.0748048
508600,0.7045618295669556,1782825142.3178558
508700,0.7046217918395996,1782825148.2572227
508800,0.7046818137168884,1782825154.43986
508900,0.7047417759895325,1782825160.4339068
509000,0.7048017978668213,1782825166.5930982
509100,0.7048618197441101,1782825172.635465
509200,0.7049217820167542,1782825178.596565
509300,0.704981803894043,1782825184.5707228
509400,0.7050418257713318,1782825190.522068
509500,0.7051017880439758,1782825196.6041682
509600,0.7051618099212646,1782825202.669856
509700,0.7052217721939087,1782825208.6897428
509800,0.7052817940711975,1782825214.6174889
509900,0.7053418159484863,1782825220.6643624
510000,0.7054017782211304,1782825226.6482193
510100,0.7054618000984192,1782825232.7328458
510200,0.705521821975708,1782825238.867039
510300,0.705581784248352,1782825245.0022054
510400,0.7056418061256409,1782825251.0716221
510500,0.7057018280029297,1782825257.0491168
510600,0.7057617902755737,1782825263.0870972
510700,0.7058218121528625,1782825269.3504493
510800,0.7058817744255066,1782825275.250425
510900,0.7059417963027954,1782825281.5780952
511000,0.7060018181800842,1782825287.4555705
511100,0.7060617804527283,1782825293.4346368
511200,0.7061218023300171,1782825299.4501896
511300,0.7061818242073059,1782825305.4387052
511400,0.70624178647995,1782825311.44096
511500,0.7063018083572388,1782825317.6186469
511600,0.7063617706298828,1782825323.6172276
511700,0.7064217925071716,1782825329.3607783
511800,0.7064818143844604,1782825335.2306988
511900,0.7065417766571045,1782825341.2475762
512000,0.7066017985343933,1782825347.047056
512100,0.7066618204116821,1782825353.0818436
512200,0.7067217826843262,1782825358.8752162
512300,0.706781804561615,1782825364.901601
512400,0.7068418264389038,1782825370.8668532
512500,0.7069017887115479,1782825376.740052
512600,0.7069618105888367,1782825382.5705738
512700,0.7070217728614807,1782825388.4802942
512800,0.7070817947387695,1782825394.438306
512900,0.7071418166160583,1782825400.515915
513000,0.7072017788887024,1782825406.4792538
513100,0.7072618007659912,1782825412.5953076
513200,0.70732182264328,1782825418.5568073
513300,0.7073817849159241,1782825424.8167183
513400,0.7074418067932129,1782825430.7482128
513500,0.7075018286705017,1782825436.6077476
513600,0.7075617909431458,1782825442.750188
513700,0.7076218128204346,1782825448.8984344
513800,0.7076817750930786,1782825454.9229379
513900,0.7077417969703674,1782825460.9855864
514000,0.7078018188476562,1782825467.0648448
514100,0.7078617811203003,1782825473.0537302
514200,0.7079218029975891,1782825479.1663983
514300,0.7079818248748779,1782825485.1750538
514400,0.708041787147522,1782825491.117016
514500,0.7081018090248108,1782825497.2499728
514600,0.7081617712974548,1782825503.321461
514700,0.7082217931747437,1782825509.2873766
514800,0.7082818150520325,1782825515.1461766
514900,0.7083417773246765,1782825521.139764
515000,0.7084017992019653,1782825527.2414715
515100,0.7084618210792542,1782825533.350512
515200,0.7085217833518982,1782825539.3537526
515300,0.708581805229187,1782825545.1827269
515400,0.7086418271064758,1782825551.1898627
515500,0.7087017893791199,1782825557.2627063
515600,0.7087618112564087,1782825563.3602471
515700,0.7088217735290527,1782825569.3602242
515800,0.7088817954063416,1782825575.3190048
515900,0.7089418172836304,1782825581.404089
516000,0.7090017795562744,1782825587.4433553
516100,0.7090618014335632,1782825593.4538465
516200,0.709121823310852,1782825599.5132587
516300,0.7091817855834961,1782825605.5725048
516400,0.7092418074607849,1782825611.5490084
516500,0.7093018293380737,1782825617.451362
516600,0.7093617916107178,1782825623.3834634
516700,0.7094218134880066,1782825629.7008123
516800,0.7094817757606506,1782825635.932568
516900,0.7095417976379395,1782825642.1599221
517000,0.7096018195152283,1782825648.3159637
517100,0.7096617817878723,1782825654.4953473
517200,0.7097218036651611,1782825660.4081323
517300,0.70978182554245,1782825666.482178
517400,0.709841787815094,1782825672.3892803
517500,0.7099018096923828,1782825678.5031445
517600,0.7099617719650269,1782825684.4474785
517700,0.7100217938423157,1782825690.646987
517800,0.7100818157196045,1782825696.6999083
517900,0.7101417779922485,1782825702.930797
518000,0.7102017998695374,1782825709.0957513
518100,0.7102618217468262,1782825715.1528604
518200,0.7103217840194702,1782825721.1709652
518300,0.710381805896759,1782825727.096191
518400,0.7104418277740479,1782825733.0843246
518500,0.7105017900466919,1782825739.2149723
518600,0.7105618119239807,1782825745.5640569
518700,0.7106217741966248,1782825751.5078955
518800,0.7106817960739136,1782825757.5890572
518900,0.7107418179512024,1782825763.6872256
519000,0.7108017802238464,1782825769.7695522
519100,0.7108618021011353,1782825775.632318
519200,0.7109218239784241,1782825781.8012073
519300,0.7109817862510681,1782825787.8105845
519400,0.7110418081283569,1782825793.972219
519500,0.711101770401001,1782825800.0289853
519600,0.7111617922782898,1782825806.076506
519700,0.7112218141555786,1782825812.0549843
519800,0.7112817764282227,1782825818.1629164
519900,0.7113417983055115,1782825824.3147209
520000,0.7114018201828003,1782825830.4296734
520100,0.7114617824554443,1782825836.4977376
520200,0.7115218043327332,1782825842.3707745
520300,0.711581826210022,1782825848.4047308
520400,0.711641788482666,1782825854.2993493
520500,0.7117018103599548,1782825860.4961393
520600,0.7117617726325989,1782825866.568393
520700,0.7118217945098877,1782825872.5623922
520800,0.7118818163871765,1782825878.6333709
520900,0.7119417786598206,1782825884.6015925
521000,0.7120018005371094,1782825890.849404
521100,0.7120618224143982,1782825896.880351
521200,0.7121217846870422,1782825902.9730988
521300,0.712181806564331,1782825909.0322368
521400,0.7122418284416199,1782825915.1286612
521500,0.7123017907142639,1782825921.5776293
521600,0.7123618125915527,1782825927.5768886
521700,0.7124217748641968,1782825933.6619039
521800,0.7124817967414856,1782825939.7865713
521900,0.7125418186187744,1782825945.7999082
522000,0.7126017808914185,1782825952.0227923
522100,0.7126618027687073,1782825958.0720382
522200,0.7127218246459961,1782825963.8890831
522300,0.7127817869186401,1782825970.0799565
522400,0.712841808795929,1782825976.1795805
522500,0.712901771068573,1782825982.3325086
522600,0.7129617929458618,1782825988.2892346
522700,0.7130218148231506,1782825994.2686956
522800,0.7130817770957947,1782826000.3399224
522900,0.7131417989730835,1782826006.4175706
523000,0.7132018208503723,1782826012.3618455
523100,0.7132617831230164,1782826018.161553
523200,0.7133218050003052,1782826024.1009564
523300,0.713381826877594,1782826030.2549653
523400,0.713441789150238,1782826036.3094363
523500,0.7135018110275269,1782826042.2936635
523600,0.7135617733001709,1782826048.5323236
523700,0.7136217951774597,1782826054.635727
523800,0.7136818170547485,1782826060.5896027
523900,0.7137417793273926,1782826066.7717295
524000,0.7138018012046814,1782826073.0491388
524100,0.7138618230819702,1782826079.0393875
524200,0.7139217853546143,1782826085.054438
524300,0.7139818072319031,1782826090.9538896
524400,0.7140418291091919,1782826097.056481
524500,0.7141017913818359,1782826103.1241152
524600,0.7141618132591248,1782826109.0710325
524700,0.7142217755317688,1782826115.3472037
524800,0.7142817974090576,1782826121.3401673
524900,0.7143418192863464,1782826127.2925217
525000,0.7144017815589905,1782826133.530551
525100,0.7144618034362793,1782826259.3777847
525200,0.7145218253135681,1782826265.1924324
525300,0.7145817875862122,1782826271.147013
525400,0.714641809463501,1782826276.8978817
525500,0.714701771736145,1782826282.7238164
525600,0.7147617936134338,1782826288.6721945
525700,0.7148218154907227,1782826294.5747795
525800,0.7148817777633667,1782826300.5192425
525900,0.7149417996406555,1782826306.524114
526000,0.7150018215179443,1782826312.4693136
526100,0.7150617837905884,1782826318.468073
526200,0.7151218056678772,1782826324.6477585
526300,0.715181827545166,1782826330.7386982
526400,0.7152417898178101,1782826336.5816467
526500,0.7153018116950989,1782826342.7204287
526600,0.7153617739677429,1782826348.7416303
526700,0.7154217958450317,1782826354.68608
526800,0.7154818177223206,1782826360.6964138
526900,0.7155417799949646,1782826366.8838584
527000,0.7156018018722534,1782826372.8313243
527100,0.7156618237495422,1782826378.4811344
527200,0.7157217860221863,1782826384.3149908
527300,0.7157818078994751,1782826389.9904068
527400,0.7158418297767639,1782826395.6997979
527500,0.715901792049408,1782826401.5255487
527600,0.7159618139266968,1782826407.2817836
527700,0.7160217761993408,1782826413.0659122
527800,0.7160817980766296,1782826418.8209786
527900,0.7161418199539185,1782826424.6272442
528000,0.7162017822265625,1782826430.298923
528100,0.7162618041038513,1782826436.132631
528200,0.7163218259811401,1782826441.740928
528300,0.7163817882537842,1782826447.2836204
528400,0.716441810131073,1782826453.0258791
528500,0.716501772403717,1782826459.0792046
528600,0.7165617942810059,1782826465.116219
528700,0.7166218161582947,1782826470.7539415
528800,0.7166817784309387,1782826476.4629664
528900,0.7167418003082275,1782826482.0783198
529000,0.7168018221855164,1782826488.1964076
529100,0.7168617844581604,1782826493.870381
529200,0.7169218063354492,1782826499.92799
529300,0.716981828212738,1782826505.7479002
529400,0.7170417904853821,1782826511.7440686
529500,0.7171018123626709,1782826517.742615
529600,0.7171617746353149,1782826523.9763021
529700,0.7172217965126038,1782826530.166694
529800,0.7172818183898926,1782826536.4217448
529900,0.7173417806625366,1782826542.7166588
530000,0.7174018025398254,1782826548.9852242
530100,0.7174618244171143,1782826555.0409415
530200,0.7175217866897583,1782826561.0658948
530300,0.7175818085670471,1782826567.1065488
530400,0.7176417708396912,1782826573.131629
530500,0.71770179271698,1782826579.285144
530600,0.7177618145942688,1782826585.3155134
530700,0.7178217768669128,1782826591.526536
530800,0.7178817987442017,1782826597.7236013
530900,0.7179418206214905,1782826603.5802603
531000,0.7180017828941345,1782826609.423296
531100,0.7180618047714233,1782826615.261254
531200,0.7181218266487122,1782826621.1356888
531300,0.7181817889213562,1782826626.9423969
531400,0.718241810798645,1782826633.097631
531500,0.7183017730712891,1782826639.253815
531600,0.7183617949485779,1782826645.3974352
531700,0.7184218168258667,1782826651.5520132
531800,0.7184817790985107,1782826657.6922197
531900,0.7185418009757996,1782826663.88031
532000,0.7186018228530884,1782826669.8197906
532100,0.7186617851257324,1782826675.9267292
532200,0.7187218070030212,1782826682.2865398
532300,0.7187818288803101,1782826688.4875164
532400,0.7188417911529541,1782826694.6510618
532500,0.7189018130302429,1782826700.7664056
532600,0.718961775302887,1782826706.9016285
532700,0.7190217971801758,1782826712.9465063
532800,0.7190818190574646,1782826719.0436535
532900,0.7191417813301086,1782826725.2660728
533000,0.7192018032073975,1782826731.3598485
533100,0.7192618250846863,1782826737.4350457
533200,0.7193217873573303,1782826743.3781562
533300,0.7193818092346191,1782826749.4319391
533400,0.7194417715072632,1782826755.5184379
533500,0.719501793384552,1782826761.7468476
533600,0.7195618152618408,1782826767.5110092
533700,0.7196217775344849,1782826773.701138
533800,0.7196817994117737,1782826779.6414104
533900,0.7197418212890625,1782826785.9215665
534000,0.7198017835617065,1782826791.9933252
534100,0.7198618054389954,1782826798.0710256
534200,0.7199218273162842,1782826804.1274548
534300,0.7199817895889282,1782826810.3579628
534400,0.720041811466217,1782826816.2906234
534500,0.7201017737388611,1782826822.3811638
534600,0.7201617956161499,1782826828.4045157
534700,0.7202218174934387,1782826834.1916044
534800,0.7202817797660828,1782826840.0490704
534900,0.7203418016433716,1782826845.985367
535000,0.7204018235206604,1782826851.7627404
535100,0.7204617857933044,1782826857.8739479
535200,0.7205218076705933,1782826863.738066
535300,0.7205818295478821,1782826869.6588113
535400,0.7206417918205261,1782826875.603841
535500,0.7207018136978149,1782826881.430189
535600,0.720761775970459,1782826887.350278
535700,0.7208217978477478,1782826893.3160286
535800,0.7208818197250366,1782826899.1098316
535900,0.7209417819976807,1782826905.178565
536000,0.7210018038749695,1782826911.1244109
536100,0.7210618257522583,1782826917.1141062
536200,0.7211217880249023,1782826923.259822
536300,0.7211818099021912,1782826929.425296
536400,0.7212417721748352,1782826935.677675
536500,0.721301794052124,1782826941.8271172
536600,0.7213618159294128,1782826947.7407627
536700,0.7214217782020569,1782826953.765496
536800,0.7214818000793457,1782826959.7116017
536900,0.7215418219566345,1782826965.893615
537000,0.7216017842292786,1782826971.8624206
537100,0.7216618061065674,1782826977.8834965
537200,0.7217218279838562,1782826983.9406493
537300,0.7217817902565002,1782826990.0487201
537400,0.7218418121337891,1782826995.969771
537500,0.7219017744064331,1782827002.0411315
537600,0.7219617962837219,1782827008.0145226
537700,0.7220218181610107,1782827014.1787188
537800,0.7220817804336548,1782827020.18137
537900,0.7221418023109436,1782827026.2059498
538000,0.7222018241882324,1782827032.1615472
538100,0.7222617864608765,1782827038.1075287
538200,0.7223218083381653,1782827044.1247473
538300,0.7223817706108093,1782827050.357454
538400,0.7224417924880981,1782827056.4950118
538500,0.722501814365387,1782827062.42295
538600,0.722561776638031,1782827068.2916064
538700,0.7226217985153198,1782827074.3196568
538800,0.7226818203926086,1782827080.5413575
538900,0.7227417826652527,1782827086.8050663
539000,0.7228018045425415,1782827092.8556333
539100,0.7228618264198303,1782827099.1315017
539200,0.7229217886924744,1782827105.2704668
539300,0.7229818105697632,1782827111.2041664
539400,0.7230417728424072,1782827117.4374666
539500,0.723101794719696,1782827123.3616128
539600,0.7231618165969849,1782827129.2142413
539700,0.7232217788696289,1782827135.1950998
539800,0.7232818007469177,1782827141.2348733
539900,0.7233418226242065,1782827146.9713295
540000,0.7234017848968506,1782827153.0551033
540100,0.7234618067741394,1782827159.0734735
540200,0.7235218286514282,1782827165.3418827
540300,0.7235817909240723,1782827171.3619726
540400,0.7236418128013611,1782827177.5434985
540500,0.7237017750740051,1782827183.7467663
540600,0.723761796951294,1782827189.7157578
540700,0.7238218188285828,1782827195.7393038
540800,0.7238817811012268,1782827201.6655283
540900,0.7239418029785156,1782827207.9728725
541000,0.7240018248558044,1782827213.8748608
541100,0.7240617871284485,1782827220.0386913
541200,0.7241218090057373,1782827226.3274446
541300,0.7241817712783813,1782827232.312835
541400,0.7242417931556702,1782827238.426336
541500,0.724301815032959,1782827244.3164787
541600,0.724361777305603,1782827250.4241853
541700,0.7244217991828918,1782827256.5155785
541800,0.7244818210601807,1782827262.4317918
541900,0.7245417833328247,1782827268.3337333
542000,0.7246018052101135,1782827274.1584485
542100,0.7246618270874023,1782827280.3034995
542200,0.7247217893600464,1782827286.405153
542300,0.7247818112373352,1782827292.5734155
542400,0.7248417735099792,1782827298.6384044
542500,0.7249017953872681,1782827304.7319038
542600,0.7249618172645569,1782827310.8627052
542700,0.7250217795372009,1782827316.833876
542800,0.7250818014144897,1782827322.907376
542900,0.7251418232917786,1782827329.138447
543000,0.7252017855644226,1782827335.1535928
543100,0.7252618074417114,1782827341.0403073
543200,0.7253218293190002,1782827347.1064408
543300,0.7253817915916443,1782827353.1538703
543400,0.7254418134689331,1782827359.2290304
543500,0.7255017757415771,1782827365.4892197
543600,0.725561797618866,1782827371.387783
543700,0.7256218194961548,1782827377.270567
543800,0.7256817817687988,1782827383.3100035
543900,0.7257418036460876,1782827389.6375506
544000,0.7258018255233765,1782827395.6402178
544100,0.7258617877960205,1782827402.020475
544200,0.7259218096733093,1782827408.2256725
544300,0.7259817719459534,1782827414.1812813
544400,0.7260417938232422,1782827420.056172
544500,0.726101815700531,1782827426.2302787
544600,0.726161777973175,1782827432.174253
544700,0.7262217998504639,1782827438.215063
544800,0.7262818217277527,1782827444.0697024
544900,0.7263417840003967,1782827450.194771
545000,0.7264018058776855,1782827456.2537496
545100,0.7264618277549744,1782827462.3384378
545200,0.7265217900276184,1782827468.1230266
545300,0.7265818119049072,1782827474.077053
545400,0.7266417741775513,1782827479.88713
545500,0.7267017960548401,1782827485.9502246
545600,0.7267618179321289,1782827491.7917476
545700,0.726821780204773,1782827497.7659543
545800,0.7268818020820618,1782827503.7655003
545900,0.7269418239593506,1782827509.7356598
546000,0.7270017862319946,1782827515.886628
546100,0.7270618081092834,1782827522.0059736
546200,0.7271217703819275,1782827527.964677
546300,0.7271817922592163,1782827534.1223924
546400,0.7272418141365051,1782827539.972922
546500,0.7273017764091492,1782827545.8740454
546600,0.727361798286438,1782827551.969051
546700,0.7274218201637268,1782827557.9206743
546800,0.7274817824363708,1782827564.057027
546900,0.7275418043136597,1782827570.01491
547000,0.7276018261909485,1782827576.0899217
547100,0.7276617884635925,1782827581.8380892
547200,0.7277218103408813,1782827587.8902454
547300,0.7277817726135254,1782827593.6816986
547400,0.7278417944908142,1782827599.6980772
547500,0.727901816368103,1782827605.7699668
547600,0.7279617786407471,1782827611.714391
547700,0.7280218005180359,1782827617.665569
547800,0.7280818223953247,1782827623.7890944
547900,0.7281417846679688,1782827629.6939936
548000,0.7282018065452576,1782827635.7248478
548100,0.7282618284225464,1782827641.6316946
548200,0.7283217906951904,1782827647.7516441
548300,0.7283818125724792,1782827653.7875261
548400,0.7284417748451233,1782827660.1526322
548500,0.7285017967224121,1782827666.3270454
548600,0.7285618185997009,1782827672.2847624
548700,0.728621780872345,1782827678.3703146
548800,0.7286818027496338,1782827684.4926682
548900,0.7287418246269226,1782827690.4769988
549000,0.7288017868995667,1782827696.6306121
549100,0.7288618087768555,1782827702.813539
549200,0.7289217710494995,1782827708.8676488
549300,0.7289817929267883,1782827714.9996965
549400,0.7290418148040771,1782827721.052033
549500,0.7291017770767212,1782827727.1211085
549600,0.72916179895401,1782827733.091465
549700,0.7292218208312988,1782827739.1624577
549800,0.7292817831039429,1782827744.982364
549900,0.7293418049812317,1782827751.0949578
550000,0.729403018951416,1782906987.386253
550100,0.7294629812240601,1782907178.2806628
550200,0.7295230031013489,1782907184.5224082
550300,0.7295830249786377,1782907190.6761436
550400,0.7296429872512817,1782907197.1002133
550500,0.7297030091285706,1782907203.3355398
550600,0.7297629714012146,1782907209.5295649
550700,0.7298229932785034,1782907215.8957288
550800,0.7298830151557922,1782907222.227986
550900,0.7299429774284363,1782907228.4390512
551000,0.7300029993057251,1782907234.7668912
551100,0.7300630211830139,1782907241.0334356
551200,0.730122983455658,1782907247.2656865
551300,0.7301830053329468,1782907253.5191774
551400,0.7302430272102356,1782907259.8345833
551500,0.7303029894828796,1782907265.9404848
551600,0.7303630113601685,1782907272.3734245
551700,0.7304229736328125,1782907278.6740878
551800,0.7304829955101013,1782907284.897399
551900,0.7305430173873901,1782907290.905168
552000,0.7306029796600342,1782907297.141724
552100,0.730663001537323,1782907303.3549693
552200,0.7307230234146118,1782907309.2961915
552300,0.7307829856872559,1782907315.605689
552400,0.7308430075645447,1782907321.6259804
552500,0.7309030294418335,1782907327.9587598
552600,0.7309629917144775,1782907333.9115708
552700,0.7310230135917664,1782907340.0896382
552800,0.7310829758644104,1782907346.2922642
552900,0.7311429977416992,1782907352.4749007
553000,0.731203019618988,1782907358.7738519
553100,0.7312629818916321,1782907365.0490158
553200,0.7313230037689209,1782907371.1578457
553300,0.7313830256462097,1782907377.3308413
553400,0.7314429879188538,1782907383.4398172
553500,0.7315030097961426,1782907389.5473487
553600,0.7315629720687866,1782907395.840781
553700,0.7316229939460754,1782907401.9315634
553800,0.7316830158233643,1782907408.0851693
553900,0.7317429780960083,1782907414.361866
554000,0.7318029999732971,1782907420.6287372
554100,0.7318630218505859,1782907426.5398057
554200,0.73192298412323,1782907432.7090592
554300,0.7319830060005188,1782907438.8662245
554400,0.7320430278778076,1782907445.0348797
554500,0.7321029901504517,1782907451.2555158
554600,0.7321630120277405,1782907457.3615716
554700,0.7322229743003845,1782907463.7172718
554800,0.7322829961776733,1782907470.10815
554900,0.7323430180549622,1782907476.4727852
555000,0.7324029803276062,1782907482.749371
555100,0.732463002204895,1782907488.8552535
555200,0.7325230240821838,1782907495.1274278
555300,0.7325829863548279,1782907501.2038937
555400,0.7326430082321167,1782907507.2508671
555500,0.7327029705047607,1782907513.391572
555600,0.7327629923820496,1782907519.476248
555700,0.7328230142593384,1782907525.651901
555800,0.7328829765319824,1782907531.6796687
555900,0.7329429984092712,1782907537.9729853
556000,0.7330030202865601,1782907544.0521584
556100,0.7330629825592041,1782907550.446829
556200,0.7331230044364929,1782907556.6109746
556300,0.7331830263137817,1782907562.7654858
556400,0.7332429885864258,1782907568.830393
556500,0.7333030104637146,1782907575.0085008
556600,0.7333629727363586,1782907581.075856
556700,0.7334229946136475,1782907587.177479
556800,0.7334830164909363,1782907593.4947927
556900,0.7335429787635803,1782907599.684505
557000,0.7336030006408691,1782907605.9409022
557100,0.733663022518158,1782907612.2498128
557200,0.733722984790802,1782907618.472867
557300,0.7337830066680908,1782907624.4385939
557400,0.7338430285453796,1782907630.5809875
557500,0.7339029908180237,1782907636.5574949
557600,0.7339630126953125,1782907642.7741988
557700,0.7340229749679565,1782907649.0094223
557800,0.7340829968452454,1782907655.2416823
557900,0.7341430187225342,1782907661.4676802
558000,0.7342029809951782,1782907667.688732
558100,0.734263002872467,1782907673.8754103
558200,0.7343230247497559,1782907680.072229
558300,0.7343829870223999,1782907686.14588
558400,0.7344430088996887,1782907692.4385452
558500,0.7345029711723328,1782907698.4848278
558600,0.7345629930496216,1782907704.4879653
558700,0.7346230149269104,1782907710.5707335
558800,0.7346829771995544,1782907717.0176082
558900,0.7347429990768433,1782907723.1098573
559000,0.7348030209541321,1782907729.2900379
559100,0.7348629832267761,1782907735.2674434
559200,0.7349230051040649,1782907741.5301507
559300,0.7349830269813538,1782907747.543328
559400,0.7350429892539978,1782907754.1255214
559500,0.7351030111312866,1782907760.3029268
559600,0.7351629734039307,1782907766.4982467
559700,0.7352229952812195,1782907772.631974
559800,0.7352830171585083,1782907778.652551
559900,0.7353429794311523,1782907784.7374377
560000,0.7354030013084412,1782907790.9600823
560100,0.73546302318573,1782907796.9178789
560200,0.735522985458374,1782907803.0539374
560300,0.7355830073356628,1782907809.270705
560400,0.7356430292129517,1782907815.3312793
560500,0.7357029914855957,1782907821.6235592
560600,0.7357630133628845,1782907827.734901
560700,0.7358229756355286,1782907833.7608016
560800,0.7358829975128174,1782907839.9245522
560900,0.7359430193901062,1782907845.9441261
561000,0.7360029816627502,1782907852.2710686
561100,0.7360630035400391,1782907858.3711011
561200,0.7361230254173279,1782907864.3073275
561300,0.7361829876899719,1782907870.550576
561400,0.7362430095672607,1782907876.725284
561500,0.7363029718399048,1782907882.9211016
561600,0.7363629937171936,1782907889.1345992
561700,0.7364230155944824,1782907895.2920604
561800,0.7364829778671265,1782907901.455021
561900,0.7365429997444153,1782907907.7347372
562000,0.7366030216217041,1782907914.0483108
562100,0.7366629838943481,1782907920.1151168
562200,0.736723005771637,1782907926.4085338
562300,0.7367830276489258,1782907932.443348
562400,0.7368429899215698,1782907938.7320592
562500,0.7369030117988586,1782907944.7672243
562600,0.7369629740715027,1782907950.8727474
562700,0.7370229959487915,1782907957.5606167
562800,0.7370830178260803,1782907963.8245547
562900,0.7371429800987244,1782907970.1661363
563000,0.7372030019760132,1782907976.3162994
563100,0.737263023853302,1782907982.4419112
563200,0.737322986125946,1782907988.472194
563300,0.7373830080032349,1782907995.034956
563400,0.7374429702758789,1782908001.5377
563500,0.7375029921531677,1782908007.7422552
563600,0.7375630140304565,1782908014.1446607
563700,0.7376229763031006,1782908020.44131
563800,0.7376829981803894,1782908026.6520326
563900,0.7377430200576782,1782908033.139942
564000,0.7378029823303223,1782908039.2338462
564100,0.7378630042076111,1782908045.4397688
564200,0.7379230260848999,1782908051.5998006
564300,0.737982988357544,1782908057.940452
564400,0.7380430102348328,1782908064.244456
564500,0.7381029725074768,1782908070.5285513
564600,0.7381629943847656,1782908076.7727132
564700,0.7382230162620544,1782908083.0660918
564800,0.7382829785346985,1782908089.3204849
564900,0.7383430004119873,1782908095.5033362
565000,0.7384030222892761,1782908102.006625
565100,0.7384629845619202,1782908108.3693218
565200,0.738523006439209,1782908114.8131456
565300,0.7385830283164978,1782908121.0739174
565400,0.7386429905891418,1782908127.21607
565500,0.7387030124664307,1782908133.2749472
565600,0.7387629747390747,1782908139.2286584
565700,0.7388229966163635,1782908145.4837883
565800,0.7388830184936523,1782908151.5093813
565900,0.7389429807662964,1782908157.7357416
566000,0.7390030026435852,1782908164.1377435
566100,0.739063024520874,1782908170.380372
566200,0.7391229867935181,1782908176.575027
566300,0.7391830086708069,1782908182.809707
566400,0.7392429709434509,1782908188.855447
566500,0.7393029928207397,1782908194.966606
566600,0.7393630146980286,1782908201.0305076
566700,0.7394229769706726,1782908207.0027463
566800,0.7394829988479614,1782908213.269651
566900,0.7395430207252502,1782908219.4092867
567000,0.7396029829978943,1782908225.6554155
567100,0.7396630048751831,1782908231.570073
567200,0.7397230267524719,1782908237.8262124
567300,0.739782989025116,1782908244.0252268
567400,0.7398430109024048,1782908250.0249095
567500,0.7399029731750488,1782908256.184536
567600,0.7399629950523376,1782908262.6982472
567700,0.7400230169296265,1782908268.8758116
567800,0.7400829792022705,1782908275.2735171
567900,0.7401430010795593,1782908281.4964359
568000,0.7402030229568481,1782908287.585312
568100,0.7402629852294922,1782908293.8176444
568200,0.740323007106781,1782908299.9169436
568300,0.7403830289840698,1782908305.9783597
568400,0.7404429912567139,1782908312.148205
568500,0.7405030131340027,1782908318.3860264
568600,0.7405629754066467,1782908324.4597821
568700,0.7406229972839355,1782908330.613566
568800,0.7406830191612244,1782908336.704002
568900,0.7407429814338684,1782908343.1264231
569000,0.7408030033111572,1782908349.3974528
569100,0.740863025188446,1782908355.871451
569200,0.7409229874610901,1782908362.19267
569300,0.7409830093383789,1782908368.3609986
569400,0.741042971611023,1782908374.6914563
569500,0.7411029934883118,1782908380.761399
569600,0.7411630153656006,1782908387.1372266
569700,0.7412229776382446,1782908393.0913022
569800,0.7412829995155334,1782908399.4063585
569900,0.7413430213928223,1782908405.8528483
570000,0.7414029836654663,1782908412.2210476
570100,0.7414630055427551,1782908418.2823973
570200,0.741523027420044,1782908424.407831
570300,0.741582989692688,1782908430.546601
570400,0.7416430115699768,1782908436.5948465
570500,0.7417029738426208,1782908442.681604
570600,0.7417629957199097,1782908448.8851519
570700,0.7418230175971985,1782908455.138408
570800,0.7418829798698425,1782908461.3642786
570900,0.7419430017471313,1782908467.5473716
571000,0.7420030236244202,1782908474.1878707
571100,0.7420629858970642,1782908480.2500422
571200,0.742123007774353,1782908486.5294633
571300,0.7421830296516418,1782908492.8649592
571400,0.7422429919242859,1782908499.2466357
571500,0.7423030138015747,1782908505.3208978
571600,0.7423629760742188,1782908511.508979
571700,0.7424229979515076,1782908517.7046626
571800,0.7424830198287964,1782908524.0504394
571900,0.7425429821014404,1782908530.370134
572000,0.7426030039787292,1782908536.596103
572100,0.7426630258560181,1782908543.0093348
572200,0.7427229881286621,1782908549.4035425
572300,0.7427830100059509,1782908555.542389
572400,0.742842972278595,1782908562.097447
572500,0.7429029941558838,1782908568.3840747
572600,0.7429630160331726,1782908574.514521
572700,0.7430229783058167,1782908580.7990553
572800,0.7430830001831055,1782908586.8485503
572900,0.7431430220603943,1782908593.0523858
573000,0.7432029843330383,1782908599.1688473
573100,0.7432630062103271,1782908605.2129395
573200,0.743323028087616,1782908611.2748623
573300,0.74338299036026,1782908617.5365334
573400,0.7434430122375488,1782908623.6509032
573500,0.7435029745101929,1782908629.707396
573600,0.7435629963874817,1782908635.9677083
573700,0.7436230182647705,1782908642.0624425
573800,0.7436829805374146,1782908648.4045665
573900,0.7437430024147034,1782908654.3917668
574000,0.7438030242919922,1782908660.6654468
574100,0.7438629865646362,1782908666.887616
574200,0.743923008441925,1782908673.3371618
574300,0.7439829707145691,1782908679.4541428
574400,0.7440429925918579,1782908685.6289835
574500,0.7441030144691467,1782908691.792239
574600,0.7441629767417908,1782908697.984819
574700,0.7442229986190796,1782908704.012507
574800,0.7442830204963684,1782908710.1235824
574900,0.7443429827690125,1782908716.3369288
575000,0.7444030046463013,1782908722.3742714
575100,0.7444630265235901,1782908912.2134602
575200,0.7445229887962341,1782908918.335762
575300,0.744583010673523,1782908924.4167514
575400,0.744642972946167,1782908930.4515815
575500,0.7447029948234558,1782908936.6494496
575600,0.7447630167007446,1782908942.8741035
575700,0.7448229789733887,1782908948.9057717
575800,0.7448830008506775,1782908955.1756048
575900,0.7449430227279663,1782908961.3386633
576000,0.7450029850006104,1782908967.4601426
576100,0.7450630068778992,1782908973.7947268
576200,0.745123028755188,1782908979.9053383
576300,0.745182991027832,1782908986.4723275
576400,0.7452430129051208,1782908992.5502985
576500,0.7453029751777649,1782908998.8764734
576600,0.7453629970550537,1782909005.1191628
576700,0.7454230189323425,1782909011.25668
576800,0.7454829812049866,1782909017.3391795
576900,0.7455430030822754,1782909023.4834602
577000,0.7456030249595642,1782909029.6899335
577100,0.7456629872322083,1782909036.065723
577200,0.7457230091094971,1782909042.005171
577300,0.7457829713821411,1782909048.1519969
577400,0.7458429932594299,1782909054.3925924
577500,0.7459030151367188,1782909060.4696982
577600,0.7459629774093628,1782909066.5728972
577700,0.7460229992866516,1782909072.9938748
577800,0.7460830211639404,1782909079.0694208
577900,0.7461429834365845,1782909085.3568892
578000,0.7462030053138733,1782909091.7550125
578100,0.7462630271911621,1782909098.0022526
578200,0.7463229894638062,1782909104.0913358
578300,0.746383011341095,1782909110.4473217
578400,0.746442973613739,1782909116.5228074
578500,0.7465029954910278,1782909122.4732807
578600,0.7465630173683167,1782909128.4090874
578700,0.7466229796409607,1782909134.7356231
578800,0.7466830015182495,1782909140.791877
578900,0.7467430233955383,1782909146.817882
579000,0.7468029856681824,1782909152.91378
579100,0.7468630075454712,1782909159.2006574
579200,0.74692302942276,1782909165.2856758
579300,0.746982991695404,1782909171.6713042
579400,0.7470430135726929,1782909178.1447155
579500,0.7471029758453369,1782909184.1695175
579600,0.7471629977226257,1782909190.2339587
579700,0.7472230195999146,1782909196.6362407
579800,0.7472829818725586,1782909202.71673
579900,0.7473430037498474,1782909208.7686913
580000,0.7474030256271362,1782909214.9390388
580100,0.7474629878997803,1782909221.0456848
580200,0.7475230097770691,1782909227.1042025
580300,0.7475829720497131,1782909233.1852434
580400,0.747642993927002,1782909239.2307315
580500,0.7477030158042908,1782909245.3750706
580600,0.7477629780769348,1782909251.4134433
580700,0.7478229999542236,1782909257.4460008
580800,0.7478830218315125,1782909263.5689313
580900,0.7479429841041565,1782909269.6406965
581000,0.7480030059814453,1782909275.8699284
581100,0.7480630278587341,1782909282.0075336
581200,0.7481229901313782,1782909288.262742
581300,0.748183012008667,1782909294.3308527
581400,0.748242974281311,1782909300.3192494
581500,0.7483029961585999,1782909306.4490983
581600,0.7483630180358887,1782909312.5063875
581700,0.7484229803085327,1782909318.7183156
581800,0.7484830021858215,1782909324.6504793
581900,0.7485430240631104,1782909330.8530204
582000,0.7486029863357544,1782909337.2719996
582100,0.7486630082130432,1782909343.4113288
582200,0.7487229704856873,1782909349.4609854
582300,0.7487829923629761,1782909355.8514805
582400,0.7488430142402649,1782909361.9305406
582500,0.7489029765129089,1782909367.9652462
582600,0.7489629983901978,1782909374.1748378
582700,0.7490230202674866,1782909380.2419608
582800,0.7490829825401306,1782909386.237408
582900,0.7491430044174194,1782909392.3760254
583000,0.7492030262947083,1782909398.683309
583100,0.7492629885673523,1782909404.8177018
583200,0.7493230104446411,1782909410.87841
583300,0.7493829727172852,1782909416.8951113
583400,0.749442994594574,1782909422.8991227
583500,0.7495030164718628,1782909429.0433042
583600,0.7495629787445068,1782909435.4086075
583700,0.7496230006217957,1782909441.5989673
583800,0.7496830224990845,1782909447.803613
583900,0.7497429847717285,1782909454.0170867
584000,0.7498030066490173,1782909460.1833537
584100,0.7498630285263062,1782909466.6505058
584200,0.7499229907989502,1782909472.9126804
584300,0.749983012676239,1782909479.251164
584400,0.7500429749488831,1782909485.534999
584500,0.7501029968261719,1782909492.1153421
584600,0.7501630187034607,1782909498.5174336
584700,0.7502229809761047,1782909504.8797543
584800,0.7502830028533936,1782909511.0204372
584900,0.7503430247306824,1782909517.482761
585000,0.7504029870033264,1782909523.6422179
585100,0.7504630088806152,1782909530.1085112
585200,0.7505229711532593,1782909536.2843723
585300,0.7505829930305481,1782909542.6183085
585400,0.7506430149078369,1782909548.8230872
585500,0.750702977180481,1782909555.3496537
585600,0.7507629990577698,1782909561.5743525
585700,0.7508230209350586,1782909567.897017
585800,0.7508829832077026,1782909574.0606344
585900,0.7509430050849915,1782909580.4431694
586000,0.7510030269622803,1782909586.563796
586100,0.7510629892349243,1782909592.6796432
586200,0.7511230111122131,1782909598.7903457
586300,0.7511829733848572,1782909604.8706694
586400,0.751242995262146,1782909611.616779
586500,0.7513030171394348,1782909617.7803223
586600,0.7513629794120789,1782909623.9292307
586700,0.7514230012893677,1782909630.1813648
586800,0.7514830231666565,1782909636.3849685
586900,0.7515429854393005,1782909642.5295672
587000,0.7516030073165894,1782909649.0373259
587100,0.7516630291938782,1782909655.2833009
587200,0.7517229914665222,1782909661.6833186
587300,0.751783013343811,1782909668.0686705
587400,0.7518429756164551,1782909674.2007434
587500,0.7519029974937439,1782909680.5661738
587600,0.7519630193710327,1782909686.5418706
587700,0.7520229816436768,1782909692.8093305
587800,0.7520830035209656,1782909699.180419
587900,0.7521430253982544,1782909705.5069375
588000,0.7522029876708984,1782909711.8871386
588100,0.7522630095481873,1782909718.3040242
588200,0.7523229718208313,1782909724.5480785
588300,0.7523829936981201,1782909730.7207623
588400,0.7524430155754089,1782909736.9722834
588500,0.752502977848053,1782909743.4053211
588600,0.7525629997253418,1782909749.6089947
588700,0.7526230216026306,1782909756.0901845
588800,0.7526829838752747,1782909762.5331507
588900,0.7527430057525635,1782909768.4784887
589000,0.7528030276298523,1782909774.372649
589100,0.7528629899024963,1782909780.7729168
589200,0.7529230117797852,1782909787.046606
589300,0.7529829740524292,1782909793.4189558
589400,0.753042995929718,1782909800.0076308
589500,0.7531030178070068,1782909806.1255324
589600,0.7531629800796509,1782909812.3801863
589700,0.7532230019569397,1782909818.6701105
589800,0.7532830238342285,1782909824.6971583
589900,0.7533429861068726,1782909830.9517708
590000,0.7534030079841614,1782909837.1209164
590100,0.7534629702568054,1782909843.4804156
590200,0.7535229921340942,1782909849.746599
590300,0.7535830140113831,1782909855.9430394
590400,0.7536429762840271,1782909862.2667615
590500,0.7537029981613159,1782909868.6108925
590600,0.7537630200386047,1782909874.7912922
590700,0.7538229823112488,1782909881.0052733
590800,0.7538830041885376,1782909887.1794329
590900,0.7539430260658264,1782909893.4280167
591000,0.7540029883384705,1782909899.5929885
591100,0.7540630102157593,1782909905.7615886
591200,0.7541229724884033,1782909912.277255
591300,0.7541829943656921,1782909918.8395643
591400,0.754243016242981,1782909925.1028972
591500,0.754302978515625,1782909931.1688306
591600,0.7543630003929138,1782909937.4567256
591700,0.7544230222702026,1782909943.48872
591800,0.7544829845428467,1782909949.7295089
591900,0.7545430064201355,1782909955.7645967
592000,0.7546030282974243,1782909962.0182698
592100,0.7546629905700684,1782909968.1060624
592200,0.7547230124473572,1782909974.1991947
592300,0.7547829747200012,1782909980.4715204
592400,0.75484299659729,1782909986.7372818
592500,0.7549030184745789,1782909992.9678924
592600,0.7549629807472229,1782909999.082995
592700,0.7550230026245117,1782910005.2218883
592800,0.7550830245018005,1782910011.623659
592900,0.7551429867744446,1782910017.817932
593000,0.7552030086517334,1782910023.897347
593100,0.7552629709243774,1782910030.0589354
593200,0.7553229928016663,1782910036.4218032
593300,0.7553830146789551,1782910042.8074417
593400,0.7554429769515991,1782910049.0757086
593500,0.7555029988288879,1782910055.140803
593600,0.7555630207061768,1782910061.3750408
593700,0.7556229829788208,1782910067.5889258
593800,0.7556830048561096,1782910073.8378077
593900,0.7557430267333984,1782910079.9085486
594000,0.7558029890060425,1782910086.1412332
594100,0.7558630108833313,1782910092.6063483
594200,0.7559229731559753,1782910098.8960078
594300,0.7559829950332642,1782910105.170521
594400,0.756043016910553,1782910111.496514
594500,0.756102979183197,1782910118.071453
594600,0.7561630010604858,1782910124.4638023
594700,0.7562230229377747,1782910130.4803038
594800,0.7562829852104187,1782910136.3871117
594900,0.7563430070877075,1782910142.4110563
595000,0.7564030289649963,1782910148.6268594
595100,0.7564629912376404,1782910155.0476892
595200,0.7565230131149292,1782910161.4032602
595300,0.7565829753875732,1782910167.6540842
595400,0.7566429972648621,1782910173.767881
595500,0.7567030191421509,1782910180.0389595
595600,0.7567629814147949,1782910186.3454773
595700,0.7568230032920837,1782910192.652434
595800,0.7568830251693726,1782910198.9417703
595900,0.7569429874420166,1782910205.240489
596000,0.7570030093193054,1782910211.5845468
596100,0.7570629715919495,1782910218.1153944
596200,0.7571229934692383,1782910224.5911815
596300,0.7571830153465271,1782910230.7572753
596400,0.7572429776191711,1782910237.2858512
596500,0.75730299949646,1782910243.4311934
596600,0.7573630213737488,1782910249.536854
596700,0.7574229836463928,1782910255.7190933
596800,0.7574830055236816,1782910262.0830803
596900,0.7575430274009705,1782910268.3407123
597000,0.7576029896736145,1782910274.8391032
597100,0.7576630115509033,1782910280.998042
597200,0.7577229738235474,1782910287.068126
597300,0.7577829957008362,1782910293.432473
597400,0.757843017578125,1782910299.485191
597500,0.757902979850769,1782910305.6746118
597600,0.7579630017280579,1782910311.8777332
597700,0.7580230236053467,1782910317.9479597
597800,0.7580829858779907,1782910324.4729276
597900,0.7581430077552795,1782910330.6402712
598000,0.7582030296325684,1782910337.018115
598100,0.7582629919052124,1782910343.3654716
598200,0.7583230137825012,1782910350.04328
598300,0.7583829760551453,1782910356.3654454
598400,0.7584429979324341,1782910362.6429777
598500,0.7585030198097229,1782910368.8986351
598600,0.7585629820823669,1782910375.0828419
598700,0.7586230039596558,1782910381.5965002
598800,0.7586830258369446,1782910387.7384765
598900,0.7587429881095886,1782910394.225879
599000,0.7588030099868774,1782910400.5681891
599100,0.7588629722595215,1782910406.9550264
599200,0.7589229941368103,1782910413.451742
599300,0.7589830160140991,1782910419.6694238
599400,0.7590429782867432,1782910425.8268943
599500,0.759103000164032,1782910431.9272335
599600,0.7591630220413208,1782910438.3057253
599700,0.7592229843139648,1782910444.725422
599800,0.7592830061912537,1782910451.089196
599900,0.7593430280685425,1782910457.256516
600000,0.7594035863876343,1782911123.0417836
600100,0.7594636082649231,1782911280.7376692
600200,0.7595235705375671,1782911286.9686308
600300,0.759583592414856,1782911293.1538796
600400,0.7596436142921448,1782911299.2575018
600500,0.7597035765647888,1782911305.195194
600600,0.7597635984420776,1782911311.368733
600700,0.7598236203193665,1782911317.5737069
600800,0.7598835825920105,1782911323.8265486
600900,0.7599436044692993,1782911329.8920848
601000,0.7600036263465881,1782911336.0611968
601100,0.7600635886192322,1782911342.4719214
601200,0.760123610496521,1782911348.7477617
601300,0.760183572769165,1782911355.2004762
601400,0.7602435946464539,1782911361.6598277
601500,0.7603036165237427,1782911367.9424887
601600,0.7603635787963867,1782911374.0185478
601700,0.7604236006736755,1782911380.1346126
601800,0.7604836225509644,1782911386.3992555
601900,0.7605435848236084,1782911392.5831764
602000,0.7606036067008972,1782911399.0327156
602100,0.760663628578186,1782911405.369346
602200,0.7607235908508301,1782911411.9097786
602300,0.7607836127281189,1782911418.2014656
602400,0.7608435750007629,1782911424.5163012
602500,0.7609035968780518,1782911430.7476041
602600,0.7609636187553406,1782911436.817257
602700,0.7610235810279846,1782911442.9390824
602800,0.7610836029052734,1782911449.006735
602900,0.7611436247825623,1782911455.1525888
603000,0.7612035870552063,1782911461.3037474
603100,0.7612636089324951,1782911467.8334415
603200,0.7613235712051392,1782911474.03703
603300,0.761383593082428,1782911480.3837905
603400,0.7614436149597168,1782911486.7286782
603500,0.7615035772323608,1782911492.8127584
603600,0.7615635991096497,1782911499.0027888
603700,0.7616236209869385,1782911505.4121227
603800,0.7616835832595825,1782911511.9012904
603900,0.7617436051368713,1782911518.167191
604000,0.7618036270141602,1782911524.3263543
604100,0.7618635892868042,1782911530.7278006
604200,0.761923611164093,1782911536.9813833
604300,0.7619835734367371,1782911543.1809614
604400,0.7620435953140259,1782911549.5458062
604500,0.7621036171913147,1782911555.843186
604600,0.7621635794639587,1782911561.9213297
604700,0.7622236013412476,1782911568.2848911
604800,0.7622836232185364,1782911574.4360902
604900,0.7623435854911804,1782911580.5823352
605000,0.7624036073684692,1782911586.9204779
605100,0.7624636292457581,1782911593.1557922
605200,0.7625235915184021,1782911599.5210416
605300,0.7625836133956909,1782911605.5657039
605400,0.762643575668335,1782911611.4928606
605500,0.7627035975456238,1782911617.7205293
605600,0.7627636194229126,1782911623.718027
605700,0.7628235816955566,1782911629.9170396
605800,0.7628836035728455,1782911636.0049605
605900,0.7629436254501343,1782911642.1980822
606000,0.7630035877227783,1782911648.2323685
606100,0.7630636096000671,1782911654.3098397
606200,0.7631235718727112,1782911660.3425913
606300,0.76318359375,1782911666.7223527
606400,0.7632436156272888,1782911672.8045506
606500,0.7633035778999329,1782911679.4395828
606600,0.7633635997772217,1782911685.8896673
606700,0.7634236216545105,1782911691.9395318
606800,0.7634835839271545,1782911698.3383842
606900,0.7635436058044434,1782911704.650783
607000,0.7636036276817322,1782911710.7148535
607100,0.7636635899543762,1782911716.9685915
607200,0.763723611831665,1782911723.263578
607300,0.7637835741043091,1782911729.4065309
607400,0.7638435959815979,1782911735.6906111
607500,0.7639036178588867,1782911741.849594
607600,0.7639635801315308,1782911747.9645822
607700,0.7640236020088196,1782911753.9977188
607800,0.7640836238861084,1782911760.3564086
607900,0.7641435861587524,1782911766.5042944
608000,0.7642036080360413,1782911773.0355408
608100,0.7642635703086853,1782911779.3204262
608200,0.7643235921859741,1782911785.570529
608300,0.7643836140632629,1782911792.1359754
608400,0.764443576335907,1782911798.3914993
608500,0.7645035982131958,1782911804.6336377
608600,0.7645636200904846,1782911810.7814221
608700,0.7646235823631287,1782911817.155565
608800,0.7646836042404175,1782911823.1927705
608900,0.7647436261177063,1782911829.464891
609000,0.7648035883903503,1782911835.5259619
609100,0.7648636102676392,1782911841.5234997
609200,0.7649235725402832,1782911847.772301
609300,0.764983594417572,1782911854.0425334
609400,0.7650436162948608,1782911860.4257743
609500,0.7651035785675049,1782911866.8333068
609600,0.7651636004447937,1782911873.0186138
609700,0.7652236223220825,1782911879.1736782
609800,0.7652835845947266,1782911885.3682141
609900,0.7653436064720154,1782911891.3472722
610000,0.7654036283493042,1782911897.4976869
610100,0.7654635906219482,1782911903.63033
610200,0.7655236124992371,1782911909.6999958
610300,0.7655835747718811,1782911916.0972042
610400,0.7656435966491699,1782911922.0504758
610500,0.7657036185264587,1782911928.2410061
610600,0.7657635807991028,1782911934.5048532
610700,0.7658236026763916,1782911940.7475204
610800,0.7658836245536804,1782911946.9682593
610900,0.7659435868263245,1782911953.0452812
611000,0.7660036087036133,1782911959.576535
611100,0.7660635709762573,1782911965.9147027
611200,0.7661235928535461,1782911972.160144
611300,0.766183614730835,1782911978.0542946
611400,0.766243577003479,1782911984.3211555
611500,0.7663035988807678,1782911990.5361724
611600,0.7663636207580566,1782911996.7535775
611700,0.7664235830307007,1782912002.8294396
611800,0.7664836049079895,1782912009.1100078
611900,0.7665436267852783,1782912015.2970347
612000,0.7666035890579224,1782912021.7930317
612100,0.7666636109352112,1782912028.080606
612200,0.7667235732078552,1782912034.3912163
612300,0.766783595085144,1782912040.6885757
612400,0.7668436169624329,1782912047.1056464
612500,0.7669035792350769,1782912053.6377497
612600,0.7669636011123657,1782912059.8707302
612700,0.7670236229896545,1782912066.181848
612800,0.7670835852622986,1782912072.356629
612900,0.7671436071395874,1782912078.7346098
613000,0.7672036290168762,1782912084.8727963
613100,0.7672635912895203,1782912091.2261977
613200,0.7673236131668091,1782912097.416883
613300,0.7673835754394531,1782912103.6003675
613400,0.7674435973167419,1782912110.0223923
613500,0.7675036191940308,1782912116.3181431
613600,0.7675635814666748,1782912122.5867794
613700,0.7676236033439636,1782912129.136732
613800,0.7676836252212524,1782912135.4389231
613900,0.7677435874938965,1782912141.9022593
614000,0.7678036093711853,1782912148.0555518
614100,0.7678635716438293,1782912154.316899
614200,0.7679235935211182,1782912160.5763066
614300,0.767983615398407,1782912166.836239
614400,0.768043577671051,1782912173.048035
614500,0.7681035995483398,1782912179.4240587
614600,0.7681636214256287,1782912185.8512425
614700,0.7682235836982727,1782912192.2500339
614800,0.7682836055755615,1782912198.533543
614900,0.7683436274528503,1782912204.8698597
615000,0.7684035897254944,1782912211.16718
615100,0.7684636116027832,1782912217.446229
615200,0.7685235738754272,1782912223.872274
615300,0.7685835957527161,1782912230.2706285
615400,0.7686436176300049,1782912236.5473194
615500,0.7687035799026489,1782912242.9132903
615600,0.7687636017799377,1782912249.1928473
615700,0.7688236236572266,1782912255.4834514
615800,0.7688835859298706,1782912261.7048028
615900,0.7689436078071594,1782912267.813195
616000,0.7690036296844482,1782912274.006705
616100,0.7690635919570923,1782912280.064676
616200,0.7691236138343811,1782912286.1473799
616300,0.7691835761070251,1782912292.2009656
616400,0.769243597984314,1782912298.185938
616500,0.7693036198616028,1782912304.2388382
616600,0.7693635821342468,1782912310.6306996
616700,0.7694236040115356,1782912317.026924
616800,0.7694836258888245,1782912323.6593883
616900,0.7695435881614685,1782912330.0909414
617000,0.7696036100387573,1782912336.2820725
617100,0.7696635723114014,1782912342.4200516
617200,0.7697235941886902,1782912348.5875382
617300,0.769783616065979,1782912355.206863
617400,0.769843578338623,1782912361.4103
617500,0.7699036002159119,1782912367.5643158
617600,0.7699636220932007,1782912373.815537
617700,0.7700235843658447,1782912379.6086562
617800,0.7700836062431335,1782912385.6447742
617900,0.7701436281204224,1782912391.6741247
618000,0.7702035903930664,1782912397.797287
618100,0.7702636122703552,1782912403.9175005
618200,0.7703235745429993,1782912410.11441
618300,0.7703835964202881,1782912416.1085534
618400,0.7704436182975769,1782912422.1844327
618500,0.770503580570221,1782912428.317844
618600,0.7705636024475098,1782912434.2630768
618700,0.7706236243247986,1782912440.5592144
618800,0.7706835865974426,1782912446.9008162
618900,0.7707436084747314,1782912453.2158334
619000,0.7708035707473755,1782912459.324148
619100,0.7708635926246643,1782912465.537722
619200,0.7709236145019531,1782912471.6761236
619300,0.7709835767745972,1782912478.4883182
619400,0.771043598651886,1782912484.840478
619500,0.7711036205291748,1782912491.254164
619600,0.7711635828018188,1782912497.3515742
619700,0.7712236046791077,1782912503.3620212
619800,0.7712836265563965,1782912509.4818363
619900,0.7713435888290405,1782912515.7085025
620000,0.7714036107063293,1782912521.8309371
620100,0.7714635729789734,1782912527.942206
620200,0.7715235948562622,1782912534.2017772
620300,0.771583616733551,1782912540.7170396
620400,0.7716435790061951,1782912546.9078887
620500,0.7717036008834839,1782912553.1753833
620600,0.7717636227607727,1782912559.6558135
620700,0.7718235850334167,1782912565.9733284
620800,0.7718836069107056,1782912572.1008945
620900,0.7719436287879944,1782912578.3364916
621000,0.7720035910606384,1782912584.4430175
621100,0.7720636129379272,1782912590.6695354
621200,0.7721235752105713,1782912597.253398
621300,0.7721835970878601,1782912603.6715734
621400,0.7722436189651489,1782912610.1475477
621500,0.772303581237793,1782912616.3407266
621600,0.7723636031150818,1782912622.5474138
621700,0.7724236249923706,1782912629.0918794
621800,0.7724835872650146,1782912635.4570482
621900,0.7725436091423035,1782912641.8861768
622000,0.7726035714149475,1782912648.423685
622100,0.7726635932922363,1782912654.6337202
622200,0.7727236151695251,1782912661.2887273
622300,0.7727835774421692,1782912667.6833363
622400,0.772843599319458,1782912674.1253147
622500,0.7729036211967468,1782912680.4095247
622600,0.7729635834693909,1782912686.7668765
622700,0.7730236053466797,1782912692.861707
622800,0.7730836272239685,1782912699.1517284
622900,0.7731435894966125,1782912705.5849419
623000,0.7732036113739014,1782912711.746589
623100,0.7732642292976379,1782912786.8845725
623200,0.773324191570282,1782912793.0677493
623300,0.7733842134475708,1782912799.2925386
623400,0.7734441757202148,1782912805.5923934
623500,0.7735041975975037,1782912811.6344202
623600,0.7735642194747925,1782912817.999556
623700,0.7736241817474365,1782912824.0421448
623800,0.7736842036247253,1782912830.0786073
623900,0.7737442255020142,1782912836.4287698
624000,0.7738041877746582,1782912842.473773
624100,0.773864209651947,1782912848.7335854
624200,0.7739241719245911,1782912854.9379714
624300,0.7739841938018799,1782912861.0385497
624400,0.7740442156791687,1782912867.1339505
624500,0.7741041779518127,1782912873.31582
624600,0.7741641998291016,1782912879.6000881
624700,0.7742242217063904,1782912885.6108723
624800,0.7742841839790344,1782912891.5185003
624900,0.7743442058563232,1782912897.7014573
625000,0.7744042277336121,1782912903.847879
625100,0.7744641900062561,1782913094.6350815
625200,0.7745242118835449,1782913100.498187
625300,0.774584174156189,1782913106.4803302
625400,0.7746441960334778,1782913112.438377
625500,0.7747042179107666,1782913118.5281105
625600,0.7747641801834106,1782913124.764071
625700,0.7748242020606995,1782913130.7428164
625800,0.7748842239379883,1782913136.8477736
625900,0.7749441862106323,1782913142.9832842
626000,0.7750042080879211,1782913149.1970983
626100,0.7750641703605652,1782913155.2736287
626200,0.775124192237854,1782913161.4522977
626300,0.7751842141151428,1782913167.7852197
626400,0.7752441763877869,1782913173.8992403
626500,0.7753041982650757,1782913180.261635
626600,0.7753642201423645,1782913186.7735314
626700,0.7754241824150085,1782913193.1393657
626800,0.7754842042922974,1782913199.3201354
626900,0.7755442261695862,1782913205.5217419
627000,0.7756041884422302,1782913211.82126
627100,0.775664210319519,1782913218.186195
627200,0.7757241725921631,1782913224.3368068
627300,0.7757841944694519,1782913230.6406279
627400,0.7758442163467407,1782913236.7742808
627500,0.7759041786193848,1782913242.8973851
627600,0.7759642004966736,1782913249.3232584
627700,0.7760242223739624,1782913255.5486572
627800,0.7760841846466064,1782913261.9167993
627900,0.7761442065238953,1782913268.1576407
628000,0.7762042284011841,1782913274.4642916
628100,0.7762641906738281,1782913280.6129642
628200,0.7763242125511169,1782913286.878339
628300,0.776384174823761,1782913293.1367254
628400,0.7764441967010498,1782913299.3163354
628500,0.7765042185783386,1782913305.625362
628600,0.7765641808509827,1782913311.9321122
628700,0.7766242027282715,1782913318.118536
628800,0.7766842246055603,1782913324.156157
628900,0.7767441868782043,1782913330.3687508
629000,0.7768042087554932,1782913336.6406121
629100,0.7768641710281372,1782913342.8558073
629200,0.776924192905426,1782913348.9853854
629300,0.7769842147827148,1782913355.1567984
629400,0.7770441770553589,1782913361.490529
629500,0.7771041989326477,1782913367.8071237
629600,0.7771642208099365,1782913374.1554303
629700,0.7772241830825806,1782913380.5165355
629800,0.7772842049598694,1782913386.7169535
629900,0.7773442268371582,1782913392.692337
630000,0.7774041891098022,1782913399.0685685
630100,0.7774642109870911,1782913405.5238824
630200,0.7775241732597351,1782913411.8734863
630300,0.7775841951370239,1782913418.0322752
630400,0.7776442170143127,1782913424.190323
630500,0.7777041792869568,1782913430.535586
630600,0.7777642011642456,1782913437.089836
630700,0.7778242230415344,1782913443.5596042
630800,0.7778841853141785,1782913449.9067075
630900,0.7779442071914673,1782913456.1082716
631000,0.7780042290687561,1782913462.1759326
631100,0.7780641913414001,1782913468.3067093
631200,0.778124213218689,1782913474.4996068
631300,0.778184175491333,1782913480.7987454
631400,0.7782441973686218,1782913486.9832616
631500,0.7783042192459106,1782913493.1974163
631600,0.7783641815185547,1782913499.6599042
631700,0.7784242033958435,1782913505.8511508
631800,0.7784842252731323,1782913511.908782
631900,0.7785441875457764,1782913518.1196005
632000,0.7786042094230652,1782913524.2738595
632100,0.7786641716957092,1782913530.3306148
632200,0.778724193572998,1782913536.7469819
632300,0.7787842154502869,1782913542.7665672
632400,0.7788441777229309,1782913549.281719
632500,0.7789041996002197,1782913555.3529
632600,0.7789642214775085,1782913561.6137896
632700,0.7790241837501526,1782913567.8532765
632800,0.7790842056274414,1782913573.9025536
632900,0.7791442275047302,1782913580.1556525
633000,0.7792041897773743,1782913586.2468646
633100,0.7792642116546631,1782913592.315514
633200,0.7793241739273071,1782913598.623334
633300,0.779384195804596,1782913605.1386685
633400,0.7794442176818848,1782913611.4356027
633500,0.7795041799545288,1782913617.6884012
633600,0.7795642018318176,1782913623.9246662
633700,0.7796242237091064,1782913630.184829
633800,0.7796841859817505,1782913636.4968984
633900,0.7797442078590393,1782913642.5538092
634000,0.7798042297363281,1782913648.807275
634100,0.7798641920089722,1782913655.12982
634200,0.779924213886261,1782913661.2528067
634300,0.779984176158905,1782913667.4273684
634400,0.7800441980361938,1782913673.7870872
634500,0.7801042199134827,1782913680.128216
634600,0.7801641821861267,1782913686.3378658
634700,0.7802242040634155,1782913692.7322187
634800,0.7802842259407043,1782913698.8688045
634900,0.7803441882133484,1782913705.0829325
635000,0.7804042100906372,1782913711.4692948
635100,0.7804641723632812,1782913718.021412
635200,0.7805241942405701,1782913724.2654858
635300,0.7805842161178589,1782913730.5833519
635400,0.7806441783905029,1782913736.7891104
635500,0.7807042002677917,1782913743.262361
635600,0.7807642221450806,1782913749.6755486
635700,0.7808241844177246,1782913755.8738804
635800,0.7808842062950134,1782913762.2228856
635900,0.7809442281723022,1782913768.4133728
636000,0.7810041904449463,1782913774.8078134
636100,0.7810642123222351,1782913781.199336
636200,0.7811241745948792,1782913787.5294712
636300,0.781184196472168,1782913793.952745
636400,0.7812442183494568,1782913800.0178359
636500,0.7813041806221008,1782913806.0566583
636600,0.7813642024993896,1782913812.2213964
636700,0.7814242243766785,1782913818.208246
636800,0.7814841866493225,1782913824.521898
636900,0.7815442085266113,1782913830.7468314
637000,0.7816041707992554,1782913837.0434391
637100,0.7816641926765442,1782913843.3383002
637200,0.781724214553833,1782913849.6429286
637300,0.781784176826477,1782913855.7044756
637400,0.7818441987037659,1782913862.0773973
637500,0.7819042205810547,1782913868.0861564
637600,0.7819641828536987,1782913874.2267723
637700,0.7820242047309875,1782913880.6604216
637800,0.7820842266082764,1782913886.7229915
637900,0.7821441888809204,1782913892.9632251
638000,0.7822042107582092,1782913898.9613357
638100,0.7822641730308533,1782913905.0809164
638200,0.7823241949081421,1782913911.266297
638300,0.7823842167854309,1782913917.393895
638400,0.782444179058075,1782913923.4716191
638500,0.7825042009353638,1782913929.494427
638600,0.7825642228126526,1782913935.4863687
638700,0.7826241850852966,1782913941.5757916
638800,0.7826842069625854,1782913948.0496707
638900,0.7827442288398743,1782913954.3338988
639000,0.7828041911125183,1782913960.5164347
639100,0.7828642129898071,1782913966.6411157
639200,0.7829241752624512,1782913972.9434607
639300,0.78298419713974,1782913979.0711718
639400,0.7830442190170288,1782913985.339984
639500,0.7831041812896729,1782913991.5283759
639600,0.7831642031669617,1782913997.6554856
639700,0.7832242250442505,1782914003.8821774
639800,0.7832841873168945,1782914009.991526
639900,0.7833442091941833,1782914016.2918482
640000,0.7834041714668274,1782914022.4923015
640100,0.7834641933441162,1782914028.8038273
640200,0.783524215221405,1782914035.0108473
640300,0.7835841774940491,1782914041.2186463
640400,0.7836441993713379,1782914047.5577471
640500,0.7837042212486267,1782914053.8372326
640600,0.7837641835212708,1782914060.1055899
640700,0.7838242053985596,1782914066.274226
640800,0.7838842272758484,1782914072.7175736
640900,0.7839441895484924,1782914078.6915915
641000,0.7840042114257812,1782914084.777743
641100,0.7840641736984253,1782914090.917522
641200,0.7841241955757141,1782914097.2566385
641300,0.7841842174530029,1782914103.6223094
641400,0.784244179725647,1782914109.801317
641500,0.7843042016029358,1782914116.0406046
641600,0.7843642234802246,1782914122.3287585
641700,0.7844241857528687,1782914128.4312093
641800,0.7844842076301575,1782914134.6807923
641900,0.7845442295074463,1782914140.832198
642000,0.7846041917800903,1782914147.0168912
642100,0.7846642136573792,1782914153.3445625
642200,0.7847241759300232,1782914159.80983
642300,0.784784197807312,1782914165.9882116
642400,0.7848442196846008,1782914171.9956563
642500,0.7849041819572449,1782914178.2222104
642600,0.7849642038345337,1782914184.5063722
642700,0.7850242257118225,1782914190.8915396
642800,0.7850841879844666,1782914197.038537
642900,0.7851442098617554,1782914203.2077734
643000,0.7852041721343994,1782914209.3590584
643100,0.7852641940116882,1782914215.5829258
643200,0.785324215888977,1782914221.695814
643300,0.7853841781616211,1782914227.8892987
643400,0.7854442000389099,1782914234.0358188
643500,0.7855042219161987,1782914240.0202894
643600,0.7855641841888428,1782914246.0626974
643700,0.7856242060661316,1782914252.2431152
643800,0.7856842279434204,1782914258.405463
643900,0.7857441902160645,1782914264.6028314
644000,0.7858042120933533,1782914270.7036936
644100,0.7858641743659973,1782914276.8501728
644200,0.7859241962432861,1782914283.111639
644300,0.785984218120575,1782914289.141023
644400,0.786044180393219,1782914295.3618963
644500,0.7861042022705078,1782914301.4808166
644600,0.7861642241477966,1782914307.6454039
644700,0.7862241864204407,1782914313.8895009
644800,0.7862842082977295,1782914320.1930375
644900,0.7863441705703735,1782914326.2569733
645000,0.7864041924476624,1782914332.401152
645100,0.7864642143249512,1782914338.4538817
645200,0.7865241765975952,1782914344.7485366
645300,0.786584198474884,1782914351.1869173
645400,0.7866442203521729,1782914357.2269578
645500,0.7867041826248169,1782914363.4901867
645600,0.7867642045021057,1782914369.714602
645700,0.7868242263793945,1782914376.0069916
645800,0.7868841886520386,1782914382.221093
645900,0.7869442105293274,1782914388.4406476
646000,0.7870041728019714,1782914394.7387497
646100,0.7870641946792603,1782914400.8525486
646200,0.7871242165565491,1782914406.9869523
646300,0.7871841788291931,1782914413.3681264
646400,0.7872442007064819,1782914419.6427836
646500,0.7873042225837708,1782914425.7351553
646600,0.7873641848564148,1782914431.8949995
646700,0.7874242067337036,1782914438.0875463
646800,0.7874842286109924,1782914444.2412894
646900,0.7875441908836365,1782914450.2933855
647000,0.7876042127609253,1782914456.587541
647100,0.7876641750335693,1782914463.0148683
647200,0.7877241969108582,1782914469.055759
647300,0.787784218788147,1782914475.2495022
647400,0.787844181060791,1782914481.453783
647500,0.7879042029380798,1782914487.679351
647600,0.7879642248153687,1782914494.158171
647700,0.7880241870880127,1782914500.21674
647800,0.7880842089653015,1782914506.3402197
647900,0.7881441712379456,1782914512.6872969
648000,0.7882041931152344,1782914518.9712565
648100,0.7882642149925232,1782914525.1538181
648200,0.7883241772651672,1782914531.386016
648300,0.788384199142456,1782914537.451824
648400,0.7884442210197449,1782914543.6078057
648500,0.7885041832923889,1782914549.7397437
648600,0.7885642051696777,1782914555.9904075
648700,0.7886242270469666,1782914562.0791004
648800,0.7886841893196106,1782914568.2892826
648900,0.7887442111968994,1782914574.638498
649000,0.7888041734695435,1782914580.9194083
649100,0.7888641953468323,1782914587.2181203
649200,0.7889242172241211,1782914593.5048158
649300,0.7889841794967651,1782914599.7246578
649400,0.789044201374054,1782914606.0636222
649500,0.7891042232513428,1782914612.186765
649600,0.7891641855239868,1782914618.5722773
649700,0.7892242074012756,1782914624.8035195
649800,0.7892842292785645,1782914631.0836868
649900,0.7893441915512085,1782914637.3483665
650000,0.7894054055213928,1782915643.7720845
650100,0.7894654273986816,1782915832.7623239
650200,0.7895253896713257,1782915838.8959072
650300,0.7895854115486145,1782915845.1226468
650400,0.7896453738212585,1782915851.0762126
650500,0.7897053956985474,1782915857.101664
650600,0.7897654175758362,1782915863.2848818
650700,0.7898253798484802,1782915869.421176
650800,0.789885401725769,1782915875.5263827
650900,0.7899460196495056,1782916065.2257435
651000,0.7900059819221497,1782916070.8568535
651100,0.7900660037994385,1782916076.5225375
651200,0.7901260256767273,1782916082.1531281
651300,0.7901859879493713,1782916087.8284924
651400,0.7902460098266602,1782916093.7257085
651500,0.7903059720993042,1782916100.19928
651600,0.790365993976593,1782916106.5659785
651700,0.7904260158538818,1782916113.1216116
651800,0.7904859781265259,1782916119.5852923
651900,0.7905460000038147,1782916126.416924
652000,0.7906060218811035,1782916132.9054377
652100,0.7906659841537476,1782916139.5536458
652200,0.7907260060310364,1782916146.4607708
652300,0.7907860279083252,1782916153.0463095
652400,0.7908459901809692,1782916159.8243315
652500,0.7909060120582581,1782916166.356805
652600,0.7909659743309021,1782916173.215134
652700,0.7910259962081909,1782916179.7040038
652800,0.7910860180854797,1782916186.16962
652900,0.7911459803581238,1782916192.5573394
653000,0.7912060022354126,1782916199.01389
653100,0.7912660241127014,1782916205.3813818
653200,0.7913259863853455,1782916212.1526036
653300,0.7913860082626343,1782916218.534697
653400,0.7914459705352783,1782916225.3733828
653500,0.7915059924125671,1782916231.9274163
653600,0.791566014289856,1782916238.551753
653700,0.7916259765625,1782916245.2389252
653800,0.7916859984397888,1782916251.7332199
653900,0.7917460203170776,1782916258.2523267
654000,0.7918059825897217,1782916264.695214
654100,0.7918660044670105,1782916271.5164754
654200,0.7919260263442993,1782916277.9688451
654300,0.7919859886169434,1782916284.4384015
654400,0.7920460104942322,1782916290.8386843
654500,0.7921059727668762,1782916297.2712777
654600,0.792165994644165,1782916303.7803853
654700,0.7922260165214539,1782916310.713871
654800,0.7922859787940979,1782916317.357228
654900,0.7923460006713867,1782916324.1491294
655000,0.7924060225486755,1782916331.0240161
655100,0.7924659848213196,1782916337.5249362
655200,0.7925260066986084,1782916344.0188982
655300,0.7925860285758972,1782916350.7794013
655400,0.7926459908485413,1782916357.4011984
655500,0.7927060127258301,1782916363.860576
655600,0.7927659749984741,1782916370.5872593
655700,0.7928259968757629,1782916377.2871754
655800,0.7928860187530518,1782916383.993286
655900,0.7929459810256958,1782916390.7065334
656000,0.7930060029029846,1782916397.177519
656100,0.7930660247802734,1782916403.8523502
656200,0.7931259870529175,1782916410.6997485
656300,0.7931860089302063,1782916417.270004
656400,0.7932459712028503,1782916423.9181638
656500,0.7933059930801392,1782916430.3842342
656600,0.793366014957428,1782916436.7941191
656700,0.793425977230072,1782916443.5491638
656800,0.7934859991073608,1782916450.0020692
656900,0.7935460209846497,1782916456.4389687
657000,0.7936059832572937,1782916463.2625716
657100,0.7936660051345825,1782916469.9689364
657200,0.7937260270118713,1782916476.6869013
657300,0.7937859892845154,1782916483.3154
657400,0.7938460111618042,1782916489.978158
657500,0.7939059734344482,1782916496.713466
657600,0.7939659953117371,1782916503.2236454
657700,0.7940260171890259,1782916509.88513
657800,0.7940859794616699,1782916516.5359468
657900,0.7941460013389587,1782916523.0497198
658000,0.7942060232162476,1782916529.8351903
658100,0.7942659854888916,1782916536.150324
658200,0.7943260073661804,1782916542.8394203
658300,0.7943860292434692,1782916549.336959
658400,0.7944459915161133,1782916556.222441
658500,0.7945060133934021,1782916562.8384514
658600,0.7945659756660461,1782916569.5048473
658700,0.794625997543335,1782916576.1199567
658800,0.7946860194206238,1782916582.7458339
658900,0.7947459816932678,1782916589.2970185
659000,0.7948060035705566,1782916595.798366
659100,0.7948660254478455,1782916602.4331925
659200,0.7949259877204895,1782916608.6855822
659300,0.7949860095977783,1782916614.9025643
659400,0.7950459718704224,1782916620.9373822
659500,0.7951059937477112,1782916627.1832466
659600,0.795166015625,1782916633.2881324
659700,0.795225977897644,1782916639.3848886
659800,0.7952859997749329,1782916645.879533
659900,0.7953460216522217,1782916652.4457846
660000,0.7954059839248657,1782916658.7290647
660100,0.7954660058021545,1782916665.0023806
660200,0.7955260276794434,1782916670.9096894
660300,0.7955859899520874,1782916676.984836
660400,0.7956460118293762,1782916683.2054176
660500,0.7957059741020203,1782916689.257429
660600,0.7957659959793091,1782916695.234893
660700,0.7958260178565979,1782916701.5834074
660800,0.7958859801292419,1782916707.6173525
660900,0.7959460020065308,1782916713.8702042
661000,0.7960060238838196,1782916719.9986813
661100,0.7960659861564636,1782916726.192904
661200,0.7961260080337524,1782916732.240791
661300,0.7961859703063965,1782916738.30881
661400,0.7962459921836853,1782916744.4397354
661500,0.7963060140609741,1782916750.5962276
661600,0.7963659763336182,1782916756.777722
661700,0.796425998210907,1782916763.017683
661800,0.7964860200881958,1782916769.041134
661900,0.7965459823608398,1782916775.0146887
662000,0.7966060042381287,1782916781.4333591
662100,0.7966660261154175,1782916787.4415832
662200,0.7967259883880615,1782916793.6225185
662300,0.7967860102653503,1782916799.75438
662400,0.7968459725379944,1782916805.8363318
662500,0.7969059944152832,1782916811.693239
662600,0.796966016292572,1782916817.7527616
662700,0.7970259785652161,1782916823.8736773
662800,0.7970860004425049,1782916829.8626533
662900,0.7971460223197937,1782916836.099316
663000,0.7972059845924377,1782916842.1046498
663100,0.7972660064697266,1782916848.3589523
663200,0.7973260283470154,1782916854.222185
663300,0.7973859906196594,1782916860.2394516
663400,0.7974460124969482,1782916866.446236
663500,0.7975059747695923,1782916872.4554777
663600,0.7975659966468811,1782916878.8830783
663700,0.7976260185241699,1782916885.2294343
663800,0.797685980796814,1782916891.3166268
663900,0.7977460026741028,1782916897.641346
664000,0.7978060245513916,1782916903.9448497
664100,0.7978659868240356,1782916910.2729812
664200,0.7979260087013245,1782916916.4958434
664300,0.7979859709739685,1782916922.7383451
664400,0.7980459928512573,1782916928.8728871
664500,0.7981060147285461,1782916935.2001643
664600,0.7981659770011902,1782916941.0675876
664700,0.798225998878479,1782916947.0789697
664800,0.7982860207557678,1782916953.0406613
664900,0.7983459830284119,1782916958.9155872
665000,0.7984060049057007,1782916965.201619
665100,0.7984660267829895,1782916971.5468433
665200,0.7985259890556335,1782916977.568782
665300,0.7985860109329224,1782916983.5053942
665400,0.7986459732055664,1782916989.5740402
665500,0.7987059950828552,1782916995.6897297
665600,0.798766016960144,1782917001.8618753
665700,0.7988259792327881,1782917007.8960507
665800,0.7988860011100769,1782917014.1741858
665900,0.7989460229873657,1782917020.2990406
666000,0.7990059852600098,1782917026.9735703
666100,0.7990660071372986,1782917033.4966652
666200,0.7991260290145874,1782917040.0544362
666300,0.7991859912872314,1782917046.697209
666400,0.7992460131645203,1782917053.37685
666500,0.7993059754371643,1782917060.1517522
666600,0.7993659973144531,1782917066.6845207
666700,0.7994260191917419,1782917073.2421672
666800,0.799485981464386,1782917079.808189
666900,0.7995460033416748,1782917086.4242396
667000,0.7996060252189636,1782917093.2168267
667100,0.7996659874916077,1782917099.8836112
667200,0.7997260093688965,1782917106.5115995
667300,0.7997859716415405,1782917113.2127793
667400,0.7998459935188293,1782917119.6267445
667500,0.7999060153961182,1782917126.1371746
667600,0.7999659776687622,1782917132.834208
667700,0.800025999546051,1782917139.4143887
667800,0.8000860214233398,1782917145.7850306
667900,0.8001459836959839,1782917152.247435
668000,0.8002060055732727,1782917158.9986787
668100,0.8002660274505615,1782917165.2524126
668200,0.8003259897232056,1782917171.3125935
668300,0.8003860116004944,1782917177.4282203
668400,0.8004459738731384,1782917183.4494367
668500,0.8005059957504272,1782917189.7438958
668600,0.8005660176277161,1782917195.7828467
668700,0.8006259799003601,1782917202.0864017
668800,0.8006860017776489,1782917208.138083
668900,0.8007460236549377,1782917214.4906347
669000,0.8008059859275818,1782917220.6200032
669100,0.8008660078048706,1782917226.884005
669200,0.8009260296821594,1782917233.0516872
669300,0.8009859919548035,1782917239.0491385
669400,0.8010460138320923,1782917245.0274637
669500,0.8011059761047363,1782917251.3057728
669600,0.8011659979820251,1782917257.6884031
669700,0.801226019859314,1782917263.853775
669800,0.801285982131958,1782917270.1818998
669900,0.8013460040092468,1782917276.3143158
670000,0.8014060258865356,1782917282.4626987
670100,0.8014659881591797,1782917288.6875157
670200,0.8015260100364685,1782917294.6583219
670300,0.8015859723091125,1782917300.7162611
670400,0.8016459941864014,1782917306.9625459
670500,0.8017060160636902,1782917312.853533
670600,0.8017659783363342,1782917319.0547533
670700,0.801826000213623,1782917324.9154296
670800,0.8018860220909119,1782917330.7960317
670900,0.8019459843635559,1782917336.7592545
671000,0.8020060062408447,1782917342.8316534
671100,0.8020660281181335,1782917348.697237
671200,0.8021259903907776,1782917354.703852
671300,0.8021860122680664,1782917360.8010664
671400,0.8022459745407104,1782917367.21468
671500,0.8023059964179993,1782917373.3657486
671600,0.8023660182952881,1782917379.303949
671700,0.8024259805679321,1782917385.617418
671800,0.802486002445221,1782917391.9806879
671900,0.8025460243225098,1782917398.115066
672000,0.8026059865951538,1782917404.3033195
672100,0.8026660084724426,1782917410.4179325
672200,0.8027259707450867,1782917416.6533418
672300,0.8027859926223755,1782917422.538195
672400,0.8028460144996643,1782917428.8483663
672500,0.8029059767723083,1782917434.936417
672600,0.8029659986495972,1782917441.0922976
672700,0.803026020526886,1782917447.3799498
672800,0.80308598279953,1782917453.445353
672900,0.8031460046768188,1782917459.6349213
673000,0.8032060265541077,1782917465.8487155
673100,0.8032659888267517,1782917471.9397206
673200,0.8033260107040405,1782917478.1396158
673300,0.8033859729766846,1782917484.2451828
673400,0.8034459948539734,1782917490.3690705
673500,0.8035060167312622,1782917496.4402575
673600,0.8035659790039062,1782917502.6245835
673700,0.8036260008811951,1782917508.757748
673800,0.8036860227584839,1782917514.7670684
673900,0.8037459850311279,1782917521.2507017
674000,0.8038060069084167,1782917527.6309235
674100,0.8038660287857056,1782917533.9371734
674200,0.8039259910583496,1782917540.208344
674300,0.8039860129356384,1782917546.3814557
674400,0.8040459752082825,1782917552.7180178
674500,0.8041059970855713,1782917559.0566607
674600,0.8041660189628601,1782917565.217938
674700,0.8042259812355042,1782917571.4893112
674800,0.804286003112793,1782917577.687652
674900,0.8043460249900818,1782917583.8135734
675000,0.8044059872627258,1782917589.965031
675100,0.8044660091400146,1782917768.5043511
675200,0.8045259714126587,1782917774.5860572
675300,0.8045859932899475,1782917780.6562438
675400,0.8046460151672363,1782917786.761066
675500,0.8047059774398804,1782917792.862611
675600,0.8047659993171692,1782917799.3070054
675700,0.804826021194458,1782917805.4862857
675800,0.804885983467102,1782917811.5629272
675900,0.8049460053443909,1782917817.7760637
676000,0.8050060272216797,1782917824.0229328
676100,0.8050659894943237,1782917830.1212
676200,0.8051260113716125,1782917836.3958032
676300,0.8051859736442566,1782917842.4340224
676400,0.8052459955215454,1782917848.6173716
676500,0.8053060173988342,1782917854.8997626
676600,0.8053659796714783,1782917861.1414537
676700,0.8054260015487671,1782917867.0510426
676800,0.8054860234260559,1782917873.2195323
676900,0.8055459856987,1782917879.6355946
677000,0.8056060075759888,1782917885.7151237
677100,0.8056660294532776,1782917891.9535258
677200,0.8057259917259216,1782917898.1915185
677300,0.8057860136032104,1782917904.5340981
677400,0.8058459758758545,1782917910.6607525
677500,0.8059059977531433,1782917916.751162
677600,0.8059660196304321,1782917922.7820199
677700,0.8060259819030762,1782917929.0732791
677800,0.806086003780365,1782917935.1550002
677900,0.8061460256576538,1782917941.385802
678000,0.8062059879302979,1782917947.3486922
678100,0.8062660098075867,1782917953.4307976
678200,0.8063259720802307,1782917959.554909
678300,0.8063859939575195,1782917965.5564628
678400,0.8064460158348083,1782917971.5719936
678500,0.8065059781074524,1782917977.7075133
678600,0.8065659999847412,1782917983.6722074
678700,0.80662602186203,1782917989.811136
678800,0.8066859841346741,1782917995.7867532
678900,0.8067460060119629,1782918002.042234
679000,0.8068060278892517,1782918008.2367208
679100,0.8068659901618958,1782918014.5065186
679200,0.8069260120391846,1782918020.6901865
679300,0.8069859743118286,1782918026.87177
679400,0.8070459961891174,1782918032.888478
679500,0.8071060180664062,1782918039.03735
679600,0.8071659803390503,1782918045.1024406
679700,0.8072260022163391,1782918051.2194371
679800,0.8072860240936279,1782918057.461642
679900,0.807345986366272,1782918063.6918733
680000,0.8074060082435608,1782918069.784157
680100,0.8074659705162048,1782918075.8347337
680200,0.8075259923934937,1782918081.8488207
680300,0.8075860142707825,1782918087.8305275
680400,0.8076459765434265,1782918093.921368
680500,0.8077059984207153,1782918099.843049
680600,0.8077660202980042,1782918105.9662318
680700,0.8078259825706482,1782918111.835699
680800,0.807886004447937,1782918117.7141361
680900,0.8079460263252258,1782918123.8023593
681000,0.8080059885978699,1782918129.843029
681100,0.8080660104751587,1782918135.9179156
681200,0.8081259727478027,1782918141.9791338
681300,0.8081859946250916,1782918148.0753062
681400,0.8082460165023804,1782918154.3051429
681500,0.8083059787750244,1782918160.1005683
681600,0.8083660006523132,1782918166.3919241
681700,0.808426022529602,1782918172.5426557
681800,0.8084859848022461,1782918178.8351288
681900,0.8085460066795349,1782918184.8205693
682000,0.8086060285568237,1782918191.0723464
682100,0.8086659908294678,1782918197.0460985
682200,0.8087260127067566,1782918203.307522
682300,0.8087859749794006,1782918209.3510096
682400,0.8088459968566895,1782918215.8365717
682500,0.8089060187339783,1782918222.0852861
682600,0.8089659810066223,1782918228.2001455
682700,0.8090260028839111,1782918234.3739817
682800,0.8090860247612,1782918240.2906823
682900,0.809145987033844,1782918246.4606297
683000,0.8092060089111328,1782918252.4077005
683100,0.8092659711837769,1782918258.3957746
683200,0.8093259930610657,1782918264.4056668
683300,0.8093860149383545,1782918270.2873793
683400,0.8094459772109985,1782918276.2956488
683500,0.8095059990882874,1782918282.4685872
683600,0.8095660209655762,1782918288.422545
683700,0.8096259832382202,1782918294.3288941
683800,0.809686005115509,1782918300.4037437
683900,0.8097460269927979,1782918306.4260707
684000,0.8098059892654419,1782918312.4489636
684100,0.8098660111427307,1782918318.6627114
684200,0.8099259734153748,1782918324.8486078
684300,0.8099859952926636,1782918330.8871107
684400,0.8100460171699524,1782918337.3166754
684500,0.8101059794425964,1782918343.358487
684600,0.8101660013198853,1782918349.340529
684700,0.8102260231971741,1782918355.4671853
684800,0.8102859854698181,1782918361.8281264
684900,0.8103460073471069,1782918367.8667824
685000,0.8104060292243958,1782918374.1957552
685100,0.8104659914970398,1782918380.3793173
685200,0.8105260133743286,1782918386.5182257
685300,0.8105859756469727,1782918392.5934508
685400,0.8106459975242615,1782918398.86856
685500,0.8107060194015503,1782918405.1934652
685600,0.8107659816741943,1782918411.4310253
685700,0.8108260035514832,1782918417.8726246
685800,0.810886025428772,1782918424.0158894
685900,0.810945987701416,1782918430.445133
686000,0.8110060095787048,1782918436.77197
686100,0.8110659718513489,1782918443.1889834
686200,0.8111259937286377,1782918449.4149966
686300,0.8111860156059265,1782918455.70142
686400,0.8112459778785706,1782918461.8932855
686500,0.8113059997558594,1782918468.214862
686600,0.8113660216331482,1782918474.3401725
686700,0.8114259839057922,1782918480.5794535
686800,0.811486005783081,1782918486.8194525
686900,0.8115460276603699,1782918493.1268404
687000,0.8116059899330139,1782918499.311627
687100,0.8116660118103027,1782918505.433267
687200,0.8117259740829468,1782918511.681582
687300,0.8117859959602356,1782918517.998636
687400,0.8118460178375244,1782918524.1341622
687500,0.8119059801101685,1782918530.1216934
687600,0.8119660019874573,1782918536.329937
687700,0.8120260238647461,1782918542.5640259
687800,0.8120859861373901,1782918548.438842
687900,0.812146008014679,1782918554.3920174
688000,0.812205970287323,1782918560.778959
688100,0.8122659921646118,1782918566.8404548
688200,0.8123260140419006,1782918572.9551516
688300,0.8123859763145447,1782918579.1507502
688400,0.8124459981918335,1782918585.3024397
688500,0.8125060200691223,1782918591.5505726
688600,0.8125659823417664,1782918597.571761
688700,0.8126260042190552,1782918603.9796395
688800,0.812686026096344,1782918610.1187584
688900,0.812745988368988,1782918616.3850756
689000,0.8128060102462769,1782918622.2956371
689100,0.8128659725189209,1782918628.6830878
689200,0.8129259943962097,1782918634.8332028
689300,0.8129860162734985,1782918641.073063
689400,0.8130459785461426,1782918647.0149064
689500,0.8131060004234314,1782918653.2977731
689600,0.8131660223007202,1782918659.5339677
689700,0.8132259845733643,1782918665.6096215
689800,0.8132860064506531,1782918671.8663967
689900,0.8133460283279419,1782918677.9457731
690000,0.8134059906005859,1782918684.0205817
690100,0.8134660124778748,1782918690.2507508
690200,0.8135259747505188,1782918696.6128182
690300,0.8135859966278076,1782918702.7688968
690400,0.8136460185050964,1782918708.8467147
690500,0.8137059807777405,1782918714.978874
690600,0.8137660026550293,1782918721.1639693
690700,0.8138260245323181,1782918727.4603162
690800,0.8138859868049622,1782918733.7442296
690900,0.813946008682251,1782918739.9265835
691000,0.814005970954895,1782918746.0940676
691100,0.8140659928321838,1782918752.3185503
691200,0.8141260147094727,1782918758.4097552
691300,0.8141859769821167,1782918764.387838
691400,0.8142459988594055,1782918770.7120006
691500,0.8143060207366943,1782918776.708101
691600,0.8143659830093384,1782918782.7308865
691700,0.8144260048866272,1782918788.940712
691800,0.814486026763916,1782918794.9817512
691900,0.8145459890365601,1782918801.260176
692000,0.8146060109138489,1782918807.414237
692100,0.8146659731864929,1782918813.362362
692200,0.8147259950637817,1782918819.3387399
692300,0.8147860169410706,1782918825.4414637
692400,0.8148459792137146,1782918831.4694154
692500,0.8149060010910034,1782918837.7182567
692600,0.8149660229682922,1782918843.9720373
692700,0.8150259852409363,1782918850.0883064
692800,0.8150860071182251,1782918856.3614957
692900,0.8151460289955139,1782918862.5105765
693000,0.815205991268158,1782918868.6567512
693100,0.8152660131454468,1782918874.7154315
693200,0.8153259754180908,1782918880.9504054
693300,0.8153859972953796,1782918887.023361
693400,0.8154460191726685,1782918893.2566702
693500,0.8155059814453125,1782918899.3454564
693600,0.8155660033226013,1782918905.49582
693700,0.8156260251998901,1782918911.706624
693800,0.8156859874725342,1782918917.850887
693900,0.815746009349823,1782918924.1284611
694000,0.815805971622467,1782918930.2978234
694100,0.8158659934997559,1782918936.5001278
694200,0.8159260153770447,1782918942.6409705
694300,0.8159859776496887,1782918948.748294
694400,0.8160459995269775,1782918954.8575842
694500,0.8161060214042664,1782918960.9404845
694600,0.8161659836769104,1782918967.1965232
694700,0.8162260055541992,1782918973.2572782
694800,0.816286027431488,1782918979.2346787
694900,0.8163459897041321,1782918985.3491423
695000,0.8164060115814209,1782918991.4155152
695100,0.8164659738540649,1782918997.3794463
695200,0.8165259957313538,1782919003.5631673
695300,0.8165860176086426,1782919009.6907883
695400,0.8166459798812866,1782919015.6187344
695500,0.8167060017585754,1782919021.9332373
695600,0.8167660236358643,1782919028.105315
695700,0.8168259859085083,1782919034.4697075
695800,0.8168860077857971,1782919040.4766648
695900,0.8169460296630859,1782919046.5859122
696000,0.81700599193573,1782919052.5923922
696100,0.8170660138130188,1782919058.6469069
696200,0.8171259760856628,1782919065.0047252
696300,0.8171859979629517,1782919071.2666602
696400,0.8172460198402405,1782919077.3311968
696500,0.8173059821128845,1782919083.371371
696600,0.8173660039901733,1782919089.4055817
696700,0.8174260258674622,1782919095.6001785
696800,0.8174859881401062,1782919101.937351
696900,0.817546010017395,1782919107.9510322
697000,0.8176059722900391,1782919114.0654213
697100,0.8176659941673279,1782919120.116965
697200,0.8177260160446167,1782919126.5729852
697300,0.8177859783172607,1782919132.7525277
697400,0.8178460001945496,1782919139.121386
697500,0.8179060220718384,1782919145.3790286
697600,0.8179659843444824,1782919151.4408941
697700,0.8180260062217712,1782919157.7175806
697800,0.8180860280990601,1782919163.665092
697900,0.8181459903717041,1782919170.0930738
698000,0.8182060122489929,1782919176.4118748
698100,0.818265974521637,1782919182.4231448
698200,0.8183259963989258,1782919188.7483509
698300,0.8183860182762146,1782919195.140468
698400,0.8184459805488586,1782919201.076277
698500,0.8185060024261475,1782919207.2246232
698600,0.8185660243034363,1782919213.4734364
698700,0.8186259865760803,1782919219.8086398
698800,0.8186860084533691,1782919226.0195441
698900,0.8187459707260132,1782919232.3121455
699000,0.818805992603302,1782919238.4154496
699100,0.8188660144805908,1782919244.568226
699200,0.8189259767532349,1782919250.724922
699300,0.8189859986305237,1782919256.9666812
699400,0.8190460205078125,1782919263.053997
699500,0.8191059827804565,1782919269.197997
699600,0.8191660046577454,1782919275.3061411
699700,0.8192260265350342,1782919281.4345605
699800,0.8192859888076782,1782919287.5866141
699900,0.819346010684967,1782919293.7475157
700000,0.8194084167480469,1783345544.9427261
700100,0.8194683790206909,1783345703.1881409
700200,0.8195284008979797,1783345709.3313406
700300,0.8195884227752686,1783345715.5291293
700400,0.8196483850479126,1783345721.7147195
700500,0.8197084069252014,1783345728.196269
700600,0.8197684288024902,1783345734.5026064
700700,0.8198283910751343,1783345740.6221795
700800,0.8198884129524231,1783345746.7976086
700900,0.8199483752250671,1783345752.934631
701000,0.820008397102356,1783345758.9504504
701100,0.8200684189796448,1783345765.4000325
701200,0.8201283812522888,1783345771.4257233
701300,0.8201884031295776,1783345777.5826395
701400,0.8202484250068665,1783345783.7638729
701500,0.8203083872795105,1783345790.1156454
701600,0.8203684091567993,1783345796.1122332
701700,0.8204283714294434,1783345802.3038757
701800,0.8204883933067322,1783345808.3777466
701900,0.820548415184021,1783345814.3372319
702000,0.820608377456665,1783345820.3157675
702100,0.8206683993339539,1783345826.5862062
702200,0.8207284212112427,1783345832.7036657
702300,0.8207883834838867,1783345838.9728084
702400,0.8208484053611755,1783345845.1959965
702500,0.8209084272384644,1783345851.4968824
702600,0.8209683895111084,1783345857.8017745
702700,0.8210284113883972,1783345864.0245898
702800,0.8210883736610413,1783345870.0665293
702900,0.8211483955383301,1783345876.1746335
703000,0.8212084174156189,1783345882.232863
703100,0.8212683796882629,1783345888.403305
703200,0.8213284015655518,1783345894.4408674
703300,0.8213884234428406,1783345900.7140164
703400,0.8214483857154846,1783345907.0284264
703500,0.8215084075927734,1783345913.2106774
703600,0.8215684294700623,1783345919.374493
703700,0.8216283917427063,1783345925.6601825
703800,0.8216884136199951,1783345931.800546
703900,0.8217483758926392,1783345938.003441
704000,0.821808397769928,1783345944.074346
704100,0.8218684196472168,1783345950.4752567
704200,0.8219283819198608,1783345956.511387
704300,0.8219884037971497,1783345962.617163
704400,0.8220484256744385,1783345968.8423147
704500,0.8221083879470825,1783345974.8634512
704600,0.8221684098243713,1783345980.887569
704700,0.8222283720970154,1783345987.0906742
704800,0.8222883939743042,1783345993.2029982
704900,0.822348415851593,1783345999.455825
705000,0.8224083781242371,1783346005.7798922
705100,0.8224684000015259,1783346012.1406982
705200,0.8225284218788147,1783346018.4571853
705300,0.8225883841514587,1783346024.7448502
705400,0.8226484060287476,1783346030.8144376
705500,0.8227084279060364,1783346036.9574401
705600,0.8227683901786804,1783346043.287187
705700,0.8228284120559692,1783346049.4331217
705800,0.8228883743286133,1783346055.5191438
705900,0.8229483962059021,1783346061.5908198
706000,0.8230084180831909,1783346067.7554927
706100,0.823068380355835,1783346073.979469
706200,0.8231284022331238,1783346080.4324634
706300,0.8231884241104126,1783346086.5918458
706400,0.8232483863830566,1783346092.8441672
706500,0.8233084082603455,1783346098.884073
706600,0.8233683705329895,1783346105.2598596
706700,0.8234283924102783,1783346111.4314384
706800,0.8234884142875671,1783346117.533678
706900,0.8235483765602112,1783346123.6507947
707000,0.8236083984375,1783346129.7551942
707100,0.8236684203147888,1783346135.9347808
707200,0.8237283825874329,1783346142.3313622
707300,0.8237884044647217,1783346148.7882667
707400,0.8238484263420105,1783346155.219253
707500,0.8239083886146545,1783346161.6922371
707600,0.8239684104919434,1783346167.9954278
707700,0.8240283727645874,1783346174.160965
707800,0.8240883946418762,1783346180.3992918
707900,0.824148416519165,1783346186.5479512
708000,0.8242083787918091,1783346192.8993182
708100,0.8242684006690979,1783346199.2657042
708200,0.8243284225463867,1783346205.372204
708300,0.8243883848190308,1783346211.4805884
708400,0.8244484066963196,1783346217.656197
708500,0.8245084285736084,1783346223.807792
708600,0.8245683908462524,1783346229.8950872
708700,0.8246284127235413,1783346236.1230993
708800,0.8246883749961853,1783346242.1430633
708900,0.8247483968734741,1783346248.321148
709000,0.8248084187507629,1783346254.6523988
709100,0.824868381023407,1783346260.997842
709200,0.8249284029006958,1783346267.2859426
709300,0.8249884247779846,1783346273.3799255
709400,0.8250483870506287,1783346279.8505306
709500,0.8251084089279175,1783346286.1906977
709600,0.8251683712005615,1783346292.2822142
709700,0.8252283930778503,1783346298.454284
709800,0.8252884149551392,1783346304.7594767
709900,0.8253483772277832,1783346310.8336205
710000,0.825408399105072,1783346316.9205012
710100,0.8254684209823608,1783346323.0973477
710200,0.8255283832550049,1783346329.0574594
710300,0.8255884051322937,1783346335.0671885
710400,0.8256484270095825,1783346341.0652373
710500,0.8257083892822266,1783346347.2118964
710600,0.8257684111595154,1783346353.269996
710700,0.8258283734321594,1783346359.3458748
710800,0.8258883953094482,1783346365.5799475
710900,0.8259484171867371,1783346371.621113
711000,0.8260083794593811,1783346378.0304503
711100,0.8260684013366699,1783346384.3288083
711200,0.8261284232139587,1783346390.5381696
711300,0.8261883854866028,1783346396.6584604
711400,0.8262484073638916,1783346402.8835065
711500,0.8263084292411804,1783346409.0249183
711600,0.8263683915138245,1783346415.23185
711700,0.8264284133911133,1783346421.7018063
711800,0.8264883756637573,1783346427.7900915
711900,0.8265483975410461,1783346433.990179
712000,0.826608419418335,1783346440.210291
712100,0.826668381690979,1783346446.3884375
712200,0.8267284035682678,1783346452.5575383
712300,0.8267884254455566,1783346458.8316019
712400,0.8268483877182007,1783346465.041568
712500,0.8269084095954895,1783346471.157495
712600,0.8269683718681335,1783346477.2581036
712700,0.8270283937454224,1783346483.5141196
712800,0.8270884156227112,1783346489.8104134
712900,0.8271483778953552,1783346496.1684914
713000,0.827208399772644,1783346502.3527815
713100,0.8272684216499329,1783346508.728345
713200,0.8273283839225769,1783346514.7739944
713300,0.8273884057998657,1783346521.0918758
713400,0.8274484276771545,1783346527.3586502
713500,0.8275083899497986,1783346533.6538227
713600,0.8275684118270874,1783346539.8564575
713700,0.8276283740997314,1783346545.9476452
713800,0.8276883959770203,1783346552.325512
713900,0.8277484178543091,1783346558.4463954
714000,0.8278083801269531,1783346564.682776
714100,0.8278684020042419,1783346570.6794276
714200,0.8279284238815308,1783346576.8069522
714300,0.8279883861541748,1783346582.9309113
714400,0.8280484080314636,1783346589.119984
714500,0.8281083703041077,1783346595.4210954
714600,0.8281683921813965,1783346601.6209717
714700,0.8282284140586853,1783346607.640887
714800,0.8282883763313293,1783346613.9938726
714900,0.8283483982086182,1783346620.086244
715000,0.828408420085907,1783346626.1684158
715100,0.828468382358551,1783346632.2373052
715200,0.8285284042358398,1783346638.0898523
715300,0.8285884261131287,1783346644.2477772
715400,0.8286483883857727,1783346650.3906882
715500,0.8287084102630615,1783346656.682304
715600,0.8287683725357056,1783346662.8515093
715700,0.8288283944129944,1783346669.2142367
715800,0.8288884162902832,1783346675.3183346
715900,0.8289483785629272,1783346681.538453
716000,0.8290084004402161,1783346687.879321
716100,0.8290684223175049,1783346694.1412458
716200,0.8291283845901489,1783346700.3236685
716300,0.8291884064674377,1783346706.5679815
716400,0.8292484283447266,1783346712.5331922
716500,0.8293083906173706,1783346718.7339008
716600,0.8293684124946594,1783346725.022485
716700,0.8294283747673035,1783346731.1235673
716800,0.8294883966445923,1783346737.2887144
716900,0.8295484185218811,1783346743.305274
717000,0.8296083807945251,1783346749.4328768
717100,0.829668402671814,1783346755.5480363
717200,0.8297284245491028,1783346761.9604218
717300,0.8297883868217468,1783346768.14685
717400,0.8298484086990356,1783346774.3488781
717500,0.8299083709716797,1783346780.4369078
717600,0.8299683928489685,1783346786.6076698
717700,0.8300284147262573,1783346792.9722748
717800,0.8300883769989014,1783346799.2141168
717900,0.8301483988761902,1783346805.5652723
718000,0.830208420753479,1783346811.8295355
718100,0.830268383026123,1783346817.9417164
718200,0.8303284049034119,1783346823.728284
718300,0.8303884267807007,1783346829.8809516
718400,0.8304483890533447,1783346836.1253238
718500,0.8305084109306335,1783346842.3325446
718600,0.8305683732032776,1783346848.5325835
718700,0.8306283950805664,1783346854.608832
718800,0.8306884169578552,1783346860.8324537
718900,0.8307483792304993,1783346866.9712548
719000,0.8308084011077881,1783346873.1340609
719100,0.8308684229850769,1783346879.1627295
719200,0.830928385257721,1783346885.670927
719300,0.8309884071350098,1783346891.7524025
719400,0.8310484290122986,1783346897.9172149
719500,0.8311083912849426,1783346904.1568918
719600,0.8311684131622314,1783346910.3881185
719700,0.8312283754348755,1783346916.696825
719800,0.8312883973121643,1783346923.017789
719900,0.8313484191894531,1783346929.1155965
720000,0.8314083814620972,1783346935.3889263
720100,0.831468403339386,1783346941.5894847
720200,0.8315284252166748,1783346947.9354544
720300,0.8315883874893188,1783346954.0998886
720400,0.8316484093666077,1783346960.3466113
720500,0.8317083716392517,1783346966.4773176
720600,0.8317683935165405,1783346972.584888
720700,0.8318284153938293,1783346978.6202185
720800,0.8318883776664734,1783346984.9017105
720900,0.8319483995437622,1783346991.0706177
721000,0.832008421421051,1783346997.0682333
721100,0.8320683836936951,1783347003.080702
721200,0.8321284055709839,1783347009.251818
721300,0.8321884274482727,1783347015.2982674
721400,0.8322483897209167,1783347021.2927806
721500,0.8323084115982056,1783347027.4405534
721600,0.8323683738708496,1783347033.367604
721700,0.8324283957481384,1783347039.588281
721800,0.8324884176254272,1783347045.596863
721900,0.8325483798980713,1783347051.915628
722000,0.8326084017753601,1783347058.0252216
722100,0.8326684236526489,1783347064.300318
722200,0.832728385925293,1783347070.5123687
722300,0.8327884078025818,1783347076.661469
722400,0.8328484296798706,1783347083.0055697
722500,0.8329083919525146,1783347089.2346306
722600,0.8329684138298035,1783347095.3141434
722700,0.8330283761024475,1783347101.3555684
722800,0.8330883979797363,1783347107.4360085
722900,0.8331484198570251,1783347113.7024713
723000,0.8332083821296692,1783347120.0525248
723100,0.833268404006958,1783347126.2827175
723200,0.8333284258842468,1783347132.425082
723300,0.8333883881568909,1783347138.5460649
723400,0.8334484100341797,1783347144.7243946
723500,0.8335083723068237,1783347150.9911616
723600,0.8335683941841125,1783347157.1320808
723700,0.8336284160614014,1783347163.432338
723800,0.8336883783340454,1783347169.76688
723900,0.8337484002113342,1783347176.0430677
724000,0.833808422088623,1783347182.3078074
724100,0.8338683843612671,1783347188.5889556
724200,0.8339284062385559,1783347194.6588562
724300,0.8339884281158447,1783347201.0402653
724400,0.8340483903884888,1783347207.1573532
724500,0.8341084122657776,1783347213.3022974
724600,0.8341683745384216,1783347219.4729154
724700,0.8342283964157104,1783347225.7551825
724800,0.8342884182929993,1783347231.8362732
724900,0.8343483805656433,1783347238.3022082
725000,0.8344084024429321,1783347244.7253792
725100,0.834468424320221,1783347401.9087615
725200,0.834528386592865,1783347408.0013146
725300,0.8345884084701538,1783347414.046045
725400,0.8346483707427979,1783347420.4329746
725500,0.8347083926200867,1783347426.5950043
725600,0.8347684144973755,1783347432.811413
725700,0.8348283767700195,1783347439.123891
725800,0.8348883986473083,1783347445.244332
725900,0.8349484205245972,1783347451.4442635
726000,0.8350083827972412,1783347457.5953455
726100,0.83506840467453,1783347463.8942277
726200,0.8351284265518188,1783347470.3720973
726300,0.8351883888244629,1783347476.48195
726400,0.8352484107017517,1783347482.7172468
726500,0.8353083729743958,1783347488.8995154
726600,0.8353683948516846,1783347495.2242534
726700,0.8354284167289734,1783347501.4902773
726800,0.8354883790016174,1783347507.915756
726900,0.8355484008789062,1783347514.0026255
727000,0.8356084227561951,1783347520.3232758
727100,0.8356683850288391,1783347526.3897877
727200,0.8357284069061279,1783347532.7468803
727300,0.8357884287834167,1783347539.0937395
727400,0.8358483910560608,1783347545.2204776
727500,0.8359084129333496,1783347551.4948144
727600,0.8359683752059937,1783347557.701246
727700,0.8360283970832825,1783347563.924693
727800,0.8360884189605713,1783347570.021951
727900,0.8361483812332153,1783347576.3316734
728000,0.8362084031105042,1783347582.4981198
728100,0.836268424987793,1783347588.6419585
728200,0.836328387260437,1783347594.8583007
728300,0.8363884091377258,1783347601.148091
728400,0.8364483714103699,1783347607.3336546
728500,0.8365083932876587,1783347613.608866
728600,0.8365684151649475,1783347619.7986848
728700,0.8366283774375916,1783347626.1084847
728800,0.8366883993148804,1783347632.631637
728900,0.8367484211921692,1783347638.9198163
729000,0.8368083834648132,1783347644.9850712
729100,0.836868405342102,1783347651.2230866
729200,0.8369284272193909,1783347657.285999
729300,0.8369883894920349,1783347663.673142
729400,0.8370484113693237,1783347669.7546124
729500,0.8371083736419678,1783347675.8947258
729600,0.8371683955192566,1783347682.0833156
729700,0.8372284173965454,1783347688.4859595
729800,0.8372883796691895,1783347694.7579887
729900,0.8373484015464783,1783347700.9031427
730000,0.8374084234237671,1783347706.929319
730100,0.8374683856964111,1783347713.20367
730200,0.8375284075737,1783347719.308645
730300,0.8375884294509888,1783347725.710542
730400,0.8376483917236328,1783347731.7339165
730500,0.8377084136009216,1783347737.8045812
730600,0.8377683758735657,1783347744.2354848
730700,0.8378283977508545,1783347750.3742166
730800,0.8378884196281433,1783347756.6389153
730900,0.8379483819007874,1783347762.666964
731000,0.8380084037780762,1783347768.6886988
731100,0.838068425655365,1783347774.8230855
731200,0.838128387928009,1783347781.08479
731300,0.8381884098052979,1783347787.1572852
731400,0.8382483720779419,1783347793.2919962
731500,0.8383083939552307,1783347799.723562
731600,0.8383684158325195,1783347805.9790158
731700,0.8384283781051636,1783347812.1457984
731800,0.8384883999824524,1783347818.7918184
731900,0.8385484218597412,1783347825.0919049
732000,0.8386083841323853,1783347831.2043834
732100,0.8386684060096741,1783347837.5415797
732200,0.8387284278869629,1783347843.7536275
732300,0.8387883901596069,1783347849.4875197
732400,0.8388484120368958,1783347855.7187126
732500,0.8389083743095398,1783347861.4375958
732600,0.8389683961868286,1783347867.179567
732700,0.8390284180641174,1783347873.5194416
732800,0.8390883803367615,1783347879.749283
732900,0.8391484022140503,1783347885.696922
733000,0.8392084240913391,1783347891.8957412
733100,0.8392683863639832,1783347897.9348009
733200,0.839328408241272,1783347903.9913757
733300,0.839388370513916,1783347910.0337586
733400,0.8394483923912048,1783347916.045444
733500,0.8395084142684937,1783347922.1729968
733600,0.8395683765411377,1783347928.089001
733700,0.8396283984184265,1783347934.0310137
733800,0.8396884202957153,1783347940.121991
733900,0.8397483825683594,1783347946.3094866
734000,0.8398084044456482,1783347952.0814626
734100,0.839868426322937,1783347958.300334
734200,0.839928388595581,1783347964.666126
734300,0.8399884104728699,1783347970.7491493
734400,0.8400483727455139,1783347976.7758162
734500,0.8401083946228027,1783347982.8710542
734600,0.8401684165000916,1783347988.9018824
734700,0.8402283787727356,1783347994.988229
734800,0.8402884006500244,1783348001.3224325
734900,0.8403484225273132,1783348007.3917196
735000,0.8404083847999573,1783348013.60153
735100,0.8404684066772461,1783348019.6108086
735200,0.8405284285545349,1783348025.6093357
735300,0.840588390827179,1783348031.772463
735400,0.8406484127044678,1783348037.972553
735500,0.8407083749771118,1783348044.2403245
735600,0.8407683968544006,1783348050.6516545
735700,0.8408284187316895,1783348056.73361
735800,0.8408883810043335,1783348062.9445803
735900,0.8409484028816223,1783348068.9811544
736000,0.8410084247589111,1783348075.1592474
736100,0.8410683870315552,1783348081.355282
736200,0.841128408908844,1783348087.3402467
736300,0.841188371181488,1783348093.5472403
736400,0.8412483930587769,1783348099.645551
736500,0.8413084149360657,1783348105.92046
736600,0.8413683772087097,1783348111.8828404
736700,0.8414283990859985,1783348117.9497552
736800,0.8414884209632874,1783348124.1237571
736900,0.8415483832359314,1783348130.386975
737000,0.8416084051132202,1783348136.3406923
737100,0.841668426990509,1783348142.473266
737200,0.8417283892631531,1783348148.6120968
737300,0.8417884111404419,1783348154.7458575
737400,0.8418483734130859,1783348160.8784037
737500,0.8419083952903748,1783348167.195704
737600,0.8419684171676636,1783348173.522653
737700,0.8420283794403076,1783348179.6365561
737800,0.8420884013175964,1783348185.717959
737900,0.8421484231948853,1783348191.742028
738000,0.8422083854675293,1783348198.1253853
738100,0.8422684073448181,1783348204.251714
738200,0.8423284292221069,1783348210.3068514
738300,0.842388391494751,1783348216.6661484
738400,0.8424484133720398,1783348222.715465
738500,0.8425083756446838,1783348228.9436278
738600,0.8425683975219727,1783348235.004947
738700,0.8426284193992615,1783348241.3532915
738800,0.8426883816719055,1783348247.5879445
738900,0.8427484035491943,1783348253.6525934
739000,0.8428084254264832,1783348259.9911132
739100,0.8428683876991272,1783348266.0877607
739200,0.842928409576416,1783348272.293545
739300,0.8429883718490601,1783348278.490864
739400,0.8430483937263489,1783348284.6989303
739500,0.8431084156036377,1783348290.7716727
739600,0.8431683778762817,1783348296.8620088
739700,0.8432283997535706,1783348303.1086853
739800,0.8432884216308594,1783348309.1370723
739900,0.8433483839035034,1783348315.5401495
740000,0.8434084057807922,1783348321.9154484
740100,0.843468427658081,1783348328.1886327
740200,0.8435283899307251,1783348334.2062047
740300,0.8435884118080139,1783348340.386211
740400,0.843648374080658,1783348346.9185693
740500,0.8437083959579468,1783348353.3060424
740600,0.8437684178352356,1783348359.4817264
740700,0.8438283801078796,1783348365.4767296
740800,0.8438884019851685,1783348371.8703675
740900,0.8439484238624573,1783348378.0013084
741000,0.8440083861351013,1783348384.449654
741100,0.8440684080123901,1783348390.5710506
741200,0.8441283702850342,1783348396.7201912
741300,0.844188392162323,1783348402.7592459
741400,0.8442484140396118,1783348408.9908059
741500,0.8443083763122559,1783348415.3436592
741600,0.8443683981895447,1783348421.4610963
741700,0.8444284200668335,1783348428.037197
741800,0.8444883823394775,1783348434.2484565
741900,0.8445484042167664,1783348440.5301607
742000,0.8446084260940552,1783348446.7571108
742100,0.8446683883666992,1783348453.0475607
742200,0.844728410243988,1783348459.1247084
742300,0.8447883725166321,1783348465.458304
742400,0.8448483943939209,1783348471.58763
742500,0.8449084162712097,1783348477.5880766
742600,0.8449683785438538,1783348483.6709745
742700,0.8450284004211426,1783348490.035182
742800,0.8450884222984314,1783348496.1353104
742900,0.8451483845710754,1783348502.479537
743000,0.8452084064483643,1783348508.6998868
743100,0.8452684283256531,1783348514.8924088
743200,0.8453283905982971,1783348520.9023387
743300,0.8453884124755859,1783348527.0018735
743400,0.84544837474823,1783348533.0021
743500,0.8455083966255188,1783348539.142351
743600,0.8455684185028076,1783348545.3218029
743700,0.8456283807754517,1783348551.4492261
743800,0.8456884026527405,1783348557.6355245
743900,0.8457484245300293,1783348563.679698
744000,0.8458083868026733,1783348570.2433884
744100,0.8458684086799622,1783348576.365343
744200,0.8459283709526062,1783348582.8200219
744300,0.845988392829895,1783348589.1535592
744400,0.8460484147071838,1783348595.3370094
744500,0.8461083769798279,1783348601.8909376
744600,0.8461683988571167,1783348608.1000364
744700,0.8462284207344055,1783348614.6693685
744800,0.8462883830070496,1783348620.8337872
744900,0.8463484048843384,1783348627.0775692
745000,0.8464084267616272,1783348633.4018047
745100,0.8464683890342712,1783348639.4575727
745200,0.8465284109115601,1783348645.734888
745300,0.8465883731842041,1783348651.8963566
745400,0.8466483950614929,1783348658.0526223
745500,0.8467084169387817,1783348664.0848873
745600,0.8467683792114258,1783348670.1908839
745700,0.8468284010887146,1783348676.3906636
745800,0.8468884229660034,1783348682.8544302
745900,0.8469483852386475,1783348689.1374695
746000,0.8470084071159363,1783348695.1075542
746100,0.8470684289932251,1783348701.1516094
746200,0.8471283912658691,1783348707.4794717
746300,0.847188413143158,1783348713.5357783
746400,0.847248375415802,1783348719.6430333
746500,0.8473083972930908,1783348725.8771787
746600,0.8473684191703796,1783348731.933276
746700,0.8474283814430237,1783348738.2517335
746800,0.8474884033203125,1783348744.5493822
746900,0.8475484251976013,1783348750.6387799
747000,0.8476083874702454,1783348756.985523
747100,0.8476684093475342,1783348763.1570873
747200,0.8477283716201782,1783348769.3579717
747300,0.847788393497467,1783348775.382953
747400,0.8478484153747559,1783348781.4864364
747500,0.8479083776473999,1783348787.4050155
747600,0.8479683995246887,1783348793.5789676
747700,0.8480284214019775,1783348799.5073404
747800,0.8480883836746216,1783348805.4984725
747900,0.8481484055519104,1783348811.997024
748000,0.8482084274291992,1783348818.138629
748100,0.8482683897018433,1783348824.4394865
748200,0.8483284115791321,1783348830.5641203
748300,0.8483883738517761,1783348836.737113
748400,0.8484483957290649,1783348843.1962664
748500,0.8485084176063538,1783348849.239636
748600,0.8485683798789978,1783348855.4190114
748700,0.8486284017562866,1783348861.745375
748800,0.8486884236335754,1783348867.9602976
748900,0.8487483859062195,1783348874.2206638
749000,0.8488084077835083,1783348880.4038413
749100,0.8488684296607971,1783348886.4698935
749200,0.8489283919334412,1783348892.5794046
749300,0.84898841381073,1783348898.7253156
749400,0.849048376083374,1783348904.9167979
749500,0.8491083979606628,1783348911.0307868
749600,0.8491684198379517,1783348917.3377836
749700,0.8492283821105957,1783348923.420707
749800,0.8492884039878845,1783348929.644654
749900,0.8493484258651733,1783348935.9661164
750000,0.8494101762771606,1783428747.0253558
750100,0.8494701981544495,1783428905.5268748
750200,0.8495302200317383,1783428911.3247247
750300,0.8495901823043823,1783428917.197611
750400,0.8496502041816711,1783428922.9495406
750500,0.84971022605896,1783428928.93816
750600,0.849770188331604,1783428934.7889397
750700,0.8498302102088928,1783428940.9829867
750800,0.8498901724815369,1783428946.8264022
750900,0.8499501943588257,1783428952.8573384
751000,0.8500102162361145,1783428958.7309012
751100,0.8500701785087585,1783428965.0142272
751200,0.8501302003860474,1783428971.1663811
751300,0.8501902222633362,1783428977.2024949
751400,0.8502501845359802,1783428983.4727793
751500,0.850310206413269,1783428989.8117967
751600,0.8503702282905579,1783428995.9831107
751700,0.8504301905632019,1783429002.073884
751800,0.8504902124404907,1783429008.3503497
751900,0.8505501747131348,1783429014.5321188
752000,0.8506101965904236,1783429020.8507726
752100,0.8506702184677124,1783429027.263141
752200,0.8507301807403564,1783429033.4423845
752300,0.8507902026176453,1783429039.995165
752400,0.8508502244949341,1783429046.06714
752500,0.8509101867675781,1783429052.5085275
752600,0.8509702086448669,1783429058.9109793
752700,0.851030170917511,1783429065.242187
752800,0.8510901927947998,1783429071.419552
752900,0.8511502146720886,1783429077.8517525
753000,0.8512101769447327,1783429084.0870261
753100,0.8512701988220215,1783429090.2060409
753200,0.8513302206993103,1783429096.312647
753300,0.8513901829719543,1783429102.4467545
753400,0.8514502048492432,1783429108.572534
753500,0.851510226726532,1783429114.8953993
753600,0.851570188999176,1783429121.252293
753700,0.8516302108764648,1783429127.6010501
753800,0.8516901731491089,1783429133.924163
753900,0.8517501950263977,1783429140.0863895
754000,0.8518102169036865,1783429146.5207362
754100,0.8518701791763306,1783429152.564119
754200,0.8519302010536194,1783429158.8468902
754300,0.8519902229309082,1783429165.4651968
754400,0.8520501852035522,1783429171.7048147
754500,0.8521102070808411,1783429177.9094653
754600,0.8521702289581299,1783429184.161011
754700,0.8522301912307739,1783429190.2296836
754800,0.8522902131080627,1783429196.6733572
754900,0.8523501753807068,1783429202.698368
755000,0.8524101972579956,1783429209.0715382
755100,0.8524702191352844,1783429215.3584208
755200,0.8525301814079285,1783429221.8711436
755300,0.8525902032852173,1783429228.2541595
755400,0.8526502251625061,1783429234.5299985
755500,0.8527101874351501,1783429240.8006558
755600,0.852770209312439,1783429247.219366
755700,0.852830171585083,1783429253.4622777
755800,0.8528901934623718,1783429259.989615
755900,0.8529502153396606,1783429266.1061292
756000,0.8530101776123047,1783429272.2145994
756100,0.8530701994895935,1783429278.8276453
756200,0.8531302213668823,1783429285.1160195
756300,0.8531901836395264,1783429291.3161912
756400,0.8532502055168152,1783429297.5383148
756500,0.853310227394104,1783429304.2827086
756600,0.853370189666748,1783429310.426613
756700,0.8534302115440369,1783429316.7621448
756800,0.8534901738166809,1783429322.947781
756900,0.8535501956939697,1783429329.1313286
757000,0.8536102175712585,1783429335.3822727
757100,0.8536701798439026,1783429341.8380475
757200,0.8537302017211914,1783429348.2431483
757300,0.8537902235984802,1783429354.7440145
757400,0.8538501858711243,1783429360.9227984
757500,0.8539102077484131,1783429367.3419664
757600,0.8539702296257019,1783429373.3427436
757700,0.854030191898346,1783429379.7800553
757800,0.8540902137756348,1783429385.9179134
757900,0.8541501760482788,1783429392.3227866
758000,0.8542101979255676,1783429398.641877
758100,0.8542702198028564,1783429404.697077
758200,0.8543301820755005,1783429411.1823132
758300,0.8543902039527893,1783429417.4854527
758400,0.8544502258300781,1783429423.62949
758500,0.8545101881027222,1783429430.099408
758600,0.854570209980011,1783429436.2827625
758700,0.854630172252655,1783429442.720293
758800,0.8546901941299438,1783429449.1092837
758900,0.8547502160072327,1783429455.4926705
759000,0.8548101782798767,1783429461.7403414
759100,0.8548702001571655,1783429467.8621724
759200,0.8549302220344543,1783429474.1489022
759300,0.8549901843070984,1783429480.4409463
759400,0.8550502061843872,1783429486.6789935
759500,0.855110228061676,1783429492.8075361
759600,0.8551701903343201,1783429499.0613503
759700,0.8552302122116089,1783429505.2394953
759800,0.8552901744842529,1783429511.5781605
759900,0.8553501963615417,1783429517.8760982
760000,0.8554102182388306,1783429524.142966
760100,0.8554701805114746,1783429530.4441402
760200,0.8555302023887634,1783429536.8944476
760300,0.8555902242660522,1783429543.3536346
760400,0.8556501865386963,1783429549.6829364
760500,0.8557102084159851,1783429555.7954423
760600,0.8557701706886292,1783429562.160185
760700,0.855830192565918,1783429568.304664
760800,0.8558902144432068,1783429574.4603856
760900,0.8559501767158508,1783429580.8622656
761000,0.8560101985931396,1783429586.9339437
761100,0.8560702204704285,1783429593.0583746
761200,0.8561301827430725,1783429599.288523
761300,0.8561902046203613,1783429605.5519383
761400,0.8562502264976501,1783429611.8356774
761500,0.8563101887702942,1783429617.8547845
761600,0.856370210647583,1783429624.2168567
761700,0.856430172920227,1783429630.4894414
761800,0.8564901947975159,1783429636.611049
761900,0.8565502166748047,1783429642.9652734
762000,0.8566101789474487,1783429649.0710444
762100,0.8566702008247375,1783429655.2931952
762200,0.8567302227020264,1783429661.392054
762300,0.8567901849746704,1783429667.575151
762400,0.8568502068519592,1783429673.6174142
762500,0.856910228729248,1783429679.8959053
762600,0.8569701910018921,1783429686.431627
762700,0.8570302128791809,1783429693.218612
762800,0.857090175151825,1783429699.5183206
762900,0.8571501970291138,1783429705.8071296
763000,0.8572102189064026,1783429712.1196556
763100,0.8572701811790466,1783429718.4726453
763200,0.8573302030563354,1783429724.543349
763300,0.8573902249336243,1783429730.5847404
763400,0.8574501872062683,1783429736.848339
763500,0.8575102090835571,1783429743.0071251
763600,0.8575701713562012,1783429749.1109457
763700,0.85763019323349,1783429755.214308
763800,0.8576902151107788,1783429761.4559572
763900,0.8577501773834229,1783429767.7125895
764000,0.8578101992607117,1783429773.881987
764100,0.8578702211380005,1783429780.241456
764200,0.8579301834106445,1783429786.742372
764300,0.8579902052879333,1783429793.0197787
764400,0.8580502271652222,1783429799.4830668
764500,0.8581101894378662,1783429805.5330255
764600,0.858170211315155,1783429811.9756002
764700,0.8582301735877991,1783429818.2538323
764800,0.8582901954650879,1783429824.5053396
764900,0.8583502173423767,1783429830.7037945
765000,0.8584101796150208,1783429836.9041264
765100,0.8584702014923096,1783429843.1412783
765200,0.8585302233695984,1783429849.5314052
765300,0.8585901856422424,1783429855.639154
765400,0.8586502075195312,1783429861.9446416
765500,0.8587102293968201,1783429867.9684632
765600,0.8587701916694641,1783429874.1892064
765700,0.8588302135467529,1783429880.367062
765800,0.858890175819397,1783429886.4039323
765900,0.8589501976966858,1783429892.5379353
766000,0.8590102195739746,1783429898.4788578
766100,0.8590701818466187,1783429904.7196987
766200,0.8591302037239075,1783429910.7000766
766300,0.8591902256011963,1783429916.9850333
766400,0.8592501878738403,1783429922.9396837
766500,0.8593102097511292,1783429929.3072863
766600,0.8593701720237732,1783429935.4705398
766700,0.859430193901062,1783429941.495512
766800,0.8594902157783508,1783429947.684197
766900,0.8595501780509949,1783429953.8753777
767000,0.8596101999282837,1783429959.9827182
767100,0.8596702218055725,1783429966.3199327
767200,0.8597301840782166,1783429972.3014884
767300,0.8597902059555054,1783429978.909564
767400,0.8598502278327942,1783429984.9205692
767500,0.8599101901054382,1783429991.0404503
767600,0.859970211982727,1783429997.124217
767700,0.8600301742553711,1783430003.2600667
767800,0.8600901961326599,1783430009.1067202
767900,0.8601502180099487,1783430015.0212007
768000,0.8602101802825928,1783430021.215278
768100,0.8602702021598816,1783430027.4026926
768200,0.8603302240371704,1783430033.4863915
768300,0.8603901863098145,1783430039.610671
768400,0.8604502081871033,1783430045.530353
768500,0.8605101704597473,1783430051.8273144
768600,0.8605701923370361,1783430058.0057266
768700,0.860630214214325,1783430064.5276916
768800,0.860690176486969,1783430071.031579
768900,0.8607501983642578,1783430077.4738266
769000,0.8608102202415466,1783430084.3828783
769100,0.8608701825141907,1783430090.775776
769200,0.8609302043914795,1783430097.1838207
769300,0.8609902262687683,1783430103.730824
769400,0.8610501885414124,1783430110.462586
769500,0.8611102104187012,1783430117.1706536
769600,0.8611701726913452,1783430123.8114219
769700,0.861230194568634,1783430130.1751347
769800,0.8612902164459229,1783430136.4695888
769900,0.8613501787185669,1783430143.3178387
770000,0.8614102005958557,1783430149.8745065
770100,0.8614702224731445,1783430156.3448038
770200,0.8615301847457886,1783430162.7143464
770300,0.8615902066230774,1783430169.1409354
770400,0.8616502285003662,1783430175.6035614
770500,0.8617101907730103,1783430182.3263078
770600,0.8617702126502991,1783430188.9353616
770700,0.8618301749229431,1783430195.091151
770800,0.8618901968002319,1783430201.3678577
770900,0.8619502186775208,1783430207.8133807
771000,0.8620101809501648,1783430213.9858181
771100,0.8620702028274536,1783430220.2479894
771200,0.8621302247047424,1783430226.652381
771300,0.8621901869773865,1783430233.0124261
771400,0.8622502088546753,1783430239.2451386
771500,0.8623101711273193,1783430245.4660146
771600,0.8623701930046082,1783430251.7050195
771700,0.862430214881897,1783430258.2314904
771800,0.862490177154541,1783430264.9903808
771900,0.8625501990318298,1783430271.6356854
772000,0.8626102209091187,1783430278.2622187
772100,0.8626701831817627,1783430284.676351
772200,0.8627302050590515,1783430291.3592203
772300,0.8627902269363403,1783430297.5892427
772400,0.8628501892089844,1783430304.0986779
772500,0.8629102110862732,1783430310.7866902
772600,0.8629701733589172,1783430317.625423
772700,0.863030195236206,1783430324.4716513
772800,0.8630902171134949,1783430330.8877354
772900,0.8631501793861389,1783430337.6596115
773000,0.8632102012634277,1783430344.1287224
773100,0.8632702231407166,1783430350.3801825
773200,0.8633301854133606,1783430356.7213588
773300,0.8633902072906494,1783430362.829153
773400,0.8634502291679382,1783430368.9200134
773500,0.8635101914405823,1783430375.2009473
773600,0.8635702133178711,1783430381.7710721
773700,0.8636301755905151,1783430387.7355428
773800,0.863690197467804,1783430393.662536
773900,0.8637502193450928,1783430399.986467
774000,0.8638101816177368,1783430406.5022464
774100,0.8638702034950256,1783430412.574728
774200,0.8639302253723145,1783430418.8020127
774300,0.8639901876449585,1783430425.2555184
774400,0.8640502095222473,1783430431.5508091
774500,0.8641101717948914,1783430438.2049377
774600,0.8641701936721802,1783430444.9918635
774700,0.864230215549469,1783430451.5290983
774800,0.864290177822113,1783430458.3058083
774900,0.8643501996994019,1783430464.864219
775000,0.8644102215766907,1783430471.2268093
775100,0.8644701838493347,1783430636.2699127
775200,0.8645302057266235,1783430642.3450246
775300,0.8645902276039124,1783430648.5018303
775400,0.8646501898765564,1783430654.7642593
775500,0.8647102117538452,1783430660.9527624
775600,0.8647701740264893,1783430667.0720866
775700,0.8648301959037781,1783430673.4989657
775800,0.8648902177810669,1783430679.6466181
775900,0.8649501800537109,1783430686.0421753
776000,0.8650102019309998,1783430692.1289756
776100,0.8650702238082886,1783430698.3789964
776200,0.8651301860809326,1783430704.906678
776300,0.8651902079582214,1783430711.3707678
776400,0.8652501702308655,1783430717.6085083
776500,0.8653101921081543,1783430723.6387925
776600,0.8653702139854431,1783430729.881259
776700,0.8654301762580872,1783430736.0011206
776800,0.865490198135376,1783430742.1065757
776900,0.8655502200126648,1783430748.3318377
777000,0.8656101822853088,1783430754.4856014
777100,0.8656702041625977,1783430760.7622898
777200,0.8657302260398865,1783430767.182858
777300,0.8657901883125305,1783430773.087752
777400,0.8658502101898193,1783430779.063302
777500,0.8659101724624634,1783430785.332911
777600,0.8659701943397522,1783430791.5412862
777700,0.866030216217041,1783430797.5910735
777800,0.8660901784896851,1783430803.8117363
777900,0.8661502003669739,1783430809.6880574
778000,0.8662102222442627,1783430815.9040942
778100,0.8662701845169067,1783430822.1680684
778200,0.8663302063941956,1783430828.2110472
778300,0.8663902282714844,1783430834.119963
778400,0.8664501905441284,1783430840.4126287
778500,0.8665102124214172,1783430846.5930214
778600,0.8665701746940613,1783430852.5972204
778700,0.8666301965713501,1783430858.8367403
778800,0.8666902184486389,1783430864.793741
778900,0.866750180721283,1783430871.0993583
779000,0.8668102025985718,1783430877.3166869
779100,0.8668702244758606,1783430883.3575976
779200,0.8669301867485046,1783430889.4432783
779300,0.8669902086257935,1783430895.5299084
779400,0.8670501708984375,1783430901.9376123
779500,0.8671101927757263,1783430908.0923984
779600,0.8671702146530151,1783430914.250418
779700,0.8672301769256592,1783430920.3980398
779800,0.867290198802948,1783430926.7785604
779900,0.8673502206802368,1783430933.1438413
780000,0.8674101829528809,1783430939.420163
780100,0.8674702048301697,1783430945.4941108
780200,0.8675302267074585,1783430951.4784644
780300,0.8675901889801025,1783430957.9097342
780400,0.8676502108573914,1783430964.3319626
780500,0.8677101731300354,1783430970.5502052
780600,0.8677701950073242,1783430976.593286
780700,0.867830216884613,1783430982.894688
780800,0.8678901791572571,1783430989.4359865
780900,0.8679502010345459,1783430995.8429213
781000,0.8680102229118347,1783431002.2320957
781100,0.8680701851844788,1783431008.6037483
781200,0.8681302070617676,1783431014.9543328
781300,0.8681902289390564,1783431021.0998633
781400,0.8682501912117004,1783431027.486038
781500,0.8683102130889893,1783431033.7359428
781600,0.8683701753616333,1783431040.0350285
781700,0.8684301972389221,1783431046.24161
781800,0.8684902191162109,1783431052.483242
781900,0.868550181388855,1783431059.0085666
782000,0.8686102032661438,1783431064.9322777
782100,0.8686702251434326,1783431071.157723
782200,0.8687301874160767,1783431077.4999833
782300,0.8687902092933655,1783431083.7965481
782400,0.8688501715660095,1783431090.2922459
782500,0.8689101934432983,1783431096.7505083
782600,0.8689702153205872,1783431103.0187993
782700,0.8690301775932312,1783431109.4594996
782800,0.86909019947052,1783431116.301312
782900,0.8691502213478088,1783431122.3533187
783000,0.8692101836204529,1783431128.4175248
783100,0.8692702054977417,1783431134.59106
783200,0.8693302273750305,1783431140.8615816
783300,0.8693901896476746,1783431147.3224115
783400,0.8694502115249634,1783431153.2427316
783500,0.8695101737976074,1783431159.2504702
783600,0.8695701956748962,1783431165.2311814
783700,0.8696302175521851,1783431171.4750166
783800,0.8696901798248291,1783431177.5523303
783900,0.8697502017021179,1783431183.702544
784000,0.8698102235794067,1783431190.1586473
784100,0.8698701858520508,1783431196.2406833
784200,0.8699302077293396,1783431202.204173
784300,0.8699902296066284,1783431208.267965
784400,0.8700501918792725,1783431214.5099082
784500,0.8701102137565613,1783431220.668217
784600,0.8701701760292053,1783431226.7733967
784700,0.8702301979064941,1783431232.9582376
784800,0.870290219783783,1783431239.1698422
784900,0.870350182056427,1783431245.4744189
785000,0.8704102039337158,1783431251.7742755
785100,0.8704702258110046,1783431258.105929
785200,0.8705301880836487,1783431264.401612
785300,0.8705902099609375,1783431270.6561506
785400,0.8706501722335815,1783431277.0461502
785500,0.8707101941108704,1783431283.1592135
785600,0.8707702159881592,1783431289.5034254
785700,0.8708301782608032,1783431295.7450933
785800,0.870890200138092,1783431301.7824337
785900,0.8709502220153809,1783431308.0230722
786000,0.8710101842880249,1783431314.2048247
786100,0.8710702061653137,1783431320.5063608
786200,0.8711302280426025,1783431326.7733114
786300,0.8711901903152466,1783431332.9510818
786400,0.8712502121925354,1783431339.096741
786500,0.8713101744651794,1783431345.2334437
786600,0.8713701963424683,1783431351.2863545
786700,0.8714302182197571,1783431357.454559
786800,0.8714901804924011,1783431363.6870801
786900,0.8715502023696899,1783431369.961608
787000,0.8716102242469788,1783431376.2329502
787100,0.8716701865196228,1783431382.4562898
787200,0.8717302083969116,1783431388.5693579
787300,0.8717901706695557,1783431394.7130072
787400,0.8718501925468445,1783431400.7860405
787500,0.8719102144241333,1783431406.7532988
787600,0.8719701766967773,1783431413.4748156
787700,0.8720301985740662,1783431419.6535873
787800,0.872090220451355,1783431425.8418226
787900,0.872150182723999,1783431431.8636377
788000,0.8722102046012878,1783431438.1541872
788100,0.8722702264785767,1783431444.434845
788200,0.8723301887512207,1783431450.6600013
788300,0.8723902106285095,1783431457.1505861
788400,0.8724501729011536,1783431463.1346357
788500,0.8725101947784424,1783431469.3708236
788600,0.8725702166557312,1783431475.4813519
788700,0.8726301789283752,1783431481.683993
788800,0.8726902008056641,1783431487.7935495
788900,0.8727502226829529,1783431494.1361299
789000,0.8728101849555969,1783431500.1748447
789100,0.8728702068328857,1783431506.4207375
789200,0.8729302287101746,1783431512.812392
789300,0.8729901909828186,1783431518.946796
789400,0.8730502128601074,1783431525.1923747
789500,0.8731101751327515,1783431531.3480527
789600,0.8731701970100403,1783431537.5283587
789700,0.8732302188873291,1783431543.8998916
789800,0.8732901811599731,1783431550.072718
789900,0.873350203037262,1783431556.182313
790000,0.8734102249145508,1783431562.3200502
790100,0.8734701871871948,1783431568.4271085
790200,0.8735302090644836,1783431574.8476968
790300,0.8735901713371277,1783431581.0810041
790400,0.8736501932144165,1783431587.4356127
790500,0.8737102150917053,1783431593.60389
790600,0.8737701773643494,1783431599.5974917
790700,0.8738301992416382,1783431605.8425844
790800,0.873890221118927,1783431611.8414364
790900,0.873950183391571,1783431618.2243505
791000,0.8740102052688599,1783431624.447171
791100,0.8740702271461487,1783431630.768929
791200,0.8741301894187927,1783431637.0760474
791300,0.8741902112960815,1783431643.2193222
791400,0.8742501735687256,1783431649.1127496
791500,0.8743101954460144,1783431655.2818315
791600,0.8743702173233032,1783431661.5839276
791700,0.8744301795959473,1783431667.6418443
791800,0.8744902014732361,1783431673.9199169
791900,0.8745502233505249,1783431680.0605931
792000,0.874610185623169,1783431685.9899535
792100,0.8746702075004578,1783431692.2326765
792200,0.8747302293777466,1783431698.2927306
792300,0.8747901916503906,1783431704.434109
792400,0.8748502135276794,1783431710.8084135
792500,0.8749101758003235,1783431716.902236
792600,0.8749701976776123,1783431723.225468
792700,0.8750302195549011,1783431729.299624
792800,0.8750901818275452,1783431735.5512762
792900,0.875150203704834,1783431741.5208092
793000,0.8752102255821228,1783431747.5998437
793100,0.8752701878547668,1783431753.776475
793200,0.8753302097320557,1783431760.0283742
793300,0.8753901720046997,1783431766.115633
793400,0.8754501938819885,1783431772.4998202
793500,0.8755102157592773,1783431778.5851777
793600,0.8755701780319214,1783431784.9145687
793700,0.8756301999092102,1783431791.0780919
793800,0.875690221786499,1783431797.2576685
793900,0.8757501840591431,1783431803.6627755
794000,0.8758102059364319,1783431810.1506243
794100,0.8758702278137207,1783431816.581529
794200,0.8759301900863647,1783431822.6315334
794300,0.8759902119636536,1783431828.8149817
794400,0.8760501742362976,1783431835.1610866
794500,0.8761101961135864,1783431841.2800968
794600,0.8761702179908752,1783431847.5973926
794700,0.8762301802635193,1783431853.8515856
794800,0.8762902021408081,1783431859.9673104
794900,0.8763502240180969,1783431866.41136
795000,0.876410186290741,1783431872.6926146
795100,0.8764702081680298,1783431878.8347735
795200,0.8765301704406738,1783431885.0520937
795300,0.8765901923179626,1783431891.1995437
795400,0.8766502141952515,1783431897.4609375
795500,0.8767101764678955,1783431903.9358306
795600,0.8767701983451843,1783431910.2579148
795700,0.8768302202224731,1783431916.2691083
795800,0.8768901824951172,1783431922.3747678
795900,0.876950204372406,1783431928.594202
796000,0.8770102262496948,1783431934.7187786
796100,0.8770701885223389,1783431940.974792
796200,0.8771302103996277,1783431947.1951993
796300,0.8771901726722717,1783431953.3467867
796400,0.8772501945495605,1783431959.8083663
796500,0.8773102164268494,1783431966.0193021
796600,0.8773701786994934,1783431972.3928888
796700,0.8774302005767822,1783431978.6919906
796800,0.877490222454071,1783431984.8095436
796900,0.8775501847267151,1783431991.198671
797000,0.8776102066040039,1783431997.5344234
797100,0.8776702284812927,1783432003.9598508
797200,0.8777301907539368,1783432010.31838
797300,0.8777902126312256,1783432016.7789223
797400,0.8778501749038696,1783432022.8438663
797500,0.8779101967811584,1783432028.9195042
797600,0.8779702186584473,1783432035.3583705
797700,0.8780301809310913,1783432041.3442688
797800,0.8780902028083801,1783432047.7555876
797900,0.878150224685669,1783432053.808084
798000,0.878210186958313,1783432060.0085328
798100,0.8782702088356018,1783432066.2139041
798200,0.8783301711082458,1783432072.29802
798300,0.8783901929855347,1783432078.530334
798400,0.8784502148628235,1783432084.6293552
798500,0.8785101771354675,1783432090.878752
798600,0.8785701990127563,1783432097.1827538
798700,0.8786302208900452,1783432103.2674417
798800,0.8786901831626892,1783432109.5439918
798900,0.878750205039978,1783432115.8919644
799000,0.8788102269172668,1783432122.1820576
799100,0.8788701891899109,1783432128.5941677
799200,0.8789302110671997,1783432134.819347
799300,0.8789901733398438,1783432141.1249475
799400,0.8790501952171326,1783432147.2118325
799500,0.8791102170944214,1783432153.643201
799600,0.8791701793670654,1783432159.9380608
799700,0.8792302012443542,1783432166.4313807
799800,0.8792902231216431,1783432172.5171056
799900,0.8793501853942871,1783432179.0439968
800000,0.8794102072715759,1783432185.192377
800100,0.8794702291488647,1783432350.8886805
800200,0.8795301914215088,1783432357.2208273
800300,0.8795902132987976,1783432363.4035113
800400,0.8796501755714417,1783432369.460743
800500,0.8797101974487305,1783432375.5472746
800600,0.8797702193260193,1783432381.8762927
800700,0.8798301815986633,1783432387.9917712
800800,0.8798902034759521,1783432394.216342
800900,0.879950225353241,1783432400.602194
801000,0.880010187625885,1783432406.9143646
801100,0.8800702095031738,1783432413.052759
801200,0.8801301717758179,1783432419.2301545
801300,0.8801901936531067,1783432425.3952026
801400,0.8802502155303955,1783432431.5812507
801500,0.8803101778030396,1783432437.842349
801600,0.8803701996803284,1783432443.9898534
801700,0.8804302215576172,1783432450.272498
801800,0.8804901838302612,1783432456.462489
801900,0.88055020570755,1783432462.8666282
802000,0.8806102275848389,1783432469.0928614
802100,0.8806701898574829,1783432475.3474832
802200,0.8807302117347717,1783432481.5306952
802300,0.8807901740074158,1783432487.6508281
802400,0.8808501958847046,1783432494.0450933
802500,0.8809102177619934,1783432500.347805
802600,0.8809701800346375,1783432506.3788626
802700,0.8810302019119263,1783432512.6025052
802800,0.8810902237892151,1783432518.8385394
802900,0.8811501860618591,1783432525.282463
803000,0.881210207939148,1783432531.4440765
803100,0.881270170211792,1783432537.8245819
803200,0.8813301920890808,1783432544.2973776
803300,0.8813902139663696,1783432550.75237
803400,0.8814501762390137,1783432556.8825886
803500,0.8815101981163025,1783432563.3419666
803600,0.8815702199935913,1783432569.7912638
803700,0.8816301822662354,1783432576.249117
803800,0.8816902041435242,1783432582.614797
803900,0.881750226020813,1783432589.0018036
804000,0.881810188293457,1783432595.1333208
804100,0.8818702101707458,1783432601.2199724
804200,0.8819301724433899,1783432607.5196557
804300,0.8819901943206787,1783432613.9983907
804400,0.8820502161979675,1783432620.2882564
804500,0.8821101784706116,1783432626.6184082
804600,0.8821702003479004,1783432632.8096237
804700,0.8822302222251892,1783432639.1652067
804800,0.8822901844978333,1783432645.712715
804900,0.8823502063751221,1783432651.9300647
805000,0.8824102282524109,1783432658.387288
805100,0.8824701905250549,1783432664.476069
805200,0.8825302124023438,1783432670.557912
805300,0.8825901746749878,1783432676.7671492
805400,0.8826501965522766,1783432682.979594
805500,0.8827102184295654,1783432689.3097413
805600,0.8827701807022095,1783432695.9559135
805700,0.8828302025794983,1783432701.6434543
805800,0.8828902244567871,1783432707.5156324
805900,0.8829501867294312,1783432713.428437
806000,0.88301020860672,1783432719.1953115
806100,0.883070170879364,1783432724.9295776
806200,0.8831301927566528,1783432731.14809
806300,0.8831902146339417,1783432737.2152932
806400,0.8832501769065857,1783432743.384496
806500,0.8833101987838745,1783432749.6377728
806600,0.8833702206611633,1783432755.7606738
806700,0.8834301829338074,1783432762.0131063
806800,0.8834902048110962,1783432768.1576276
806900,0.883550226688385,1783432774.4798775
807000,0.883610188961029,1783432780.5072262
807100,0.8836702108383179,1783432786.6396465
807200,0.8837301731109619,1783432793.0487313
807300,0.8837901949882507,1783432799.074792
807400,0.8838502168655396,1783432805.308355
807500,0.8839101791381836,1783432811.4667804
807600,0.8839702010154724,1783432817.873742
807700,0.8840302228927612,1783432823.9767022
807800,0.8840901851654053,1783432830.0914702
807900,0.8841502070426941,1783432836.0775502
808000,0.8842102289199829,1783432842.3976407
808100,0.884270191192627,1783432848.4118662
808200,0.8843302130699158,1783432854.803645
808300,0.8843901753425598,1783432861.1279056
808400,0.8844501972198486,1783432867.414353
808500,0.8845102190971375,1783432873.60741
808600,0.8845701813697815,1783432879.7275891
808700,0.8846302032470703,1783432886.1941283
808800,0.8846902251243591,1783432892.4150088
808900,0.8847501873970032,1783432898.6204326
809000,0.884810209274292,1783432905.1358883
809100,0.884870171546936,1783432911.402025
809200,0.8849301934242249,1783432917.8608696
809300,0.8849902153015137,1783432924.130147
809400,0.8850501775741577,1783432930.1321812
809500,0.8851101994514465,1783432936.5277522
809600,0.8851702213287354,1783432942.9024258
809700,0.8852301836013794,1783432949.1231587
809800,0.8852902054786682,1783432955.6446993
809900,0.885350227355957,1783432961.8836968
810000,0.8854101896286011,1783432968.0850508
810100,0.8854702115058899,1783432974.3526525
810200,0.8855301737785339,1783432980.5850706
810300,0.8855901956558228,1783432986.6425796
810400,0.8856502175331116,1783432992.8952763
810500,0.8857101798057556,1783432999.1194293
810600,0.8857702016830444,1783433005.174355
810700,0.8858302235603333,1783433011.6688926
810800,0.8858901858329773,1783433017.7439752
810900,0.8859502077102661,1783433024.2455819
811000,0.8860102295875549,1783433030.3292556
811100,0.886070191860199,1783433036.7430954
811200,0.8861302137374878,1783433043.1352324
811300,0.8861901760101318,1783433049.48128
811400,0.8862501978874207,1783433055.9289675
811500,0.8863102197647095,1783433062.1218626
811600,0.8863701820373535,1783433068.8480127
811700,0.8864302039146423,1783433075.0021417
811800,0.8864902257919312,1783433081.244357
811900,0.8865501880645752,1783433087.3130078
812000,0.886610209941864,1783433093.3819487
812100,0.8866701722145081,1783433100.0040853
812200,0.8867301940917969,1783433106.0286396
812300,0.8867902159690857,1783433112.2597842
812400,0.8868501782417297,1783433118.6052248
812500,0.8869102001190186,1783433124.5893662
812600,0.8869702219963074,1783433131.2372468
812700,0.8870301842689514,1783433137.5291796
812800,0.8870902061462402,1783433143.88948
812900,0.887150228023529,1783433150.0832682
813000,0.8872101902961731,1783433156.3628054
813100,0.8872702121734619,1783433162.7168164
813200,0.887330174446106,1783433168.9491012
813300,0.8873901963233948,1783433175.1257472
813400,0.8874502182006836,1783433181.2418413
813500,0.8875101804733276,1783433187.4304116
813600,0.8875702023506165,1783433193.5292141
813700,0.8876302242279053,1783433199.5688474
813800,0.8876901865005493,1783433205.8816407
813900,0.8877502083778381,1783433212.1930768
814000,0.8878101706504822,1783433218.6988196
814100,0.887870192527771,1783433225.2894323
814200,0.8879302144050598,1783433231.6387742
814300,0.8879901766777039,1783433237.6108077
814400,0.8880501985549927,1783433243.6944745
814500,0.8881102204322815,1783433249.7253754
814600,0.8881701827049255,1783433255.9948263
814700,0.8882302045822144,1783433262.3813891
814800,0.8882902264595032,1783433268.5419526
814900,0.8883501887321472,1783433274.8698082
815000,0.888410210609436,1783433281.330254
815100,0.8884701728820801,1783433287.6697357
815200,0.8885301947593689,1783433293.869138
815300,0.8885902166366577,1783433299.9886916
815400,0.8886501789093018,1783433306.2570605
815500,0.8887102007865906,1783433312.8718333
815600,0.8887702226638794,1783433318.8703852
815700,0.8888301849365234,1783433325.2903354
815800,0.8888902068138123,1783433331.2558312
815900,0.8889502286911011,1783433337.643407
816000,0.8890101909637451,1783433343.7569845
816100,0.8890702128410339,1783433350.32355
816200,0.889130175113678,1783433356.6011589
816300,0.8891901969909668,1783433362.8911893
816400,0.8892502188682556,1783433369.1340945
816500,0.8893101811408997,1783433375.1932878
816600,0.8893702030181885,1783433381.6421435
816700,0.8894302248954773,1783433387.8183997
816800,0.8894901871681213,1783433394.1372502
816900,0.8895502090454102,1783433400.5981426
817000,0.8896101713180542,1783433406.8434439
817100,0.889670193195343,1783433413.0458918
817200,0.8897302150726318,1783433419.1641233
817300,0.8897901773452759,1783433425.3293815
817400,0.8898501992225647,1783433431.4653978
817500,0.8899102210998535,1783433437.6598043
817600,0.8899701833724976,1783433443.828964
817700,0.8900302052497864,1783433449.8545415
817800,0.8900902271270752,1783433456.1444337
817900,0.8901501893997192,1783433462.4193528
818000,0.8902102112770081,1783433468.625253
818100,0.8902701735496521,1783433474.8060179
818200,0.8903301954269409,1783433481.0731497
818300,0.8903902173042297,1783433487.4383664
818400,0.8904501795768738,1783433493.8472528
818500,0.8905102014541626,1783433500.1443405
818600,0.8905702233314514,1783433506.7443216
818700,0.8906301856040955,1783433512.8907773
818800,0.8906902074813843,1783433519.17379
818900,0.8907502293586731,1783433525.2070467
819000,0.8908101916313171,1783433531.7139091
819100,0.890870213508606,1783433537.8976133
819200,0.89093017578125,1783433544.0210319
819300,0.8909901976585388,1783433550.2652314
819400,0.8910502195358276,1783433556.7591226
819500,0.8911101818084717,1783433563.0448804
819600,0.8911702036857605,1783433569.5495398
819700,0.8912302255630493,1783433575.8329391
819800,0.8912901878356934,1783433582.3522704
819900,0.8913502097129822,1783433588.9176543
820000,0.8914101719856262,1783433595.4722817
820100,0.891470193862915,1783433601.6227038
820200,0.8915302157402039,1783433607.9164004
820300,0.8915901780128479,1783433614.1328263
820400,0.8916501998901367,1783433620.5242167
820500,0.8917102217674255,1783433627.2539737
820600,0.8917701840400696,1783433633.4843614
820700,0.8918302059173584,1783433639.992526
820800,0.8918902277946472,1783433646.4936717
820900,0.8919501900672913,1783433652.8291175
821000,0.8920102119445801,1783433658.9154232
821100,0.8920701742172241,1783433665.4626389
821200,0.8921301960945129,1783433671.69836
821300,0.8921902179718018,1783433678.1557896
821400,0.8922501802444458,1783433684.2948532
821500,0.8923102021217346,1783433690.7917602
821600,0.8923702239990234,1783433697.1631918
821700,0.8924301862716675,1783433703.4992442
821800,0.8924902081489563,1783433709.926195
821900,0.8925501704216003,1783433716.3318868
822000,0.8926101922988892,1783433722.49332
822100,0.892670214176178,1783433728.720518
822200,0.892730176448822,1783433734.9769597
822300,0.8927901983261108,1783433741.0801818
822400,0.8928502202033997,1783433747.6129792
822500,0.8929101824760437,1783433753.6820576
822600,0.8929702043533325,1783433760.0872617
822700,0.8930302262306213,1783433766.3531458
822800,0.8930901885032654,1783433772.5302932
822900,0.8931502103805542,1783433778.866942
823000,0.8932101726531982,1783433785.1153493
823100,0.8932701945304871,1783433791.600995
823200,0.8933302164077759,1783433797.877383
823300,0.8933901786804199,1783433804.4167442
823400,0.8934502005577087,1783433810.7049809
823500,0.8935102224349976,1783433816.8531125
823600,0.8935701847076416,1783433823.1310005
823700,0.8936302065849304,1783433829.2560852
823800,0.8936902284622192,1783433835.7520785
823900,0.8937501907348633,1783433842.2871594
824000,0.8938102126121521,1783433848.5205088
824100,0.8938701748847961,1783433854.7381608
824200,0.893930196762085,1783433861.2686431
824300,0.8939902186393738,1783433867.5036619
824400,0.8940501809120178,1783433873.9953625
824500,0.8941102027893066,1783433880.4107122
824600,0.8941702246665955,1783433886.7997174
824700,0.8942301869392395,1783433892.980591
824800,0.8942902088165283,1783433899.4059858
824900,0.8943501710891724,1783433905.8052862
825000,0.8944101929664612,1783433911.9283814
825100,0.89447021484375,1783434098.9094367
825200,0.894530177116394,1783434104.931616
825300,0.8945901989936829,1783434110.9717252
825400,0.8946502208709717,1783434117.046504
825500,0.8947101831436157,1783434123.0820677
825600,0.8947702050209045,1783434129.266493
825700,0.8948302268981934,1783434135.440482
825800,0.8948901891708374,1783434141.8313184
825900,0.8949502110481262,1783434148.216721
826000,0.8950101733207703,1783434154.2942624
826100,0.8950701951980591,1783434160.4845
826200,0.8951302170753479,1783434166.7788138
826300,0.8951901793479919,1783434172.9299028
826400,0.8952502012252808,1783434179.224134
826500,0.8953102231025696,1783434185.6751285
826600,0.8953701853752136,1783434192.2330995
826700,0.8954302072525024,1783434198.395133
826800,0.8954902291297913,1783434204.6003797
826900,0.8955501914024353,1783434210.7312405
827000,0.8956102132797241,1783434216.966002
827100,0.8956701755523682,1783434223.214242
827200,0.895730197429657,1783434229.519531
827300,0.8957902193069458,1783434235.9383485
827400,0.8958501815795898,1783434242.3123317
827500,0.8959102034568787,1783434248.717233
827600,0.8959702253341675,1783434254.9196165
827700,0.8960301876068115,1783434261.0269034
827800,0.8960902094841003,1783434267.3123395
827900,0.8961501717567444,1783434273.538967
828000,0.8962101936340332,1783434279.7082868
828100,0.896270215511322,1783434285.9521012
828200,0.8963301777839661,1783434292.0907094
828300,0.8963901996612549,1783434298.4716265
828400,0.8964502215385437,1783434304.644155
828500,0.8965101838111877,1783434310.8377619
828600,0.8965702056884766,1783434316.8966491
828700,0.8966302275657654,1783434323.1627114
828800,0.8966901898384094,1783434329.408646
828900,0.8967502117156982,1783434335.9661984
829000,0.8968101739883423,1783434342.071397
829100,0.8968701958656311,1783434348.4312043
829200,0.8969302177429199,1783434354.719902
829300,0.896990180015564,1783434360.9272704
829400,0.8970502018928528,1783434367.0423057
829500,0.8971102237701416,1783434373.1197436
829600,0.8971701860427856,1783434379.320338
829700,0.8972302079200745,1783434385.4673126
829800,0.8972902297973633,1783434391.6006527
829900,0.8973501920700073,1783434397.8123324
830000,0.8974102139472961,1783434403.939498
830100,0.8974701762199402,1783434410.3322823
830200,0.897530198097229,1783434416.670646
830300,0.8975902199745178,1783434423.1182723
830400,0.8976501822471619,1783434429.3180392
830500,0.8977102041244507,1783434435.3455846
830600,0.8977702260017395,1783434441.468336
830700,0.8978301882743835,1783434447.5958076
830800,0.8978902101516724,1783434454.3145514
830900,0.8979501724243164,1783434460.574603
831000,0.8980101943016052,1783434466.657961
831100,0.898070216178894,1783434472.897662
831200,0.8981301784515381,1783434479.016399
831300,0.8981902003288269,1783434485.5177343
831400,0.8982502222061157,1783434491.6635633
831500,0.8983101844787598,1783434497.8644936
831600,0.8983702063560486,1783434504.135788
831700,0.8984302282333374,1783434510.838196
831800,0.8984901905059814,1783434517.0843482
831900,0.8985502123832703,1783434523.5671356
832000,0.8986101746559143,1783434530.1372478
832100,0.8986701965332031,1783434536.4190397
832200,0.8987302184104919,1783434542.8127122
832300,0.898790180683136,1783434549.0286684
832400,0.8988502025604248,1783434555.3013089
832500,0.8989102244377136,1783434561.4315588
832600,0.8989701867103577,1783434567.7192783
832700,0.8990302085876465,1783434573.9303908
832800,0.8990901708602905,1783434580.2890155
832900,0.8991501927375793,1783434586.6788075
833000,0.8992102146148682,1783434592.9331715
833100,0.8992701768875122,1783434599.0153015
833200,0.899330198764801,1783434605.1151512
833300,0.8993902206420898,1783434611.2027981
833400,0.8994501829147339,1783434617.5490744
833500,0.8995102047920227,1783434623.774526
833600,0.8995702266693115,1783434630.1783648
833700,0.8996301889419556,1783434636.3820467
833800,0.8996902108192444,1783434642.5439498
833900,0.8997501730918884,1783434648.9438808
834000,0.8998101949691772,1783434655.2227051
834100,0.8998702168464661,1783434661.3776836
834200,0.8999301791191101,1783434667.570022
834300,0.8999902009963989,1783434673.78559
834400,0.9000502228736877,1783434680.0086975
834500,0.9001101851463318,1783434686.0611758
834600,0.9001702070236206,1783434692.194381
834700,0.9002302289009094,1783434698.4381266
834800,0.9002901911735535,1783434704.7678661
834900,0.9003502130508423,1783434710.8888805
835000,0.9004101753234863,1783434717.073532
835100,0.9004701972007751,1783434723.134139
835200,0.900530219078064,1783434729.400726
835300,0.900590181350708,1783434735.4384413
835400,0.9006502032279968,1783434741.6400208
835500,0.9007102251052856,1783434747.9478788
835600,0.9007701873779297,1783434754.0230064
835700,0.9008302092552185,1783434760.1676672
835800,0.9008901715278625,1783434766.3831203
835900,0.9009501934051514,1783434772.5352511
836000,0.9010102152824402,1783434778.5667439
836100,0.9010701775550842,1783434784.850516
836200,0.901130199432373,1783434791.12923
836300,0.9011902213096619,1783434797.2605233
836400,0.9012501835823059,1783434803.7114613
836500,0.9013102054595947,1783434809.9651628
836600,0.9013702273368835,1783434816.3514376
836700,0.9014301896095276,1783434822.6678538
836800,0.9014902114868164,1783434828.8370972
836900,0.9015501737594604,1783434835.4159114
837000,0.9016101956367493,1783434841.8287933
837100,0.9016702175140381,1783434848.1445212
837200,0.9017301797866821,1783434854.428491
837300,0.901790201663971,1783434860.7528088
837400,0.9018502235412598,1783434866.8873186
837500,0.9019101858139038,1783434873.2174602
837600,0.9019702076911926,1783434879.4993324
837700,0.9020302295684814,1783434885.7983434
837800,0.9020901918411255,1783434891.9672816
837900,0.9021502137184143,1783434898.1705718
838000,0.9022101759910583,1783434904.4534535
838100,0.9022701978683472,1783434910.9686036
838200,0.902330219745636,1783434917.2598808
838300,0.90239018201828,1783434923.745145
838400,0.9024502038955688,1783434930.1188014
838500,0.9025102257728577,1783434936.6440983
838600,0.9025701880455017,1783434943.0444467
838700,0.9026302099227905,1783434949.4450123
838800,0.9026901721954346,1783434955.881019
838900,0.9027501940727234,1783434962.3787456
839000,0.9028102159500122,1783434968.3959658
839100,0.9028701782226562,1783434974.6731744
839200,0.9029302000999451,1783434981.0021667
839300,0.9029902219772339,1783434987.5750723
839400,0.9030501842498779,1783434994.2806008
839500,0.9031102061271667,1783435000.4955525
839600,0.9031702280044556,1783435006.7667146
839700,0.9032301902770996,1783435013.4044893
839800,0.9032902121543884,1783435019.5346913
839900,0.9033501744270325,1783435025.8111792
840000,0.9034101963043213,1783435032.0260656
840100,0.9034702181816101,1783435038.3790371
840200,0.9035301804542542,1783435044.8701916
840300,0.903590202331543,1783435051.2576087
840400,0.9036502242088318,1783435057.5702395
840500,0.9037101864814758,1783435063.9531488
840600,0.9037702083587646,1783435070.0712366
840700,0.9038301706314087,1783435076.316592
840800,0.9038901925086975,1783435082.727514
840900,0.9039502143859863,1783435089.1290672
841000,0.9040101766586304,1783435095.3856142
841100,0.9040701985359192,1783435101.628237
841200,0.904130220413208,1783435107.9319572
841300,0.904190182685852,1783435114.4932165
841400,0.9042502045631409,1783435120.699237
841500,0.9043102264404297,1783435126.9200227
841600,0.9043701887130737,1783435133.1756487
841700,0.9044302105903625,1783435139.683173
841800,0.9044901728630066,1783435145.8263466
841900,0.9045501947402954,1783435152.5482132
842000,0.9046102166175842,1783435159.0626929
842100,0.9046701788902283,1783435165.420363
842200,0.9047302007675171,1783435171.5959496
842300,0.9047902226448059,1783435178.1295094
842400,0.90485018491745,1783435184.3180969
842500,0.9049102067947388,1783435190.497849
842600,0.9049702286720276,1783435196.8249784
842700,0.9050301909446716,1783435203.2689824
842800,0.9050902128219604,1783435209.4864094
842900,0.9051501750946045,1783435215.6765983
843000,0.9052101969718933,1783435222.1159365
843100,0.9052702188491821,1783435228.7478728
843200,0.9053301811218262,1783435235.1306312
843300,0.905390202999115,1783435241.3179848
843400,0.9054502248764038,1783435247.5193608
843500,0.9055101871490479,1783435253.7591572
843600,0.9055702090263367,1783435259.942888
843700,0.9056301712989807,1783435266.1261733
843800,0.9056901931762695,1783435272.4638817
843900,0.9057502150535583,1783435278.7126982
844000,0.9058101773262024,1783435285.5123005
844100,0.9058701992034912,1783435291.887465
844200,0.90593022108078,1783435298.016724
844300,0.9059901833534241,1783435304.2923572
844400,0.9060502052307129,1783435310.3404703
844500,0.9061102271080017,1783435316.5766428
844600,0.9061701893806458,1783435322.8890429
844700,0.9062302112579346,1783435329.1492543
844800,0.9062901735305786,1783435335.4311585
844900,0.9063501954078674,1783435341.7039073
845000,0.9064102172851562,1783435348.0984213
845100,0.9064701795578003,1783435354.4113848
845200,0.9065302014350891,1783435360.6861742
845300,0.9065902233123779,1783435367.0144565
845400,0.906650185585022,1783435373.3495085
845500,0.9067102074623108,1783435379.4638026
845600,0.9067702293395996,1783435385.67461
845700,0.9068301916122437,1783435392.0898688
845800,0.9068902134895325,1783435398.1636946
845900,0.9069501757621765,1783435404.38039
846000,0.9070101976394653,1783435410.439135
846100,0.9070702195167542,1783435416.5354943
846200,0.9071301817893982,1783435422.7837722
846300,0.907190203666687,1783435428.8654454
846400,0.9072502255439758,1783435435.160603
846500,0.9073101878166199,1783435441.48791
846600,0.9073702096939087,1783435447.5150907
846700,0.9074301719665527,1783435453.7350104
846800,0.9074901938438416,1783435459.9928882
846900,0.9075502157211304,1783435466.07976
847000,0.9076101779937744,1783435472.327483
847100,0.9076701998710632,1783435478.806582
847200,0.907730221748352,1783435485.0845666
847300,0.9077901840209961,1783435491.2512345
847400,0.9078502058982849,1783435497.6078258
847500,0.9079102277755737,1783435503.7481842
847600,0.9079701900482178,1783435510.1894643
847700,0.9080302119255066,1783435516.5300484
847800,0.9080901741981506,1783435522.9758937
847900,0.9081501960754395,1783435529.1239161
848000,0.9082102179527283,1783435535.3614197
848100,0.9082701802253723,1783435541.9134536
848200,0.9083302021026611,1783435548.461188
848300,0.90839022397995,1783435554.8276415
848400,0.908450186252594,1783435561.0736957
848500,0.9085102081298828,1783435567.5259597
848600,0.9085701704025269,1783435573.7396104
848700,0.9086301922798157,1783435580.036723
848800,0.9086902141571045,1783435586.2912884
848900,0.9087501764297485,1783435592.6206486
849000,0.9088101983070374,1783435598.9451585
849100,0.9088702201843262,1783435605.365076
849200,0.9089301824569702,1783435611.8515065
849300,0.908990204334259,1783435618.3346012
849400,0.9090502262115479,1783435624.520636
849500,0.9091101884841919,1783435630.747097
849600,0.9091702103614807,1783435637.3252456
849700,0.9092301726341248,1783435643.5471835
849800,0.9092901945114136,1783435650.1124084
849900,0.9093502163887024,1783435656.294373
850000,0.9094101786613464,1783435662.628073
850100,0.9094702005386353,1783435832.57841
850200,0.9095302224159241,1783435839.0373394
850300,0.9095901846885681,1783435845.2866197
850400,0.9096502065658569,1783435851.776527
850500,0.9097102284431458,1783435858.1059513
850600,0.9097701907157898,1783435864.3167565
850700,0.9098302125930786,1783435870.4369805
850800,0.9098901748657227,1783435876.8918192
850900,0.9099501967430115,1783435883.2999904
851000,0.9100102186203003,1783435889.6783392
851100,0.9100701808929443,1783435896.1311107
851200,0.9101302027702332,1783435902.5753336
851300,0.910190224647522,1783435908.9184594
851400,0.910250186920166,1783435915.0752544
851500,0.9103102087974548,1783435921.543197
851600,0.9103701710700989,1783435927.965254
851700,0.9104301929473877,1783435934.331597
851800,0.9104902148246765,1783435940.5999918
851900,0.9105501770973206,1783435946.798173
852000,0.9106101989746094,1783435953.0560408
852100,0.9106702208518982,1783435959.2417164
852200,0.9107301831245422,1783435965.505113
852300,0.910790205001831,1783435971.6519992
852400,0.9108502268791199,1783435978.0030017
852500,0.9109101891517639,1783435984.3544755
852600,0.9109702110290527,1783435990.5642064
852700,0.9110301733016968,1783435997.0090013
852800,0.9110901951789856,1783436003.1671565
852900,0.9111502170562744,1783436009.5628886
853000,0.9112101793289185,1783436015.7389555
853100,0.9112702012062073,1783436022.2004476
853200,0.9113302230834961,1783436028.6454585
853300,0.9113901853561401,1783436034.944757
853400,0.911450207233429,1783436041.1355245
853500,0.9115102291107178,1783436047.5573027
853600,0.9115701913833618,1783436053.832378
853700,0.9116302132606506,1783436060.1531785
853800,0.9116901755332947,1783436066.7056718
853900,0.9117501974105835,1783436072.9603941
854000,0.9118102192878723,1783436079.4281151
854100,0.9118701815605164,1783436085.4638934
854200,0.9119302034378052,1783436091.4766219
854300,0.911990225315094,1783436097.8488312
854400,0.912050187587738,1783436104.059585
854500,0.9121102094650269,1783436110.1225798
854600,0.9121701717376709,1783436116.45879
854700,0.9122301936149597,1783436122.6397445
854800,0.9122902154922485,1783436128.6848722
854900,0.9123501777648926,1783436134.8722372
855000,0.9124101996421814,1783436140.9484577
855100,0.9124702215194702,1783436147.1162987
855200,0.9125301837921143,1783436153.332909
855300,0.9125902056694031,1783436159.455929
855400,0.9126502275466919,1783436165.636185
855500,0.9127101898193359,1783436171.898885
855600,0.9127702116966248,1783436178.3344195
855700,0.9128301739692688,1783436184.4967945
855800,0.9128901958465576,1783436190.7688155
855900,0.9129502177238464,1783436197.145904
856000,0.9130101799964905,1783436203.37172
856100,0.9130702018737793,1783436209.4621012
856200,0.9131302237510681,1783436215.4518905
856300,0.9131901860237122,1783436221.980836
856400,0.913250207901001,1783436228.4665475
856500,0.9133102297782898,1783436234.7028208
856600,0.9133701920509338,1783436240.8628387
856700,0.9134302139282227,1783436247.4879258
856800,0.9134901762008667,1783436253.8739297
856900,0.9135501980781555,1783436260.1368692
857000,0.9136102199554443,1783436266.4622135
857100,0.9136701822280884,1783436272.6272316
857200,0.9137302041053772,1783436279.296502
857300,0.913790225982666,1783436285.530531
857400,0.9138501882553101,1783436291.819075
857500,0.9139102101325989,1783436298.2244513
857600,0.9139701724052429,1783436304.6954143
857700,0.9140301942825317,1783436311.0299194
857800,0.9140902161598206,1783436317.3997712
857900,0.9141501784324646,1783436323.6446147
858000,0.9142102003097534,1783436330.0535412
858100,0.9142702221870422,1783436336.3051534
858200,0.9143301844596863,1783436342.9227672
858300,0.9143902063369751,1783436349.4637454
858400,0.9144502282142639,1783436355.5677345
858500,0.914510190486908,1783436361.9410086
858600,0.9145702123641968,1783436368.173926
858700,0.9146301746368408,1783436374.4990706
858800,0.9146901965141296,1783436381.2248816
858900,0.9147502183914185,1783436387.6808145
859000,0.9148101806640625,1783436393.9596055
859100,0.9148702025413513,1783436400.1706142
859200,0.9149302244186401,1783436406.4689581
859300,0.9149901866912842,1783436413.0430162
859400,0.915050208568573,1783436419.3453465
859500,0.915110170841217,1783436425.6827624
859600,0.9151701927185059,1783436432.1685073
859700,0.9152302145957947,1783436438.2374659
859800,0.9152901768684387,1783436444.431128
859900,0.9153501987457275,1783436450.8584676
860000,0.9154102206230164,1783436457.259202
860100,0.9154701828956604,1783436463.5376992
860200,0.9155302047729492,1783436469.9370854
860300,0.915590226650238,1783436476.2518508
860400,0.9156501889228821,1783436482.4355214
860500,0.9157102108001709,1783436488.8444424
860600,0.9157701730728149,1783436495.2737627
860700,0.9158301949501038,1783436501.5849326
860800,0.9158902168273926,1783436507.9819412
860900,0.9159501791000366,1783436514.099008
861000,0.9160102009773254,1783436520.6239336
861100,0.9160702228546143,1783436527.0195684
861200,0.9161301851272583,1783436533.0773034
861300,0.9161902070045471,1783436539.3796234
861400,0.9162502288818359,1783436545.483748
861500,0.91631019115448,1783436551.6868148
861600,0.9163702130317688,1783436558.027536
861700,0.9164301753044128,1783436564.0910544
861800,0.9164901971817017,1783436570.1525903
861900,0.9165502190589905,1783436576.3316846
862000,0.9166101813316345,1783436582.8564131
862100,0.9166702032089233,1783436588.9208965
862200,0.9167302250862122,1783436595.1864636
862300,0.9167901873588562,1783436601.224221
862400,0.916850209236145,1783436607.8115897
862500,0.9169101715087891,1783436614.0654013
862600,0.9169701933860779,1783436620.1840913
862700,0.9170302152633667,1783436626.6401398
862800,0.9170901775360107,1783436632.936215
862900,0.9171501994132996,1783436639.1175246
863000,0.9172102212905884,1783436645.4826424
863100,0.9172701835632324,1783436651.949826
863200,0.9173302054405212,1783436658.6334229
863300,0.9173902273178101,1783436664.8187556
863400,0.9174501895904541,1783436671.2375934
863500,0.9175102114677429,1783436677.3481317
863600,0.917570173740387,1783436683.5698493
863700,0.9176301956176758,1783436689.6860318
863800,0.9176902174949646,1783436695.8391025
863900,0.9177501797676086,1783436701.9948168
864000,0.9178102016448975,1783436708.327353
864100,0.9178702235221863,1783436714.2199647
864200,0.9179301857948303,1783436720.499876
864300,0.9179902076721191,1783436726.6685905
864400,0.918050229549408,1783436732.867594
864500,0.918110191822052,1783436738.9828134
864600,0.9181702136993408,1783436745.2163243
864700,0.9182301759719849,1783436751.3248587
864800,0.9182901978492737,1783436757.3556936
864900,0.9183502197265625,1783436763.4256296
865000,0.9184101819992065,1783436769.7322898
865100,0.9184702038764954,1783436775.6601021
865200,0.9185302257537842,1783436782.1125705
865300,0.9185901880264282,1783436788.4074488
865400,0.918650209903717,1783436794.5792234
865500,0.9187101721763611,1783436800.6588514
865600,0.9187701940536499,1783436806.9377546
865700,0.9188302159309387,1783436812.9580176
865800,0.9188901782035828,1783436819.0803654
865900,0.9189502000808716,1783436825.511939
866000,0.9190102219581604,1783436831.6114724
866100,0.9190701842308044,1783436838.0366375
866200,0.9191302061080933,1783436844.1056857
866300,0.9191902279853821,1783436850.1968997
866400,0.9192501902580261,1783436856.566192
866500,0.9193102121353149,1783436862.8334892
866600,0.919370174407959,1783436869.2681413
866700,0.9194301962852478,1783436875.6504693
866800,0.9194902181625366,1783436881.7809436
866900,0.9195501804351807,1783436888.622572
867000,0.9196102023124695,1783436894.7681568
867100,0.9196702241897583,1783436901.2289133
867200,0.9197301864624023,1783436907.512343
867300,0.9197902083396912,1783436913.9626396
867400,0.9198501706123352,1783436920.1854246
867500,0.919910192489624,1783436926.4586039
867600,0.9199702143669128,1783436932.9751263
867700,0.9200301766395569,1783436939.5032666
867800,0.9200901985168457,1783436945.7269988
867900,0.9201502203941345,1783436952.1811888
868000,0.9202101826667786,1783436958.5830073
868100,0.9202702045440674,1783436964.7748253
868200,0.9203302264213562,1783436971.2766774
868300,0.9203901886940002,1783436977.6890006
868400,0.9204502105712891,1783436983.95284
868500,0.9205101728439331,1783436990.394843
868600,0.9205701947212219,1783436996.8072605
868700,0.9206302165985107,1783437002.8954868
868800,0.9206901788711548,1783437009.3568416
868900,0.9207502007484436,1783437015.6466815
869000,0.9208102226257324,1783437022.0639102
869100,0.9208701848983765,1783437028.3073673
869200,0.9209302067756653,1783437034.6601565
869300,0.9209902286529541,1783437040.8502374
869400,0.9210501909255981,1783437047.1736548
869500,0.921110212802887,1783437053.600459
869600,0.921170175075531,1783437060.1634257
869700,0.9212301969528198,1783437066.5047538
869800,0.9212902188301086,1783437072.9654586
869900,0.9213501811027527,1783437079.2976422
870000,0.9214102029800415,1783437085.7920682
870100,0.9214702248573303,1783437091.8984241
870200,0.9215301871299744,1783437098.2523587
870300,0.9215902090072632,1783437104.4566746
870400,0.9216501712799072,1783437110.9150622
870500,0.921710193157196,1783437117.33926
870600,0.9217702150344849,1783437123.6839285
870700,0.9218301773071289,1783437129.827707
870800,0.9218901991844177,1783437136.0306497
870900,0.9219502210617065,1783437142.2760243
871000,0.9220101833343506,1783437148.5610406
871100,0.9220702052116394,1783437155.1244535
871200,0.9221302270889282,1783437161.6603718
871300,0.9221901893615723,1783437167.7902753
871400,0.9222502112388611,1783437174.1831782
871500,0.9223101735115051,1783437180.4543445
871600,0.922370195388794,1783437186.9379842
871700,0.9224302172660828,1783437193.3432367
871800,0.9224901795387268,1783437199.9546092
871900,0.9225502014160156,1783437206.2639363
872000,0.9226102232933044,1783437212.4362433
872100,0.9226701855659485,1783437219.1008823
872200,0.9227302074432373,1783437225.6160338
872300,0.9227902293205261,1783437231.9214587
872400,0.9228501915931702,1783437238.3846369
872500,0.922910213470459,1783437244.769198
872600,0.922970175743103,1783437251.1794415
872700,0.9230301976203918,1783437257.497586
872800,0.9230902194976807,1783437263.9876165
872900,0.9231501817703247,1783437270.2521641
873000,0.9232102036476135,1783437276.3608685
873100,0.9232702255249023,1783437282.3977413
873200,0.9233301877975464,1783437288.8029704
873300,0.9233902096748352,1783437295.2741253
873400,0.9234501719474792,1783437301.6940384
873500,0.9235101938247681,1783437307.9388366
873600,0.9235702157020569,1783437313.9959507
873700,0.9236301779747009,1783437320.243436
873800,0.9236901998519897,1783437326.3154635
873900,0.9237502217292786,1783437332.6084661
874000,0.9238101840019226,1783437338.850637
874100,0.9238702058792114,1783437345.03534
874200,0.9239302277565002,1783437351.295999
874300,0.9239901900291443,1783437357.581472
874400,0.9240502119064331,1783437363.7946048
874500,0.9241101741790771,1783437370.1592765
874600,0.924170196056366,1783437376.6644793
874700,0.9242302179336548,1783437383.0603235
874800,0.9242901802062988,1783437389.5147266
874900,0.9243502020835876,1783437395.9013226
875000,0.9244102239608765,1783437402.3450274
875100,0.9244701862335205,1783437557.0843246
875200,0.9245302081108093,1783437563.2681823
875300,0.9245901703834534,1783437569.7345755
875400,0.9246501922607422,1783437576.1167698
875500,0.924710214138031,1783437582.305177
875600,0.924770176410675,1783437588.7183893
875700,0.9248301982879639,1783437594.9546657
875800,0.9248902201652527,1783437601.3287754
875900,0.9249501824378967,1783437607.6679542
876000,0.9250102043151855,1783437613.8800094
876100,0.9250702261924744,1783437620.258979
876200,0.9251301884651184,1783437626.5862544
876300,0.9251902103424072,1783437633.0300572
876400,0.9252501726150513,1783437639.5290368
876500,0.9253101944923401,1783437645.742167
876600,0.9253702163696289,1783437652.1005373
876700,0.925430178642273,1783437658.6499946
876800,0.9254902005195618,1783437664.8567317
876900,0.9255502223968506,1783437671.3696318
877000,0.9256101846694946,1783437677.6670403
877100,0.9256702065467834,1783437684.0843372
877200,0.9257302284240723,1783437690.6760082
877300,0.9257901906967163,1783437696.9146802
877400,0.9258502125740051,1783437703.6831963
877500,0.9259101748466492,1783437710.1918309
877600,0.925970196723938,1783437716.3174236
877700,0.9260302186012268,1783437722.7559
877800,0.9260901808738708,1783437728.8187382
877900,0.9261502027511597,1783437735.2235835
878000,0.9262102246284485,1783437741.3267117
878100,0.9262701869010925,1783437747.4280457
878200,0.9263302087783813,1783437753.6983402
878300,0.9263901710510254,1783437760.0178857
878400,0.9264501929283142,1783437766.3843956
878500,0.926510214805603,1783437772.6483855
878600,0.9265701770782471,1783437778.7927532
878700,0.9266301989555359,1783437784.9674494
878800,0.9266902208328247,1783437791.2062905
878900,0.9267501831054688,1783437797.5275059
879000,0.9268102049827576,1783437803.7590134
879100,0.9268702268600464,1783437810.2400491
879200,0.9269301891326904,1783437816.4291737
879300,0.9269902110099792,1783437822.8841052
879400,0.9270501732826233,1783437828.9469883
879500,0.9271101951599121,1783437835.2347312
879600,0.9271702170372009,1783437841.4270823
879700,0.927230179309845,1783437847.7198787
879800,0.9272902011871338,1783437854.099261
879900,0.9273502230644226,1783437860.3707943
880000,0.9274101853370667,1783437866.6198857
880100,0.9274702072143555,1783437872.9631853
880200,0.9275302290916443,1783437879.7283504
880300,0.9275901913642883,1783437886.1457636
880400,0.9276502132415771,1783437892.3018448
880500,0.9277101755142212,1783437898.7725925
880600,0.92777019739151,1783437904.937004
880700,0.9278302192687988,1783437911.183452
880800,0.9278901815414429,1783437917.4876738
880900,0.9279502034187317,1783437923.840413
881000,0.9280102252960205,1783437930.0304582
881100,0.9280701875686646,1783437936.4651878
881200,0.9281302094459534,1783437942.659497
881300,0.9281901717185974,1783437949.0785558
881400,0.9282501935958862,1783437955.3621476
881500,0.928310215473175,1783437961.6227517
881600,0.9283701777458191,1783437967.7644422
881700,0.9284301996231079,1783437974.0939932
881800,0.9284902215003967,1783437980.4092054
881900,0.9285501837730408,1783437986.79827
882000,0.9286102056503296,1783437993.1286542
882100,0.9286702275276184,1783437999.4800613
882200,0.9287301898002625,1783438005.623231
882300,0.9287902116775513,1783438011.9677432
882400,0.9288501739501953,1783438018.2143102
882500,0.9289101958274841,1783438024.3743076
882600,0.928970217704773,1783438030.9622748
882700,0.929030179977417,1783438037.11915
882800,0.9290902018547058,1783438043.4790916
882900,0.9291502237319946,1783438049.705337
883000,0.9292101860046387,1783438055.7972682
883100,0.9292702078819275,1783438062.046255
883200,0.9293302297592163,1783438068.616593
883300,0.9293901920318604,1783438074.9568572
883400,0.9294502139091492,1783438081.6548321
883500,0.9295101761817932,1783438087.8855283
883600,0.929570198059082,1783438094.3792121
883700,0.9296302199363708,1783438100.7112422
883800,0.9296901822090149,1783438106.9171734
883900,0.9297502040863037,1783438113.1410828
884000,0.9298102259635925,1783438119.5046747
884100,0.9298701882362366,1783438125.8416142
884200,0.9299302101135254,1783438132.1172793
884300,0.9299901723861694,1783438138.4953427
884400,0.9300501942634583,1783438144.5867488
884500,0.9301102161407471,1783438150.8185596
884600,0.9301701784133911,1783438157.3618877
884700,0.9302302002906799,1783438163.8049362
884800,0.9302902221679688,1783438170.4501824
884900,0.9303501844406128,1783438176.7282531
885000,0.9304102063179016,1783438183.0110018
885100,0.9304702281951904,1783438189.3507602
885200,0.9305301904678345,1783438195.5195713
885300,0.9305902123451233,1783438201.6987906
885400,0.9306501746177673,1783438208.1443744
885500,0.9307101964950562,1783438214.5629404
885600,0.930770218372345,1783438220.9653826
885700,0.930830180644989,1783438227.3490999
885800,0.9308902025222778,1783438233.5325744
885900,0.9309502243995667,1783438239.9640493
886000,0.9310101866722107,1783438246.226838
886100,0.9310702085494995,1783438252.600352
886200,0.9311301708221436,1783438259.1616654
886300,0.9311901926994324,1783438265.2301333
886400,0.9312502145767212,1783438271.5718305
886500,0.9313101768493652,1783438277.6843624
886600,0.931370198726654,1783438283.8477824
886700,0.9314302206039429,1783438290.0243113
886800,0.9314901828765869,1783438296.423962
886900,0.9315502047538757,1783438302.7464097
887000,0.9316102266311646,1783438308.7292607
887100,0.9316701889038086,1783438315.1091273
887200,0.9317302107810974,1783438321.5925646
887300,0.9317901730537415,1783438327.8435698
887400,0.9318501949310303,1783438334.0670521
887500,0.9319102168083191,1783438340.61534
887600,0.9319701790809631,1783438346.944266
887700,0.932030200958252,1783438353.1450245
887800,0.9320902228355408,1783438359.4340322
887900,0.9321501851081848,1783438365.6399972
888000,0.9322102069854736,1783438371.900932
888100,0.9322702288627625,1783438378.326955
888200,0.9323301911354065,1783438384.4876628
888300,0.9323902130126953,1783438390.6911602
888400,0.9324501752853394,1783438396.9974637
888500,0.9325101971626282,1783438403.1848927
888600,0.932570219039917,1783438409.457918
888700,0.932630181312561,1783438415.6692142
888800,0.9326902031898499,1783438421.9286017
888900,0.9327502250671387,1783438428.3418217
889000,0.9328101873397827,1783438434.5148516
889100,0.9328702092170715,1783438441.0024304
889200,0.9329301714897156,1783438447.2290633
889300,0.9329901933670044,1783438453.4354599
889400,0.9330502152442932,1783438459.785738
889500,0.9331101775169373,1783438466.1218565
889600,0.9331701993942261,1783438472.3966274
889700,0.9332302212715149,1783438478.6749146
889800,0.9332901835441589,1783438485.2973957
889900,0.9333502054214478,1783438491.4031956
890000,0.9334102272987366,1783438497.7449796
890100,0.9334701895713806,1783438504.0412729
890200,0.9335302114486694,1783438510.626167
890300,0.9335901737213135,1783438516.9126027
890400,0.9336501955986023,1783438523.320758
890500,0.9337102174758911,1783438529.530679
890600,0.9337701797485352,1783438535.9739249
890700,0.933830201625824,1783438542.4553
890800,0.9338902235031128,1783438548.8203726
890900,0.9339501857757568,1783438555.126953
891000,0.9340102076530457,1783438561.3351305
891100,0.9340702295303345,1783438567.4683204
891200,0.9341301918029785,1783438573.7202287
891300,0.9341902136802673,1783438579.9516778
891400,0.9342501759529114,1783438586.0291321
891500,0.9343101978302002,1783438592.2107399
891600,0.934370219707489,1783438598.4624095
891700,0.9344301819801331,1783438604.5863073
891800,0.9344902038574219,1783438610.6596634
891900,0.9345502257347107,1783438616.9420505
892000,0.9346101880073547,1783438622.965854
892100,0.9346702098846436,1783438629.1455712
892200,0.9347301721572876,1783438635.6561723
892300,0.9347901940345764,1783438641.864648
892400,0.9348502159118652,1783438648.19647
892500,0.9349101781845093,1783438654.18575
892600,0.9349702000617981,1783438660.3752522
892700,0.9350302219390869,1783438666.8163488
892800,0.935090184211731,1783438672.961705
892900,0.9351502060890198,1783438679.0664482
893000,0.9352102279663086,1783438685.2615612
893100,0.9352701902389526,1783438691.382355
893200,0.9353302121162415,1783438697.5992663
893300,0.9353901743888855,1783438703.5975611
893400,0.9354501962661743,1783438709.7156398
893500,0.9355102181434631,1783438716.3008053
893600,0.9355701804161072,1783438722.5575323
893700,0.935630202293396,1783438728.855696
893800,0.9356902241706848,1783438734.9753609
893900,0.9357501864433289,1783438741.2642767
894000,0.9358102083206177,1783438747.3059707
894100,0.9358701705932617,1783438753.2676663
894200,0.9359301924705505,1783438759.411148
894300,0.9359902143478394,1783438765.550605
894400,0.9360501766204834,1783438771.8177958
894500,0.9361101984977722,1783438778.096632
894600,0.936170220375061,1783438784.3322463
894700,0.9362301826477051,1783438790.5669339
894800,0.9362902045249939,1783438797.0126636
894900,0.9363502264022827,1783438803.0884216
895000,0.9364101886749268,1783438809.2137809
895100,0.9364702105522156,1783438815.591402
895200,0.9365301728248596,1783438821.6888208
895300,0.9365901947021484,1783438827.99752
895400,0.9366502165794373,1783438834.5287998
895500,0.9367101788520813,1783438841.358268
895600,0.9367702007293701,1783438847.819026
895700,0.9368302226066589,1783438854.5840583
895800,0.936890184879303,1783438861.0978873
895900,0.9369502067565918,1783438867.3728366
896000,0.9370102286338806,1783438873.4928644
896100,0.9370701909065247,1783438879.8161483
896200,0.9371302127838135,1783438885.958511
896300,0.9371901750564575,1783438892.3319852
896400,0.9372501969337463,1783438898.3842275
896500,0.9373102188110352,1783438904.6504948
896600,0.9373701810836792,1783438910.9303806
896700,0.937430202960968,1783438917.5344892
896800,0.9374902248382568,1783438923.9929907
896900,0.9375501871109009,1783438930.1557498
897000,0.9376102089881897,1783438936.555254
897100,0.9376701712608337,1783438942.7068124
897200,0.9377301931381226,1783438948.979455
897300,0.9377902150154114,1783438955.1333082
897400,0.9378501772880554,1783438961.2350812
897500,0.9379101991653442,1783438967.662747
897600,0.9379702210426331,1783438974.0432627
897700,0.9380301833152771,1783438980.4297512
897800,0.9380902051925659,1783438986.806396
897900,0.9381502270698547,1783438993.068618
898000,0.9382101893424988,1783438999.3553057
898100,0.9382702112197876,1783439005.6334338
898200,0.9383301734924316,1783439011.8193917
898300,0.9383901953697205,1783439018.0745893
898400,0.9384502172470093,1783439024.4462864
898500,0.9385101795196533,1783439030.792217
898600,0.9385702013969421,1783439036.9750333
898700,0.938630223274231,1783439043.047937
898800,0.938690185546875,1783439049.1944146
898900,0.9387502074241638,1783439055.3632967
899000,0.9388102293014526,1783439061.4972253
899100,0.9388701915740967,1783439067.7611313
899200,0.9389302134513855,1783439073.9151568
899300,0.9389901757240295,1783439080.2330172
899400,0.9390501976013184,1783439086.4540644
899500,0.9391102194786072,1783439092.6149368
899600,0.9391701817512512,1783439099.0226583
899700,0.93923020362854,1783439105.4163682
899800,0.9392902255058289,1783439111.5159807
899900,0.9393501877784729,1783439117.7503834
900000,0.9394114017486572,1783514260.052828
900100,0.939471423625946,1783514432.2463076
900200,0.9395313858985901,1783514438.3636234
900300,0.9395914077758789,1783514444.5974472
900400,0.9396514296531677,1783514450.728675
900500,0.9397113919258118,1783514456.9568422
900600,0.9397714138031006,1783514463.0624702
900700,0.9398313760757446,1783514469.4000638
900800,0.9398913979530334,1783514475.5113864
900900,0.9399514198303223,1783514481.5865123
901000,0.9400113821029663,1783514487.6414554
901100,0.9400714039802551,1783514493.7080376
901200,0.940131425857544,1783514500.0992913
901300,0.940191388130188,1783514506.1844504
901400,0.9402514100074768,1783514512.2447252
901500,0.9403113722801208,1783514518.329419
901600,0.9403713941574097,1783514524.5318124
901700,0.9404314160346985,1783514530.5089095
901800,0.9404913783073425,1783514536.5556066
901900,0.9405514001846313,1783514542.7765172
902000,0.9406114220619202,1783514549.1019876
902100,0.9406713843345642,1783514555.3038924
902200,0.940731406211853,1783514561.371875
902300,0.9407914280891418,1783514567.511573
902400,0.9408513903617859,1783514573.8006535
902500,0.9409114122390747,1783514579.9565926
902600,0.9409713745117188,1783514586.2819252
902700,0.9410313963890076,1783514592.408729
902800,0.9410914182662964,1783514598.6220696
902900,0.9411513805389404,1783514604.9497201
903000,0.9412114024162292,1783514611.2217543
903100,0.9412714242935181,1783514617.387508
903200,0.9413313865661621,1783514623.8899176
903300,0.9413914084434509,1783514629.9744847
903400,0.941451370716095,1783514635.9693422
903500,0.9415113925933838,1783514642.3678403
903600,0.9415714144706726,1783514648.508909
903700,0.9416313767433167,1783514654.6656313
903800,0.9416913986206055,1783514661.1050596
903900,0.9417514204978943,1783514667.3870165
904000,0.9418113827705383,1783514673.676525
904100,0.9418714046478271,1783514679.8175933
904200,0.941931426525116,1783514685.9032357
904300,0.94199138879776,1783514692.2848709
904400,0.9420514106750488,1783514698.3891299
904500,0.9421113729476929,1783514704.6246877
904600,0.9421713948249817,1783514710.6739433
904700,0.9422314167022705,1783514716.8053675
904800,0.9422913789749146,1783514723.0273154
904900,0.9423514008522034,1783514729.249336
905000,0.9424114227294922,1783514735.3438308
905100,0.9424713850021362,1783514741.738864
905200,0.942531406879425,1783514747.8296647
905300,0.9425914287567139,1783514754.0361516
905400,0.9426513910293579,1783514760.235283
905500,0.9427114129066467,1783514766.29768
905600,0.9427713751792908,1783514772.6216497
905700,0.9428313970565796,1783514778.7849817
905800,0.9428914189338684,1783514784.8091602
905900,0.9429513812065125,1783514791.1780188
906000,0.9430114030838013,1783514797.5671918
906100,0.9430714249610901,1783514803.7677047
906200,0.9431313872337341,1783514809.9096947
906300,0.943191409111023,1783514815.9922488
906400,0.943251371383667,1783514822.1283615
906500,0.9433113932609558,1783514828.346165
906600,0.9433714151382446,1783514834.4521356
906700,0.9434313774108887,1783514840.7326574
906800,0.9434913992881775,1783514846.9979856
906900,0.9435514211654663,1783514853.1805906
907000,0.9436113834381104,1783514859.3855145
907100,0.9436714053153992,1783514865.6280906
907200,0.943731427192688,1783514871.6762128
907300,0.943791389465332,1783514877.6789453
907400,0.9438514113426208,1783514883.880223
907500,0.9439113736152649,1783514890.1021228
907600,0.9439713954925537,1783514896.102855
907700,0.9440314173698425,1783514902.2171433
907800,0.9440913796424866,1783514908.1771173
907900,0.9441514015197754,1783514914.1514344
908000,0.9442114233970642,1783514920.1934533
908100,0.9442713856697083,1783514926.4131296
908200,0.9443314075469971,1783514932.754591
908300,0.9443914294242859,1783514938.9251046
908400,0.9444513916969299,1783514945.1218371
908500,0.9445114135742188,1783514951.2771406
908600,0.9445713758468628,1783514957.268773
908700,0.9446313977241516,1783514963.4382644
908800,0.9446914196014404,1783514969.658619
908900,0.9447513818740845,1783514975.838762
909000,0.9448114037513733,1783514982.033105
909100,0.9448714256286621,1783514988.226155
909200,0.9449313879013062,1783514994.4792807
909300,0.944991409778595,1783515000.6986198
909400,0.945051372051239,1783515006.7987714
909500,0.9451113939285278,1783515012.823985
909600,0.9451714158058167,1783515019.096909
909700,0.9452313780784607,1783515025.1830068
909800,0.9452913999557495,1783515031.2739496
909900,0.9453514218330383,1783515037.45639
910000,0.9454113841056824,1783515043.616689
910100,0.9454714059829712,1783515049.6818728
910200,0.94553142786026,1783515055.824683
910300,0.945591390132904,1783515061.9458654
910400,0.9456514120101929,1783515068.4326737
910500,0.9457113742828369,1783515074.4915953
910600,0.9457713961601257,1783515080.9460313
910700,0.9458314180374146,1783515087.001747
910800,0.9458913803100586,1783515093.2642362
910900,0.9459514021873474,1783515099.3470068
911000,0.9460114240646362,1783515105.3093212
911100,0.9460713863372803,1783515111.374625
911200,0.9461314082145691,1783515117.555429
911300,0.9461913704872131,1783515123.6162918
911400,0.946251392364502,1783515129.8113196
911500,0.9463114142417908,1783515135.9491143
911600,0.9463713765144348,1783515142.0908308
911700,0.9464313983917236,1783515148.1510885
911800,0.9464914202690125,1783515154.3921592
911900,0.9465513825416565,1783515160.5264838
912000,0.9466114044189453,1783515166.7192228
912100,0.9466714262962341,1783515173.0230608
912200,0.9467313885688782,1783515179.445913
912300,0.946791410446167,1783515185.5068889
912400,0.946851372718811,1783515191.69396
912500,0.9469113945960999,1783515198.1095238
912600,0.9469714164733887,1783515204.2357008
912700,0.9470313787460327,1783515210.2005482
912800,0.9470914006233215,1783515216.5078638
912900,0.9471514225006104,1783515222.7789314
913000,0.9472113847732544,1783515228.7689474
913100,0.9472714066505432,1783515234.8778806
913200,0.947331428527832,1783515241.143526
913300,0.9473913908004761,1783515247.3187573
913400,0.9474514126777649,1783515253.5701027
913500,0.9475113749504089,1783515259.610734
913600,0.9475713968276978,1783515265.7803743
913700,0.9476314187049866,1783515271.9631612
913800,0.9476913809776306,1783515278.1781719
913900,0.9477514028549194,1783515284.3501363
914000,0.9478114247322083,1783515290.4543307
914100,0.9478713870048523,1783515296.535071
914200,0.9479314088821411,1783515302.8660429
914300,0.9479913711547852,1783515309.0425303
914400,0.948051393032074,1783515315.0850334
914500,0.9481114149093628,1783515321.4025495
914600,0.9481713771820068,1783515327.7692397
914700,0.9482313990592957,1783515333.9316695
914800,0.9482914209365845,1783515340.1610892
914900,0.9483513832092285,1783515346.3887494
915000,0.9484114050865173,1783515352.7890918
915100,0.9484714269638062,1783515358.9278114
915200,0.9485313892364502,1783515365.2700825
915300,0.948591411113739,1783515371.3697662
915400,0.9486513733863831,1783515377.4906244
915500,0.9487113952636719,1783515383.5953
915600,0.9487714171409607,1783515389.8783977
915700,0.9488313794136047,1783515395.8987389
915800,0.9488914012908936,1783515402.2036965
915900,0.9489514231681824,1783515408.6907494
916000,0.9490113854408264,1783515414.8812077
916100,0.9490714073181152,1783515420.9896588
916200,0.949131429195404,1783515427.3606522
916300,0.9491913914680481,1783515433.4587467
916400,0.9492514133453369,1783515439.635687
916500,0.949311375617981,1783515445.9446619
916600,0.9493713974952698,1783515452.2775245
916700,0.9494314193725586,1783515458.4602919
916800,0.9494913816452026,1783515464.5464876
916900,0.9495514035224915,1783515471.0004613
917000,0.9496114253997803,1783515477.1406171
917100,0.9496713876724243,1783515483.5545206
917200,0.9497314095497131,1783515489.937122
917300,0.9497913718223572,1783515496.017692
917400,0.949851393699646,1783515502.1682074
917500,0.9499114155769348,1783515508.7124512
917600,0.9499713778495789,1783515514.879476
917700,0.9500313997268677,1783515521.3038812
917800,0.9500914216041565,1783515527.5108905
917900,0.9501513838768005,1783515533.6131563
918000,0.9502114057540894,1783515539.8682294
918100,0.9502714276313782,1783515545.9717932
918200,0.9503313899040222,1783515552.0582666
918300,0.950391411781311,1783515558.5285091
918400,0.9504513740539551,1783515564.7466323
918500,0.9505113959312439,1783515570.8787706
918600,0.9505714178085327,1783515577.1422136
918700,0.9506313800811768,1783515583.6009984
918800,0.9506914019584656,1783515589.6403403
918900,0.9507514238357544,1783515595.6338723
919000,0.9508113861083984,1783515601.6889675
919100,0.9508714079856873,1783515607.7220445
919200,0.9509313702583313,1783515613.7541537
919300,0.9509913921356201,1783515619.917926
919400,0.9510514140129089,1783515625.879774
919500,0.951111376285553,1783515632.142124
919600,0.9511713981628418,1783515638.2878392
919700,0.9512314200401306,1783515644.2706401
919800,0.9512913823127747,1783515650.5203745
919900,0.9513514041900635,1783515656.6830378
920000,0.9514114260673523,1783515662.9211445
920100,0.9514713883399963,1783515669.0855606
920200,0.9515314102172852,1783515675.4589188
920300,0.9515913724899292,1783515681.4940436
920400,0.951651394367218,1783515687.5771184
920500,0.9517114162445068,1783515693.9362211
920600,0.9517713785171509,1783515700.2438028
920700,0.9518314003944397,1783515706.6446977
920800,0.9518914222717285,1783515712.9148307
920900,0.9519513845443726,1783515719.1436133
921000,0.9520114064216614,1783515725.4488788
921100,0.9520714282989502,1783515731.7069566
921200,0.9521313905715942,1783515738.0656285
921300,0.9521914124488831,1783515744.306276
921400,0.9522513747215271,1783515750.529901
921500,0.9523113965988159,1783515756.633247
921600,0.9523714184761047,1783515762.594487
921700,0.9524313807487488,1783515768.6001475
921800,0.9524914026260376,1783515774.764163
921900,0.9525514245033264,1783515780.7538207
922000,0.9526113867759705,1783515786.9659905
922100,0.9526714086532593,1783515793.0015447
922200,0.9527313709259033,1783515799.4541907
922300,0.9527913928031921,1783515805.6889873
922400,0.952851414680481,1783515811.7754376
922500,0.952911376953125,1783515817.9923286
922600,0.9529713988304138,1783515824.1709876
922700,0.9530314207077026,1783515830.192311
922800,0.9530913829803467,1783515836.2851877
922900,0.9531514048576355,1783515842.6298542
923000,0.9532114267349243,1783515848.9378421
923100,0.9532713890075684,1783515855.0451555
923200,0.9533314108848572,1783515861.2606502
923300,0.9533913731575012,1783515867.251981
923400,0.95345139503479,1783515873.2883737
923500,0.9535114169120789,1783515879.502885
923600,0.9535713791847229,1783515885.7185738
923700,0.9536314010620117,1783515891.6993773
923800,0.9536914229393005,1783515897.8645332
923900,0.9537513852119446,1783515903.8205662
924000,0.9538114070892334,1783515909.9627402
924100,0.9538714289665222,1783515915.9456263
924200,0.9539313912391663,1783515922.0091972
924300,0.9539914131164551,1783515928.2834678
924400,0.9540513753890991,1783515934.422878
924500,0.9541113972663879,1783515940.9144402
924600,0.9541714191436768,1783515947.059642
924700,0.9542313814163208,1783515953.1260524
924800,0.9542914032936096,1783515959.4497132
924900,0.9543514251708984,1783515965.491862
925000,0.9544113874435425,1783515971.7933834
925100,0.9544714093208313,1783516125.867439
925200,0.9545313715934753,1783516131.9233541
925300,0.9545913934707642,1783516138.0887504
925400,0.954651415348053,1783516144.357188
925500,0.954711377620697,1783516150.3912947
925600,0.9547713994979858,1783516156.5983207
925700,0.9548314213752747,1783516162.96327
925800,0.9548913836479187,1783516169.181562
925900,0.9549514055252075,1783516175.2474627
926000,0.9550114274024963,1783516181.205252
926100,0.9550713896751404,1783516187.383127
926200,0.9551314115524292,1783516193.6310787
926300,0.9551913738250732,1783516199.7169898
926400,0.9552513957023621,1783516205.909449
926500,0.9553114175796509,1783516211.8638296
926600,0.9553713798522949,1783516217.8410804
926700,0.9554314017295837,1783516223.9675686
926800,0.9554914236068726,1783516230.1430676
926900,0.9555513858795166,1783516236.2866101
927000,0.9556114077568054,1783516242.250642
927100,0.9556714296340942,1783516248.4491422
927200,0.9557313919067383,1783516254.6423075
927300,0.9557914137840271,1783516260.7042072
927400,0.9558513760566711,1783516267.1099703
927500,0.95591139793396,1783516273.12992
927600,0.9559714198112488,1783516279.2507143
927700,0.9560313820838928,1783516285.2233136
927800,0.9560914039611816,1783516291.2128603
927900,0.9561514258384705,1783516297.280839
928000,0.9562113881111145,1783516303.5773914
928100,0.9562714099884033,1783516309.6323287
928200,0.9563313722610474,1783516315.5714092
928300,0.9563913941383362,1783516321.5381382
928400,0.956451416015625,1783516327.5463824
928500,0.956511378288269,1783516333.402421
928600,0.9565714001655579,1783516339.57414
928700,0.9566314220428467,1783516345.687879
928800,0.9566913843154907,1783516351.862027
928900,0.9567514061927795,1783516357.943911
929000,0.9568114280700684,1783516364.0610623
929100,0.9568713903427124,1783516370.0887482
929200,0.9569314122200012,1783516376.2177293
929300,0.9569913744926453,1783516382.3457549
929400,0.9570513963699341,1783516388.631025
929500,0.9571114182472229,1783516394.7150128
929600,0.9571713805198669,1783516400.8143573
929700,0.9572314023971558,1783516406.981421
929800,0.9572914242744446,1783516413.1637044
929900,0.9573513865470886,1783516419.2028608
930000,0.9574114084243774,1783516425.464476
930100,0.9574713706970215,1783516431.6673253
930200,0.9575313925743103,1783516437.673623
930300,0.9575914144515991,1783516443.6722324
930400,0.9576513767242432,1783516449.645606
930500,0.957711398601532,1783516455.8029823
930600,0.9577714204788208,1783516461.847845
930700,0.9578313827514648,1783516467.8670275
930800,0.9578914046287537,1783516474.232521
930900,0.9579514265060425,1783516480.214881
931000,0.9580113887786865,1783516486.1696398
931100,0.9580714106559753,1783516492.212362
931200,0.9581313729286194,1783516498.4338176
931300,0.9581913948059082,1783516504.4328187
931400,0.958251416683197,1783516510.6194987
931500,0.9583113789558411,1783516516.7080443
931600,0.9583714008331299,1783516522.7547762
931700,0.9584314227104187,1783516529.036862
931800,0.9584913849830627,1783516535.2728212
931900,0.9585514068603516,1783516541.548952
932000,0.9586114287376404,1783516547.7329385
932100,0.9586713910102844,1783516553.856991
932200,0.9587314128875732,1783516559.9047434
932300,0.9587913751602173,1783516566.194052
932400,0.9588513970375061,1783516572.7658143
932500,0.9589114189147949,1783516578.9341047
932600,0.958971381187439,1783516585.2458713
932700,0.9590314030647278,1783516591.3843331
932800,0.9590914249420166,1783516597.5600886
932900,0.9591513872146606,1783516603.7618299
933000,0.9592114090919495,1783516609.9795752
933100,0.9592713713645935,1783516615.9522378
933200,0.9593313932418823,1783516622.0953424
933300,0.9593914151191711,1783516628.3522394
933400,0.9594513773918152,1783516634.3994594
933500,0.959511399269104,1783516640.60063
933600,0.9595714211463928,1783516646.7953205
933700,0.9596313834190369,1783516652.8647182
933800,0.9596914052963257,1783516659.2000368
933900,0.9597514271736145,1783516665.617161
934000,0.9598113894462585,1783516671.7041583
934100,0.9598714113235474,1783516677.8989112
934200,0.9599313735961914,1783516684.3167713
934300,0.9599913954734802,1783516690.6840894
934400,0.960051417350769,1783516696.7272122
934500,0.9601113796234131,1783516702.7680922
934600,0.9601714015007019,1783516709.0353894
934700,0.9602314233779907,1783516715.316524
934800,0.9602913856506348,1783516721.3947494
934900,0.9603514075279236,1783516727.5707242
935000,0.9604114294052124,1783516733.658385
935100,0.9604713916778564,1783516739.785986
935200,0.9605314135551453,1783516746.2415879
935300,0.9605913758277893,1783516752.293043
935400,0.9606513977050781,1783516758.5391433
935500,0.9607114195823669,1783516764.5643122
935600,0.960771381855011,1783516770.792278
935700,0.9608314037322998,1783516777.107725
935800,0.9608914256095886,1783516783.0990076
935900,0.9609513878822327,1783516789.1736298
936000,0.9610114097595215,1783516795.4173224
936100,0.9610713720321655,1783516801.6751273
936200,0.9611313939094543,1783516807.7214031
936300,0.9611914157867432,1783516813.7228396
936400,0.9612513780593872,1783516820.2633338
936500,0.961311399936676,1783516826.3904016
936600,0.9613714218139648,1783516832.4295833
936700,0.9614313840866089,1783516838.6825438
936800,0.9614914059638977,1783516845.083179
936900,0.9615514278411865,1783516851.400404
937000,0.9616113901138306,1783516857.4341955
937100,0.9616714119911194,1783516863.4078147
937200,0.9617313742637634,1783516869.4829457
937300,0.9617913961410522,1783516875.8413987
937400,0.9618514180183411,1783516881.8498456
937500,0.9619113802909851,1783516888.0245469
937600,0.9619714021682739,1783516894.0551782
937700,0.9620314240455627,1783516900.3380067
937800,0.9620913863182068,1783516906.657437
937900,0.9621514081954956,1783516912.8477519
938000,0.9622113704681396,1783516918.9542804
938100,0.9622713923454285,1783516925.105899
938200,0.9623314142227173,1783516931.1875718
938300,0.9623913764953613,1783516937.4237044
938400,0.9624513983726501,1783516943.4771943
938500,0.962511420249939,1783516949.679792
938600,0.962571382522583,1783516955.78073
938700,0.9626314043998718,1783516962.1025748
938800,0.9626914262771606,1783516968.1686246
938900,0.9627513885498047,1783516974.2945545
939000,0.9628114104270935,1783516980.5363417
939100,0.9628713726997375,1783516986.6203392
939200,0.9629313945770264,1783516992.6699905
939300,0.9629914164543152,1783516998.98498
939400,0.9630513787269592,1783517005.0478134
939500,0.963111400604248,1783517011.1828094
939600,0.9631714224815369,1783517017.2463193
939700,0.9632313847541809,1783517023.5469818
939800,0.9632914066314697,1783517029.8989882
939900,0.9633514285087585,1783517035.9614816
940000,0.9634113907814026,1783517042.0610163
940100,0.9634714126586914,1783517048.1663852
940200,0.9635313749313354,1783517054.329749
940300,0.9635913968086243,1783517060.6543946
940400,0.9636514186859131,1783517066.85655
940500,0.9637113809585571,1783517072.9603949
940600,0.963771402835846,1783517079.180367
940700,0.9638314247131348,1783517085.3041377
940800,0.9638913869857788,1783517091.845603
940900,0.9639514088630676,1783517098.0453515
941000,0.9640113711357117,1783517104.1819162
941100,0.9640713930130005,1783517110.3119369
941200,0.9641314148902893,1783517116.5214458
941300,0.9641913771629333,1783517122.4218657
941400,0.9642513990402222,1783517128.5425465
941500,0.964311420917511,1783517134.5523262
941600,0.964371383190155,1783517140.4746525
941700,0.9644314050674438,1783517146.4984975
941800,0.9644914269447327,1783517152.7128797
941900,0.9645513892173767,1783517158.9851837
942000,0.9646114110946655,1783517165.2407556
942100,0.9646713733673096,1783517171.2982395
942200,0.9647313952445984,1783517177.3886735
942300,0.9647914171218872,1783517183.303249
942400,0.9648513793945312,1783517189.4018598
942500,0.9649114012718201,1783517195.4502492
942600,0.9649714231491089,1783517201.376207
942700,0.9650313854217529,1783517207.2825432
942800,0.9650914072990417,1783517213.3932498
942900,0.9651514291763306,1783517219.5493805
943000,0.9652113914489746,1783517225.7842796
943100,0.9652714133262634,1783517231.9978046
943200,0.9653313755989075,1783517238.2669904
943300,0.9653913974761963,1783517244.3716977
943400,0.9654514193534851,1783517250.4838696
943500,0.9655113816261292,1783517256.4496038
943600,0.965571403503418,1783517262.5036411
943700,0.9656314253807068,1783517268.7348058
943800,0.9656913876533508,1783517274.905236
943900,0.9657514095306396,1783517281.2131958
944000,0.9658113718032837,1783517287.262599
944100,0.9658713936805725,1783517293.534927
944200,0.9659314155578613,1783517299.5369594
944300,0.9659913778305054,1783517305.3468614
944400,0.9660513997077942,1783517311.4480994
944500,0.966111421585083,1783517317.324432
944600,0.966171383857727,1783517323.3066692
944700,0.9662314057350159,1783517329.465918
944800,0.9662914276123047,1783517335.222912
944900,0.9663513898849487,1783517341.1364186
945000,0.9664114117622375,1783517347.3503203
945100,0.9664713740348816,1783517353.1795585
945200,0.9665313959121704,1783517359.440473
945300,0.9665914177894592,1783517365.3701725
945400,0.9666513800621033,1783517371.2027214
945500,0.9667114019393921,1783517377.1817825
945600,0.9667714238166809,1783517383.1821656
945700,0.966831386089325,1783517389.2331433
945800,0.9668914079666138,1783517395.1702409
945900,0.9669513702392578,1783517400.9888015
946000,0.9670113921165466,1783517406.8800657
946100,0.9670714139938354,1783517412.771506
946200,0.9671313762664795,1783517418.722901
946300,0.9671913981437683,1783517424.8464603
946400,0.9672514200210571,1783517430.8101215
946500,0.9673113822937012,1783517436.702084
946600,0.96737140417099,1783517442.802908
946700,0.9674314260482788,1783517448.8696358
946800,0.9674913883209229,1783517454.906862
946900,0.9675514101982117,1783517461.0524056
947000,0.9676113724708557,1783517466.92686
947100,0.9676713943481445,1783517472.993981
947200,0.9677314162254333,1783517478.8491118
947300,0.9677913784980774,1783517484.9217007
947400,0.9678514003753662,1783517490.9842262
947500,0.967911422252655,1783517496.9134781
947600,0.9679713845252991,1783517502.830198
947700,0.9680314064025879,1783517508.78922
947800,0.9680914282798767,1783517514.6741712
947900,0.9681513905525208,1783517520.8692374
948000,0.9682114124298096,1783517526.9460459
948100,0.9682713747024536,1783517533.0599725
948200,0.9683313965797424,1783517539.061213
948300,0.9683914184570312,1783517544.918278
948400,0.9684513807296753,1783517550.9695716
948500,0.9685114026069641,1783517556.9236586
948600,0.9685714244842529,1783517563.135001
948700,0.968631386756897,1783517569.0798352
948800,0.9686914086341858,1783517575.168187
948900,0.9687513709068298,1783517581.2120984
949000,0.9688113927841187,1783517587.2223034
949100,0.9688714146614075,1783517593.0736651
949200,0.9689313769340515,1783517599.4521637
949300,0.9689913988113403,1783517605.3646722
949400,0.9690514206886292,1783517611.2600818
949500,0.9691113829612732,1783517617.562603
949600,0.969171404838562,1783517623.3782508
949700,0.9692314267158508,1783517629.380049
949800,0.9692913889884949,1783517635.3424926
949900,0.9693514108657837,1783517641.230218
950000,0.9694113731384277,1783517647.1050572
950100,0.9694713950157166,1783517805.4718888
950200,0.9695314168930054,1783517811.5542195
950300,0.9695913791656494,1783517817.4491386
950400,0.9696514010429382,1783517823.391973
950500,0.969711422920227,1783517829.4830756
950600,0.9697713851928711,1783517835.5490963
950700,0.9698314070701599,1783517841.7563975
950800,0.9698914289474487,1783517847.7127721
950900,0.9699513912200928,1783517853.7628696
951000,0.9700114130973816,1783517859.6423426
951100,0.9700713753700256,1783517865.9338217
951200,0.9701313972473145,1783517872.1463232
951300,0.9701914191246033,1783517878.0446966
951400,0.9702513813972473,1783517884.0835433
951500,0.9703114032745361,1783517890.1845758
951600,0.970371425151825,1783517896.050696
951700,0.970431387424469,1783517901.9843075
951800,0.9704914093017578,1783517907.9498196
951900,0.9705513715744019,1783517913.995812
952000,0.9706113934516907,1783517919.8073988
952100,0.9706714153289795,1783517925.880438
952200,0.9707313776016235,1783517932.0215871
952300,0.9707913994789124,1783517938.0039186
952400,0.9708514213562012,1783517944.2647207
952500,0.9709113836288452,1783517950.1025453
952600,0.970971405506134,1783517956.3519235
952700,0.9710314273834229,1783517962.2326064
952800,0.9710913896560669,1783517968.5343657
952900,0.9711514115333557,1783517974.5482492
953000,0.9712113738059998,1783517980.541936
953100,0.9712713956832886,1783517986.446042
953200,0.9713314175605774,1783517992.6409745
953300,0.9713913798332214,1783517998.7029703
953400,0.9714514017105103,1783518004.7364688
953500,0.9715114235877991,1783518010.7873902
953600,0.9715713858604431,1783518016.8000433
953700,0.9716314077377319,1783518022.6814117
953800,0.9716914296150208,1783518028.6129758
953900,0.9717513918876648,1783518034.577823
954000,0.9718114137649536,1783518040.6117716
954100,0.9718713760375977,1783518046.4624407
954200,0.9719313979148865,1783518052.446315
954300,0.9719914197921753,1783518058.521019
954400,0.9720513820648193,1783518064.4526336
954500,0.9721114039421082,1783518070.7474487
954600,0.972171425819397,1783518076.7861466
954700,0.972231388092041,1783518082.725991
954800,0.9722914099693298,1783518088.7919936
954900,0.9723513722419739,1783518094.8331852
955000,0.9724113941192627,1783518100.8926888
955100,0.9724714159965515,1783518107.159361
955200,0.9725313782691956,1783518113.0310278
955300,0.9725914001464844,1783518119.1801472
955400,0.9726514220237732,1783518125.2439702
955500,0.9727113842964172,1783518131.41278
955600,0.972771406173706,1783518137.6329474
955700,0.9728314280509949,1783518143.6973386
955800,0.9728913903236389,1783518149.7636518
955900,0.9729514122009277,1783518156.0017197
956000,0.9730113744735718,1783518162.3250258
956100,0.9730713963508606,1783518168.4277596
956200,0.9731314182281494,1783518174.2846973
956300,0.9731913805007935,1783518180.4542775
956400,0.9732514023780823,1783518186.6056745
956500,0.9733114242553711,1783518192.7654355
956600,0.9733713865280151,1783518199.1225374
956700,0.973431408405304,1783518205.3617346
956800,0.973491370677948,1783518211.4187741
956900,0.9735513925552368,1783518217.7567816
957000,0.9736114144325256,1783518224.0832648
957100,0.9736713767051697,1783518230.3602
957200,0.9737313985824585,1783518236.8923297
957300,0.9737914204597473,1783518243.2604735
957400,0.9738513827323914,1783518249.377113
957500,0.9739114046096802,1783518255.5481777
957600,0.973971426486969,1783518261.9872816
957700,0.974031388759613,1783518268.0845084
957800,0.9740914106369019,1783518274.1759334
957900,0.9741513729095459,1783518280.4755518
958000,0.9742113947868347,1783518286.5585701
958100,0.9742714166641235,1783518292.8137553
958200,0.9743313789367676,1783518299.007327
958300,0.9743914008140564,1783518305.0491862
958400,0.9744514226913452,1783518311.0848007
958500,0.9745113849639893,1783518317.2725704
958600,0.9745714068412781,1783518323.2162385
958700,0.9746314287185669,1783518329.2368236
958800,0.9746913909912109,1783518335.4596145
958900,0.9747514128684998,1783518341.6592252
959000,0.9748113751411438,1783518347.9732156
959100,0.9748713970184326,1783518354.1904235
959200,0.9749314188957214,1783518360.2880385
959300,0.9749913811683655,1783518366.597365
959400,0.9750514030456543,1783518372.700466
959500,0.9751114249229431,1783518378.7706113
959600,0.9751713871955872,1783518384.861758
959700,0.975231409072876,1783518390.990453
959800,0.97529137134552,1783518397.059451
959900,0.9753513932228088,1783518403.2702584
960000,0.9754114151000977,1783518409.544586
960100,0.9754713773727417,1783518415.8334038
960200,0.9755313992500305,1783518422.0936081
960300,0.9755914211273193,1783518428.1744144
960400,0.9756513833999634,1783518434.6134949
960500,0.9757114052772522,1783518441.009718
960600,0.975771427154541,1783518447.1603906
960700,0.9758313894271851,1783518453.3074832
960800,0.9758914113044739,1783518459.4825482
960900,0.9759513735771179,1783518465.7140312
961000,0.9760113954544067,1783518471.853195
961100,0.9760714173316956,1783518477.8549128
961200,0.9761313796043396,1783518484.2821429
961300,0.9761914014816284,1783518490.396883
961400,0.9762514233589172,1783518496.5116098
961500,0.9763113856315613,1783518502.5210524
961600,0.9763714075088501,1783518508.67789
961700,0.9764314293861389,1783518514.96498
961800,0.976491391658783,1783518521.4449985
961900,0.9765514135360718,1783518527.646013
962000,0.9766113758087158,1783518533.7919068
962100,0.9766713976860046,1783518539.8548753
962200,0.9767314195632935,1783518546.017013
962300,0.9767913818359375,1783518552.0433636
962400,0.9768514037132263,1783518558.3243
962500,0.9769114255905151,1783518564.70789
962600,0.9769713878631592,1783518570.6468134
962700,0.977031409740448,1783518576.6530905
962800,0.977091372013092,1783518582.6470387
962900,0.9771513938903809,1783518588.8173664
963000,0.9772114157676697,1783518595.0011303
963100,0.9772713780403137,1783518601.389858
963200,0.9773313999176025,1783518607.6508098
963300,0.9773914217948914,1783518613.764715
963400,0.9774513840675354,1783518619.9486637
963500,0.9775114059448242,1783518625.9951746
963600,0.977571427822113,1783518632.1149979
963700,0.9776313900947571,1783518638.1125343
963800,0.9776914119720459,1783518644.3795073
963900,0.9777513742446899,1783518650.6089065
964000,0.9778113961219788,1783518656.9084368
964100,0.9778714179992676,1783518663.2840567
964200,0.9779313802719116,1783518669.810567
964300,0.9779914021492004,1783518676.3128083
964400,0.9780514240264893,1783518682.421461
964500,0.9781113862991333,1783518688.50772
964600,0.9781714081764221,1783518694.7461832
964700,0.9782313704490662,1783518701.0208356
964800,0.978291392326355,1783518707.1027334
964900,0.9783514142036438,1783518713.3369558
965000,0.9784113764762878,1783518719.6125042
965100,0.9784713983535767,1783518725.9881308
965200,0.9785314202308655,1783518732.0560367
965300,0.9785913825035095,1783518738.3893373
965400,0.9786514043807983,1783518744.4445105
965500,0.9787114262580872,1783518750.7839425
965600,0.9787713885307312,1783518757.0449145
965700,0.97883141040802,1783518763.1670783
965800,0.9788913726806641,1783518769.2333653
965900,0.9789513945579529,1783518775.206558
966000,0.9790114164352417,1783518781.3966854
966100,0.9790713787078857,1783518787.6705024
966200,0.9791314005851746,1783518793.7541938
966300,0.9791914224624634,1783518799.90393
966400,0.9792513847351074,1783518806.22111
966500,0.9793114066123962,1783518812.5667324
966600,0.9793714284896851,1783518818.9183993
966700,0.9794313907623291,1783518825.2649617
966800,0.9794914126396179,1783518831.3197074
966900,0.979551374912262,1783518837.3740005
967000,0.9796113967895508,1783518843.637593
967100,0.9796714186668396,1783518849.892786
967200,0.9797313809394836,1783518856.0495942
967300,0.9797914028167725,1783518862.0700421
967400,0.9798514246940613,1783518868.3113678
967500,0.9799113869667053,1783518874.654262
967600,0.9799714088439941,1783518881.0145125
967700,0.9800313711166382,1783518887.2947922
967800,0.980091392993927,1783518893.7783928
967900,0.9801514148712158,1783518900.0297444
968000,0.9802113771438599,1783518906.331883
968100,0.9802713990211487,1783518912.5509846
968200,0.9803314208984375,1783518918.882453
968300,0.9803913831710815,1783518925.344049
968400,0.9804514050483704,1783518931.7662332
968500,0.9805114269256592,1783518938.1761892
968600,0.9805713891983032,1783518944.3924396
968700,0.980631411075592,1783518950.4163413
968800,0.9806913733482361,1783518956.6334033
968900,0.9807513952255249,1783518962.7395585
969000,0.9808114171028137,1783518968.9681149
969100,0.9808713793754578,1783518975.133252
969200,0.9809314012527466,1783518981.23421
969300,0.9809914231300354,1783518987.4642572
969400,0.9810513854026794,1783518993.534441
969500,0.9811114072799683,1783518999.7980173
969600,0.9811714291572571,1783519005.8621025
969700,0.9812313914299011,1783519011.994624
969800,0.9812914133071899,1783519018.1649272
969900,0.981351375579834,1783519024.1586602
970000,0.9814113974571228,1783519030.501403
970100,0.9814714193344116,1783519036.6132927
970200,0.9815313816070557,1783519043.1109743
970300,0.9815914034843445,1783519049.2984083
970400,0.9816514253616333,1783519055.3141634
970500,0.9817113876342773,1783519061.3121762
970600,0.9817714095115662,1783519067.3182485
970700,0.9818313717842102,1783519073.7085836
970800,0.981891393661499,1783519079.6469593
970900,0.9819514155387878,1783519085.918115
971000,0.9820113778114319,1783519091.972841
971100,0.9820713996887207,1783519098.1747065
971200,0.9821314215660095,1783519104.4238877
971300,0.9821913838386536,1783519110.385774
971400,0.9822514057159424,1783519116.4631014
971500,0.9823114275932312,1783519122.464244
971600,0.9823713898658752,1783519128.9388325
971700,0.9824314117431641,1783519135.2189455
971800,0.9824913740158081,1783519141.5306253
971900,0.9825513958930969,1783519147.644907
972000,0.9826114177703857,1783519153.7616634
972100,0.9826713800430298,1783519159.9700527
972200,0.9827314019203186,1783519166.0842898
972300,0.9827914237976074,1783519172.3536737
972400,0.9828513860702515,1783519178.5131629
972500,0.9829114079475403,1783519184.4954777
972600,0.9829713702201843,1783519190.4607213
972700,0.9830313920974731,1783519196.6387334
972800,0.983091413974762,1783519202.6098247
972900,0.983151376247406,1783519208.6472614
973000,0.9832113981246948,1783519214.8767526
973100,0.9832714200019836,1783519220.9952872
973200,0.9833313822746277,1783519227.0492613
973300,0.9833914041519165,1783519233.0298765
973400,0.9834514260292053,1783519239.263875
973500,0.9835113883018494,1783519245.3921657
973600,0.9835714101791382,1783519251.4862702
973700,0.9836313724517822,1783519257.7561703
973800,0.983691394329071,1783519263.936046
973900,0.9837514162063599,1783519270.1603608
974000,0.9838113784790039,1783519276.5135024
974100,0.9838714003562927,1783519282.653205
974200,0.9839314222335815,1783519288.777227
974300,0.9839913845062256,1783519294.9982133
974400,0.9840514063835144,1783519301.0637648
974500,0.9841114282608032,1783519307.4938395
974600,0.9841713905334473,1783519313.6928916
974700,0.9842314124107361,1783519319.8453047
974800,0.9842913746833801,1783519325.9857728
974900,0.984351396560669,1783519332.2222283
975000,0.9844114184379578,1783519338.4784977
975100,0.9844713807106018,1783519497.3981218
975200,0.9845314025878906,1783519503.5850506
975300,0.9845914244651794,1783519509.811673
975400,0.9846513867378235,1783519516.2063975
975500,0.9847114086151123,1783519522.3990977
975600,0.9847713708877563,1783519528.4081118
975700,0.9848313927650452,1783519534.7345731
975800,0.984891414642334,1783519540.9559863
975900,0.984951376914978,1783519547.4513483
976000,0.9850113987922668,1783519553.7137449
976100,0.9850714206695557,1783519559.8954654
976200,0.9851313829421997,1783519566.1403987
976300,0.9851914048194885,1783519572.3062952
976400,0.9852514266967773,1783519578.44784
976500,0.9853113889694214,1783519584.817212
976600,0.9853714108467102,1783519591.4457657
976700,0.9854313731193542,1783519597.7330806
976800,0.9854913949966431,1783519603.877648
976900,0.9855514168739319,1783519610.2068164
977000,0.9856113791465759,1783519616.5794263
977100,0.9856714010238647,1783519622.7464027
977200,0.9857314229011536,1783519628.8691587
977300,0.9857913851737976,1783519635.1722102
977400,0.9858514070510864,1783519641.3768742
977500,0.9859114289283752,1783519647.523511
977600,0.9859713912010193,1783519653.9180405
977700,0.9860314130783081,1783519659.9434874
977800,0.9860913753509521,1783519666.1622918
977900,0.986151397228241,1783519672.189144
978000,0.9862114191055298,1783519678.1411605
978100,0.9862713813781738,1783519684.254904
978200,0.9863314032554626,1783519690.3780074
978300,0.9863914251327515,1783519696.7127912
978400,0.9864513874053955,1783519702.9091885
978500,0.9865114092826843,1783519709.3458996
978600,0.9865713715553284,1783519715.6979246
978700,0.9866313934326172,1783519721.8758812
978800,0.986691415309906,1783519728.3378553
978900,0.98675137758255,1783519734.647769
979000,0.9868113994598389,1783519741.1163971
979100,0.9868714213371277,1783519747.7804415
979200,0.9869313836097717,1783519754.161349
979300,0.9869914054870605,1783519760.761788
979400,0.9870514273643494,1783519767.1705127
979500,0.9871113896369934,1783519773.5283756
979600,0.9871714115142822,1783519779.7071612
979700,0.9872313737869263,1783519785.8875792
979800,0.9872913956642151,1783519792.1539176
979900,0.9873514175415039,1783519798.3054407
980000,0.987411379814148,1783519804.381862
980100,0.9874714016914368,1783519810.493761
980200,0.9875314235687256,1783519816.973208
980300,0.9875913858413696,1783519823.0751576
980400,0.9876514077186584,1783519829.416425
980500,0.9877114295959473,1783519835.7461412
980600,0.9877713918685913,1783519842.174393
980700,0.9878314137458801,1783519848.2665608
980800,0.9878913760185242,1783519854.4355047
980900,0.987951397895813,1783519860.6812224
981000,0.9880114197731018,1783519866.8576183
981100,0.9880713820457458,1783519873.2354004
981200,0.9881314039230347,1783519879.3186562
981300,0.9881914258003235,1783519885.5698574
981400,0.9882513880729675,1783519891.7720013
981500,0.9883114099502563,1783519897.9039128
981600,0.9883713722229004,1783519903.9270875
981700,0.9884313941001892,1783519909.9613729
981800,0.988491415977478,1783519916.2646694
981900,0.9885513782501221,1783519922.2329898
982000,0.9886114001274109,1783519928.4077687
982100,0.9886714220046997,1783519934.5563412
982200,0.9887313842773438,1783519940.6985445
982300,0.9887914061546326,1783519946.7320106
982400,0.9888514280319214,1783519952.8855076
982500,0.9889113903045654,1783519959.1105378
982600,0.9889714121818542,1783519965.3725452
982700,0.9890313744544983,1783519971.637107
982800,0.9890913963317871,1783519977.8312948
982900,0.9891514182090759,1783519984.0794823
983000,0.98921138048172,1783519990.3370857
983100,0.9892714023590088,1783519996.3211696
983200,0.9893314242362976,1783520002.5195231
983300,0.9893913865089417,1783520008.6363266
983400,0.9894514083862305,1783520014.777904
983500,0.9895113706588745,1783520020.8947086
983600,0.9895713925361633,1783520026.8641055
983700,0.9896314144134521,1783520033.2948947
983800,0.9896913766860962,1783520039.3274229
983900,0.989751398563385,1783520045.5531313
984000,0.9898114204406738,1783520051.6512694
984100,0.9898713827133179,1783520058.0483918
984200,0.9899314045906067,1783520064.457866
984300,0.9899914264678955,1783520070.645863
984400,0.9900513887405396,1783520076.7427342
984500,0.9901114106178284,1783520083.004142
984600,0.9901713728904724,1783520089.3756561
984700,0.9902313947677612,1783520095.5256166
984800,0.99029141664505,1783520101.7250688
984900,0.9903513789176941,1783520107.7453518
985000,0.9904114007949829,1783520113.9627385
985100,0.9904714226722717,1783520120.2236905
985200,0.9905313849449158,1783520126.4571624
985300,0.9905914068222046,1783520132.6325977
985400,0.9906514286994934,1783520138.6587856
985500,0.9907113909721375,1783520144.8995192
985600,0.9907714128494263,1783520151.1637814
985700,0.9908313751220703,1783520157.587269
985800,0.9908913969993591,1783520164.0185263
985900,0.990951418876648,1783520170.1781325
986000,0.991011381149292,1783520176.624434
986100,0.9910714030265808,1783520183.102226
986200,0.9911314249038696,1783520189.4638052
986300,0.9911913871765137,1783520196.0173054
986400,0.9912514090538025,1783520202.3987038
986500,0.9913113713264465,1783520208.4692554
986600,0.9913713932037354,1783520214.494307
986700,0.9914314150810242,1783520220.655366
986800,0.9914913773536682,1783520226.8608675
986900,0.991551399230957,1783520232.9019587
987000,0.9916114211082458,1783520239.030967
987100,0.9916713833808899,1783520245.2107422
987200,0.9917314052581787,1783520251.548028
987300,0.9917914271354675,1783520257.7705605
987400,0.9918513894081116,1783520263.8038518
987500,0.9919114112854004,1783520270.1708193
987600,0.9919713735580444,1783520276.494604
987700,0.9920313954353333,1783520282.8126547
987800,0.9920914173126221,1783520289.4486759
987900,0.9921513795852661,1783520295.6025314
988000,0.9922114014625549,1783520301.8830256
988100,0.9922714233398438,1783520308.2155676
988200,0.9923313856124878,1783520314.2733154
988300,0.9923914074897766,1783520320.450172
988400,0.9924514293670654,1783520326.5121322
988500,0.9925113916397095,1783520332.4725688
988600,0.9925714135169983,1783520338.5196395
988700,0.9926313757896423,1783520344.5977402
988800,0.9926913976669312,1783520350.6320293
988900,0.99275141954422,1783520356.7486107
989000,0.992811381816864,1783520362.9658263
989100,0.9928714036941528,1783520369.2132123
989200,0.9929314255714417,1783520375.2956736
989300,0.9929913878440857,1783520381.3971655
989400,0.9930514097213745,1783520387.7986426
989500,0.9931113719940186,1783520393.8634486
989600,0.9931713938713074,1783520400.0622032
989700,0.9932314157485962,1783520406.2004542
989800,0.9932913780212402,1783520412.1599565
989900,0.993351399898529,1783520418.3527336
990000,0.9934114217758179,1783520424.257973
990100,0.9934713840484619,1783520430.3146365
990200,0.9935314059257507,1783520436.6355984
990300,0.9935914278030396,1783520442.903159
990400,0.9936513900756836,1783520448.9451103
990500,0.9937114119529724,1783520455.1302803
990600,0.9937713742256165,1783520461.125472
990700,0.9938313961029053,1783520467.1947868
990800,0.9938914179801941,1783520473.2700279
990900,0.9939513802528381,1783520479.488675
991000,0.994011402130127,1783520485.5032415
991100,0.9940714240074158,1783520491.744873
991200,0.9941313862800598,1783520497.9290087
991300,0.9941914081573486,1783520504.1132154
991400,0.9942513704299927,1783520510.075177
991500,0.9943113923072815,1783520516.4471211
991600,0.9943714141845703,1783520522.4586284
991700,0.9944313764572144,1783520528.7203977
991800,0.9944913983345032,1783520535.0123205
991900,0.994551420211792,1783520541.0867865
992000,0.994611382484436,1783520547.2319365
992100,0.9946714043617249,1783520553.503995
992200,0.9947314262390137,1783520559.6452918
992300,0.9947913885116577,1783520565.8203697
992400,0.9948514103889465,1783520571.9285932
992500,0.9949113726615906,1783520577.970412
992600,0.9949713945388794,1783520584.3176856
992700,0.9950314164161682,1783520590.5610414
992800,0.9950913786888123,1783520596.646846
992900,0.9951514005661011,1783520602.9291885
993000,0.9952114224433899,1783520609.1804767
993100,0.9952713847160339,1783520615.4621263
993200,0.9953314065933228,1783520621.5524983
993300,0.9953914284706116,1783520627.7011309
993400,0.9954513907432556,1783520634.145956
993500,0.9955114126205444,1783520640.4123576
993600,0.9955713748931885,1783520646.470636
993700,0.9956313967704773,1783520652.6966913
993800,0.9956914186477661,1783520659.010751
993900,0.9957513809204102,1783520665.747798
994000,0.995811402797699,1783520671.942125
994100,0.9958714246749878,1783520678.3755178
994200,0.9959313869476318,1783520684.698842
994300,0.9959914088249207,1783520690.9761982
994400,0.9960513710975647,1783520697.5170863
994500,0.9961113929748535,1783520703.8327944
994600,0.9961714148521423,1783520710.0984433
994700,0.9962313771247864,1783520716.3607936
994800,0.9962913990020752,1783520722.794034
994900,0.996351420879364,1783520729.099777
995000,0.9964113831520081,1783520735.3134787
995100,0.9964714050292969,1783520741.6695368
995200,0.9965314269065857,1783520747.8194032
995300,0.9965913891792297,1783520754.1743853
995400,0.9966514110565186,1783520760.3337636
995500,0.9967113733291626,1783520766.5764904
995600,0.9967713952064514,1783520772.7804055
995700,0.9968314170837402,1783520778.9697807
995800,0.9968913793563843,1783520785.2699332
995900,0.9969514012336731,1783520791.3893447
996000,0.9970114231109619,1783520797.774459
996100,0.997071385383606,1783520803.8390799
996200,0.9971314072608948,1783520810.1199625
996300,0.9971914291381836,1783520816.4962225
996400,0.9972513914108276,1783520823.0129647
996500,0.9973114132881165,1783520829.291592
996600,0.9973713755607605,1783520835.4581912
996700,0.9974313974380493,1783520841.5274718
996800,0.9974914193153381,1783520847.752587
996900,0.9975513815879822,1783520854.015286
997000,0.997611403465271,1783520860.2747843
997100,0.9976714253425598,1783520866.5688028
997200,0.9977313876152039,1783520872.8087437
997300,0.9977914094924927,1783520878.9162211
997400,0.9978513717651367,1783520885.1199126
997500,0.9979113936424255,1783520891.3735383
997600,0.9979714155197144,1783520897.5400043
997700,0.9980313777923584,1783520903.8812277
997800,0.9980913996696472,1783520910.0178099
997900,0.998151421546936,1783520916.3275828
998000,0.9982113838195801,1783520922.4605982
998100,0.9982714056968689,1783520928.834183
998200,0.9983314275741577,1783520934.87469
998300,0.9983913898468018,1783520940.9571388
998400,0.9984514117240906,1783520947.0602424
998500,0.9985113739967346,1783520953.248259
998600,0.9985713958740234,1783520959.4067006
998700,0.9986314177513123,1783520965.5765393
998800,0.9986913800239563,1783520972.0431697
998900,0.9987514019012451,1783520978.1085837
999000,0.9988114237785339,1783520984.489449
999100,0.998871386051178,1783520990.3682055
999200,0.9989314079284668,1783520996.511146
999300,0.9989913702011108,1783521002.6459248
999400,0.9990513920783997,1783521008.753587
999500,0.9991114139556885,1783521014.8720477
999600,0.9991713762283325,1783521021.2005427
999700,0.9992313981056213,1783521027.3269289
999800,0.9992914199829102,1783521033.5084014
999900,0.9993513822555542,1783521039.530104
1000000,0.9994120001792908,1783524481.7277024
1000100,0.9994720220565796,1783524644.2805223
1000200,0.9995319843292236,1783524650.6208177
1000300,0.9995920062065125,1783524656.755469
1000400,0.9996520280838013,1783524662.9601965
1000500,0.9997119903564453,1783524669.2776692
1000600,0.9997720122337341,1783524675.9056973
1000700,0.9998319745063782,1783524682.110425
1000800,0.999891996383667,1783524688.2524698
1000900,0.9999520182609558,1783524694.6419997
1001000,1.0,1783524700.8942158
1001100,1.0,1783524707.2057905
1001200,1.0,1783524713.444682
1001300,1.0,1783524719.9605498
1001400,1.0,1783524726.1442747
1001500,1.0,1783524732.1463182
1001600,1.0,1783524738.3796651
1001700,1.0,1783524744.7739863
1001800,1.0,1783524750.812428
1001900,1.0,1783524757.0198839
1002000,1.0,1783524763.2266872
1002100,1.0,1783524769.734202
1002200,1.0,1783524776.1302974
1002300,1.0,1783524782.5402224
1002400,1.0,1783524788.9139261
1002500,1.0,1783524795.109427
1002600,1.0,1783524801.3538654
1002700,1.0,1783524807.652236
1002800,1.0,1783524813.9095201
1002900,1.0,1783524820.2678304
1003000,1.0,1783524826.457503
1003100,1.0,1783524833.1974008
1003200,1.0,1783524839.4892309
1003300,1.0,1783524845.8097715
1003400,1.0,1783524851.976816
1003500,1.0,1783524858.3766477
1003600,1.0,1783524864.7183053
1003700,1.0,1783524871.4631307
1003800,1.0,1783524877.9674234
1003900,1.0,1783524884.3312743
1004000,1.0,1783524890.4389884
1004100,1.0,1783524896.8206325
1004200,1.0,1783524903.1369326
1004300,1.0,1783524909.4988575
1004400,1.0,1783524915.9138362
1004500,1.0,1783524922.2292614
1004600,1.0,1783524928.5999806
1004700,1.0,1783524934.792091
1004800,1.0,1783524941.1994796
1004900,1.0,1783524947.3608248
1005000,1.0,1783524953.558911
1005100,1.0,1783524959.7529583
1005200,1.0,1783524966.0531878
1005300,1.0,1783524972.2200916
1005400,1.0,1783524978.4148498
1005500,1.0,1783524984.6539292
1005600,1.0,1783524990.8928668
1005700,1.0,1783524996.9998078
1005800,1.0,1783525003.3522854
1005900,1.0,1783525009.5097795
1006000,1.0,1783525015.754324
1006100,1.0,1783525021.9558477
1006200,1.0,1783525028.3559666
1006300,1.0,1783525034.5149403
1006400,1.0,1783525041.0017743
1006500,1.0,1783525047.2492843
1006600,1.0,1783525053.2422125
1006700,1.0,1783525059.4594235
1006800,1.0,1783525065.7599213
1006900,1.0,1783525072.3645298
1007000,1.0,1783525078.6775403
1007100,1.0,1783525084.8632483
1007200,1.0,1783525091.1870792
1007300,1.0,1783525097.4339223
1007400,1.0,1783525103.742778
1007500,1.0,1783525110.0098236
1007600,1.0,1783525116.3360698
1007700,1.0,1783525122.4698768
1007800,1.0,1783525128.743768
1007900,1.0,1783525135.1218288
1008000,1.0,1783525141.4845362
1008100,1.0,1783525147.8268018
1008200,1.0,1783525154.1973417
1008300,1.0,1783525160.5191672
1008400,1.0,1783525166.9432826
1008500,1.0,1783525173.308644
1008600,1.0,1783525179.5331645
1008700,1.0,1783525185.9708104
1008800,1.0,1783525192.2650747
1008900,1.0,1783525198.7534268
1009000,1.0,1783525205.113639
1009100,1.0,1783525211.4672868
1009200,1.0,1783525218.1276808
1009300,1.0,1783525224.5767736
1009400,1.0,1783525230.8027587
1009500,1.0,1783525237.2091634
1009600,1.0,1783525243.4736059
1009700,1.0,1783525249.9960806
1009800,1.0,1783525256.2282767
1009900,1.0,1783525262.5601714
1010000,1.0,1783525268.6793146
1010100,1.0,1783525274.7027225
1010200,1.0,1783525280.8942494
1010300,1.0,1783525286.911854
1010400,1.0,1783525293.18261
1010500,1.0,1783525299.3832068
1010600,1.0,1783525305.7490761
1010700,1.0,1783525311.8683164
1010800,1.0,1783525318.0858934
1010900,1.0,1783525324.212256
1011000,1.0,1783525330.5443652
1011100,1.0,1783525336.8017735
1011200,1.0,1783525342.9215417
1011300,1.0,1783525349.0297153
1011400,1.0,1783525355.5274398
1011500,1.0,1783525361.8909514
1011600,1.0,1783525368.2060626
1011700,1.0,1783525374.3318021
1011800,1.0,1783525380.6733427
1011900,1.0,1783525386.6130946
1012000,1.0,1783525392.8472238
1012100,1.0,1783525398.996864
1012200,1.0,1783525405.0589259
1012300,1.0,1783525411.032521
1012400,1.0,1783525417.4805002
1012500,1.0,1783525423.4191365
1012600,1.0,1783525429.7589607
1012700,1.0,1783525435.7722037
1012800,1.0,1783525441.6741102
1012900,1.0,1783525447.6958447
1013000,1.0,1783525453.8616142
1013100,1.0,1783525460.0308337
1013200,1.0,1783525466.003273
1013300,1.0,1783525471.830449
1013400,1.0,1783525477.9227517
1013500,1.0,1783525484.1279795
1013600,1.0,1783525490.0483565
1013700,1.0,1783525496.315771
1013800,1.0,1783525502.5792148
1013900,1.0,1783525508.721677
1014000,1.0,1783525515.1334383
1014100,1.0,1783525521.43127
1014200,1.0,1783525527.8766694
1014300,1.0,1783525534.4510198
1014400,1.0,1783525540.251804
1014500,1.0,1783525546.557728
1014600,1.0,1783525552.6875184
1014700,1.0,1783525558.688048
1014800,1.0,1783525565.1277993
1014900,1.0,1783525571.0758092
1015000,1.0,1783525577.571416
1015100,1.0,1783525584.047124
1015200,1.0,1783525590.1310976
1015300,1.0,1783525596.4542432
1015400,1.0,1783525602.2650578
1015500,1.0,1783525608.8523152
1015600,1.0,1783525614.8111126
1015700,1.0,1783525620.990052
1015800,1.0,1783525627.0465677
1015900,1.0,1783525633.2007449
1016000,1.0,1783525639.4722724
1016100,1.0,1783525645.4134321
1016200,1.0,1783525651.511227
1016300,1.0,1783525657.5324032
1016400,1.0,1783525663.6549768
1016500,1.0,1783525669.9212053
1016600,1.0,1783525676.499383
1016700,1.0,1783525682.393276
1016800,1.0,1783525688.5777326
1016900,1.0,1783525694.5865746
1017000,1.0,1783525700.9685335
1017100,1.0,1783525707.2767148
1017200,1.0,1783525713.4746902
1017300,1.0,1783525719.7919865
1017400,1.0,1783525725.9884539
1017500,1.0,1783525732.282468
1017600,1.0,1783525738.601057
1017700,1.0,1783525744.8256826
1017800,1.0,1783525751.3146937
1017900,1.0,1783525757.6832633
1018000,1.0,1783525763.8396997
1018100,1.0,1783525769.8736625
1018200,1.0,1783525776.3456671
1018300,1.0,1783525782.5309398
1018400,1.0,1783525788.6899357
1018500,1.0,1783525794.7805858
1018600,1.0,1783525800.901149
1018700,1.0,1783525807.1132996
1018800,1.0,1783525813.4764254
1018900,1.0,1783525819.8143265
1019000,1.0,1783525825.8776329
1019100,1.0,1783525832.2312746
1019200,1.0,1783525838.5292995
1019300,1.0,1783525844.605791
1019400,1.0,1783526666.4241252
1019500,1.0,1783526672.5483687
1019600,1.0,1783526678.915954
1019700,1.0,1783526685.348001
1019800,1.0,1783526692.0003486
1019900,1.0,1783526698.6106377
1020000,1.0,1783526704.9442787
1020100,1.0,1783526711.405236
1020200,1.0,1783526717.8017
1020300,1.0,1783526724.047482
1020400,1.0,1783526730.1251888
1020500,1.0,1783526736.318895
1020600,1.0,1783526742.5147572
1020700,1.0,1783526748.6651335
1020800,1.0,1783526754.7580094
1020900,1.0,1783526761.0189152
1021000,1.0,1783526767.012205
1021100,1.0,1783526773.2858145
1021200,1.0,1783526779.4121416
1021300,1.0,1783526785.5882998
1021400,1.0,1783526791.7801337
1021500,1.0,1783526798.3644254
1021600,1.0,1783526804.8042376
1021700,1.0,1783526811.0015557
1021800,1.0,1783526817.2670398
1021900,1.0,1783526823.2837267
1022000,1.0,1783526829.6479247
1022100,1.0,1783526836.1071086
1022200,1.0,1783526842.226169
1022300,1.0,1783526848.307047
1022400,1.0,1783526854.3055935
1022500,1.0,1783526860.3071826
1022600,1.0,1783526866.5104918
1022700,1.0,1783526872.4452164
1022800,1.0,1783526878.5148315
1022900,1.0,1783526884.6271281
1023000,1.0,1783526890.7291458
1023100,1.0,1783526896.9771914
1023200,1.0,1783526903.1213093
1023300,1.0,1783526909.4298854
1023400,1.0,1783526915.7312236
1023500,1.0,1783526921.9875717
1023600,1.0,1783526928.2407408
1023700,1.0,1783526934.530206
1023800,1.0,1783526940.8604324
1023900,1.0,1783526947.1132357
1024000,1.0,1783526953.3174047
1024100,1.0,1783526959.4973335
1024200,1.0,1783526965.6882253
1024300,1.0,1783526971.6678143
1024400,1.0,1783526977.9739687
1024500,1.0,1783526983.9646788
1024600,1.0,1783526990.2013135
1024700,1.0,1783526996.1930497
1024800,1.0,1783527002.2666194
1024900,1.0,1783527008.3970358
1025000,1.0,1783527014.4452255
1025100,1.0,1783527168.326498
1025200,1.0,1783527174.379867
1025300,1.0,1783527180.4389591
1025400,1.0,1783527186.6696472
1025500,1.0,1783527192.616629
1025600,1.0,1783527198.9911246
1025700,1.0,1783527205.3327286
1025800,1.0,1783527211.3038087
1025900,1.0,1783527217.5569742
1026000,1.0,1783527223.8790855
1026100,1.0,1783527230.109862
1026200,1.0,1783527236.2530024
1026300,1.0,1783527242.4622254
1026400,1.0,1783527248.4744596
1026500,1.0,1783527254.6937916
1026600,1.0,1783527260.8179884
1026700,1.0,1783527267.2164586
1026800,1.0,1783527273.6549375
1026900,1.0,1783527279.6117606
1027000,1.0,1783527285.8979225
1027100,1.0,1783527292.1433222
1027200,1.0,1783527298.49218
1027300,1.0,1783527304.769294
1027400,1.0,1783527310.8051763
1027500,1.0,1783527317.033945
1027600,1.0,1783527323.2069964
1027700,1.0,1783527329.6281703
1027800,1.0,1783527335.8002434
1027900,1.0,1783527342.2023675
1028000,1.0,1783527348.658849
1028100,1.0,1783527354.9945066
1028200,1.0,1783527361.3938868
1028300,1.0,1783527367.515566
1028400,1.0,1783527373.6868117
1028500,1.0,1783527379.9694376
1028600,1.0,1783527386.149939
1028700,1.0,1783527392.3911076
1028800,1.0,1783527398.6858761
1028900,1.0,1783527404.9888327
1029000,1.0,1783527411.0887425
1029100,1.0,1783527417.5282905
1029200,1.0,1783527423.8201973
1029300,1.0,1783527429.9332724
1029400,1.0,1783527435.9237916
1029500,1.0,1783527442.2951455
1029600,1.0,1783527448.6577578
1029700,1.0,1783527454.826366
1029800,1.0,1783527460.8995748
1029900,1.0,1783527467.406632
1030000,1.0,1783527473.5950577
1030100,1.0,1783527479.836231
1030200,1.0,1783527486.006824
1030300,1.0,1783527492.3711607
1030400,1.0,1783527498.4387717
1030500,1.0,1783527504.6582618
1030600,1.0,1783527510.7087598
1030700,1.0,1783527516.974177
1030800,1.0,1783527523.406812
1030900,1.0,1783527529.7981594
1031000,1.0,1783527536.151032
1031100,1.0,1783527542.461632
1031200,1.0,1783527548.6228006
1031300,1.0,1783527554.9083838
1031400,1.0,1783527561.1482522
1031500,1.0,1783527567.5101514
1031600,1.0,1783527573.9788702
1031700,1.0,1783527580.3027835
1031800,1.0,1783527586.6034656
1031900,1.0,1783527592.9307215
1032000,1.0,1783527599.0850878
1032100,1.0,1783527605.2105553
1032200,1.0,1783527611.5721138
1032300,1.0,1783527617.7951992
1032400,1.0,1783527624.0382884
1032500,1.0,1783527630.2333484
1032600,1.0,1783527636.726651
1032700,1.0,1783527643.141015
1032800,1.0,1783527649.5808985
1032900,1.0,1783527655.870326
1033000,1.0,1783527662.036456
1033100,1.0,1783527668.2737956
1033200,1.0,1783527674.6008244
1033300,1.0,1783527680.8064814
1033400,1.0,1783527687.1501517
1033500,1.0,1783527693.1330519
1033600,1.0,1783527699.0918763
1033700,1.0,1783527705.1954055
1033800,1.0,1783527711.4742875
1033900,1.0,1783527717.6272526
1034000,1.0,1783527723.89871
1034100,1.0,1783527729.9724927
1034200,1.0,1783527736.3615606
1034300,1.0,1783527742.7279532
1034400,1.0,1783527749.0475287
1034500,1.0,1783527755.3525925
1034600,1.0,1783527761.6172304
1034700,1.0,1783527768.0524492
1034800,1.0,1783527774.1847486
1034900,1.0,1783527780.2275727
1035000,1.0,1783527786.3080597
1035100,1.0,1783527792.5908296
1035200,1.0,1783527798.837691
1035300,1.0,1783527805.1360884
1035400,1.0,1783527811.5405734
1035500,1.0,1783527817.5426714
1035600,1.0,1783527823.7438915
1035700,1.0,1783527830.0704784
1035800,1.0,1783527836.199841
1035900,1.0,1783527842.4216301
1036000,1.0,1783527848.6941128
1036100,1.0,1783527854.9128551
1036200,1.0,1783527861.0853026
1036300,1.0,1783527867.103258
1036400,1.0,1783527873.3298326
1036500,1.0,1783527879.5523684
1036600,1.0,1783527885.702251
1036700,1.0,1783527892.0868428
1036800,1.0,1783527898.188307
1036900,1.0,1783527904.4164233
1037000,1.0,1783527910.6339762
1037100,1.0,1783527916.8009446
1037200,1.0,1783527922.9014268
1037300,1.0,1783527929.0136425
1037400,1.0,1783527935.3056855
1037500,1.0,1783527941.6772768
1037600,1.0,1783527947.9049857
1037700,1.0,1783527954.1543837
1037800,1.0,1783527960.4056287
1037900,1.0,1783527966.6025703
1038000,1.0,1783527973.0610414
1038100,1.0,1783527979.5172315
1038200,1.0,1783527985.900481
1038300,1.0,1783527992.3000877
1038400,1.0,1783527998.3558505
1038500,1.0,1783528004.5088012
1038600,1.0,1783528010.8097396
1038700,1.0,1783528017.0252857
1038800,1.0,1783528023.3585851
1038900,1.0,1783528029.4209003
1039000,1.0,1783528035.5727785
1039100,1.0,1783528041.5994751
1039200,1.0,1783528047.700809
1039300,1.0,1783528053.8449135
1039400,1.0,1783528060.330821
1039500,1.0,1783528066.6587965
1039600,1.0,1783528072.7279098
1039700,1.0,1783528078.8116617
1039800,1.0,1783528084.9189851
1039900,1.0,1783528091.208547
1040000,1.0,1783528097.2670949
1040100,1.0,1783528103.4140372
1040200,1.0,1783528109.6042433
1040300,1.0,1783528115.988078
1040400,1.0,1783528122.259067
1040500,1.0,1783528128.5526178
1040600,1.0,1783528134.9456258
1040700,1.0,1783528141.0090923
1040800,1.0,1783528147.144876
1040900,1.0,1783528153.2308109
1041000,1.0,1783528159.570295
1041100,1.0,1783528165.7183728
1041200,1.0,1783528172.0616257
1041300,1.0,1783528178.3060086
1041400,1.0,1783528184.5939195
1041500,1.0,1783528190.692355
1041600,1.0,1783528196.7558274
1041700,1.0,1783528203.0721855
1041800,1.0,1783528209.3503065
1041900,1.0,1783528215.3081498
1042000,1.0,1783528222.0091639
1042100,1.0,1783528228.4846542
1042200,1.0,1783528234.6476457
1042300,1.0,1783528240.670978
1042400,1.0,1783528246.8919659
1042500,1.0,1783528253.1164258
1042600,1.0,1783528259.411866
1042700,1.0,1783528265.6485178
1042800,1.0,1783528271.926626
1042900,1.0,1783528278.1215503
1043000,1.0,1783528284.4498565
1043100,1.0,1783528290.7414942
1043200,1.0,1783528297.0670366
1043300,1.0,1783528303.3697672
1043400,1.0,1783528309.6130874
1043500,1.0,1783528315.756715
1043600,1.0,1783528322.055219
1043700,1.0,1783528328.3569634
1043800,1.0,1783528334.4333696
1043900,1.0,1783528340.6102104
1044000,1.0,1783528346.9876919
1044100,1.0,1783528353.016593
1044200,1.0,1783528359.526676
1044300,1.0,1783528365.697329
1044400,1.0,1783528372.0296555
1044500,1.0,1783528378.3074737
1044600,1.0,1783528384.5589347
1044700,1.0,1783528390.9792717
1044800,1.0,1783528397.0512364
1044900,1.0,1783528403.2378318
1045000,1.0,1783528409.4792736
1045100,1.0,1783528415.666143
1045200,1.0,1783528421.9879138
1045300,1.0,1783528427.9877868
1045400,1.0,1783528434.0067055
1045500,1.0,1783528440.0936158
1045600,1.0,1783528446.2904806
1045700,1.0,1783528452.5908341
1045800,1.0,1783528458.8602335
1045900,1.0,1783528465.3235047
1046000,1.0,1783528471.5008287
1046100,1.0,1783528477.523342
1046200,1.0,1783528483.9915097
1046300,1.0,1783528490.033836
1046400,1.0,1783528496.2481542
1046500,1.0,1783528502.4102833
1046600,1.0,1783528508.738956
1046700,1.0,1783528514.87712
1046800,1.0,1783528521.3144825
1046900,1.0,1783528527.5517514
1047000,1.0,1783528533.6187627
1047100,1.0,1783528539.8634758
1047200,1.0,1783528546.0298536
1047300,1.0,1783528552.4345467
1047400,1.0,1783528558.438275
1047500,1.0,1783528564.7327576
1047600,1.0,1783528571.1107752
1047700,1.0,1783528577.3483145
1047800,1.0,1783528583.521394
1047900,1.0,1783528589.6692371
1048000,1.0,1783528595.9955523
1048100,1.0,1783528602.3013093
1048200,1.0,1783528608.5348756
1048300,1.0,1783528614.976106
1048400,1.0,1783528621.1394627
1048500,1.0,1783528627.226784
1048600,1.0,1783528633.5121925
1048700,1.0,1783528639.540504
1048800,1.0,1783528645.6365225
1048900,1.0,1783528651.6870182
1049000,1.0,1783528657.85643
1049100,1.0,1783528663.9320009
1049200,1.0,1783528669.972127
1049300,1.0,1783528676.110067
1049400,1.0,1783528682.2094023
1049500,1.0,1783528688.7575696
1049600,1.0,1783528694.763194
1049700,1.0,1783528700.9984517
1049800,1.0,1783528707.301269
1049900,1.0,1783528713.5389132
1050000,1.0,1783603952.4930582
1050100,1.0,1783604104.1900415
1050200,1.0,1783604110.1610458
1050300,1.0,1783604116.40159
1050400,1.0,1783604122.4515882
1050500,1.0,1783604128.271181
1050600,1.0,1783604134.249843
1050700,1.0,1783604140.3900585
1050800,1.0,1783604146.5875425
1050900,1.0,1783604152.772605
1051000,1.0,1783604158.895941
1051100,1.0,1783604165.212373
1051200,1.0,1783604171.597992
1051300,1.0,1783604177.7812834
1051400,1.0,1783604183.7591524
1051500,1.0,1783604190.065745
1051600,1.0,1783604196.2415097
1051700,1.0,1783604202.450416
1051800,1.0,1783604208.5290039
1051900,1.0,1783604214.516844
1052000,1.0,1783604220.4351301
1052100,1.0,1783604226.5523813
1052200,1.0,1783604232.665564
1052300,1.0,1783604238.900384
1052400,1.0,1783604244.9176202
1052500,1.0,1783604251.35512
1052600,1.0,1783604257.4452116
1052700,1.0,1783604263.4159527
1052800,1.0,1783604269.3235996
1052900,1.0,1783604275.2663472
1053000,1.0,1783604281.34484
1053100,1.0,1783604287.2533636
1053200,1.0,1783604293.1392212
1053300,1.0,1783604299.168069
1053400,1.0,1783604305.2698174
1053500,1.0,1783604311.4074929
1053600,1.0,1783604317.4596765
1053700,1.0,1783604323.6428804
1053800,1.0,1783604329.8744583
1053900,1.0,1783604335.8898883
1054000,1.0,1783604341.9416773
1054100,1.0,1783604348.168445
1054200,1.0,1783604354.532434
1054300,1.0,1783604360.6109889
1054400,1.0,1783604366.8335285
1054500,1.0,1783604372.9027119
1054600,1.0,1783604379.1788795
1054700,1.0,1783604385.46038
1054800,1.0,1783604391.4533648
1054900,1.0,1783604397.491822
1055000,1.0,1783604403.5577219
1055100,1.0,1783604409.7949288
1055200,1.0,1783604416.0425832
1055300,1.0,1783604422.2403207
1055400,1.0,1783604428.4509184
1055500,1.0,1783604434.5401645
1055600,1.0,1783604440.6983933
1055700,1.0,1783604446.9594104
1055800,1.0,1783604453.1892629
1055900,1.0,1783604459.4122307
1056000,1.0,1783604465.541684
1056100,1.0,1783604471.6642005
1056200,1.0,1783604477.861774
1056300,1.0,1783604484.3389883
1056400,1.0,1783604490.5165105
1056500,1.0,1783604496.7756803
1056600,1.0,1783604502.8038626
1056700,1.0,1783604508.7971714
1056800,1.0,1783604514.7058783
1056900,1.0,1783604520.9257398
1057000,1.0,1783604527.0925817
1057100,1.0,1783604533.5424116
1057200,1.0,1783604539.84954
1057300,1.0,1783604546.034569
1057400,1.0,1783604552.2181652
1057500,1.0,1783604558.4596972
1057600,1.0,1783604564.6441455
1057700,1.0,1783604570.8924828
1057800,1.0,1783604577.0065756
1057900,1.0,1783604583.2117872
1058000,1.0,1783604589.4121528
1058100,1.0,1783604595.739126
1058200,1.0,1783604601.9584568
1058300,1.0,1783604607.964845
1058400,1.0,1783604614.0091758
1058500,1.0,1783604619.9454687
1058600,1.0,1783604626.0569038
1058700,1.0,1783604632.172183
1058800,1.0,1783604638.1976335
1058900,1.0,1783604644.404035
1059000,1.0,1783604650.5946152
1059100,1.0,1783604656.6851175
1059200,1.0,1783604662.7254992
1059300,1.0,1783604669.1479876
1059400,1.0,1783604675.1985707
1059500,1.0,1783604681.205667
1059600,1.0,1783604687.3854895
1059700,1.0,1783604693.484811
1059800,1.0,1783604699.7070024
1059900,1.0,1783604705.8225508
1060000,1.0,1783604712.0705354
1060100,1.0,1783604718.1960306
1060200,1.0,1783604724.4697826
1060300,1.0,1783604730.7257042
1060400,1.0,1783604737.0202255
1060500,1.0,1783604743.0377371
1060600,1.0,1783604749.361779
1060700,1.0,1783604755.193177
1060800,1.0,1783604761.5055766
1060900,1.0,1783604767.545233
1061000,1.0,1783604773.8122203
1061100,1.0,1783604780.001141
1061200,1.0,1783604786.0691664
1061300,1.0,1783604792.1496038
1061400,1.0,1783604798.1478097
1061500,1.0,1783604804.5108168
1061600,1.0,1783604810.7494438
1061700,1.0,1783604817.0396626
1061800,1.0,1783604823.1259794
1061900,1.0,1783604829.0614126
1062000,1.0,1783604835.1372771
1062100,1.0,1783604841.190384
1062200,1.0,1783604847.1675522
1062300,1.0,1783604853.4691007
1062400,1.0,1783604859.491595
1062500,1.0,1783604865.5246997
1062600,1.0,1783604871.683528
1062700,1.0,1783604877.7436726
1062800,1.0,1783604884.1985168
1062900,1.0,1783604890.5659022
1063000,1.0,1783604896.7295303
1063100,1.0,1783604903.1929185
1063200,1.0,1783604909.3167598
1063300,1.0,1783604915.442974
1063400,1.0,1783604921.3708084
1063500,1.0,1783604927.7281656
1063600,1.0,1783604933.7856507
1063700,1.0,1783604939.7609904
1063800,1.0,1783604945.7402997
1063900,1.0,1783604951.9248123
1064000,1.0,1783604957.861319
1064100,1.0,1783604964.0277054
1064200,1.0,1783604970.1767495
1064300,1.0,1783604976.1257753
1064400,1.0,1783604982.381306
1064500,1.0,1783604988.3192272
1064600,1.0,1783604994.551113
1064700,1.0,1783605000.8891692
1064800,1.0,1783605007.0150342
1064900,1.0,1783605013.3147554
1065000,1.0,1783605019.37822
1065100,1.0,1783605025.5036242
1065200,1.0,1783605031.5152843
1065300,1.0,1783605037.5679564
1065400,1.0,1783605043.8339112
1065500,1.0,1783605050.2529342
1065600,1.0,1783605056.3173513
1065700,1.0,1783605062.684948
1065800,1.0,1783605068.9461234
1065900,1.0,1783605075.274277
1066000,1.0,1783605081.5710082
1066100,1.0,1783605087.9373846
1066200,1.0,1783605094.249502
1066300,1.0,1783605100.4913762
1066400,1.0,1783605106.6184494
1066500,1.0,1783605113.0021248
1066600,1.0,1783605119.225531
1066700,1.0,1783605125.3841605
1066800,1.0,1783605131.5566783
1066900,1.0,1783605137.9315016
1067000,1.0,1783605144.4198558
1067100,1.0,1783605150.6102874
1067200,1.0,1783605156.779464
1067300,1.0,1783605163.3028262
1067400,1.0,1783605169.285165
1067500,1.0,1783605175.5545592
1067600,1.0,1783605181.858109
1067700,1.0,1783605187.9874501
1067800,1.0,1783605194.117667
1067900,1.0,1783605200.3026593
1068000,1.0,1783605206.6634696
1068100,1.0,1783605212.6616201
1068200,1.0,1783605218.7076733
1068300,1.0,1783605224.7312455
1068400,1.0,1783605230.9357512
1068500,1.0,1783605237.2186196
1068600,1.0,1783605243.5677602
1068700,1.0,1783605249.6546795
1068800,1.0,1783605255.7378626
1068900,1.0,1783605261.930115
1069000,1.0,1783605267.9751792
1069100,1.0,1783605274.0700586
1069200,1.0,1783605280.3384945
1069300,1.0,1783605286.3835087
1069400,1.0,1783605292.6810994
1069500,1.0,1783605299.0317023
1069600,1.0,1783605305.1301045
1069700,1.0,1783605311.5300248
1069800,1.0,1783605317.75358
1069900,1.0,1783605323.9589682
1070000,1.0,1783605330.0264018
1070100,1.0,1783605336.10578
1070200,1.0,1783605342.473636
1070300,1.0,1783605348.6376367
1070400,1.0,1783605354.7337282
1070500,1.0,1783605360.87509
1070600,1.0,1783605367.0692105
1070700,1.0,1783605373.2219608
1070800,1.0,1783605379.4990273
1070900,1.0,1783605385.6727693
1071000,1.0,1783605391.9397297
1071100,1.0,1783605398.119837
1071200,1.0,1783605404.343489
1071300,1.0,1783605410.3773832
1071400,1.0,1783605416.383081
1071500,1.0,1783605422.4336262
1071600,1.0,1783605428.6318815
1071700,1.0,1783605434.5387995
1071800,1.0,1783605440.780726
1071900,1.0,1783605447.1214473
1072000,1.0,1783605453.2051275
1072100,1.0,1783605459.4792285
1072200,1.0,1783605465.7528667
1072300,1.0,1783605472.054268
1072400,1.0,1783605478.0136793
1072500,1.0,1783605484.1192396
1072600,1.0,1783605490.2964864
1072700,1.0,1783605496.500325
1072800,1.0,1783605502.6181195
1072900,1.0,1783605508.5393047
1073000,1.0,1783605514.6755667
1073100,1.0,1783605520.6895745
1073200,1.0,1783605526.8730397
1073300,1.0,1783605532.833049
1073400,1.0,1783605538.9105508
1073500,1.0,1783605545.0453598
1073600,1.0,1783605551.1612813
1073700,1.0,1783605557.1812785
1073800,1.0,1783605563.351661
1073900,1.0,1783605569.4012403
1074000,1.0,1783605575.5980768
1074100,1.0,1783605581.9510424
1074200,1.0,1783605587.8314393
1074300,1.0,1783605594.1346579
1074400,1.0,1783605600.26447
1074500,1.0,1783605606.4482186
1074600,1.0,1783605612.8172474
1074700,1.0,1783605619.0063665
1074800,1.0,1783605625.2933614
1074900,1.0,1783605631.4404552
1075000,1.0,1783605637.5858996
1075100,1.0,1783605791.4217196
1075200,1.0,1783605797.5538971
1075300,1.0,1783605803.658389
1075400,1.0,1783605809.7772057
1075500,1.0,1783605815.7262533
1075600,1.0,1783605821.8745937
1075700,1.0,1783605828.0965002
1075800,1.0,1783605834.3274872
1075900,1.0,1783605840.4369972
1076000,1.0,1783605846.554913
1076100,1.0,1783605852.6864855
1076200,1.0,1783605858.9922383
1076300,1.0,1783605865.003524
1076400,1.0,1783605871.397343
1076500,1.0,1783605877.5118577
1076600,1.0,1783605883.7044442
1076700,1.0,1783605889.7291055
1076800,1.0,1783605896.0780857
1076900,1.0,1783605902.2406192
1077000,1.0,1783605908.2842126
1077100,1.0,1783605914.389189
1077200,1.0,1783605920.5998507
1077300,1.0,1783605926.8786697
1077400,1.0,1783605932.9946182
1077500,1.0,1783605938.9108744
1077600,1.0,1783605944.9523358
1077700,1.0,1783605951.1241987
1077800,1.0,1783605957.2232091
1077900,1.0,1783605963.3888426
1078000,1.0,1783605969.452395
1078100,1.0,1783605975.59107
1078200,1.0,1783605981.741608
1078300,1.0,1783605987.9219499
1078400,1.0,1783605994.0856442
1078500,1.0,1783606000.1590931
1078600,1.0,1783606006.0940175
1078700,1.0,1783606012.0520003
1078800,1.0,1783606018.4083705
1078900,1.0,1783606024.5762336
1079000,1.0,1783606030.6028652
1079100,1.0,1783606036.8209388
1079200,1.0,1783606042.8272069
1079300,1.0,1783606048.905479
1079400,1.0,1783606055.2027278
1079500,1.0,1783606061.300872
1079600,1.0,1783606067.4198053
1079700,1.0,1783606073.577416
1079800,1.0,1783606079.8380623
1079900,1.0,1783606086.01111
1080000,1.0,1783606092.124223
1080100,1.0,1783606098.1865857
1080200,1.0,1783606104.201862
1080300,1.0,1783606110.6677501
1080400,1.0,1783606116.972156
1080500,1.0,1783606123.2537193
1080600,1.0,1783606129.6794465
1080700,1.0,1783606135.7369618
1080800,1.0,1783606142.0352755
1080900,1.0,1783606148.0978992
1081000,1.0,1783606154.208098
1081100,1.0,1783606160.2242882
1081200,1.0,1783606166.3528466
1081300,1.0,1783606172.431191
1081400,1.0,1783606178.710936
1081500,1.0,1783606184.7931538
1081600,1.0,1783606190.945837
1081700,1.0,1783606197.110386
1081800,1.0,1783606203.2209983
1081900,1.0,1783606209.5880656
1082000,1.0,1783606215.743324
1082100,1.0,1783606222.1766915
1082200,1.0,1783606228.3304315
1082300,1.0,1783606234.3332534
1082400,1.0,1783606240.4908652
1082500,1.0,1783606246.7448885
1082600,1.0,1783606252.7449818
1082700,1.0,1783606259.1227856
1082800,1.0,1783606265.1427295
1082900,1.0,1783606271.0326293
1083000,1.0,1783606277.149424
1083100,1.0,1783606283.4505222
1083200,1.0,1783606289.4551806
1083300,1.0,1783606295.8723583
1083400,1.0,1783606302.1018367
1083500,1.0,1783606308.0872521
1083600,1.0,1783606314.2544212
1083700,1.0,1783606320.4697928
1083800,1.0,1783606326.6089058
1083900,1.0,1783606332.9730518
1084000,1.0,1783606339.0967245
1084100,1.0,1783606345.2481477
1084200,1.0,1783606351.568892
1084300,1.0,1783606357.7454093
1084400,1.0,1783606363.914803
1084500,1.0,1783606369.947991
1084600,1.0,1783606375.9278877
1084700,1.0,1783606382.2003582
1084800,1.0,1783606388.379292
1084900,1.0,1783606394.4989023
1085000,1.0,1783606401.0483174
1085100,1.0,1783606407.0556283
1085200,1.0,1783606413.3973026
1085300,1.0,1783606419.599225
1085400,1.0,1783606426.1744826
1085500,1.0,1783606432.6009827
1085600,1.0,1783606438.5679827
1085700,1.0,1783606444.629508
1085800,1.0,1783606450.9361548
1085900,1.0,1783606457.0997488
1086000,1.0,1783606463.1964195
1086100,1.0,1783606469.3119147
1086200,1.0,1783606475.5050414
1086300,1.0,1783606481.8245084
1086400,1.0,1783606487.9443781
1086500,1.0,1783606494.444591
1086600,1.0,1783606500.6275797
1086700,1.0,1783606506.8411412
1086800,1.0,1783606512.8365095
1086900,1.0,1783606518.9857967
1087000,1.0,1783606525.3842509
1087100,1.0,1783606531.7739854
1087200,1.0,1783606537.8481543
1087300,1.0,1783606544.1461935
1087400,1.0,1783606550.4084718
1087500,1.0,1783606556.5853174
1087600,1.0,1783606562.7737348
1087700,1.0,1783606568.8761907
1087800,1.0,1783606575.164161
1087900,1.0,1783606581.392447
1088000,1.0,1783606587.567506
1088100,1.0,1783606593.9718966
1088200,1.0,1783606600.0437305
1088300,1.0,1783606606.324265
1088400,1.0,1783606612.5718946
1088500,1.0,1783606618.7784517
1088600,1.0,1783606625.1614556
1088700,1.0,1783606631.5793016
1088800,1.0,1783606637.7336323
1088900,1.0,1783606644.073493
1089000,1.0,1783606650.4866693
1089100,1.0,1783606656.867285
1089200,1.0,1783606663.1405077
1089300,1.0,1783606669.4438562
1089400,1.0,1783606675.4498224
1089500,1.0,1783606681.7413225
1089600,1.0,1783606688.1231163
1089700,1.0,1783606694.4583545
1089800,1.0,1783606700.4726572
1089900,1.0,1783606706.428582
1090000,1.0,1783606712.684009
1090100,1.0,1783606718.9024813
1090200,1.0,1783606725.1781795
1090300,1.0,1783606731.2925243
1090400,1.0,1783606737.524482
1090500,1.0,1783606743.812915
1090600,1.0,1783606750.0107424
1090700,1.0,1783606756.217587
1090800,1.0,1783606762.461013
1090900,1.0,1783606768.586945
1091000,1.0,1783606774.7491794
1091100,1.0,1783606780.912571
1091200,1.0,1783606787.0971358
1091300,1.0,1783606793.318066
1091400,1.0,1783606799.614293
1091500,1.0,1783606806.1263504
1091600,1.0,1783606812.3586485
1091700,1.0,1783606818.5503132
1091800,1.0,1783606824.665093
1091900,1.0,1783606830.8441315
1092000,1.0,1783606837.1374562
1092100,1.0,1783606843.1595476
1092200,1.0,1783606849.2026575
1092300,1.0,1783606855.5202863
1092400,1.0,1783606861.870539
1092500,1.0,1783606867.9126937
1092600,1.0,1783606874.1582747
1092700,1.0,1783606880.5161545
1092800,1.0,1783606886.722192
1092900,1.0,1783606893.0582051
1093000,1.0,1783606899.3843188
1093100,1.0,1783606905.7593
1093200,1.0,1783606911.8716748
1093300,1.0,1783606917.977334
1093400,1.0,1783606924.0128994
1093500,1.0,1783606930.1184556
1093600,1.0,1783606936.322648
1093700,1.0,1783606942.543355
1093800,1.0,1783606948.8906965
1093900,1.0,1783606955.358839
1094000,1.0,1783606961.598616
1094100,1.0,1783606967.8457096
1094200,1.0,1783606974.099762
1094300,1.0,1783606980.2807019
1094400,1.0,1783606986.4075403
1094500,1.0,1783606992.6438434
1094600,1.0,1783606998.636767
1094700,1.0,1783607004.6416323
1094800,1.0,1783607010.971694
1094900,1.0,1783607017.0460055
1095000,1.0,1783607023.3893902
1095100,1.0,1783607029.406941
1095200,1.0,1783607035.4710357
1095300,1.0,1783607041.5939882
1095400,1.0,1783607047.5977352
1095500,1.0,1783607053.815291
1095600,1.0,1783607060.026538
1095700,1.0,1783607066.3623595
1095800,1.0,1783607072.5818882
1095900,1.0,1783607078.6527958
1096000,1.0,1783607084.9620266
1096100,1.0,1783607091.1920714
1096200,1.0,1783607097.1215417
1096300,1.0,1783607103.1359704
1096400,1.0,1783607109.0702264
1096500,1.0,1783607115.3100405
1096600,1.0,1783607121.5654354
1096700,1.0,1783607127.834762
1096800,1.0,1783607133.9231074
1096900,1.0,1783607139.986679
1097000,1.0,1783607146.196325
1097100,1.0,1783607152.377077
1097200,1.0,1783607158.5736659
1097300,1.0,1783607164.592784
1097400,1.0,1783607170.7145636
1097500,1.0,1783607176.721258
1097600,1.0,1783607182.7905555
1097700,1.0,1783607189.089232
1097800,1.0,1783607195.32377
1097900,1.0,1783607201.5551965
1098000,1.0,1783607207.8620057
1098100,1.0,1783607213.910127
1098200,1.0,1783607219.9909606
1098300,1.0,1783607226.2236977
1098400,1.0,1783607232.3761656
1098500,1.0,1783607238.4377146
1098600,1.0,1783607244.8084674
1098700,1.0,1783607251.0201483
1098800,1.0,1783607257.110006
1098900,1.0,1783607263.4090543
1099000,1.0,1783607269.5363019
1099100,1.0,1783607275.9582434
1099200,1.0,1783607282.2629082
1099300,1.0,1783607288.320287
1099400,1.0,1783607294.5949888
1099500,1.0,1783607300.8273067
1099600,1.0,1783607306.9719992
1099700,1.0,1783607313.134024
1099800,1.0,1783607319.4164534
1099900,1.0,1783607325.5807781
1100000,1.0,1783607331.9009018
1100100,1.0,1783607483.3933954
1100200,1.0,1783607489.7026217
1100300,1.0,1783607495.898049
1100400,1.0,1783607502.3175614
1100500,1.0,1783607508.503513
1100600,1.0,1783607514.9759748
1100700,1.0,1783607521.1849756
1100800,1.0,1783607527.435899
1100900,1.0,1783607533.7212327
1101000,1.0,1783607539.863462
1101100,1.0,1783607546.2029872
1101200,1.0,1783607552.3116593
1101300,1.0,1783607558.9665465
1101400,1.0,1783607565.0856094
1101500,1.0,1783607571.262754
1101600,1.0,1783607577.4366882
1101700,1.0,1783607583.528956
1101800,1.0,1783607589.823851
1101900,1.0,1783607596.1318865
1102000,1.0,1783607602.4162421
1102100,1.0,1783607608.4538305
1102200,1.0,1783607614.6952655
1102300,1.0,1783607620.9846265
1102400,1.0,1783607627.1326814
1102500,1.0,1783607633.3272548
1102600,1.0,1783607639.1953044
1102700,1.0,1783607645.3967633
1102800,1.0,1783607651.6075065
1102900,1.0,1783607657.6667502
1103000,1.0,1783607663.668138
1103100,1.0,1783607670.074233
1103200,1.0,1783607676.055502
1103300,1.0,1783607682.177558
1103400,1.0,1783607688.1956487
1103500,1.0,1783607694.4217236
1103600,1.0,1783607700.7759097
1103700,1.0,1783607707.0072856
1103800,1.0,1783607713.0167036
1103900,1.0,1783607719.3553164
1104000,1.0,1783607725.4948263
1104100,1.0,1783607731.676672
1104200,1.0,1783607737.9659896
1104300,1.0,1783607743.8876023
1104400,1.0,1783607750.133766
1104500,1.0,1783607756.1582594
1104600,1.0,1783607762.4254684
1104700,1.0,1783607768.5713139
1104800,1.0,1783607774.828141
1104900,1.0,1783607781.1105492
1105000,1.0,1783607787.286144
1105100,1.0,1783607793.6271043
1105200,1.0,1783607799.9625704
1105300,1.0,1783607806.095389
1105400,1.0,1783607812.2904189
1105500,1.0,1783607818.4147577
1105600,1.0,1783607824.6145027
1105700,1.0,1783607830.710285
1105800,1.0,1783607836.76603
1105900,1.0,1783607842.880405
1106000,1.0,1783607848.857272
1106100,1.0,1783607854.8240812
1106200,1.0,1783607860.8809881
1106300,1.0,1783607867.0580547
1106400,1.0,1783607873.2772422
1106500,1.0,1783607879.5192678
1106600,1.0,1783607885.6733704
1106700,1.0,1783607891.9409957
1106800,1.0,1783607897.928056
1106900,1.0,1783607904.1186674
1107000,1.0,1783607910.0773098
1107100,1.0,1783607916.2903898
1107200,1.0,1783607922.6656492
1107300,1.0,1783607929.0899036
1107400,1.0,1783607935.2714033
1107500,1.0,1783607941.29247
1107600,1.0,1783607947.4566214
1107700,1.0,1783607953.6248016
1107800,1.0,1783607959.8278356
1107900,1.0,1783607966.049781
1108000,1.0,1783607972.2121022
1108100,1.0,1783607978.322692
1108200,1.0,1783607984.4446912
1108300,1.0,1783607990.6216688
1108400,1.0,1783607996.7245686
1108500,1.0,1783608003.0436995
1108600,1.0,1783608009.207735
1108700,1.0,1783608015.3264241
1108800,1.0,1783608021.3908842
1108900,1.0,1783608027.3758829
1109000,1.0,1783608033.247755
1109100,1.0,1783608039.2190573
1109200,1.0,1783608045.3049288
1109300,1.0,1783608051.2954807
1109400,1.0,1783608057.4398007
1109500,1.0,1783608063.7453594
1109600,1.0,1783608069.8839355
1109700,1.0,1783608076.068566
1109800,1.0,1783608082.3359172
1109900,1.0,1783608088.5390348
1110000,1.0,1783608094.6594803
1110100,1.0,1783608100.722528
1110200,1.0,1783608107.068839
1110300,1.0,1783608113.17377
1110400,1.0,1783608119.3858988
1110500,1.0,1783608125.429085
1110600,1.0,1783608131.5493135
1110700,1.0,1783608137.693334
1110800,1.0,1783608144.0040958
1110900,1.0,1783608150.1349783
1111000,1.0,1783608156.379709
1111100,1.0,1783608162.4972699
1111200,1.0,1783608168.5699456
1111300,1.0,1783608174.5927289
1111400,1.0,1783608180.8541446
1111500,1.0,1783608187.0070117
1111600,1.0,1783608193.318283
1111700,1.0,1783608199.612787
1111800,1.0,1783608205.8846822
1111900,1.0,1783608211.924689
1112000,1.0,1783608218.2706463
1112100,1.0,1783608224.4102428
1112200,1.0,1783608230.8657343
1112300,1.0,1783608237.1223235
1112400,1.0,1783608243.17619
1112500,1.0,1783608249.369646
1112600,1.0,1783608255.408615
1112700,1.0,1783608261.844797
1112800,1.0,1783608268.0524082
1112900,1.0,1783608274.2765586
1113000,1.0,1783608280.4746506
1113100,1.0,1783608286.5904179
1113200,1.0,1783608292.803904
1113300,1.0,1783608299.079103
1113400,1.0,1783608305.1734247
1113500,1.0,1783608311.365136
1113600,1.0,1783608317.534841
1113700,1.0,1783608323.5679386
1113800,1.0,1783608329.9812264
1113900,1.0,1783608336.1499627
1114000,1.0,1783608342.5730245
1114100,1.0,1783608348.6075594
1114200,1.0,1783608354.9630585
1114300,1.0,1783608361.329967
1114400,1.0,1783608367.550243
1114500,1.0,1783608373.7514298
1114600,1.0,1783608379.9669209
1114700,1.0,1783608386.0794432
1114800,1.0,1783608392.274699
1114900,1.0,1783608398.553498
1115000,1.0,1783608404.6037827
1115100,1.0,1783608410.8143709
1115200,1.0,1783608416.8456473
1115300,1.0,1783608423.1522722
1115400,1.0,1783608429.4758627
1115500,1.0,1783608435.5543401
1115600,1.0,1783608441.7301254
1115700,1.0,1783608447.727114
1115800,1.0,1783608454.1124244
1115900,1.0,1783608460.2112892
1116000,1.0,1783608466.3887734
1116100,1.0,1783608472.671044
1116200,1.0,1783608478.7919152
1116300,1.0,1783608485.0973713
1116400,1.0,1783608491.4850109
1116500,1.0,1783608497.6645417
1116600,1.0,1783608503.7679577
1116700,1.0,1783608510.0082378
1116800,1.0,1783608516.3897014
1116900,1.0,1783608522.7218254
1117000,1.0,1783608528.9213352
1117100,1.0,1783608534.9566581
1117200,1.0,1783608541.3474905
1117300,1.0,1783608547.616082
1117400,1.0,1783608553.734775
1117500,1.0,1783608559.9455748
1117600,1.0,1783608566.1837468
1117700,1.0,1783608572.2477498
1117800,1.0,1783608578.5314598
1117900,1.0,1783608584.8868248
1118000,1.0,1783608591.1871777
1118100,1.0,1783608597.480556
1118200,1.0,1783608603.4648378
1118300,1.0,1783608609.8087955
1118400,1.0,1783608615.8172464
1118500,1.0,1783608621.9487357
1118600,1.0,1783608628.0123076
1118700,1.0,1783608634.0497987
1118800,1.0,1783608640.3641932
1118900,1.0,1783608646.9084978
1119000,1.0,1783608653.0668855
1119100,1.0,1783608659.3071158
1119200,1.0,1783608665.493277
1119300,1.0,1783608671.4921718
1119400,1.0,1783608677.6944218
1119500,1.0,1783608683.8455086
1119600,1.0,1783608689.9783
1119700,1.0,1783608696.075086
1119800,1.0,1783608702.0868676
1119900,1.0,1783608708.284948
1120000,1.0,1783608714.6735256
1120100,1.0,1783608721.0518732
1120200,1.0,1783608727.5347083
1120300,1.0,1783608733.7780752
1120400,1.0,1783608739.935634
1120500,1.0,1783608746.0400412
1120600,1.0,1783608752.112804
1120700,1.0,1783608758.5440974
1120800,1.0,1783608764.8093007
1120900,1.0,1783608770.8028283
1121000,1.0,1783608776.8659813
1121100,1.0,1783608783.0863593
1121200,1.0,1783608789.2321
1121300,1.0,1783608795.3257174
1121400,1.0,1783608801.6109426
1121500,1.0,1783608807.7613802
1121600,1.0,1783608813.993467
1121700,1.0,1783608820.3184128
1121800,1.0,1783608826.4942698
1121900,1.0,1783608832.5926828
1122000,1.0,1783608838.6792235
1122100,1.0,1783608845.0247014
1122200,1.0,1783608851.057858
1122300,1.0,1783608857.1788726
1122400,1.0,1783608863.4451234
1122500,1.0,1783608869.4603925
1122600,1.0,1783608875.6273851
1122700,1.0,1783608881.814402
1122800,1.0,1783608888.2773461
1122900,1.0,1783608894.484753
1123000,1.0,1783608900.6803167
1123100,1.0,1783608906.8884664
1123200,1.0,1783608913.1510055
1123300,1.0,1783608919.3109415
1123400,1.0,1783608925.4171371
1123500,1.0,1783608931.7188888
1123600,1.0,1783608937.9459715
1123700,1.0,1783608944.1455219
1123800,1.0,1783608950.293455
1123900,1.0,1783608956.5943866
1124000,1.0,1783608962.6762965
1124100,1.0,1783608968.8913257
1124200,1.0,1783608975.2833467
1124300,1.0,1783608981.4732075
1124400,1.0,1783608987.7862844
1124500,1.0,1783608994.0751557
1124600,1.0,1783609000.1681392
1124700,1.0,1783609006.1116025
1124800,1.0,1783609012.029594
1124900,1.0,1783609017.9968765
1125000,1.0,1783609024.253242
1125100,1.0,1783609180.4986355
1125200,1.0,1783609186.7914
1125300,1.0,1783609192.872886
1125400,1.0,1783609199.0768323
1125500,1.0,1783609205.2067246
1125600,1.0,1783609211.5815532
1125700,1.0,1783609217.6614094
1125800,1.0,1783609223.6549084
1125900,1.0,1783609229.8643122
1126000,1.0,1783609236.122364
1126100,1.0,1783609242.2677634
1126200,1.0,1783609248.5201333
1126300,1.0,1783609254.7197726
1126400,1.0,1783609260.9900706
1126500,1.0,1783609267.2417357
1126600,1.0,1783609273.3399925
1126700,1.0,1783609279.7715373
1126800,1.0,1783609285.85234
1126900,1.0,1783609292.054581
1127000,1.0,1783609298.2010288
1127100,1.0,1783609304.2544706
1127200,1.0,1783609310.2387025
1127300,1.0,1783609316.2090533
1127400,1.0,1783609322.3150249
1127500,1.0,1783609328.3932233
1127600,1.0,1783609334.4628408
1127700,1.0,1783609340.2718136
1127800,1.0,1783609346.7113514
1127900,1.0,1783609352.906299
1128000,1.0,1783609358.9772177
1128100,1.0,1783609365.156737
1128200,1.0,1783609371.4755914
1128300,1.0,1783609377.7891717
1128400,1.0,1783609383.8765097
1128500,1.0,1783609389.9244444
1128600,1.0,1783609396.0082881
1128700,1.0,1783609402.2544982
1128800,1.0,1783609408.5864847
1128900,1.0,1783609414.622065
1129000,1.0,1783609420.7750864
1129100,1.0,1783609427.0265024
1129200,1.0,1783609433.1971693
1129300,1.0,1783609439.5244384
1129400,1.0,1783609445.6599708
1129500,1.0,1783609451.6227713
1129600,1.0,1783609565.1017413
1129700,1.0,1783609571.4073007
1129800,1.0,1783609577.8910065
1129900,1.0,1783609584.0641544
1130000,1.0,1783609590.109631
1130100,1.0,1783609596.582996
1130200,1.0,1783609602.8558476
1130300,1.0,1783609608.9409864
1130400,1.0,1783609614.9939837
1130500,1.0,1783609621.2940967
1130600,1.0,1783609627.4851372
1130700,1.0,1783609633.5332527
1130800,1.0,1783609639.959384
1130900,1.0,1783609646.2012775
1131000,1.0,1783609652.5890012
1131100,1.0,1783609658.7111804
1131200,1.0,1783609665.0166986
1131300,1.0,1783609671.3252661
1131400,1.0,1783609677.453657
1131500,1.0,1783609683.6537073
1131600,1.0,1783609689.9637492
1131700,1.0,1783609696.0936155
1131800,1.0,1783609702.2737021
1131900,1.0,1783609708.4353604
1132000,1.0,1783609714.5565372
1132100,1.0,1783609720.6372387
1132200,1.0,1783609726.867809
1132300,1.0,1783609733.007775
1132400,1.0,1783609739.0222723
1132500,1.0,1783609745.104735
1132600,1.0,1783609751.3837414
1132700,1.0,1783609757.485298
1132800,1.0,1783609763.5398405
1132900,1.0,1783609769.7361524
1133000,1.0,1783609775.9539342
1133100,1.0,1783609782.0771618
1133200,1.0,1783609788.3361328
1133300,1.0,1783609794.527416
1133400,1.0,1783609800.595991
1133500,1.0,1783609806.5639198
1133600,1.0,1783609812.7005308
1133700,1.0,1783609818.6760387
1133800,1.0,1783609824.795347
1133900,1.0,1783609830.9033675
1134000,1.0,1783609837.1317594
1134100,1.0,1783609843.257477
1134200,1.0,1783609849.4862866
1134300,1.0,1783609855.9011514
1134400,1.0,1783609861.9281585
1134500,1.0,1783609868.2117252
1134600,1.0,1783609874.3519325
1134700,1.0,1783609880.4351764
1134800,1.0,1783609886.8182325
1134900,1.0,1783609892.8508983
1135000,1.0,1783609899.2404196
1135100,1.0,1783609905.8669105
1135200,1.0,1783609912.0833218
1135300,1.0,1783609918.311562
1135400,1.0,1783609924.517078
1135500,1.0,1783609930.8205953
1135600,1.0,1783609936.8679378
1135700,1.0,1783609943.2049131
1135800,1.0,1783609949.38815
1135900,1.0,1783609955.7508328
1136000,1.0,1783609962.0643463
1136100,1.0,1783609968.5019262
1136200,1.0,1783609974.6918986
1136300,1.0,1783609981.0449438
1136400,1.0,1783609987.1413202
1136500,1.0,1783609993.2699728
1136600,1.0,1783610000.0187936
1136700,1.0,1783610006.1453676
1136800,1.0,1783610012.1123214
1136900,1.0,1783610018.1539695
1137000,1.0,1783610024.377811
1137100,1.0,1783610030.6684418
1137200,1.0,1783610036.7078028
1137300,1.0,1783610043.0029707
1137400,1.0,1783610049.229805
1137500,1.0,1783610055.3181908
1137600,1.0,1783610061.4031823
1137700,1.0,1783610067.664389
1137800,1.0,1783610073.717021
1137900,1.0,1783610079.8173702
1138000,1.0,1783610085.9709382
1138100,1.0,1783610092.3600197
1138200,1.0,1783610098.4176776
1138300,1.0,1783610104.6191235
1138400,1.0,1783610110.8276553
1138500,1.0,1783610117.0099263
1138600,1.0,1783610123.2415488
1138700,1.0,1783610129.4947853
1138800,1.0,1783610135.49321
1138900,1.0,1783610141.652158
1139000,1.0,1783610147.7764544
1139100,1.0,1783610154.0058887
1139200,1.0,1783610160.011242
1139300,1.0,1783610166.0909474
1139400,1.0,1783610172.076258
1139500,1.0,1783610178.292028
1139600,1.0,1783610184.2746246
1139700,1.0,1783610190.3271816
1139800,1.0,1783610196.522558
1139900,1.0,1783610202.6116018
1140000,1.0,1783610209.0728052
1140100,1.0,1783610215.0761735
1140200,1.0,1783610221.211016
1140300,1.0,1783610227.2343888
1140400,1.0,1783610233.6509292
1140500,1.0,1783610239.8224313
1140600,1.0,1783610245.8431485
1140700,1.0,1783610251.951943
1140800,1.0,1783610258.0881343
1140900,1.0,1783610264.5369523
1141000,1.0,1783610270.7308853
1141100,1.0,1783610276.7331364
1141200,1.0,1783610282.6608982
1141300,1.0,1783610288.7458308
1141400,1.0,1783610294.7933555
1141500,1.0,1783610300.8915224
1141600,1.0,1783610307.123537
1141700,1.0,1783610313.2247593
1141800,1.0,1783610319.4129817
1141900,1.0,1783610325.75103
1142000,1.0,1783610332.0774739
1142100,1.0,1783610338.308514
1142200,1.0,1783610344.4062042
1142300,1.0,1783610350.6672678
1142400,1.0,1783610356.733284
1142500,1.0,1783610362.88474
1142600,1.0,1783610368.9750454
1142700,1.0,1783610375.1460109
1142800,1.0,1783610381.5545816
1142900,1.0,1783610387.6236875
1143000,1.0,1783610393.658911
1143100,1.0,1783610399.7235966
1143200,1.0,1783610405.7173986
1143300,1.0,1783610411.8369267
1143400,1.0,1783610418.0922627
1143500,1.0,1783610424.3606913
1143600,1.0,1783610430.5205078
1143700,1.0,1783610436.8286655
1143800,1.0,1783610443.119247
1143900,1.0,1783610449.2714097
1144000,1.0,1783610455.380875
1144100,1.0,1783610461.4227564
1144200,1.0,1783610467.6935322
1144300,1.0,1783610473.7378414
1144400,1.0,1783610480.1379128
1144500,1.0,1783610486.2954752
1144600,1.0,1783610492.4862788
1144700,1.0,1783610498.609168
1144800,1.0,1783610504.784062
1144900,1.0,1783610510.6918836
1145000,1.0,1783610516.878473
1145100,1.0,1783610523.1793702
1145200,1.0,1783610529.289611
1145300,1.0,1783610535.569563
1145400,1.0,1783610541.7957754
1145500,1.0,1783610547.8835719
1145600,1.0,1783610554.0530808
1145700,1.0,1783610560.2558866
1145800,1.0,1783610566.3777378
1145900,1.0,1783610572.6074107
1146000,1.0,1783610578.7409685
1146100,1.0,1783610584.785867
1146200,1.0,1783610591.0481362
1146300,1.0,1783610597.1370585
1146400,1.0,1783610603.2715213
1146500,1.0,1783610609.37706
1146600,1.0,1783610615.5603797
1146700,1.0,1783610621.7576594
1146800,1.0,1783610627.9052567
1146900,1.0,1783610634.0689867
1147000,1.0,1783610640.4141767
1147100,1.0,1783610646.7534182
1147200,1.0,1783610653.145615
1147300,1.0,1783610659.1363657
1147400,1.0,1783610665.6015007
1147500,1.0,1783610671.825008
1147600,1.0,1783610678.058246
1147700,1.0,1783610684.1560469
1147800,1.0,1783610690.2272758
1147900,1.0,1783610696.6175992
1148000,1.0,1783610702.705272
1148100,1.0,1783610708.6267445
1148200,1.0,1783610714.8148592
1148300,1.0,1783610721.0974596
1148400,1.0,1783610727.1383002
1148500,1.0,1783610733.1067476
1148600,1.0,1783610739.2952702
1148700,1.0,1783610745.5101342
1148800,1.0,1783610752.0320508
1148900,1.0,1783610758.0098994
1149000,1.0,1783610764.082793
1149100,1.0,1783610770.3364875
1149200,1.0,1783610776.7866342
1149300,1.0,1783610783.1428368
1149400,1.0,1783610789.338953
1149500,1.0,1783610795.8383346
1149600,1.0,1783610802.1756349
1149700,1.0,1783610808.106348
1149800,1.0,1783610814.3659742
1149900,1.0,1783610820.512182
1150000,1.0,1783940795.9599757
