step,value,wall_time
1000,0.08238735795021057,1782734197.3428538
1100,0.5422775745391846,1782734203.0674553
1200,0.6798745393753052,1782734208.8387043
1300,1.0616481304168701,1782734214.6021447
1400,1.2834877967834473,1782734220.4332604
1500,1.678760051727295,1782734226.1165464
1600,1.734011173248291,1782734231.807954
1700,2.044910430908203,1782734237.430386
1800,2.2881457805633545,1782734243.2027192
1900,2.8871688842773438,1782734248.877795
2000,3.197756767272949,1782734254.5149977
2100,3.4111695289611816,1782734260.283911
2200,0.7952626943588257,1782734266.1622
2300,1.7302474975585938,1782734271.8128362
2400,2.2776403427124023,1782734277.4050274
2500,-4.8747053146362305,1782734283.3036737
2600,4.177696228027344,1782734288.8299882
2700,4.6386189460754395,1782734294.6860826
2800,3.6126294136047363,1782734300.4249542
2900,3.195849657058716,1782734306.0720878
3000,2.6264030933380127,1782734311.8007436
3100,4.3534932136535645,1782734317.609478
3200,3.7708587646484375,1782734323.652915
3300,0.9892195463180542,1782734329.3266807
3400,3.1725635528564453,1782734334.9393957
3500,5.284326553344727,1782734340.6625557
3600,-4.226340293884277,1782734347.0756977
3700,2.4188570976257324,1782734352.8985164
3800,-2.386387348175049,1782734358.606648
3900,-3.8726940155029297,1782734364.274672
4000,-0.7665073275566101,1782734370.1706495
4100,-4.867268085479736,1782734375.8611548
4200,-4.694994926452637,1782734381.5484006
4300,-6.306519985198975,1782734387.542969
4400,-3.5789175033569336,1782734393.5186503
4500,-0.6912127137184143,1782734399.7412846
4600,0.5623403787612915,1782734406.1226444
4700,4.379217624664307,1782734412.3880165
4800,2.7101187705993652,1782734418.9906895
4900,0.706058144569397,1782734425.4580572
5000,3.9967055320739746,1782734431.8722868
5100,3.7024924755096436,1782734438.3688676
5200,-2.3044373989105225,1782734444.9538426
5300,0.7346454858779907,1782734451.4202137
5400,6.077465057373047,1782734458.2870865
5500,7.442832946777344,1782734464.8262067
5600,5.399397850036621,1782734471.4313004
5700,2.0657644271850586,1782734478.0727828
5800,0.05038285255432129,1782734484.394694
5900,-0.5852842330932617,1782734491.0349355
6000,4.252432346343994,1782734497.499493
6100,5.296358108520508,1782734504.282437
6200,1.406145691871643,1782734510.8460724
6300,0.11496472358703613,1782734517.3579476
6400,-6.023777961730957,1782734524.051144
6500,2.0309808254241943,1782734530.4216287
6600,5.668094635009766,1782734536.924435
6700,5.799649715423584,1782734543.3441126
6800,1.6389676332473755,1782734550.1094763
6900,-3.9651217460632324,1782734556.6812224
7000,-1.9908641576766968,1782734563.1686378
7100,1.4675517082214355,1782734569.6629007
7200,9.761236190795898,1782734576.1572099
7300,6.554248809814453,1782734582.5210123
7400,7.708796977996826,1782734589.0666728
7500,9.754097938537598,1782734595.4431272
7600,9.138837814331055,1782734601.812919
7700,-2.1518495082855225,1782734607.9834683
7800,2.019059658050537,1782734613.95035
7900,5.656672477722168,1782734620.3066568
8000,8.728397369384766,1782734626.9256933
8100,-2.581186056137085,1782734633.7512276
8200,4.081301212310791,1782734639.7401168
8300,-1.1624479293823242,1782734645.8190603
8400,3.796602725982666,1782734651.4752095
8500,5.439474582672119,1782734657.3251812
8600,0.4026656448841095,1782734663.2981555
8700,4.861241340637207,1782734669.5155375
8800,5.765847206115723,1782734675.9361675
8900,1.3265305757522583,1782734682.4297068
9000,-1.764623761177063,1782734688.8562868
9100,-0.5414977073669434,1782734695.3135235
9200,2.358966588973999,1782734701.9072244
9300,5.921738147735596,1782734707.7716775
9400,6.133771896362305,1782734713.7184846
9500,-0.7187461853027344,1782734719.7098157
9600,3.3325583934783936,1782734726.267772
9700,0.535502016544342,1782734732.8165843
9800,-1.1508129835128784,1782734739.0238109
9900,2.0207483768463135,1782734745.2673962
10000,1.2424302101135254,1782734751.5619845
10100,5.894820213317871,1782734757.673595
10200,2.9652960300445557,1782734764.2702835
10300,-4.214966773986816,1782734770.3057213
10400,2.2122597694396973,1782734776.733617
10500,-0.987727165222168,1782734783.505978
10600,2.3239479064941406,1782734789.8474615
10700,1.174142837524414,1782734796.1774883
10800,-1.9529848098754883,1782734802.6873622
10900,0.3950478136539459,1782734809.2437007
11000,2.582315444946289,1782734815.7690744
11100,-4.28598165512085,1782734822.085239
11200,1.5464595556259155,1782734827.9688978
11300,2.5892980098724365,1782734834.229133
11400,1.5316643714904785,1782734840.7060318
11500,2.9030792713165283,1782734847.0509913
11600,-1.1974873542785645,1782734853.5258293
11700,6.146316051483154,1782734859.8458042
11800,2.782733678817749,1782734866.0378373
11900,-3.966132879257202,1782734872.6581771
12000,-2.3137974739074707,1782734879.1018145
12100,-2.2662391662597656,1782734885.4674208
12200,-0.2340257167816162,1782734892.0831895
12300,-1.0419940948486328,1782734898.5847654
12400,-3.2665722370147705,1782734905.0589375
12500,6.100240707397461,1782734911.6478827
12600,5.4278740882873535,1782734918.2025542
12700,1.054978370666504,1782734924.1657076
12800,4.298714637756348,1782734930.753296
12900,3.7204082012176514,1782734937.2798672
13000,7.343299388885498,1782734943.8075206
13100,6.658729553222656,1782734950.4392643
13200,-1.604738712310791,1782734956.7135463
13300,6.175087928771973,1782734963.255808
13400,6.671454906463623,1782734969.7640243
13500,1.640430212020874,1782734976.287877
13600,8.406211853027344,1782734982.8354566
13700,-0.15819215774536133,1782734989.503223
13800,9.026506423950195,1782734995.670602
13900,1.0470314025878906,1782735001.7031667
14000,-3.243691921234131,1782735008.1285305
14100,0.3203316926956177,1782735014.660994
14200,4.511040687561035,1782735021.1300406
14300,4.007874011993408,1782735027.684046
14400,-1.7327799797058105,1782735033.9757419
14500,2.4401535987854004,1782735040.923417
14600,4.362484455108643,1782735047.427982
14700,3.355036735534668,1782735054.0186517
14800,0.6522558927536011,1782735060.5431015
14900,6.3266682624816895,1782735066.948565
15000,-0.2772102355957031,1782735073.3169692
15100,1.3564496040344238,1782735079.993419
15200,4.8009352684021,1782735086.4376087
15300,4.483616828918457,1782735093.0847468
15400,0.9711899757385254,1782735099.5254333
15500,-0.9430441856384277,1782735106.0449562
15600,-1.1527187824249268,1782735112.6815755
15700,-2.1349010467529297,1782735119.0584245
15800,3.9192121028900146,1782735125.5868695
15900,1.103182315826416,1782735131.9233463
16000,4.038900375366211,1782735138.7928488
16100,3.5377964973449707,1782735145.253338
16200,1.2592530250549316,1782735151.811715
16300,6.565385818481445,1782735158.2845397
16400,4.643314361572266,1782735164.8586853
16500,4.329566955566406,1782735171.417534
16600,7.057984352111816,1782735178.1111987
16700,1.563547968864441,1782735184.549592
16800,1.4353761672973633,1782735190.7905598
16900,1.7550451755523682,1782735197.0449145
17000,-4.93223237991333,1782735203.5708783
17100,2.464827299118042,1782735209.981615
17200,8.225829124450684,1782735216.6048963
17300,0.5146045684814453,1782735222.809197
17400,3.2182376384735107,1782735229.4974663
17500,2.5538439750671387,1782735236.094196
17600,3.048581123352051,1782735242.6264374
17700,5.034018039703369,1782735249.0763586
17800,3.3277740478515625,1782735255.486041
17900,5.686060428619385,1782735261.9207647
18000,0.8494669198989868,1782735268.7509067
18100,1.1836450099945068,1782735275.627294
18200,1.2666535377502441,1782735282.2183297
18300,1.4831912517547607,1782735288.7572653
18400,3.623469114303589,1782735295.1037278
18500,2.1322274208068848,1782735301.2489753
18600,1.0053596496582031,1782735307.7100155
18700,-1.2568225860595703,1782735314.0877368
18800,0.10982823371887207,1782735320.8176024
18900,3.8678574562072754,1782735327.4907613
19000,4.598477363586426,1782735333.7749147
19100,-1.786487340927124,1782735340.0179646
19200,3.2602994441986084,1782735346.6524734
19300,2.0922703742980957,1782735353.3009791
19400,1.1970040798187256,1782735359.8840003
19500,3.2653863430023193,1782735366.4561338
19600,0.9981263875961304,1782735372.9775465
19700,3.20035719871521,1782735379.4226263
19800,0.000621795654296875,1782735386.0212712
19900,-3.3451881408691406,1782735392.6502807
20000,1.697417974472046,1782735399.244242
20100,-0.9134730100631714,1782735405.9782465
20200,4.697569847106934,1782735412.6839497
20300,1.3705480098724365,1782735419.3560543
20400,0.20841503143310547,1782735425.6950154
20500,1.819294810295105,1782735431.7583659
20600,2.2939820289611816,1782735437.7771566
20700,3.3305749893188477,1782735444.5224636
20800,3.955326557159424,1782735451.0528746
20900,0.7403240203857422,1782735457.6346197
21000,1.5035326480865479,1782735464.1264822
21100,6.250241279602051,1782735470.352039
21200,0.8878128528594971,1782735476.5084615
21300,5.675388813018799,1782735482.3928773
21400,5.009433269500732,1782735488.3105364
21500,3.595137596130371,1782735494.4396
21600,4.036306858062744,1782735500.4629018
21700,1.4664820432662964,1782735506.501769
21800,4.458641529083252,1782735512.5529823
21900,-2.607942819595337,1782735518.9233375
22000,4.419816970825195,1782735525.5083632
22100,7.448300361633301,1782735531.8030927
22200,-3.8265411853790283,1782735538.2381773
22300,-1.0030817985534668,1782735544.7790763
22400,1.6222161054611206,1782735551.303632
22500,1.5450546741485596,1782735557.5298936
22600,2.96575665473938,1782735563.8108654
22700,1.1159875392913818,1782735570.1081884
22800,-0.7249205112457275,1782735576.6826859
22900,4.869282245635986,1782735583.3014946
23000,1.1064128875732422,1782735590.057388
23100,1.9061616659164429,1782735596.5361557
23200,-2.804743528366089,1782735603.2075367
23300,3.1149203777313232,1782735609.2734857
23400,2.5853471755981445,1782735615.1285024
23500,1.2434756755828857,1782735620.7133675
23600,-4.471135139465332,1782735626.3305202
23700,1.3588863611221313,1782735631.927387
23800,2.1083083152770996,1782735637.7160592
23900,-0.14913231134414673,1782735643.6204796
24000,1.423173189163208,1782735649.2771668
24100,0.07032835483551025,1782735655.1507468
24200,0.03908085823059082,1782735661.1171527
24300,1.4568424224853516,1782735666.9381323
24400,1.6860721111297607,1782735672.6840107
24500,-2.91178035736084,1782735678.4848776
24600,1.441593885421753,1782735684.2569244
24700,0.3169224262237549,1782735690.2067583
24800,2.4546937942504883,1782735695.9918733
24900,1.3707929849624634,1782735701.9099448
25000,2.1236937046051025,1782735707.795697
25100,-0.8287649750709534,1782735907.7086298
25200,2.344006299972534,1782735913.6898484
25300,2.7760324478149414,1782735919.7178924
25400,-2.9997243881225586,1782735925.8095949
25500,-2.0726051330566406,1782735932.0943606
25600,-2.6020586490631104,1782735937.9817054
25700,-1.4510700702667236,1782735944.1701727
25800,-0.2179662585258484,1782735950.3041162
25900,-1.2617928981781006,1782735956.2487645
26000,-0.8379769921302795,1782735962.410028
26100,0.6597101092338562,1782735968.277309
26200,-0.5669045448303223,1782735974.5794077
26300,1.153449296951294,1782735980.641047
26400,-2.2952628135681152,1782735986.9729762
26500,-3.194648265838623,1782735992.9336488
26600,1.980977177619934,1782735999.1708505
26700,-1.8347487449645996,1782736005.3936722
26800,-2.2752134799957275,1782736011.676097
26900,0.40275096893310547,1782736017.8417795
27000,-0.2825120687484741,1782736024.115777
27100,-3.953294277191162,1782736030.2502148
27200,-3.7422735691070557,1782736036.5223937
27300,1.9233262538909912,1782736042.8142772
27400,0.5496873259544373,1782736048.9540935
27500,-0.3810923099517822,1782736055.1412115
27600,0.20807194709777832,1782736061.2165174
27700,-1.6540220975875854,1782736067.6567829
27800,0.5523825287818909,1782736073.7578592
27900,-0.5723509788513184,1782736080.0393913
28000,0.22445464134216309,1782736086.2853434
28100,-1.66231107711792,1782736092.3563344
28200,-2.196070671081543,1782736098.5948884
28300,-0.6620048880577087,1782736104.8131175
28400,2.7274537086486816,1782736110.755927
28500,0.5467310547828674,1782736116.8315928
28600,2.2287039756774902,1782736122.8445883
28700,-0.2923479378223419,1782736128.8430943
28800,-1.0061761140823364,1782736134.953588
28900,3.123105764389038,1782736141.289059
29000,-1.8915400505065918,1782736147.108941
29100,-0.2893075942993164,1782736152.7766876
29200,-0.06290590763092041,1782736158.512042
29300,3.679900646209717,1782736164.4080725
29400,-1.338740587234497,1782736170.0601184
29500,-4.692557334899902,1782736175.7991807
29600,1.2213016748428345,1782736181.496668
29700,0.9395091533660889,1782736187.11038
29800,3.715381622314453,1782736192.8541296
29900,0.8895271420478821,1782736198.8103886
30000,-2.487889528274536,1782736204.5565655
30100,3.5837819576263428,1782736210.636721
30200,3.7415647506713867,1782736216.5612667
30300,2.6335134506225586,1782736222.256216
30400,0.7604031562805176,1782736227.8208199
30500,2.3597259521484375,1782736233.5199175
30600,3.3301002979278564,1782736239.4633954
30700,3.9520177841186523,1782736245.1855075
30800,4.50606632232666,1782736250.9186308
30900,-0.7353429794311523,1782736256.8214784
31000,1.180940866470337,1782736262.583812
31100,0.7257316708564758,1782736268.324548
31200,2.8357529640197754,1782736273.886395
31300,-1.0241727828979492,1782736279.3507009
31400,-0.4993484616279602,1782736285.1830766
31500,-0.5684959888458252,1782736290.8995311
31600,-2.317456007003784,1782736296.762389
31700,0.25746262073516846,1782736302.5636528
31800,-0.24780552089214325,1782736308.3601665
31900,0.9119914770126343,1782736314.052193
32000,1.2023289203643799,1782736319.8210495
32100,1.1689045429229736,1782736325.806437
32200,-2.783414125442505,1782736331.4475317
32300,-2.7936668395996094,1782736337.363968
32400,-0.769124448299408,1782736342.9950063
32500,-1.9081499576568604,1782736348.6014745
32600,-0.12683886289596558,1782736354.5363438
32700,-1.698819637298584,1782736360.3626847
32800,-1.272083044052124,1782736365.9190073
32900,1.6519172191619873,1782736371.94212
33000,-1.6791224479675293,1782736377.5091863
33100,-1.2514349222183228,1782736383.1755438
33200,2.406022548675537,1782736388.8996828
33300,0.6255484819412231,1782736394.5272348
33400,0.19439652562141418,1782736400.2006269
33500,2.0767951011657715,1782736405.7074864
33600,-1.0998241901397705,1782736411.2309556
33700,0.8755778074264526,1782736417.013036
33800,0.6658948659896851,1782736422.737923
33900,1.8270225524902344,1782736428.348929
34000,-1.145684003829956,1782736434.251548
34100,2.0710785388946533,1782736439.901001
34200,-0.46988236904144287,1782736445.6018662
34300,1.7225677967071533,1782736451.2928195
34400,2.1040892601013184,1782736456.9203796
34500,1.7648074626922607,1782736462.8370514
34600,0.015419572591781616,1782736468.432685
34700,3.481369972229004,1782736474.1095192
34800,-0.2052767276763916,1782736479.6841533
34900,3.0015854835510254,1782736485.4433992
35000,2.0110116004943848,1782736491.5237932
35100,-1.9890689849853516,1782736497.2933679
35200,2.3711812496185303,1782736502.807449
35300,1.6526927947998047,1782736508.496125
35400,1.5107066631317139,1782736514.0993648
35500,-1.9189459085464478,1782736519.6171112
35600,1.7138383388519287,1782736525.2153978
35700,2.127561330795288,1782736530.965908
35800,1.7656902074813843,1782736536.6996672
35900,3.3068974018096924,1782736542.37765
36000,4.780316352844238,1782736548.1166701
36100,3.048069715499878,1782736553.8377845
36200,0.9060052633285522,1782736559.536542
36300,3.1923933029174805,1782736565.2283664
36400,2.614008903503418,1782736571.1031163
36500,3.427523612976074,1782736576.7268348
36600,-0.31847214698791504,1782736582.4564621
36700,4.546679496765137,1782736588.167204
36800,2.6158323287963867,1782736594.1351547
36900,3.185391664505005,1782736599.6303506
37000,3.652310371398926,1782736605.5556161
37100,0.844772458076477,1782736611.2583845
37200,0.8389415740966797,1782736616.9827743
37300,0.07985877990722656,1782736622.8979163
37400,3.5399892330169678,1782736628.6520314
37500,4.038905143737793,1782736634.6256397
37600,2.7765002250671387,1782736640.2511501
37700,2.8269550800323486,1782736646.0868516
37800,2.1843655109405518,1782736651.974783
37900,3.22419810295105,1782736657.802926
38000,1.3167123794555664,1782736663.3260462
38100,4.7799787521362305,1782736668.8441024
38200,2.868816375732422,1782736674.6599958
38300,0.09998679161071777,1782736680.4949803
38400,-0.5382416248321533,1782736686.1969845
38500,-0.06143486499786377,1782736692.1386364
38600,0.27750205993652344,1782736697.7836802
38700,1.8568367958068848,1782736703.5710366
38800,-1.0707318782806396,1782736709.3417597
38900,2.427963972091675,1782736715.0264578
39000,2.139094114303589,1782736721.0851164
39100,6.574236869812012,1782736726.8068037
39200,3.3734402656555176,1782736732.5334961
39300,4.00924015045166,1782736738.3425584
39400,2.0157103538513184,1782736743.9615252
39500,1.120200753211975,1782736749.5158465
39600,2.0560495853424072,1782736755.3577175
39700,-1.5466620922088623,1782736760.8980975
39800,2.252910852432251,1782736766.648933
39900,1.426863193511963,1782736772.260389
40000,1.1636223793029785,1782736777.8941102
40100,-0.1531916856765747,1782736783.598773
40200,1.0624322891235352,1782736789.3836272
40300,-0.9374067783355713,1782736794.9893909
40400,3.155097723007202,1782736800.6981723
40500,0.10448147356510162,1782736806.384153
40600,-2.6833581924438477,1782736811.8544865
40700,1.098388433456421,1782736817.534822
40800,2.22412109375,1782736823.0978358
40900,3.6210618019104004,1782736829.029328
41000,1.257826566696167,1782736834.7577822
41100,-0.5745793581008911,1782736840.4184306
41200,0.08900205790996552,1782736846.0833392
41300,3.4534294605255127,1782736851.5422966
41400,0.2517056465148926,1782736857.2481313
41500,-1.6444087028503418,1782736862.8230963
41600,3.1743338108062744,1782736868.5427527
41700,2.8033204078674316,1782736874.1263545
41800,8.392496109008789,1782736879.6920083
41900,2.70306658744812,1782736885.3529384
42000,0.48162978887557983,1782736891.189302
42100,-0.13434648513793945,1782736896.9177911
42200,-1.0968704223632812,1782736902.5396473
42300,1.777948021888733,1782736908.1354158
42400,0.9001486301422119,1782736913.708311
42500,-2.2520318031311035,1782736919.5507462
42600,4.697955131530762,1782736925.1629763
42700,4.112665176391602,1782736930.7858863
42800,3.1004157066345215,1782736936.5912805
42900,4.573764801025391,1782736942.383896
43000,5.556301116943359,1782736948.0937014
43100,2.5432186126708984,1782736953.9753854
43200,-3.032116413116455,1782736959.6613476
43300,-0.7222740650177002,1782736965.3479028
43400,-2.9500558376312256,1782736971.3075914
43500,-2.889404296875,1782736976.9843104
43600,-0.7927569150924683,1782736982.7984385
43700,-0.7954137921333313,1782736988.5896542
43800,3.076571226119995,1782736994.2058437
43900,0.7286198735237122,1782736999.8502047
44000,3.5679216384887695,1782737005.4327106
44100,3.7522096633911133,1782737011.0547638
44200,1.5606461763381958,1782737016.7992136
44300,2.1601128578186035,1782737022.492963
44400,2.990140438079834,1782737028.2659433
44500,5.320699691772461,1782737034.352797
44600,-0.9868341684341431,1782737039.979143
44700,3.346691608428955,1782737045.8277853
44800,6.399306297302246,1782737051.4429276
44900,4.872276306152344,1782737057.075232
45000,3.2214455604553223,1782737062.688119
45100,3.9065825939178467,1782737068.913617
45200,1.8252264261245728,1782737074.5979898
45300,2.021242618560791,1782737080.4164715
45400,1.743271827697754,1782737086.271947
45500,5.966614723205566,1782737091.9481266
45600,3.611736297607422,1782737097.4715161
45700,3.7802956104278564,1782737103.1541674
45800,3.0896716117858887,1782737108.9257388
45900,5.4421892166137695,1782737114.640762
46000,2.4983866214752197,1782737120.3854012
46100,3.047210931777954,1782737126.0062006
46200,6.660365104675293,1782737131.776683
46300,5.461442947387695,1782737137.5876794
46400,4.407515525817871,1782737143.2702286
46500,6.945338726043701,1782737149.1055572
46600,4.338493824005127,1782737154.9206305
46700,3.4664900302886963,1782737160.7893195
46800,6.078977108001709,1782737166.565896
46900,5.02529239654541,1782737172.276136
47000,2.789121389389038,1782737178.003243
47100,2.893254280090332,1782737183.7287903
47200,4.340364933013916,1782737189.5391378
47300,6.589661121368408,1782737195.1767333
47400,6.956000804901123,1782737201.227169
47500,4.985212326049805,1782737206.8767734
47600,3.330223798751831,1782737212.450204
47700,5.805246353149414,1782737218.3855104
47800,6.572458744049072,1782737223.988561
47900,4.8575544357299805,1782737229.6542835
48000,8.08894157409668,1782737235.4791799
48100,3.4086129665374756,1782737241.2839398
48200,6.818256378173828,1782737247.096187
48300,4.899334907531738,1782737252.9781582
48400,4.183015823364258,1782737258.7612936
48500,3.9542527198791504,1782737264.5607696
48600,3.2633180618286133,1782737270.1982865
48700,1.7259101867675781,1782737275.9663687
48800,3.2293872833251953,1782737281.7699425
48900,1.7163729667663574,1782737287.7513993
49000,2.964513063430786,1782737293.5015566
49100,3.8480963706970215,1782737299.2164228
49200,1.357358455657959,1782737305.1517632
49300,4.398889064788818,1782737310.798943
49400,3.7511587142944336,1782737316.5723538
49500,4.328727722167969,1782737322.455921
49600,2.4275708198547363,1782737328.3158958
49700,4.130606651306152,1782737334.0207188
49800,5.452282905578613,1782737339.833511
49900,6.34708309173584,1782737345.7625744
50000,4.752960681915283,1782737351.6679006
50100,6.610445022583008,1782737537.7810926
50200,3.532637357711792,1782737543.6192584
50300,5.707659721374512,1782737549.4515429
50400,5.462632179260254,1782737554.9713385
50500,4.820695877075195,1782737560.6054232
50600,1.5765857696533203,1782737566.5440078
50700,5.2498884201049805,1782737572.1570156
50800,2.1680428981781006,1782737578.0584412
50900,0.9106757044792175,1782737583.7709084
51000,3.107609272003174,1782737589.5679307
51100,4.0564656257629395,1782737595.2708905
51200,2.0390377044677734,1782737601.2267778
51300,2.8004255294799805,1782737606.8282416
51400,6.598160743713379,1782737612.6976533
51500,4.40916633605957,1782737618.5341713
51600,1.5768681764602661,1782737624.2844863
51700,1.920211911201477,1782737630.100947
51800,-1.4964841604232788,1782737635.799055
51900,-0.041277408599853516,1782737641.5923066
52000,1.0650553703308105,1782737647.437513
52100,4.655959129333496,1782737653.0653355
52200,2.0402920246124268,1782737658.693768
52300,8.597639083862305,1782737664.303563
52400,3.473989248275757,1782737670.1523745
52500,7.166081428527832,1782737675.6975331
52600,3.7849559783935547,1782737681.4625401
52700,1.2277971506118774,1782737687.1864517
52800,6.24843692779541,1782737692.7589543
52900,4.0896830558776855,1782737698.5276847
53000,5.127089023590088,1782737704.1152437
53100,5.722864151000977,1782737709.7170978
53200,5.880878448486328,1782737715.3575943
53300,4.543933868408203,1782737721.2256582
53400,3.7640764713287354,1782737726.93399
53500,5.074007511138916,1782737732.6284137
53600,5.731152534484863,1782737738.492223
53700,-0.11114728450775146,1782737744.2926235
53800,1.4014179706573486,1782737750.115098
53900,7.513171195983887,1782737755.9983094
54000,6.07081413269043,1782737761.750724
54100,3.5892677307128906,1782737767.3338597
54200,7.619718551635742,1782737772.9235497
54300,6.3543901443481445,1782737778.4948723
54400,6.070956707000732,1782737784.1903954
54500,5.130644798278809,1782737790.1169446
54600,6.498845100402832,1782737795.671796
54700,6.021678924560547,1782737801.5999358
54800,4.122642517089844,1782737807.3818161
54900,2.398082733154297,1782737812.837423
55000,1.3557047843933105,1782737818.6171234
55100,2.0632944107055664,1782737824.4354208
55200,2.5264370441436768,1782737830.1750164
55300,3.2583909034729004,1782737836.0628147
55400,5.930073261260986,1782737841.6190186
55500,2.797297716140747,1782737847.4869053
55600,4.485614776611328,1782737853.3791833
55700,4.784121990203857,1782737859.215516
55800,2.291720151901245,1782737864.9193325
55900,4.919511795043945,1782737870.5020044
56000,4.283877372741699,1782737876.3002136
56100,4.644779205322266,1782737882.177986
56200,3.3115830421447754,1782737887.7679431
56300,5.531495094299316,1782737893.5506783
56400,3.240224599838257,1782737899.2979891
56500,4.532689094543457,1782737904.9552298
56600,7.316343307495117,1782737910.7640269
56700,6.310043811798096,1782737916.6276083
56800,6.812135696411133,1782737922.4891765
56900,7.339200019836426,1782737928.0080752
57000,5.681370258331299,1782737933.9804168
57100,3.858478546142578,1782737939.7378805
57200,3.2458410263061523,1782737945.3414545
57300,0.8606895208358765,1782737951.1953475
57400,2.1607980728149414,1782737956.8068144
57500,5.009056091308594,1782737962.4707782
57600,4.256216049194336,1782737968.2560897
57700,-2.031651496887207,1782737974.1169062
57800,-0.4568631649017334,1782737980.0028925
57900,4.415087699890137,1782737985.6250987
58000,2.2062923908233643,1782737991.5635293
58100,0.44769060611724854,1782737997.166461
58200,2.9451944828033447,1782738003.383522
58300,2.9285008907318115,1782738009.1330407
58400,1.2706851959228516,1782738014.9379184
58500,4.102437973022461,1782738020.604622
58600,7.382818222045898,1782738026.3192198
58700,6.436089038848877,1782738032.2587686
58800,5.062490940093994,1782738037.8814611
58900,5.065828323364258,1782738043.543397
59000,5.857065200805664,1782738049.2824004
59100,9.421712875366211,1782738054.953232
59200,7.408111095428467,1782738060.5265026
59300,4.893888473510742,1782738066.2705977
59400,6.112261772155762,1782738071.8381093
59500,4.713332176208496,1782738077.6325161
59600,3.589830160140991,1782738083.4367752
59700,4.500460624694824,1782738089.2280986
59800,5.576709747314453,1782738095.0196416
59900,6.122626304626465,1782738100.6529531
60000,10.398601531982422,1782738106.3026085
60100,6.583832740783691,1782738111.8211064
60200,3.5650293827056885,1782738117.529682
60300,6.0797929763793945,1782738123.316289
60400,7.038700103759766,1782738128.8618484
60500,8.522347450256348,1782738134.9254522
60600,7.241633415222168,1782738140.751751
60700,6.550657272338867,1782738146.5509117
60800,8.585559844970703,1782738152.105024
60900,2.5397989749908447,1782738157.8200886
61000,3.909803867340088,1782738163.638685
61100,2.2180685997009277,1782738169.3537855
61200,4.189637184143066,1782738175.1283097
61300,3.5619523525238037,1782738181.169195
61400,4.2161760330200195,1782738186.9965813
61500,4.415722846984863,1782738192.8389802
61600,2.275670051574707,1782738198.4532652
61700,6.521568298339844,1782738204.1974447
61800,4.323399543762207,1782738209.955686
61900,2.956267833709717,1782738215.9111965
62000,2.8375580310821533,1782738221.6552544
62100,6.193105220794678,1782738227.3409722
62200,3.7931718826293945,1782738233.0639997
62300,4.583653450012207,1782738238.7804065
62400,4.62574577331543,1782738244.6277287
62500,2.5168232917785645,1782738250.4533842
62600,4.419549942016602,1782738256.2937176
62700,7.151978015899658,1782738262.194135
62800,5.704822540283203,1782738267.9685104
62900,6.938174724578857,1782738273.7032082
63000,5.624998569488525,1782738279.3439283
63100,6.21073579788208,1782738285.090711
63200,5.5305352210998535,1782738290.7920885
63300,5.732088088989258,1782738296.4287076
63400,5.392705917358398,1782738302.1190841
63500,5.552891731262207,1782738307.9019568
63600,4.093949317932129,1782738313.7923915
63700,4.5431928634643555,1782738319.6161838
63800,3.1080589294433594,1782738325.5351405
63900,6.462040424346924,1782738331.2937398
64000,6.928367614746094,1782738336.9171681
64100,5.381636619567871,1782738342.6340451
64200,9.06209945678711,1782738348.330532
64300,5.852392673492432,1782738354.1009676
64400,5.454804420471191,1782738359.9923282
64500,6.938028335571289,1782738365.6857178
64600,4.278123378753662,1782738371.4068909
64700,3.8504226207733154,1782738377.2892685
64800,3.078885555267334,1782738382.9644792
64900,4.4175848960876465,1782738388.5167787
65000,0.7632768154144287,1782738394.2771792
65100,2.1965622901916504,1782738400.1350377
65200,3.325746536254883,1782738406.0288336
65300,3.801435708999634,1782738411.8109906
65400,2.702742338180542,1782738417.57445
65500,7.852948188781738,1782738423.2616136
65600,5.62711238861084,1782738429.1924567
65700,6.24485969543457,1782738434.91024
65800,3.8929216861724854,1782738440.6729374
65900,2.533794403076172,1782738446.3732057
66000,2.7864813804626465,1782738452.318164
66100,1.491053819656372,1782738458.2915888
66200,5.336147308349609,1782738463.915874
66300,2.5223333835601807,1782738469.9420202
66400,2.5301389694213867,1782738475.8249266
66500,1.8323302268981934,1782738481.5618598
66600,2.462036371231079,1782738487.1994827
66700,3.370980978012085,1782738493.0718615
66800,3.6682350635528564,1782738498.5579538
66900,2.580746650695801,1782738504.4456007
67000,2.4246997833251953,1782738510.3247108
67100,3.2266244888305664,1782738516.2531657
67200,5.648176670074463,1782738522.0240257
67300,0.385985404253006,1782738527.734955
67400,1.7308111190795898,1782738533.714462
67500,3.728947877883911,1782738539.3409073
67600,3.179136276245117,1782738545.3666675
67700,1.9462213516235352,1782738551.1203215
67800,4.1645588874816895,1782738557.2605498
67900,1.0581746101379395,1782738562.790013
68000,4.26902437210083,1782738568.7373135
68100,1.467642903327942,1782738574.505952
68200,1.9971529245376587,1782738580.3110342
68300,4.4666900634765625,1782738586.1158857
68400,2.0916824340820312,1782738592.01724
68500,4.27235221862793,1782738597.7119317
68600,3.582784414291382,1782738603.5652878
68700,8.097640991210938,1782738609.1906035
68800,5.191309452056885,1782738614.855041
68900,3.632103204727173,1782738620.9840987
69000,5.658819198608398,1782738626.568453
69100,2.3008780479431152,1782738632.1913378
69200,7.7563276290893555,1782738637.870458
69300,4.630103588104248,1782738643.6093893
69400,2.5170016288757324,1782738649.0604184
69500,4.050650596618652,1782738655.0170233
69600,4.768974781036377,1782738661.0950413
69700,4.54249382019043,1782738666.9745688
69800,5.251111030578613,1782738672.653936
69900,3.8207221031188965,1782738678.4605584
70000,5.816170692443848,1782738684.2820055
70100,5.883238792419434,1782738690.2151635
70200,6.054084300994873,1782738696.1600435
70300,4.588081359863281,1782738702.0657895
70400,5.578840255737305,1782738707.7947955
70500,5.892100811004639,1782738713.73667
70600,1.8166606426239014,1782738719.4209585
70700,2.011239528656006,1782738725.0540464
70800,5.161640167236328,1782738730.9737227
70900,3.9283804893493652,1782738736.8759153
71000,3.5855002403259277,1782738742.5504582
71100,7.0153608322143555,1782738748.3003736
71200,5.498466968536377,1782738753.9057133
71300,2.9314918518066406,1782738759.6225667
71400,4.1317243576049805,1782738765.602909
71500,4.699820518493652,1782738771.4563699
71600,5.634220600128174,1782738777.2763338
71700,3.216625452041626,1782738783.2873867
71800,3.8884999752044678,1782738789.2568922
71900,2.009087085723877,1782738795.0533335
72000,4.874574661254883,1782738800.6633127
72100,6.322911739349365,1782738806.6531878
72200,5.578903675079346,1782738812.4407477
72300,4.736968994140625,1782738818.359822
72400,1.6454854011535645,1782738824.2170508
72500,2.596771478652954,1782738830.2302103
72600,5.634028911590576,1782738836.084734
72700,3.742891311645508,1782738841.9162905
72800,3.684471368789673,1782738847.8843036
72900,5.479535102844238,1782738853.5029814
73000,5.53375244140625,1782738859.2640185
73100,5.628574371337891,1782738864.9730568
73200,5.342492580413818,1782738870.7358122
73300,3.3841538429260254,1782738876.4069457
73400,5.025424957275391,1782738882.3080523
73500,3.3283722400665283,1782738887.9368212
73600,3.857015609741211,1782738893.722811
73700,3.953202962875366,1782738899.620148
73800,4.55889368057251,1782738905.5160096
73900,2.2647132873535156,1782738911.355069
74000,0.23233485221862793,1782738917.1581187
74100,1.4423801898956299,1782738922.834684
74200,3.6954193115234375,1782738928.5698004
74300,1.3466665744781494,1782738934.371479
74400,2.1734790802001953,1782738940.3984275
74500,3.571343183517456,1782738946.5085568
74600,1.7229056358337402,1782738952.3971417
74700,3.3307363986968994,1782738958.2911818
74800,0.5587183833122253,1782738964.1036086
74900,2.092325448989868,1782738969.7022133
75000,-2.921506881713867,1782738975.5087585
75100,-3.010845422744751,1782739112.363075
75200,-4.405396461486816,1782739118.3026574
75300,0.7308975458145142,1782739123.956199
75400,-0.8706275820732117,1782739130.0060863
75500,-0.34521210193634033,1782739135.875812
75600,0.3966953754425049,1782739141.5022302
75700,0.3177220821380615,1782739147.4495277
75800,-0.819396436214447,1782739153.3059256
75900,-0.47629618644714355,1782739159.3309312
76000,1.1916441917419434,1782739165.1574233
76100,-0.4664970636367798,1782739171.1959074
76200,0.1766449213027954,1782739177.0340943
76300,2.3990349769592285,1782739183.1570115
76400,-1.2295867204666138,1782739188.8497472
76500,0.5621528625488281,1782739194.6822653
76600,1.560587763786316,1782739200.7620068
76700,-0.7446330785751343,1782739206.4621131
76800,1.240661859512329,1782739212.1209857
76900,-1.1564711332321167,1782739217.9366682
77000,0.6647892594337463,1782739223.570395
77100,0.5989373326301575,1782739229.4875605
77200,0.26996302604675293,1782739235.1915288
77300,1.437475323677063,1782739241.133085
77400,-0.2286849021911621,1782739246.994585
77500,-1.1270270347595215,1782739252.622177
77600,3.7584962844848633,1782739258.2548442
77700,1.7404319047927856,1782739263.9704268
77800,-2.001343250274658,1782739270.0259068
77900,3.8449180126190186,1782739276.0054617
78000,-0.2873835563659668,1782739281.7293952
78100,4.689947128295898,1782739287.602379
78200,0.21425902843475342,1782739293.5666132
78300,1.8657567501068115,1782739299.3843458
78400,-0.10384869575500488,1782739305.0090744
78500,1.1977450847625732,1782739310.993975
78600,-2.3306994438171387,1782739316.76445
78700,1.5163792371749878,1782739322.7190142
78800,1.1992580890655518,1782739328.5496738
78900,-0.08296531438827515,1782739334.2432406
79000,0.43986058235168457,1782739339.9615986
79100,1.9161205291748047,1782739345.9452844
79200,0.59412682056427,1782739351.6648486
79300,0.7809762358665466,1782739357.3997593
79400,0.5473008155822754,1782739363.121287
79500,1.4649920463562012,1782739368.9381366
79600,2.0563788414001465,1782739374.754466
79700,1.3913874626159668,1782739380.506068
79800,2.7736032009124756,1782739386.1941268
79900,-0.25643226504325867,1782739392.0091033
80000,-0.5355441570281982,1782739397.763078
80100,4.557612419128418,1782739403.5689046
80200,4.734892845153809,1782739409.322759
80300,2.5719332695007324,1782739414.926013
80400,6.183785438537598,1782739420.7209172
80500,2.0219473838806152,1782739426.3836577
80600,-0.0754106342792511,1782739432.3645737
80700,3.5172810554504395,1782739438.1849372
80800,2.4457814693450928,1782739443.95955
80900,4.077519416809082,1782739449.7553992
81000,6.3052449226379395,1782739455.6337483
81100,1.6914480924606323,1782739461.4349463
81200,5.577508926391602,1782739467.2704072
81300,3.4870710372924805,1782739473.1529677
81400,3.333444118499756,1782739479.010551
81500,6.0375776290893555,1782739484.795805
81600,3.9835991859436035,1782739490.5797467
81700,4.696861267089844,1782739496.3859909
81800,4.37896728515625,1782739502.0671182
81900,6.60554838180542,1782739508.0528722
82000,3.8157148361206055,1782739513.7620099
82100,2.6992290019989014,1782739519.5936742
82200,5.77723503112793,1782739525.6230433
82300,5.276116371154785,1782739531.2221394
82400,3.6914052963256836,1782739537.017879
82500,6.644710063934326,1782739542.7628756
82600,3.8024778366088867,1782739548.5887635
82700,2.7718563079833984,1782739554.3627944
82800,1.8308653831481934,1782739560.069803
82900,4.844485759735107,1782739565.7652633
83000,3.4694981575012207,1782739571.392931
83100,6.551863670349121,1782739577.1417048
83200,6.0946044921875,1782739582.9748993
83300,-0.001210033893585205,1782739588.59113
83400,1.605539083480835,1782739594.1490612
83500,3.62709903717041,1782739600.020568
83600,5.039941787719727,1782739605.6353421
83700,2.884613513946533,1782739611.3743944
83800,0.272759348154068,1782739617.0808702
83900,0.9085142016410828,1782739622.9825957
84000,1.3353114128112793,1782739628.6158624
84100,0.77382493019104,1782739634.3921812
84200,4.884045600891113,1782739640.0609918
84300,1.7382407188415527,1782739645.9767587
84400,3.027085781097412,1782739651.752546
84500,1.8680191040039062,1782739657.6964257
84600,3.3959298133850098,1782739663.4042885
84700,1.6207307577133179,1782739669.0254161
84800,3.5769596099853516,1782739674.8256612
84900,1.5851064920425415,1782739680.7937143
85000,2.5554513931274414,1782739686.4529197
85100,2.8153581619262695,1782739692.1847465
85200,4.363976955413818,1782739698.164451
85300,7.580631256103516,1782739703.8241003
85400,1.9522088766098022,1782739709.7077637
85500,1.1984106302261353,1782739715.4572246
85600,2.508349895477295,1782739721.2935574
85700,-0.4097842574119568,1782739726.8421748
85800,0.500514805316925,1782739732.488138
85900,3.9147226810455322,1782739738.481127
86000,4.16671895980835,1782739744.2056177
86100,3.629835367202759,1782739750.0811238
86200,2.1803860664367676,1782739755.8870974
86300,3.133448839187622,1782739761.5976694
86400,2.3822364807128906,1782739767.3038442
86500,5.403223991394043,1782739773.1406238
86600,2.6431355476379395,1782739778.8172946
86700,4.505280494689941,1782739784.6380613
86800,2.8155250549316406,1782739790.817941
86900,4.796633720397949,1782739796.4179194
87000,2.729095935821533,1782739802.0306914
87100,4.706496238708496,1782739807.9169645
87200,-0.5788141489028931,1782739813.578281
87300,5.571112155914307,1782739819.2845323
87400,1.6897904872894287,1782739825.1724348
87500,4.302167892456055,1782739830.8211813
87600,3.0862083435058594,1782739836.6807926
87700,2.842819929122925,1782739842.36726
87800,2.042273759841919,1782739848.4005742
87900,2.040412425994873,1782739854.066229
88000,1.9405815601348877,1782739859.7528615
88100,2.09767746925354,1782739865.4061594
88200,3.3612046241760254,1782739871.2422523
88300,5.080562114715576,1782739877.0048048
88400,-0.7790964841842651,1782739882.9938247
88500,4.591386318206787,1782739888.6685262
88600,2.0778441429138184,1782739894.2925665
88700,3.8707528114318848,1782739900.3478022
88800,4.683654308319092,1782739905.9857466
88900,3.3036866188049316,1782739911.6406436
89000,2.951789379119873,1782739917.2640407
89100,5.498708724975586,1782739922.8312094
89200,5.583292007446289,1782739928.6539874
89300,4.580374240875244,1782739934.5491753
89400,2.1429996490478516,1782739940.2215085
89500,1.119870662689209,1782739945.868225
89600,1.9456818103790283,1782739951.8909583
89700,3.8132693767547607,1782739957.5681927
89800,0.956234872341156,1782739963.5306144
89900,2.8067593574523926,1782739969.4212732
90000,3.634974479675293,1782739975.2702684
90100,3.610506296157837,1782739981.020695
90200,3.079707145690918,1782739986.803683
90300,6.462757587432861,1782739992.4175215
90400,2.6870460510253906,1782739998.1981802
90500,0.8588622808456421,1782740004.0607986
90600,2.4116477966308594,1782740009.8694136
90700,2.19356107711792,1782740015.637581
90800,4.950279235839844,1782740021.4819977
90900,0.6141967177391052,1782740027.1902113
91000,-0.3335614800453186,1782740033.1403787
91100,1.2854480743408203,1782740038.7861717
91200,0.8554096221923828,1782740044.7720573
91300,4.745462417602539,1782740050.5097835
91400,6.329202175140381,1782740056.1712687
91500,2.331805944442749,1782740061.6762156
91600,4.296108245849609,1782740067.2931814
91700,4.673566818237305,1782740072.7843173
91800,5.890836715698242,1782740078.4868464
91900,4.9667253494262695,1782740084.0981228
92000,3.874152183532715,1782740089.718317
92100,7.42456579208374,1782740095.352668
92200,6.6764349937438965,1782740100.936283
92300,7.670358657836914,1782740106.637591
92400,4.769648551940918,1782740112.6031072
92500,1.7492108345031738,1782740118.4419217
92600,-0.2746669352054596,1782740124.2355747
92700,4.812978744506836,1782740130.0533829
92800,5.449249744415283,1782740135.7391021
92900,3.214684009552002,1782740141.4870403
93000,6.556235313415527,1782740147.2915351
93100,6.77689266204834,1782740153.0068028
93200,2.702564001083374,1782740158.989187
93300,6.89176082611084,1782740164.7509265
93400,4.736001014709473,1782740170.3732924
93500,6.915318965911865,1782740175.8898208
93600,4.896750450134277,1782740181.5693424
93700,5.351351737976074,1782740187.5160723
93800,2.6965367794036865,1782740193.1980488
93900,0.946213960647583,1782740199.1874235
94000,2.5672192573547363,1782740204.9197333
94100,4.524016857147217,1782740210.753083
94200,0.8951761722564697,1782740216.446365
94300,2.658437728881836,1782740222.2521105
94400,-3.5907950401306152,1782740227.8850214
94500,5.20757532119751,1782740234.3108203
94600,-0.38011792302131653,1782740239.9624562
94700,4.515140533447266,1782740245.6679032
94800,5.107625484466553,1782740251.575921
94900,5.889618873596191,1782740257.3671045
95000,5.966479301452637,1782740263.1507735
95100,5.9340620040893555,1782740268.8775358
95200,5.034059524536133,1782740274.6294725
95300,3.5438995361328125,1782740280.2706366
95400,5.503256320953369,1782740285.9843638
95500,5.223575592041016,1782740291.9709144
95600,5.584952354431152,1782740297.6939447
95700,7.2807769775390625,1782740303.2838411
95800,5.071250915527344,1782740308.9199672
95900,4.484016418457031,1782740314.735893
96000,5.62805700302124,1782740320.5385923
96100,5.604215621948242,1782740326.3341208
96200,2.2819151878356934,1782740332.104679
96300,6.674727439880371,1782740337.9246447
96400,5.854251384735107,1782740343.6007023
96500,5.2879533767700195,1782740349.587555
96600,6.794010162353516,1782740355.3625684
96700,6.464308261871338,1782740361.1706965
96800,5.298521041870117,1782740366.7808917
96900,6.142141342163086,1782740372.4892483
97000,6.591569900512695,1782740378.298539
97100,6.322331428527832,1782740384.2962358
97200,4.644400119781494,1782740390.0825164
97300,5.010571479797363,1782740395.8207004
97400,6.21914529800415,1782740402.0847094
97500,3.585909366607666,1782740408.136595
97600,5.655862331390381,1782740413.9012518
97700,4.389928817749023,1782740419.6969867
97800,6.901610374450684,1782740425.6563487
97900,5.483811378479004,1782740431.319358
98000,6.927100658416748,1782740437.274765
98100,6.049362659454346,1782740443.215151
98200,5.851799964904785,1782740448.9505334
98300,5.427300453186035,1782740454.8365366
98400,5.36686372756958,1782740460.5588312
98500,5.088500022888184,1782740466.4005299
98600,5.87949275970459,1782740472.3704576
98700,5.347495079040527,1782740478.124221
98800,4.59798526763916,1782740483.9892144
98900,4.744489669799805,1782740489.7431865
99000,4.12618350982666,1782740495.7135057
99100,4.932834148406982,1782740501.4339373
99200,3.043264389038086,1782740507.3990412
99300,2.543949604034424,1782740513.1936402
99400,4.006531238555908,1782740518.8715954
99500,3.7463531494140625,1782740524.7765682
99600,2.3844456672668457,1782740530.4287398
99700,2.0139541625976562,1782740536.37024
99800,3.396357297897339,1782740542.3497589
99900,4.614129066467285,1782740548.2454295
100000,4.26009464263916,1782740554.1893811
100100,-1.5073235034942627,1782740701.8306046
100200,-2.919890880584717,1782740707.5788677
100300,-3.463995933532715,1782740713.438037
100400,-4.158942699432373,1782740719.336504
100500,-4.189897060394287,1782740724.9812593
100600,-4.017634391784668,1782740730.694466
100700,-4.399988651275635,1782740736.6179051
100800,-5.433197975158691,1782740742.314761
100900,-5.0230488777160645,1782740748.1859162
101000,-3.435584545135498,1782740753.8824024
101100,-4.04544734954834,1782740759.5765357
101200,-2.993309497833252,1782740765.4606466
101300,-3.295926332473755,1782740771.364792
101400,-3.478663444519043,1782740777.214554
101500,-3.7687225341796875,1782740783.063202
101600,-3.8696329593658447,1782740788.6978526
101700,-4.061176300048828,1782740794.350317
101800,-2.5424258708953857,1782740800.1488373
101900,-5.305100440979004,1782740805.9729395
102000,-5.156703948974609,1782740811.7950478
102100,-3.5906429290771484,1782740817.5688148
102200,-5.03272819519043,1782740823.1619081
102300,-2.4588992595672607,1782740828.812298
102400,-5.11345100402832,1782740834.5447776
102500,-6.298392295837402,1782740840.1520538
102600,-5.067653656005859,1782740846.0162604
102700,-7.891254425048828,1782740851.6904323
102800,-6.068777084350586,1782740857.464299
102900,-5.844786643981934,1782740863.2840226
103000,-7.493364334106445,1782740869.0440605
103100,-9.003251075744629,1782740874.7691312
103200,-8.641697883605957,1782740880.6648476
103300,-7.156067848205566,1782740886.4558375
103400,-10.87148380279541,1782740892.62688
103500,-8.42254638671875,1782740898.5781534
103600,-5.643886566162109,1782740904.3981504
103700,-6.181857109069824,1782740910.155212
103800,-6.038558483123779,1782740915.8591654
103900,-7.97471809387207,1782740921.5707715
104000,-5.6766743659973145,1782740927.4279363
104100,-9.040704727172852,1782740933.210068
104200,-8.952651023864746,1782740939.016427
104300,-7.1941328048706055,1782740945.1754222
104400,-6.102495193481445,1782740950.911497
104500,-8.820564270019531,1782740956.7873359
104600,-8.092790603637695,1782740962.5148888
104700,-4.026099681854248,1782740968.333782
104800,-5.689858436584473,1782740973.980908
104900,-6.518545627593994,1782740979.7870505
105000,-6.679162979125977,1782740985.4446507
105100,-9.132559776306152,1782740991.1709647
105200,-4.201144218444824,1782740996.906826
105300,-6.816040992736816,1782741002.7712798
105400,-6.581428527832031,1782741008.7100508
105500,-5.840673446655273,1782741014.703451
105600,-7.849932670593262,1782741020.5103183
105700,-5.480849266052246,1782741026.4475052
105800,-5.587332725524902,1782741032.0627
105900,-2.78273868560791,1782741037.727319
106000,-4.973382949829102,1782741043.348638
106100,-8.264823913574219,1782741049.1824498
106200,-5.871894836425781,1782741054.753288
106300,-1.6856576204299927,1782741060.4162176
106400,-3.978543758392334,1782741065.9886603
106500,-6.034886360168457,1782741071.9277587
106600,-4.490276336669922,1782741077.6583683
106700,-3.542766571044922,1782741083.3910682
106800,-5.4747796058654785,1782741089.226829
106900,-6.599868297576904,1782741094.9296482
107000,-7.451235771179199,1782741100.7959535
107100,-3.880955934524536,1782741106.5051036
107200,-3.7814693450927734,1782741112.236537
107300,-1.1664280891418457,1782741117.8163977
107400,1.5883798599243164,1782741123.4398873
107500,-1.771226167678833,1782741129.1870131
107600,-0.9173471927642822,1782741135.0930812
107700,-0.33996906876564026,1782741140.8762755
107800,-3.7810916900634766,1782741146.4518237
107900,-1.3470573425292969,1782741152.2897685
108000,-0.31695258617401123,1782741158.1915133
108100,-1.006433367729187,1782741163.982556
108200,-1.3528995513916016,1782741169.6999807
108300,-1.293947458267212,1782741175.5180576
108400,-3.429309368133545,1782741181.2496073
108500,-2.167876720428467,1782741186.927598
108600,-2.6828391551971436,1782741192.8643205
108700,-3.87962007522583,1782741198.603347
108800,-1.6660600900650024,1782741204.5664315
108900,-2.8173956871032715,1782741210.4021258
109000,-3.020601749420166,1782741216.1158652
109100,-2.021388053894043,1782741221.8768914
109200,-2.841600179672241,1782741227.9830265
109300,-4.713707447052002,1782741233.782413
109400,-1.9876346588134766,1782741239.7023256
109500,0.15659308433532715,1782741245.3737292
109600,-1.883772611618042,1782741251.1146078
109700,-2.320873737335205,1782741256.7656426
109800,-3.7797799110412598,1782741262.556672
109900,-5.122345447540283,1782741268.207514
110000,-4.467367649078369,1782741274.0745587
110100,-3.241933822631836,1782741279.839295
110200,-3.3187713623046875,1782741285.6065516
110300,-0.6687992215156555,1782741291.662393
110400,-0.3865970969200134,1782741297.440609
110500,-3.681795597076416,1782741303.2722418
110600,-3.27976655960083,1782741309.0707464
110700,-2.328315258026123,1782741314.712311
110800,-1.6540629863739014,1782741320.6239817
110900,-1.8197953701019287,1782741326.5097728
111000,-0.5543868541717529,1782741332.4105482
111100,-0.13041862845420837,1782741338.2926745
111200,-0.7097525596618652,1782741344.022931
111300,0.7607791423797607,1782741349.6777208
111400,1.5413737297058105,1782741355.4213605
111500,1.2788363695144653,1782741361.2252738
111600,1.9778214693069458,1782741366.9907024
111700,-0.11624646186828613,1782741372.9317503
111800,-1.683296799659729,1782741378.5936258
111900,0.323067843914032,1782741384.3601973
112000,-0.4915434420108795,1782741390.1021588
112100,-0.9324392080307007,1782741395.9976974
112200,1.2796587944030762,1782741401.7167003
112300,4.5864715576171875,1782741407.6508532
112400,1.494052767753601,1782741413.2414825
112500,1.5896697044372559,1782741419.0711036
112600,-0.6233522295951843,1782741424.8871915
112700,-2.277071475982666,1782741430.621428
112800,-1.031592607498169,1782741436.6028514
112900,-0.5526679754257202,1782741442.4712145
113000,0.366272896528244,1782741448.3785346
113100,0.5973938703536987,1782741454.3080945
113200,-1.4783210754394531,1782741460.1588109
113300,-1.775092601776123,1782741465.9055088
113400,0.6049362421035767,1782741471.7644825
113500,-2.562263250350952,1782741477.561141
113600,-0.4744523763656616,1782741483.091496
113700,0.29509609937667847,1782741488.9923744
113800,-0.4479844272136688,1782741494.7522388
113900,1.710399866104126,1782741500.5871632
114000,1.4342703819274902,1782741506.3801188
114100,1.9300663471221924,1782741512.2754087
114200,-0.45567581057548523,1782741517.9766002
114300,4.7959442138671875,1782741523.595203
114400,-0.7118808031082153,1782741529.5196192
114500,1.2787977457046509,1782741535.1077955
114600,5.385011672973633,1782741541.0281982
114700,1.8785459995269775,1782741546.7998815
114800,2.952469825744629,1782741552.7243934
114900,4.226661682128906,1782741558.3689914
115000,6.031240940093994,1782741564.1329226
115100,4.108687400817871,1782741569.9788742
115200,2.895063638687134,1782741575.7593346
115300,1.6770143508911133,1782741581.5053227
115400,2.155449867248535,1782741587.3667202
115500,1.6234833002090454,1782741593.4331667
115600,2.157339096069336,1782741599.2680373
115700,1.6448360681533813,1782741605.0599425
115800,1.294147253036499,1782741610.8109624
115900,4.876044750213623,1782741616.5718262
116000,1.500352144241333,1782741622.4335585
116100,6.017624855041504,1782741628.3316495
116200,6.0896196365356445,1782741634.0774739
116300,5.176457405090332,1782741639.7195227
116400,5.328655242919922,1782741645.5281727
116500,5.739153861999512,1782741651.419336
116600,4.065625190734863,1782741657.5414066
116700,4.313296318054199,1782741663.4218366
116800,6.403289794921875,1782741669.215167
116900,7.697311878204346,1782741674.833657
117000,5.94821834564209,1782741680.595342
117100,6.90849494934082,1782741686.430607
117200,5.798381805419922,1782741692.2680135
117300,4.414436340332031,1782741698.0508308
117400,7.441670894622803,1782741703.6489973
117500,8.188342094421387,1782741709.7522979
117600,8.471412658691406,1782741715.7056828
117700,5.446683406829834,1782741721.4060023
117800,8.599044799804688,1782741727.1925085
117900,7.570911407470703,1782741732.9167936
118000,9.54305362701416,1782741738.595177
118100,8.79603385925293,1782741744.4845786
118200,5.690033912658691,1782741750.2828782
118300,7.809454441070557,1782741756.1954393
118400,8.549460411071777,1782741761.863045
118500,5.446853160858154,1782741767.9368854
118600,7.788195610046387,1782741773.7046306
118700,5.240777015686035,1782741779.5615628
118800,7.236284255981445,1782741785.2839806
118900,6.8180341720581055,1782741791.0576227
119000,5.664711952209473,1782741796.7093263
119100,3.2597298622131348,1782741802.6191123
119200,4.641091823577881,1782741808.5518038
119300,5.357687950134277,1782741814.2876217
119400,5.082148551940918,1782741820.1639378
119500,4.250104904174805,1782741825.9827752
119600,2.932300567626953,1782741831.8961139
119700,3.191403865814209,1782741837.595026
119800,2.090383529663086,1782741843.3888738
119900,1.0066630840301514,1782741849.1450486
120000,1.440030813217163,1782741854.8922067
120100,2.663928508758545,1782741860.6719203
120200,2.8685951232910156,1782741866.5438309
120300,1.9185248613357544,1782741872.4578052
120400,-0.2103096842765808,1782741878.398779
120500,-0.11681804060935974,1782741884.0423198
120600,2.6033780574798584,1782741890.0414531
120700,1.254343867301941,1782741895.7912612
120800,1.741680383682251,1782741901.5552318
120900,-1.6448171138763428,1782741907.5408142
121000,-0.11973345279693604,1782741913.6321766
121100,1.1694810390472412,1782741919.5263276
121200,0.08641467988491058,1782741925.395355
121300,1.347890853881836,1782741931.1762092
121400,0.5894140601158142,1782741937.1337066
121500,0.11229589581489563,1782741942.793013
121600,-0.6866710782051086,1782741948.3598123
121700,0.23732012510299683,1782741954.605013
121800,0.7787320613861084,1782741960.3726287
121900,-1.7418100833892822,1782741966.3188848
122000,-0.5712352991104126,1782741972.0479827
122100,-0.5909210443496704,1782741977.984526
122200,0.44300979375839233,1782741983.6379573
122300,0.21675676107406616,1782741989.3758998
122400,-0.16814035177230835,1782741995.0263574
122500,-0.6494741439819336,1782742000.9167516
122600,-0.4565589427947998,1782742006.7963824
122700,-0.028412818908691406,1782742012.4158463
122800,0.9523934721946716,1782742018.428219
122900,-0.10239873826503754,1782742024.0942256
123000,-0.0905885398387909,1782742029.6886292
123100,0.011818647384643555,1782742035.4711673
123200,1.277584195137024,1782742041.2364933
123300,1.6753534078598022,1782742046.8373082
123400,1.4802014827728271,1782742052.6113014
123500,-0.7759537100791931,1782742058.732183
123600,-0.5505370497703552,1782742064.7560692
123700,0.1889198124408722,1782742070.4413602
123800,0.9798163175582886,1782742076.3626537
123900,0.09541362524032593,1782742082.0897915
124000,-0.0818561315536499,1782742088.011684
124100,0.4874666929244995,1782742093.697835
124200,-0.10026127099990845,1782742099.4390419
124300,-2.0575978755950928,1782742105.2267756
124400,-0.5583182573318481,1782742111.0708594
124500,-0.9995976686477661,1782742117.1285489
124600,-1.0322566032409668,1782742122.9410567
124700,-0.7398796677589417,1782742128.5607007
124800,0.22206711769104004,1782742134.1313407
124900,0.9568325281143188,1782742139.8405328
125000,-2.245912551879883,1782742145.5619366
125100,0.40180277824401855,1782742271.686578
125200,-0.590346097946167,1782742277.7304327
125300,-1.7230371236801147,1782742283.4591699
125400,-0.00788414478302002,1782742289.2557406
125500,-1.0659594535827637,1782742294.8734322
125600,-1.1742138862609863,1782742300.637305
125700,-1.8083733320236206,1782742306.318432
125800,-1.6904897689819336,1782742311.9614384
125900,-0.45660829544067383,1782742317.788812
126000,0.8296048641204834,1782742323.6223686
126100,-1.2334692478179932,1782742329.533486
126200,-1.5993924140930176,1782742335.236161
126300,0.8601045608520508,1782742341.1839283
126400,-1.332916498184204,1782742346.9619977
126500,0.3101983070373535,1782742352.7923596
126600,-0.01017308235168457,1782742358.795447
126700,0.8985518217086792,1782742364.573989
126800,-2.3143932819366455,1782742370.2986093
126900,0.9154510498046875,1782742376.097611
127000,0.3621417284011841,1782742382.0704865
127100,0.24788200855255127,1782742387.8613515
127200,-0.3479989171028137,1782742393.7617903
127300,1.240127444267273,1782742399.4125972
127400,-0.7431274652481079,1782742405.125692
127500,2.6361544132232666,1782742411.0762901
127600,1.0018739700317383,1782742416.9149897
127700,0.29004335403442383,1782742422.8973737
127800,2.382185935974121,1782742428.7833495
127900,-2.302316188812256,1782742434.4178007
128000,1.768147349357605,1782742440.0447488
128100,3.252869129180908,1782742445.5943537
128200,1.7614637613296509,1782742451.430452
128300,1.7900769710540771,1782742457.3424172
128400,2.0361289978027344,1782742462.8826396
128500,-0.22599941492080688,1782742468.7338898
128600,5.453750133514404,1782742474.5653782
128700,0.20984899997711182,1782742480.677346
128800,0.8017651438713074,1782742486.4064586
128900,1.0311294794082642,1782742492.0768597
129000,1.8272098302841187,1782742497.973782
129100,-0.8932210206985474,1782742503.6652124
129200,1.5449949502944946,1782742509.5180166
129300,0.9558397531509399,1782742515.2003384
129400,2.6471199989318848,1782742520.9909108
129500,0.47548624873161316,1782742526.8976755
129600,1.38010835647583,1782742532.5180907
129700,1.425594687461853,1782742538.4747612
129800,2.662489891052246,1782742544.0186765
129900,4.253921985626221,1782742549.6322424
130000,4.011248588562012,1782742555.3197515
130100,3.096738815307617,1782742561.0715148
130200,2.8034186363220215,1782742566.916175
130300,1.3605104684829712,1782742572.7621446
130400,1.174638271331787,1782742578.4371936
130500,-0.5165329575538635,1782742584.4065804
130600,0.9368855953216553,1782742590.0308568
130700,3.8076136112213135,1782742595.90677
130800,2.097416400909424,1782742601.6020637
130900,2.491175651550293,1782742607.348948
131000,1.2849806547164917,1782742613.0657113
131100,0.15425586700439453,1782742619.0175438
131200,1.9948806762695312,1782742624.880794
131300,1.926707148551941,1782742630.6152139
131400,1.8142261505126953,1782742636.2896216
131500,0.7541002035140991,1782742642.247271
131600,2.7473995685577393,1782742647.937488
131700,2.5378077030181885,1782742653.9017792
131800,2.4311814308166504,1782742659.480638
131900,0.43259719014167786,1782742665.1723335
132000,0.9182022213935852,1782742671.0591142
132100,0.5386488437652588,1782742676.7824185
132200,0.10054601728916168,1782742682.8013012
132300,0.13878244161605835,1782742688.461705
132400,1.080865502357483,1782742694.5125582
132500,1.4505650997161865,1782742700.2796462
132600,3.034700870513916,1782742706.382598
132700,1.4727602005004883,1782742712.1942115
132800,1.743024230003357,1782742718.0409122
132900,-1.5233440399169922,1782742723.8359406
133000,0.5698293447494507,1782742729.7547207
133100,2.8307435512542725,1782742735.33894
133200,4.482311248779297,1782742740.9780452
133300,2.742236852645874,1782742746.8838813
133400,2.9067330360412598,1782742752.470331
133500,-0.7515577077865601,1782742758.1357203
133600,3.321986198425293,1782742763.9504597
133700,3.469080686569214,1782742769.8244748
133800,3.3036715984344482,1782742775.4613867
133900,1.7328438758850098,1782742781.142746
134000,1.437384009361267,1782742786.7375348
134100,2.3488869667053223,1782742792.4496586
134200,3.75447678565979,1782742798.0731392
134300,4.1323442459106445,1782742804.0101702
134400,2.8194541931152344,1782742809.5677924
134500,4.501187801361084,1782742815.2801428
134600,3.202629566192627,1782742821.161653
134700,4.338391304016113,1782742827.0718002
134800,4.480312824249268,1782742832.7622898
134900,5.572291374206543,1782742838.6534123
135000,4.784985542297363,1782742844.5034235
135100,4.221050262451172,1782742850.3040578
135200,3.278994083404541,1782742856.1619315
135300,4.589681625366211,1782742861.8620574
135400,4.947592258453369,1782742867.6153078
135500,3.706099510192871,1782742873.5258756
135600,3.804671049118042,1782742879.1991744
135700,4.123350620269775,1782742884.9152288
135800,3.1264004707336426,1782742890.5838563
135900,2.414119243621826,1782742896.454504
136000,2.9106907844543457,1782742902.3342395
136100,4.487724304199219,1782742907.9978468
136200,2.757693290710449,1782742913.6724415
136300,3.3232436180114746,1782742919.3837192
136400,4.396961212158203,1782742925.1691942
136500,5.089757919311523,1782742931.1743042
136600,3.2639434337615967,1782742936.8170133
136700,0.7786877155303955,1782742942.4735096
136800,5.051344871520996,1782742948.2023194
136900,4.356171131134033,1782742954.0586076
137000,5.135751724243164,1782742959.6733706
137100,1.6278331279754639,1782742965.6440063
137200,4.218341827392578,1782742971.2848904
137300,2.563448190689087,1782742977.2504303
137400,0.3036884069442749,1782742983.0429282
137500,1.8076989650726318,1782742988.7216802
137600,1.851684808731079,1782742994.4551485
137700,2.578244209289551,1782743000.1753483
137800,2.793832302093506,1782743006.0054421
137900,2.175360679626465,1782743011.812613
138000,3.2255396842956543,1782743017.6280718
138100,1.7749539613723755,1782743023.438006
138200,2.4709300994873047,1782743029.2522104
138300,1.9267330169677734,1782743034.895787
138400,5.376690864562988,1782743040.655853
138500,3.372267246246338,1782743046.7385468
138600,3.191196918487549,1782743052.3819485
138700,5.347355842590332,1782743058.2798238
138800,3.2700724601745605,1782743064.2416863
138900,3.8683619499206543,1782743069.9750187
139000,3.309891939163208,1782743075.7955618
139100,2.930739641189575,1782743081.872122
139200,3.1022605895996094,1782743087.566123
139300,3.6779322624206543,1782743093.4643598
139400,4.888060569763184,1782743099.6427965
139500,4.827500343322754,1782743105.388505
139600,6.7285919189453125,1782743111.0958421
139700,4.7042717933654785,1782743116.9984462
139800,5.343784809112549,1782743122.6612663
139900,5.083309173583984,1782743128.49915
140000,5.692802429199219,1782743134.2489104
140100,3.131495475769043,1782743140.070674
140200,4.311614990234375,1782743145.8528786
140300,3.296030282974243,1782743151.4355264
140400,5.776623725891113,1782743157.3177316
140500,4.782978057861328,1782743163.2181425
140600,4.623889923095703,1782743169.2070465
140700,4.529088020324707,1782743174.958725
140800,5.123874664306641,1782743181.0252943
140900,6.265698432922363,1782743186.7556207
141000,2.454214096069336,1782743192.4147987
141100,5.433985710144043,1782743198.3276947
141200,5.730041980743408,1782743204.145556
141300,6.128186225891113,1782743210.1866467
141400,5.992962837219238,1782743216.087316
141500,8.174089431762695,1782743221.8134925
141600,5.085475444793701,1782743227.5029588
141700,7.33933162689209,1782743233.4202056
141800,5.144782543182373,1782743239.1586359
141900,4.815491676330566,1782743244.9340916
142000,5.210025787353516,1782743250.6501272
142100,6.04337215423584,1782743256.4903731
142200,4.909154891967773,1782743262.1551802
142300,5.425272464752197,1782743268.0494344
142400,4.685137748718262,1782743273.8538969
142500,5.031854629516602,1782743280.0390997
142600,4.554511070251465,1782743285.6925583
142700,7.594808101654053,1782743291.509255
142800,7.406054496765137,1782743297.3535528
142900,7.150928497314453,1782743303.0523329
143000,5.633520126342773,1782743308.8289325
143100,5.987758636474609,1782743314.8574634
143200,5.716489315032959,1782743320.5298028
143300,4.449777603149414,1782743326.540584
143400,2.025437355041504,1782743332.2759316
143500,3.406857490539551,1782743338.2695491
143600,4.257537841796875,1782743344.1648638
143700,1.596311330795288,1782743349.8170974
143800,3.129591226577759,1782743355.4893773
143900,0.3957062363624573,1782743361.1824517
144000,2.308284282684326,1782743367.009575
144100,-0.3744509816169739,1782743373.0525413
144200,0.5778383016586304,1782743378.9437356
144300,0.6631182432174683,1782743384.6329513
144400,1.3319984674453735,1782743390.6530643
144500,0.0005692318081855774,1782743396.3139217
144600,-1.3378634452819824,1782743402.257801
144700,-1.0286556482315063,1782743407.9291172
144800,-0.8218755722045898,1782743413.5944743
144900,0.08431994915008545,1782743419.3077786
145000,1.5242691040039062,1782743425.0979388
145100,4.249663829803467,1782743430.9995043
145200,2.4985036849975586,1782743436.8896122
145300,1.3647047281265259,1782743442.546657
145400,0.38819077610969543,1782743448.4702978
145500,1.6795504093170166,1782743454.1479292
145600,3.580972194671631,1782743459.827618
145700,2.7569339275360107,1782743465.5375497
145800,4.684925079345703,1782743471.2725005
145900,2.126582384109497,1782743477.3351774
146000,4.0163373947143555,1782743482.8881695
146100,5.604853630065918,1782743488.4762683
146200,4.742184638977051,1782743494.3241973
146300,4.300900459289551,1782743500.0909185
146400,3.593956708908081,1782743505.8446064
146500,3.439540147781372,1782743511.769886
146600,6.410550117492676,1782743517.389771
146700,4.880215644836426,1782743523.2837415
146800,6.436705589294434,1782743529.244166
146900,4.919120788574219,1782743534.9900732
147000,7.026218414306641,1782743540.848884
147100,8.253549575805664,1782743546.5926604
147200,5.077030181884766,1782743552.6506226
147300,9.148263931274414,1782743558.5832932
147400,7.054232597351074,1782743564.439768
147500,6.71221923828125,1782743570.3250039
147600,8.704216003417969,1782743576.3414707
147700,8.957931518554688,1782743582.1380098
147800,8.295694351196289,1782743588.209524
147900,8.670804977416992,1782743594.3973808
148000,6.700320243835449,1782743600.307968
148100,6.283428192138672,1782743606.274133
148200,6.727433204650879,1782743611.9962046
148300,6.5411529541015625,1782743617.756003
148400,6.072298049926758,1782743623.524097
148500,4.839283466339111,1782743629.619635
148600,5.285021781921387,1782743635.5745568
148700,6.714076042175293,1782743641.2790315
148800,7.840073585510254,1782743647.2541585
148900,8.745956420898438,1782743653.238841
149000,8.173365592956543,1782743659.0949843
149100,6.084548473358154,1782743665.0124462
149200,8.400030136108398,1782743670.7823193
149300,7.392460346221924,1782743676.5200427
149400,8.666226387023926,1782743682.3337831
149500,8.977500915527344,1782743687.9825523
149600,9.292365074157715,1782743693.8376822
149700,8.935148239135742,1782743699.6942158
149800,9.659134864807129,1782743705.4183881
149900,7.735629081726074,1782743711.5091512
150000,6.270486354827881,1782743717.46792
150100,3.8959455490112305,1782743847.1237283
150200,4.826569557189941,1782743852.8112903
150300,4.8584980964660645,1782743858.5552351
150400,2.8138427734375,1782743864.4146998
150500,4.6505303382873535,1782743870.1016982
150600,2.8606486320495605,1782743876.0823898
150700,1.4107675552368164,1782743881.9007304
150800,3.241614818572998,1782743887.8912134
150900,0.6192195415496826,1782743893.6215713
151000,-1.2563410997390747,1782743899.368946
151100,0.9359531998634338,1782743905.3172553
151200,-1.2968568801879883,1782743911.257932
151300,0.9230420589447021,1782743916.9222136
151400,1.640433669090271,1782743922.7053983
151500,2.6673619747161865,1782743928.3577847
151600,2.357288122177124,1782743933.937378
151700,4.116622447967529,1782743939.6684835
151800,1.2343618869781494,1782743945.435527
151900,-0.6391233205795288,1782743951.2950513
152000,1.73879075050354,1782743957.1937318
152100,2.5939624309539795,1782743962.8644884
152200,1.429430365562439,1782743968.6869545
152300,0.7596157789230347,1782743974.7525475
152400,1.4411944150924683,1782743980.5806134
152500,-0.8792591691017151,1782743986.378182
152600,2.219578742980957,1782743992.0940266
152700,1.4179294109344482,1782743997.6493676
152800,2.394580125808716,1782744003.3224432
152900,3.1306092739105225,1782744009.153696
153000,2.9854233264923096,1782744014.9323254
153100,5.5474348068237305,1782744020.851562
153200,2.4757604598999023,1782744026.522384
153300,3.4710512161254883,1782744032.2562034
153400,5.025317192077637,1782744037.877095
153500,4.303336143493652,1782744043.6379473
153600,5.521362781524658,1782744049.478947
153700,3.4302520751953125,1782744055.3361666
153800,3.998401165008545,1782744060.9718156
153900,3.8151235580444336,1782744066.6745355
154000,4.025127410888672,1782744072.4258912
154100,3.018566131591797,1782744078.296381
154200,4.263261795043945,1782744084.0819964
154300,0.28148967027664185,1782744089.9001603
154400,3.2974181175231934,1782744095.7764554
154500,3.9769935607910156,1782744101.542666
154600,4.412503719329834,1782744107.2781012
154700,3.9219043254852295,1782744112.9055262
154800,5.447373867034912,1782744118.7148998
154900,4.8451080322265625,1782744124.4091961
155000,5.024167537689209,1782744130.1496832
155100,4.400002479553223,1782744136.0775316
155200,3.590752124786377,1782744141.9146504
155300,2.460029125213623,1782744148.027113
155400,1.7099566459655762,1782744153.8880374
155500,4.342061996459961,1782744159.5001535
155600,3.5109853744506836,1782744165.2715275
155700,4.924073219299316,1782744171.3387008
155800,5.394280910491943,1782744176.9964309
155900,5.816159725189209,1782744182.6681535
156000,5.470513820648193,1782744188.4791458
156100,7.21111536026001,1782744194.2262394
156200,4.772711277008057,1782744200.2254953
156300,5.2722320556640625,1782744206.0025694
156400,7.215606689453125,1782744211.794187
156500,5.063196659088135,1782744217.4218564
156600,2.2353081703186035,1782744223.1360974
156700,4.81437349319458,1782744228.9358652
156800,3.0348711013793945,1782744234.7774382
156900,2.687082052230835,1782744240.4483595
157000,3.4267570972442627,1782744246.0790105
157100,1.6277525424957275,1782744252.0459588
157200,3.36952543258667,1782744257.5747712
157300,1.36700439453125,1782744263.2506018
157400,0.8731136918067932,1782744269.13326
157500,1.7863976955413818,1782744274.686896
157600,0.48332586884498596,1782744280.6405144
157700,-0.4105958342552185,1782744286.4693437
157800,1.0039808750152588,1782744292.0991383
157900,1.0578186511993408,1782744297.9058337
158000,0.8555096387863159,1782744303.7173753
158100,3.9202442169189453,1782744309.629989
158200,3.337369680404663,1782744315.4859924
158300,1.229489803314209,1782744321.2362754
158400,2.988973617553711,1782744327.0257027
158500,2.6243226528167725,1782744332.8858595
158600,2.636277198791504,1782744338.5724413
158700,0.5141331553459167,1782744344.331038
158800,3.316256523132324,1782744350.0698826
158900,2.046973705291748,1782744355.7492862
159000,-2.180968761444092,1782744361.6411512
159100,0.6905140280723572,1782744367.2372828
159200,0.26565104722976685,1782744373.1546996
159300,0.8904471397399902,1782744379.040929
159400,-0.25333791971206665,1782744384.7322793
159500,-0.8313446044921875,1782744390.415775
159600,0.3915630578994751,1782744396.2424214
159700,-1.6338117122650146,1782744401.9832501
159800,1.2683322429656982,1782744407.842956
159900,1.304001808166504,1782744413.5940025
160000,1.833888053894043,1782744419.5962527
160100,1.487056016921997,1782744425.5114374
160200,-0.37070798873901367,1782744431.2770848
160300,-1.4455255270004272,1782744437.161906
160400,1.4474636316299438,1782744443.0821395
160500,0.7054340839385986,1782744448.9496837
160600,-0.5888803005218506,1782744454.6194396
160700,0.8381119966506958,1782744460.332498
160800,-2.377264976501465,1782744466.3097808
160900,-0.14430683851242065,1782744472.3046246
161000,-1.2341392040252686,1782744478.2361667
161100,-2.153398036956787,1782744484.0180376
161200,-1.6706488132476807,1782744489.6791093
161300,-1.2665115594863892,1782744495.694324
161400,0.779387891292572,1782744501.6531382
161500,-0.2159082293510437,1782744507.2844355
161600,-0.7114270925521851,1782744513.1076982
161700,0.11795750260353088,1782744518.9720223
161800,-1.035744547843933,1782744524.683411
161900,0.24739444255828857,1782744530.4327977
162000,1.7655346393585205,1782744536.0910718
162100,3.0420799255371094,1782744541.8016574
162200,0.4424571692943573,1782744547.6443927
162300,0.7443519234657288,1782744553.444736
162400,3.4879164695739746,1782744559.407892
162500,1.1328325271606445,1782744565.5233672
162600,5.062392711639404,1782744571.5021553
162700,3.3432083129882812,1782744577.2840853
162800,3.4334821701049805,1782744583.1283498
162900,-0.37423163652420044,1782744589.0216286
163000,0.7751166820526123,1782744594.7653751
163100,3.7863335609436035,1782744600.6951427
163200,2.495882511138916,1782744606.613678
163300,4.6295623779296875,1782744612.6165063
163400,1.548967957496643,1782744618.3985124
163500,1.8495404720306396,1782744624.33548
163600,2.6653881072998047,1782744630.0569973
163700,4.200606346130371,1782744636.0872211
163800,1.7646386623382568,1782744641.8465092
163900,1.6963186264038086,1782744647.5858526
164000,5.065088272094727,1782744653.4842343
164100,3.2214815616607666,1782744659.2814372
164200,0.7156925201416016,1782744665.0874424
164300,4.355892658233643,1782744671.0103602
164400,4.069074630737305,1782744676.8520393
164500,4.121217250823975,1782744682.6030493
164600,4.223323345184326,1782744688.6662467
164700,3.8634495735168457,1782744694.4359765
164800,3.8602216243743896,1782744700.360518
164900,4.262568950653076,1782744706.183855
165000,3.9484024047851562,1782744711.8651557
165100,4.9944915771484375,1782744717.7238762
165200,4.116619110107422,1782744723.6532826
165300,4.4365739822387695,1782744729.6501384
165400,5.572787761688232,1782744735.6492352
165500,5.670279026031494,1782744741.3541753
165600,6.977140426635742,1782744747.3136327
165700,3.2341694831848145,1782744753.2479594
165800,5.7777581214904785,1782744759.5286536
165900,4.615632057189941,1782744765.4222434
166000,5.111854076385498,1782744771.471147
166100,5.000728607177734,1782744777.342901
166200,5.708691596984863,1782744783.4222167
166300,7.797991752624512,1782744789.3419557
166400,6.698281764984131,1782744795.056139
166500,4.586305618286133,1782744801.186273
166600,4.862943649291992,1782744807.002078
166700,7.013214588165283,1782744812.7030315
166800,4.253993511199951,1782744818.6263225
166900,6.307103157043457,1782744824.50501
167000,5.590002059936523,1782744830.5329614
167100,3.3173818588256836,1782744836.300019
167200,7.377816200256348,1782744842.216523
167300,4.558747291564941,1782744847.8207374
167400,3.3017807006835938,1782744853.742658
167500,3.3496789932250977,1782744859.5193624
167600,3.1448898315429688,1782744865.4184077
167700,3.0768306255340576,1782744871.3239076
167800,5.802931308746338,1782744877.2639215
167900,2.243359327316284,1782744883.2916467
168000,2.1214284896850586,1782744889.1710334
168100,4.0391316413879395,1782744894.952959
168200,2.214592456817627,1782744900.6775012
168300,3.9052000045776367,1782744906.688756
168400,2.1080331802368164,1782744912.4176207
168500,3.517287254333496,1782744918.3856332
168600,2.833780527114868,1782744924.104982
168700,3.1928670406341553,1782744929.9691627
168800,3.958340644836426,1782744935.8095436
168900,4.391846656799316,1782744941.4758427
169000,3.424063205718994,1782744947.3127134
169100,4.258533000946045,1782744953.0513172
169200,5.939302921295166,1782744959.1011546
169300,5.249238967895508,1782744964.8523846
169400,4.0766096115112305,1782744970.9172351
169500,2.9879963397979736,1782744976.6809118
169600,4.545797348022461,1782744982.61384
169700,2.4695045948028564,1782744988.4401677
169800,4.475451946258545,1782744994.3079367
169900,4.69498348236084,1782745000.121414
170000,2.986013412475586,1782745005.8963687
170100,4.54496955871582,1782745011.9332266
170200,3.1589412689208984,1782745017.7480023
170300,6.064279079437256,1782745023.6693506
170400,5.214900493621826,1782745029.4706795
170500,4.755434036254883,1782745035.0955513
170600,3.4929299354553223,1782745041.0304222
170700,3.857013702392578,1782745046.7419517
170800,1.0664184093475342,1782745052.5413473
170900,4.942145347595215,1782745058.2516847
171000,5.165189743041992,1782745064.3040347
171100,2.811300039291382,1782745070.089248
171200,4.373660087585449,1782745076.1318185
171300,4.962648868560791,1782745081.9848232
171400,4.1820969581604,1782745087.6332219
171500,2.0934414863586426,1782745093.5055084
171600,2.343935966491699,1782745099.2676406
171700,2.223367214202881,1782745105.0963962
171800,2.816352605819702,1782745110.976216
171900,0.35973548889160156,1782745116.7491922
172000,2.807838201522827,1782745122.5823572
172100,-0.21839529275894165,1782745128.4409678
172200,1.3755112886428833,1782745134.3687801
172300,4.088669300079346,1782745140.0926247
172400,2.7241203784942627,1782745145.9868941
172500,4.0006103515625,1782745151.8671591
172600,3.909862518310547,1782745157.681656
172700,6.027004718780518,1782745163.6064706
172800,5.3088884353637695,1782745169.348999
172900,4.227697849273682,1782745175.1704059
173000,5.457226753234863,1782745181.1479368
173100,5.2297868728637695,1782745186.9110487
173200,7.0463056564331055,1782745192.797247
173300,3.126999855041504,1782745198.5365994
173400,3.980776786804199,1782745204.297735
173500,4.762450218200684,1782745210.0152655
173600,2.2939882278442383,1782745215.8802512
173700,5.218815326690674,1782745221.5081058
173800,4.654023170471191,1782745227.3189507
173900,4.231797695159912,1782745233.2061448
174000,2.2785372734069824,1782745238.8677452
174100,0.840634822845459,1782745244.540411
174200,1.5154774188995361,1782745250.4142992
174300,2.5269436836242676,1782745256.1771777
174400,4.654813766479492,1782745262.1224682
174500,2.891150712966919,1782745267.7428646
174600,3.9926886558532715,1782745273.7496555
174700,2.506328821182251,1782745279.6235652
174800,0.8458399772644043,1782745285.5054164
174900,0.9190469980239868,1782745291.3222725
175000,3.3072071075439453,1782745297.1374686
175100,3.4670400619506836,1782745430.7441065
175200,5.632877349853516,1782745436.4518518
175300,4.109442710876465,1782745442.1299624
175400,0.9188127517700195,1782745447.9042077
175500,2.9652788639068604,1782745453.5528784
175600,2.6611328125,1782745459.2528262
175700,4.386002540588379,1782745465.0155518
175800,5.326010227203369,1782745470.7516046
175900,2.2003116607666016,1782745476.799801
176000,4.0012946128845215,1782745482.5692613
176100,5.070008277893066,1782745488.4175968
176200,5.523780822753906,1782745494.0887206
176300,4.7330169677734375,1782745499.9685671
176400,5.2647705078125,1782745505.6893914
176500,5.974325180053711,1782745511.6542766
176600,5.591407775878906,1782745517.4865458
176700,5.069752216339111,1782745523.2040615
176800,2.491513729095459,1782745529.1019344
176900,4.860384941101074,1782745534.8570402
177000,3.855801820755005,1782745540.6542234
177100,4.638545513153076,1782745546.529162
177200,6.187615871429443,1782745552.3539639
177300,5.367729187011719,1782745558.0327067
177400,5.543595314025879,1782745563.8431714
177500,7.197472095489502,1782745569.4349248
177600,5.991581916809082,1782745575.3074148
177700,7.390545845031738,1782745580.940328
177800,5.982717990875244,1782745586.781629
177900,4.8697967529296875,1782745592.6401625
178000,6.6948723793029785,1782745598.277191
178100,6.696974754333496,1782745604.007175
178200,6.748744487762451,1782745609.9324906
178300,5.603528022766113,1782745615.9392989
178400,4.455749034881592,1782745621.7179549
178500,5.833567142486572,1782745627.5344462
178600,2.768927812576294,1782745633.4561632
178700,7.370306015014648,1782745639.2070298
178800,7.184398651123047,1782745644.9329991
178900,4.482061386108398,1782745650.6840096
179000,4.211206436157227,1782745656.1993713
179100,4.865705490112305,1782745661.889773
179200,6.290947914123535,1782745667.6588151
179300,6.722314357757568,1782745673.3890305
179400,3.405019998550415,1782745679.201938
179500,3.635347366333008,1782745685.078208
179600,6.339474201202393,1782745690.8083227
179700,6.284826278686523,1782745696.6904685
179800,5.197164535522461,1782745702.3515458
179900,6.0314040184021,1782745708.013978
180000,5.38150691986084,1782745713.7592018
180100,8.024062156677246,1782745719.4425845
180200,7.35737419128418,1782745725.2757099
180300,5.287003993988037,1782745731.0683448
180400,7.447781562805176,1782745736.6598415
180500,5.006074905395508,1782745742.2938888
180600,5.564949989318848,1782745748.0418973
180700,7.6647539138793945,1782745753.66514
180800,7.459841728210449,1782745759.3012476
180900,3.623152017593384,1782745765.1617866
181000,6.144379615783691,1782745771.1883128
181100,7.277765274047852,1782745776.8270802
181200,6.215643882751465,1782745782.7172198
181300,5.455597877502441,1782745788.3742177
181400,4.305326461791992,1782745794.0985072
181500,2.3748273849487305,1782745800.098454
181600,2.835083484649658,1782745805.7856839
181700,4.710239887237549,1782745811.74035
181800,4.6483283042907715,1782745817.5675566
181900,2.910447359085083,1782745823.3859835
182000,5.48300313949585,1782745829.333948
182100,5.185222625732422,1782745835.0728264
182200,1.7787883281707764,1782745840.7923954
182300,4.427651405334473,1782745846.7412121
182400,3.565486431121826,1782745852.6192646
182500,3.4208455085754395,1782745858.2340643
182600,0.6689727306365967,1782745863.9497936
182700,1.9265174865722656,1782745869.5504892
182800,4.107466697692871,1782745875.35524
182900,4.518603324890137,1782745881.1436002
183000,5.017683029174805,1782745886.8903856
183100,4.7835283279418945,1782745892.612692
183200,6.296452522277832,1782745898.353354
183300,5.446597576141357,1782745904.218915
183400,6.888778209686279,1782745910.066078
183500,4.225551128387451,1782745915.6444314
183600,4.092688083648682,1782745921.3204432
183700,3.477980852127075,1782745926.9666715
183800,2.50942325592041,1782745932.6270444
183900,3.8489370346069336,1782745938.6062024
184000,2.989543914794922,1782745944.538503
184100,2.430269479751587,1782745950.1850147
184200,4.81489896774292,1782745956.08278
184300,2.55783748626709,1782745961.8422205
184400,1.9693175554275513,1782745967.53905
184500,0.8008770942687988,1782745973.2366076
184600,2.829619884490967,1782745978.8929834
184700,2.0292587280273438,1782745984.7681372
184800,2.371183395385742,1782745990.6807356
184900,2.828598976135254,1782745996.4050279
185000,2.9514880180358887,1782746002.4610796
185100,3.2272157669067383,1782746008.4082453
185200,3.564939498901367,1782746014.284838
185300,2.886225938796997,1782746019.9550006
185400,5.580272674560547,1782746025.8719473
185500,3.8151566982269287,1782746031.6816025
185600,3.763767719268799,1782746037.308436
185700,2.346794843673706,1782746043.3717268
185800,3.4293909072875977,1782746049.3253796
185900,4.4729790687561035,1782746055.2388916
186000,1.9543635845184326,1782746060.9001029
186100,4.531199932098389,1782746066.7537105
186200,3.3171122074127197,1782746072.555311
186300,3.363856315612793,1782746078.43708
186400,4.9582929611206055,1782746084.4191008
186500,4.3012847900390625,1782746090.2208219
186600,2.802051305770874,1782746096.2381775
186700,3.6012706756591797,1782746102.0219514
186800,3.641462802886963,1782746107.6481547
186900,4.101625442504883,1782746113.5524836
187000,3.653374671936035,1782746119.495025
187100,3.0346014499664307,1782746125.5541568
187200,3.6258463859558105,1782746131.243861
187300,4.358024597167969,1782746137.2177334
187400,3.628798246383667,1782746143.0955565
187500,4.517967224121094,1782746148.8960888
187600,5.450501918792725,1782746154.5858924
187700,5.438602447509766,1782746160.4662833
187800,4.730133056640625,1782746166.3229923
187900,3.696607828140259,1782746172.2502267
188000,6.05111026763916,1782746178.0845256
188100,6.214802265167236,1782746183.9021993
188200,6.257869720458984,1782746189.7830234
188300,4.170323371887207,1782746195.797791
188400,2.083228588104248,1782746201.703463
188500,2.343661069869995,1782746207.6751485
188600,4.493598937988281,1782746213.3504992
188700,5.058241367340088,1782746219.2468503
188800,5.566451072692871,1782746224.9035363
188900,1.1227139234542847,1782746230.8024049
189000,3.418487071990967,1782746236.6469455
189100,3.552434206008911,1782746242.3293157
189200,5.543982028961182,1782746248.2067075
189300,5.323145866394043,1782746254.0275283
189400,8.782793998718262,1782746259.815934
189500,8.107147216796875,1782746265.496043
189600,8.981937408447266,1782746271.507196
189700,8.031641960144043,1782746277.362324
189800,4.448351860046387,1782746283.096831
189900,4.948616981506348,1782746288.9142163
190000,4.486451625823975,1782746294.7956297
190100,3.508756160736084,1782746300.5309331
190200,7.058163166046143,1782746306.5210445
190300,8.207696914672852,1782746312.2890577
190400,5.944464683532715,1782746317.9752185
190500,7.39933967590332,1782746323.8163283
190600,5.86466646194458,1782746329.9634361
190700,5.573190689086914,1782746335.9712906
190800,6.6261162757873535,1782746341.7436824
190900,8.792612075805664,1782746347.4397867
191000,7.343699932098389,1782746353.0995798
191100,5.979708671569824,1782746358.938211
191200,6.523758411407471,1782746364.668441
191300,7.692343711853027,1782746370.640755
191400,8.101219177246094,1782746376.4313204
191500,7.038998603820801,1782746382.2028093
191600,6.371541500091553,1782746388.065517
191700,6.168867111206055,1782746393.7056847
191800,4.53592586517334,1782746399.3604321
191900,4.345307350158691,1782746405.127578
192000,4.982607841491699,1782746410.7770784
192100,5.6656389236450195,1782746416.6405632
192200,5.455376625061035,1782746422.435557
192300,2.4465863704681396,1782746428.5185063
192400,4.081377983093262,1782746434.4410176
192500,2.530893564224243,1782746440.3263464
192600,3.9829397201538086,1782746446.2345798
192700,4.409603118896484,1782746452.151937
192800,5.1997809410095215,1782746458.0044534
192900,4.237020492553711,1782746463.9989412
193000,6.037680625915527,1782746469.9627855
193100,3.6499133110046387,1782746475.6367698
193200,5.8466973304748535,1782746481.5706224
193300,6.935910701751709,1782746487.59558
193400,3.328949213027954,1782746493.2813382
193500,2.341921091079712,1782746499.3183603
193600,2.6509571075439453,1782746505.0201483
193700,4.642436981201172,1782746510.765311
193800,6.447617530822754,1782746516.58252
193900,2.82686185836792,1782746522.417279
194000,2.189671754837036,1782746528.4335961
194100,3.915645122528076,1782746534.3843222
194200,4.457219123840332,1782746540.1657734
194300,2.372690200805664,1782746545.8388636
194400,4.738683223724365,1782746551.4237492
194500,4.205365180969238,1782746557.2594297
194600,5.006006240844727,1782746562.9370008
194700,4.028382301330566,1782746568.6544712
194800,4.458309650421143,1782746574.3842328
194900,2.809969902038574,1782746580.1294968
195000,2.258580207824707,1782746586.115587
195100,4.495379447937012,1782746591.927367
195200,3.6999030113220215,1782746597.9901881
195300,2.5250635147094727,1782746603.7500215
195400,2.970594882965088,1782746609.5217211
195500,5.98101806640625,1782746615.5566251
195600,4.954578399658203,1782746621.2550073
195700,5.162471294403076,1782746627.2943304
195800,5.629438877105713,1782746633.2234962
195900,7.033153533935547,1782746638.975301
196000,5.209526538848877,1782746644.858743
196100,6.045159339904785,1782746650.8441842
196200,4.225139617919922,1782746656.6815646
196300,4.262634754180908,1782746662.5555239
196400,6.013744354248047,1782746668.2513397
196500,5.721158504486084,1782746673.8765814
196600,5.224661350250244,1782746679.9870996
196700,3.4153032302856445,1782746686.0499191
196800,4.575463771820068,1782746691.8699663
196900,5.91948938369751,1782746697.7103403
197000,4.389657020568848,1782746703.6319501
197100,4.915763854980469,1782746709.3850596
197200,6.1974711418151855,1782746715.1310484
197300,3.111783266067505,1782746720.9491284
197400,3.1816630363464355,1782746726.7693303
197500,0.7596808671951294,1782746732.5625293
197600,3.74650239944458,1782746738.2970958
197700,4.289224624633789,1782746744.1920583
197800,3.762701988220215,1782746750.0523636
197900,3.548985004425049,1782746755.7507734
198000,3.0905983448028564,1782746761.571889
198100,0.5587350130081177,1782746767.276173
198200,1.671574354171753,1782746773.0547545
198300,0.7087374925613403,1782746778.8745422
198400,4.812281608581543,1782746784.5374892
198500,3.116269111633301,1782746790.4157033
198600,2.57711124420166,1782746796.2281759
198700,3.7385895252227783,1782746801.9375823
198800,3.964484930038452,1782746807.5958781
198900,3.358734130859375,1782746813.408929
199000,3.717590808868408,1782746819.1351173
199100,4.647019863128662,1782746824.890799
199200,4.245779037475586,1782746830.6486423
199300,3.0934982299804688,1782746836.4387481
199400,3.1655335426330566,1782746842.2977872
199500,3.375356435775757,1782746848.040722
199600,4.508774280548096,1782746854.0608976
199700,4.249777793884277,1782746859.728516
199800,0.3189229369163513,1782746865.3893971
199900,1.3354650735855103,1782746871.0772517
200000,4.301212310791016,1782746876.86731
200100,-3.3153815269470215,1782747043.5273633
200200,-3.785979747772217,1782747049.264983
200300,-4.774369239807129,1782747054.967586
200400,-4.634995937347412,1782747060.753006
200500,-3.368027687072754,1782747066.3842678
200600,-4.968024730682373,1782747072.1875963
200700,-2.653900623321533,1782747077.7909586
200800,-4.707545280456543,1782747083.558103
200900,-3.59199595451355,1782747089.2664669
201000,-1.6186271905899048,1782747094.9353235
201100,-3.4278125762939453,1782747100.4751813
201200,-2.136995792388916,1782747106.139973
201300,-1.3132667541503906,1782747111.9410398
201400,-1.6982219219207764,1782747117.7298694
201500,-1.8659158945083618,1782747123.6949604
201600,-0.034062981605529785,1782747129.688787
201700,-1.069423794746399,1782747135.4311264
201800,-3.982907772064209,1782747141.0739086
201900,-4.361261367797852,1782747146.844754
202000,-2.9599719047546387,1782747152.5551836
202100,-2.8169333934783936,1782747158.3010619
202200,-2.1722469329833984,1782747164.1823752
202300,-3.2345261573791504,1782747170.0211554
202400,-1.3212097883224487,1782747175.6842632
202500,-4.795806884765625,1782747181.5618188
202600,-7.3319244384765625,1782747187.3568153
202700,-5.9307732582092285,1782747193.1762416
202800,-6.372127532958984,1782747198.8668892
202900,-5.570077896118164,1782747204.6948185
203000,-5.623508930206299,1782747210.5269458
203100,-6.012791633605957,1782747216.3039272
203200,-7.008594512939453,1782747222.235794
203300,-5.314181327819824,1782747227.940608
203400,-8.101346969604492,1782747233.8438466
203500,-5.148099422454834,1782747239.5696144
203600,-2.5640714168548584,1782747245.3604987
203700,-6.9041290283203125,1782747251.1572874
203800,-6.475553512573242,1782747256.8753083
203900,-6.918053150177002,1782747263.1926587
204000,-4.808686256408691,1782747269.0200393
204100,-3.926250457763672,1782747274.8329506
204200,-4.281065940856934,1782747280.5537324
204300,-3.385937452316284,1782747286.2925494
204400,-2.9703543186187744,1782747292.1249826
204500,-2.8576207160949707,1782747297.9725616
204600,-3.1546361446380615,1782747303.7709022
204700,-3.149976968765259,1782747309.7680793
204800,-4.021876811981201,1782747315.4174447
204900,-3.5679802894592285,1782747321.0928254
205000,-5.839352607727051,1782747326.677727
205100,-7.047666072845459,1782747332.3909788
205200,-5.947259426116943,1782747338.0030367
205300,-6.837500095367432,1782747343.8427613
205400,-5.9330267906188965,1782747349.547755
205500,-6.116154670715332,1782747355.4046996
205600,-7.12924337387085,1782747360.9945588
205700,-4.978033065795898,1782747366.720081
205800,-6.075196266174316,1782747372.4854937
205900,-5.308419227600098,1782747378.2552524
206000,-3.7329964637756348,1782747383.972929
206100,-6.109134674072266,1782747389.884904
206200,-4.783416748046875,1782747395.8978972
206300,-7.8363356590271,1782747401.783766
206400,-8.048463821411133,1782747407.4339144
206500,-8.017887115478516,1782747413.3535128
206600,-2.9043068885803223,1782747419.0001915
206700,-7.139377117156982,1782747424.7503974
206800,-5.036664962768555,1782747430.3841388
206900,-4.345731735229492,1782747436.1972191
207000,-4.259525299072266,1782747442.024545
207100,-5.20675802230835,1782747447.8371167
207200,-6.662572860717773,1782747453.67207
207300,-5.911411285400391,1782747459.4718118
207400,-5.808001518249512,1782747465.4532032
207500,-4.273176670074463,1782747471.1371422
207600,-5.767278671264648,1782747476.7529955
207700,-3.679387092590332,1782747482.3781023
207800,-3.4276437759399414,1782747487.9965951
207900,-4.106655120849609,1782747493.693027
208000,-4.759091854095459,1782747499.5325463
208100,-5.661289215087891,1782747505.1665308
208200,-1.8322370052337646,1782747510.991417
208300,-4.872224807739258,1782747516.857363
208400,-2.579768657684326,1782747522.4323344
208500,-3.7015905380249023,1782747528.2800643
208600,-3.3719000816345215,1782747533.8199012
208700,-3.725198745727539,1782747539.6408024
208800,-3.9187231063842773,1782747545.2592804
208900,-4.494772911071777,1782747550.9528677
209000,-4.076205253601074,1782747556.7766814
209100,-2.9706668853759766,1782747562.5750892
209200,-4.410202980041504,1782747568.4045937
209300,-4.310743808746338,1782747574.2795036
209400,-3.124523401260376,1782747579.9189825
209500,-4.642539978027344,1782747585.7529395
209600,-4.59536075592041,1782747591.5506566
209700,-3.376415967941284,1782747597.197501
209800,-3.408597707748413,1782747603.2168484
209900,-4.026826858520508,1782747608.9107113
210000,-5.113551139831543,1782747614.7583888
210100,-5.040256500244141,1782747620.509575
210200,-3.0956954956054688,1782747626.3773088
210300,-2.821047306060791,1782747632.2205107
210400,-4.204165458679199,1782747638.0254574
210500,-4.136850833892822,1782747643.7525668
210600,-2.0561535358428955,1782747649.565322
210700,-4.176029682159424,1782747655.610031
210800,-4.768350601196289,1782747661.4914174
210900,-6.114767074584961,1782747667.5583653
211000,-5.343050003051758,1782747673.2707036
211100,-4.483582019805908,1782747679.0199447
211200,-3.4693143367767334,1782747684.8714793
211300,-4.614577293395996,1782747690.8176222
211400,-3.6431403160095215,1782747696.6508136
211500,-2.4283127784729004,1782747702.5911202
211600,-2.03350830078125,1782747708.2925262
211700,-2.4740912914276123,1782747714.1344912
211800,-4.143681049346924,1782747719.7682133
211900,-2.9973106384277344,1782747725.6607811
212000,-5.221961498260498,1782747731.3972976
212100,-5.536733150482178,1782747737.4687707
212200,-2.9121339321136475,1782747743.1505897
212300,-4.664222717285156,1782747748.8612254
212400,-4.831234931945801,1782747754.528268
212500,-4.816143035888672,1782747760.5034566
212600,-0.978489100933075,1782747766.2033095
212700,-2.67982816696167,1782747771.9560986
212800,-2.3936409950256348,1782747777.741334
212900,-2.210171699523926,1782747783.6944551
213000,-5.228410243988037,1782747789.5063987
213100,-4.166964054107666,1782747795.3859217
213200,-5.377846717834473,1782747801.299782
213300,-5.151705741882324,1782747807.415563
213400,-4.401209831237793,1782747813.2516875
213500,-6.212807655334473,1782747819.2225072
213600,-3.0600085258483887,1782747824.9763346
213700,-4.034695625305176,1782747830.9032567
213800,-3.87424898147583,1782747837.0288
213900,-0.7939700484275818,1782747842.7653232
214000,0.4137239456176758,1782747848.510112
214100,-4.491024494171143,1782747854.562554
214200,-2.891228675842285,1782747860.3758848
214300,-4.536341667175293,1782747866.2708182
214400,-4.284319877624512,1782747872.1205251
214500,-4.252317905426025,1782747878.1347742
214600,-4.095672607421875,1782747884.0960927
214700,-6.900279998779297,1782747890.39862
214800,-1.004932165145874,1782747896.1820507
214900,-4.0234785079956055,1782747902.117335
215000,-5.242437362670898,1782747907.8250997
215100,-0.7667139172554016,1782747913.8194923
215200,0.5642073750495911,1782747919.7727697
215300,-5.664407253265381,1782747925.497279
215400,-4.169437885284424,1782747931.2770977
215500,-3.416471481323242,1782747937.0377853
215600,-3.907883644104004,1782747942.926308
215700,-2.8206422328948975,1782747948.8651018
215800,-3.6998131275177,1782747954.5040445
215900,-2.847705841064453,1782747960.3397393
216000,-2.3427317142486572,1782747966.171783
216100,-4.745037078857422,1782747972.301992
216200,-0.3535752296447754,1782747978.2748463
216300,-4.219333648681641,1782747983.9980552
216400,-1.0107319355010986,1782747989.8923273
216500,-4.876519203186035,1782747995.6717145
216600,-1.6642287969589233,1782748001.68856
216700,-0.788493275642395,1782748007.657988
216800,-2.4365599155426025,1782748013.5158713
216900,-2.100069284439087,1782748019.2545285
217000,-4.533128261566162,1782748024.8700695
217100,-2.8150136470794678,1782748030.4924362
217200,-4.324284553527832,1782748036.4818554
217300,-1.844956636428833,1782748042.303318
217400,-0.7056183815002441,1782748048.084914
217500,-4.420320987701416,1782748053.8383021
217600,-2.7489125728607178,1782748059.6015775
217700,-4.911262512207031,1782748065.0872302
217800,-0.6735478639602661,1782748070.9771252
217900,-2.2825851440429688,1782748076.9234612
218000,-0.6542004346847534,1782748082.9027042
218100,-2.4011988639831543,1782748089.2100704
218200,-1.7601990699768066,1782748094.9899814
218300,-1.9887603521347046,1782748101.1706667
218400,-1.4633643627166748,1782748107.128603
218500,-2.0634641647338867,1782748113.184478
218600,-1.2637184858322144,1782748119.1717756
218700,-3.1370038986206055,1782748125.3795726
218800,-3.8717093467712402,1782748131.3876662
218900,-4.540879726409912,1782748137.5325632
219000,-3.9597511291503906,1782748143.8335776
219100,-3.9566805362701416,1782748149.8174913
219200,-2.6132378578186035,1782748155.802913
219300,-1.0312190055847168,1782748161.7962887
219400,-2.897141933441162,1782748167.9655669
219500,-3.357767105102539,1782748174.090962
219600,-2.2198801040649414,1782748180.2650087
219700,-0.7678980231285095,1782748186.3192453
219800,-3.18609881401062,1782748192.522033
219900,-3.767609119415283,1782748198.5774765
220000,-1.6497811079025269,1782748204.7049553
220100,-0.6367379426956177,1782748210.8440876
220200,-5.108964443206787,1782748216.9483051
220300,-2.781975746154785,1782748223.0266788
220400,-1.895351767539978,1782748229.0866864
220500,-4.195963382720947,1782748235.0384676
220600,-4.447571754455566,1782748241.149188
220700,-1.4454487562179565,1782748247.205551
220800,-3.187798500061035,1782748253.3317087
220900,-3.2833144664764404,1782748259.4454732
221000,-1.6957182884216309,1782748265.526637
221100,-2.1141834259033203,1782748271.5959704
221200,-2.9221596717834473,1782748277.4567268
221300,-2.2929139137268066,1782748283.374941
221400,-1.9352941513061523,1782748289.6222055
221500,-4.1538310050964355,1782748295.8570313
221600,-4.2447509765625,1782748302.0114498
221700,-0.036074042320251465,1782748308.1338491
221800,-1.9586267471313477,1782748314.1979086
221900,-3.7431745529174805,1782748320.1273232
222000,-1.960540771484375,1782748326.2101781
222100,-4.495945453643799,1782748332.2100437
222200,-3.3956875801086426,1782748338.0798533
222300,-3.28596568107605,1782748344.159661
222400,-5.98345947265625,1782748350.1018393
222500,-3.8810930252075195,1782748356.270968
222600,-1.641512393951416,1782748362.3177967
222700,-4.3123779296875,1782748368.2743063
222800,-1.5461337566375732,1782748374.2107778
222900,-1.7813293933868408,1782748380.4634347
223000,-1.7124361991882324,1782748386.3301876
223100,-3.5620434284210205,1782748392.5012934
223200,-2.4177215099334717,1782748398.6873872
223300,-3.683037757873535,1782748404.6448205
223400,1.755307674407959,1782748410.6657393
223500,-3.363370656967163,1782748417.0097227
223600,-0.09239819645881653,1782748422.963564
223700,0.290735125541687,1782748429.2817528
223800,0.08058005571365356,1782748435.1617343
223900,-3.3109543323516846,1782748441.2021966
224000,-2.555880069732666,1782748447.0781758
224100,-1.4481532573699951,1782748453.0695653
224200,-1.906957983970642,1782748459.0997794
224300,-2.0095856189727783,1782748465.0228937
224400,-2.856372833251953,1782748471.0614495
224500,-0.8739360570907593,1782748477.052771
224600,-3.1324551105499268,1782748483.1319792
224700,-2.5599217414855957,1782748489.1803808
224800,-2.326634168624878,1782748495.170842
224900,-1.2193772792816162,1782748501.042375
225000,-4.856270790100098,1782748507.0573406
225100,-3.4973788261413574,1782748627.8989065
225200,-1.663621187210083,1782748633.9308681
225300,-1.8199824094772339,1782748640.256258
225400,-3.3791003227233887,1782748646.1581285
225500,-2.2621421813964844,1782748652.3937657
225600,-3.1331987380981445,1782748658.3898537
225700,-3.590080738067627,1782748664.161678
225800,-1.2692592144012451,1782748670.0830927
225900,-3.5601043701171875,1782748676.190835
226000,-0.37029340863227844,1782748682.1841383
226100,-1.3630330562591553,1782748688.1666818
226200,-0.2916816473007202,1782748694.2369177
226300,-0.5007423162460327,1782748700.503391
226400,0.3860812187194824,1782748706.4217663
226500,-1.4495364427566528,1782748712.5079048
226600,0.14040273427963257,1782748718.524881
226700,-2.379627227783203,1782748724.5002437
226800,-1.1861050128936768,1782748730.384237
226900,1.309718132019043,1782748736.6455703
227000,-3.9944286346435547,1782748742.552707
227100,-1.1321958303451538,1782748748.544063
227200,-1.5727348327636719,1782748754.6717825
227300,-2.6203184127807617,1782748760.737306
227400,-0.8147414922714233,1782748766.8108516
227500,-0.620184063911438,1782748772.7188928
227600,-3.9861702919006348,1782748779.0446715
227700,-2.4799256324768066,1782748785.0194438
227800,-1.0935633182525635,1782748791.0271947
227900,-3.2328929901123047,1782748796.973306
228000,-2.0163798332214355,1782748803.0009732
228100,-0.13812130689620972,1782748809.1582434
228200,-0.4889271855354309,1782748815.1911547
228300,0.37315869331359863,1782748821.0765467
228400,-0.6879473328590393,1782748827.1549265
228500,0.0852743536233902,1782748833.2109776
228600,-2.173950672149658,1782748839.2572265
228700,-0.8586479425430298,1782748845.210923
228800,-4.309932708740234,1782748851.3981383
228900,-0.6211985945701599,1782748857.5379665
229000,-0.49000316858291626,1782748863.7164526
229100,-0.2001664936542511,1782748869.7250006
229200,-2.325112819671631,1782748875.829535
229300,1.5597683191299438,1782748881.7618716
229400,-1.5398657321929932,1782748887.8018124
229500,-2.349424362182617,1782748894.0335732
229600,-0.8497022390365601,1782748900.1569595
229700,-2.888920783996582,1782748906.186908
229800,-4.389699459075928,1782748912.245916
229900,-2.6647567749023438,1782748918.4046888
230000,-5.691434860229492,1782748924.5428016
230100,-1.1490614414215088,1782748930.5026896
230200,-2.111585855484009,1782748936.7008393
230300,-3.813232660293579,1782748942.708197
230400,0.21899423003196716,1782748948.6251156
230500,-1.223447322845459,1782748954.807749
230600,-4.451876640319824,1782748960.572425
230700,-1.7731951475143433,1782748966.4238985
230800,-1.081207275390625,1782748972.508142
230900,-1.8637745380401611,1782748978.4765801
231000,-3.818596363067627,1782748984.4122567
231100,-1.9740760326385498,1782748990.7048163
231200,-0.8796529173851013,1782748996.6216857
231300,0.2151404619216919,1782749002.6708283
231400,-1.044238567352295,1782749008.742294
231500,-0.5338438153266907,1782749014.8211105
231600,0.003371685743331909,1782749021.0184646
231700,-1.227916955947876,1782749026.9245303
231800,0.5900685787200928,1782749033.1865947
231900,1.78660249710083,1782749039.2164283
232000,1.021796464920044,1782749045.154727
232100,-0.20620548725128174,1782749051.183365
232200,1.619555950164795,1782749057.42502
232300,-1.7257252931594849,1782749063.4184122
232400,-0.6068353652954102,1782749069.3405309
232500,-2.4283154010772705,1782749075.3876584
232600,-1.4067251682281494,1782749081.344849
232700,-0.47776615619659424,1782749087.5502136
232800,-1.9357452392578125,1782749093.56379
232900,-1.8609073162078857,1782749099.7004788
233000,0.044489264488220215,1782749105.485687
233100,-0.4678105413913727,1782749111.7018294
233200,0.06779807806015015,1782749117.4854517
233300,1.8662219047546387,1782749123.38664
233400,-1.5619540214538574,1782749129.2581694
233500,-0.38056671619415283,1782749135.196331
233600,-2.6445693969726562,1782749141.179802
233700,-1.084147572517395,1782749147.195938
233800,-2.3131651878356934,1782749153.4679785
233900,0.18206971883773804,1782749159.61887
234000,-1.0857372283935547,1782749165.7507052
234100,-2.013380765914917,1782749171.7616687
234200,0.6839733123779297,1782749177.6241715
234300,-0.3965562880039215,1782749183.8038402
234400,-2.5744080543518066,1782749189.9162388
234500,1.0358444452285767,1782749195.9040923
234600,-0.7186012268066406,1782749201.8694139
234700,-0.649240255355835,1782749207.694019
234800,-0.9532514810562134,1782749213.6786706
234900,0.11263203620910645,1782749219.6335337
235000,-2.28045392036438,1782749225.6610885
235100,-0.15231716632843018,1782749231.4384806
235200,0.5980589389801025,1782749237.3904636
235300,1.9460227489471436,1782749243.6841955
235400,-1.4810218811035156,1782749249.6267996
235500,0.8904657363891602,1782749255.5831332
235600,0.2547299861907959,1782749261.6432593
235700,-0.30145853757858276,1782749267.7917018
235800,-0.7381938099861145,1782749273.7726412
235900,1.2036452293395996,1782749279.9365442
236000,-0.05501475930213928,1782749285.9704077
236100,1.1769745349884033,1782749291.803103
236200,-0.29124733805656433,1782749297.7622428
236300,0.8872784376144409,1782749303.69987
236400,-2.2819082736968994,1782749309.7869627
236500,-0.5967274904251099,1782749315.6863015
236600,-3.7349495887756348,1782749321.6515996
236700,-1.6994032859802246,1782749327.6057246
236800,-0.9282759428024292,1782749333.6156359
236900,1.3102585077285767,1782749339.836882
237000,0.15601781010627747,1782749345.8862054
237100,1.900115728378296,1782749352.1912751
237200,-0.6989362835884094,1782749358.3317747
237300,-0.21295195817947388,1782749364.183476
237400,2.4560117721557617,1782749370.301732
237500,0.993760883808136,1782749376.5230021
237600,1.1871750354766846,1782749382.4800417
237700,1.3073701858520508,1782749388.551142
237800,-0.8108860850334167,1782749394.541489
237900,-1.5876469612121582,1782749400.6411302
238000,1.0801424980163574,1782749406.440715
238100,0.6743637919425964,1782749412.8347766
238200,-0.28055351972579956,1782749418.871868
238300,1.8386247158050537,1782749424.9503055
238400,1.0145487785339355,1782749430.9403188
238500,-1.2694201469421387,1782749436.9321003
238600,0.6354071497917175,1782749442.9963748
238700,1.951915979385376,1782749448.8112392
238800,0.39401090145111084,1782749454.9069035
238900,0.05185359716415405,1782749460.9251323
239000,2.956090211868286,1782749466.7982454
239100,1.0835750102996826,1782749472.819562
239200,-1.0464844703674316,1782749478.798471
239300,-0.29349151253700256,1782749484.8066356
239400,0.25679081678390503,1782749490.8355923
239500,0.5238028764724731,1782749497.0814528
239600,0.07285535335540771,1782749503.2703788
239700,-0.535027027130127,1782749509.3836439
239800,-0.6567191481590271,1782749515.5038764
239900,0.004199624061584473,1782749521.6348524
240000,0.04154026508331299,1782749527.6266274
240100,-2.8162879943847656,1782749533.5140886
240200,-1.8996329307556152,1782749539.7697456
240300,-0.07856208086013794,1782749546.039833
240400,2.3391082286834717,1782749552.0603623
240500,-0.1454153060913086,1782749557.9492009
240600,-1.5343844890594482,1782749563.9255443
240700,0.9257814884185791,1782749569.8273754
240800,-2.4393463134765625,1782749575.7253377
240900,-2.3661227226257324,1782749581.589467
241000,-2.1293485164642334,1782749587.7128046
241100,-0.8317490816116333,1782749593.7709222
241200,-2.234299659729004,1782749599.549263
241300,-1.0785412788391113,1782749605.537066
241400,0.8127344846725464,1782749611.5198913
241500,2.0206732749938965,1782749617.6260018
241600,-1.701859712600708,1782749623.5111532
241700,2.1758315563201904,1782749629.3762293
241800,-2.8504221439361572,1782749635.284148
241900,-2.0814452171325684,1782749641.1968236
242000,-1.3358345031738281,1782749647.267354
242100,-1.9814198017120361,1782749653.3256497
242200,-2.181976556777954,1782749659.1704452
242300,1.1936038732528687,1782749665.1971595
242400,-2.9248909950256348,1782749671.0962884
242500,-0.5466268062591553,1782749677.3385572
242600,0.0707574188709259,1782749683.3570242
242700,-1.3627285957336426,1782749689.5225747
242800,-2.1075291633605957,1782749695.3874557
242900,-1.739548921585083,1782749701.6390827
243000,0.5774074196815491,1782749707.6684656
243100,-0.4786243736743927,1782749713.670004
243200,-1.2485682964324951,1782749719.6281493
243300,0.573061466217041,1782749725.5394425
243400,0.46393686532974243,1782749731.8374887
243500,-0.6519688963890076,1782749737.6655378
243600,0.349046528339386,1782749743.9434252
243700,0.8037355542182922,1782749749.8955996
243800,0.6434015035629272,1782749755.7934036
243900,0.022833436727523804,1782749762.0831547
244000,-1.109809160232544,1782749768.427963
244100,1.1493982076644897,1782749774.550553
244200,-0.7737470865249634,1782749780.5115523
244300,2.4230453968048096,1782749786.4768555
244400,1.2136558294296265,1782749792.702919
244500,-1.5627992153167725,1782749798.9100938
244600,-2.1606087684631348,1782749804.9195254
244700,1.201791763305664,1782749810.8850062
244800,1.3381319046020508,1782749816.9309657
244900,1.0751646757125854,1782749822.835851
245000,0.3304375112056732,1782749829.0074387
245100,-0.47097721695899963,1782749834.9726856
245200,0.5491401553153992,1782749840.796882
245300,0.4374660849571228,1782749846.8044028
245400,0.40930992364883423,1782749852.9411402
245500,1.561418890953064,1782749859.034725
245600,1.20579993724823,1782749864.9826503
245700,3.325239658355713,1782749871.0440927
245800,2.6285834312438965,1782749877.009521
245900,0.16459745168685913,1782749883.0064824
246000,0.4722636938095093,1782749889.140194
246100,0.9367406368255615,1782749895.1539955
246200,0.667123019695282,1782749901.1292672
246300,1.3629628419876099,1782749907.0449114
246400,-0.42592477798461914,1782749913.1045005
246500,0.7751820683479309,1782749919.0303948
246600,-0.5752478837966919,1782749925.0635347
246700,0.18410247564315796,1782749930.963959
246800,0.7868724465370178,1782749937.1078084
246900,-0.734208345413208,1782749943.1412373
247000,0.7195316553115845,1782749949.2236977
247100,0.49067240953445435,1782749955.2127428
247200,1.425489902496338,1782749961.314956
247300,0.7946229577064514,1782749967.260083
247400,-1.844688057899475,1782749973.583089
247500,1.3565597534179688,1782749979.4641073
247600,0.9695337414741516,1782749985.4031641
247700,0.3760817348957062,1782749991.332169
247800,-0.3982005715370178,1782749997.4903178
247900,-1.1611828804016113,1782750003.3506672
248000,-0.720348060131073,1782750009.467199
248100,-1.5196583271026611,1782750015.412358
248200,-0.09168949723243713,1782750021.6449828
248300,0.9424940347671509,1782750027.812196
248400,0.9427351355552673,1782750033.9480574
248500,-0.5440131425857544,1782750039.9871206
248600,-0.805446982383728,1782750045.836406
248700,0.27565357089042664,1782750051.782614
248800,-2.8420512676239014,1782750057.7396967
248900,1.1786904335021973,1782750063.654231
249000,1.931126594543457,1782750069.7096982
249100,0.8616693019866943,1782750075.731539
249200,-0.8486699461936951,1782750081.7517426
249300,0.7526900768280029,1782750087.764479
249400,0.00225009024143219,1782750093.773324
249500,1.5649714469909668,1782750099.8951933
249600,2.667875289916992,1782750106.0950851
249700,-0.045879215002059937,1782750111.9598825
249800,3.8178622722625732,1782750118.0184348
249900,-1.5016037225723267,1782750123.9547353
250000,-1.4646451473236084,1782750129.8745651
250100,-0.5656240582466125,1782750291.9849164
250200,-2.5074362754821777,1782750297.718018
250300,1.8108665943145752,1782750303.4483023
250400,-2.6382806301116943,1782750309.300871
250500,-2.05385160446167,1782750315.1431186
250600,-1.3391146659851074,1782750321.109335
250700,-0.7685980796813965,1782750327.1513898
250800,0.13495606184005737,1782750333.2224102
250900,-1.5323169231414795,1782750339.5146143
251000,-1.9418249130249023,1782750345.4270685
251100,-0.29432371258735657,1782750351.4393559
251200,-0.7609466314315796,1782750357.3037632
251300,-0.0748787522315979,1782750363.2308347
251400,-0.7577527165412903,1782750369.266458
251500,-1.470231533050537,1782750375.3587954
251600,-0.5569216012954712,1782750381.234063
251700,3.4782285690307617,1782750386.9339914
251800,1.3784291744232178,1782750392.7227888
251900,0.3727550506591797,1782750398.4943402
252000,1.4489723443984985,1782750404.5874999
252100,1.6448458433151245,1782750410.3990254
252200,0.8884526491165161,1782750416.2344596
252300,2.71305513381958,1782750422.1844172
252400,1.212214469909668,1782750428.2808108
252500,2.6239736080169678,1782750434.1103575
252600,-0.28002744913101196,1782750440.3861506
252700,2.2922005653381348,1782750446.401712
252800,3.4817521572113037,1782750452.1703281
252900,0.8783584237098694,1782750458.3958318
253000,1.1259491443634033,1782750464.3353546
253100,2.1095499992370605,1782750470.1058106
253200,3.253368616104126,1782750476.3841896
253300,0.9057420492172241,1782750482.5341973
253400,1.042506217956543,1782750488.3598523
253500,1.324937343597412,1782750494.3348572
253600,4.661554336547852,1782750500.3098214
253700,1.7645018100738525,1782750506.3016071
253800,2.750117301940918,1782750512.498829
253900,-0.8148594498634338,1782750518.2591584
254000,3.0022237300872803,1782750524.204779
254100,0.36407649517059326,1782750530.0742495
254200,0.5253022909164429,1782750536.1968734
254300,-0.23127073049545288,1782750542.0553856
254400,-0.03001987934112549,1782750547.9383898
254500,0.6338409781455994,1782750553.7004547
254600,1.040865182876587,1782750559.5681221
254700,0.0950234979391098,1782750565.4480956
254800,-0.685886800289154,1782750571.5271237
254900,0.5920634269714355,1782750577.4406338
255000,0.17166383564472198,1782750583.737502
255100,-0.8345223665237427,1782750589.7775092
255200,2.8619565963745117,1782750595.9698226
255300,-2.4906699657440186,1782750602.2071455
255400,1.1697773933410645,1782750607.9727008
255500,-0.6345206499099731,1782750613.639975
255600,-0.08166176080703735,1782750619.566196
255700,1.051204800605774,1782750625.7874951
255800,-0.48429033160209656,1782750631.6239457
255900,0.09285670518875122,1782750637.9579852
256000,0.32357269525527954,1782750644.1372795
256100,0.7955060005187988,1782750650.242433
256200,-1.3459659814834595,1782750656.2697408
256300,-0.2846641540527344,1782750662.2485638
256400,2.319105863571167,1782750668.4742384
256500,0.8560830354690552,1782750674.3401241
256600,-1.886026382446289,1782750680.2062724
256700,1.8219965696334839,1782750686.0932503
256800,0.9964168071746826,1782750692.0174172
256900,-1.1092712879180908,1782750697.9273074
257000,-0.47497639060020447,1782750703.7161293
257100,-1.5026016235351562,1782750709.7126436
257200,-1.3330538272857666,1782750715.736307
257300,0.01069667935371399,1782750721.688994
257400,0.381256103515625,1782750727.930745
257500,-0.5385752320289612,1782750733.7540388
257600,-0.6279168725013733,1782750739.80087
257700,-1.7756949663162231,1782750745.9373994
257800,-0.551210880279541,1782750751.8261302
257900,-0.5027823448181152,1782750757.712159
258000,-2.8824801445007324,1782750763.538863
258100,-2.5975449085235596,1782750769.947586
258200,-2.09136700630188,1782750776.162414
258300,-0.8820330500602722,1782750782.1820745
258400,-0.018302828073501587,1782750788.2392406
258500,-1.5784637928009033,1782750794.2757235
258600,-2.932100772857666,1782750800.158095
258700,-2.9512481689453125,1782750806.276668
258800,-1.0806235074996948,1782750812.5168302
258900,1.3725297451019287,1782750818.5648828
259000,0.7396712899208069,1782750824.3199115
259100,-1.0766115188598633,1782750830.3739243
259200,-1.1803666353225708,1782750836.132297
259300,1.948265790939331,1782750842.383702
259400,0.884818434715271,1782750848.5472865
259500,1.7565398216247559,1782750854.7559566
259600,0.057332515716552734,1782750860.4611542
259700,2.2755823135375977,1782750866.319617
259800,-1.3297278881072998,1782750872.3547444
259900,-0.5099050402641296,1782750878.034382
260000,-4.377728462219238,1782750883.9875822
260100,-2.694729804992676,1782750889.7462883
260200,-0.35555803775787354,1782750896.0694141
260300,-0.7144454121589661,1782750901.841133
260400,0.35625845193862915,1782750907.8686314
260500,-0.6217296719551086,1782750914.085945
260600,-0.30496054887771606,1782750919.9207466
260700,1.6781501770019531,1782750925.8954446
260800,-1.0910024642944336,1782750931.7441719
260900,0.6922085881233215,1782750937.5377257
261000,-2.0643348693847656,1782750943.2758257
261100,-0.23680102825164795,1782750949.936679
261200,-0.008356809616088867,1782750955.9002616
261300,0.47622066736221313,1782750961.6160693
261400,2.3888278007507324,1782750967.4712033
261500,1.599524974822998,1782750973.163334
261600,1.0883922576904297,1782750979.3902612
261700,0.6055638790130615,1782750985.2405007
261800,0.11232507228851318,1782750991.1440494
261900,-1.0857912302017212,1782750997.153915
262000,-1.8155118227005005,1782751002.7704124
262100,0.9991315007209778,1782751008.6811433
262200,1.3517653942108154,1782751014.9627893
262300,1.429518699645996,1782751020.642116
262400,0.037564635276794434,1782751026.6433492
262500,-2.0528464317321777,1782751032.2059417
262600,-0.5371629595756531,1782751038.0854316
262700,1.2679227590560913,1782751044.0618649
262800,3.7030301094055176,1782751049.721064
262900,0.4912259578704834,1782751055.5700355
263000,0.30760470032691956,1782751061.4153492
263100,1.7774064540863037,1782751067.2174869
263200,2.1948390007019043,1782751073.3504877
263300,2.6790847778320312,1782751079.3728933
263400,0.5372363924980164,1782751085.2249608
263500,1.1102604866027832,1782751091.072118
263600,3.497894763946533,1782751096.7370012
263700,1.4765033721923828,1782751102.6179757
263800,0.37143993377685547,1782751108.544762
263900,1.2856194972991943,1782751114.1789799
264000,1.1569581031799316,1782751120.2705224
264100,3.299701452255249,1782751126.1072183
264200,2.020533800125122,1782751132.4074163
264300,1.146957278251648,1782751138.654719
264400,0.31716614961624146,1782751144.9720485
264500,-0.14642339944839478,1782751151.069253
264600,0.05271884799003601,1782751157.3834436
264700,1.702102541923523,1782751163.4862366
264800,0.9058113098144531,1782751169.5549767
264900,0.9662643671035767,1782751175.7293482
265000,-0.9482952356338501,1782751181.7482684
265100,-0.4908466935157776,1782751187.835512
265200,2.9057204723358154,1782751193.9676187
265300,1.9875003099441528,1782751200.105027
265400,2.176582098007202,1782751206.1073015
265500,1.6247369050979614,1782751212.2554572
265600,0.8570958375930786,1782751218.2905052
265700,0.6510921716690063,1782751224.1802933
265800,1.1306047439575195,1782751230.3270571
265900,3.3480167388916016,1782751236.2944548
266000,4.578736782073975,1782751242.1618721
266100,3.3122291564941406,1782751248.2068958
266200,2.9184131622314453,1782751254.1097343
266300,1.9677479267120361,1782751260.0335097
266400,1.6697769165039062,1782751266.1934538
266500,0.46789243817329407,1782751272.2757404
266600,1.481507420539856,1782751278.2105892
266700,-0.5999652147293091,1782751284.444403
266800,2.1641321182250977,1782751290.4879527
266900,2.1716792583465576,1782751296.6693864
267000,1.0668343305587769,1782751303.0052674
267100,1.841413974761963,1782751309.00366
267200,0.32194647192955017,1782751315.2928429
267300,-1.0076606273651123,1782751321.2165437
267400,-0.09271526336669922,1782751327.3180985
267500,1.1020654439926147,1782751333.6055756
267600,0.9276332259178162,1782751339.8288083
267700,1.2198684215545654,1782751345.951888
267800,0.9841500520706177,1782751351.9654708
267900,1.0628715753555298,1782751358.2899098
268000,-0.3757564127445221,1782751364.4987445
268100,1.9517011642456055,1782751370.5283804
268200,-0.0037473738193511963,1782751376.6904497
268300,-0.3236250877380371,1782751382.6514103
268400,1.055305004119873,1782751388.8598208
268500,-0.4130805432796478,1782751394.9176497
268600,-1.1428332328796387,1782751401.0265343
268700,1.594966173171997,1782751407.1438339
268800,0.7382611632347107,1782751413.1846004
268900,0.4737864136695862,1782751419.5159876
269000,1.1691162586212158,1782751425.6302855
269100,-0.04390479624271393,1782751431.7507133
269200,0.9431505799293518,1782751437.6324117
269300,2.130204200744629,1782751443.6183991
269400,1.2998065948486328,1782751449.806153
269500,-1.1940302848815918,1782751456.1357896
269600,3.1893837451934814,1782751461.950709
269700,2.081782817840576,1782751467.9757183
269800,1.6430892944335938,1782751474.2181191
269900,0.15602144598960876,1782751480.4822474
270000,1.7738473415374756,1782751486.4634767
270100,1.30385422706604,1782751492.4214175
270200,1.0898120403289795,1782751498.5735896
270300,-0.05070701241493225,1782751504.7349813
270400,1.8671715259552002,1782751510.8097782
270500,0.5295459032058716,1782751516.9271812
270600,2.1477129459381104,1782751523.142804
270700,-0.4755716919898987,1782751529.1752841
270800,0.4618609845638275,1782751535.3983064
270900,-0.9284214377403259,1782751541.3286684
271000,0.9063953161239624,1782751547.6298234
271100,1.6810071468353271,1782751553.8025455
271200,-0.3829145133495331,1782751559.7089179
271300,1.74160897731781,1782751565.7553136
271400,-0.377960741519928,1782751571.8164873
271500,1.6480923891067505,1782751578.0965269
271600,1.64626145362854,1782751584.0308914
271700,-0.14359287917613983,1782751590.283125
271800,-1.1683859825134277,1782751596.2151985
271900,0.8605053424835205,1782751602.3918815
272000,2.314377784729004,1782751608.4258077
272100,-1.3064627647399902,1782751614.3699512
272200,-0.73018479347229,1782751620.7066896
272300,0.4858900308609009,1782751626.777907
272400,1.1683825254440308,1782751632.836988
272500,0.15754473209381104,1782751638.7850916
272600,2.41994309425354,1782751645.0890317
272700,1.9113965034484863,1782751651.0196843
272800,2.853428840637207,1782751657.1733568
272900,1.5673880577087402,1782751663.0656314
273000,-0.0038041025400161743,1782751669.173818
273100,-1.1658470630645752,1782751675.1218917
273200,0.7338926196098328,1782751681.1734223
273300,-0.905748724937439,1782751687.0901954
273400,-1.1416981220245361,1782751693.287084
273500,0.32149869203567505,1782751699.1987085
273600,-0.1319185495376587,1782751705.2333913
273700,-0.9767117500305176,1782751711.1412723
273800,0.7826104164123535,1782751717.2728522
273900,0.845553457736969,1782751723.3510952
274000,-0.2724776268005371,1782751729.3129747
274100,1.8994826078414917,1782751735.52503
274200,1.0318992137908936,1782751741.651055
274300,0.2994043529033661,1782751747.5850284
274400,0.15045899152755737,1782751753.6471174
274500,1.2448102235794067,1782751759.4917278
274600,0.6980748176574707,1782751765.4583254
274700,1.984358787536621,1782751771.4537194
274800,0.695772647857666,1782751777.4336488
274900,-0.33883583545684814,1782751783.4552233
275000,-1.0922743082046509,1782751789.5906758
275100,-2.216963768005371,1782751959.954866
275200,-0.6854751706123352,1782751965.9086015
275300,0.5020520687103271,1782751972.111167
275400,2.130858898162842,1782751978.1084938
275500,1.2787789106369019,1782751984.2630873
275600,0.4272424578666687,1782751990.4864213
275700,1.4899780750274658,1782751996.5432792
275800,0.12538757920265198,1782752002.4417698
275900,0.21900081634521484,1782752008.6174955
276000,-1.3598309755325317,1782752014.6092277
276100,0.3369588255882263,1782752020.515486
276200,-0.6975980401039124,1782752026.6870184
276300,0.266813188791275,1782752032.611532
276400,-0.13042479753494263,1782752038.8196151
276500,-0.7866341471672058,1782752044.863545
276600,-0.5356732606887817,1782752050.8193552
276700,0.4409331679344177,1782752056.8087292
276800,0.9154614210128784,1782752062.6970391
276900,-1.5735135078430176,1782752068.6978855
277000,-1.0657708644866943,1782752074.9051416
277100,-0.3804032504558563,1782752081.005708
277200,-1.944922685623169,1782752086.969102
277300,1.1449332237243652,1782752093.156244
277400,-1.4484102725982666,1782752099.0704124
277500,-0.6345575451850891,1782752105.0747514
277600,-1.2710139751434326,1782752111.1828673
277700,0.7523512840270996,1782752117.0950077
277800,0.8060665726661682,1782752123.187341
277900,0.07566201686859131,1782752129.10343
278000,0.002636060118675232,1782752135.0622272
278100,0.9872413873672485,1782752141.177036
278200,1.9253371953964233,1782752147.0720947
278300,1.0453307628631592,1782752153.3111684
278400,0.3806758224964142,1782752159.5283363
278500,1.6267738342285156,1782752165.601572
278600,1.4245898723602295,1782752171.5420706
278700,0.7408630847930908,1782752177.7503083
278800,0.432686448097229,1782752183.6892948
278900,1.4973008632659912,1782752189.9001408
279000,2.2019948959350586,1782752196.0778399
279100,4.196982383728027,1782752202.0329812
279200,3.531219482421875,1782752208.0387576
279300,2.6619632244110107,1782752214.1854906
279400,-1.2683947086334229,1782752220.064374
279500,0.06423193216323853,1782752226.2290735
279600,1.3585333824157715,1782752232.105527
279700,1.066383719444275,1782752238.0981379
279800,1.3041877746582031,1782752244.0503948
279900,0.7464107275009155,1782752250.1749039
280000,0.2226298451423645,1782752256.2259023
280100,1.0875470638275146,1782752262.28333
280200,1.2155288457870483,1782752268.5113285
280300,1.4904248714447021,1782752274.5482385
280400,4.075701713562012,1782752280.640202
280500,0.30813100934028625,1782752286.665893
280600,3.1623740196228027,1782752292.933508
280700,1.127739429473877,1782752299.0990565
280800,0.4167354106903076,1782752305.0409858
280900,0.48812371492385864,1782752311.2144039
281000,1.2795679569244385,1782752317.319006
281100,1.2889833450317383,1782752323.3565688
281200,2.876987934112549,1782752329.299169
281300,-0.5905560255050659,1782752335.378293
281400,-0.5494644641876221,1782752341.7178316
281500,-0.01358795166015625,1782752347.6702945
281600,1.931046962738037,1782752353.635826
281700,1.1024987697601318,1782752359.7638297
281800,2.141054391860962,1782752365.6876686
281900,2.135507822036743,1782752371.7287118
282000,2.9442625045776367,1782752377.6819844
282100,1.3771858215332031,1782752383.871367
282200,2.7927775382995605,1782752390.0839934
282300,3.430556297302246,1782752396.283828
282400,3.1222119331359863,1782752402.4936917
282500,2.9190731048583984,1782752408.6253402
282600,1.2241740226745605,1782752414.6195142
282700,1.9910753965377808,1782752420.9468205
282800,0.7438570261001587,1782752427.1018434
282900,-0.055561602115631104,1782752433.1094356
283000,0.6117873191833496,1782752439.3950746
283100,2.561288833618164,1782752445.733438
283200,0.7706152200698853,1782752451.9210744
283300,0.9519970417022705,1782752457.8315861
283400,-0.36935940384864807,1782752463.9128828
283500,2.103140354156494,1782752470.067727
283600,0.6159154772758484,1782752476.324633
283700,0.31786197423934937,1782752482.7535677
283800,0.08621048927307129,1782752488.7106693
283900,1.7448904514312744,1782752494.8824651
284000,0.005514025688171387,1782752500.8562827
284100,-0.05647933483123779,1782752506.9661546
284200,0.8533354997634888,1782752512.9973376
284300,-0.25576603412628174,1782752519.2866173
284400,-1.2841160297393799,1782752525.2966964
284500,-0.4561125934123993,1782752531.5970047
284600,-1.300985336303711,1782752537.7535782
284700,0.04888381063938141,1782752543.9816313
284800,1.789968729019165,1782752550.2282112
284900,-1.1061944961547852,1782752556.3885064
285000,-1.0844321250915527,1782752562.7253757
285100,1.1979165077209473,1782752568.685087
285200,-0.616479754447937,1782752574.8755202
285300,0.06483735144138336,1782752581.0694726
285400,2.0329012870788574,1782752587.3634064
285500,1.812098503112793,1782752593.405598
285600,-1.0582972764968872,1782752599.3417168
285700,2.140441417694092,1782752605.3801801
285800,1.8697844743728638,1782752611.3731027
285900,4.269010066986084,1782752617.2831497
286000,1.107424259185791,1782752623.3084311
286100,0.7639827132225037,1782752629.3650308
286200,-0.17104727029800415,1782752635.6175442
286300,2.816112518310547,1782752641.75783
286400,2.7435004711151123,1782752647.892546
286500,-1.9191111326217651,1782752654.0717123
286600,1.0071355104446411,1782752660.1430447
286700,1.1949647665023804,1782752666.2743363
286800,-0.3657766282558441,1782752672.275526
286900,-0.3841552436351776,1782752678.416089
287000,-1.298375129699707,1782752684.546334
287100,1.348182201385498,1782752690.4626384
287200,0.5299395322799683,1782752696.3910768
287300,3.0519676208496094,1782752702.4578228
287400,-0.5822268724441528,1782752708.7294776
287500,1.2516759634017944,1782752714.7357757
287600,-0.11299493908882141,1782752720.777618
287700,-1.4019668102264404,1782752726.7991807
287800,0.3371201157569885,1782752732.8513987
287900,-1.608416199684143,1782752738.9048681
288000,1.1216871738433838,1782752744.8625154
288100,2.296516180038452,1782752750.7663414
288200,3.020402431488037,1782752756.706746
288300,1.0040940046310425,1782752763.009578
288400,1.2488126754760742,1782752768.9763422
288500,1.6307480335235596,1782752775.3872473
288600,1.6572933197021484,1782752781.5264163
288700,2.3369996547698975,1782752787.4842935
288800,1.7498416900634766,1782752793.7374597
288900,1.7574377059936523,1782752799.7223253
289000,2.269152879714966,1782752805.92466
289100,0.21207979321479797,1782752812.1099837
289200,0.42891666293144226,1782752818.358718
289300,1.8816874027252197,1782752824.6522038
289400,1.384413719177246,1782752830.8690665
289500,2.4010510444641113,1782752836.948878
289600,-0.025756657123565674,1782752843.257761
289700,0.26064279675483704,1782752849.4769256
289800,1.189528226852417,1782752855.7430878
289900,1.961794137954712,1782752861.8858573
290000,1.7839093208312988,1782752867.8821719
290100,2.5354490280151367,1782752874.0582428
290200,2.9849700927734375,1782752880.2869794
290300,1.7866026163101196,1782752886.6578717
290400,0.15315577387809753,1782752892.5849936
290500,2.358614921569824,1782752898.72995
290600,1.3953285217285156,1782752904.7154224
290700,1.4768387079238892,1782752910.8003812
290800,0.9281989932060242,1782752916.7858062
290900,2.2113521099090576,1782752922.967624
291000,1.2262849807739258,1782752929.0702915
291100,1.6223793029785156,1782752935.1651266
291200,-0.6049188375473022,1782752941.1413949
291300,2.842379093170166,1782752947.2061613
291400,2.051223039627075,1782752953.3964965
291500,0.03026026487350464,1782752959.6154687
291600,1.8325188159942627,1782752965.63171
291700,0.9014339447021484,1782752971.7111814
291800,1.5881297588348389,1782752977.9561741
291900,2.6496286392211914,1782752983.9751186
292000,2.2993154525756836,1782752989.9579074
292100,3.2480406761169434,1782752996.1079948
292200,3.8345000743865967,1782753002.524741
292300,2.059826374053955,1782753008.5623736
292400,3.248534917831421,1782753014.531589
292500,1.3105696439743042,1782753020.5780554
292600,0.22196394205093384,1782753026.6875749
292700,1.0269370079040527,1782753032.70333
292800,0.9762061834335327,1782753038.6426082
292900,2.6583402156829834,1782753044.8934724
293000,-2.0760390758514404,1782753050.9701374
293100,0.7105317115783691,1782753057.0063446
293200,3.6722052097320557,1782753063.0184605
293300,2.183608293533325,1782753069.2330823
293400,2.3461570739746094,1782753075.2039163
293500,4.908621311187744,1782753081.2666717
293600,3.727076292037964,1782753087.309647
293700,3.2723608016967773,1782753093.492693
293800,-0.1384536176919937,1782753099.7033849
293900,0.647493302822113,1782753105.9792728
294000,1.904961109161377,1782753112.173172
294100,-0.03833669424057007,1782753118.3941872
294200,-0.5686888694763184,1782753124.561711
294300,-0.5776346921920776,1782753130.6628919
294400,-1.3411812782287598,1782753137.0713096
294500,-0.3321591019630432,1782753143.1914058
294600,-0.6260949969291687,1782753149.2913694
294700,0.2248026728630066,1782753155.6394348
294800,-0.5544368028640747,1782753161.7903655
294900,1.7850120067596436,1782753167.976849
295000,0.5047270655632019,1782753174.0546253
295100,2.567020893096924,1782753180.2379808
295200,2.066936492919922,1782753186.223609
295300,0.2718591094017029,1782753192.6078408
295400,1.7046350240707397,1782753198.6393385
295500,1.5168356895446777,1782753204.8666778
295600,0.08851170539855957,1782753211.071762
295700,0.059711456298828125,1782753217.4220457
295800,-0.9317584037780762,1782753223.584072
295900,0.20708847045898438,1782753229.9071646
296000,1.1857624053955078,1782753235.8884106
296100,0.4087660312652588,1782753242.2361434
296200,3.595799207687378,1782753248.2466671
296300,0.8878860473632812,1782753254.2200818
296400,-0.10462874174118042,1782753260.2878351
296500,1.9315601587295532,1782753266.2784803
296600,2.370903253555298,1782753272.5071545
296700,-0.04734882712364197,1782753278.7093854
296800,0.08803987503051758,1782753284.825551
296900,-1.500602126121521,1782753291.2535233
297000,2.0793590545654297,1782753297.4106379
297100,-0.4906015396118164,1782753303.7417185
297200,2.3428211212158203,1782753309.9756377
297300,2.628328800201416,1782753315.969791
297400,2.0895092487335205,1782753321.9754505
297500,0.34408292174339294,1782753328.1405706
297600,-0.1749223917722702,1782753334.2993174
297700,0.45491111278533936,1782753340.3816998
297800,1.93681001663208,1782753346.3859148
297900,2.0802321434020996,1782753352.4621248
298000,2.329082489013672,1782753358.5873425
298100,0.11788642406463623,1782753364.8886256
298200,2.769718647003174,1782753371.131599
298300,3.0733132362365723,1782753377.2989385
298400,1.4227931499481201,1782753383.5351799
298500,2.6409924030303955,1782753389.6160574
298600,1.711742877960205,1782753395.7371836
298700,2.2503135204315186,1782753402.0466251
298800,0.6045742034912109,1782753408.2554233
298900,2.984919786453247,1782753414.3032055
299000,2.8596601486206055,1782753420.229777
299100,0.706846296787262,1782753426.1367793
299200,1.3151482343673706,1782753432.3096766
299300,1.5713136196136475,1782753438.2364895
299400,1.831575632095337,1782753444.2385912
299500,-0.7051469087600708,1782753450.3386445
299600,1.7488594055175781,1782753456.3603308
299700,0.23345094919204712,1782753462.3666456
299800,-2.3777525424957275,1782753468.247253
299900,0.6892303228378296,1782753474.111397
300000,-0.9234238862991333,1782753480.0899634
300100,-5.156963348388672,1782753675.4283204
300200,-6.088495254516602,1782753681.5022388
300300,-8.253531455993652,1782753687.7292078
300400,-8.238483428955078,1782753693.7571113
300500,-8.013959884643555,1782753699.8608944
300600,-7.595304489135742,1782753705.9020393
300700,-8.024073600769043,1782753712.2417336
300800,-7.350440979003906,1782753718.2772834
300900,-5.523563861846924,1782753724.5448089
301000,-5.804162502288818,1782753730.6306157
301100,-4.964483261108398,1782753736.8271673
301200,-4.077217102050781,1782753742.931737
301300,-4.433650970458984,1782753748.8194866
301400,-4.962916374206543,1782753754.810979
301500,-5.154903411865234,1782753760.7467568
301600,-9.311027526855469,1782753766.8326058
301700,-6.892533779144287,1782753772.8991568
301800,-7.827204704284668,1782753778.8259127
301900,-5.5937066078186035,1782753784.7892795
302000,-4.1778059005737305,1782753791.0872052
302100,-6.50396728515625,1782753797.348154
302200,-5.117941379547119,1782753803.7156966
302300,-5.526312828063965,1782753809.9573991
302400,-7.005650043487549,1782753816.0797927
302500,-7.315386772155762,1782753822.17594
302600,-5.926243782043457,1782753828.3673537
302700,-5.336559295654297,1782807556.6757169
302800,-4.616040229797363,1782807562.5537183
302900,-3.2597599029541016,1782807568.544334
303000,-5.195199489593506,1782807574.509084
303100,-4.3422346115112305,1782807580.3718777
303200,-4.9982476234436035,1782807586.5932379
303300,-4.847463607788086,1782807592.5185869
303400,-6.6124162673950195,1782807598.4419215
303500,-5.220715522766113,1782807604.2585206
303600,-5.5653228759765625,1782807609.9801273
303700,-5.367743015289307,1782807615.8784294
303800,-6.615184307098389,1782807621.8526123
303900,-5.200517654418945,1782807627.783567
304000,-4.444627285003662,1782807633.507834
304100,-5.464415550231934,1782807639.2424452
304200,-6.6454315185546875,1782807644.930758
304300,-6.506418228149414,1782807650.6791153
304400,-6.450666904449463,1782807656.6346195
304500,-6.545025825500488,1782807662.3957958
304600,-6.963204860687256,1782807668.1868963
304700,-4.798553943634033,1782807674.2766504
304800,-4.431780815124512,1782807680.2719743
304900,-3.7394425868988037,1782807685.9990444
305000,-3.443294048309326,1782807691.9821389
305100,-5.361084938049316,1782807697.9668844
305200,-3.4254977703094482,1782807704.5557766
305300,-6.522721767425537,1782807711.2187989
305400,-4.094468593597412,1782807717.9046652
305500,-6.341730117797852,1782807724.424601
305600,-4.648118019104004,1782807731.1165102
305700,-5.689556121826172,1782807737.8417323
305800,-4.823182582855225,1782807744.7880306
305900,-5.340679168701172,1782807751.4881432
306000,-5.97806453704834,1782807758.3279479
306100,-6.711257457733154,1782807764.8640811
306200,-4.204303741455078,1782807771.4584267
306300,-5.4688568115234375,1782807778.049089
306400,-2.8488216400146484,1782807784.7592144
306500,-6.8320441246032715,1782807791.388291
306600,-7.4281415939331055,1782807798.1134198
306700,-4.886232376098633,1782807804.6076074
306800,-5.844028949737549,1782807811.2307465
306900,-4.5075578689575195,1782807818.0132275
307000,-4.824397087097168,1782807824.7022078
307100,-5.822736740112305,1782807830.8719003
307200,-4.82302713394165,1782807837.0478892
307300,-4.5030412673950195,1782807843.2936676
307400,-4.713972091674805,1782807849.421912
307500,-2.1518731117248535,1782807855.7236226
307600,-3.6039915084838867,1782807862.069651
307700,-2.75311017036438,1782807868.3068254
307800,-4.4861836433410645,1782807874.4030418
307900,-3.6789228916168213,1782807880.626423
308000,-7.875734806060791,1782807887.1330242
308100,-4.066751003265381,1782807893.2375731
308200,-4.485844612121582,1782807899.5758748
308300,-5.783760070800781,1782807905.5993605
308400,-5.713141441345215,1782807911.8205957
308500,-2.6558547019958496,1782807917.974302
308600,-5.974190711975098,1782807924.4402504
308700,-4.800962448120117,1782807930.717791
308800,-3.828889846801758,1782807937.06711
308900,-4.164530277252197,1782807943.8171222
309000,-3.4000988006591797,1782807950.2627847
309100,-4.12569522857666,1782807957.1902733
309200,-4.8622894287109375,1782807963.3111982
309300,-1.6737695932388306,1782807969.648684
309400,-5.276304244995117,1782807976.3718727
309500,-3.376490354537964,1782807982.9928458
309600,-4.781980514526367,1782807989.6571364
309700,-3.973738670349121,1782807996.2569244
309800,-4.143853664398193,1782808002.8463893
309900,-2.8524179458618164,1782808009.332232
310000,-3.389354944229126,1782808015.896446
310100,-1.1013356447219849,1782808022.3984926
310200,-3.2566933631896973,1782808028.8482928
310300,-2.722925901412964,1782808035.1670036
310400,-3.068547487258911,1782808041.4369066
310500,-2.7158801555633545,1782808048.057521
310600,-5.525092601776123,1782808054.8565145
310700,-5.067083358764648,1782808061.4705894
310800,-2.8458237648010254,1782808068.05454
310900,-6.106866836547852,1782808074.6563442
311000,-5.23277473449707,1782808081.1467893
311100,-2.3836114406585693,1782808087.7937686
311200,-1.3921148777008057,1782808094.035026
311300,-1.7675666809082031,1782808100.5256126
311400,-5.066295623779297,1782808107.255454
311500,-3.028170108795166,1782808113.9081454
311600,-1.0997743606567383,1782808120.6645892
311700,-3.5220160484313965,1782808127.4434118
311800,-2.5834999084472656,1782808134.178152
311900,-2.523486375808716,1782808140.6108513
312000,-6.001496315002441,1782808147.3622622
312100,-5.297095775604248,1782808153.8731768
312200,-3.7816686630249023,1782808160.52919
312300,-3.6051621437072754,1782808166.571636
312400,-5.408205509185791,1782808173.2041674
312500,-2.6470394134521484,1782808180.0039027
312600,-3.344158411026001,1782808186.6517985
312700,-1.2171249389648438,1782808193.184055
312800,-4.297794342041016,1782808200.004377
312900,-1.7300457954406738,1782808206.7548423
313000,-4.473655700683594,1782808213.3528936
313100,-4.0791521072387695,1782808220.1243684
313200,-0.27162694931030273,1782808226.5913932
313300,-5.024517059326172,1782808233.1188946
313400,-3.6314282417297363,1782808239.7111368
313500,-5.431371688842773,1782808246.1867929
313600,-1.970277190208435,1782808252.4670076
313700,-4.089141368865967,1782808258.6732738
313800,-4.0189924240112305,1782808264.7705922
313900,-3.487511157989502,1782808270.7502813
314000,-2.930652618408203,1782808276.770667
314100,-0.582227885723114,1782808282.8991098
314200,-3.87038516998291,1782808288.8825166
314300,-2.232996940612793,1782808295.0839238
314400,-3.80106520652771,1782808301.3373806
314500,-4.286418437957764,1782808307.408699
314600,-2.57271146774292,1782808313.6516633
314700,-1.718661904335022,1782808319.7529864
314800,-4.49118709564209,1782808325.869376
314900,-4.110630035400391,1782808332.0833914
315000,-3.988163709640503,1782808338.102421
315100,-5.10603141784668,1782808344.1893418
315200,-3.173367977142334,1782808350.7132475
315300,0.6087732315063477,1782808357.2165084
315400,-4.624980449676514,1782808363.7434883
315500,-2.845378875732422,1782808370.368744
315600,-3.614290714263916,1782808376.8160717
315700,-2.5262460708618164,1782808383.2883203
315800,-1.9431493282318115,1782808389.8913114
315900,-3.7324962615966797,1782808396.7064776
316000,-2.3512356281280518,1782808403.38516
316100,-1.6528170108795166,1782808409.6399536
316200,-3.2354586124420166,1782808415.8004115
316300,-3.60728120803833,1782808421.8786612
316400,-2.164125919342041,1782808428.657998
316500,-2.80619478225708,1782808435.4875553
316600,-2.064167022705078,1782808442.0110416
316700,-2.549945592880249,1782808448.2378964
316800,-3.19907546043396,1782808454.352411
316900,0.3708031475543976,1782808460.5533006
317000,-3.2244057655334473,1782808466.742143
317100,2.134899377822876,1782808473.1791985
317200,-5.029756546020508,1782808479.4017558
317300,-4.699491500854492,1782808485.6091323
317400,-4.864026069641113,1782808491.78953
317500,-2.173093795776367,1782808498.0664437
317600,-2.8064844608306885,1782808504.1513977
317700,-3.2445082664489746,1782808510.4270806
317800,0.1474679708480835,1782808516.7312098
317900,-2.4433648586273193,1782808522.8555813
318000,-1.675039291381836,1782808529.2879853
318100,-2.8678066730499268,1782808535.5445268
318200,-2.686854839324951,1782808541.6846876
318300,-0.22329896688461304,1782808547.8504803
318400,-2.00106143951416,1782808554.0683322
318500,-1.0296554565429688,1782808560.3093789
318600,-2.4783689975738525,1782808566.4597764
318700,-2.517544746398926,1782808572.8978581
318800,-1.9261412620544434,1782808579.0277238
318900,-1.4512779712677002,1782808585.2737842
319000,-2.439229965209961,1782808591.4733877
319100,-2.6692593097686768,1782808597.7149765
319200,-3.571303367614746,1782808604.0204372
319300,-1.185253381729126,1782808610.2744455
319400,-0.8629583120346069,1782808616.4077706
319500,-1.0712616443634033,1782808622.7341757
319600,-2.627525806427002,1782808628.9170322
319700,-2.9436488151550293,1782808635.4543931
319800,-1.7044312953948975,1782808641.7873423
319900,-3.653214931488037,1782808648.118041
320000,-0.599947988986969,1782808654.3249261
320100,-3.3839077949523926,1782808660.685851
320200,-1.8663747310638428,1782808667.174728
320300,-0.26336032152175903,1782808673.29967
320400,-0.8406644463539124,1782808679.413173
320500,-0.8184093236923218,1782808685.4754496
320600,-1.7205369472503662,1782808691.6773489
320700,-0.8214321136474609,1782808697.940195
320800,-4.509987831115723,1782808704.0249124
320900,-1.2726736068725586,1782808710.2181938
321000,-3.0157554149627686,1782808716.3806832
321100,-1.7771613597869873,1782808722.4517617
321200,-2.5403683185577393,1782808728.7271225
321300,-2.2899696826934814,1782808734.7500818
321400,-3.4860949516296387,1782808740.792608
321500,-1.5620661973953247,1782808746.9155219
321600,0.2656073570251465,1782808752.9182222
321700,-0.5114322900772095,1782808758.9124873
321800,0.0028926730155944824,1782808765.0902371
321900,1.332460641860962,1782808771.2847397
322000,-2.1617848873138428,1782808777.45817
322100,0.4149003028869629,1782808783.669455
322200,-0.5394011735916138,1782808789.9299347
322300,-1.8050484657287598,1782808796.3166664
322400,-3.4448697566986084,1782808802.4753146
322500,-1.315738558769226,1782808808.9235258
322600,-2.0371642112731934,1782808814.9461706
322700,-2.134028911590576,1782808821.342034
322800,-2.012810707092285,1782808827.649313
322900,-1.8251502513885498,1782808833.9232233
323000,-2.1582815647125244,1782808840.2494395
323100,-4.568285942077637,1782808846.4380975
323200,-3.055821418762207,1782808852.6727924
323300,-1.6520724296569824,1782808859.0180058
323400,-1.290145993232727,1782808865.1856072
323500,-0.7999754548072815,1782808871.4316654
323600,-3.5630722045898438,1782808877.4396038
323700,-1.6052430868148804,1782808883.8733938
323800,-2.7145628929138184,1782808890.0997972
323900,-2.4364328384399414,1782808896.0723743
324000,-0.6040553450584412,1782808902.266126
324100,-1.4914665222167969,1782808908.346699
324200,-1.46506667137146,1782808914.6362393
324300,-1.3703889846801758,1782808920.6793208
324400,-4.033820152282715,1782808926.9905176
324500,-2.6566567420959473,1782808933.0606523
324600,-3.0353689193725586,1782808939.0407016
324700,-0.4845219850540161,1782808945.3444312
324800,0.18645143508911133,1782808951.714306
324900,-2.3147201538085938,1782808957.8287702
325000,-2.263936996459961,1782808963.9558244
325100,-2.011892795562744,1782809125.6572998
325200,-1.169193983078003,1782809131.758722
325300,-0.1486300528049469,1782809138.1795502
325400,-1.2987313270568848,1782809144.4774804
325500,-0.6157482862472534,1782809150.5520742
325600,0.13625623285770416,1782809157.02209
325700,-1.5439410209655762,1782809163.352155
325800,-4.168646812438965,1782809169.393986
325900,-1.20305597782135,1782809175.6824546
326000,-1.603518009185791,1782809181.7971447
326100,0.5768939852714539,1782809188.1862097
326200,0.052939027547836304,1782809194.4067392
326300,-2.0583324432373047,1782809200.628851
326400,-0.32123684883117676,1782809206.6700883
326500,0.606537938117981,1782809213.0514164
326600,2.748011589050293,1782809219.4543893
326700,1.8837286233901978,1782809225.7577722
326800,-1.5146228075027466,1782809231.8722136
326900,2.107586622238159,1782809237.882783
327000,2.0075602531433105,1782809243.8798122
327100,-0.23034465312957764,1782809249.8091168
327200,2.1817948818206787,1782809256.1294415
327300,-2.605257034301758,1782809262.3366303
327400,-2.290343999862671,1782809268.5723884
327500,-2.5047898292541504,1782809274.60016
327600,-0.4138008952140808,1782809280.7429063
327700,-0.795702338218689,1782809286.9617357
327800,-0.11585956811904907,1782809293.0741575
327900,0.501441240310669,1782809299.3505259
328000,0.5409278869628906,1782809305.686909
328100,-0.5388942956924438,1782809311.9013414
328200,0.5501896739006042,1782809318.2408648
328300,0.16797956824302673,1782809324.3415568
328400,0.4586982727050781,1782809330.9500957
328500,0.591148316860199,1782809337.3789241
328600,0.011132240295410156,1782809343.530428
328700,-1.6186128854751587,1782809349.7682219
328800,-1.3694506883621216,1782809356.1576822
328900,0.6056515574455261,1782809362.3465257
329000,0.3953048586845398,1782809368.8061652
329100,3.015899419784546,1782809375.273103
329200,0.9905446767807007,1782809381.368611
329300,0.9238750338554382,1782809387.5853627
329400,1.6886085271835327,1782809393.8776069
329500,1.8153361082077026,1782809399.8662674
329600,1.5945448875427246,1782809405.9294555
329700,-0.817596971988678,1782809412.0527577
329800,-0.7523539662361145,1782809418.0492747
329900,1.7920312881469727,1782809424.0438457
330000,1.4341394901275635,1782809430.236587
330100,0.9891282916069031,1782809436.4141123
330200,-0.8011868000030518,1782809442.6205344
330300,0.8656055927276611,1782809448.8310103
330400,0.19302119314670563,1782809454.91428
330500,0.6556268930435181,1782809460.9874294
330600,0.9260403513908386,1782809467.2394261
330700,-0.58834308385849,1782809473.1644704
330800,-1.475746750831604,1782809479.2984724
330900,-0.9951563477516174,1782809485.6817913
331000,1.066220760345459,1782809491.8026793
331100,-0.4527705907821655,1782809497.9522395
331200,-0.5321328043937683,1782809503.9249098
331300,-1.4778798818588257,1782809510.1408424
331400,-1.270341396331787,1782809516.0867774
331500,0.1927638053894043,1782809522.1685815
331600,1.5618891716003418,1782809528.3859863
331700,1.5656766891479492,1782809534.5739474
331800,0.7745760083198547,1782809540.7554455
331900,0.5441380143165588,1782809547.0063818
332000,2.4645497798919678,1782809553.0287905
332100,0.5890408754348755,1782809559.548606
332200,-0.05909338593482971,1782809565.66347
332300,-1.5358173847198486,1782809571.8677537
332400,-1.5357332229614258,1782809577.8406155
332500,-0.06395244598388672,1782809583.9634748
332600,-2.3462913036346436,1782809590.106919
332700,-2.7442264556884766,1782809596.0925636
332800,-3.104738712310791,1782809602.3663318
332900,-0.6779066324234009,1782809608.3509462
333000,-1.7197446823120117,1782809614.4979885
333100,-0.17240270972251892,1782809620.5733306
333200,-1.7585042715072632,1782809626.6765397
333300,-1.5252013206481934,1782809632.7814875
333400,-1.6787785291671753,1782809638.9473493
333500,0.8564043641090393,1782809645.3306084
333600,-2.2420215606689453,1782809651.315903
333700,-2.8546862602233887,1782809657.3440409
333800,-2.2580554485321045,1782809663.4560997
333900,-1.2512726783752441,1782809669.4677026
334000,-0.47945380210876465,1782809675.7064793
334100,-0.13656410574913025,1782809681.6723468
334200,-0.995583176612854,1782809687.8745162
334300,1.3382396697998047,1782809693.9310496
334400,-0.12722963094711304,1782809699.902906
334500,0.9633716344833374,1782809706.1371224
334600,-0.9222767949104309,1782809712.1163573
334700,-3.5711870193481445,1782809718.2374172
334800,-1.6021528244018555,1782809724.272216
334900,-0.6695621013641357,1782809730.3228376
335000,-1.9080240726470947,1782809736.5234604
335100,-1.1591010093688965,1782809742.72897
335200,-1.7542006969451904,1782809749.1753976
335300,-0.5129349231719971,1782809755.6225824
335400,-1.2585525512695312,1782809761.9911432
335500,-2.967111110687256,1782809768.5382497
335600,1.6623404026031494,1782809775.0164075
335700,-1.3058615922927856,1782809781.482607
335800,-0.7282675504684448,1782809788.0914679
335900,1.7853102684020996,1782809794.82378
336000,0.5319187045097351,1782809801.121875
336100,1.4761664867401123,1782809807.5247808
336200,-3.5798566341400146,1782809813.75948
336300,-3.1243674755096436,1782809820.229376
336400,-4.016582489013672,1782809826.7936504
336500,-1.4022465944290161,1782809833.4126046
336600,-1.5040032863616943,1782809839.910717
336700,-1.3354802131652832,1782809846.4552183
336800,-2.333810806274414,1782809852.9208384
336900,-2.7536230087280273,1782809859.5545557
337000,-0.6078908443450928,1782809866.184799
337100,-1.3973968029022217,1782809872.649017
337200,-4.877310752868652,1782809879.296497
337300,0.3108101487159729,1782809885.8645918
337400,-2.0949642658233643,1782809892.4827423
337500,-4.089804649353027,1782809899.1306837
337600,1.2664146423339844,1782809905.7534277
337700,-3.005411386489868,1782809912.2987473
337800,-2.0677711963653564,1782809918.9187586
337900,0.11846582591533661,1782809925.5157084
338000,0.029040053486824036,1782809932.3267198
338100,-2.591935396194458,1782809938.8912654
338200,-0.6282981634140015,1782809945.408703
338300,-2.889514923095703,1782809951.8686624
338400,-2.2709383964538574,1782809958.1121464
338500,-0.155073881149292,1782809964.5145695
338600,-1.2005997896194458,1782809970.6208637
338700,-1.8860312700271606,1782809977.1325645
338800,-0.8984425663948059,1782809983.61479
338900,-1.294851303100586,1782809990.313949
339000,-0.36586543917655945,1782809996.8448067
339100,-0.6422411203384399,1782810003.2396586
339200,-0.8606112003326416,1782810009.899505
339300,-4.9954071044921875,1782810016.7307045
339400,-4.071832656860352,1782810023.2266831
339500,-0.21190544962882996,1782810029.8345666
339600,-4.914391040802002,1782810036.4085376
339700,-0.023311853408813477,1782810043.1112385
339800,-2.945013999938965,1782810049.7675135
339900,-2.6091182231903076,1782810056.5155356
340000,-0.8475480675697327,1782810062.980152
340100,-0.57669997215271,1782810069.7027617
340200,-3.5660958290100098,1782810076.3713906
340300,-1.2131669521331787,1782810082.951901
340400,-3.7302916049957275,1782810089.8638387
340500,-1.7918516397476196,1782810096.6828744
340600,-1.921215295791626,1782810103.3342378
340700,-1.9120264053344727,1782810109.8343303
340800,-0.27575257420539856,1782810116.409042
340900,-3.268843173980713,1782810122.9383798
341000,-3.341783046722412,1782810129.350864
341100,-1.6466670036315918,1782810135.8790534
341200,-1.3837307691574097,1782810142.7259076
341300,-2.093369483947754,1782810149.67457
341400,-2.2185468673706055,1782810156.5146012
341500,-2.4681637287139893,1782810163.2438364
341600,0.05018031597137451,1782810169.448624
341700,-5.1295695304870605,1782810175.7667174
341800,-3.156075954437256,1782810181.9161942
341900,-3.1191091537475586,1782810188.0903673
342000,-2.7357468605041504,1782810194.239951
342100,-0.3939144015312195,1782810200.631079
342200,-3.0736775398254395,1782810206.8865974
342300,-1.0296990871429443,1782810213.108046
342400,-1.3869043588638306,1782810219.2405534
342500,-2.027416944503784,1782810225.7130308
342600,0.5592142343521118,1782810231.938498
342700,-0.8512299656867981,1782810238.2200422
342800,-3.468492031097412,1782810245.0255685
342900,-1.3112645149230957,1782810251.2527847
343000,0.25375300645828247,1782810257.4004416
343100,0.23296630382537842,1782810263.6943235
343200,-1.9722983837127686,1782810270.1389475
343300,-2.0617527961730957,1782810276.263356
343400,-2.3115899562835693,1782810282.673413
343500,-2.921133279800415,1782810288.9973257
343600,-0.9994654059410095,1782810295.3792214
343700,-2.2777326107025146,1782810301.5367527
343800,-0.25189509987831116,1782810307.703122
343900,-2.6247353553771973,1782810314.019851
344000,-1.7020971775054932,1782810320.0528383
344100,-0.8727507591247559,1782810326.282911
344200,-0.102225661277771,1782810332.4389226
344300,-1.3943101167678833,1782810338.589063
344400,1.0583486557006836,1782810344.7401464
344500,-0.3957628607749939,1782810351.0629618
344600,-1.7931022644042969,1782810357.2428894
344700,-1.4213979244232178,1782810363.3017945
344800,-2.6343390941619873,1782810369.6319127
344900,-2.9007747173309326,1782810376.0625794
345000,-2.662558078765869,1782810382.0792384
345100,-2.1717753410339355,1782810388.4094002
345200,-1.9414386749267578,1782810394.6332457
345300,-4.1841349601745605,1782810400.7947698
345400,-1.8508918285369873,1782810406.8485243
345500,-3.8061389923095703,1782810413.0434523
345600,-1.426732063293457,1782810419.204976
345700,-2.9942166805267334,1782810425.226722
345800,-1.950620412826538,1782810431.4847708
345900,-4.502553462982178,1782810437.6043208
346000,-4.627229690551758,1782810443.7951505
346100,-3.0263030529022217,1782810450.1283798
346200,-2.2995810508728027,1782810456.1524236
346300,-3.458141803741455,1782810462.2980723
346400,-0.23821121454238892,1782810468.547741
346500,-2.382011890411377,1782810474.7145085
346600,-1.0747852325439453,1782810480.9963233
346700,-3.416358470916748,1782810487.224773
346800,-0.13146653771400452,1782810493.5390284
346900,-1.0284076929092407,1782810499.73562
347000,-2.8444230556488037,1782810506.1531231
347100,-1.719946265220642,1782810512.3155944
347200,-0.7326810359954834,1782810518.8178508
347300,-3.1530752182006836,1782810524.902382
347400,-3.350858449935913,1782810531.352687
347500,-2.3870227336883545,1782810537.588468
347600,-2.2964255809783936,1782810543.7831066
347700,-1.4922387599945068,1782810549.99291
347800,-0.29487210512161255,1782810556.031307
347900,-2.255760669708252,1782810562.0880277
348000,-2.85921049118042,1782810568.4414816
348100,-3.959256410598755,1782810574.5789788
348200,0.7695629596710205,1782810580.7658663
348300,-1.204235553741455,1782810587.1244013
348400,0.38155698776245117,1782810593.281658
348500,-0.3586313724517822,1782810599.4760478
348600,-0.041279420256614685,1782810605.7210739
348700,-1.184941291809082,1782810611.9325736
348800,1.2412638664245605,1782810618.037742
348900,-0.5527657866477966,1782810624.2125945
349000,-0.5467276573181152,1782810630.5174983
349100,-0.9570416212081909,1782810636.793929
349200,0.12422293424606323,1782810642.8892565
349300,-2.231837272644043,1782810649.2829156
349400,-1.5467610359191895,1782810655.6157498
349500,-1.493390679359436,1782810661.7951822
349600,-1.0251452922821045,1782810667.895758
349700,-0.28926485776901245,1782810673.9791942
349800,0.3925204873085022,1782810679.998908
349900,-1.711863398551941,1782810686.1041534
350000,-1.6634349822998047,1782810692.4329805
350100,-2.937392473220825,1782810852.4855876
350200,-0.5243396162986755,1782810858.59076
350300,-1.3554023504257202,1782810864.6683745
350400,-2.0380053520202637,1782810870.576094
350500,0.8477233052253723,1782810876.699852
350600,-1.8478944301605225,1782810882.8144486
350700,-3.2438323497772217,1782810889.1613224
350800,-0.6385667324066162,1782810895.2206228
350900,-0.2351812720298767,1782810901.3387039
351000,-0.5597474575042725,1782810907.5233815
351100,-0.4914741516113281,1782810913.729559
351200,-1.3061342239379883,1782810920.0664124
351300,-1.798079013824463,1782810926.1046317
351400,-4.138262748718262,1782810932.3172698
351500,-1.3716706037521362,1782810938.5020533
351600,-3.140275001525879,1782810944.523604
351700,-1.3975502252578735,1782810950.7470548
351800,0.2125435769557953,1782810957.051123
351900,-1.4817204475402832,1782810963.2080681
352000,-2.5233702659606934,1782810969.337201
352100,-3.90378475189209,1782810975.6406116
352200,-0.3115794062614441,1782810981.8493705
352300,-0.7153376340866089,1782810987.9047368
352400,0.41849416494369507,1782810993.882551
352500,-0.6220316886901855,1782811000.1294727
352600,-1.6139142513275146,1782811006.2939272
352700,-0.12444347143173218,1782811012.7046182
352800,-3.943403720855713,1782811019.024905
352900,0.006664961576461792,1782811025.0120082
353000,-1.8067235946655273,1782811031.0702214
353100,-3.1188058853149414,1782811037.3888958
353200,0.8643002510070801,1782811043.520154
353300,-0.2510300278663635,1782811049.9838464
353400,-1.852439284324646,1782811056.01681
353500,0.4270172119140625,1782811062.4000049
353600,-1.8828792572021484,1782811068.5700428
353700,1.4775161743164062,1782811074.7517126
353800,-0.38201189041137695,1782811081.048111
353900,0.3442206084728241,1782811087.2385259
354000,0.526396632194519,1782811093.3080935
354100,-3.461221694946289,1782811099.2186394
354200,0.9830213189125061,1782811105.439118
354300,-1.4230620861053467,1782811111.6831648
354400,-0.5044907331466675,1782811117.829956
354500,-0.693583607673645,1782811123.9294753
354600,1.9591690301895142,1782811130.0361698
354700,2.5669286251068115,1782811136.120097
354800,1.431032419204712,1782811142.3863187
354900,1.469020128250122,1782811148.6718981
355000,0.030446752905845642,1782811155.1718364
355100,-1.9426013231277466,1782811161.3511784
355200,1.0159237384796143,1782811167.339352
355300,-1.5279256105422974,1782811173.3225951
355400,1.0721375942230225,1782811179.3855622
355500,0.8078750967979431,1782811185.450774
355600,3.649193286895752,1782811191.674261
355700,2.0772602558135986,1782811197.677844
355800,-2.20743989944458,1782811203.8010552
355900,0.07349765300750732,1782811209.8850625
356000,0.8827995657920837,1782811216.066157
356100,-1.0224404335021973,1782811222.1029496
356200,-2.3586440086364746,1782811228.3162708
356300,0.533828616142273,1782811234.7181375
356400,-2.621281147003174,1782811240.9521143
356500,0.41161850094795227,1782811247.0272715
356600,0.12731432914733887,1782811253.3725111
356700,-0.4603462517261505,1782811259.5517104
356800,-0.5847365856170654,1782811265.6597483
356900,-2.2596516609191895,1782811272.0781808
357000,0.15354777872562408,1782811278.6478407
357100,-0.8018277287483215,1782811284.7502549
357200,-0.07975764572620392,1782811290.8609743
357300,1.2469319105148315,1782811297.0836987
357400,-1.3578029870986938,1782811303.0735493
357500,1.0590711832046509,1782811309.2154884
357600,0.06909757852554321,1782811315.3110976
357700,-0.06733162701129913,1782811321.5990868
357800,-0.16180427372455597,1782811327.7922418
357900,-0.6431706547737122,1782811333.9617186
358000,1.2205724716186523,1782811340.0244818
358100,-1.7955811023712158,1782811346.3692772
358200,-2.0456795692443848,1782811352.6164744
358300,-0.8588908910751343,1782811358.871337
358400,0.1445639431476593,1782811365.0107746
358500,0.28575313091278076,1782811371.1188169
358600,-0.6642630696296692,1782811377.2744153
358700,0.636477530002594,1782811383.6129048
358800,0.11327861249446869,1782811389.7139416
358900,0.5646713972091675,1782811396.0333607
359000,-1.3183786869049072,1782811402.23961
359100,-1.3392040729522705,1782811408.345536
359200,0.2603400945663452,1782811414.6195192
359300,-1.0209473371505737,1782811420.7162864
359400,-2.056370973587036,1782811426.875343
359500,-1.7714468240737915,1782811433.0141234
359600,-3.1791539192199707,1782811439.5299935
359700,-0.5845155715942383,1782811445.5814521
359800,0.35845327377319336,1782811452.124584
359900,-1.5792632102966309,1782811458.1362557
360000,-2.000546932220459,1782811464.4529943
360100,-0.6359447836875916,1782811470.6814
360200,-4.359074115753174,1782811477.0957935
360300,-2.0210578441619873,1782811483.35262
360400,-1.6236426830291748,1782811489.4313352
360500,-0.5981632471084595,1782811495.8187046
360600,-0.7356346845626831,1782811501.9312046
360700,-2.137322425842285,1782811508.1999874
360800,-3.423414707183838,1782811514.236507
360900,-1.2382651567459106,1782811520.3554118
361000,-0.8955641984939575,1782811526.4089909
361100,0.15963977575302124,1782811532.4841573
361200,0.5773375034332275,1782811538.7688246
361300,-2.5070724487304688,1782811545.1924775
361400,-1.353498935699463,1782811551.1911373
361500,0.38625478744506836,1782811557.415892
361600,-1.2965142726898193,1782811563.4190726
361700,-0.5400216579437256,1782811569.579682
361800,-2.733673572540283,1782811575.5727365
361900,-1.0590802431106567,1782811581.7449462
362000,-0.10163640975952148,1782811587.8109612
362100,-0.24666818976402283,1782811594.0333097
362200,-0.7313071489334106,1782811600.4943762
362300,-1.1340336799621582,1782811606.7180967
362400,-2.1721274852752686,1782811612.7395563
362500,-1.5510520935058594,1782811619.0128477
362600,-1.4339758157730103,1782811625.0439656
362700,-0.29541003704071045,1782811631.1570327
362800,-0.8348166346549988,1782811637.592928
362900,-0.8118594884872437,1782811643.748884
363000,0.49951624870300293,1782811649.8889742
363100,-1.8310201168060303,1782811656.0663218
363200,-0.36705613136291504,1782811662.782879
363300,-0.6257012486457825,1782811668.8907888
363400,-0.3623436391353607,1782811674.9755046
363500,-1.5147292613983154,1782811681.2759047
363600,-0.12995213270187378,1782811687.5753067
363700,-2.865957736968994,1782811693.8250897
363800,-0.5755521655082703,1782811699.986763
363900,-1.8826502561569214,1782811706.406394
364000,-2.6485941410064697,1782811712.5527322
364100,1.012622356414795,1782811718.7759566
364200,-0.29100537300109863,1782811724.779895
364300,0.06303724646568298,1782811731.257496
364400,0.3751845955848694,1782811737.2652917
364500,-0.7026362419128418,1782811743.4399328
364600,-3.132338523864746,1782811749.603469
364700,-0.8455981016159058,1782811755.7178326
364800,-0.1432623267173767,1782811762.207839
364900,-3.2918052673339844,1782811768.5158894
365000,-3.205904006958008,1782811775.1436958
365100,-3.2738089561462402,1782811781.282775
365200,-5.488284111022949,1782811787.654943
365300,-2.355551242828369,1782811793.8258536
365400,-0.004694104194641113,1782811799.8992467
365500,-1.745368242263794,1782811806.1526313
365600,1.028245210647583,1782811812.2804408
365700,-0.8079965114593506,1782811818.5623448
365800,0.22894608974456787,1782811824.9246528
365900,-2.003819227218628,1782811831.263212
366000,-1.5825458765029907,1782811837.3750024
366100,-0.9403696656227112,1782811843.495206
366200,-3.4294533729553223,1782811849.5390177
366300,-2.618837356567383,1782811855.8392377
366400,-1.7317142486572266,1782811862.1064835
366500,-1.2011051177978516,1782811868.4131086
366600,-4.067434310913086,1782811874.5912154
366700,-2.5784053802490234,1782811880.9927857
366800,-1.2758698463439941,1782811887.3889158
366900,-2.7656002044677734,1782811893.413435
367000,-1.2405645847320557,1782811899.4527678
367100,-4.080305099487305,1782811905.7266083
367200,-1.4549404382705688,1782811912.000955
367300,-1.6687041521072388,1782811918.037896
367400,-0.13613349199295044,1782811924.0627072
367500,-3.955413579940796,1782811930.237514
367600,-2.2372398376464844,1782811936.3092415
367700,-2.7518749237060547,1782811942.5337398
367800,-3.2600414752960205,1782811948.7006419
367900,-1.3355032205581665,1782811955.0839684
368000,-1.5428141355514526,1782811961.4758215
368100,0.30040082335472107,1782811967.7056286
368200,-3.0939693450927734,1782811973.904897
368300,0.5146984457969666,1782811980.048656
368400,-0.8192785382270813,1782811986.146147
368500,0.6068366765975952,1782811992.1562376
368600,-0.21727856993675232,1782811998.242188
368700,-1.2801339626312256,1782812004.2855036
368800,-1.6585478782653809,1782812010.559046
368900,-2.0910415649414062,1782812016.5501738
369000,1.2291723489761353,1782812022.860447
369100,-1.5316195487976074,1782812028.8658571
369200,-3.803858757019043,1782812034.9641304
369300,-0.4254012703895569,1782812041.0273242
369400,-2.6732847690582275,1782812047.0083718
369500,1.1609957218170166,1782812053.0395072
369600,0.3037697374820709,1782812059.300271
369700,-0.736831545829773,1782812065.3401883
369800,-2.039414644241333,1782812071.5462706
369900,-2.945462942123413,1782812077.9212167
370000,-0.37073469161987305,1782812084.1009505
370100,2.783867120742798,1782812090.3237312
370200,-1.9033117294311523,1782812096.6384652
370300,-2.677273750305176,1782812102.72404
370400,-0.8880503177642822,1782812108.7238772
370500,0.2823694944381714,1782812114.8525176
370600,-1.762028694152832,1782812120.9296103
370700,-0.8581588268280029,1782812127.0546362
370800,-2.3664281368255615,1782812133.4717057
370900,0.5265960693359375,1782812139.6143267
371000,-2.1464438438415527,1782812145.8832297
371100,-0.9832158088684082,1782812151.9524052
371200,-0.8919090628623962,1782812157.9111536
371300,0.08911460638046265,1782812163.931785
371400,-2.272766590118408,1782812169.9563866
371500,-1.7331194877624512,1782812176.2145612
371600,-2.188375234603882,1782812182.2538505
371700,-0.9921674132347107,1782812188.2589667
371800,0.46109870076179504,1782812194.5578024
371900,-3.7314486503601074,1782812200.7688134
372000,0.18937546014785767,1782812206.8468957
372100,-0.5001049041748047,1782812213.0440571
372200,-2.790870189666748,1782812219.4778006
372300,-3.7955527305603027,1782812225.6739635
372400,-0.5728757977485657,1782812231.9605389
372500,-2.0763869285583496,1782812238.1833472
372600,-1.0000808238983154,1782812244.2698207
372700,-0.30202656984329224,1782812250.4523346
372800,-3.3118462562561035,1782812256.5027232
372900,-0.7286048531532288,1782812262.8350296
373000,-1.0436890125274658,1782812269.3414156
373100,-3.124263286590576,1782812275.6248715
373200,-1.2137370109558105,1782812281.6374574
373300,-4.090797424316406,1782812287.8180635
373400,-3.370546817779541,1782812294.0632458
373500,-1.7170330286026,1782812300.2805226
373600,-1.7563831806182861,1782812306.3419402
373700,-0.7861316800117493,1782812312.3396795
373800,-0.7250974178314209,1782812318.5246205
373900,0.15108677744865417,1782812324.6634996
374000,-1.1996257305145264,1782812331.137221
374100,-5.076429843902588,1782812337.6057508
374200,-2.524359941482544,1782812343.730902
374300,0.11520621180534363,1782812349.9206746
374400,1.3925199508666992,1782812356.0560067
374500,-0.7133458852767944,1782812362.4013646
374600,0.1049690842628479,1782812368.762454
374700,2.183055877685547,1782812375.0064487
374800,0.902709424495697,1782812381.307666
374900,0.728751003742218,1782812387.872249
375000,0.1987234354019165,1782812394.3623037
375100,1.7625045776367188,1782812546.4295268
375200,1.3267483711242676,1782812552.532143
375300,0.005963630974292755,1782812558.9819314
375400,-1.1570332050323486,1782812565.1876688
375500,-0.6556008458137512,1782812571.493067
375600,1.9456381797790527,1782812577.8267398
375700,1.970747470855713,1782812584.1239738
375800,0.2914371192455292,1782812590.364452
375900,0.8932738900184631,1782812597.030994
376000,0.610467255115509,1782812603.063991
376100,2.433624505996704,1782812609.1873474
376200,0.7280420660972595,1782812615.4275305
376300,-0.6220553517341614,1782812621.491629
376400,0.7863330841064453,1782812627.9198828
376500,0.763931155204773,1782812634.1177442
376600,-1.3408312797546387,1782812640.4832342
376700,0.15589109063148499,1782812646.7166188
376800,-0.1258978545665741,1782812652.9682734
376900,2.7187581062316895,1782812659.1361413
377000,-1.2731096744537354,1782812665.1265192
377100,-0.15071678161621094,1782812671.252063
377200,-1.2347337007522583,1782812677.4172971
377300,0.4715650677680969,1782812683.3843298
377400,3.4439468383789062,1782812689.7499762
377500,-1.6024913787841797,1782812696.126275
377600,-0.5060025453567505,1782812702.5266755
377700,1.1466798782348633,1782812708.9794474
377800,0.2750042676925659,1782812715.0912123
377900,1.0042778253555298,1782812721.0885825
378000,-0.8182196021080017,1782812727.2311962
378100,-0.5708627104759216,1782812733.5671163
378200,-2.826510429382324,1782812739.75219
378300,1.0548062324523926,1782812746.0014293
378400,-2.310068130493164,1782812752.0833132
378500,-0.3252524733543396,1782812758.4484916
378600,-0.7840847373008728,1782812764.5977824
378700,2.209068775177002,1782812770.897775
378800,-1.4513856172561646,1782812777.235588
378900,-2.077148914337158,1782812783.4753628
379000,-1.777424931526184,1782812789.633146
379100,-0.5074240565299988,1782812795.5661557
379200,-0.6006245613098145,1782812801.766834
379300,1.173551082611084,1782812807.809188
379400,-1.1349387168884277,1782812813.9891148
379500,-1.9347803592681885,1782812820.4369068
379600,-1.2175962924957275,1782812826.6161656
379700,1.0700173377990723,1782812832.7846377
379800,-0.5563980340957642,1782812838.9753428
379900,0.9528176784515381,1782812845.3306546
380000,-0.21307557821273804,1782812851.4324715
380100,1.0030847787857056,1782812857.6782646
380200,0.1472681164741516,1782812864.224239
380300,-3.1284642219543457,1782812870.4804466
380400,-0.40327131748199463,1782812876.767725
380500,-2.0061893463134766,1782812883.0692582
380600,-2.010017156600952,1782812889.0679975
380700,-0.609369158744812,1782812895.2366984
380800,0.5863324403762817,1782812901.3182657
380900,-1.941779375076294,1782812907.6345747
381000,-1.5069009065628052,1782812914.0780516
381100,-0.42348822951316833,1782812920.445671
381200,0.4739376902580261,1782812926.5196292
381300,1.1809098720550537,1782812932.875148
381400,-1.239269733428955,1782812939.0966394
381500,-0.1254589557647705,1782812945.4653509
381600,-1.4387439489364624,1782812951.680292
381700,-1.6991939544677734,1782812957.8240678
381800,-0.3834303617477417,1782812963.861615
381900,-0.9462203979492188,1782812970.3381307
382000,-3.001969337463379,1782812976.5410237
382100,-0.09959661960601807,1782812982.6811652
382200,-2.4132421016693115,1782812989.0281727
382300,-2.710927963256836,1782812995.0727777
382400,-1.707038164138794,1782813001.3977265
382500,-1.757210612297058,1782813007.6178212
382600,-1.0529417991638184,1782813013.626598
382700,0.9232057332992554,1782813019.7200925
382800,-1.9441624879837036,1782813025.8024912
382900,0.7229379415512085,1782813031.8696356
383000,1.4173102378845215,1782813038.0899067
383100,-1.231011152267456,1782813044.312004
383200,0.8349325656890869,1782813050.399187
383300,-1.3664337396621704,1782813056.8410046
383400,-3.5749731063842773,1782813063.0295491
383500,-1.5923094749450684,1782813069.1438024
383600,-2.4637675285339355,1782813075.4239159
383700,-1.611035704612732,1782813081.378749
383800,-0.9431214928627014,1782813087.8959007
383900,1.0884778499603271,1782813093.9846983
384000,0.2710874080657959,1782813100.1412568
384100,-3.5210156440734863,1782813106.3684056
384200,-0.16383123397827148,1782813112.607832
384300,0.24687208235263824,1782813118.7088926
384400,-0.5192703604698181,1782813125.018609
384500,1.0681633949279785,1782813131.2866497
384600,1.1705776453018188,1782813137.3011312
384700,1.6290459632873535,1782813143.2640452
384800,0.6216273307800293,1782813149.1843998
384900,3.573119878768921,1782813155.3658712
385000,1.292237401008606,1782813161.4293044
385100,0.6261178255081177,1782813167.6532776
385200,1.3606789112091064,1782813174.0678144
385300,-0.35417819023132324,1782813180.099852
385400,1.1753216981887817,1782813186.1021657
385500,2.5051798820495605,1782813192.3425484
385600,2.964402675628662,1782813198.484726
385700,0.3539961576461792,1782813204.6863008
385800,0.7202070951461792,1782813210.8311229
385900,4.95539665222168,1782813216.953562
386000,2.3555359840393066,1782813223.157763
386100,1.7474961280822754,1782813229.2819057
386200,-1.02360999584198,1782813235.4478953
386300,0.6424124240875244,1782813241.4475026
386400,1.0478171110153198,1782813247.4664671
386500,1.8710579872131348,1782813253.7051907
386600,2.140030860900879,1782813259.6132967
386700,2.413886547088623,1782813265.4730663
386800,-1.4571735858917236,1782813271.7376413
386900,0.05442994832992554,1782813278.02345
387000,-1.4871853590011597,1782813284.1380112
387100,0.9359340667724609,1782813290.1036983
387200,-0.28472745418548584,1782813296.0251436
387300,-1.1510436534881592,1782813301.9677887
387400,1.6442474126815796,1782813308.2305965
387500,0.36579185724258423,1782813314.6192348
387600,2.599071741104126,1782813320.769423
387700,1.0423123836517334,1782813326.841468
387800,1.6301450729370117,1782813332.939808
387900,-0.06965285539627075,1782813339.1508245
388000,-0.22113072872161865,1782813345.3029544
388100,2.775648832321167,1782813351.4464016
388200,0.10824337601661682,1782813357.4731963
388300,-0.8006449937820435,1782813363.6937094
388400,-2.4927687644958496,1782813369.9056761
388500,-2.090949773788452,1782813375.8895292
388600,1.2610275745391846,1782813382.1351628
388700,0.6018579602241516,1782813388.2516875
388800,-0.2122202217578888,1782813394.4012074
388900,-0.5800154209136963,1782813400.5832644
389000,-1.9086906909942627,1782813406.6846693
389100,0.37945863604545593,1782813412.7883577
389200,0.6092117428779602,1782813418.9872444
389300,1.1224329471588135,1782813424.8880205
389400,-3.691293716430664,1782813431.3176975
389500,-2.860243320465088,1782813437.4012983
389600,0.4712509512901306,1782813443.3571386
389700,-2.10554575920105,1782813449.4392931
389800,-2.5587291717529297,1782813455.6207798
389900,-1.6533095836639404,1782813461.5659876
390000,-3.1443674564361572,1782813467.7106967
390100,-3.8918471336364746,1782813473.7888212
390200,-2.9585304260253906,1782813479.9743717
390300,-1.447087287902832,1782813486.0519783
390400,-1.2057204246520996,1782813492.2245643
390500,0.6083842515945435,1782813498.3646142
390600,-0.3365778625011444,1782813504.7005723
390700,1.134303092956543,1782813510.8476496
390800,1.7447655200958252,1782813516.9888735
390900,-2.048556089401245,1782813523.0907514
391000,0.8941035270690918,1782813529.3393893
391100,-1.1395199298858643,1782813535.5190644
391200,0.9837648272514343,1782813541.8630574
391300,1.4248793125152588,1782813548.0315065
391400,1.1126420497894287,1782813554.178449
391500,-0.9622626900672913,1782813560.269593
391600,2.210692882537842,1782813566.6972854
391700,0.9339480400085449,1782813572.8707094
391800,-1.4428865909576416,1782813578.886939
391900,-0.9066733121871948,1782813585.165881
392000,1.505765676498413,1782813591.505259
392100,0.40969789028167725,1782813597.9779222
392200,0.20666685700416565,1782813604.4820752
392300,-0.770411491394043,1782813610.6484108
392400,-3.977908134460449,1782813616.7672648
392500,-2.5423498153686523,1782813622.8491857
392600,-1.1654958724975586,1782813628.8988326
392700,-0.5028921365737915,1782813635.097786
392800,3.229161262512207,1782813641.177126
392900,0.44486916065216064,1782813647.3196013
393000,-0.8404016494750977,1782813653.4018564
393100,0.1592010259628296,1782813659.9765532
393200,1.0587928295135498,1782813666.2777264
393300,0.08553516864776611,1782813672.571894
393400,0.19495779275894165,1782813678.7233715
393500,3.1499552726745605,1782813684.9653943
393600,-1.1949926614761353,1782813691.0363033
393700,-1.1746864318847656,1782813697.1072624
393800,0.31977134943008423,1782813703.3258255
393900,1.937812089920044,1782813709.4440393
394000,0.3291466534137726,1782813715.5457582
394100,-0.2378925085067749,1782813721.7468078
394200,-0.4418734908103943,1782813727.9718108
394300,3.1556689739227295,1782813734.0525985
394400,2.2458791732788086,1782813740.3532636
394500,-0.2569103240966797,1782813746.861515
394600,1.4545748233795166,1782813753.4046123
394700,2.329789638519287,1782813759.6460006
394800,0.6967599391937256,1782813765.9205105
394900,-1.2516531944274902,1782813772.116404
395000,0.6227498054504395,1782813778.2357793
395100,3.5426321029663086,1782813784.5541112
395200,1.0304244756698608,1782813790.7344596
395300,-0.5780702829360962,1782813797.1838305
395400,1.3188281059265137,1782813803.2054868
395500,0.32971346378326416,1782813809.2796931
395600,-0.8112649917602539,1782813815.8408387
395700,4.593190670013428,1782813822.0607579
395800,2.085300922393799,1782813828.6469917
395900,1.518866777420044,1782813834.8217647
396000,0.6185144782066345,1782813841.0200636
396100,0.5551868677139282,1782813847.0428572
396200,2.8690829277038574,1782813853.2412667
396300,3.1375608444213867,1782813859.3348124
396400,1.7576757669448853,1782813865.6326978
396500,1.0529677867889404,1782813871.5546167
396600,3.653099775314331,1782813877.857038
396700,1.0457944869995117,1782813884.188984
396800,3.568100690841675,1782813890.166447
396900,-0.8998985290527344,1782813896.2915993
397000,0.47948217391967773,1782813902.3390415
397100,-0.0162411630153656,1782813908.7083435
397200,0.33860719203948975,1782813915.044992
397300,3.011806011199951,1782813921.230444
397400,0.5774523019790649,1782813927.549951
397500,0.8541994690895081,1782813933.797513
397600,-1.4734137058258057,1782813940.0281591
397700,3.3887088298797607,1782813946.4013402
397800,1.2456603050231934,1782813952.4541023
397900,2.610229015350342,1782813958.5944064
398000,2.8289237022399902,1782813964.6938455
398100,-0.5512847900390625,1782813970.7470806
398200,1.0449339151382446,1782813976.8420472
398300,1.5232247114181519,1782813983.1122937
398400,0.3893064856529236,1782813989.3896346
398500,1.4801006317138672,1782813995.470008
398600,1.5401664972305298,1782814001.5632248
398700,0.08953738212585449,1782814007.6110313
398800,2.441113233566284,1782814013.8988616
398900,0.6894234418869019,1782814019.9059184
399000,1.0600037574768066,1782814026.1451569
399100,1.6586837768554688,1782814032.3907366
399200,5.223012924194336,1782814038.3540168
399300,3.541506767272949,1782814044.7908108
399400,-1.129623293876648,1782814051.0967066
399500,-0.011520355939865112,1782814057.3591154
399600,1.4332468509674072,1782814063.749339
399700,0.7822750806808472,1782814069.9166615
399800,1.0300840139389038,1782814076.0217464
399900,0.30003833770751953,1782814082.2599914
400000,0.8820523619651794,1782817827.0295513
400100,-4.263108730316162,1782817985.8810844
400200,-7.128885269165039,1782817991.7972465
400300,-8.789605140686035,1782817997.7194283
400400,-9.744771957397461,1782818003.7331424
400500,-9.887212753295898,1782818009.9375906
400600,-11.172922134399414,1782818015.9344969
400700,-10.943883895874023,1782818021.907676
400800,-10.13734245300293,1782818027.8930578
400900,-10.761613845825195,1782818034.015812
401000,-9.519447326660156,1782818040.0060997
401100,-8.783514022827148,1782818045.9972043
401200,-7.941228866577148,1782818052.1342602
401300,-7.7078046798706055,1782818058.2349894
401400,-7.783020973205566,1782818064.187948
401500,-7.643651485443115,1782818070.3940172
401600,-8.61140251159668,1782818076.265466
401700,-7.993090629577637,1782818082.2316825
401800,-8.441829681396484,1782818088.0369887
401900,-10.141691207885742,1782818093.8822846
402000,-6.153563499450684,1782818099.7406068
402100,-8.051412582397461,1782818105.8772619
402200,-7.77170467376709,1782818111.7843552
402300,-7.778791427612305,1782818117.6852071
402400,-7.099102973937988,1782818123.6229503
402500,-6.848124980926514,1782818129.5808225
402600,-6.919551372528076,1782818135.685221
402700,-6.16915225982666,1782818141.6274734
402800,-5.621101379394531,1782818147.6055217
402900,-5.646538734436035,1782818153.5826843
403000,-8.444950103759766,1782818159.7397258
403100,-7.526835918426514,1782818165.6373105
403200,-9.460481643676758,1782818171.5348
403300,-5.720785140991211,1782818177.6359873
403400,-6.2919464111328125,1782818183.5631757
403500,-5.342389106750488,1782818189.4631274
403600,-5.037341117858887,1782818195.2860093
403700,-3.6917388439178467,1782818201.4402792
403800,-5.932286262512207,1782818207.447918
403900,-4.6323652267456055,1782818213.382207
404000,-3.6482973098754883,1782818219.4439154
404100,-6.054653167724609,1782818225.4878714
404200,-5.721630096435547,1782818231.4001794
404300,-3.5654900074005127,1782818237.371236
404400,-5.195474147796631,1782818243.1819382
404500,-4.8380632400512695,1782818249.0236983
404600,-3.219696283340454,1782818254.9907944
404700,-3.267758369445801,1782818260.9563901
404800,-4.329649448394775,1782818266.8666875
404900,-5.848597526550293,1782818272.7810895
405000,-6.658501625061035,1782818279.0177052
405100,-4.999811172485352,1782818285.0789979
405200,-4.175173759460449,1782818291.0415714
405300,-3.147623062133789,1782818297.5512648
405400,-3.837710380554199,1782818303.5977497
405500,-3.423699378967285,1782818309.5276258
405600,-4.216580390930176,1782818315.6509302
405700,-1.0591752529144287,1782818321.8372664
405800,-2.165381908416748,1782818327.8242798
405900,-4.926456451416016,1782818333.740789
406000,-2.9709911346435547,1782818339.9208107
406100,-4.958287239074707,1782818345.968843
406200,-2.9993674755096436,1782818352.1177204
406300,-1.9346399307250977,1782818358.0744336
406400,-3.1040003299713135,1782818364.3050985
406500,-4.158390045166016,1782818370.381504
406600,-4.118095874786377,1782818376.2196476
406700,-3.2026567459106445,1782818382.1413722
406800,-3.2580370903015137,1782818388.1329718
406900,-5.163436412811279,1782818394.2876616
407000,-5.678251266479492,1782818400.3269827
407100,-1.8016581535339355,1782818406.783116
407200,-4.014671325683594,1782818413.182724
407300,-6.500161647796631,1782818419.2846262
407400,-4.651983261108398,1782818425.4123638
407500,-4.39923095703125,1782818431.4165697
407600,-5.605463027954102,1782818437.2677202
407700,-4.574542999267578,1782818443.3275907
407800,-3.281655788421631,1782818449.6940646
407900,-7.1248459815979,1782818455.7703338
408000,-4.86680793762207,1782818461.968522
408100,-4.398723602294922,1782818468.069853
408200,-3.490205764770508,1782818473.7689626
408300,-3.9682226181030273,1782818479.7599103
408400,-3.773108959197998,1782818485.8868554
408500,-6.953435897827148,1782818491.7640157
408600,-4.782732009887695,1782818497.7601573
408700,-6.747907638549805,1782818503.7549627
408800,-5.132115364074707,1782818509.633209
408900,-4.254630088806152,1782818515.7374153
409000,-6.574307441711426,1782818521.9264324
409100,-0.20119738578796387,1782818527.764353
409200,-4.494078636169434,1782818533.8288713
409300,-3.5127644538879395,1782818539.8181775
409400,-4.232391357421875,1782818545.8618588
409500,-5.357415199279785,1782818552.085302
409600,-4.418298721313477,1782818558.1521893
409700,-5.799261093139648,1782818564.048942
409800,-3.7854747772216797,1782818570.1763964
409900,-4.842101097106934,1782818576.1894453
410000,-5.803426265716553,1782818582.2809741
410100,-3.4014577865600586,1782818588.402585
410200,-6.282485008239746,1782818594.5236712
410300,-3.7283871173858643,1782818600.5677347
410400,-5.10347843170166,1782818606.4599798
410500,-2.8626458644866943,1782818612.3414392
410600,-3.6371939182281494,1782818618.4532096
410700,-1.9745419025421143,1782818624.3809536
410800,-2.8362202644348145,1782818630.202113
410900,-5.3275861740112305,1782818636.4575698
411000,-3.670438289642334,1782818642.334763
411100,-4.303279876708984,1782818648.1652443
411200,-1.640893816947937,1782818654.3021195
411300,-5.857427597045898,1782818660.290088
411400,-4.643393516540527,1782818666.6798494
411500,-4.365467548370361,1782818673.168862
411600,-1.9548113346099854,1782818679.5704894
411700,-3.9717822074890137,1782818685.9109125
411800,-2.293964147567749,1782818692.0894144
411900,-2.218069553375244,1782818698.340943
412000,-2.384108781814575,1782818704.3742726
412100,-3.0579848289489746,1782818710.4052157
412200,-3.612521171569824,1782818716.380744
412300,-2.4003963470458984,1782818722.6153216
412400,-4.6988325119018555,1782818728.979775
412500,-4.303210735321045,1782818735.2545657
412600,0.23569247126579285,1782818741.878722
412700,-1.6049463748931885,1782818748.271779
412800,-1.5188157558441162,1782818754.6689513
412900,-5.706591606140137,1782818761.0847144
413000,-2.71357798576355,1782818767.799955
413100,0.6491716504096985,1782818774.6071677
413200,-3.5604422092437744,1782818781.1367257
413300,-3.424851417541504,1782818787.5519497
413400,-4.292438507080078,1782818793.9757361
413500,-2.1375176906585693,1782818800.372033
413600,-2.4272453784942627,1782818806.8723238
413700,-4.20833683013916,1782818813.2070782
413800,-4.868569374084473,1782818819.4780934
413900,-4.821065902709961,1782818825.9792323
414000,-1.3834023475646973,1782818832.2500288
414100,-2.9513463973999023,1782818838.802959
414200,-4.702363967895508,1782818845.365215
414300,-3.778547763824463,1782818851.771858
414400,-2.159991979598999,1782818858.324495
414500,-5.979267597198486,1782818864.7167482
414600,-2.1988654136657715,1782818871.2790062
414700,-4.290699481964111,1782818877.947407
414800,-4.891964435577393,1782818884.356187
414900,-4.241222381591797,1782818890.8462899
415000,-4.490840911865234,1782818897.2858155
415100,-2.6200757026672363,1782818903.7401757
415200,-1.7855567932128906,1782818910.2871761
415300,-4.61525821685791,1782818916.6931803
415400,-4.162972927093506,1782818923.0950868
415500,-3.5103254318237305,1782818929.6589863
415600,-2.554311752319336,1782818936.0241451
415700,-3.3261499404907227,1782818942.366745
415800,-2.527740240097046,1782818948.7191947
415900,-2.640861988067627,1782818955.0530217
416000,-2.933063507080078,1782818961.2398598
416100,-2.1766209602355957,1782818967.8606431
416200,-1.688843011856079,1782818974.3479831
416300,-4.185512542724609,1782818980.7892177
416400,-1.235426902770996,1782818987.381912
416500,-2.483800172805786,1782818993.7266712
416600,-2.8930537700653076,1782818999.9730272
416700,-2.173311948776245,1782819006.1560724
416800,-2.7813720703125,1782819012.072626
416900,-3.3867828845977783,1782819018.137241
417000,-1.2166284322738647,1782819024.3730233
417100,-0.9523543119430542,1782819030.7406993
417200,-1.3990651369094849,1782819037.1685352
417300,-0.506863534450531,1782819043.2265038
417400,-0.9962604641914368,1782819049.3518963
417500,-2.6469905376434326,1782819055.2206087
417600,-3.862624406814575,1782819061.3070993
417700,-3.2454113960266113,1782819067.3857794
417800,-0.5568828582763672,1782819073.708739
417900,-0.3421294689178467,1782819079.9688056
418000,0.10358411073684692,1782819086.454439
418100,-3.7442522048950195,1782819092.565351
418200,-3.2438745498657227,1782819098.674517
418300,-3.0972366333007812,1782819104.4634166
418400,-2.190514087677002,1782819110.382148
418500,-3.832883358001709,1782819116.6551971
418600,0.24297237396240234,1782819122.5749056
418700,-2.7216410636901855,1782819128.5702612
418800,-2.0982298851013184,1782819134.8357785
418900,-3.2885355949401855,1782819140.9396353
419000,-3.65347957611084,1782819146.931994
419100,-2.690403699874878,1782819153.0133388
419200,-3.63415265083313,1782819159.18855
419300,-3.6889519691467285,1782819165.0495367
419400,0.15628373622894287,1782819170.9318972
419500,-1.9106004238128662,1782819176.9147904
419600,-1.2081522941589355,1782819183.0341365
419700,-2.0050711631774902,1782819189.2707074
419800,0.03466159105300903,1782819195.350034
419900,-1.3953678607940674,1782819201.193362
420000,-0.8231058120727539,1782819207.0636587
420100,-1.1400470733642578,1782819212.935061
420200,-0.6582447290420532,1782819218.7890525
420300,-3.9561705589294434,1782819225.074219
420400,-2.17266845703125,1782819231.0929816
420500,-5.425689220428467,1782819237.4643712
420600,-3.9622161388397217,1782819243.6280346
420700,-3.6857943534851074,1782819249.7119362
420800,-1.8302505016326904,1782819255.6893106
420900,-2.9266304969787598,1782819261.7969162
421000,-1.078813076019287,1782819267.8918767
421100,-0.6448076963424683,1782819274.0984042
421200,-1.272801399230957,1782819280.1401668
421300,-1.473226547241211,1782819286.041642
421400,0.9043954014778137,1782819291.9850957
421500,-1.7994716167449951,1782819298.1323593
421600,-0.8965380191802979,1782819304.1238406
421700,0.20280122756958008,1782819310.2512865
421800,-3.062300443649292,1782819316.695631
421900,-2.9440741539001465,1782819322.7676368
422000,-1.3970537185668945,1782819328.9333942
422100,-1.6141551733016968,1782819335.004642
422200,-3.5507731437683105,1782819340.9193292
422300,-2.2573370933532715,1782819347.0519493
422400,0.18253318965435028,1782819353.312029
422500,-0.16266769170761108,1782819359.3311574
422600,-1.137919545173645,1782819365.2601206
422700,-2.5034303665161133,1782819371.3248386
422800,-4.2375640869140625,1782819377.445157
422900,-2.9216365814208984,1782819383.4227338
423000,-0.4892028272151947,1782819389.5658493
423100,-4.106569290161133,1782819395.5698297
423200,-2.641197443008423,1782819401.6074395
423300,-3.0333423614501953,1782819407.4515955
423400,0.4445338249206543,1782819413.504274
423500,-1.7234976291656494,1782819419.5191388
423600,-0.661479115486145,1782819425.3169522
423700,-1.5344609022140503,1782819431.0686986
423800,-2.2702813148498535,1782819437.1945846
423900,-4.057422161102295,1782819443.115469
424000,-2.7696564197540283,1782819449.2299187
424100,-2.729478597640991,1782819455.2995787
424200,-3.168484926223755,1782819461.4155781
424300,-2.2233312129974365,1782819467.6123912
424400,-4.8448805809021,1782819473.8317344
424500,-5.005254745483398,1782819479.763467
424600,-2.8801329135894775,1782819485.708022
424700,-2.7042083740234375,1782819491.847132
424800,-3.258962631225586,1782819497.8147013
424900,-1.5004339218139648,1782819503.879157
425000,-1.785449504852295,1782819509.8235326
425100,-0.7933471202850342,1782819696.8032248
425200,-0.7278043031692505,1782819702.806891
425300,-3.5900957584381104,1782819708.580575
425400,-0.7837766408920288,1782819714.3390257
425500,-1.2272192239761353,1782819720.2512088
425600,-1.6810719966888428,1782819726.0510483
425700,-3.4814915657043457,1782819732.1869845
425800,0.5532350540161133,1782819738.1550438
425900,-1.9853029251098633,1782819744.0867198
426000,-2.7377991676330566,1782819750.099777
426100,-3.7628021240234375,1782819756.0020273
426200,-0.15720927715301514,1782819762.1732702
426300,-3.083313465118408,1782819768.034655
426400,-0.7997164130210876,1782819774.1448371
426500,-3.1146719455718994,1782819780.1524174
426600,-2.6351871490478516,1782819786.0617383
426700,-2.1596689224243164,1782819792.1957562
426800,-0.3125702142715454,1782819798.1207561
426900,-2.2062058448791504,1782819804.1890943
427000,-1.512598991394043,1782819810.2939322
427100,-0.23171523213386536,1782819816.1731427
427200,-0.4880596399307251,1782819822.0347612
427300,-1.2039223909378052,1782819828.2046607
427400,-3.516716480255127,1782819834.3030052
427500,-4.196423530578613,1782819840.5055337
427600,-0.15173882246017456,1782819846.5502164
427700,-1.9292675256729126,1782819852.4778502
427800,-2.902726173400879,1782819858.4321177
427900,-1.999387264251709,1782819864.4887526
428000,-1.921935796737671,1782819870.2829735
428100,-0.2670172452926636,1782819876.1211
428200,1.3703804016113281,1782819882.216082
428300,0.7363258004188538,1782819888.001351
428400,1.836215615272522,1782819893.9081154
428500,-1.3393492698669434,1782819899.9293666
428600,-2.4633562564849854,1782819905.7491066
428700,-1.344689965248108,1782819911.5165727
428800,-0.6390343904495239,1782819917.5752478
428900,1.3276848793029785,1782819923.6852236
429000,-1.0499472618103027,1782819929.6031344
429100,-0.3996051549911499,1782819935.621716
429200,-3.3199081420898438,1782819941.7653382
429300,-3.1165499687194824,1782819947.6028318
429400,-1.6849966049194336,1782819953.3634593
429500,-1.7163937091827393,1782819959.3869345
429600,-1.6178388595581055,1782819965.2205637
429700,-2.2756171226501465,1782819971.1384623
429800,0.23119604587554932,1782819977.3382952
429900,-0.19496476650238037,1782819983.1750827
430000,-2.1985483169555664,1782819989.1563792
430100,-3.1905343532562256,1782819995.330774
430200,-2.2214033603668213,1782820001.4788551
430300,-1.525510311126709,1782820007.5396821
430400,-1.628291368484497,1782820013.4070506
430500,-0.2616499662399292,1782820019.4914627
430600,-2.0955042839050293,1782820025.514368
430700,-3.4788031578063965,1782820031.5870566
430800,-0.9548734426498413,1782820037.4539368
430900,-2.6710734367370605,1782820043.3102617
431000,0.5907653570175171,1782820049.43027
431100,-1.909867286682129,1782820055.6218555
431200,-0.5676082372665405,1782820061.6522853
431300,-3.089853286743164,1782820067.5635667
431400,-3.4357330799102783,1782820073.5161328
431500,-0.37283557653427124,1782820079.5359516
431600,-2.990654945373535,1782820085.9178033
431700,0.45889347791671753,1782820091.9580462
431800,-2.39396595954895,1782820097.9040186
431900,-1.7736303806304932,1782820103.8962603
432000,-1.8629732131958008,1782820110.0474987
432100,0.18092048168182373,1782820116.0292397
432200,-4.162738800048828,1782820122.105052
432300,-2.5562961101531982,1782820128.147177
432400,0.44700270891189575,1782820134.150486
432500,0.46634894609451294,1782820140.273943
432600,-0.3688613176345825,1782820146.4619842
432700,-2.3508729934692383,1782820152.5170007
432800,0.8239464163780212,1782820158.4659207
432900,1.973812222480774,1782820164.4243994
433000,0.711963415145874,1782820170.4060178
433100,-1.604727864265442,1782820176.6643126
433200,-0.7787454128265381,1782820182.5965493
433300,-0.7898467183113098,1782820188.5432172
433400,-2.6620726585388184,1782820194.5488908
433500,-1.9500701427459717,1782820200.78163
433600,-3.1559898853302,1782820206.8712199
433700,-0.05033373832702637,1782820213.1856031
433800,-2.845841407775879,1782820219.2543547
433900,-1.481292963027954,1782820225.0592957
434000,1.133056402206421,1782820231.2695577
434100,-0.258935809135437,1782820237.3204288
434200,-1.8716026544570923,1782820243.3035934
434300,-0.720511794090271,1782820249.4708385
434400,-1.1543235778808594,1782820255.5122654
434500,-2.1856002807617188,1782820261.3725138
434600,-0.1598144769668579,1782820267.2521896
434700,-3.3578991889953613,1782820273.4987586
434800,-3.8406035900115967,1782820279.602234
434900,-0.3027801513671875,1782820285.5812724
435000,-3.780973434448242,1782820291.7004993
435100,-4.595551013946533,1782820297.7881918
435200,-5.086213111877441,1782820303.8802736
435300,-3.0464699268341064,1782820310.1130428
435400,-2.0324127674102783,1782820316.2678804
435500,-4.24282693862915,1782820322.4382613
435600,-4.350980281829834,1782820328.7030795
435700,-2.694918155670166,1782820334.8546395
435800,-4.148314476013184,1782820340.9170697
435900,0.0567668080329895,1782820346.9006307
436000,0.35450851917266846,1782820352.7824464
436100,-2.1921751499176025,1782820358.7151942
436200,-1.4679268598556519,1782820364.8400414
436300,-2.79488468170166,1782820370.8931677
436400,-2.544872760772705,1782820376.957007
436500,-1.687692642211914,1782820382.9574952
436600,-2.640554189682007,1782820389.1885548
436700,-1.5100041627883911,1782820395.0816176
436800,-2.1585187911987305,1782820401.0591996
436900,-1.1675292253494263,1782820407.239258
437000,-4.2358598709106445,1782820413.4320354
437100,-0.09251455962657928,1782820419.5641205
437200,0.10751084983348846,1782820425.6069415
437300,-0.5941915512084961,1782820431.5679958
437400,-0.8067216277122498,1782820437.8391597
437500,-2.083230495452881,1782820443.9847224
437600,-0.7101390957832336,1782820450.1557996
437700,-1.8395317792892456,1782820456.0733454
437800,-3.799913167953491,1782820461.9564288
437900,-3.943544864654541,1782820468.0094907
438000,-0.8337006568908691,1782820474.0005524
438100,-3.384645462036133,1782820479.9401104
438200,-4.365102767944336,1782820485.9029882
438300,-3.775545120239258,1782820491.6571915
438400,-3.2381672859191895,1782820497.449134
438500,-3.569991111755371,1782820503.3714602
438600,-1.8930498361587524,1782820509.3732142
438700,-4.5936150550842285,1782820515.4837556
438800,-1.9050630331039429,1782820521.3076408
438900,-2.5446465015411377,1782820527.225399
439000,-3.3753695487976074,1782820533.2047248
439100,0.6088496446609497,1782820539.2008555
439200,-3.22458815574646,1782820545.324763
439300,-3.9078824520111084,1782820551.1495364
439400,-2.1281418800354004,1782820557.198887
439500,-3.8159446716308594,1782820563.001651
439600,-5.810361862182617,1782820568.7924526
439700,-3.2408294677734375,1782820574.9893117
439800,-5.049286842346191,1782820581.0127885
439900,-3.2388429641723633,1782820586.9546795
440000,-3.037898063659668,1782820592.8836432
440100,-3.530611991882324,1782820598.75464
440200,-2.106583595275879,1782820604.606405
440300,-1.0875660181045532,1782820610.622361
440400,-1.5039281845092773,1782820616.5930169
440500,-0.17778682708740234,1782820622.6702602
440600,-3.023118019104004,1782820628.5122201
440700,-3.285515785217285,1782820634.2673433
440800,-0.7508431673049927,1782820640.1705804
440900,-1.8363502025604248,1782820646.0983045
441000,-3.888909339904785,1782820652.2085588
441100,-5.453429698944092,1782820658.176959
441200,-2.551276206970215,1782820664.0367744
441300,-6.834686279296875,1782820669.8773472
441400,-4.616596221923828,1782820675.6063275
441500,-0.5870250463485718,1782820681.4496565
441600,-3.052245855331421,1782820687.5109417
441700,-2.04048228263855,1782820693.5484624
441800,-0.04128241539001465,1782820699.5038393
441900,0.15161681175231934,1782820705.5530949
442000,-1.010284423828125,1782820711.5677783
442100,-2.2467925548553467,1782820717.4825513
442200,-3.821702480316162,1782820723.44107
442300,-5.024187088012695,1782820729.3866427
442400,-2.1846094131469727,1782820735.1498969
442500,-2.0223031044006348,1782820740.870406
442600,-2.944202423095703,1782820746.7263916
442700,-2.720498561859131,1782820752.491861
442800,-4.461854934692383,1782820758.2845607
442900,-2.4659035205841064,1782820764.2491777
443000,0.7492810487747192,1782820770.1797848
443100,-3.4938762187957764,1782820776.327237
443200,-0.4050239324569702,1782820782.2193556
443300,-2.490806818008423,1782820788.243474
443400,-2.362304210662842,1782820794.169214
443500,-3.741495132446289,1782820800.0570538
443600,-1.915795922279358,1782820806.00877
443700,-2.0664870738983154,1782820812.1086185
443800,-2.9727425575256348,1782820817.7740052
443900,-1.4208872318267822,1782820823.79387
444000,-1.1698055267333984,1782820829.70221
444100,-2.069523572921753,1782820835.448194
444200,-0.5456674098968506,1782820841.2974765
444300,-3.1429386138916016,1782820847.366064
444400,-0.9156419038772583,1782820853.2861552
444500,-1.667487621307373,1782820859.1457257
444600,0.22936785221099854,1782820865.1544354
444700,-3.539293050765991,1782820871.2972953
444800,-3.175811767578125,1782820877.1646821
444900,-1.7024673223495483,1782820883.0170336
445000,-1.948026180267334,1782820889.2008057
445100,-3.4464523792266846,1782820895.298946
445200,-4.430173873901367,1782820901.2250059
445300,-2.4962821006774902,1782820907.2426634
445400,-2.009350061416626,1782820913.3861609
445500,-1.671779990196228,1782820919.3335783
445600,-1.3529052734375,1782820925.422327
445700,-2.3200206756591797,1782820931.2086885
445800,-4.710013389587402,1782820937.275289
445900,-1.9775176048278809,1782820943.2439225
446000,-2.4580705165863037,1782820949.386652
446100,-2.114283323287964,1782820955.3343935
446200,-1.0742523670196533,1782820961.509056
446300,-1.339897871017456,1782820967.441256
446400,-1.0172556638717651,1782820973.5372446
446500,-2.9857287406921387,1782820979.6230674
446600,-3.360917568206787,1782820985.634259
446700,0.725608766078949,1782820991.8903801
446800,-1.061710000038147,1782820997.8035858
446900,-3.162071704864502,1782821003.854014
447000,-3.7791576385498047,1782821009.7061508
447100,-3.378126621246338,1782821015.7737753
447200,0.5878462195396423,1782821021.744282
447300,-4.351119041442871,1782821027.8062446
447400,-3.3467729091644287,1782821034.029277
447500,-1.9941083192825317,1782821040.0077856
447600,-1.7351819276809692,1782821045.9671228
447700,-0.6341162323951721,1782821051.9830894
447800,-4.297863006591797,1782821057.9938731
447900,-0.9325218796730042,1782821064.0484025
448000,-3.0555224418640137,1782821069.8984873
448100,-1.9401159286499023,1782821076.1177032
448200,-1.3271617889404297,1782821082.2378325
448300,-3.4240193367004395,1782821088.3110716
448400,-4.549441337585449,1782821094.547026
448500,-4.761575698852539,1782821100.7796087
448600,-1.0140981674194336,1782821106.8563964
448700,-3.2841413021087646,1782821113.0747747
448800,-4.059972763061523,1782821119.0020814
448900,-5.046441078186035,1782821125.1691232
449000,-2.070979595184326,1782821131.2976737
449100,-1.502774715423584,1782821137.0924406
449200,-3.992889404296875,1782821142.8783557
449300,-0.050112009048461914,1782821148.6221485
449400,-0.46434056758880615,1782821154.426366
449500,-3.533975839614868,1782821160.398853
449600,-2.942037582397461,1782821166.3365817
449700,-2.3202128410339355,1782821172.2376695
449800,-2.1158618927001953,1782821178.270791
449900,-2.716271162033081,1782821184.2685657
450000,-2.8043887615203857,1782821190.3084755
450100,-4.186563491821289,1782821323.6295626
450200,-2.7370715141296387,1782821329.6969712
450300,-4.4664530754089355,1782821335.6840289
450400,-2.335981607437134,1782821341.722479
450500,-0.41463416814804077,1782821347.7467844
450600,-2.092740535736084,1782821353.5637732
450700,-3.9194819927215576,1782821359.4684079
450800,-4.018770217895508,1782821365.217239
450900,-3.216015577316284,1782821371.1569076
451000,-4.751190185546875,1782821377.414416
451100,-0.8775815963745117,1782821383.5329092
451200,-3.247098445892334,1782821389.6141946
451300,-3.389585494995117,1782821395.6198227
451400,-2.511868476867676,1782821401.5690227
451500,-3.8203868865966797,1782821407.4524007
451600,-2.0073840618133545,1782821413.69299
451700,-2.6183247566223145,1782821419.4663033
451800,-3.189023971557617,1782821425.3713012
451900,-2.6017158031463623,1782821431.484925
452000,-3.1589791774749756,1782821437.286178
452100,-0.7657806873321533,1782821443.0417163
452200,-5.5426249504089355,1782821448.931447
452300,-3.4477972984313965,1782821454.6733527
452400,-2.7234761714935303,1782821460.3509183
452500,-2.386669635772705,1782821466.299547
452600,-2.936203956604004,1782821471.992625
452700,-3.4522287845611572,1782821477.8345234
452800,-6.9711480140686035,1782821483.9255347
452900,-3.298593759536743,1782821489.8527048
453000,-2.864466428756714,1782821495.7574184
453100,-3.288604736328125,1782821501.7331839
453200,-4.435329437255859,1782821507.8652174
453300,-3.445882797241211,1782821513.9554312
453400,-2.2699973583221436,1782821519.9430885
453500,-5.02702522277832,1782821525.7219512
453600,-5.475417137145996,1782821531.949661
453700,-3.7461020946502686,1782821537.8952103
453800,-5.022830009460449,1782821543.9175334
453900,-2.2244293689727783,1782821549.64515
454000,-5.2846856117248535,1782821555.7779999
454100,-6.885007858276367,1782821561.85039
454200,-3.732374668121338,1782821568.025228
454300,-5.391047477722168,1782821574.0696788
454400,-6.213696002960205,1782821580.249179
454500,-4.17388916015625,1782821586.236769
454600,-4.596748352050781,1782821592.241442
454700,-2.8966152667999268,1782821598.3729694
454800,-5.241238594055176,1782821604.404867
454900,-7.201751232147217,1782821610.3981495
455000,-5.107514381408691,1782821616.4974897
455100,-5.556275844573975,1782821622.4673305
455200,-5.597077369689941,1782821628.6980197
455300,-4.4240617752075195,1782821634.8407004
455400,-5.822903156280518,1782821640.9905362
455500,0.35533803701400757,1782821647.2104716
455600,-3.5765342712402344,1782821653.2386475
455700,-1.900443434715271,1782821659.3576872
455800,-5.766970157623291,1782821665.3049893
455900,-4.628247261047363,1782821671.3598897
456000,-1.8137433528900146,1782821677.339502
456100,-3.4897260665893555,1782821683.4475932
456200,-1.5483330488204956,1782821689.3489573
456300,-4.394253730773926,1782821695.2712994
456400,-2.8740463256835938,1782821700.9671981
456500,-2.7925667762756348,1782821706.97027
456600,-2.0664374828338623,1782821712.8549562
456700,-2.2787654399871826,1782821718.8025997
456800,-1.0647690296173096,1782821724.8248909
456900,-3.7436470985412598,1782821730.9439545
457000,-5.751632213592529,1782821736.8747745
457100,-5.315005302429199,1782821742.941954
457200,-3.0530362129211426,1782821748.9550426
457300,-3.7192115783691406,1782821755.0862603
457400,-3.7638466358184814,1782821760.8155794
457500,-4.085036277770996,1782821766.712854
457600,-4.83980131149292,1782821772.6022496
457700,-3.324399709701538,1782821778.5748057
457800,-3.7560787200927734,1782821784.2593365
457900,-5.185053825378418,1782821790.0339737
458000,0.6348998546600342,1782821796.0661952
458100,-2.7836790084838867,1782821801.9189086
458200,-3.504354476928711,1782821807.6927216
458300,-4.882977485656738,1782821813.5349646
458400,-6.162515640258789,1782821819.5485463
458500,-3.006108283996582,1782821825.6210434
458600,-6.4209747314453125,1782821831.7473698
458700,-5.989712715148926,1782821837.6493993
458800,-3.302882671356201,1782821843.6039958
458900,-5.938442230224609,1782821849.4980783
459000,-2.8433775901794434,1782821855.7341673
459100,-2.180591344833374,1782821861.9422228
459200,-3.574796676635742,1782821867.875384
459300,-3.557239532470703,1782821874.0068488
459400,-3.797661781311035,1782821880.0124314
459500,-6.743066787719727,1782821885.7493656
459600,-4.534350395202637,1782821891.441238
459700,-3.0497608184814453,1782821897.5627325
459800,-3.6277549266815186,1782821903.3015587
459900,-4.945772647857666,1782821909.1037896
460000,-5.809082984924316,1782821915.0962079
460100,-5.053769111633301,1782821920.7405376
460200,-4.625923156738281,1782821926.7038167
460300,-4.952662467956543,1782821932.537777
460400,-4.689212322235107,1782821938.4139197
460500,-4.400384426116943,1782821944.3908892
460600,-3.0152955055236816,1782821950.4521952
460700,-3.295240879058838,1782821956.2180488
460800,-3.662841320037842,1782821962.30212
460900,-5.092654228210449,1782821968.2076876
461000,-5.934062480926514,1782821974.2685988
461100,-5.687236785888672,1782821980.449717
461200,-6.2428297996521,1782821986.3004897
461300,-2.6430718898773193,1782821992.272642
461400,-3.3557982444763184,1782821998.2564049
461500,-4.052620887756348,1782822004.2532809
461600,-3.195923089981079,1782822010.0871084
461700,-2.8618955612182617,1782822016.1019032
461800,-3.291038990020752,1782822021.9787467
461900,-2.6284029483795166,1782822027.9935899
462000,-3.7386505603790283,1782822033.9719412
462100,-3.917733669281006,1782822040.0497878
462200,-4.832984924316406,1782822045.8069007
462300,-3.6715989112854004,1782822051.6011412
462400,-4.112701892852783,1782822057.7059948
462500,-4.847993850708008,1782822063.8476193
462600,-4.24482536315918,1782822069.9796803
462700,-5.5292816162109375,1782822075.9551065
462800,-4.559785842895508,1782822082.080752
462900,-4.92972469329834,1782822087.956539
463000,-5.458062648773193,1782822094.0203996
463100,-4.0712714195251465,1782822099.9340413
463200,-4.185660362243652,1782822105.9710205
463300,-5.128828525543213,1782822112.1018436
463400,-5.384655475616455,1782822117.9710991
463500,-1.560581922531128,1782822123.7474656
463600,-2.5210580825805664,1782822129.6061914
463700,-5.823794841766357,1782822135.4930272
463800,-3.789958953857422,1782822141.3291364
463900,-2.145930528640747,1782822147.2695851
464000,-3.282493829727173,1782822153.291757
464100,-5.158177375793457,1782822159.2676556
464200,-1.7785344123840332,1782822165.2651954
464300,-5.8532328605651855,1782822171.0984995
464400,-2.229154109954834,1782822177.095098
464500,-2.2214856147766113,1782822183.2472668
464600,-2.312112331390381,1782822189.3263764
464700,-1.1402157545089722,1782822195.3347206
464800,-1.7090246677398682,1782822201.5022593
464900,-2.2317092418670654,1782822207.4184287
465000,-3.52994441986084,1782822213.6424913
465100,-3.397212505340576,1782822219.5471528
465200,-3.3888111114501953,1782822225.3296008
465300,-4.0141921043396,1782822231.0638788
465400,-3.5395970344543457,1782822237.149914
465500,-5.607868194580078,1782822243.2282507
465600,-5.9856343269348145,1782822249.204166
465700,-3.2868165969848633,1782822255.1787324
465800,-4.123414039611816,1782822261.1550217
465900,-2.7496590614318848,1782822267.1646197
466000,-6.531270503997803,1782822273.2652082
466100,-6.729894161224365,1782822279.4461524
466200,-2.255486011505127,1782822285.4849987
466300,-3.4552993774414062,1782822291.447479
466400,-3.411222219467163,1782822297.2673798
466500,-5.20233154296875,1782822303.0419688
466600,-3.692704439163208,1782822308.8042507
466700,-4.7858147621154785,1782822314.680796
466800,-3.1955432891845703,1782822320.7255154
466900,-2.6852774620056152,1782822326.687331
467000,-2.3778347969055176,1782822332.8272648
467100,-1.4488258361816406,1782822338.7167225
467200,-3.2194385528564453,1782822344.699752
467300,-2.9718120098114014,1782822350.5414178
467400,-2.8528823852539062,1782822356.4525158
467500,-3.076633930206299,1782822362.3164244
467600,-4.019598960876465,1782822368.271228
467700,-3.759303092956543,1782822374.3217409
467800,-3.887631416320801,1782822380.2168968
467900,-1.6247438192367554,1782822386.0833302
468000,-1.9121623039245605,1782822392.1877167
468100,-1.6298980712890625,1782822398.197514
468200,-0.31175434589385986,1782822404.2582564
468300,-1.1008745431900024,1782822410.321528
468400,-2.9402551651000977,1782822416.2209053
468500,-2.5930609703063965,1782822421.9377222
468600,-2.0614426136016846,1782822428.0677068
468700,-2.3656554222106934,1782822434.0202823
468800,-0.6109559535980225,1782822439.8777544
468900,-2.554248332977295,1782822445.7627628
469000,-2.5203857421875,1782822451.6425645
469100,-1.6561862230300903,1782822457.6060178
469200,-2.8810582160949707,1782822463.725605
469300,-4.47850227355957,1782822469.786454
469400,-1.2405956983566284,1782822475.622343
469500,-1.792036533355713,1782822481.6065738
469600,-0.6260277032852173,1782822487.5770407
469700,-3.810901641845703,1782822493.8064024
469800,-2.69728422164917,1782822499.8642168
469900,-1.3797308206558228,1782822506.0015948
470000,-3.2633652687072754,1782822511.9262228
470100,-3.256800413131714,1782822518.2315114
470200,-2.0964295864105225,1782822524.2210882
470300,-0.14792650938034058,1782822530.2596211
470400,-2.955634593963623,1782822536.360266
470500,-0.8778097033500671,1782822542.339593
470600,-1.208033561706543,1782822548.4144516
470700,-1.1064963340759277,1782822554.5793216
470800,-4.50872278213501,1782822560.6603422
470900,-1.8410251140594482,1782822566.6540265
471000,-3.4841935634613037,1782822572.830803
471100,-1.9709224700927734,1782822578.8647745
471200,-1.8549689054489136,1782822584.8266745
471300,-3.315230369567871,1782822591.1264684
471400,-1.9279861450195312,1782822597.3798144
471500,-1.7300052642822266,1782822603.3166103
471600,-0.6913807392120361,1782822609.1731796
471700,-1.4448235034942627,1782822615.6192405
471800,-1.965861439704895,1782822621.4899995
471900,-3.6513266563415527,1782822627.2680972
472000,-0.6743513345718384,1782822633.701579
472100,-1.6420061588287354,1782822639.7881875
472200,-2.357300043106079,1782822645.7541919
472300,-2.4106805324554443,1782822652.020779
472400,-2.3539533615112305,1782822658.240036
472500,-3.9692397117614746,1782822664.1035872
472600,-1.374336838722229,1782822670.0845804
472700,-3.339047431945801,1782822676.1244073
472800,-2.802899122238159,1782822682.0307806
472900,-4.670255661010742,1782822687.9714153
473000,-3.5300655364990234,1782822694.0577931
473100,-1.8917429447174072,1782822700.038801
473200,-1.4633660316467285,1782822706.135973
473300,-1.618898868560791,1782822712.3534584
473400,-4.408451080322266,1782822718.427992
473500,-3.365177631378174,1782822724.4388125
473600,-2.0005545616149902,1782822730.4881306
473700,-1.8242266178131104,1782822736.3661356
473800,-0.6333130598068237,1782822742.4371798
473900,-2.1879494190216064,1782822748.688026
474000,-6.544997215270996,1782822754.8935657
474100,-3.4786477088928223,1782822760.935506
474200,-3.354743242263794,1782822766.9729683
474300,-3.4045145511627197,1782822773.1316142
474400,-3.27775239944458,1782822779.04147
474500,-1.6978354454040527,1782822784.9875698
474600,-3.835988759994507,1782822790.8815536
474700,-5.756258487701416,1782822796.8263927
474800,-2.6873345375061035,1782822802.9735055
474900,-1.9361493587493896,1782822808.9249792
475000,-2.33052659034729,1782822814.9976141
475100,-3.15104341506958,1782822957.8406918
475200,-1.9175541400909424,1782822963.6145957
475300,-0.4346856474876404,1782822969.3986685
475400,-4.826471328735352,1782822975.3471906
475500,-3.047276735305786,1782822981.1123087
475600,-2.1542258262634277,1782822987.3556106
475700,-3.2238783836364746,1782822993.5327554
475800,-2.473724126815796,1782822999.4949942
475900,-3.1381728649139404,1782823005.5368435
476000,-4.1014909744262695,1782823011.6828525
476100,-6.082012176513672,1782823017.7811036
476200,-0.0912923812866211,1782823023.7405498
476300,-2.358518600463867,1782823029.9150991
476400,-5.817549228668213,1782823036.0730424
476500,0.11195623874664307,1782823042.0972323
476600,-1.7667536735534668,1782823048.0634975
476700,-1.3824137449264526,1782823054.2061894
476800,-2.8228108882904053,1782823060.2848046
476900,-2.24562668800354,1782823066.2025464
477000,-2.949306011199951,1782823072.1611292
477100,-3.08290958404541,1782823078.0423322
477200,-1.0509041547775269,1782823083.9064784
477300,-2.7916276454925537,1782823089.983752
477400,-1.6770654916763306,1782823095.8055215
477500,-1.6379985809326172,1782823102.1285253
477600,-1.1515686511993408,1782823108.0423343
477700,1.1899572610855103,1782823114.1107543
477800,-3.2083868980407715,1782823119.9380074
477900,-1.1589142084121704,1782823125.8621895
478000,-2.5594422817230225,1782823131.968015
478100,-2.876040458679199,1782823137.873788
478200,-3.7399539947509766,1782823143.6747324
478300,-2.20133113861084,1782823149.9161592
478400,-1.3889433145523071,1782823156.1292958
478500,-2.923116683959961,1782823162.1826978
478600,-3.5485711097717285,1782823168.1704595
478700,-4.3234758377075195,1782823174.275604
478800,-3.6768932342529297,1782823180.3699522
478900,-2.7294929027557373,1782823186.6184258
479000,-5.017502307891846,1782823192.61502
479100,-4.232656478881836,1782823198.553426
479200,-3.4768500328063965,1782823204.6191473
479300,-4.6973772048950195,1782823210.3983622
479400,-2.6913347244262695,1782823216.4617424
479500,-4.846209526062012,1782823222.3848374
479600,-4.978523254394531,1782823228.5093203
479700,-1.199133276939392,1782823234.366987
479800,-1.0082345008850098,1782823240.2602072
479900,-3.7694215774536133,1782823246.4396935
480000,-0.4405926764011383,1782823252.5556595
480100,-3.697648525238037,1782823258.5606437
480200,-5.416385650634766,1782823264.8010888
480300,-3.4514448642730713,1782823270.9029696
480400,-2.6729698181152344,1782823276.8423572
480500,-3.547020673751831,1782823282.7053492
480600,-4.407989501953125,1782823288.5051923
480700,-3.2712225914001465,1782823294.4135199
480800,-3.5696334838867188,1782823300.40623
480900,-2.833427906036377,1782823306.589009
481000,-3.474907875061035,1782823312.7618883
481100,-2.6963353157043457,1782823318.880963
481200,-2.144648790359497,1782823324.8000839
481300,-5.163877964019775,1782823330.8214884
481400,-2.848189353942871,1782823336.7930386
481500,-2.935969352722168,1782823343.0666218
481600,-1.8753074407577515,1782823348.953908
481700,-2.8819522857666016,1782823355.2339344
481800,-2.0788326263427734,1782823361.26864
481900,-1.4998054504394531,1782823367.4633873
482000,0.11304676532745361,1782823373.6171746
482100,1.3520543575286865,1782823379.5488937
482200,-2.3792946338653564,1782823385.7195468
482300,-2.018338203430176,1782823391.5157495
482400,-2.505073308944702,1782823397.3795273
482500,-1.5928940773010254,1782823403.4699473
482600,-3.544464111328125,1782823409.345681
482700,-2.1423187255859375,1782823415.2276657
482800,-1.8399567604064941,1782823421.143531
482900,-5.0539870262146,1782823427.2177522
483000,-3.8212337493896484,1782823433.217058
483100,-3.444816827774048,1782823439.232012
483200,-5.808175563812256,1782823445.370485
483300,-3.686992645263672,1782823451.6821265
483400,-6.019486427307129,1782823457.5736723
483500,-3.2101430892944336,1782823463.8054032
483600,-2.388427495956421,1782823469.850885
483700,-0.7701867818832397,1782823475.8643491
483800,-2.2922170162200928,1782823481.8747053
483900,-4.1133575439453125,1782823488.125373
484000,-3.9793906211853027,1782823494.1444223
484100,-2.5305638313293457,1782823500.1831472
484200,-2.634880781173706,1782823506.47467
484300,-3.326568603515625,1782823512.6112347
484400,-2.0478737354278564,1782823518.5192537
484500,-1.7571296691894531,1782823524.6689117
484600,-5.786290168762207,1782823530.8817518
484700,-5.647143363952637,1782823536.899293
484800,-2.6317379474639893,1782823543.0411377
484900,-2.5087201595306396,1782823549.0089164
485000,-1.132035493850708,1782823555.0157785
485100,-3.2868125438690186,1782823561.062363
485200,-3.9044690132141113,1782823567.152956
485300,-4.544368267059326,1782823573.2356308
485400,-2.0105443000793457,1782823579.2257977
485500,-4.645607948303223,1782823585.1789074
485600,-3.4808409214019775,1782823591.1091068
485700,-3.8645238876342773,1782823597.1841972
485800,-2.468782663345337,1782823603.3041172
485900,-2.494643211364746,1782823609.114205
486000,-3.4718849658966064,1782823615.0797498
486100,-3.369394302368164,1782823621.2840745
486200,-4.483095169067383,1782823627.462258
486300,0.6153070330619812,1782823633.5987577
486400,-3.3189053535461426,1782823639.5385613
486500,-1.8403832912445068,1782823645.426003
486600,-3.717529296875,1782823651.2338424
486700,-1.5716735124588013,1782823657.3707054
486800,-4.588472366333008,1782823663.3271236
486900,-2.8456220626831055,1782823669.1926484
487000,-2.89526629447937,1782823675.5174713
487100,-2.953559398651123,1782823681.6211822
487200,-2.186262369155884,1782823687.5756128
487300,-3.014373302459717,1782823693.6789532
487400,-3.4699509143829346,1782823699.5334513
487500,-2.35619854927063,1782823705.4269369
487600,-3.1176695823669434,1782823711.2889738
487700,0.20975470542907715,1782823717.1235518
487800,-3.45371675491333,1782823723.1879861
487900,-1.7678191661834717,1782823729.2338748
488000,-2.386486530303955,1782823735.275632
488100,-4.571781158447266,1782823741.341318
488200,0.12522757053375244,1782823747.238515
488300,-2.4052064418792725,1782823753.2823117
488400,-4.519048690795898,1782823759.2858624
488500,-2.0838537216186523,1782823765.3077583
488600,-3.58046293258667,1782823771.3712115
488700,-3.1024696826934814,1782823777.552826
488800,-2.7285850048065186,1782823783.798387
488900,-3.7864162921905518,1782823789.6973164
489000,-2.2312517166137695,1782823795.9372344
489100,-1.9934442043304443,1782823801.9400218
489200,-2.770585298538208,1782823807.9039726
489300,-3.0251197814941406,1782823814.1894934
489400,-3.2921314239501953,1782823820.118264
489500,-2.030064582824707,1782823826.4218743
489600,-3.941751718521118,1782823832.4424658
489700,-2.6335771083831787,1782823838.3920026
489800,-1.617918848991394,1782823844.3869054
489900,-2.5066914558410645,1782823850.5479634
490000,-1.1906609535217285,1782823856.5061293
490100,-1.0264325141906738,1782823862.614342
490200,-3.111107110977173,1782823868.5339997
490300,-2.2225289344787598,1782823874.5348961
490400,-3.8296523094177246,1782823880.52091
490500,-3.0029263496398926,1782823886.4755182
490600,-4.369884490966797,1782823892.503978
490700,-3.010606288909912,1782823898.6487722
490800,-2.862520694732666,1782823904.8405304
490900,-2.0065643787384033,1782823910.8664773
491000,-6.345520973205566,1782823917.1283877
491100,-4.038583278656006,1782823922.953806
491200,-3.8643479347229004,1782823928.9318802
491300,-1.810900330543518,1782823934.7449303
491400,-5.028008937835693,1782823940.5823667
491500,-3.0053584575653076,1782823946.7413576
491600,-2.7422118186950684,1782823952.7648597
491700,-1.995530366897583,1782823958.6884744
491800,-4.842010498046875,1782823964.6955507
491900,-1.0639123916625977,1782823970.6677415
492000,-5.342679977416992,1782823976.6339393
492100,-2.2436254024505615,1782823982.8178806
492200,-2.9287004470825195,1782823989.0563161
492300,-3.7004408836364746,1782823995.0107439
492400,-2.427807569503784,1782824001.1152258
492500,-6.34378719329834,1782824007.0826404
492600,-3.3369600772857666,1782824013.0729907
492700,-5.0132155418396,1782824019.09735
492800,-4.492226600646973,1782824024.989992
492900,-3.950666666030884,1782824031.222338
493000,-3.6664910316467285,1782824037.2733035
493100,-6.316586494445801,1782824043.3381689
493200,-4.212139129638672,1782824049.2395387
493300,-4.57405948638916,1782824055.125736
493400,-3.561082124710083,1782824060.973996
493500,-2.963655948638916,1782824066.8823037
493600,-4.542742729187012,1782824072.9043767
493700,-2.126664400100708,1782824079.0213938
493800,-4.364740371704102,1782824085.0254233
493900,-4.015786647796631,1782824091.0721316
494000,-2.631159543991089,1782824097.0025647
494100,-0.8124619722366333,1782824103.17562
494200,-3.383957862854004,1782824109.0886784
494300,-3.965735912322998,1782824115.24429
494400,-4.703132152557373,1782824121.497829
494500,-4.836123466491699,1782824127.5829184
494600,-6.486520767211914,1782824133.697453
494700,-3.876767873764038,1782824140.0182583
494800,-2.182314395904541,1782824146.1495967
494900,-5.450372695922852,1782824152.4100835
495000,-6.710685729980469,1782824158.470066
495100,-2.637545108795166,1782824164.563842
495200,-2.6119771003723145,1782824170.791337
495300,-0.8657631874084473,1782824176.9047062
495400,-2.470271348953247,1782824182.8453133
495500,-3.417133092880249,1782824189.0492232
495600,-3.817777395248413,1782824195.0171728
495700,-5.475318431854248,1782824200.892257
495800,-3.0962820053100586,1782824206.7409792
495900,-4.265391826629639,1782824212.9364438
496000,-1.7158401012420654,1782824219.0048804
496100,-5.672663688659668,1782824225.1053202
496200,-4.041301250457764,1782824231.1077845
496300,-5.059474945068359,1782824237.4187367
496400,-2.9423794746398926,1782824243.4412632
496500,-3.720273494720459,1782824249.5604644
496600,-6.227565288543701,1782824255.472957
496700,-5.553732872009277,1782824261.3077939
496800,-4.661006927490234,1782824267.2830017
496900,-0.49055299162864685,1782824273.0890186
497000,-3.9211585521698,1782824279.037517
497100,-5.365363121032715,1782824285.1441166
497200,-4.599871635437012,1782824291.2788692
497300,-7.091211318969727,1782824297.4926467
497400,-4.178913116455078,1782824303.447004
497500,-5.915763854980469,1782824309.5961456
497600,-2.867401123046875,1782824315.535763
497700,-3.8494930267333984,1782824321.6404662
497800,-4.234009742736816,1782824327.8918848
497900,-4.168333053588867,1782824334.1009297
498000,-4.303647994995117,1782824340.020666
498100,-4.280763626098633,1782824346.082612
498200,-2.0024373531341553,1782824352.2036955
498300,-2.470820665359497,1782824358.468841
498400,-4.899669647216797,1782824364.6716413
498500,-4.105218410491943,1782824370.7937126
498600,-1.6064558029174805,1782824376.6730394
498700,-2.8387033939361572,1782824382.8457594
498800,-4.497553825378418,1782824388.7620165
498900,-5.40966796875,1782824394.9017699
499000,-3.0800952911376953,1782824400.929107
499100,-5.1821465492248535,1782824406.9315734
499200,-2.585007429122925,1782824413.1629128
499300,-0.6228530406951904,1782824419.2914085
499400,-2.4873976707458496,1782824425.352474
499500,-4.643120288848877,1782824431.6180437
499600,-5.684804916381836,1782824437.8418078
499700,-4.216672897338867,1782824443.8744984
499800,-2.8302178382873535,1782824450.280709
499900,-3.9229583740234375,1782824456.3265522
500000,-4.944512367248535,1782824462.3657496
500100,-4.449276924133301,1782824626.0010448
500200,-5.100969314575195,1782824632.168133
500300,-6.549376487731934,1782824638.2087257
500400,-7.376360893249512,1782824644.2003212
500500,-8.986998558044434,1782824650.2413177
500600,-9.978150367736816,1782824656.1679127
500700,-10.759261131286621,1782824662.2943466
500800,-10.947879791259766,1782824668.3841534
500900,-11.469682693481445,1782824674.286567
501000,-12.206123352050781,1782824680.2408779
501100,-11.996349334716797,1782824686.390367
501200,-11.129655838012695,1782824692.412191
501300,-12.224015235900879,1782824698.5925813
501400,-13.030289649963379,1782824704.6062684
501500,-9.374149322509766,1782824710.550177
501600,-12.051324844360352,1782824716.5101652
501700,-12.981168746948242,1782824722.4514618
501800,-10.580439567565918,1782824728.6008866
501900,-9.258421897888184,1782824735.0677722
502000,-8.10981273651123,1782824741.0607746
502100,-11.383584022521973,1782824747.2174315
502200,-11.917970657348633,1782824753.3480015
502300,-10.527641296386719,1782824759.5180047
502400,-10.874364852905273,1782824765.554743
502500,-10.100517272949219,1782824771.5249126
502600,-9.35612678527832,1782824777.7368886
502700,-10.059060096740723,1782824784.0729403
502800,-10.612878799438477,1782824790.4332213
502900,-10.695194244384766,1782824796.2987795
503000,-10.200983047485352,1782824802.298267
503100,-7.730441093444824,1782824808.475151
503200,-8.983892440795898,1782824814.3745334
503300,-7.595221996307373,1782824820.5491996
503400,-7.798409938812256,1782824826.6442814
503500,-8.923286437988281,1782824832.7636368
503600,-8.413909912109375,1782824838.9301198
503700,-10.289188385009766,1782824845.114513
503800,-8.860831260681152,1782824851.127651
503900,-9.110898971557617,1782824857.1111386
504000,-7.371557712554932,1782824863.1386788
504100,-8.545246124267578,1782824869.0702088
504200,-7.843808174133301,1782824875.21943
504300,-8.260575294494629,1782824881.3183131
504400,-8.02890682220459,1782824887.1684327
504500,-7.058632850646973,1782824893.25532
504600,-6.80027437210083,1782824899.4522774
504700,-5.702312469482422,1782824905.5964603
504800,-6.35399055480957,1782824911.799952
504900,-6.227349281311035,1782824917.7677684
505000,-6.3564581871032715,1782824923.8404422
505100,-7.625200271606445,1782824929.938195
505200,-7.075989723205566,1782824936.1964343
505300,-8.871699333190918,1782824942.1151168
505400,-7.36524772644043,1782824948.3291595
505500,-7.038204193115234,1782824954.5170379
505600,-7.230953216552734,1782824960.519176
505700,-8.2020845413208,1782824966.5979402
505800,-8.107805252075195,1782824972.7561116
505900,-5.131420135498047,1782824978.764095
506000,-6.5892791748046875,1782824984.7104974
506100,-5.151592254638672,1782824990.5658174
506200,-5.099438667297363,1782824996.7410998
506300,-5.044795036315918,1782825002.6411505
506400,-7.39030122756958,1782825008.667384
506500,-7.749239921569824,1782825014.6957126
506600,-7.132356643676758,1782825020.6704957
506700,-7.727299213409424,1782825026.8138022
506800,-8.096456527709961,1782825032.9145465
506900,-8.040841102600098,1782825038.819227
507000,-6.619612693786621,1782825044.9938357
507100,-7.086210250854492,1782825051.3039181
507200,-5.625826835632324,1782825057.3686798
507300,-2.642357110977173,1782825063.4838665
507400,-5.096179485321045,1782825069.2506168
507500,-6.812023162841797,1782825075.1542037
507600,-3.5857157707214355,1782825081.3782775
507700,-7.594336032867432,1782825087.3843946
507800,-7.238665580749512,1782825093.5163476
507900,-6.256735324859619,1782825099.5004966
508000,-5.252747535705566,1782825105.527906
508100,-6.706412315368652,1782825111.483131
508200,-5.562778472900391,1782825117.838518
508300,-8.819705963134766,1782825124.0805361
508400,-6.931776523590088,1782825130.114776
508500,-5.934649467468262,1782825136.0746903
508600,-8.115159034729004,1782825142.3178189
508700,-6.604162216186523,1782825148.2571852
508800,-6.451356887817383,1782825154.4398236
508900,-5.683616638183594,1782825160.4338698
509000,-7.1051154136657715,1782825166.5930626
509100,-7.051141738891602,1782825172.6354272
509200,-8.100061416625977,1782825178.5965264
509300,-4.714569091796875,1782825184.570686
509400,-6.313999176025391,1782825190.5220325
509500,-5.753995895385742,1782825196.604132
509600,-7.199692249298096,1782825202.669819
509700,-7.036334037780762,1782825208.6897063
509800,-8.651581764221191,1782825214.6174326
509900,-7.501612663269043,1782825220.6643255
510000,-7.584224700927734,1782825226.6481032
510100,-7.517175197601318,1782825232.732808
510200,-9.338762283325195,1782825238.8670015
510300,-6.8594818115234375,1782825245.0021634
510400,-8.031059265136719,1782825251.0715861
510500,-7.641151428222656,1782825257.0490806
510600,-5.197479724884033,1782825263.087059
510700,-6.508494853973389,1782825269.3504138
510800,-7.291506767272949,1782825275.2503893
510900,-7.36314582824707,1782825281.5779786
511000,-4.408381938934326,1782825287.45553
511100,-5.228231430053711,1782825293.4346015
511200,-5.867781162261963,1782825299.4501522
511300,-6.856646537780762,1782825305.438668
511400,-4.637814521789551,1782825311.4409242
511500,-5.158782958984375,1782825317.6186109
511600,-5.596621990203857,1782825323.6171923
511700,-3.292515277862549,1782825329.3607383
511800,-4.9608154296875,1782825335.2305808
511900,-4.975234031677246,1782825341.247536
512000,-6.1127166748046875,1782825347.0469418
512100,-7.3771843910217285,1782825353.0818036
512200,-5.640101432800293,1782825358.8751805
512300,-6.424523830413818,1782825364.901564
512400,-4.898642539978027,1782825370.8668168
512500,-3.2941107749938965,1782825376.7400153
512600,-3.4610366821289062,1782825382.5705087
512700,-5.373873710632324,1782825388.4802577
512800,-5.275216102600098,1782825394.4382694
512900,-2.295267343521118,1782825400.5158796
513000,-3.275219440460205,1782825406.4792085
513100,-8.261276245117188,1782825412.5952613
513200,-5.485301971435547,1782825418.55677
513300,-5.801136016845703,1782825424.816681
513400,-4.774616241455078,1782825430.7481754
513500,-8.327037811279297,1782825436.6077101
513600,-6.953779220581055,1782825442.7501523
513700,-7.4554667472839355,1782825448.8983977
513800,-5.510436058044434,1782825454.9229023
513900,-5.155127048492432,1782825460.9855506
514000,-4.648141860961914,1782825467.0648096
514100,-6.647727012634277,1782825473.053694
514200,-4.88096284866333,1782825479.1663601
514300,-3.4219706058502197,1782825485.175017
514400,-2.952193260192871,1782825491.1169796
514500,-6.929647445678711,1782825497.2499378
514600,-4.918566703796387,1782825503.3214235
514700,-5.708835601806641,1782825509.2873387
514800,-4.319319248199463,1782825515.146063
514900,-7.1916728019714355,1782825521.1397278
515000,-3.7196192741394043,1782825527.2414346
515100,-5.364072799682617,1782825533.3504753
515200,-0.35541629791259766,1782825539.3537164
515300,-4.9224653244018555,1782825545.1826906
515400,-5.950272560119629,1782825551.1898263
515500,-4.32159948348999,1782825557.2626708
515600,-3.8282389640808105,1782825563.36019
515700,-5.185927391052246,1782825569.3601882
515800,-4.481758117675781,1782825575.3189673
515900,-5.1511921882629395,1782825581.404053
516000,-4.29802131652832,1782825587.44332
516100,-2.326422691345215,1782825593.4538095
516200,-4.5937604904174805,1782825599.513222
516300,-6.127631664276123,1782825605.5724683
516400,-4.942070960998535,1782825611.548972
516500,-3.4618477821350098,1782825617.4513237
516600,-2.805124044418335,1782825623.3834262
516700,-3.8544511795043945,1782825629.700776
516800,-4.414767265319824,1782825635.932528
516900,-5.544573783874512,1782825642.1598067
517000,-3.1737592220306396,1782825648.315925
517100,-2.6996612548828125,1782825654.4953113
517200,-5.476980209350586,1782825660.4080906
517300,-5.411764144897461,1782825666.4821424
517400,-4.0998311042785645,1782825672.3892324
517500,-3.413839340209961,1782825678.5030293
517600,-3.448499917984009,1782825684.4474428
517700,-5.053848743438721,1782825690.6469493
517800,-4.366658687591553,1782825696.699872
517900,-5.444235801696777,1782825702.9307592
518000,-3.170043706893921,1782825709.0957143
518100,-3.6712419986724854,1782825715.1528246
518200,-2.6571412086486816,1782825721.1709294
518300,-3.617820978164673,1782825727.0961542
518400,-3.1914443969726562,1782825733.0842886
518500,-2.2995142936706543,1782825739.2149358
518600,-5.302600860595703,1782825745.5640197
518700,-5.080503463745117,1782825751.5078592
518800,-2.0389957427978516,1782825757.58902
518900,-4.486500263214111,1782825763.687188
519000,-3.8972532749176025,1782825769.7695107
519100,-2.191471576690674,1782825775.6322806
519200,-1.8514509201049805,1782825781.8011713
519300,-2.4850659370422363,1782825787.8104663
519400,-4.743053436279297,1782825793.9721813
519500,-2.548706293106079,1782825800.0289483
519600,-3.93687105178833,1782825806.0764704
519700,-4.527199745178223,1782825812.0549405
519800,-3.0077083110809326,1782825818.1628752
519900,-5.0445942878723145,1782825824.3146844
520000,-2.5111889839172363,1782825830.429637
520100,-3.1106019020080566,1782825836.4977002
520200,-3.9695253372192383,1782825842.370738
520300,-3.170926094055176,1782825848.4046946
520400,-6.392854690551758,1782825854.2993135
520500,-2.5557241439819336,1782825860.496102
520600,-3.6709346771240234,1782825866.568356
520700,-4.232494831085205,1782825872.5623553
520800,-2.3483104705810547,1782825878.6333346
520900,-5.105819225311279,1782825884.6015534
521000,-6.1562652587890625,1782825890.8493686
521100,-3.0728282928466797,1782825896.8803134
521200,-4.316496849060059,1782825902.9730625
521300,-4.8998870849609375,1782825909.032201
521400,-5.51194953918457,1782825915.128624
521500,-4.377480983734131,1782825921.5775933
521600,-3.8498804569244385,1782825927.5768523
521700,-1.3834595680236816,1782825933.6618674
521800,-0.423004686832428,1782825939.7865295
521900,-1.14149808883667,1782825945.7998712
522000,-3.8130900859832764,1782825952.0227547
522100,-4.371613025665283,1782825958.0720015
522200,-4.372880935668945,1782825963.889045
522300,-2.5882833003997803,1782825970.0798998
522400,-3.954486846923828,1782825976.1795397
522500,-3.740537166595459,1782825982.3324726
522600,-5.35882568359375,1782825988.289197
522700,-3.4684414863586426,1782825994.2685778
522800,-3.208341598510742,1782826000.3398085
522900,-1.2984124422073364,1782826006.4175298
523000,-1.5967049598693848,1782826012.3618097
523100,-3.801417350769043,1782826018.1615114
523200,-4.159195423126221,1782826024.100919
523300,-2.658728837966919,1782826030.2549286
523400,-3.7433063983917236,1782826036.3094
523500,-2.2834436893463135,1782826042.2936242
523600,-3.633868455886841,1782826048.532287
523700,-4.0359368324279785,1782826054.6356843
523800,-1.0214027166366577,1782826060.5895674
523900,-3.7775802612304688,1782826066.7716138
524000,-4.919038772583008,1782826073.0491028
524100,-4.890299320220947,1782826079.0393503
524200,-1.477309226989746,1782826085.054402
524300,-3.5057387351989746,1782826090.9538534
524400,-3.770606279373169,1782826097.056442
524500,-6.177126407623291,1782826103.1240802
524600,-4.72287654876709,1782826109.070995
524700,-6.488332748413086,1782826115.347168
524800,-8.098979949951172,1782826121.3401308
524900,-3.7626819610595703,1782826127.292486
525000,-7.290762424468994,1782826133.5305097
525100,-6.966952800750732,1782826259.377749
525200,-5.825730800628662,1782826265.1923966
525300,-5.352208137512207,1782826271.1469762
525400,-6.790965557098389,1782826276.8978436
525500,-6.9377336502075195,1782826282.72378
525600,-6.394535064697266,1782826288.6721587
525700,-6.403152942657471,1782826294.5747428
525800,-8.50094985961914,1782826300.5191288
525900,-8.192971229553223,1782826306.5240774
526000,-4.6217498779296875,1782826312.4692779
526100,-7.649305820465088,1782826318.4680362
526200,-7.224015712738037,1782826324.6477225
526300,-8.843291282653809,1782826330.7386606
526400,-7.6421661376953125,1782826336.5816095
526500,-6.934545516967773,1782826342.7203915
526600,-7.265478134155273,1782826348.7415936
526700,-6.439184188842773,1782826354.6860435
526800,-7.0248308181762695,1782826360.696373
526900,-7.499544620513916,1782826366.8838227
527000,-6.090350151062012,1782826372.8312883
527100,-6.200906276702881,1782826378.4810982
527200,-5.980891227722168,1782826384.3149478
527300,-7.883149147033691,1782826389.99037
527400,-5.219618797302246,1782826395.6997616
527500,-3.094280242919922,1782826401.5255086
527600,-6.401323318481445,1782826407.281746
527700,-4.339275360107422,1782826413.0658753
527800,-4.66778564453125,1782826418.8209417
527900,-6.424815654754639,1782826424.6272068
528000,-7.290341377258301,1782826430.298886
528100,-7.477614402770996,1782826436.1325946
528200,-4.535264015197754,1782826441.7408924
528300,-4.078472137451172,1782826447.2835796
528400,-6.632225036621094,1782826453.0258412
528500,-5.772233009338379,1782826459.0791678
528600,-5.333272933959961,1782826465.1161785
528700,-4.464995384216309,1782826470.7539048
528800,-5.679842472076416,1782826476.4629307
528900,-6.653118133544922,1782826482.0782833
529000,-5.236076354980469,1782826488.1963704
529100,-1.423601746559143,1782826493.8703442
529200,-3.2761459350585938,1782826499.9279532
529300,-3.8188514709472656,1782826505.7478645
529400,-5.991504669189453,1782826511.744012
529500,-3.8587968349456787,1782826517.742577
529600,-6.2536749839782715,1782826523.9762664
529700,-3.443189859390259,1782826530.1666577
529800,-5.152932167053223,1782826536.4217072
529900,-4.742860794067383,1782826542.716538
530000,-4.27878475189209,1782826548.985187
530100,-1.9880532026290894,1782826555.0409043
530200,-4.288999557495117,1782826561.0658584
530300,-5.615128040313721,1782826567.106508
530400,-4.1757073402404785,1782826573.1315925
530500,-5.459039688110352,1782826579.2851071
530600,-2.9953207969665527,1782826585.3154767
530700,-6.809709548950195,1782826591.5264986
530800,-6.751142501831055,1782826597.7235644
530900,-3.6362767219543457,1782826603.580224
531000,-3.0587158203125,1782826609.4231825
531100,-4.2584547996521,1782826615.2612169
531200,-6.423657417297363,1782826621.1356523
531300,-5.404178142547607,1782826626.9423602
531400,-6.258556365966797,1782826633.0975943
531500,-3.663029670715332,1782826639.2537775
531600,-6.95747709274292,1782826645.397398
531700,-5.531467437744141,1782826651.5519004
531800,-4.910746097564697,1782826657.6921785
531900,-5.299818992614746,1782826663.8802729
532000,-3.4733450412750244,1782826669.819754
532100,-4.6415205001831055,1782826675.926687
532200,-3.8867204189300537,1782826682.2864268
532300,-5.34649658203125,1782826688.4874804
532400,-3.4428515434265137,1782826694.651026
532500,-4.577145099639893,1782826700.7663677
532600,-4.1326775550842285,1782826706.9015076
532700,-5.773534774780273,1782826712.9464703
532800,-4.5842132568359375,1782826719.0436168
532900,-5.259241104125977,1782826725.266036
533000,-2.63616681098938,1782826731.35981
533100,-2.1454906463623047,1782826737.4350064
533200,-2.254296064376831,1782826743.3781197
533300,-4.001425743103027,1782826749.4319031
533400,-3.2112386226654053,1782826755.518402
533500,-4.0941338539123535,1782826761.7468107
533600,-1.3620729446411133,1782826767.5109708
533700,-3.1049516201019287,1782826773.701101
533800,-3.3670287132263184,1782826779.6413684
533900,-4.253445625305176,1782826785.921525
534000,-3.3679146766662598,1782826791.9932673
534100,-1.890402913093567,1782826798.0709891
534200,0.862431526184082,1782826804.1274192
534300,-5.202491283416748,1782826810.3579228
534400,-5.913206577301025,1782826816.2904985
534500,-1.5509456396102905,1782826822.381127
534600,-4.619315147399902,1782826828.4044793
534700,-2.481083631515503,1782826834.1915672
534800,-3.73940372467041,1782826840.0490332
534900,-2.0317623615264893,1782826845.9853306
535000,-2.321173906326294,1782826851.7627041
535100,-2.841240644454956,1782826857.8738997
535200,-3.2630083560943604,1782826863.7380297
535300,-5.569509983062744,1782826869.6587749
535400,-5.385532379150391,1782826875.6038046
535500,-0.8208963871002197,1782826881.430152
535600,-2.787722587585449,1782826887.3502407
535700,-4.719419002532959,1782826893.3159914
535800,-2.625877857208252,1782826899.1097941
535900,-1.8492447137832642,1782826905.178523
536000,-5.085550785064697,1782826911.124374
536100,-4.003256797790527,1782826917.1139517
536200,-1.205503225326538,1782826923.259786
536300,-2.4660985469818115,1782826929.4251842
536400,-3.3267645835876465,1782826935.6775594
536500,0.024177491664886475,1782826941.8270812
536600,-1.8966306447982788,1782826947.7407262
536700,-6.338420867919922,1782826953.7654586
536800,-2.236853837966919,1782826959.711565
536900,-4.372768402099609,1782826965.8935785
537000,-2.3264412879943848,1782826971.8623838
537100,-0.9507015943527222,1782826977.8833833
537200,-3.022327184677124,1782826983.940612
537300,-4.083538055419922,1782826990.048684
537400,-1.3891007900238037,1782826995.9696069
537500,-0.6438491940498352,1782827002.041094
537600,-3.9734697341918945,1782827008.014484
537700,-3.2923192977905273,1782827014.1786826
537800,-2.413059949874878,1782827020.1813345
537900,-2.397318124771118,1782827026.2059133
538000,-2.759827136993408,1782827032.1615088
538100,-2.617903232574463,1782827038.107491
538200,-2.3800294399261475,1782827044.1247115
538300,-1.7828673124313354,1782827050.3574169
538400,-6.478472709655762,1782827056.494896
538500,-3.837745189666748,1782827062.422913
538600,-1.4789628982543945,1782827068.2915697
538700,-1.3311718702316284,1782827074.3196204
538800,-1.6932169198989868,1782827080.541321
538900,-0.6436176300048828,1782827086.8050292
539000,-2.1887729167938232,1782827092.8555965
539100,-4.421499252319336,1782827099.131441
539200,-3.2068490982055664,1782827105.2704298
539300,-2.0174663066864014,1782827111.2041292
539400,-3.9601244926452637,1782827117.4373534
539500,-3.0158419609069824,1782827123.3615751
539600,-2.6967263221740723,1782827129.214205
539700,-4.666713714599609,1782827135.1950634
539800,-4.2527241706848145,1782827141.2348347
539900,-5.19843053817749,1782827146.9712932
540000,-6.604893207550049,1782827153.0549898
540100,-5.939657211303711,1782827159.073437
540200,-4.463444709777832,1782827165.3418455
540300,-3.5610849857330322,1782827171.3619356
540400,-3.403843879699707,1782827177.543462
540500,-4.816442489624023,1782827183.7467315
540600,-4.546461582183838,1782827189.715721
540700,-3.2228782176971436,1782827195.7392673
540800,-5.3540568351745605,1782827201.665493
540900,-1.4618098735809326,1782827207.9728358
541000,-4.054844856262207,1782827213.874824
541100,-3.643794536590576,1782827220.0386539
541200,-4.281707286834717,1782827226.3274078
541300,-4.301648139953613,1782827232.3127978
541400,-3.137425184249878,1782827238.4262996
541500,-4.783025741577148,1782827244.3164432
541600,-5.578366756439209,1782827250.424149
541700,-4.010623931884766,1782827256.5155346
541800,-5.6557087898254395,1782827262.4317553
541900,-6.148711204528809,1782827268.3336937
542000,-4.011078834533691,1782827274.1584117
542100,-6.112894058227539,1782827280.3033838
542200,-5.614691734313965,1782827286.4051158
542300,-4.426250457763672,1782827292.5733776
542400,-4.858619213104248,1782827298.6383672
542500,-3.633747100830078,1782827304.731867
542600,-6.245508193969727,1782827310.8626683
542700,-4.862403392791748,1782827316.8338392
542800,-4.522298812866211,1782827322.9073393
542900,-3.160909652709961,1782827329.1384106
543000,-5.684939384460449,1782827335.1535559
543100,-4.65714693069458,1782827341.0402706
543200,-4.0192694664001465,1782827347.106404
543300,-2.863884449005127,1782827353.1538336
543400,-3.2364587783813477,1782827359.2289941
543500,-2.65643048286438,1782827365.4891825
543600,-3.081333637237549,1782827371.3877475
543700,-3.4901316165924072,1782827377.2705262
543800,-5.289340496063232,1782827383.3099675
543900,-5.800704002380371,1782827389.6375098
544000,-4.284369468688965,1782827395.6401043
544100,-4.355839252471924,1782827402.0203614
544200,-5.315169334411621,1782827408.2256339
544300,-5.216784477233887,1782827414.1812458
544400,-3.6589574813842773,1782827420.056059
544500,-5.443727016448975,1782827426.2302406
544600,-5.621173858642578,1782827432.1742158
544700,-3.315206527709961,1782827438.2150247
544800,-3.051330089569092,1782827444.0696673
544900,-3.9014124870300293,1782827450.1947355
545000,-5.731084823608398,1782827456.2537143
545100,-4.118624210357666,1782827462.3384018
545200,-4.333616256713867,1782827468.1229908
545300,-4.850240707397461,1782827474.0770175
545400,-4.043705940246582,1782827479.8870938
545500,-5.0398054122924805,1782827485.9501872
545600,-5.393732070922852,1782827491.7917101
545700,-4.853198051452637,1782827497.7659168
545800,-4.047954559326172,1782827503.7653852
545900,-5.79448127746582,1782827509.7356195
546000,-7.164419651031494,1782827515.886586
546100,-3.270078659057617,1782827522.0058143
546200,-5.411337852478027,1782827527.9645607
546300,-1.823225498199463,1782827534.1223562
546400,-3.9890694618225098,1782827539.9728863
546500,-4.784038543701172,1782827545.8740082
546600,-3.937572956085205,1782827551.969015
546700,-5.061772346496582,1782827557.9206367
546800,-3.7798733711242676,1782827564.0569909
546900,-3.70650315284729,1782827570.0148728
547000,-7.224395751953125,1782827576.0898836
547100,-5.819214820861816,1782827581.837974
547200,-5.090985298156738,1782827587.8902087
547300,-5.546541213989258,1782827593.681661
547400,-3.85746431350708,1782827599.6980345
547500,-4.312939167022705,1782827605.76993
547600,-2.126967668533325,1782827611.7143536
547700,-1.919149398803711,1782827617.665528
547800,-1.3220982551574707,1782827623.789058
547900,-2.0531811714172363,1782827629.6939578
548000,-3.0138609409332275,1782827635.724811
548100,-1.8955020904541016,1782827641.6316578
548200,-1.6058282852172852,1782827647.7515855
548300,-1.1216545104980469,1782827653.7874904
548400,-1.2976438999176025,1782827660.1525955
548500,-5.438847541809082,1782827666.3269324
548600,-2.0500144958496094,1782827672.2847266
548700,-3.0428342819213867,1782827678.3702786
548800,-3.181241989135742,1782827684.4926312
548900,-3.4344348907470703,1782827690.4769626
549000,-3.239220142364502,1782827696.6304717
549100,-1.3639085292816162,1782827702.8135014
549200,-3.5667240619659424,1782827708.8676116
549300,-3.2554984092712402,1782827714.9996493
549400,-2.5033693313598633,1782827721.0519972
549500,-2.28128981590271,1782827727.121048
549600,-5.785697937011719,1782827733.0914295
549700,-4.207658290863037,1782827739.1624205
549800,-3.127640724182129,1782827744.9823272
549900,-2.011467218399048,1782827751.094841
550000,-4.540417194366455,1782906987.386213
550100,-2.5091731548309326,1782907178.2806242
550200,-0.8597556352615356,1782907184.5223687
550300,-3.174462080001831,1782907190.6761062
550400,-3.3816301822662354,1782907197.100177
550500,-6.37630033493042,1782907203.335306
550600,-5.496209144592285,1782907209.52953
550700,-4.102130889892578,1782907215.8956933
550800,-3.477173328399658,1782907222.2279494
550900,-4.155717849731445,1782907228.4390118
551000,-2.9727530479431152,1782907234.7668548
551100,-5.910748481750488,1782907241.0333993
551200,-5.912125110626221,1782907247.2656517
551300,-3.3476619720458984,1782907253.5190637
551400,-2.5043387413024902,1782907259.8345456
551500,-3.8422069549560547,1782907265.940449
551600,-0.20589840412139893,1782907272.3733127
551700,-0.5739529132843018,1782907278.6740515
551800,-2.632716655731201,1782907284.897363
551900,-3.8122010231018066,1782907290.9051251
552000,-3.290987491607666,1782907297.141689
552100,-4.20490837097168,1782907303.3549347
552200,-3.536357879638672,1782907309.296156
552300,-2.3881309032440186,1782907315.6056528
552400,-3.4490997791290283,1782907321.6259444
552500,-3.3618855476379395,1782907327.9587255
552600,-3.1666781902313232,1782907333.9115348
552700,-2.244424819946289,1782907340.0896034
552800,-5.458530426025391,1782907346.2922287
552900,-4.234554767608643,1782907352.4748642
553000,-3.763392925262451,1782907358.773816
553100,-3.20463490486145,1782907365.0489805
553200,-5.462499141693115,1782907371.1578112
553300,-3.445672035217285,1782907377.3308058
553400,-5.6036376953125,1782907383.439705
553500,-2.6122705936431885,1782907389.547313
553600,-3.747403383255005,1782907395.840746
553700,-2.8235740661621094,1782907401.9315274
553800,-3.5187225341796875,1782907408.0851343
553900,-4.482745170593262,1782907414.361828
554000,-3.8811850547790527,1782907420.6287017
554100,-4.779901504516602,1782907426.539769
554200,-3.6667046546936035,1782907432.7090209
554300,-4.431236743927002,1782907438.866188
554400,-3.8747684955596924,1782907445.0348434
554500,-3.052727699279785,1782907451.255481
554600,-3.5501251220703125,1782907457.361536
554700,-4.123704433441162,1782907463.7172167
554800,-3.28470516204834,1782907470.1081092
554900,-4.45213508605957,1782907476.4727504
555000,-6.093493461608887,1782907482.7493362
555100,-3.3131167888641357,1782907488.855218
555200,-4.955073833465576,1782907495.127392
555300,-5.110811710357666,1782907501.203858
555400,-4.572179794311523,1782907507.250755
555500,-4.466511249542236,1782907513.3915353
555600,-5.476562023162842,1782907519.4762118
555700,-4.813015460968018,1782907525.651862
555800,-5.114648818969727,1782907531.6796331
555900,-4.432679176330566,1782907537.9729502
556000,-4.005618095397949,1782907544.0521228
556100,-5.4150919914245605,1782907550.4467938
556200,-5.916627883911133,1782907556.610938
556300,-3.712346315383911,1782907562.7654412
556400,-2.471794366836548,1782907568.8303573
556500,-4.164920330047607,1782907575.0084615
556600,-1.2131056785583496,1782907581.0758138
556700,-3.591050148010254,1782907587.1774423
556800,-3.0997507572174072,1782907593.494756
556900,-3.07311749458313,1782907599.6844492
557000,-5.665281772613525,1782907605.9408653
557100,-2.2981204986572266,1782907612.2496996
557200,-5.577096939086914,1782907618.4728315
557300,-3.344428539276123,1782907624.4385586
557400,-4.872931957244873,1782907630.5809507
557500,-4.549036979675293,1782907636.5574586
557600,-3.5950961112976074,1782907642.774163
557700,-3.5083837509155273,1782907649.009386
557800,-2.982724905014038,1782907655.2416463
557900,-0.9877464771270752,1782907661.4676447
558000,-2.132779359817505,1782907667.6886966
558100,-3.1104159355163574,1782907673.875373
558200,-6.478321552276611,1782907680.0721927
558300,-5.430259704589844,1782907686.1458418
558400,-2.8342092037200928,1782907692.4385104
558500,-4.010906219482422,1782907698.4847913
558600,-6.280846118927002,1782907704.487929
558700,-3.5034897327423096,1782907710.570619
558800,-7.430191993713379,1782907717.0175724
558900,-5.335943222045898,1782907723.1098225
559000,-4.27053165435791,1782907729.2900023
559100,-5.789667129516602,1782907735.267408
559200,-4.875968933105469,1782907741.530115
559300,-7.103309154510498,1782907747.5432918
559400,-4.745059967041016,1782907754.1254857
559500,-3.5774171352386475,1782907760.3028908
559600,-4.253205299377441,1782907766.4982116
559700,-5.300077438354492,1782907772.6319363
559800,-4.595322608947754,1782907778.6525154
559900,-4.771706581115723,1782907784.7374012
560000,-3.1503653526306152,1782907790.9600463
560100,-2.9382848739624023,1782907796.9178424
560200,-3.1210575103759766,1782907803.0539024
560300,-2.424931526184082,1782907809.2706695
560400,-2.692539930343628,1782907815.331242
560500,0.21468761563301086,1782907821.6235235
560600,-3.449070930480957,1782907827.7348652
560700,-3.4025702476501465,1782907833.760767
560800,-5.282419204711914,1782907839.9245162
560900,-4.536598205566406,1782907845.9440906
561000,-5.825176239013672,1782907852.2710261
561100,-2.910851240158081,1782907858.3710651
561200,-2.166714906692505,1782907864.3072915
561300,-4.224971771240234,1782907870.55054
561400,-4.684910297393799,1782907876.7252483
561500,-2.7940444946289062,1782907882.9210615
561600,-4.087719917297363,1782907889.1345537
561700,-4.373957633972168,1782907895.2920203
561800,-7.112325668334961,1782907901.4549856
561900,-8.212507247924805,1782907907.7347026
562000,-3.354215621948242,1782907914.0481982
562100,-6.898907661437988,1782907920.1150796
562200,-4.4053754806518555,1782907926.4084978
562300,-6.113166809082031,1782907932.443313
562400,-3.4051690101623535,1782907938.732019
562500,-2.7957377433776855,1782907944.7671888
562600,-2.71211576461792,1782907950.8727112
562700,-3.028010368347168,1782907957.560582
562800,-4.0870561599731445,1782907963.8245196
562900,-6.086372375488281,1782907970.1659954
563000,-6.037247657775879,1782907976.3162644
563100,-3.832581043243408,1782907982.4418747
563200,-5.835092544555664,1782907988.4721584
563300,-3.4653172492980957,1782907995.03492
563400,-8.439908981323242,1782908001.5376642
563500,-5.915417671203613,1782908007.7422187
563600,-6.8173041343688965,1782908014.1445477
563700,-4.9495930671691895,1782908020.4412742
563800,-4.123086929321289,1782908026.6519969
563900,-4.035892009735107,1782908033.1399038
564000,-5.368075847625732,1782908039.233811
564100,-4.51167631149292,1782908045.4397326
564200,-4.324563503265381,1782908051.5997639
564300,-3.7260656356811523,1782908057.9404173
564400,-5.025238990783691,1782908064.2444203
564500,-5.648731231689453,1782908070.5285153
564600,-4.812880992889404,1782908076.7726772
564700,-6.506307125091553,1782908083.066055
564800,-4.474658012390137,1782908089.3204498
564900,-7.205022811889648,1782908095.5033007
565000,-2.1135730743408203,1782908102.0065894
565100,-5.503220558166504,1782908108.369285
565200,-5.5615153312683105,1782908114.8130283
565300,-5.631826400756836,1782908121.0738814
565400,-6.7342963218688965,1782908127.2160323
565500,-4.656368732452393,1782908133.2749047
565600,-5.069480895996094,1782908139.228623
565700,-5.715085983276367,1782908145.483753
565800,-5.429999351501465,1782908151.5093448
565900,-6.821378707885742,1782908157.7357054
566000,-4.4814629554748535,1782908164.1377084
566100,-4.684308052062988,1782908170.3803358
566200,-6.938070774078369,1782908176.5749896
566300,-2.2519710063934326,1782908182.8095913
566400,-4.378444671630859,1782908188.8554115
566500,-2.8657920360565186,1782908194.9665697
566600,-3.3657116889953613,1782908201.0304723
566700,-6.97462797164917,1782908207.0027099
566800,-6.775698661804199,1782908213.269616
566900,-4.748215198516846,1782908219.409252
567000,-3.2298662662506104,1782908225.655379
567100,-2.2707695960998535,1782908231.5700314
567200,-3.4786949157714844,1782908237.826177
567300,-3.308123826980591,1782908244.0251908
567400,-3.056129217147827,1782908250.024852
567500,-5.183322906494141,1782908256.1845
567600,-2.946014881134033,1782908262.6982105
567700,-4.903670310974121,1782908268.8756983
567800,-5.079239845275879,1782908275.273476
567900,-3.617708921432495,1782908281.4964
568000,-4.24091100692749,1782908287.5852728
568100,-1.8299267292022705,1782908293.8176072
568200,-2.2244842052459717,1782908299.9168313
568300,-4.779854774475098,1782908305.9783237
568400,-2.579291820526123,1782908312.1481695
568500,-3.731264114379883,1782908318.3859897
568600,-3.4077155590057373,1782908324.4597464
568700,-5.159391403198242,1782908330.6135306
568800,-4.097345352172852,1782908336.7039664
568900,-4.113411903381348,1782908343.1263864
569000,-4.355718612670898,1782908349.3974166
569100,-2.979720115661621,1782908355.8714104
569200,-4.92905855178833,1782908362.1926334
569300,-2.668694496154785,1782908368.3609586
569400,-4.767153739929199,1782908374.691343
569500,-4.062115669250488,1782908380.7613635
569600,-4.006805896759033,1782908387.1371903
569700,-3.540980577468872,1782908393.0912647
569800,-5.9821906089782715,1782908399.406301
569900,-2.809291362762451,1782908405.8527365
570000,-4.604376792907715,1782908412.2210073
570100,-4.101036548614502,1782908418.2823615
570200,-5.284294128417969,1782908424.4077177
570300,-4.983562469482422,1782908430.5465655
570400,-6.706114768981934,1782908436.594812
570500,-4.042827606201172,1782908442.6815674
570600,-3.4080810546875,1782908448.8850954
570700,-3.0156571865081787,1782908455.138364
570800,-6.531956195831299,1782908461.3642428
570900,-4.164431571960449,1782908467.5472581
571000,-5.694060325622559,1782908474.1878347
571100,-4.403428077697754,1782908480.2500055
571200,-4.38404655456543,1782908486.5294278
571300,-3.726534128189087,1782908492.8648472
571400,-4.480698108673096,1782908499.2465973
571500,-5.752844333648682,1782908505.320863
571600,-4.344310760498047,1782908511.5089428
571700,-5.58333158493042,1782908517.7046275
571800,-5.520559310913086,1782908524.0504024
571900,-4.722090721130371,1782908530.3700979
572000,-5.618587017059326,1782908536.596068
572100,-6.032277584075928,1782908543.009298
572200,-6.121424674987793,1782908549.4035072
572300,-5.010405540466309,1782908555.542353
572400,-3.0554089546203613,1782908562.0974116
572500,-4.458184242248535,1782908568.3840358
572600,-5.523841857910156,1782908574.5144844
572700,-6.166317462921143,1782908580.7990148
572800,-5.532321929931641,1782908586.8485148
572900,-2.708038330078125,1782908593.0523484
573000,-3.6849653720855713,1782908599.1688118
573100,-3.91772723197937,1782908605.2129035
573200,-2.5992820262908936,1782908611.2748268
573300,-1.3900926113128662,1782908617.5364196
573400,-4.855777263641357,1782908623.650867
573500,-3.194974899291992,1782908629.7073603
573600,-5.3122148513793945,1782908635.9676733
573700,-3.1509933471679688,1782908642.0624058
573800,-4.032443046569824,1782908648.404528
573900,-5.634591102600098,1782908654.3917315
574000,-1.8035483360290527,1782908660.665411
574100,-1.745920181274414,1782908666.8875005
574200,-0.7206195592880249,1782908673.337041
574300,-2.2408440113067627,1782908679.4541066
574400,-5.054743766784668,1782908685.628948
574500,-2.578620433807373,1782908691.7922034
574600,-3.0888805389404297,1782908697.9847827
574700,-2.883646249771118,1782908704.012471
574800,-4.4492340087890625,1782908710.1235464
574900,-4.072589874267578,1782908716.3368437
575000,-4.368590831756592,1782908722.3742363
575100,-3.0003037452697754,1782908912.2134244
575200,-4.845273971557617,1782908918.3357253
575300,-3.790982246398926,1782908924.4167156
575400,-3.509857654571533,1782908930.4515452
575500,-6.254985809326172,1782908936.6494129
575600,-5.807194232940674,1782908942.8740675
575700,-4.830147743225098,1782908948.9057343
575800,-5.744471549987793,1782908955.175569
575900,-4.415689468383789,1782908961.3386273
576000,-3.9946093559265137,1782908967.460106
576100,-5.960613250732422,1782908973.7946823
576200,-1.57357919216156,1782908979.9053025
576300,-4.810864448547363,1782908986.4722912
576400,-3.4627904891967773,1782908992.550263
576500,-3.3229494094848633,1782908998.876426
576600,-4.899696350097656,1782909005.1191266
576700,-3.356044292449951,1782909011.256644
576800,-4.087116241455078,1782909017.3391416
576900,-3.162700891494751,1782909023.4834242
577000,-4.618154048919678,1782909029.6898162
577100,-4.321846008300781,1782909036.065688
577200,-2.731642484664917,1782909042.0051348
577300,-5.508808612823486,1782909048.1519604
577400,-3.421441078186035,1782909054.3925571
577500,-4.8371429443359375,1782909060.469661
577600,-5.421299934387207,1782909066.5728614
577700,-4.578173637390137,1782909072.9938395
577800,-4.591427803039551,1782909079.069385
577900,-5.857348442077637,1782909085.356853
578000,-5.91000509262085,1782909091.7549765
578100,-5.58158540725708,1782909098.002215
578200,-3.368380069732666,1782909104.091224
578300,-6.306814193725586,1782909110.4472659
578400,-5.705472469329834,1782909116.5227711
578500,-3.0353121757507324,1782909122.473245
578600,-3.5428314208984375,1782909128.4090512
578700,-3.254565715789795,1782909134.7355862
578800,-3.2981815338134766,1782909140.7918422
578900,-4.901241779327393,1782909146.8178453
579000,-6.490968227386475,1782909152.913745
579100,-6.357937812805176,1782909159.2005453
579200,-5.804229259490967,1782909165.2856398
579300,-7.246857643127441,1782909171.6712687
579400,-4.7162322998046875,1782909178.14468
579500,-3.567517042160034,1782909184.1694813
579600,-5.110551834106445,1782909190.2339237
579700,-5.152512073516846,1782909196.6362052
579800,-4.054917335510254,1782909202.716693
579900,-3.2822012901306152,1782909208.768655
580000,-6.441621780395508,1782909214.9390023
580100,-5.687625885009766,1782909221.0456467
580200,-4.486151695251465,1782909227.1041656
580300,-4.865081787109375,1782909233.1852078
580400,-4.0366106033325195,1782909239.230696
580500,-5.450311183929443,1782909245.3750312
580600,-2.9397153854370117,1782909251.4134073
580700,-3.7290732860565186,1782909257.445883
580800,-5.6029815673828125,1782909263.5688949
580900,-2.4343931674957275,1782909269.64066
581000,-4.558321952819824,1782909275.869816
581100,-3.617114305496216,1782909282.0074983
581200,-2.7483887672424316,1782909288.2626944
581300,-3.9952456951141357,1782909294.3308167
581400,-5.928940296173096,1782909300.3191369
581500,-4.733579635620117,1782909306.4490638
581600,-5.57952880859375,1782909312.5063415
581700,-2.817892551422119,1782909318.7182772
581800,-4.779974937438965,1782909324.6504364
581900,-6.197443008422852,1782909330.8529692
582000,-7.347108840942383,1782909337.2719624
582100,-6.323041915893555,1782909343.4112158
582200,-5.440406799316406,1782909349.4609506
582300,-4.6568708419799805,1782909355.851445
582400,-5.311087608337402,1782909361.9305048
582500,-4.779987335205078,1782909367.9652092
582600,-5.2163801193237305,1782909374.1748013
582700,-3.5847487449645996,1782909380.241925
582800,-2.5612971782684326,1782909386.2373726
582900,-4.221715927124023,1782909392.3759897
583000,-4.129395008087158,1782909398.6832743
583100,-3.9288830757141113,1782909404.817667
583200,-3.6742165088653564,1782909410.878375
583300,-4.082494258880615,1782909416.894973
583400,-3.5878372192382812,1782909422.8990035
583500,-5.442193031311035,1782909429.0431888
583600,-4.169510841369629,1782909435.408572
583700,-5.014276504516602,1782909441.598928
583800,-5.10772180557251,1782909447.803578
583900,-2.037336826324463,1782909454.0170503
584000,-4.659188747406006,1782909460.183318
584100,-3.823925733566284,1782909466.650469
584200,-3.2655930519104004,1782909472.9126449
584300,-5.047278881072998,1782909479.2511287
584400,-4.455920219421387,1782909485.534962
584500,-4.871398448944092,1782909492.1153061
584600,-4.552053451538086,1782909498.5173976
584700,-3.550354480743408,1782909504.8797195
584800,-4.229535102844238,1782909511.0204017
584900,-1.231663703918457,1782909517.4827254
585000,-0.5255318284034729,1782909523.6421824
585100,-2.4122467041015625,1782909530.1084728
585200,-3.2081570625305176,1782909536.2843366
585300,-3.440971612930298,1782909542.6182728
585400,-3.180518627166748,1782909548.8230517
585500,-3.077622890472412,1782909555.3496163
585600,-1.9122121334075928,1782909561.5743055
585700,-1.0134515762329102,1782909567.8969812
585800,-2.892258644104004,1782909574.060573
585900,-1.3126962184906006,1782909580.4430559
586000,-3.2312214374542236,1782909586.5637603
586100,-3.0900959968566895,1782909592.6796067
586200,-4.481130599975586,1782909598.7903073
586300,-4.57469367980957,1782909604.870633
586400,-2.5410056114196777,1782909611.6167421
586500,-3.5028159618377686,1782909617.7802851
586600,-4.293769359588623,1782909623.9291143
586700,-3.4947547912597656,1782909630.181329
586800,-6.230951309204102,1782909636.384932
586900,-6.639386177062988,1782909642.529532
587000,-3.717918634414673,1782909649.0372894
587100,-3.2360668182373047,1782909655.2832656
587200,-3.886173963546753,1782909661.6832829
587300,-3.536285400390625,1782909668.068635
587400,-5.318221569061279,1782909674.2007077
587500,-6.861052513122559,1782909680.5661385
587600,-5.033420562744141,1782909686.541836
587700,-3.0747170448303223,1782909692.8092942
587800,-3.1342873573303223,1782909699.180384
587900,-4.16130256652832,1782909705.5069022
588000,-5.630362510681152,1782909711.8871017
588100,-3.4276087284088135,1782909718.3039112
588200,-3.25038480758667,1782909724.5480397
588300,-4.316583156585693,1782909730.720726
588400,-1.250068187713623,1782909736.9722378
588500,-3.1765823364257812,1782909743.4052796
588600,-5.1377272605896,1782909749.6089582
588700,-5.5807695388793945,1782909756.090149
588800,-3.278101921081543,1782909762.533115
588900,-1.8467562198638916,1782909768.478453
589000,-3.971914768218994,1782909774.3726137
589100,-4.068363189697266,1782909780.7728808
589200,-4.757529258728027,1782909787.04657
589300,-2.4943089485168457,1782909793.4189196
589400,-4.440850257873535,1782909800.0075357
589500,-2.49936842918396,1782909806.1254964
589600,-2.288853883743286,1782909812.380151
589700,-2.9336624145507812,1782909818.6700754
589800,-2.830866813659668,1782909824.697122
589900,-3.3244705200195312,1782909830.9517348
590000,-3.153454303741455,1782909837.1208806
590100,-0.8878364562988281,1782909843.4803798
590200,-3.153463363647461,1782909849.746564
590300,-3.716529130935669,1782909855.943004
590400,-4.221072196960449,1782909862.2667246
590500,-4.554169178009033,1782909868.6108558
590600,-5.274456977844238,1782909874.791252
590700,-5.158076286315918,1782909881.0052373
590800,-0.5352951288223267,1782909887.1793976
590900,-5.897988319396973,1782909893.42798
591000,-3.6885600090026855,1782909899.5929537
591100,-3.359257221221924,1782909905.761552
591200,-0.7191123962402344,1782909912.2771413
591300,-5.786848545074463,1782909918.8394501
591400,-5.903746604919434,1782909925.102862
591500,-2.9912455081939697,1782909931.168795
591600,0.11490607261657715,1782909937.4566836
591700,-1.443568468093872,1782909943.4886832
591800,-2.180603504180908,1782909949.729454
591900,-5.682724952697754,1782909955.764561
592000,-0.6907949447631836,1782909962.0182333
592100,-2.4117417335510254,1782909968.1060224
592200,-2.4322469234466553,1782909974.1991591
592300,-2.719630241394043,1782909980.471485
592400,-2.9489641189575195,1782909986.7372458
592500,-1.4318456649780273,1782909992.9678564
592600,-3.9587199687957764,1782909999.0829587
592700,-1.444321632385254,1782910005.2218528
592800,-3.3390278816223145,1782910011.6236234
592900,-2.421943426132202,1782910017.8178947
593000,-4.903696060180664,1782910023.8973112
593100,-4.756323337554932,1782910030.0588992
593200,-1.7718336582183838,1782910036.421768
593300,-4.154068470001221,1782910042.8074052
593400,-3.6099348068237305,1782910049.0756729
593500,0.6796091794967651,1782910055.1407673
593600,-0.5314350724220276,1782910061.3750055
593700,-3.2587268352508545,1782910067.5888896
593800,-3.756173610687256,1782910073.8377721
593900,-2.212376832962036,1782910079.908508
594000,-2.199913740158081,1782910086.1411967
594100,-2.625364303588867,1782910092.6063106
594200,-3.7223103046417236,1782910098.8959723
594300,-2.201172351837158,1782910105.1704838
594400,-4.35246467590332,1782910111.4964778
594500,-5.06235408782959,1782910118.0714173
594600,-3.4272284507751465,1782910124.463767
594700,-3.8456125259399414,1782910130.480267
594800,-4.923013687133789,1782910136.3869598
594900,-3.4924111366271973,1782910142.4110143
595000,-2.978109359741211,1782910148.6268227
595100,-5.146386623382568,1782910155.0476534
595200,-3.8639211654663086,1782910161.4032238
595300,-3.1655821800231934,1782910167.6540365
595400,-2.27573299407959,1782910173.7678456
595500,-5.239504814147949,1782910180.0389237
595600,-3.0911803245544434,1782910186.3454406
595700,-1.9125549793243408,1782910192.6523972
595800,-2.7162206172943115,1782910198.941734
595900,-1.5149173736572266,1782910205.2404528
596000,-2.983358144760132,1782910211.5845106
596100,-4.172258377075195,1782910218.1153576
596200,-5.4200029373168945,1782910224.5911462
596300,-5.195610523223877,1782910230.7572393
596400,-5.834489822387695,1782910237.285814
596500,-5.301066875457764,1782910243.4311578
596600,-4.017841339111328,1782910249.536818
596700,-5.638095855712891,1782910255.719058
596800,-4.47904109954834,1782910262.083045
596900,-3.13673996925354,1782910268.3406768
597000,-2.0248641967773438,1782910274.8390675
597100,-4.3288750648498535,1782910280.998006
597200,-6.016050338745117,1782910287.0680895
597300,-4.8118133544921875,1782910293.4324372
597400,-5.762287616729736,1782910299.4850771
597500,-4.908937454223633,1782910305.6744988
597600,-5.394664764404297,1782910311.8776958
597700,-5.9483323097229,1782910317.9479237
597800,-4.634720325469971,1782910324.4728136
597900,-6.888253211975098,1782910330.6402352
598000,-5.21852445602417,1782910337.0180805
598100,-6.517269134521484,1782910343.3653553
598200,-5.473349094390869,1782910350.0432444
598300,-5.689093112945557,1782910356.3654087
598400,-5.851836204528809,1782910362.642941
598500,-6.990752220153809,1782910368.8985198
598600,-4.4648542404174805,1782910375.0828066
598700,-4.40054988861084,1782910381.5964634
598800,-4.066645622253418,1782910387.738363
598900,-3.6083946228027344,1782910394.225842
599000,-4.302985191345215,1782910400.5681515
599100,-2.4821717739105225,1782910406.9549901
599200,-5.049246788024902,1782910413.4517055
599300,-4.229194164276123,1782910419.6693878
599400,-1.7727854251861572,1782910425.826854
599500,-4.047499656677246,1782910431.9271977
599600,-2.6587471961975098,1782910438.3056889
599700,-3.69319486618042,1782910444.7253869
599800,-3.5176730155944824,1782910451.0891602
599900,-5.973823547363281,1782910457.25648
600000,-4.902295112609863,1782911123.0417435
600100,-2.5364086627960205,1782911280.73763
600200,-5.604600429534912,1782911286.9685924
600300,-3.2592124938964844,1782911293.1538405
600400,-1.5189340114593506,1782911299.2574658
600500,-0.8676329851150513,1782911305.1950824
600600,-3.116072177886963,1782911311.3686957
600700,-3.9909238815307617,1782911317.5736706
600800,-3.907710552215576,1782911323.8265119
600900,-3.5748705863952637,1782911329.8920407
601000,-2.925960063934326,1782911336.0611594
601100,-1.5944997072219849,1782911342.471885
601200,-3.3113176822662354,1782911348.7476485
601300,-2.874595880508423,1782911355.2004356
601400,-6.386165142059326,1782911361.6597896
601500,-3.969466209411621,1782911367.9424524
601600,-3.518831729888916,1782911374.018509
601700,-3.431856393814087,1782911380.1345754
601800,-4.1262102127075195,1782911386.3992195
601900,-4.677432060241699,1782911392.5830638
602000,-6.089593410491943,1782911399.0326788
602100,-2.790877103805542,1782911405.3693092
602200,-2.7937827110290527,1782911411.909742
602300,-3.634159564971924,1782911418.2014136
602400,-3.882270336151123,1782911424.5162647
602500,-2.1665120124816895,1782911430.7475684
602600,-2.181368589401245,1782911436.8172107
602700,-3.133754014968872,1782911442.9390426
602800,-3.5097832679748535,1782911449.0066934
602900,-2.523636817932129,1782911455.1525528
603000,-2.0312280654907227,1782911461.3037112
603100,-3.099806785583496,1782911467.8333979
603200,-5.8093342781066895,1782911474.0369911
603300,-4.496563911437988,1782911480.383754
603400,-4.619497299194336,1782911486.7285635
603500,-4.3859992027282715,1782911492.8126464
603600,-2.5951528549194336,1782911499.0027523
603700,-4.786967754364014,1782911505.4119997
603800,-3.117342472076416,1782911511.9011767
603900,-3.578557014465332,1782911518.1671548
604000,-5.335965156555176,1782911524.3263142
604100,-7.20607852935791,1782911530.7277632
604200,-4.761676788330078,1782911536.9813428
604300,-4.898603439331055,1782911543.1809201
604400,-3.029038667678833,1782911549.5457695
604500,-4.644334316253662,1782911555.84315
604600,-3.9740734100341797,1782911561.9212139
604700,-5.101861953735352,1782911568.2848551
604800,-4.2270612716674805,1782911574.4360542
604900,-5.721926689147949,1782911580.5822914
605000,-4.789523124694824,1782911586.9204414
605100,-4.374717712402344,1782911593.1557565
605200,-4.832145690917969,1782911599.5210037
605300,-3.3282995223999023,1782911605.5656602
605400,-3.0752806663513184,1782911611.492824
605500,-3.0102453231811523,1782911617.7204938
605600,-2.5587503910064697,1782911623.7179909
605700,-2.299705982208252,1782911629.9170032
605800,-5.258031845092773,1782911636.004924
605900,-4.65046501159668,1782911642.1980383
606000,-3.217647075653076,1782911648.232332
606100,-6.899688720703125,1782911654.309805
606200,-4.258011341094971,1782911660.3425546
606300,-4.7533111572265625,1782911666.7223163
606400,-4.417097568511963,1782911672.804509
606500,-4.567646026611328,1782911679.4395463
606600,-4.041136741638184,1782911685.8896313
606700,-4.910665512084961,1782911691.9394953
606800,-4.13115930557251,1782911698.3382695
606900,-3.739996910095215,1782911704.6507447
607000,-4.701779842376709,1782911710.7148144
607100,-4.565035820007324,1782911716.968553
607200,-7.088644027709961,1782911723.263541
607300,-3.706794023513794,1782911729.406495
607400,-4.5387492179870605,1782911735.6905742
607500,-5.298549175262451,1782911741.849559
607600,-4.791232585906982,1782911747.9645455
607700,-4.08673095703125,1782911753.9976826
607800,-4.421981334686279,1782911760.3563728
607900,-2.0860743522644043,1782911766.5042572
608000,-2.8411738872528076,1782911773.0355046
608100,-5.7627339363098145,1782911779.32039
608200,-2.4341249465942383,1782911785.5704925
608300,-4.367222309112549,1782911792.1359391
608400,-3.0845813751220703,1782911798.3914628
608500,-3.360184907913208,1782911804.6336012
608600,-4.020966053009033,1782911810.7813845
608700,-4.688044548034668,1782911817.1555283
608800,-2.0666728019714355,1782911823.1926556
608900,-4.056093692779541,1782911829.4648542
609000,-3.7526063919067383,1782911835.525925
609100,-3.7736306190490723,1782911841.5234632
609200,-2.4804444313049316,1782911847.7722647
609300,-3.9852118492126465,1782911854.0424974
609400,-3.063344955444336,1782911860.4257364
609500,-3.0274460315704346,1782911866.8332713
609600,-1.428837537765503,1782911873.0185773
609700,-3.5373282432556152,1782911879.1736422
609800,-3.3605308532714844,1782911885.3681784
609900,-3.908618211746216,1782911891.347236
610000,-2.848809242248535,1782911897.4976509
610100,-2.999403476715088,1782911903.6302946
610200,-5.175721168518066,1782911909.6999586
610300,-3.919440507888794,1782911916.097168
610400,-5.442469596862793,1782911922.0504394
610500,-1.967954158782959,1782911928.2409708
610600,-3.3990893363952637,1782911934.504818
610700,-4.854955673217773,1782911940.7474835
610800,-3.806107521057129,1782911946.9682233
610900,-3.950026035308838,1782911953.0452414
611000,-4.4845452308654785,1782911959.5764995
611100,-4.860600471496582,1782911965.9146674
611200,-3.697979211807251,1782911972.1601079
611300,-5.89549446105957,1782911978.054258
611400,-4.216393947601318,1782911984.3211193
611500,-4.646076679229736,1782911990.5361354
611600,-4.622575759887695,1782911996.7535398
611700,-4.564591407775879,1782912002.8294044
611800,-2.4912779331207275,1782912009.1099691
611900,-4.293572425842285,1782912015.2969983
612000,-3.632552146911621,1782912021.7929945
612100,-4.081142425537109,1782912028.0805533
612200,-3.527841567993164,1782912034.3911717
612300,-1.919741153717041,1782912040.6885397
612400,-3.5154683589935303,1782912047.1056106
612500,-2.777247905731201,1782912053.6377127
612600,-3.0210142135620117,1782912059.8706942
612700,-3.1063790321350098,1782912066.1818125
612800,-4.147905349731445,1782912072.3565931
612900,-2.2033534049987793,1782912078.7344966
613000,-0.6646363735198975,1782912084.8727527
613100,-2.9887149333953857,1782912091.2261596
613200,-1.1636544466018677,1782912097.4168465
613300,-2.3598573207855225,1782912103.600327
613400,-4.333090305328369,1782912110.022356
613500,-3.855339288711548,1782912116.3181076
613600,-4.819181442260742,1782912122.586743
613700,-2.5332915782928467,1782912129.1366959
613800,-4.086691379547119,1782912135.4388087
613900,-4.599571704864502,1782912141.9022238
614000,-4.656951904296875,1782912148.055514
614100,-4.769824028015137,1782912154.316863
614200,-4.372748374938965,1782912160.5762668
614300,-5.9605631828308105,1782912166.8361793
614400,-6.15490198135376,1782912173.0479984
614500,-5.057183742523193,1782912179.424017
614600,-3.4690937995910645,1782912185.8512065
614700,-3.4223647117614746,1782912192.2499988
614800,-6.923904895782471,1782912198.533508
614900,-5.1045756340026855,1782912204.8698235
615000,-4.39512300491333,1782912211.1671433
615100,-4.612661361694336,1782912217.446192
615200,-3.684257984161377,1782912223.872238
615300,-4.642050266265869,1782912230.2705913
615400,-6.447907447814941,1782912236.5472817
615500,-6.856220245361328,1782912242.9132533
615600,-5.310075759887695,1782912249.1928113
615700,-3.2142887115478516,1782912255.4834137
615800,-3.607792377471924,1782912261.7047672
615900,-6.053799152374268,1782912267.8131576
616000,-5.358814239501953,1782912274.0066688
616100,-4.894981861114502,1782912280.0646398
616200,-3.974248170852661,1782912286.1472661
616300,-3.8927345275878906,1782912292.2009284
616400,-5.337076187133789,1782912298.1859028
616500,-2.276123046875,1782912304.2388017
616600,-2.01421856880188,1782912310.6306627
616700,-2.082857131958008,1782912317.0268836
616800,-0.38067448139190674,1782912323.6593518
616900,-0.5451774597167969,1782912330.0909061
617000,-2.183004379272461,1782912336.2820263
617100,-3.5665950775146484,1782912342.4200125
617200,-4.2774786949157715,1782912348.587503
617300,-2.0468814373016357,1782912355.2068262
617400,-3.9379756450653076,1782912361.4102647
617500,-4.409023284912109,1782912367.5642805
617600,-2.892160177230835,1782912373.8155012
617700,-3.2088255882263184,1782912379.6086192
617800,-3.7463691234588623,1782912385.6447382
617900,-1.9591915607452393,1782912391.6740878
618000,-2.7325639724731445,1782912397.7972512
618100,-5.136078357696533,1782912403.9174643
618200,-3.247988224029541,1782912410.114374
618300,-5.591631889343262,1782912416.1085181
618400,-3.6920831203460693,1782912422.1843157
618500,-3.47182559967041,1782912428.3178082
618600,-4.093952178955078,1782912434.2630348
618700,-3.948906898498535,1782912440.5591004
618800,-3.772789478302002,1782912446.90078
618900,-4.604150772094727,1782912453.2157965
619000,-2.3577146530151367,1782912459.3241117
619100,-5.214581489562988,1782912465.5376859
619200,-2.931215763092041,1782912471.6760213
619300,-2.0938336849212646,1782912478.4882824
619400,-6.182319164276123,1782912484.8404417
619500,-5.235987663269043,1782912491.2541265
619600,-2.8507938385009766,1782912497.3515375
619700,-3.7764089107513428,1782912503.3619852
619800,-3.2414214611053467,1782912509.4817998
619900,-4.903591156005859,1782912515.708391
620000,-4.840374946594238,1782912521.8309002
620100,-2.35793399810791,1782912527.9420927
620200,-2.2175302505493164,1782912534.201741
620300,0.5527108311653137,1782912540.717003
620400,-3.1028032302856445,1782912546.9078526
620500,-3.5397653579711914,1782912553.1753464
620600,-3.0403826236724854,1782912559.655698
620700,-3.2137508392333984,1782912565.9732919
620800,-1.6165467500686646,1782912572.1008575
620900,-2.3035173416137695,1782912578.3364527
621000,-3.1150476932525635,1782912584.4429564
621100,-2.730806589126587,1782912590.6694975
621200,-1.4319026470184326,1782912597.253358
621300,-4.2402143478393555,1782912603.6715362
621400,-2.1551389694213867,1782912610.1475115
621500,-3.06093692779541,1782912616.3406892
621600,-1.2782700061798096,1782912622.5473778
621700,-4.640755653381348,1782912629.0918357
621800,-1.5916767120361328,1782912635.4570074
621900,-2.646242141723633,1782912641.886061
622000,-2.4293925762176514,1782912648.4236495
622100,-3.150153160095215,1782912654.6336825
622200,-3.925686836242676,1782912661.288691
622300,-1.0584428310394287,1782912667.6833
622400,-2.5747642517089844,1782912674.1252782
622500,-2.3702540397644043,1782912680.409487
622600,0.16239988803863525,1782912686.7667649
622700,-1.6722992658615112,1782912692.8616707
622800,-1.8882859945297241,1782912699.1516159
622900,-1.9396612644195557,1782912705.5848923
623000,-1.8808631896972656,1782912711.7465532
623100,-0.7199661731719971,1782912786.88453
623200,-1.2293212413787842,1782912793.0676274
623300,-3.712006092071533,1782912799.2924993
623400,-3.179234743118286,1782912805.5923557
623500,-1.2966209650039673,1782912811.6343832
623600,-5.765997886657715,1782912817.9995198
623700,-3.699108362197876,1782912824.0421078
623800,-2.9923744201660156,1782912830.078571
623900,-3.9889073371887207,1782912836.4287324
624000,-3.242706775665283,1782912842.4737337
624100,-4.922657012939453,1782912848.7335422
624200,-4.731067180633545,1782912854.937935
624300,-0.7497459650039673,1782912861.0385127
624400,-0.3686203956604004,1782912867.1339138
624500,-3.2126054763793945,1782912873.3157814
624600,-6.261786460876465,1782912879.6000512
624700,-1.0379043817520142,1782912885.610833
624800,-1.908552885055542,1782912891.518464
624900,-2.9408459663391113,1782912897.70142
625000,-3.7806859016418457,1782912903.8478413
625100,-1.739591121673584,1782913094.634936
625200,-5.288493633270264,1782913100.498149
625300,-4.513335704803467,1782913106.480292
625400,-2.1953132152557373,1782913112.4383407
625500,-4.6263628005981445,1782913118.5280735
625600,-3.7183990478515625,1782913124.7640305
625700,-3.242755889892578,1782913130.7427788
625800,-2.7595582008361816,1782913136.8477366
625900,-2.517672300338745,1782913142.983246
626000,-3.444751262664795,1782913149.1970546
626100,-3.129051923751831,1782913155.2735922
626200,-1.3882594108581543,1782913161.4522605
626300,-2.004814624786377,1782913167.7851827
626400,-2.531949996948242,1782913173.899203
626500,-1.7882683277130127,1782913180.2615988
626600,-0.03961741924285889,1782913186.7734737
626700,-2.910465955734253,1782913193.1393285
626800,-2.203728199005127,1782913199.3200943
626900,-2.8447425365448,1782913205.521705
627000,-1.1301544904708862,1782913211.8212235
627100,-3.471081495285034,1782913218.1861582
627200,-2.8499341011047363,1782913224.33677
627300,-2.565674066543579,1782913230.6405904
627400,-4.570633888244629,1782913236.7742436
627500,-2.482658624649048,1782913242.897344
627600,-4.22504997253418,1782913249.3232207
627700,-3.186661720275879,1782913255.5486195
627800,-4.4287590980529785,1782913261.916761
627900,-2.81541109085083,1782913268.1575274
628000,-2.9636104106903076,1782913274.464255
628100,-1.780326008796692,1782913280.612926
628200,-4.6908159255981445,1782913286.878303
628300,-4.374444007873535,1782913293.1366878
628400,-3.617133378982544,1782913299.3162973
628500,-4.123299598693848,1782913305.6253262
628600,-3.222041606903076,1782913311.9320753
628700,-4.656537055969238,1782913318.1184964
628800,-2.7415637969970703,1782913324.1561196
628900,-3.5573267936706543,1782913330.3687148
629000,-3.5987768173217773,1782913336.6405756
629100,-2.225602626800537,1782913342.8557699
629200,-1.5282363891601562,1782913348.9853487
629300,-2.3348629474639893,1782913355.1567607
629400,-2.4471349716186523,1782913361.490492
629500,-3.0887887477874756,1782913367.8070874
629600,-0.11809161305427551,1782913374.1553936
629700,-0.5859956741333008,1782913380.5164983
629800,-1.158275842666626,1782913386.7169156
629900,-1.0989494323730469,1782913392.6922925
630000,-1.2090179920196533,1782913399.068533
630100,-1.667881727218628,1782913405.5238461
630200,-1.9920055866241455,1782913411.8734484
630300,-2.659534215927124,1782913418.0322378
630400,-2.4509406089782715,1782913424.1902864
630500,-3.16461181640625,1782913430.5355484
630600,-1.355926275253296,1782913437.0897987
630700,-0.3384662866592407,1782913443.5595677
630800,-3.1236283779144287,1782913449.9066713
630900,-2.2427139282226562,1782913456.1082342
631000,-0.4536471366882324,1782913462.1758916
631100,-1.9569746255874634,1782913468.3066719
631200,-4.698960781097412,1782913474.4995692
631300,-3.7997279167175293,1782913480.7987084
631400,-1.9586591720581055,1782913486.9832265
631500,-3.7026610374450684,1782913493.1973796
631600,-4.005556583404541,1782913499.659867
631700,-2.6827681064605713,1782913505.8511133
631800,-3.205824375152588,1782913511.9087303
631900,-4.27305793762207,1782913518.1195624
632000,-3.6968977451324463,1782913524.2738223
632100,-6.287206649780273,1782913530.3305767
632200,-3.4474668502807617,1782913536.7469442
632300,-2.983663558959961,1782913542.76653
632400,-4.418865203857422,1782913549.2816818
632500,-2.9966912269592285,1782913555.3528612
632600,-2.8736960887908936,1782913561.6137524
632700,-1.8276585340499878,1782913567.8532398
632800,-2.3833508491516113,1782913573.9025161
632900,-4.349340438842773,1782913580.1556165
633000,-3.53768253326416,1782913586.2468271
633100,-3.4833731651306152,1782913592.315476
633200,-2.5135133266448975,1782913598.623215
633300,-1.3750395774841309,1782913605.1386318
633400,-1.6584548950195312,1782913611.4355643
633500,-1.771982192993164,1782913617.688364
633600,-2.5690536499023438,1782913623.9246087
633700,-4.574502468109131,1782913630.1847863
633800,-4.563196659088135,1782913636.4968615
633900,-3.858279228210449,1782913642.5537717
634000,-3.8565993309020996,1782913648.8072379
634100,-2.7369604110717773,1782913655.1297839
634200,-4.515985488891602,1782913661.252768
634300,-4.366250038146973,1782913667.4273312
634400,-3.402629852294922,1782913673.7870495
634500,-0.9636819362640381,1782913680.1281784
634600,-1.2582453489303589,1782913686.33783
634700,-4.091879844665527,1782913692.732182
634800,-1.133784294128418,1782913698.868767
634900,-3.58817720413208,1782913705.0828948
635000,-2.1171295642852783,1782913711.4692569
635100,-4.641976356506348,1782913718.0213742
635200,-2.8552932739257812,1782913724.2654479
635300,-2.3169286251068115,1782913730.5833151
635400,-3.5032811164855957,1782913736.7890728
635500,-5.411160469055176,1782913743.2622807
635600,-1.0889273881912231,1782913749.6755118
635700,-2.9370555877685547,1782913755.8738425
635800,-4.526058673858643,1782913762.2228355
635900,-4.468603134155273,1782913768.4133344
636000,-2.2104268074035645,1782913774.8077762
636100,-4.026533603668213,1782913781.1992726
636200,-2.9891326427459717,1782913787.5294292
636300,-5.089803695678711,1782913793.9527082
636400,-2.2460429668426514,1782913800.0177994
636500,-4.497016906738281,1782913806.0566194
636600,-5.2575273513793945,1782913812.2213504
636700,-4.543064117431641,1782913818.2081308
636800,-0.8190320134162903,1782913824.521854
636900,-2.1490917205810547,1782913830.746793
637000,-3.8816423416137695,1782913837.0434015
637100,-3.6195240020751953,1782913843.338263
637200,-4.095860958099365,1782913849.6428912
637300,-4.506472587585449,1782913855.7044384
637400,-7.173325538635254,1782913862.0773604
637500,-2.3512516021728516,1782913868.0861192
637600,-4.667496204376221,1782913874.2267349
637700,-3.4854226112365723,1782913880.6603055
637800,-2.9206409454345703,1782913886.7228744
637900,-3.1035804748535156,1782913892.963188
638000,-4.119004249572754,1782913898.961297
638100,-1.8077454566955566,1782913905.0808797
638200,-5.103774070739746,1782913911.2662587
638300,-3.7865407466888428,1782913917.393858
638400,-4.480471134185791,1782913923.471504
638500,-5.735782623291016,1782913929.494312
638600,-3.1060073375701904,1782913935.4863322
638700,-2.308551073074341,1782913941.5757551
638800,-2.9885756969451904,1782913948.049633
638900,-1.6313788890838623,1782913954.3338616
639000,-3.1733760833740234,1782913960.5163972
639100,-3.7252321243286133,1782913966.6410785
639200,-3.7131524085998535,1782913972.9434233
639300,-2.648900032043457,1782913979.0711346
639400,-2.2036726474761963,1782913985.3399472
639500,-1.7626328468322754,1782913991.5283377
639600,-3.3951056003570557,1782913997.6554253
639700,-2.8727309703826904,1782914003.88214
639800,-2.3631510734558105,1782914009.9914877
639900,-3.27744197845459,1782914016.2918122
640000,-1.7446577548980713,1782914022.4922633
640100,-2.4229702949523926,1782914028.8037899
640200,-5.095391273498535,1782914035.01081
640300,-2.9654810428619385,1782914041.2186053
640400,-3.4350337982177734,1782914047.5577102
640500,-4.461698532104492,1782914053.8371956
640600,-3.9732871055603027,1782914060.1055417
640700,-4.454082489013672,1782914066.274188
640800,-3.3859825134277344,1782914072.717529
640900,-2.9664013385772705,1782914078.691553
641000,-3.6945271492004395,1782914084.777706
641100,-2.9689977169036865,1782914090.9174845
641200,-5.0178327560424805,1782914097.256602
641300,-5.032904624938965,1782914103.6222723
641400,-6.326764106750488,1782914109.80128
641500,-2.357905626296997,1782914116.0404918
641600,-3.9190196990966797,1782914122.328721
641700,-3.675370216369629,1782914128.4311717
641800,-3.215890884399414,1782914134.6807551
641900,-1.4409606456756592,1782914140.8321419
642000,-2.051724433898926,1782914147.0167782
642100,-2.960134983062744,1782914153.3445265
642200,-3.102039337158203,1782914159.809793
642300,-1.8267734050750732,1782914165.9881759
642400,-4.273444175720215,1782914171.9956198
642500,-1.9614826440811157,1782914178.2221646
642600,-1.971915364265442,1782914184.506255
642700,-3.7002158164978027,1782914190.8915007
642800,-3.0439653396606445,1782914197.0384996
642900,-3.3870739936828613,1782914203.2077355
643000,-0.9557254314422607,1782914209.3590186
643100,-3.2920756340026855,1782914215.582883
643200,-5.092248439788818,1782914221.6957777
643300,-4.644824028015137,1782914227.889262
643400,-4.200233459472656,1782914234.035781
643500,-1.9557459354400635,1782914240.0201747
643600,-3.4810099601745605,1782914246.0626593
643700,-4.756357669830322,1782914252.243077
643800,-3.5228524208068848,1782914258.405426
643900,-4.56076192855835,1782914264.602793
644000,-4.442336082458496,1782914270.7036555
644100,-4.539576053619385,1782914276.850132
644200,-4.679352760314941,1782914283.111603
644300,-4.8454270362854,1782914289.1409867
644400,-4.6786909103393555,1782914295.3618586
644500,-4.069064140319824,1782914301.4807801
644600,-2.738640308380127,1782914307.6453676
644700,-4.295229434967041,1782914313.8894641
644800,-3.7002406120300293,1782914320.1930006
644900,-3.551136016845703,1782914326.2568583
645000,-4.221273899078369,1782914332.4011154
645100,-2.853201389312744,1782914338.4537652
645200,-4.209084987640381,1782914344.748487
645300,-3.288386583328247,1782914351.1868792
645400,-1.248501181602478,1782914357.2268417
645500,-3.612285852432251,1782914363.4901493
645600,-3.2665352821350098,1782914369.7145598
645700,-4.735439300537109,1782914376.0069537
645800,-2.668896198272705,1782914382.2210555
645900,-2.3543031215667725,1782914388.4405317
646000,-1.4307972192764282,1782914394.7387128
646100,-2.5796711444854736,1782914400.8525116
646200,-2.6699304580688477,1782914406.9868364
646300,-4.045534133911133,1782914413.3680897
646400,-3.5766243934631348,1782914419.6427474
646500,-0.44712740182876587,1782914425.7351167
646600,-2.9144341945648193,1782914431.894962
646700,-4.596765518188477,1782914438.0875084
646800,-3.3121235370635986,1782914444.2412536
646900,-4.883131980895996,1782914450.2933476
647000,-1.4846155643463135,1782914456.587504
647100,-1.3231630325317383,1782914463.0148325
647200,-2.557544231414795,1782914469.0557203
647300,-3.918278694152832,1782914475.2494664
647400,-3.244054079055786,1782914481.45374
647500,-1.9983127117156982,1782914487.6793094
647600,-2.4324393272399902,1782914494.1581333
647700,-2.3941779136657715,1782914500.2167025
647800,-1.8214102983474731,1782914506.340183
647900,0.4129965901374817,1782914512.6872592
648000,-1.514091968536377,1782914518.9711416
648100,-1.7285088300704956,1782914525.153769
648200,-3.2630867958068848,1782914531.3859785
648300,-3.2732620239257812,1782914537.4517863
648400,-0.8607714176177979,1782914543.607769
648500,-0.46929341554641724,1782914549.739707
648600,-0.7717545032501221,1782914555.9903693
648700,-1.9000155925750732,1782914562.0790641
648800,-0.6705212593078613,1782914568.289245
648900,-2.2447893619537354,1782914574.6384609
649000,-2.4244296550750732,1782914580.919372
649100,0.7177625298500061,1782914587.2180836
649200,-2.3488147258758545,1782914593.5047784
649300,-1.3586379289627075,1782914599.724622
649400,1.657801866531372,1782914606.0635834
649500,-3.588107109069824,1782914612.1867268
649600,-3.706735610961914,1782914618.5722399
649700,-1.0601954460144043,1782914624.803482
649800,-2.969968318939209,1782914631.0836494
649900,-1.9930800199508667,1782914637.3483293
650000,-1.0554907321929932,1782915643.7720413
650100,-2.3281593322753906,1782915832.7622874
650200,-1.0930838584899902,1782915838.8958678
650300,-3.888410806655884,1782915845.1226082
650400,-1.4267916679382324,1782915851.076177
650500,-1.3802241086959839,1782915857.1016278
650600,-1.45084810256958,1782915863.2848458
650700,-3.6635677814483643,1782915869.42114
650800,-2.9595394134521484,1782915875.526347
650900,-2.285243272781372,1782916065.2257032
651000,-3.166376829147339,1782916070.8568146
651100,-0.2559436559677124,1782916076.5224998
651200,-2.080325126647949,1782916082.1530902
651300,-2.7163305282592773,1782916087.828456
651400,-1.441967487335205,1782916093.7256708
651500,-0.9399635195732117,1782916100.199244
651600,-3.4945685863494873,1782916106.565943
651700,-2.130312204360962,1782916113.1215754
651800,-0.5121721029281616,1782916119.585257
651900,-2.079146385192871,1782916126.4168086
652000,-1.6629170179367065,1782916132.9054008
652100,0.48717278242111206,1782916139.55361
652200,-2.770390033721924,1782916146.4607332
652300,-2.651933193206787,1782916153.0462732
652400,0.6708459854125977,1782916159.8242962
652500,-2.0868470668792725,1782916166.3567677
652600,-3.1190693378448486,1782916173.215097
652700,-2.588886260986328,1782916179.7039673
652800,-3.1106462478637695,1782916186.1695051
652900,-1.5294512510299683,1782916192.5572228
653000,-3.267617702484131,1782916199.013854
653100,-2.4405760765075684,1782916205.381345
653200,-1.1352994441986084,1782916212.1525674
653300,-3.84024715423584,1782916218.5346596
653400,1.1381893157958984,1782916225.3733463
653500,-2.936408758163452,1782916231.927381
653600,-1.8116098642349243,1782916238.551717
653700,-0.9548343420028687,1782916245.23881
653800,-0.5220662355422974,1782916251.7331839
653900,-3.20723819732666,1782916258.2522905
654000,-2.0172431468963623,1782916264.6951783
654100,-1.603437066078186,1782916271.516439
654200,-0.7986221313476562,1782916277.9688098
654300,-1.9220623970031738,1782916284.4383655
654400,-2.9251325130462646,1782916290.8386488
654500,-0.7556542754173279,1782916297.2712405
654600,-2.7344462871551514,1782916303.7803476
654700,-4.823160648345947,1782916310.7138343
654800,-3.8969566822052,1782916317.3571923
654900,-4.44989538192749,1782916324.149094
655000,-3.2901344299316406,1782916331.0239027
655100,-4.771499156951904,1782916337.5248213
655200,-4.514915466308594,1782916344.0188618
655300,-3.3576810359954834,1782916350.7793643
655400,-3.926013469696045,1782916357.4011624
655500,-4.001095771789551,1782916363.86054
655600,-4.337388515472412,1782916370.587223
655700,-2.950984477996826,1782916377.2871382
655800,-3.29707932472229,1782916383.9931705
655900,-3.7522120475769043,1782916390.7064967
656000,-2.4150893688201904,1782916397.1774063
656100,-6.067237377166748,1782916403.8523145
656200,-4.887728691101074,1782916410.6997137
656300,-5.575495719909668,1782916417.269969
656400,-1.2444944381713867,1782916423.918127
656500,-4.831588268280029,1782916430.3841977
656600,-2.4589972496032715,1782916436.7940836
656700,-4.5548295974731445,1782916443.549127
656800,-2.6451327800750732,1782916450.0020318
656900,-1.2873246669769287,1782916456.4389336
657000,-4.810400485992432,1782916463.2625356
657100,-2.8245482444763184,1782916469.9689002
657200,-4.050993919372559,1782916476.6868649
657300,-1.3668618202209473,1782916483.3152876
657400,-2.3882312774658203,1782916489.978122
657500,-3.6567163467407227,1782916496.71343
657600,-3.5521388053894043,1782916503.223604
657700,-2.173316717147827,1782916509.8850944
657800,-2.86612606048584,1782916516.5359108
657900,-0.1174846887588501,1782916523.0496848
658000,-3.5203261375427246,1782916529.835155
658100,-2.936161518096924,1782916536.1502886
658200,-4.142653465270996,1782916542.8393822
658300,-3.0419576168060303,1782916549.336923
658400,-3.906012535095215,1782916556.2224052
658500,-1.656759262084961,1782916562.8384047
658600,-4.046970844268799,1782916569.5047328
658700,-1.8821362257003784,1782916576.119921
658800,-2.774937868118286,1782916582.7457974
658900,-3.7339072227478027,1782916589.2969835
659000,-4.741357803344727,1782916595.7983298
659100,-4.653328895568848,1782916602.4331563
659200,-3.8856558799743652,1782916608.6855466
659300,-2.7745232582092285,1782916614.9025295
659400,-2.7649872303009033,1782916620.9373357
659500,-3.4544315338134766,1782916627.1832108
659600,-1.1332592964172363,1782916633.288096
659700,-4.44354772567749,1782916639.384853
659800,-3.039181709289551,1782916645.8794973
659900,-2.9174180030822754,1782916652.4457226
660000,-3.69956636428833,1782916658.7290182
660100,-1.684621810913086,1782916665.0023446
660200,-3.832068681716919,1782916670.9096544
660300,-4.112329483032227,1782916676.9847972
660400,-3.9060564041137695,1782916683.205382
660500,-1.9456802606582642,1782916689.257394
660600,-4.924694538116455,1782916695.2348578
660700,-1.8105406761169434,1782916701.583371
660800,-3.6603574752807617,1782916707.6173167
660900,-6.0654826164245605,1782916713.8701665
661000,-4.8161234855651855,1782916719.998645
661100,-5.083871841430664,1782916726.1928673
661200,-2.8586413860321045,1782916732.2407548
661300,-4.184765338897705,1782916738.3087745
661400,-3.6600136756896973,1782916744.4396973
661500,-4.497254371643066,1782916750.5961144
661600,-2.5127198696136475,1782916756.7776856
661700,-3.5361242294311523,1782916763.0176485
661800,-4.219728946685791,1782916769.0410967
661900,-3.681689739227295,1782916775.0146525
662000,-4.494344711303711,1782916781.433323
662100,-5.065295219421387,1782916787.4415479
662200,-3.1863903999328613,1782916793.6224043
662300,-3.0310473442077637,1782916799.7543426
662400,-5.2992753982543945,1782916805.8362823
662500,-6.791260719299316,1782916811.6931255
662600,-7.073548316955566,1782916817.7527263
662700,-3.3305976390838623,1782916823.8736417
662800,-5.725407600402832,1782916829.8626184
662900,-4.553552627563477,1782916836.09928
663000,-6.040380477905273,1782916842.1045327
663100,-4.226130962371826,1782916848.3589158
663200,-3.2108726501464844,1782916854.2221494
663300,-4.758033752441406,1782916860.2394106
663400,-4.123554229736328,1782916866.446199
663500,-5.6701555252075195,1782916872.4554405
663600,-3.785259246826172,1782916878.8830361
663700,-2.748258113861084,1782916885.229397
663800,-4.7810821533203125,1782916891.3165898
663900,-4.629539489746094,1782916897.6413097
664000,-2.7654125690460205,1782916903.9448137
664100,-4.04954719543457,1782916910.2728648
664200,-4.922762870788574,1782916916.4958055
664300,-5.299039840698242,1782916922.7383099
664400,-5.201866626739502,1782916928.872851
664500,-5.931798458099365,1782916935.200118
664600,-3.992959499359131,1782916941.0675511
664700,-3.060171365737915,1782916947.0789337
664800,-2.146859645843506,1782916953.0405483
664900,-3.2621383666992188,1782916958.9155362
665000,-3.212735176086426,1782916965.2015808
665100,-4.128664970397949,1782916971.5467298
665200,-4.588794708251953,1782916977.5687397
665300,-4.7358903884887695,1782916983.505359
665400,-2.946263551712036,1782916989.5740032
665500,-5.056107521057129,1782916995.689693
665600,-2.967499256134033,1782917001.8618393
665700,-5.1361799240112305,1782917007.8960078
665800,-3.0252292156219482,1782917014.1741495
665900,-1.6887555122375488,1782917020.2989938
666000,-2.387479305267334,1782917026.9735339
666100,-5.1549859046936035,1782917033.496628
666200,-2.2470192909240723,1782917040.0543206
666300,-4.264170169830322,1782917046.6971726
666400,-3.425121307373047,1782917053.3768146
666500,-4.367713451385498,1782917060.1517177
666600,-3.9732556343078613,1782917066.6844828
666700,-4.511255741119385,1782917073.2421312
666800,-4.91787576675415,1782917079.8081505
666900,-4.965648651123047,1782917086.424204
667000,-3.642632246017456,1782917093.2167091
667100,-4.814361572265625,1782917099.8835747
667200,-4.370378494262695,1782917106.5115535
667300,-3.601789951324463,1782917113.212727
667400,-3.1511342525482178,1782917119.6267085
667500,-2.7729599475860596,1782917126.1371384
667600,-3.6835646629333496,1782917132.8341715
667700,-4.820312023162842,1782917139.414345
667800,-3.709944725036621,1782917145.7849936
667900,-2.7400875091552734,1782917152.2473981
668000,-2.7070677280426025,1782917158.9986424
668100,-1.0828936100006104,1782917165.2523758
668200,-3.1303906440734863,1782917171.3125448
668300,-4.344498634338379,1782917177.4281769
668400,-4.400421142578125,1782917183.4494011
668500,-4.49835729598999,1782917189.7438602
668600,-5.410806179046631,1782917195.7828104
668700,-3.452205181121826,1782917202.0863647
668800,-1.6335744857788086,1782917208.1380465
668900,-4.042574405670166,1782917214.4905977
669000,-3.219919443130493,1782917220.6198883
669100,-3.44577693939209,1782917226.883889
669200,-1.2337417602539062,1782917233.051651
669300,-2.594005584716797,1782917239.0491025
669400,-2.2558717727661133,1782917245.0274267
669500,-3.484025239944458,1782917251.305737
669600,-3.9479057788848877,1782917257.6883674
669700,-4.80217170715332,1782917263.8537397
669800,-3.1411569118499756,1782917270.1818633
669900,-4.275479316711426,1782917276.3142729
670000,-3.4289488792419434,1782917282.4625845
670100,-5.734434127807617,1782917288.6874795
670200,-3.7448649406433105,1782917294.6582868
670300,-5.176061630249023,1782917300.7162254
670400,-3.983738660812378,1782917306.9625096
670500,-5.5772576332092285,1782917312.8534966
670600,-5.846372127532959,1782917319.054718
670700,-5.508988380432129,1782917324.9153178
670800,-5.290956497192383,1782917330.795995
670900,-2.796455144882202,1782917336.759218
671000,-4.5896172523498535,1782917342.8316174
671100,-3.9260478019714355,1782917348.6972013
671200,-3.991394519805908,1782917354.7038164
671300,-6.689220428466797,1782917360.8010256
671400,-4.920330047607422,1782917367.2146444
671500,-4.740215301513672,1782917373.3657134
671600,-5.21067476272583,1782917379.3039095
671700,-3.173365592956543,1782917385.617382
671800,-6.00687313079834,1782917391.9806514
671900,-3.903625965118408,1782917398.115025
672000,-4.246809005737305,1782917404.303284
672100,-5.643129825592041,1782917410.4178958
672200,-3.7809064388275146,1782917416.6533053
672300,-4.563943862915039,1782917422.5380807
672400,-3.089639663696289,1782917428.8483305
672500,-4.516141891479492,1782917434.9363792
672600,-5.110320091247559,1782917441.0922613
672700,-5.587866306304932,1782917447.379914
672800,-5.201077461242676,1782917453.4453146
672900,-7.2367048263549805,1782917459.6348848
673000,-3.524979591369629,1782917465.8486784
673100,-5.753889083862305,1782917471.9396665
673200,-2.4771218299865723,1782917478.139574
673300,-4.2739176750183105,1782917484.2451472
673400,-6.414548873901367,1782917490.369029
673500,-4.879428386688232,1782917496.4402208
673600,-5.037879467010498,1782917502.6245475
673700,-3.086284637451172,1782917508.757712
673800,-4.216852188110352,1782917514.7670283
673900,-5.955424785614014,1782917521.2506614
674000,-6.377781391143799,1782917527.6308875
674100,-4.102936267852783,1782917533.9371376
674200,-5.247408866882324,1782917540.2082314
674300,-3.6491904258728027,1782917546.3814204
674400,-4.5894317626953125,1782917552.717982
674500,-5.136933326721191,1782917559.056624
674600,-6.032482624053955,1782917565.2178755
674700,-5.145498275756836,1782917571.4892714
674800,-3.356443405151367,1782917577.6875348
674900,-4.710540771484375,1782917583.8134596
675000,-4.163038730621338,1782917589.9649136
675100,-4.3555803298950195,1782917768.5043142
675200,-5.376712322235107,1782917774.5860171
675300,-5.2993059158325195,1782917780.6562078
675400,-3.9834232330322266,1782917786.761025
675500,-4.941833019256592,1782917792.8625739
675600,-5.262074947357178,1782917799.3069701
675700,-2.4368276596069336,1782917805.4861698
675800,-4.655174732208252,1782917811.562812
675900,-4.167374134063721,1782917817.77602
676000,-2.128350019454956,1782917824.022896
676100,-5.3796000480651855,1782917830.121163
676200,-3.064466714859009,1782917836.395768
676300,-3.3201236724853516,1782917842.4339843
676400,-3.52622652053833,1782917848.6173358
676500,-2.3150863647460938,1782917854.8997064
676600,-3.8905835151672363,1782917861.1414177
676700,-2.545952320098877,1782917867.0510054
676800,-5.22784423828125,1782917873.2194965
676900,-3.066316843032837,1782917879.6355586
677000,-3.5613555908203125,1782917885.714988
677100,-3.6799585819244385,1782917891.9534903
677200,-3.994861602783203,1782917898.1914053
677300,-4.285697937011719,1782917904.5340621
677400,-3.8159351348876953,1782917910.6607163
677500,-5.899270057678223,1782917916.7511265
677600,-4.7592644691467285,1782917922.781984
677700,-4.173447132110596,1782917929.0732434
677800,-3.3780107498168945,1782917935.1549647
677900,-4.463155269622803,1782917941.3857641
678000,-4.419709205627441,1782917947.348655
678100,-5.558015823364258,1782917953.4307556
678200,-4.204514980316162,1782917959.5548725
678300,-4.948956489562988,1782917965.5564268
678400,-6.519000053405762,1782917971.5719562
678500,-5.365049839019775,1782917977.707477
678600,-4.909360408782959,1782917983.6721716
678700,-3.387772560119629,1782917989.8111005
678800,-6.224887371063232,1782917995.7867167
678900,-5.900612831115723,1782918002.0421968
679000,-4.272388458251953,1782918008.2366853
679100,-4.854611396789551,1782918014.5064719
679200,-6.767499923706055,1782918020.690151
679300,-4.154387474060059,1782918026.8717287
679400,-4.214620113372803,1782918032.8884397
679500,-4.582500457763672,1782918039.0373147
679600,-4.582913875579834,1782918045.1024034
679700,-5.801682949066162,1782918051.2194011
679800,-4.5652875900268555,1782918057.46159
679900,-1.757595181465149,1782918063.6918368
680000,-2.0833675861358643,1782918069.7841208
680100,-4.099551200866699,1782918075.8346972
680200,-3.759100914001465,1782918081.8487856
680300,-0.9587500095367432,1782918087.8304904
680400,-2.8167951107025146,1782918093.9213307
680500,0.5450192093849182,1782918099.84301
680600,-3.0054707527160645,1782918105.9661965
680700,-2.932176113128662,1782918111.835663
680800,-4.170229434967041,1782918117.7140813
680900,-4.215935230255127,1782918123.802324
681000,-3.6704163551330566,1782918129.8429935
681100,-4.130040168762207,1782918135.9178793
681200,-3.7085976600646973,1782918141.9790814
681300,-1.8892385959625244,1782918148.075271
681400,-1.9731271266937256,1782918154.3051069
681500,-2.7548296451568604,1782918160.1004527
681600,-1.7218589782714844,1782918166.3918104
681700,-2.48498797416687,1782918172.5425963
681800,-2.506862163543701,1782918178.8350918
681900,-2.1032981872558594,1782918184.8205314
682000,-2.933802604675293,1782918191.0723097
682100,-2.3232531547546387,1782918197.0460613
682200,-2.304347276687622,1782918203.3074875
682300,-2.6735141277313232,1782918209.3509738
682400,-3.661452293395996,1782918215.8365345
682500,-3.5794901847839355,1782918222.0852506
682600,-2.4101030826568604,1782918228.2001083
682700,-3.6236085891723633,1782918234.3739452
682800,-2.046401023864746,1782918240.2906458
682900,-3.020587205886841,1782918246.460593
683000,-2.6169471740722656,1782918252.4076657
683100,-2.901179075241089,1782918258.3957272
683200,-2.1899983882904053,1782918264.405631
683300,-1.8624939918518066,1782918270.2873428
683400,-2.9434943199157715,1782918276.2955327
683500,-0.9492559432983398,1782918282.4685516
683600,-3.283529758453369,1782918288.4224288
683700,-2.7905678749084473,1782918294.3288584
683800,-2.4969451427459717,1782918300.4037068
683900,-2.0624840259552,1782918306.4260266
684000,-3.022486448287964,1782918312.448927
684100,-3.1495981216430664,1782918318.662669
684200,-2.8278095722198486,1782918324.8485703
684300,-4.412745952606201,1782918330.8870738
684400,-2.854501962661743,1782918337.3166358
684500,-3.575916290283203,1782918343.3583739
684600,-4.5360846519470215,1782918349.3404133
684700,-0.547278881072998,1782918355.4670682
684800,-2.8500640392303467,1782918361.82809
684900,-4.296483516693115,1782918367.8667452
685000,-2.87532901763916,1782918374.1956418
685100,-5.869851589202881,1782918380.3792815
685200,-2.9257514476776123,1782918386.5181897
685300,-4.582492828369141,1782918392.593414
685400,-4.074400901794434,1782918398.868524
685500,-2.5319809913635254,1782918405.1934295
685600,-2.5859665870666504,1782918411.43099
685700,-4.886575698852539,1782918417.8725884
685800,-2.098092794418335,1782918424.0158534
685900,-3.9561679363250732,1782918430.4450967
686000,-3.583874225616455,1782918436.7719336
686100,-3.3220977783203125,1782918443.1889482
686200,-5.0097198486328125,1782918449.41496
686300,-2.4804129600524902,1782918455.7013822
686400,-1.2136046886444092,1782918461.8932486
686500,-2.3700177669525146,1782918468.2148263
686600,-5.906290054321289,1782918474.3401294
686700,-5.434964656829834,1782918480.5794165
686800,-5.889042854309082,1782918486.819416
686900,-3.7785043716430664,1782918493.1268036
687000,-3.959798574447632,1782918499.3115914
687100,-4.6840643882751465,1782918505.4332297
687200,-5.517780303955078,1782918511.6815457
687300,-4.120913505554199,1782918517.9986005
687400,-3.4529943466186523,1782918524.1341252
687500,-5.431955337524414,1782918530.1216567
687600,-3.953397750854492,1782918536.3298929
687700,-3.933800220489502,1782918542.5639892
687800,-2.6968255043029785,1782918548.4388058
687900,-3.0508997440338135,1782918554.3919811
688000,-4.794010639190674,1782918560.7789223
688100,-1.4987894296646118,1782918566.840418
688200,-1.6377676725387573,1782918572.955109
688300,-4.859767913818359,1782918579.1507123
688400,-2.667421340942383,1782918585.302404
688500,-2.562026023864746,1782918591.5505364
688600,-3.6522216796875,1782918597.5717046
688700,-1.6083916425704956,1782918603.979603
688800,-3.5990967750549316,1782918610.1187038
688900,-3.0825490951538086,1782918616.3850355
689000,-4.961982250213623,1782918622.2956014
689100,-4.973806381225586,1782918628.6830513
689200,-3.453118324279785,1782918634.8331664
689300,-3.890122413635254,1782918641.073023
689400,-2.966979503631592,1782918647.0148706
689500,-2.86759877204895,1782918653.2977355
689600,-3.6814920902252197,1782918659.5339308
689700,-2.720643997192383,1782918665.6095846
689800,-6.591655731201172,1782918671.8663607
689900,-3.824345111846924,1782918677.9457362
690000,-1.304137945175171,1782918684.0205407
690100,-4.327681064605713,1782918690.2507145
690200,-3.7194790840148926,1782918696.6127818
690300,-2.092404842376709,1782918702.7688599
690400,-4.407131671905518,1782918708.8466783
690500,-4.351554870605469,1782918714.978831
690600,-4.8434648513793945,1782918721.1639316
690700,-4.112567901611328,1782918727.460272
690800,-2.905264377593994,1782918733.7441938
690900,-3.634364604949951,1782918739.9265473
691000,-3.997687578201294,1782918746.094027
691100,-2.912205219268799,1782918752.3184955
691200,-3.1150293350219727,1782918758.4096408
691300,-3.0758471488952637,1782918764.387802
691400,-3.941932201385498,1782918770.7119641
691500,-2.9351930618286133,1782918776.7080646
691600,-1.404717206954956,1782918782.7308486
691700,-5.264219760894775,1782918788.9406745
691800,-3.998352527618408,1782918794.9817104
691900,-4.87663459777832,1782918801.2601407
692000,-2.196838855743408,1782918807.414123
692100,-2.6024389266967773,1782918813.3623238
692200,-5.151907920837402,1782918819.3387036
692300,-4.735304355621338,1782918825.4414275
692400,-4.1731085777282715,1782918831.4693794
692500,-3.8504743576049805,1782918837.7182214
692600,-2.8395628929138184,1782918843.9719217
692700,-6.462014198303223,1782918850.088269
692800,-4.050052165985107,1782918856.3614604
692900,-2.8989577293395996,1782918862.5105405
693000,-3.0874764919281006,1782918868.6567142
693100,-2.734434127807617,1782918874.7153957
693200,-3.3814032077789307,1782918880.950369
693300,-3.7902474403381348,1782918887.0233235
693400,-4.589961051940918,1782918893.2566338
693500,-4.100473403930664,1782918899.34542
693600,-5.26221227645874,1782918905.495783
693700,-2.913799524307251,1782918911.7065885
693800,-5.91438627243042,1782918917.8508508
693900,-5.154856204986572,1782918924.128424
694000,-4.545214653015137,1782918930.2977877
694100,-4.406556129455566,1782918936.5000913
694200,-1.5853885412216187,1782918942.6409178
694300,-3.7107973098754883,1782918948.7482584
694400,-4.70052433013916,1782918954.8575478
694500,-5.328812599182129,1782918960.9403691
694600,-2.7640016078948975,1782918967.1964867
694700,-4.147157669067383,1782918973.257242
694800,-3.2020134925842285,1782918979.2346277
694900,-3.9378223419189453,1782918985.349019
695000,-4.185970306396484,1782918991.415473
695100,-3.0141119956970215,1782918997.3794105
695200,-3.747291326522827,1782919003.5631313
695300,-5.341833591461182,1782919009.6907525
695400,-2.6501784324645996,1782919015.6186187
695500,-6.0210113525390625,1782919021.933201
695600,-5.5738372802734375,1782919028.1052787
695700,-4.072829246520996,1782919034.4696712
695800,-4.657778739929199,1782919040.476627
695900,-3.843095541000366,1782919046.5858757
696000,-2.2159054279327393,1782919052.5923555
696100,-4.267636299133301,1782919058.646871
696200,-4.55753231048584,1782919065.0046887
696300,-2.6394755840301514,1782919071.266624
696400,-3.343417167663574,1782919077.3311598
696500,-3.227994680404663,1782919083.371291
696600,-5.86993408203125,1782919089.4055455
696700,-2.2897517681121826,1782919095.600142
696800,-4.89774751663208,1782919101.937315
696900,-4.454988479614258,1782919107.9509947
697000,-3.1179556846618652,1782919114.06534
697100,-4.010458946228027,1782919120.116929
697200,-3.073862075805664,1782919126.572949
697300,-4.203716278076172,1782919132.752492
697400,-1.6775250434875488,1782919139.1213508
697500,-3.8657264709472656,1782919145.378992
697600,-4.832212448120117,1782919151.4408576
697700,-2.1687216758728027,1782919157.717544
697800,-3.8782601356506348,1782919163.6650558
697900,-4.629934310913086,1782919170.092954
698000,-6.672607421875,1782919176.4118385
698100,-5.9062886238098145,1782919182.4231083
698200,-5.635923862457275,1782919188.7483141
698300,-2.9636921882629395,1782919195.140432
698400,-2.041863441467285,1782919201.0762405
698500,-2.488048553466797,1782919207.2245867
698600,-4.560802936553955,1782919213.4733999
698700,-4.7950849533081055,1782919219.808604
698800,-4.035425186157227,1782919226.0195081
698900,-3.7361345291137695,1782919232.3121088
699000,-3.920158863067627,1782919238.4154131
699100,-4.313782691955566,1782919244.5681102
699200,-2.089679002761841,1782919250.724809
699300,-1.7339129447937012,1782919256.9666407
699400,-1.7016749382019043,1782919263.0539606
699500,-2.618232250213623,1782919269.197954
699600,-5.441933631896973,1782919275.306105
699700,-3.2303466796875,1782919281.4345243
699800,-1.375851035118103,1782919287.586578
699900,-3.177860736846924,1782919293.7474792
700000,-4.495676040649414,1783345544.9426854
700100,-3.6429288387298584,1783345703.1880956
700200,-4.054790496826172,1783345709.3313046
700300,-3.1533055305480957,1783345715.5290914
700400,-6.000714302062988,1783345721.714684
700500,-2.239365816116333,1783345728.1962328
700600,-3.632833480834961,1783345734.5025556
700700,-2.7937746047973633,1783345740.6221216
700800,-4.208911895751953,1783345746.797573
700900,-3.706800699234009,1783345752.9345956
701000,-4.886197566986084,1783345758.9504144
701100,-5.186589241027832,1783345765.3999188
701200,-2.8281736373901367,1783345771.4256694
701300,-5.85154914855957,1783345777.582604
701400,-6.183841705322266,1783345783.7637568
701500,-4.059596061706543,1783345790.115528
701600,-3.720207691192627,1783345796.1121974
701700,-1.386348843574524,1783345802.30384
701800,-1.509376883506775,1783345808.3777113
701900,-3.9471521377563477,1783345814.3371956
702000,-6.045836448669434,1783345820.3157322
702100,-6.55331563949585,1783345826.5861688
702200,-6.2983198165893555,1783345832.7035391
702300,-6.964890480041504,1783345838.9727716
702400,-3.9162240028381348,1783345845.195961
702500,-6.074210166931152,1783345851.496847
702600,-5.225980281829834,1783345857.8017387
702700,-4.861849784851074,1783345864.0244749
702800,-5.4085493087768555,1783345870.0664942
702900,-5.128301620483398,1783345876.1745968
703000,-2.7240254878997803,1783345882.2328277
703100,-4.124590873718262,1783345888.4032695
703200,-2.0158896446228027,1783345894.4408317
703300,-3.622152328491211,1783345900.713901
703400,-5.880202293395996,1783345907.0283914
703500,-6.768911361694336,1783345913.2106411
703600,-3.5318970680236816,1783345919.374457
703700,-4.661229133605957,1783345925.660148
703800,-6.599717140197754,1783345931.8005104
703900,-4.527186393737793,1783345938.0034049
704000,-4.301641464233398,1783345944.0742297
704100,-3.8538765907287598,1783345950.475221
704200,-3.4629406929016113,1783345956.5113502
704300,-4.4702677726745605,1783345962.617123
704400,-4.513911724090576,1783345968.8422005
704500,-5.812450408935547,1783345974.8634145
704600,-5.345556259155273,1783345980.8875318
704700,-3.001145362854004,1783345987.090638
704800,-5.013913154602051,1783345993.2029605
704900,-2.4468705654144287,1783345999.4557893
705000,-4.5596442222595215,1783346005.7798562
705100,-2.3658676147460938,1783346012.1406617
705200,-4.664224624633789,1783346018.4571478
705300,-1.2361092567443848,1783346024.7448118
705400,-2.4165287017822266,1783346030.8144026
705500,-4.252080917358398,1783346036.957404
705600,-4.66759729385376,1783346043.2871506
705700,-6.192377090454102,1783346049.4330847
705800,-2.9446725845336914,1783346055.519104
705900,-3.854511022567749,1783346061.5907829
706000,-2.1584091186523438,1783346067.7554562
706100,-1.7631244659423828,1783346073.979432
706200,-4.894563674926758,1783346080.432427
706300,-2.4236834049224854,1783346086.5918095
706400,-5.554025650024414,1783346092.8441274
706500,-3.7245399951934814,1783346098.8840363
706600,-5.698467254638672,1783346105.2598238
706700,-3.261322021484375,1783346111.4314027
706800,-3.5731430053710938,1783346117.5336418
706900,-4.950567245483398,1783346123.65075
707000,-4.859066486358643,1783346129.7551582
707100,-4.873996734619141,1783346135.934743
707200,-5.439255714416504,1783346142.3313162
707300,-3.62981915473938,1783346148.788231
707400,-3.902555465698242,1783346155.219217
707500,-2.3446297645568848,1783346161.692201
707600,-2.8772928714752197,1783346167.9953918
707700,-2.421548366546631,1783346174.1609287
707800,-2.243846893310547,1783346180.3992558
707900,-1.4169706106185913,1783346186.5479145
708000,-3.0651402473449707,1783346192.8992817
708100,-1.9767770767211914,1783346199.2656674
708200,-3.818380832672119,1783346205.372167
708300,-4.014918804168701,1783346211.4805522
708400,-2.39628005027771,1783346217.6561606
708500,-3.082599639892578,1783346223.8077552
708600,-5.855192184448242,1783346229.8949723
708700,-2.6712427139282227,1783346236.1230628
708800,-4.90841007232666,1783346242.1430268
708900,-4.337662696838379,1783346248.3211083
709000,-4.433526515960693,1783346254.652353
709100,-2.7845704555511475,1783346260.9978073
709200,-4.865317344665527,1783346267.2858279
709300,-3.3577587604522705,1783346273.3798883
709400,-3.5546023845672607,1783346279.850494
709500,-3.9314818382263184,1783346286.1906624
709600,-5.1067399978637695,1783346292.2821774
709700,-4.428845405578613,1783346298.4542458
709800,-3.46794056892395,1783346304.7594414
709900,-4.107691764831543,1783346310.833584
710000,-1.3943586349487305,1783346316.9204648
710100,-6.25785493850708,1783346323.0973113
710200,-3.609022617340088,1783346329.0574224
710300,-1.8488844633102417,1783346335.0671506
710400,-3.861541271209717,1783346341.0652018
710500,-4.069781303405762,1783346347.2118597
710600,-4.16082239151001,1783346353.2699583
710700,-4.05078649520874,1783346359.345838
710800,-3.1499171257019043,1783346365.579912
710900,-4.788264274597168,1783346371.6210778
711000,-3.959259510040283,1783346378.0304136
711100,-2.690192461013794,1783346384.328772
711200,-5.7342753410339355,1783346390.538128
711300,-3.737647533416748,1783346396.6584241
711400,-5.5098557472229,1783346402.8834713
711500,-4.428097724914551,1783346409.0248828
711600,-5.433230400085449,1783346415.2318137
711700,-6.076364994049072,1783346421.7017705
711800,-3.9619903564453125,1783346427.7900555
711900,-4.605676651000977,1783346433.9901435
712000,-6.714428901672363,1783346440.2102501
712100,-3.4054574966430664,1783346446.3883207
712200,-3.098210096359253,1783346452.557501
712300,-3.907378673553467,1783346458.831567
712400,-6.7609734535217285,1783346465.041531
712500,-2.944282054901123,1783346471.1574597
712600,-3.3952770233154297,1783346477.258068
712700,-4.585058212280273,1783346483.514084
712800,-3.2611634731292725,1783346489.8103771
712900,-4.256782054901123,1783346496.1684508
713000,-3.2483346462249756,1783346502.3526661
713100,-3.794976234436035,1783346508.7283092
713200,-0.662355899810791,1783346514.7739577
713300,-2.6164591312408447,1783346521.091839
713400,-3.3130829334259033,1783346527.3586102
713500,-4.726596832275391,1783346533.6537867
713600,-3.7080724239349365,1783346539.8564224
713700,-4.930904388427734,1783346545.94761
713800,-5.479203701019287,1783346552.325476
713900,-4.570605754852295,1783346558.4463549
714000,-5.726346492767334,1783346564.6827354
714100,-3.0363845825195312,1783346570.6793911
714200,-4.566011905670166,1783346576.8069146
714300,-3.513176441192627,1783346582.9308753
714400,-6.01699161529541,1783346589.1198704
714500,-4.966599464416504,1783346595.42106
714600,-5.125936508178711,1783346601.6209362
714700,-1.0856802463531494,1783346607.6408422
714800,-4.092105865478516,1783346613.9938369
714900,-2.63328218460083,1783346620.0862086
715000,-2.785844326019287,1783346626.1683748
715100,-6.548460960388184,1783346632.2372692
715200,-3.662334442138672,1783346638.089816
715300,-4.238070011138916,1783346644.2477403
715400,-3.106489896774292,1783346650.3906512
715500,-1.6549897193908691,1783346656.682264
715600,-3.2993662357330322,1783346662.8514733
715700,-2.3787617683410645,1783346669.2141964
715800,-3.7649283409118652,1783346675.3182204
715900,-4.838456630706787,1783346681.5384154
716000,-4.193049430847168,1783346687.8792834
716100,-5.696837425231934,1783346694.1412094
716200,-4.481101036071777,1783346700.3236315
716300,-1.7263376712799072,1783346706.5679452
716400,-2.0900566577911377,1783346712.5330694
716500,-5.183938503265381,1783346718.7338638
716600,-2.079232931137085,1783346725.022447
716700,-1.8718215227127075,1783346731.1235309
716800,-3.218215227127075,1783346737.2886782
716900,-4.642253875732422,1783346743.3052378
717000,-2.0151665210723877,1783346749.4328394
717100,-3.8090171813964844,1783346755.5479999
717200,-1.8582899570465088,1783346761.9603863
717300,-1.9930261373519897,1783346768.1468127
717400,-3.3329238891601562,1783346774.348841
717500,-1.1563841104507446,1783346780.4368715
717600,-2.7499783039093018,1783346786.6076326
717700,-2.471372604370117,1783346792.9722383
717800,-2.636847972869873,1783346799.21408
717900,-1.1908886432647705,1783346805.5652363
718000,-3.1229305267333984,1783346811.8294995
718100,-1.0998015403747559,1783346817.9416797
718200,-1.549564003944397,1783346823.7282481
718300,-0.3576323986053467,1783346829.8809075
718400,-1.1955054998397827,1783346836.1252875
718500,-4.6255784034729,1783346842.3325086
718600,-2.1529524326324463,1783346848.5325465
718700,-1.4159908294677734,1783346854.6087961
718800,-2.94580078125,1783346860.832417
718900,-1.414466142654419,1783346866.9712174
719000,-3.452270984649658,1783346873.134026
719100,-5.208551406860352,1783346879.162693
719200,-1.4395816326141357,1783346885.6708906
719300,-3.8636975288391113,1783346891.7523658
719400,-2.9650790691375732,1783346897.9171786
719500,-5.872629642486572,1783346904.1567786
719600,-3.6884098052978516,1783346910.388004
719700,-5.307913303375244,1783346916.6967864
719800,-4.568260192871094,1783346923.0177531
719900,-1.8034464120864868,1783346929.1155596
720000,-4.618694305419922,1783346935.3888896
720100,-4.670632362365723,1783346941.5894485
720200,-2.4244513511657715,1783346947.9354055
720300,-2.369269371032715,1783346954.0998385
720400,-5.02111291885376,1783346960.346575
720500,-2.8428587913513184,1783346966.4772823
720600,-3.375354766845703,1783346972.5848527
720700,-2.7789978981018066,1783346978.6201832
720800,-1.1830651760101318,1783346984.9016752
720900,-3.987394332885742,1783346991.0705817
721000,-4.111324310302734,1783346997.0681975
721100,-4.00709342956543,1783347003.0805852
721200,-2.4360527992248535,1783347009.2517824
721300,-4.573824882507324,1783347015.2982316
721400,-4.912197113037109,1783347021.2927449
721500,-3.372098922729492,1783347027.440503
721600,-1.3407179117202759,1783347033.367567
721700,-3.0130043029785156,1783347039.5882444
721800,-4.751612663269043,1783347045.5968237
721900,-3.9111881256103516,1783347051.9155922
722000,-2.4041152000427246,1783347058.0251856
722100,-4.25462007522583,1783347064.3002825
722200,-3.977667808532715,1783347070.5123315
722300,-2.2748866081237793,1783347076.6614313
722400,-2.8511247634887695,1783347083.0055346
722500,-1.5785105228424072,1783347089.234595
722600,-3.091122627258301,1783347095.3141031
722700,-4.634926795959473,1783347101.3555317
722800,-2.0474400520324707,1783347107.4359722
722900,-3.73215389251709,1783347113.7024353
723000,-3.0089640617370605,1783347120.0524893
723100,-5.181760787963867,1783347126.282682
723200,-2.8026413917541504,1783347132.4249663
723300,-5.50949239730835,1783347138.5460289
723400,-5.428741455078125,1783347144.7243583
723500,-5.048365116119385,1783347150.991121
723600,-5.315359115600586,1783347157.1320443
723700,-5.142328262329102,1783347163.4323008
723800,-5.35308313369751,1783347169.7668173
723900,-4.593482494354248,1783347176.0430317
724000,-3.4894797801971436,1783347182.30777
724100,-5.890552520751953,1783347188.5889206
724200,-4.383736610412598,1783347194.6588202
724300,-5.616535186767578,1783347201.0402286
724400,-2.5091614723205566,1783347207.1573162
724500,-3.2854504585266113,1783347213.3021832
724600,-6.580472469329834,1783347219.4728796
724700,-5.622061252593994,1783347225.7551455
724800,-7.119494915008545,1783347231.836237
724900,-6.547876358032227,1783347238.3021722
725000,-5.961220741271973,1783347244.7253435
725100,-6.209452152252197,1783347401.9087174
725200,-2.465118885040283,1783347408.0012782
725300,-5.616109848022461,1783347414.0460095
725400,-3.857269048690796,1783347420.4328604
725500,-5.275279998779297,1783347426.5948904
725600,-5.987954139709473,1783347432.811377
725700,-5.730168342590332,1783347439.1238556
725800,-4.691188812255859,1783347445.2442732
725900,-6.1845598220825195,1783347451.444219
726000,-5.749383926391602,1783347457.5953095
726100,-4.232468605041504,1783347463.8941894
726200,-3.089163303375244,1783347470.3720613
726300,-5.929677486419678,1783347476.4819136
726400,-4.6406474113464355,1783347482.7172103
726500,-4.319306373596191,1783347488.899478
726600,-4.232685089111328,1783347495.2242112
726700,-2.8988709449768066,1783347501.4902403
726800,-4.144245624542236,1783347507.9156423
726900,-5.0992350578308105,1783347514.002589
727000,-5.737205505371094,1783347520.32324
727100,-3.7895402908325195,1783347526.3897512
727200,-2.156888961791992,1783347532.7468436
727300,-5.395773410797119,1783347539.0937047
727400,-3.5415639877319336,1783347545.2204418
727500,-4.350721836090088,1783347551.4947
727600,-2.8150670528411865,1783347557.7012107
727700,-3.676501989364624,1783347563.9246469
727800,-5.597020149230957,1783347570.0219145
727900,-2.453352451324463,1783347576.3316367
728000,-2.954843759536743,1783347582.4980838
728100,-5.507715702056885,1783347588.6418424
728200,-4.607153415679932,1783347594.858263
728300,-5.355520248413086,1783347601.1480467
728400,-2.490536689758301,1783347607.3336172
728500,-2.7042667865753174,1783347613.6088312
728600,-2.9808454513549805,1783347619.798648
728700,-3.7348134517669678,1783347626.1084483
728800,-1.376668930053711,1783347632.6316016
728900,-3.232767105102539,1783347638.9197795
729000,-3.2348062992095947,1783347644.985035
729100,-3.8041763305664062,1783347651.2230506
729200,-4.395018100738525,1783347657.2859552
729300,-1.3679499626159668,1783347663.6731026
729400,-3.802741527557373,1783347669.7545753
729500,-3.0878052711486816,1783347675.8946114
729600,-5.63934326171875,1783347682.0832806
729700,-2.828131675720215,1783347688.4859235
729800,-2.7495999336242676,1783347694.7579527
729900,-4.181883811950684,1783347700.903098
730000,-3.9915690422058105,1783347706.929282
730100,-3.111064910888672,1783347713.2036123
730200,-3.9407505989074707,1783347719.308609
730300,-2.7121853828430176,1783347725.7105067
730400,-4.921323776245117,1783347731.7338803
730500,-3.285147190093994,1783347737.804466
730600,-4.091807842254639,1783347744.2354467
730700,-3.3808231353759766,1783347750.3741798
730800,-3.396533966064453,1783347756.6388805
730900,-1.5954859256744385,1783347762.6669276
731000,-4.146435737609863,1783347768.6886628
731100,-2.087739944458008,1783347774.8230479
731200,-1.7379425764083862,1783347781.0847342
731300,-2.950305461883545,1783347787.1572437
731400,-2.315685749053955,1783347793.29196
731500,-3.392378330230713,1783347799.7235253
731600,-4.193887710571289,1783347805.9789815
731700,-0.09291672706604004,1783347812.1457624
731800,-1.5047762393951416,1783347818.7917829
731900,-1.9901255369186401,1783347825.0918682
732000,-2.108564615249634,1783347831.204347
732100,-3.8025317192077637,1783347837.5415437
732200,-2.5434892177581787,1783347843.7535105
732300,-3.204195261001587,1783347849.487483
732400,-2.0167670249938965,1783347855.718677
732500,-4.304477691650391,1783347861.4375582
732600,-3.8994646072387695,1783347867.1795316
732700,-2.4260997772216797,1783347873.5194068
732800,-1.3664143085479736,1783347879.7492473
732900,-1.6315093040466309,1783347885.6968853
733000,-3.237823963165283,1783347891.8957057
733100,0.20010334253311157,1783347897.9347649
733200,-3.379664421081543,1783347903.9913404
733300,-2.4130163192749023,1783347910.0337229
733400,-2.9060347080230713,1783347916.0454082
733500,-3.225940704345703,1783347922.1729338
733600,-1.9061847925186157,1783347928.088965
733700,-4.120098114013672,1783347934.030978
733800,-3.16171932220459,1783347940.121953
733900,-3.8034467697143555,1783347946.3094513
734000,-4.702001571655273,1783347952.0814269
734100,-3.0636813640594482,1783347958.3002977
734200,-3.124772548675537,1783347964.6660903
734300,-1.998321771621704,1783347970.7491086
734400,-1.1658079624176025,1783347976.7757797
734500,-0.2326979637145996,1783347982.871018
734600,-3.0490410327911377,1783347988.9018455
734700,-2.4890434741973877,1783347994.9881926
734800,-3.857863426208496,1783348001.3223972
734900,-0.01262664794921875,1783348007.391684
735000,-1.933394193649292,1783348013.601494
735100,-3.295522451400757,1783348019.6107728
735200,-2.709630250930786,1783348025.6093
735300,-4.0144267082214355,1783348031.772427
735400,-2.0836281776428223,1783348037.972516
735500,-1.4351716041564941,1783348044.2402074
735600,-4.014710903167725,1783348050.6516187
735700,-1.6841323375701904,1783348056.7335737
735800,-3.938110828399658,1783348062.944545
735900,-4.286542892456055,1783348068.9811118
736000,-3.635411262512207,1783348075.1591938
736100,-3.957632541656494,1783348081.355246
736200,-0.5899477005004883,1783348087.3402107
736300,-4.227447986602783,1783348093.5472043
736400,-4.36995792388916,1783348099.645507
736500,-4.2753496170043945,1783348105.9204245
736600,-5.156307697296143,1783348111.8828037
736700,-4.513026237487793,1783348117.9497185
736800,-3.7892842292785645,1783348124.1237211
736900,-2.4514927864074707,1783348130.3869388
737000,-3.2489585876464844,1783348136.340655
737100,-3.862968921661377,1783348142.4732273
737200,-2.322188138961792,1783348148.6120603
737300,-4.017116069793701,1783348154.7457395
737400,-4.021315574645996,1783348160.8783634
737500,-4.719524383544922,1783348167.195668
737600,-3.5707616806030273,1783348173.5226169
737700,-4.180572032928467,1783348179.6365182
737800,-2.2740700244903564,1783348185.7179217
737900,-2.2910196781158447,1783348191.7419903
738000,-3.903505802154541,1783348198.1253488
738100,-3.3850789070129395,1783348204.251677
738200,-3.4065470695495605,1783348210.3068154
738300,-1.518686056137085,1783348216.6661093
738400,-3.3795580863952637,1783348222.7154279
738500,-3.8066651821136475,1783348228.943573
738600,-0.8102208375930786,1783348235.004912
738700,-1.8459429740905762,1783348241.353256
738800,-2.7108688354492188,1783348247.5879092
738900,-3.0180065631866455,1783348253.652557
739000,-1.4266611337661743,1783348259.9910772
739100,-1.5137238502502441,1783348266.0877242
739200,-2.62262225151062,1783348272.2935085
739300,-3.7993524074554443,1783348278.4908266
739400,-1.3623812198638916,1783348284.6988926
739500,-2.275801658630371,1783348290.7716374
739600,-2.789184093475342,1783348296.8619726
739700,-2.817326307296753,1783348303.1086504
739800,-3.3735876083374023,1783348309.137036
739900,-2.270784378051758,1783348315.5401084
740000,-1.7531795501708984,1783348321.9153333
740100,-0.8547467589378357,1783348328.188597
740200,-1.6092419624328613,1783348334.2061567
740300,-2.0774149894714355,1783348340.3861752
740400,-2.8922126293182373,1783348346.9184551
740500,-3.633162021636963,1783348353.3060062
740600,-3.1540205478668213,1783348359.48169
740700,-2.9835116863250732,1783348365.4766893
740800,-6.500351905822754,1783348371.8702521
740900,-5.874395847320557,1783348378.0012722
741000,-2.0658092498779297,1783348384.449617
741100,-1.9694926738739014,1783348390.5710151
741200,-2.4380416870117188,1783348396.7201536
741300,-3.88590145111084,1783348402.7592094
741400,-4.579313278198242,1783348408.9906857
741500,-4.190142631530762,1783348415.3436232
741600,-1.8338350057601929,1783348421.4610608
741700,-3.0601658821105957,1783348428.037161
741800,-2.6948933601379395,1783348434.248421
741900,-3.200742483139038,1783348440.5301197
742000,-3.8026978969573975,1783348446.7570674
742100,-3.231320858001709,1783348453.047444
742200,-2.823230266571045,1783348459.1246724
742300,-4.270030498504639,1783348465.4582672
742400,-1.4663527011871338,1783348471.587594
742500,-4.940066337585449,1783348477.5880404
742600,-4.9946184158325195,1783348483.6709387
742700,-1.7981313467025757,1783348490.0351465
742800,-4.062627792358398,1783348496.1351976
742900,0.24572968482971191,1783348502.4795003
743000,-2.7600455284118652,1783348508.6997426
743100,-4.609220504760742,1783348514.892372
743200,-2.1856307983398438,1783348520.902302
743300,-1.0361065864562988,1783348527.0018365
743400,-2.0465002059936523,1783348533.0020642
743500,-3.6869630813598633,1783348539.142315
743600,-2.9575395584106445,1783348545.3217628
743700,-5.985939025878906,1783348551.4491894
743800,-4.325783729553223,1783348557.6354885
743900,-6.444790840148926,1783348563.679662
744000,-4.012757301330566,1783348570.2433524
744100,-5.823577880859375,1783348576.365306
744200,-3.7406227588653564,1783348582.8199074
744300,-4.249844551086426,1783348589.1535218
744400,-6.053175449371338,1783348595.3368926
744500,-3.7973947525024414,1783348601.8909001
744600,-6.204322814941406,1783348608.1000009
744700,-2.2647690773010254,1783348614.6693275
744800,-7.229014873504639,1783348620.8337514
744900,-5.547707557678223,1783348627.0775337
745000,-5.290284156799316,1783348633.4017687
745100,-6.983092784881592,1783348639.4575357
745200,-4.620228290557861,1783348645.734851
745300,-4.0932745933532715,1783348651.8963196
745400,-5.6379170417785645,1783348658.0525799
745500,-5.309996604919434,1783348664.0848515
745600,-5.07067346572876,1783348670.1908462
745700,-5.905031681060791,1783348676.3906274
745800,-5.450919151306152,1783348682.854316
745900,-1.9410059452056885,1783348689.1374338
746000,-3.0360827445983887,1783348695.1074998
746100,-4.208795070648193,1783348701.1515744
746200,-6.054046630859375,1783348707.4794369
746300,-4.169960975646973,1783348713.535741
746400,-1.2631205320358276,1783348719.642997
746500,-4.448971271514893,1783348725.8771415
746600,-3.2379038333892822,1783348731.9332385
746700,-6.960918426513672,1783348738.2516966
746800,-4.491117477416992,1783348744.5493453
746900,-5.4131760597229,1783348750.638744
747000,-2.340059757232666,1783348756.9854863
747100,-4.966392517089844,1783348763.1570523
747200,-4.519432067871094,1783348769.3579314
747300,-5.576601982116699,1783348775.3829157
747400,-5.582736968994141,1783348781.4864004
747500,-4.553302764892578,1783348787.4049792
747600,-4.614091873168945,1783348793.578932
747700,-6.054965972900391,1783348799.5073044
747800,-5.191506385803223,1783348805.4984288
747900,-2.137169122695923,1783348811.9969866
748000,-4.668896675109863,1783348818.1385925
748100,-3.8058629035949707,1783348824.4394503
748200,-3.5351011753082275,1783348830.5640824
748300,-2.7869925498962402,1783348836.7370763
748400,-2.038823366165161,1783348843.1962306
748500,-2.8859703540802,1783348849.239599
748600,-4.950571060180664,1783348855.4189723
748700,-4.999907493591309,1783348861.7453392
748800,-5.1692047119140625,1783348867.9602616
748900,-5.143283843994141,1783348874.2206275
749000,-2.543627977371216,1783348880.4038043
749100,-3.9096341133117676,1783348886.469857
749200,-3.3484373092651367,1783348892.579369
749300,-2.438859701156616,1783348898.725279
749400,-1.1923316717147827,1783348904.9167538
749500,-3.6494312286376953,1783348911.030751
749600,-2.648099899291992,1783348917.3377485
749700,-2.5218067169189453,1783348923.4206707
749800,-4.776513576507568,1783348929.6446178
749900,-4.386167526245117,1783348935.9660792
750000,-2.480013370513916,1783428747.0252593
750100,-1.7369813919067383,1783428905.5268373
750200,-1.7421157360076904,1783428911.3246891
750300,-2.520834445953369,1783428917.1975732
750400,-1.9483168125152588,1783428922.949505
750500,-3.129763126373291,1783428928.9381242
750600,-0.8348296880722046,1783428934.7889035
750700,-4.840761661529541,1783428940.9829504
750800,-4.899089813232422,1783428946.8263664
750900,-4.747093200683594,1783428952.8573027
751000,-3.9762203693389893,1783428958.7308664
751100,-2.934541702270508,1783428965.014186
751200,-2.8452181816101074,1783428971.1663454
751300,-4.0536017417907715,1783428977.2024596
751400,-5.773644924163818,1783428983.4727433
751500,-3.9915003776550293,1783428989.8117611
751600,-0.6448218822479248,1783428995.9830751
751700,-3.517352819442749,1783429002.0738485
751800,-0.5655059218406677,1783429008.3503134
751900,-2.2736096382141113,1783429014.532084
752000,-3.127264976501465,1783429020.8507378
752100,-2.5186753273010254,1783429027.2631044
752200,-3.5504281520843506,1783429033.4423485
752300,-2.308746576309204,1783429039.9951298
752400,-2.4260177612304688,1783429046.067104
752500,-0.16934633255004883,1783429052.5084884
752600,-3.464822292327881,1783429058.9109437
752700,-3.681948184967041,1783429065.2420719
752800,-1.6258807182312012,1783429071.419516
752900,-2.92476749420166,1783429077.8517168
753000,-2.3729934692382812,1783429084.0869904
753100,-2.796719789505005,1783429090.2060046
753200,-3.3033716678619385,1783429096.3126123
753300,-4.587618827819824,1783429102.446718
753400,-2.414677619934082,1783429108.5724988
753500,-5.2807698249816895,1783429114.895364
753600,-4.431591033935547,1783429121.2521737
753700,-2.3386006355285645,1783429127.6010144
753800,-3.7544546127319336,1783429133.9241276
753900,-4.552290916442871,1783429140.0863528
754000,-2.755159378051758,1783429146.5207007
754100,-5.1089067459106445,1783429152.564084
754200,-3.615715503692627,1783429158.8468544
754300,-1.8787765502929688,1783429165.4651616
754400,-3.751901626586914,1783429171.7047799
754500,-2.7669551372528076,1783429177.909431
754600,-3.7324938774108887,1783429184.160976
754700,-3.336902618408203,1783429190.229648
754800,-3.2214717864990234,1783429196.6733196
754900,-4.442600250244141,1783429202.6983328
755000,-3.7335028648376465,1783429209.0715024
755100,-3.8820559978485107,1783429215.3583856
755200,-3.9695653915405273,1783429221.8711073
755300,-2.9753010272979736,1783429228.2541237
755400,-2.1395103931427,1783429234.5299637
755500,-3.112961530685425,1783429240.8006206
755600,-5.157978057861328,1783429247.2193308
755700,-3.4487814903259277,1783429253.462241
755800,-2.5168886184692383,1783429259.9895
755900,-4.021478176116943,1783429266.1060927
756000,-5.359825611114502,1783429272.2145638
756100,-2.4475603103637695,1783429278.8276103
756200,-2.955386161804199,1783429285.1159844
756300,-4.395427227020264,1783429291.316155
756400,-4.201523780822754,1783429297.5382743
756500,-2.901975393295288,1783429304.2826724
756600,-3.282710552215576,1783429310.4265773
756700,-2.2024970054626465,1783429316.7620301
756800,-1.7666183710098267,1783429322.9477448
756900,-3.113344192504883,1783429329.1312928
757000,-4.788832664489746,1783429335.3822372
757100,-4.621858596801758,1783429341.8380058
757200,-4.223720550537109,1783429348.243112
757300,-3.7339911460876465,1783429354.7439792
757400,-2.2580692768096924,1783429360.9226856
757500,-2.324235439300537,1783429367.341854
757600,-2.9574010372161865,1783429373.3427064
757700,-2.0999977588653564,1783429379.7799413
757800,-3.183858871459961,1783429385.9178772
757900,-3.7043285369873047,1783429392.322674
758000,-1.196305513381958,1783429398.6418414
758100,-3.7815301418304443,1783429404.6970415
758200,-1.386408805847168,1783429411.1822772
758300,-2.664977788925171,1783429417.4854088
758400,-1.6391714811325073,1783429423.6294549
758500,-4.981721878051758,1783429430.099371
758600,-4.7019147872924805,1783429436.282727
758700,-4.249910831451416,1783429442.720173
758800,-6.616247177124023,1783429449.1092477
758900,-1.9213494062423706,1783429455.4926353
759000,-4.484519004821777,1783429461.7403061
759100,-2.8927974700927734,1783429467.8621368
759200,-2.997171640396118,1783429474.148867
759300,-0.9844344854354858,1783429480.4409106
759400,-2.016206979751587,1783429486.6789496
759500,-3.811025619506836,1783429492.8075
759600,-4.168588161468506,1783429499.061315
759700,-2.1819701194763184,1783429505.2394588
759800,-5.202215194702148,1783429511.5781243
759900,-3.040616989135742,1783429517.8760626
760000,-3.8863584995269775,1783429524.1429305
760100,-3.6834192276000977,1783429530.444105
760200,-3.275944232940674,1783429536.8944123
760300,-4.806197166442871,1783429543.3535993
760400,-6.652670860290527,1783429549.682901
760500,-2.39643931388855,1783429555.795407
760600,-5.387735366821289,1783429562.1601484
760700,-2.463955879211426,1783429568.304629
760800,-1.5994372367858887,1783429574.4603505
760900,-3.488406181335449,1783429580.86223
761000,-4.575603485107422,1783429586.9338992
761100,-3.6055331230163574,1783429593.0583353
761200,-5.043108940124512,1783429599.2884867
761300,-6.043083667755127,1783429605.5519028
761400,-3.517578601837158,1783429611.8356411
761500,-5.315738677978516,1783429617.8547418
761600,-5.189637184143066,1783429624.2167437
761700,-4.718130111694336,1783429630.4894056
761800,-3.3104653358459473,1783429636.6110127
761900,-4.1111979484558105,1783429642.9652364
762000,-6.717959403991699,1783429649.0710077
762100,-4.867514610290527,1783429655.2931602
762200,-6.059106826782227,1783429661.392019
762300,-5.473939895629883,1783429667.5751154
762400,-3.327071189880371,1783429673.6173775
762500,-3.6259474754333496,1783429679.8958588
762600,-7.6381940841674805,1783429686.431515
762700,-4.079113960266113,1783429693.218566
762800,-2.945730209350586,1783429699.5182846
762900,-5.015433311462402,1783429705.8070939
763000,-5.525311470031738,1783429712.1196196
763100,-3.2949302196502686,1783429718.4726107
763200,-3.563002347946167,1783429724.5433137
763300,-5.546871662139893,1783429730.584705
763400,-4.884420394897461,1783429736.8483036
763500,-4.889525890350342,1783429743.0070887
763600,-7.486205101013184,1783429749.110911
763700,-5.395066738128662,1783429755.2142723
763800,-3.2432029247283936,1783429761.4559186
763900,-5.169836044311523,1783429767.7125542
764000,-1.5978642702102661,1783429773.8819516
764100,-1.200478434562683,1783429780.241421
764200,-3.4273858070373535,1783429786.7423365
764300,-5.217710971832275,1783429793.0197434
764400,-3.8720808029174805,1783429799.483031
764500,-4.72589111328125,1783429805.532989
764600,-5.156126976013184,1783429811.9755652
764700,-2.8656234741210938,1783429818.253797
764800,-3.8640897274017334,1783429824.5052867
764900,-3.4938225746154785,1783429830.703683
765000,-3.6098906993865967,1783429836.9040897
765100,-2.9837567806243896,1783429843.1412427
765200,-4.4321441650390625,1783429849.5313678
765300,-6.849736213684082,1783429855.6391182
765400,-2.778228759765625,1783429861.944604
765500,-5.0893940925598145,1783429867.9684281
765600,-5.128207206726074,1783429874.1890938
765700,-5.629007816314697,1783429880.3670254
765800,-6.910886287689209,1783429886.403896
765900,-4.132051467895508,1783429892.537898
766000,-3.625054359436035,1783429898.4787436
766100,-5.008845329284668,1783429904.7196624
766200,-5.350848197937012,1783429910.6999657
766300,-5.701114654541016,1783429916.9849966
766400,-4.291284084320068,1783429922.939648
766500,-1.6573657989501953,1783429929.3072505
766600,-4.7717604637146,1783429935.4705043
766700,-5.715763092041016,1783429941.4954765
766800,-5.745334625244141,1783429947.6841626
766900,-5.602100849151611,1783429953.8753421
767000,-2.0040884017944336,1783429959.9826825
767100,-2.5570931434631348,1783429966.319896
767200,-4.829644680023193,1783429972.3014524
767300,-5.32092809677124,1783429978.9095254
767400,-4.116968631744385,1783429984.9205327
767500,-6.829683780670166,1783429991.0404117
767600,-6.316131114959717,1783429997.124097
767700,-5.001830101013184,1783430003.2600315
767800,-3.982788562774658,1783430009.1066844
767900,-6.456876754760742,1783430015.0211651
768000,-5.734488487243652,1783430021.2152429
768100,-4.730942249298096,1783430027.4026575
768200,-4.218125343322754,1783430033.4863565
768300,-5.724448204040527,1783430039.6106358
768400,-2.700216770172119,1783430045.5303173
768500,-5.692774772644043,1783430051.8272798
768600,-5.564382553100586,1783430058.0056894
768700,-4.828608512878418,1783430064.5276568
768800,-3.0504307746887207,1783430071.0315425
768900,-3.888813018798828,1783430077.4737723
769000,-2.910517930984497,1783430084.382843
769100,-4.330187797546387,1783430090.7757394
769200,-3.4125478267669678,1783430097.1837857
769300,-2.5706303119659424,1783430103.7307875
769400,-3.5702884197235107,1783430110.4625492
769500,-2.641343832015991,1783430117.1706188
769600,-4.186437606811523,1783430123.811307
769700,-3.483262062072754,1783430130.175023
769800,-3.475511074066162,1783430136.4695275
769900,-5.448462963104248,1783430143.3178027
770000,-4.878118515014648,1783430149.874472
770100,-3.5906245708465576,1783430156.3447688
770200,-2.954440116882324,1783430162.7143111
770300,-5.005887031555176,1783430169.140898
770400,-5.251446723937988,1783430175.6034482
770500,-2.807145118713379,1783430182.3262718
770600,-7.184027671813965,1783430188.935326
770700,-5.893593788146973,1783430195.0911148
770800,-1.5576539039611816,1783430201.3678162
770900,-5.401724815368652,1783430207.813345
771000,-2.214899778366089,1783430213.9857755
771100,-5.253037452697754,1783430220.2479537
771200,-6.825800895690918,1783430226.652344
771300,-5.965515613555908,1783430233.01239
771400,-4.167197227478027,1783430239.2451034
771500,-3.883223533630371,1783430245.4659789
771600,-5.922734260559082,1783430251.7049835
771700,-4.086494445800781,1783430258.2314558
771800,-4.572864532470703,1783430264.9903445
771900,-4.4619574546813965,1783430271.635649
772000,-5.820129871368408,1783430278.262178
772100,-7.915940284729004,1783430284.6762724
772200,-4.991342544555664,1783430291.3591762
772300,-5.2541728019714355,1783430297.5892034
772400,-5.722415924072266,1783430304.0986428
772500,-2.0292797088623047,1783430310.7866554
772600,-3.8310694694519043,1783430317.6253865
772700,-4.360317707061768,1783430324.4716167
772800,-6.057778358459473,1783430330.8877006
772900,-2.485757350921631,1783430337.6595762
773000,-4.545504570007324,1783430344.128687
773100,-5.0222859382629395,1783430350.3801463
773200,-3.7381556034088135,1783430356.7213225
773300,-4.582005977630615,1783430362.8291173
773400,-2.1890413761138916,1783430368.919977
773500,-5.181186676025391,1783430375.200898
773600,-4.684830665588379,1783430381.7710373
773700,-5.063363552093506,1783430387.7355075
773800,-3.713216781616211,1783430393.6624997
773900,-4.345454216003418,1783430399.9864318
774000,-5.258665084838867,1783430406.502207
774100,-5.539727210998535,1783430412.5746927
774200,-5.694238662719727,1783430418.8019772
774300,-4.90967321395874,1783430425.2554834
774400,-3.510608673095703,1783430431.5507731
774500,-5.162744522094727,1783430438.2049026
774600,-3.5472002029418945,1783430444.9918277
774700,-3.540728807449341,1783430451.529059
774800,-5.5672149658203125,1783430458.3057728
774900,-5.619019985198975,1783430464.8641803
775000,-2.5249645709991455,1783430471.2267747
775100,-1.9619110822677612,1783430636.269874
775200,-5.571176052093506,1783430642.3449886
775300,-4.885570049285889,1783430648.5017178
775400,-4.158327579498291,1783430654.764106
775500,-2.8127825260162354,1783430660.9527268
775600,-3.2201781272888184,1783430667.0720506
775700,-4.397826671600342,1783430673.49893
775800,-5.292022228240967,1783430679.646506
775900,-6.077592849731445,1783430686.042139
776000,-4.622409343719482,1783430692.1289396
776100,-5.321382999420166,1783430698.3789606
776200,-6.090023994445801,1783430704.906643
776300,-4.539575576782227,1783430711.3707101
776400,-4.642085552215576,1783430717.6084638
776500,-6.712246894836426,1783430723.6387577
776600,-3.498375415802002,1783430729.8812225
776700,-3.572338104248047,1783430736.0010858
776800,-2.821483612060547,1783430742.1064627
776900,-4.816547870635986,1783430748.331775
777000,-4.269031524658203,1783430754.485566
777100,-5.140085220336914,1783430760.7621973
777200,-4.323092460632324,1783430767.1828222
777300,-4.0439372062683105,1783430773.0877168
777400,-4.41189432144165,1783430779.0632668
777500,-5.187493324279785,1783430785.3328745
777600,-3.6372427940368652,1783430791.5411675
777700,-5.872089385986328,1783430797.5910304
777800,-4.356382369995117,1783430803.8117
777900,-1.9110593795776367,1783430809.688021
778000,-2.6831252574920654,1783430815.9040585
778100,-3.395094633102417,1783430822.1680307
778200,-5.637555122375488,1783430828.2110126
778300,-4.135802745819092,1783430834.1199145
778400,-3.9308323860168457,1783430840.4125938
778500,-3.5002410411834717,1783430846.5929866
778600,-1.2798302173614502,1783430852.5971801
778700,-5.476219177246094,1783430858.8367047
778800,-4.144962310791016,1783430864.793707
778900,-3.0999279022216797,1783430871.099322
779000,-5.007419586181641,1783430877.3166516
779100,-3.940544605255127,1783430883.357563
779200,-4.259903907775879,1783430889.4432425
779300,-4.9326581954956055,1783430895.5298727
779400,-5.793966293334961,1783430901.9375758
779500,-3.6921944618225098,1783430908.0923622
779600,-3.195143699645996,1783430914.2503824
779700,-3.1534852981567383,1783430920.397928
779800,-5.087220191955566,1783430926.7785246
779900,-1.5499738454818726,1783430933.143806
780000,-4.792606830596924,1783430939.4201276
780100,-5.546206951141357,1783430945.4940753
780200,-2.807326555252075,1783430951.47843
780300,-4.027595520019531,1783430957.9096973
780400,-5.048819541931152,1783430964.3319268
780500,-6.737785816192627,1783430970.5501697
780600,-2.413445234298706,1783430976.593251
780700,-2.294156551361084,1783430982.8946528
780800,-2.8548922538757324,1783430989.4359493
780900,-3.64630126953125,1783430995.842886
781000,-4.255243301391602,1783431002.2320597
781100,-4.02168083190918,1783431008.6037118
781200,-3.616331100463867,1783431014.9542968
781300,-2.8422727584838867,1783431021.0998282
781400,-4.072995662689209,1783431027.485995
781500,-4.126447677612305,1783431033.7358515
781600,-2.8076179027557373,1783431040.034994
781700,-3.956683397293091,1783431046.2415736
781800,-7.1966142654418945,1783431052.483196
781900,-4.679670333862305,1783431059.008531
782000,-3.2854433059692383,1783431064.932242
782100,-4.061305999755859,1783431071.1576867
782200,-1.8289045095443726,1783431077.4999478
782300,-6.539463043212891,1783431083.7965126
782400,-5.866929531097412,1783431090.2922072
782500,-5.535488128662109,1783431096.750474
782600,-4.983336448669434,1783431103.0186846
782700,-4.136098861694336,1783431109.459462
782800,-4.5564727783203125,1783431116.3012767
782900,-3.983175277709961,1783431122.3532777
783000,-5.12053108215332,1783431128.4174888
783100,-5.078307151794434,1783431134.5910237
783200,-2.451078414916992,1783431140.8615446
783300,-2.6494064331054688,1783431147.3223758
783400,-5.053415298461914,1783431153.2426953
783500,-3.9224119186401367,1783431159.2504349
783600,-3.1385445594787598,1783431165.2311447
783700,-4.597008228302002,1783431171.4749813
783800,-4.646980285644531,1783431177.5522945
783900,-4.281887054443359,1783431183.7024312
784000,-3.228724956512451,1783431190.1586118
784100,-3.0762734413146973,1783431196.240647
784200,-6.8929643630981445,1783431202.2041368
784300,-4.322383880615234,1783431208.2679298
784400,-5.219181060791016,1783431214.5098732
784500,-0.41272759437561035,1783431220.668174
784600,-3.5211358070373535,1783431226.7733605
784700,-4.464446067810059,1783431232.9581964
784800,-3.584174633026123,1783431239.1698058
784900,-3.7441203594207764,1783431245.474383
785000,-0.47570204734802246,1783431251.7742393
785100,-4.069558143615723,1783431258.1058934
785200,-1.205357313156128,1783431264.4015744
785300,-2.1947264671325684,1783431270.656115
785400,-2.1678361892700195,1783431277.0461152
785500,-3.6921322345733643,1783431283.1591747
785600,-3.711596965789795,1783431289.5033886
785700,-2.9347786903381348,1783431295.7450583
785800,-1.4361237287521362,1783431301.7823982
785900,-1.0259805917739868,1783431308.023038
786000,-3.886181354522705,1783431314.204789
786100,-3.0551950931549072,1783431320.5063212
786200,-5.449282646179199,1783431326.7732756
786300,-3.030745029449463,1783431332.951045
786400,-3.4579386711120605,1783431339.0967026
786500,-0.6316007375717163,1783431345.233407
786600,-2.208808422088623,1783431351.2863185
786700,-2.2996573448181152,1783431357.4545243
786800,-3.487161636352539,1783431363.687045
786900,-3.2586498260498047,1783431369.9615722
787000,-2.9562289714813232,1783431376.232915
787100,-4.010387420654297,1783431382.456255
787200,-2.144749641418457,1783431388.5693216
787300,-3.212386131286621,1783431394.712891
787400,-5.449253082275391,1783431400.7860062
787500,-1.574315071105957,1783431406.7532628
787600,-4.801742076873779,1783431413.4747794
787700,-5.357834339141846,1783431419.653552
787800,-2.9898343086242676,1783431425.841787
787900,-1.396364450454712,1783431431.8636024
788000,-3.0316410064697266,1783431438.1541514
788100,-4.314014911651611,1783431444.4348083
788200,-4.208002090454102,1783431450.6599653
788300,-2.5746026039123535,1783431457.1505506
788400,-4.568082809448242,1783431463.1345997
788500,-2.9041428565979004,1783431469.370788
788600,-2.776768207550049,1783431475.4813168
788700,-5.724503517150879,1783431481.6839578
788800,-3.856729030609131,1783431487.793514
788900,-3.2609846591949463,1783431494.1360948
789000,-3.231898546218872,1783431500.1748083
789100,-1.4992244243621826,1783431506.4207017
789200,-2.382066249847412,1783431512.8123572
789300,-4.758577346801758,1783431518.946762
789400,-3.3587865829467773,1783431525.1923409
789500,-1.646000862121582,1783431531.3480177
789600,-4.134337425231934,1783431537.5283225
789700,-4.211065769195557,1783431543.8998551
789800,-0.926857590675354,1783431550.0726836
789900,-3.0063467025756836,1783431556.1822767
790000,-0.9540188908576965,1783431562.3200154
790100,-3.1161160469055176,1783431568.427054
790200,-3.7024927139282227,1783431574.8476617
790300,-3.2067019939422607,1783431581.0809674
790400,-3.7331271171569824,1783431587.435577
790500,-2.928468942642212,1783431593.6038547
790600,-1.5078272819519043,1783431599.5974562
790700,-5.413507461547852,1783431605.8425455
790800,-4.220033168792725,1783431611.8413968
790900,-2.2532944679260254,1783431618.224315
791000,-4.555975914001465,1783431624.447058
791100,-3.1247715950012207,1783431630.7688942
791200,-4.792610168457031,1783431637.0759344
791300,-4.935259819030762,1783431643.2192872
791400,-5.5552215576171875,1783431649.1127138
791500,-6.214225769042969,1783431655.281796
791600,-5.505697250366211,1783431661.5838919
791700,-4.80174446105957,1783431667.6418073
791800,-2.7817981243133545,1783431673.919882
791900,-4.541395664215088,1783431680.0605586
792000,-3.8996174335479736,1783431685.9898412
792100,-5.071226596832275,1783431692.2326412
792200,-3.3280539512634277,1783431698.2926943
792300,-4.061462879180908,1783431704.434073
792400,-4.927647590637207,1783431710.808301
792500,-1.6560423374176025,1783431716.9021962
792600,-4.611698627471924,1783431723.2254324
792700,-5.396365165710449,1783431729.2995892
792800,-3.847066879272461,1783431735.5512407
792900,-3.579819440841675,1783431741.520773
793000,-4.998242378234863,1783431747.5997336
793100,-4.8033447265625,1783431753.7764397
793200,-3.295499324798584,1783431760.0283377
793300,-3.264737606048584,1783431766.115597
793400,-4.093136310577393,1783431772.4997833
793500,-3.977229118347168,1783431778.5851426
793600,-2.9276187419891357,1783431784.914533
793700,-5.405384540557861,1783431791.0780559
793800,-3.7427351474761963,1783431797.2575564
793900,-4.270486831665039,1783431803.6627402
794000,-3.568546772003174,1783431810.1505888
794100,-5.022160530090332,1783431816.5814939
794200,-3.9599509239196777,1783431822.6314971
794300,-1.8255736827850342,1783431828.8149455
794400,-3.142967462539673,1783431835.1610508
794500,-2.6043753623962402,1783431841.280061
794600,-3.6627705097198486,1783431847.597357
794700,-3.049720287322998,1783431853.8515456
794800,-5.992854118347168,1783431859.9672744
794900,-3.6044869422912598,1783431866.4113245
795000,-6.9357523918151855,1783431872.6925793
795100,-1.06096613407135,1783431878.8347316
795200,-1.9107712507247925,1783431885.0520566
795300,-3.492156982421875,1783431891.1995091
795400,-2.982184410095215,1783431897.4609025
795500,-3.4837028980255127,1783431903.9357178
795600,-3.4061648845672607,1783431910.2578785
795700,-3.50651216506958,1783431916.2690723
795800,-2.7591772079467773,1783431922.374732
795900,-4.814796447753906,1783431928.5941675
796000,-4.093887805938721,1783431934.7187388
796100,-4.670863151550293,1783431940.974757
796200,-2.7276411056518555,1783431947.1950834
796300,-3.7399518489837646,1783431953.3467507
796400,-1.5052300691604614,1783431959.8083313
796500,-4.331681728363037,1783431966.0192664
796600,-2.4709150791168213,1783431972.3928535
796700,-2.7105937004089355,1783431978.6919544
796800,-3.8014421463012695,1783431984.8095086
796900,-3.710878849029541,1783431991.1986344
797000,-2.2515668869018555,1783431997.5343099
797100,-4.408864498138428,1783432003.9598143
797200,-5.1305131912231445,1783432010.3183446
797300,-0.7300966382026672,1783432016.7788851
797400,-6.600337028503418,1783432022.8437529
797500,-6.337855339050293,1783432028.9194689
797600,-2.628048896789551,1783432035.3583345
797700,-3.726681709289551,1783432041.344234
797800,-4.00501823425293,1783432047.7555528
797900,-6.251795291900635,1783432053.8080478
798000,-2.298598289489746,1783432060.0084972
798100,-4.269761085510254,1783432066.2138476
798200,-2.2974727153778076,1783432072.2979069
798300,-4.037762641906738,1783432078.5302992
798400,-5.179111480712891,1783432084.629319
798500,-4.133286476135254,1783432090.8787167
798600,-5.8401079177856445,1783432097.182718
798700,-4.071872711181641,1783432103.2674017
798800,-5.7329936027526855,1783432109.543956
798900,-5.867278575897217,1783432115.8919287
799000,-3.752173900604248,1783432122.1820219
799100,-4.299391269683838,1783432128.5941315
799200,-2.4582321643829346,1783432134.819293
799300,-2.4548983573913574,1783432141.124911
799400,-3.8272805213928223,1783432147.2117963
799500,-2.7974531650543213,1783432153.6431653
799600,-3.5519959926605225,1783432159.9380198
799700,-4.081181526184082,1783432166.4313457
799800,-2.788600206375122,1783432172.5170698
799900,-4.161115646362305,1783432179.0439615
800000,-4.781079292297363,1783432185.1923382
800100,-4.027082443237305,1783432350.8886447
800200,-2.447829484939575,1783432357.2207916
800300,-3.686262607574463,1783432363.4034753
800400,-0.010919570922851562,1783432369.4607077
800500,-3.5847883224487305,1783432375.5472376
800600,-1.1092501878738403,1783432381.8762574
800700,-3.580606460571289,1783432387.9917345
800800,-2.7028896808624268,1783432394.2163064
800900,-5.198577404022217,1783432400.6021576
801000,-2.5424296855926514,1783432406.9143295
801100,-2.0647971630096436,1783432413.052723
801200,-3.857973098754883,1783432419.2300391
801300,-1.9580410718917847,1783432425.3951364
801400,-3.808178424835205,1783432431.581205
801500,-3.3219709396362305,1783432437.8423142
801600,-1.0433143377304077,1783432443.989818
801700,-3.3712081909179688,1783432450.2724624
801800,-4.501839637756348,1783432456.4624515
801900,-2.4242470264434814,1783432462.8665915
802000,-3.1591572761535645,1783432469.092825
802100,-4.7295379638671875,1783432475.3474479
802200,-2.1809136867523193,1783432481.5306594
802300,-3.503636121749878,1783432487.6507924
802400,-3.858797311782837,1783432494.0450575
802500,-2.3657498359680176,1783432500.3477669
802600,-3.9540274143218994,1783432506.3788269
802700,-4.356270790100098,1783432512.6024704
802800,-1.8612489700317383,1783432518.8385036
802900,-4.453990459442139,1783432525.2824237
803000,-3.557447910308838,1783432531.4440389
803100,-2.5343945026397705,1783432537.8245454
803200,-3.164747714996338,1783432544.2973392
803300,-3.5058116912841797,1783432550.7523339
803400,-2.93481707572937,1783432556.88255
803500,-3.79128098487854,1783432563.341931
803600,-2.809523105621338,1783432569.7912285
803700,-3.6201300621032715,1783432576.2490804
803800,-1.8959795236587524,1783432582.61475
803900,-0.9768229722976685,1783432589.0017684
804000,-4.6213274002075195,1783432595.133203
804100,-1.9186094999313354,1783432601.2199366
804200,-3.0120553970336914,1783432607.519619
804300,-1.8104549646377563,1783432613.9983544
804400,-5.073479652404785,1783432620.2882204
804500,-6.187042713165283,1783432626.6183722
804600,-4.027393341064453,1783432632.809588
804700,-5.096000671386719,1783432639.1651704
804800,-2.877084493637085,1783432645.7126799
804900,-4.3798508644104,1783432651.9300292
805000,-3.22548770904541,1783432658.387253
805100,-2.4842827320098877,1783432664.4760337
805200,-1.2296972274780273,1783432670.557876
805300,-5.222053050994873,1783432676.7671125
805400,-6.251954078674316,1783432682.979557
805500,-3.86470890045166,1783432689.3097057
805600,-5.358522415161133,1783432695.9558735
805700,-4.266937732696533,1783432701.6434176
805800,-4.617469787597656,1783432707.515596
805900,-3.5680289268493652,1783432713.428398
806000,-4.04849910736084,1783432719.1952758
806100,-3.854818344116211,1783432724.9295425
806200,-5.3426313400268555,1783432731.1480541
806300,-2.7907934188842773,1783432737.2152576
806400,-4.6851091384887695,1783432743.3844392
806500,-3.1300137042999268,1783432749.637737
806600,0.6771484017372131,1783432755.7606182
806700,-4.355295658111572,1783432762.0130699
806800,-4.88014030456543,1783432768.1575913
806900,-4.076491355895996,1783432774.479842
807000,-4.231644630432129,1783432780.507186
807100,-4.609984874725342,1783432786.6396105
807200,-3.457353115081787,1783432793.0486941
807300,-5.639508247375488,1783432799.0746791
807400,-4.030151844024658,1783432805.3083167
807500,-4.20757532119751,1783432811.4667351
807600,-4.619297981262207,1783432817.8736284
807700,-5.433671951293945,1783432823.9765916
807800,-1.8744138479232788,1783432830.091433
807900,-4.958991050720215,1783432836.0775135
808000,-3.578094959259033,1783432842.3976057
808100,-1.86822509765625,1783432848.4118319
808200,-5.146656036376953,1783432854.803609
808300,-3.8270673751831055,1783432861.1278708
808400,-3.3350412845611572,1783432867.4143167
808500,-4.0582404136657715,1783432873.6073592
808600,-3.6176984310150146,1783432879.7275538
808700,-2.6888630390167236,1783432886.1940928
808800,-4.744576454162598,1783432892.4149652
808900,-2.8406167030334473,1783432898.6203973
809000,-2.258467197418213,1783432905.1358435
809100,-6.547471046447754,1783432911.4019673
809200,-4.529235363006592,1783432917.8608336
809300,-5.918450355529785,1783432924.1301112
809400,-3.243013381958008,1783432930.1321447
809500,-5.8897247314453125,1783432936.527715
809600,-4.451219081878662,1783432942.9023726
809700,-7.2812395095825195,1783432949.1231236
809800,-4.822882652282715,1783432955.644665
809900,-5.279785633087158,1783432961.8835864
810000,-3.5485639572143555,1783432968.085013
810100,-3.732248306274414,1783432974.352614
810200,-5.025848388671875,1783432980.5850327
810300,-3.910707950592041,1783432986.642545
810400,-3.5880110263824463,1783432992.8952408
810500,-5.315319061279297,1783432999.1193688
810600,-4.705968856811523,1783433005.174319
810700,-3.3494274616241455,1783433011.6688504
810800,-4.828976631164551,1783433017.7439382
810900,-2.636481523513794,1783433024.2455454
811000,-5.432086944580078,1783433030.3292205
811100,-2.61665678024292,1783433036.74306
811200,-4.778958320617676,1783433043.13519
811300,-4.099996566772461,1783433049.4812443
811400,-2.4790916442871094,1783433055.9289324
811500,-4.744138717651367,1783433062.1218271
811600,-4.541449069976807,1783433068.8479776
811700,-3.2669308185577393,1783433075.002104
811800,-4.7160325050354,1783433081.2443106
811900,-3.2232844829559326,1783433087.3129723
812000,-2.3078200817108154,1783433093.3819132
812100,-3.509761333465576,1783433100.00405
812200,-3.8911025524139404,1783433106.0285265
812300,-5.363587379455566,1783433112.2597485
812400,-4.297669410705566,1783433118.6051846
812500,-3.0535433292388916,1783433124.5893312
812600,-6.324811935424805,1783433131.2371242
812700,-6.249178886413574,1783433137.5291429
812800,-5.329838752746582,1783433143.8894448
812900,-4.954185485839844,1783433150.0832021
813000,-5.071915626525879,1783433156.3627694
813100,-4.864226818084717,1783433162.71678
813200,-4.991142272949219,1783433168.9490654
813300,-6.353583335876465,1783433175.1257117
813400,-6.144268989562988,1783433181.241805
813500,-2.868903398513794,1783433187.4303749
813600,-3.0804848670959473,1783433193.5291731
813700,-1.9017258882522583,1783433199.5687337
813800,-6.128190994262695,1783433205.8815289
813900,-1.7016066312789917,1783433212.1930401
814000,-4.143085479736328,1783433218.6987793
814100,-4.523052215576172,1783433225.2893958
814200,-3.0033044815063477,1783433231.638739
814300,-4.3152360916137695,1783433237.6106954
814400,0.824271559715271,1783433243.6944387
814500,-2.61952543258667,1783433249.7253394
814600,-3.7941272258758545,1783433255.9947896
814700,-4.097349643707275,1783433262.3813536
814800,-3.9923877716064453,1783433268.5419164
814900,-3.313768148422241,1783433274.8697722
815000,-3.387636661529541,1783433281.3302183
815100,-5.3964948654174805,1783433287.669621
815200,-4.068356990814209,1783433293.8690913
815300,-3.9999046325683594,1783433299.9886558
815400,-3.94673752784729,1783433306.2570245
815500,-5.119123935699463,1783433312.8717961
815600,-6.451771259307861,1783433318.87035
815700,-3.2683465480804443,1783433325.290224
815800,-4.307616233825684,1783433331.2557955
815900,-3.411118984222412,1783433337.6433723
816000,-1.2481807470321655,1783433343.7568734
816100,-2.066004514694214,1783433350.3234353
816200,-5.360044479370117,1783433356.6011236
816300,-3.9310250282287598,1783433362.891153
816400,-1.0324498414993286,1783433369.1340592
816500,-3.9820239543914795,1783433375.1932526
816600,-2.8301501274108887,1783433381.6421068
816700,-5.28111457824707,1783433387.8183627
816800,-5.38787841796875,1783433394.1371934
816900,-4.733222961425781,1783433400.5981057
817000,-4.15866756439209,1783433406.8434076
817100,-6.9402289390563965,1783433413.045855
817200,-3.742220401763916,1783433419.164088
817300,-2.537184953689575,1783433425.3293455
817400,-3.9790496826171875,1783433431.4652812
817500,-3.2339437007904053,1783433437.6596928
817600,-6.192724227905273,1783433443.8289285
817700,-2.4400153160095215,1783433449.8545055
817800,-0.8202458620071411,1783433456.1443987
817900,-4.59800910949707,1783433462.4193168
818000,-5.234884262084961,1783433468.6252077
818100,-5.581115245819092,1783433474.8059812
818200,-4.0699357986450195,1783433481.0731146
818300,-4.529387474060059,1783433487.43833
818400,-3.615466594696045,1783433493.8471947
818500,-7.488858222961426,1783433500.144305
818600,-3.8203580379486084,1783433506.7442853
818700,-3.5665194988250732,1783433512.8907402
818800,-2.74430775642395,1783433519.1737545
818900,-3.603130340576172,1783433525.2070117
819000,-2.9233646392822266,1783433531.7138731
819100,-3.648890256881714,1783433537.8975751
819200,-4.754700183868408,1783433544.0209963
819300,-5.6089863777160645,1783433550.2651923
819400,-2.3502988815307617,1783433556.759087
819500,-5.620521545410156,1783433563.0448449
819600,-4.573615074157715,1783433569.549486
819700,-3.598804473876953,1783433575.8329034
819800,-3.497979164123535,1783433582.352234
819900,-3.3067281246185303,1783433588.9176176
820000,-3.9428937435150146,1783433595.4722457
820100,-3.970602035522461,1783433601.622669
820200,-3.7301015853881836,1783433607.9163644
820300,-3.6667425632476807,1783433614.1327913
820400,-1.9297720193862915,1783433620.524177
820500,-1.2345526218414307,1783433627.2539377
820600,-4.061794281005859,1783433633.4843202
820700,-3.7421770095825195,1783433639.99249
820800,-3.6534671783447266,1783433646.4936368
820900,-4.684603691101074,1783433652.829083
821000,-5.128629684448242,1783433658.915386
821100,-4.959890365600586,1783433665.4626043
821200,-3.5662214756011963,1783433671.6982474
821300,-4.7302045822143555,1783433678.155754
821400,-2.5614938735961914,1783433684.294817
821500,-1.9999979734420776,1783433690.7917247
821600,-5.534985542297363,1783433697.1631567
821700,-1.73628830909729,1783433703.4992023
821800,-2.3968939781188965,1783433709.9261587
821900,-2.811222553253174,1783433716.331852
822000,-4.013113498687744,1783433722.4932835
822100,-3.4917571544647217,1783433728.720482
822200,-3.9836812019348145,1783433734.9769223
822300,-1.6585605144500732,1783433741.0801458
822400,-4.094944953918457,1783433747.6129436
822500,-1.6928212642669678,1783433753.6820192
822600,-3.3305416107177734,1783433760.0871441
822700,-1.9076588153839111,1783433766.3531084
822800,-2.9287946224212646,1783433772.5302582
822900,0.1449170708656311,1783433778.8669064
823000,-0.6079680919647217,1783433785.115314
823100,-2.241006374359131,1783433791.6009429
823200,-3.6629936695098877,1783433797.8773468
823300,-4.626612663269043,1783433804.4166296
823400,-6.860732555389404,1783433810.7049465
823500,-6.354018688201904,1783433816.8530772
823600,-4.839291572570801,1783433823.1309652
823700,-4.539196968078613,1783433829.2560503
823800,-4.206087112426758,1783433835.7519665
823900,-2.1742827892303467,1783433842.287121
824000,-1.2439045906066895,1783433848.5204716
824100,-4.887650012969971,1783433854.7381246
824200,-4.154202461242676,1783433861.2686074
824300,-0.18780824542045593,1783433867.5036259
824400,-2.5800089836120605,1783433873.9952435
824500,-2.0393564701080322,1783433880.4106758
824600,-1.3935918807983398,1783433886.7996035
824700,-0.37339067459106445,1783433892.980477
824800,-2.117361068725586,1783433899.4059494
824900,-0.8558728098869324,1783433905.8052511
825000,-1.8483262062072754,1783433911.928261
825100,-2.565037727355957,1783434098.9093215
825200,-4.2745137214660645,1783434104.9315789
825300,-3.3367245197296143,1783434110.9716897
825400,-3.414947986602783,1783434117.046468
825500,-3.0651142597198486,1783434123.0820317
825600,-5.431108474731445,1783434129.2663815
825700,-4.637875556945801,1783434135.4404466
825800,-3.6083178520202637,1783434141.8312821
825900,-3.1173434257507324,1783434148.216608
826000,-1.8992080688476562,1783434154.2942054
826100,-3.0900425910949707,1783434160.4844637
826200,-2.8631668090820312,1783434166.7787719
826300,-5.799905300140381,1783434172.9298651
826400,-3.80570650100708,1783434179.2240968
826500,-5.1985673904418945,1783434185.6750927
826600,-1.887131690979004,1783434192.233064
826700,-1.3176203966140747,1783434198.3950946
826800,-3.5357728004455566,1783434204.6003442
826900,-4.533583164215088,1783434210.7312002
827000,-5.263747215270996,1783434216.965965
827100,-5.029928207397461,1783434223.2142022
827200,-0.4785284996032715,1783434229.5194948
827300,-4.31303071975708,1783434235.9383113
827400,-3.2939915657043457,1783434242.3122907
827500,-4.741368293762207,1783434248.7171862
827600,-3.988180160522461,1783434254.919581
827700,-4.523431301116943,1783434261.0268676
827800,-1.8987138271331787,1783434267.3122253
827900,-3.1105289459228516,1783434273.538854
828000,-4.0111775398254395,1783434279.7082503
828100,-2.0394368171691895,1783434285.9520664
828200,-2.162219524383545,1783434292.0906734
828300,-3.714016914367676,1783434298.4715915
828400,-2.982771396636963,1783434304.6441195
828500,-3.404007911682129,1783434310.8377244
828600,-1.528954029083252,1783434316.8966138
828700,-2.3568668365478516,1783434323.162675
828800,-2.2310829162597656,1783434329.4086103
828900,-3.557119369506836,1783434335.966163
829000,-1.174412727355957,1783434342.0713606
829100,-3.2007360458374023,1783434348.4311683
829200,-3.2459936141967773,1783434354.7197893
829300,-3.924135446548462,1783434360.9272275
829400,-5.918081283569336,1783434367.0422695
829500,-2.546027660369873,1783434373.1197066
829600,-3.2097606658935547,1783434379.3203022
829700,-2.5062479972839355,1783434385.4672759
829800,-1.5844299793243408,1783434391.6006172
829900,-3.273712158203125,1783434397.812293
830000,-1.820333480834961,1783434403.9394627
830100,-1.769888162612915,1783434410.332247
830200,-3.7970798015594482,1783434416.6706097
830300,-1.892383337020874,1783434423.1182368
830400,-3.043813943862915,1783434429.318004
830500,-4.39292049407959,1783434435.3455474
830600,-0.8212997317314148,1783434441.4683006
830700,-2.1130712032318115,1783434447.5956953
830800,-2.253868579864502,1783434454.3145146
830900,-4.417387962341309,1783434460.5745656
831000,-2.057884693145752,1783434466.6579254
831100,-1.9223575592041016,1783434472.8976254
831200,-2.92720365524292,1783434479.016287
831300,-4.488286972045898,1783434485.517697
831400,-4.131030082702637,1783434491.6635277
831500,-4.015603065490723,1783434497.8644583
831600,-5.892285346984863,1783434504.1357532
831700,-3.5363991260528564,1783434510.8381593
831800,-2.984316825866699,1783434517.084312
831900,-4.657168388366699,1783434523.5670998
832000,-4.402648448944092,1783434530.1372075
832100,-5.238613605499268,1783434536.419004
832200,-2.6892309188842773,1783434542.8126764
832300,-3.9582948684692383,1783434549.0286295
832400,-5.872432708740234,1783434555.3012733
832500,-2.63730788230896,1783434561.4315236
832600,-2.0227718353271484,1783434567.7192414
832700,-3.5550265312194824,1783434573.9303555
832800,-1.8503193855285645,1783434580.2889805
832900,-4.232154846191406,1783434586.678744
833000,-3.2323267459869385,1783434592.933136
833100,-3.011354446411133,1783434599.0152588
833200,-1.2966532707214355,1783434605.115116
833300,-4.952558994293213,1783434611.2027621
833400,-4.3630781173706055,1783434617.5490382
833500,-4.394004821777344,1783434623.7744896
833600,-2.232083797454834,1783434630.1783278
833700,-3.8484208583831787,1783434636.3820102
833800,-4.333095073699951,1783434642.5439148
833900,-4.044026851654053,1783434648.943845
834000,-4.539519309997559,1783434655.2226694
834100,-3.229424476623535,1783434661.3776476
834200,-4.856931209564209,1783434667.5699716
834300,-2.048218011856079,1783434673.785555
834400,-4.669556617736816,1783434680.0086627
834500,-3.100600242614746,1783434686.061139
834600,-1.9285279512405396,1783434692.194346
834700,-2.8979668617248535,1783434698.4380906
834800,-1.8877723217010498,1783434704.7678308
834900,-3.703031063079834,1783434710.8888447
835000,-5.438681602478027,1783434717.0734956
835100,0.4154554009437561,1783434723.1341038
835200,-1.5238395929336548,1783434729.4006827
835300,-3.047717332839966,1783434735.4384043
835400,-3.1811718940734863,1783434741.6399665
835500,-3.014925956726074,1783434747.9478428
835600,-2.401043176651001,1783434754.0228946
835700,-2.4627997875213623,1783434760.1676316
835800,-0.5593332648277283,1783434766.3830848
835900,-1.4097530841827393,1783434772.5351331
836000,-0.5087794661521912,1783434778.5667086
836100,-1.7703156471252441,1783434784.8504772
836200,-5.501235008239746,1783434791.1291907
836300,-3.8396363258361816,1783434797.2604864
836400,-3.1671369075775146,1783434803.7114253
836500,-1.726330280303955,1783434809.9651272
836600,-1.692039132118225,1783434816.3514016
836700,-3.2038607597351074,1783434822.6678178
836800,-4.001955032348633,1783434828.8370602
836900,-3.870607852935791,1783434835.4158754
837000,-2.537060499191284,1783434841.8287575
837100,-1.2650976181030273,1783434848.1444855
837200,-2.3837485313415527,1783434854.4284544
837300,-2.631951332092285,1783434860.752772
837400,-0.7250746488571167,1783434866.8872826
837500,-3.593271493911743,1783434873.2174237
837600,-1.4531699419021606,1783434879.4992962
837700,-3.889723062515259,1783434885.7983077
837800,-2.2468791007995605,1783434891.967224
837900,-3.5282108783721924,1783434898.170536
838000,-1.4036762714385986,1783434904.453418
838100,-2.129330635070801,1783434910.9685683
838200,-1.4841079711914062,1783434917.2598448
838300,-2.8068885803222656,1783434923.7451081
838400,-0.3164476156234741,1783434930.1187656
838500,-4.470113754272461,1783434936.6439862
838600,-2.6912317276000977,1783434943.0444002
838700,-3.2280354499816895,1783434949.4449751
838800,1.4204459190368652,1783434955.8809836
838900,-1.7285722494125366,1783434962.378709
839000,-1.905977487564087,1783434968.3959296
839100,-1.1244001388549805,1783434974.6730614
839200,-1.0692487955093384,1783434981.0020545
839300,-3.457803249359131,1783434987.5750358
839400,1.2707102298736572,1783434994.2804866
839500,-2.877437114715576,1783435000.4955173
839600,-3.3734989166259766,1783435006.7666795
839700,-3.0309789180755615,1783435013.4044414
839800,-1.1888360977172852,1783435019.5346544
839900,-0.5918964743614197,1783435025.8111436
840000,-2.5678982734680176,1783435032.0259523
840100,-1.9255728721618652,1783435038.3790014
840200,-1.3725409507751465,1783435044.8701556
840300,-4.170957088470459,1783435051.2574959
840400,-2.9431769847869873,1783435057.5701993
840500,-3.7143025398254395,1783435063.9530327
840600,-3.0229835510253906,1783435070.0711918
840700,-2.8747406005859375,1783435076.3164778
840800,-3.219801902770996,1783435082.727479
840900,-1.5454555749893188,1783435089.1290312
841000,-3.953920364379883,1783435095.3855772
841100,-3.0843992233276367,1783435101.6281962
841200,-2.4009549617767334,1783435107.9319227
841300,-2.412358283996582,1783435114.493176
841400,-2.153716564178467,1783435120.6991968
841500,-4.270569801330566,1783435126.9199862
841600,0.665319561958313,1783435133.175535
841700,-4.964245796203613,1783435139.6831357
841800,-3.604555130004883,1783435145.8263102
841900,-2.5763204097747803,1783435152.5481734
842000,-4.760300636291504,1783435159.062581
842100,0.2998819649219513,1783435165.420327
842200,-3.70829701423645,1783435171.595913
842300,-3.542874574661255,1783435178.1294742
842400,-2.6306562423706055,1783435184.3180492
842500,-2.4586586952209473,1783435190.4978135
842600,-2.0025365352630615,1783435196.824942
842700,-3.33164119720459,1783435203.2689438
842800,-4.309212684631348,1783435209.4862957
842900,-4.694239616394043,1783435215.6765628
843000,-2.3571207523345947,1783435222.1158988
843100,-1.752037763595581,1783435228.7478368
843200,-3.7991747856140137,1783435235.1305938
843300,-2.7442727088928223,1783435241.3179495
843400,-0.4535813331604004,1783435247.5193188
843500,-1.6945651769638062,1783435253.7591214
843600,-5.16645622253418,1783435259.9428515
843700,-2.2995574474334717,1783435266.1260593
843800,-3.8367860317230225,1783435272.4638462
843900,-2.9207231998443604,1783435278.7126622
844000,-4.0735321044921875,1783435285.512265
844100,-1.6555242538452148,1783435291.8874283
844200,-3.3205795288085938,1783435298.0166886
844300,-2.2186360359191895,1783435304.2923222
844400,-1.2134833335876465,1783435310.3404343
844500,-1.6029475927352905,1783435316.5766068
844600,-2.3828792572021484,1783435322.889007
844700,-3.1777682304382324,1783435329.1492136
844800,-2.207306385040283,1783435335.431122
844900,-1.8548851013183594,1783435341.7037926
845000,-1.1856952905654907,1783435348.0983856
845100,-1.9572516679763794,1783435354.4113488
845200,-2.016934633255005,1783435360.6861382
845300,-1.3498363494873047,1783435367.0144212
845400,0.4432615041732788,1783435373.3494627
845500,0.22314608097076416,1783435379.4637666
845600,-2.9309444427490234,1783435385.6745737
845700,-2.1172995567321777,1783435392.0897555
845800,-2.961667776107788,1783435398.1636584
845900,-2.811300277709961,1783435404.3803544
846000,-2.9517626762390137,1783435410.4390984
846100,-1.769170880317688,1783435416.5354552
846200,-2.229060649871826,1783435422.783659
846300,-0.7849383354187012,1783435428.8654091
846400,0.12189662456512451,1783435435.1605663
846500,-3.175990104675293,1783435441.4877934
846600,-0.20912989974021912,1783435447.5150542
846700,-0.8320310115814209,1783435453.734973
846800,-1.216745376586914,1783435459.9928515
846900,-3.8302056789398193,1783435466.0797231
847000,-1.2671133279800415,1783435472.3274467
847100,-1.8075109720230103,1783435478.8065462
847200,-2.8209855556488037,1783435485.0845308
847300,0.0055304765701293945,1783435491.251196
847400,-2.6901919841766357,1783435497.6077895
847500,-1.4307472705841064,1783435503.7481487
847600,-2.0506412982940674,1783435510.1893518
847700,-2.904465675354004,1783435516.5300121
847800,-3.2049975395202637,1783435522.9758582
847900,-2.74830961227417,1783435529.1238804
848000,-3.857687473297119,1783435535.3613844
848100,-2.1949048042297363,1783435541.913417
848200,-2.6758713722229004,1783435548.4611528
848300,-2.464467763900757,1783435554.827605
848400,-2.734844446182251,1783435561.07366
848500,-3.681649684906006,1783435567.5259252
848600,-2.950106620788574,1783435573.7395747
848700,-3.744514226913452,1783435580.0366879
848800,-3.186549663543701,1783435586.2912517
848900,-4.556140899658203,1783435592.620613
849000,-2.1617560386657715,1783435598.9451215
849100,-2.5211808681488037,1783435605.3649435
849200,-3.798935890197754,1783435611.8514688
849300,-2.7985429763793945,1783435618.3345635
849400,-3.434358596801758,1783435624.5206013
849500,-2.99577260017395,1783435630.7470522
849600,0.3514474928379059,1783435637.3252072
849700,-1.6494749784469604,1783435643.5471478
849800,-3.70719575881958,1783435650.1123722
849900,-0.955471396446228,1783435656.2943363
850000,-3.3387484550476074,1783435662.6280372
850100,-3.3624954223632812,1783435832.5783732
850200,-2.937584400177002,1783435839.0373042
850300,-1.004111409187317,1783435845.286583
850400,-2.696193218231201,1783435851.7764919
850500,-0.31034865975379944,1783435858.1058357
850600,-3.0663530826568604,1783435864.3167198
850700,-0.37539398670196533,1783435870.436868
850800,-0.43387627601623535,1783435876.8917835
850900,-1.983858346939087,1783435883.299877
851000,-2.119389295578003,1783435889.6782825
851100,-4.415010452270508,1783435896.1310592
851200,-1.2049987316131592,1783435902.5752983
851300,-2.7787294387817383,1783435908.9184234
851400,-2.9958882331848145,1783435915.0752187
851500,0.07310277223587036,1783435921.5431604
851600,-2.283496856689453,1783435927.9652178
851700,-2.00083065032959,1783435934.3315604
851800,-2.3785789012908936,1783435940.5999558
851900,-3.5155928134918213,1783435946.798138
852000,-0.7619437575340271,1783435953.0560055
852100,-3.1858510971069336,1783435959.2416806
852200,-4.56683349609375,1783435965.5050766
852300,-3.8828372955322266,1783435971.6519637
852400,-2.362393379211426,1783435978.0029657
852500,-1.1812794208526611,1783435984.3544402
852600,-3.9859206676483154,1783435990.5640943
852700,-2.6812477111816406,1783435997.0089648
852800,-1.1526641845703125,1783436003.1671205
852900,-2.980668306350708,1783436009.562774
853000,-1.5864448547363281,1783436015.7389207
853100,-1.9017691612243652,1783436022.2004118
853200,-3.019308090209961,1783436028.6453462
853300,-3.468562126159668,1783436034.9447212
853400,-1.002708077430725,1783436041.1354895
853500,-4.85376501083374,1783436047.5572681
853600,-3.771775960922241,1783436053.8323424
853700,-3.5548269748687744,1783436060.153142
853800,-6.788950443267822,1783436066.7056363
853900,-5.179137229919434,1783436072.960281
854000,-3.6417391300201416,1783436079.4280665
854100,-4.295733451843262,1783436085.4638581
854200,-3.21565580368042,1783436091.4765751
854300,-5.220918655395508,1783436097.8487966
854400,-3.5663223266601562,1783436104.0595396
854500,-2.9088940620422363,1783436110.122544
854600,-2.430992841720581,1783436116.4587538
854700,-3.5551586151123047,1783436122.6397064
854800,-2.3295648097991943,1783436128.6848335
854900,-3.946314811706543,1783436134.8721898
855000,-4.560027122497559,1783436140.9484222
855100,-4.219822406768799,1783436147.1162632
855200,-2.772157907485962,1783436153.3328726
855300,-5.210585594177246,1783436159.4558928
855400,-4.540769100189209,1783436165.6360736
855500,-0.8612080216407776,1783436171.898849
855600,-4.786045074462891,1783436178.3343842
855700,-4.953473091125488,1783436184.4967587
855800,-2.6688098907470703,1783436190.7687798
855900,-3.7705459594726562,1783436197.145869
856000,-4.0341644287109375,1783436203.3716838
856100,-3.267434597015381,1783436209.4619565
856200,-3.8156533241271973,1783436215.4518557
856300,-4.559360504150391,1783436221.9808009
856400,-2.3391318321228027,1783436228.4665112
856500,-4.4787139892578125,1783436234.702786
856600,-5.100552082061768,1783436240.862804
856700,-3.782548189163208,1783436247.4878905
856800,-5.186147689819336,1783436253.873895
856900,-3.3222994804382324,1783436260.1368327
857000,-2.826319694519043,1783436266.4621732
857100,-3.0155816078186035,1783436272.6271906
857200,-3.9075512886047363,1783436279.2963889
857300,-4.282569885253906,1783436285.5304956
857400,-3.7082793712615967,1783436291.8190393
857500,-4.018370628356934,1783436298.2244086
857600,-3.90213942527771,1783436304.6952987
857700,-1.5603090524673462,1783436311.0298045
857800,-4.077809810638428,1783436317.3997352
857900,-3.2013320922851562,1783436323.6445785
858000,-3.8919427394866943,1783436330.0534942
858100,-2.5601940155029297,1783436336.3051171
858200,-3.3180110454559326,1783436342.922732
858300,-2.123894453048706,1783436349.4637094
858400,-6.403689384460449,1783436355.5676928
858500,-4.4839019775390625,1783436361.940971
858600,-2.582078456878662,1783436368.1738896
858700,-4.658771514892578,1783436374.4990354
858800,-4.6221795082092285,1783436381.2248466
858900,-3.90952205657959,1783436387.680779
859000,-5.768301010131836,1783436393.959496
859100,-3.528806686401367,1783436400.1705782
859200,-1.7782659530639648,1783436406.468922
859300,-4.392077922821045,1783436413.042902
859400,-2.4129042625427246,1783436419.3453112
859500,-3.859196186065674,1783436425.6827266
859600,-5.021372318267822,1783436432.1684718
859700,-4.006870269775391,1783436438.2374291
859800,-1.3218090534210205,1783436444.4310923
859900,-3.866844654083252,1783436450.8584316
860000,-3.5618605613708496,1783436457.2591658
860100,-2.7252728939056396,1783436463.5376632
860200,-3.9193170070648193,1783436469.9370496
860300,-5.208809852600098,1783436476.2518125
860400,-0.40296047925949097,1783436482.4354367
860500,-6.061564922332764,1783436488.8444068
860600,-3.6744611263275146,1783436495.2737274
860700,-6.132798194885254,1783436501.5848913
860800,-5.580374717712402,1783436507.9819047
860900,-1.7724218368530273,1783436514.0989718
861000,-2.6250534057617188,1783436520.6238966
861100,-2.888151168823242,1783436527.0195322
861200,-3.5055296421051025,1783436533.0772667
861300,-7.2651214599609375,1783436539.3795872
861400,-6.8415985107421875,1783436545.4837105
861500,-4.874100208282471,1783436551.6867785
861600,-3.38216495513916,1783436558.0275004
861700,-0.7395901679992676,1783436564.0910184
861800,-2.4757325649261475,1783436570.152554
861900,-6.70084810256958,1783436576.3316493
862000,-5.421297073364258,1783436582.8563774
862100,-4.923043251037598,1783436588.9207845
862200,-4.871694564819336,1783436595.186428
862300,-3.2295525074005127,1783436601.2241793
862400,-3.654021978378296,1783436607.8115547
862500,-3.4858808517456055,1783436614.0653603
862600,-2.817736864089966,1783436620.1840537
862700,-4.855226993560791,1783436626.6401033
862800,-5.085111141204834,1783436632.9361746
862900,-2.7614965438842773,1783436639.1174881
863000,-4.018731117248535,1783436645.482607
863100,-1.3803625106811523,1783436651.949791
863200,-2.784376382827759,1783436658.633387
863300,-1.8033641576766968,1783436664.8187194
863400,-3.889066219329834,1783436671.2375581
863500,-2.0021469593048096,1783436677.3480952
863600,-0.7873558402061462,1783436683.5697868
863700,-2.095290184020996,1783436689.6859968
863800,-2.8017754554748535,1783436695.839065
863900,-1.6907535791397095,1783436701.994703
864000,-1.5477900505065918,1783436708.3272521
864100,-4.688037395477295,1783436714.2199295
864200,-4.504608154296875,1783436720.4998403
864300,-5.501338958740234,1783436726.6685545
864400,-4.345715045928955,1783436732.8675573
864500,-3.8641457557678223,1783436738.9827774
864600,-4.211768627166748,1783436745.216289
864700,-4.0913615226745605,1783436751.3248222
864800,-2.4673819541931152,1783436757.3556588
864900,-2.4688260555267334,1783436763.4255931
865000,-4.8369526863098145,1783436769.732253
865100,-4.81658935546875,1783436775.6600668
865200,-4.874539852142334,1783436782.1125343
865300,-0.6631011962890625,1783436788.407413
865400,-3.3630623817443848,1783436794.5791836
865500,-5.17067813873291,1783436800.658815
865600,-4.9614434242248535,1783436806.9377134
865700,-6.364091396331787,1783436812.9579813
865800,-3.4971790313720703,1783436819.0803301
865900,-3.191551685333252,1783436825.5119028
866000,-4.9812421798706055,1783436831.611435
866100,-2.359254837036133,1783436838.0366013
866200,-5.324701309204102,1783436844.1056495
866300,-3.0547478199005127,1783436850.196864
866400,-4.521909713745117,1783436856.566157
866500,-2.379004955291748,1783436862.8333776
866600,-3.1019325256347656,1783436869.2681034
866700,-3.855147361755371,1783436875.6504333
866800,-3.3716342449188232,1783436881.780907
866900,-3.8120927810668945,1783436888.6225278
867000,-6.221210479736328,1783436894.7680428
867100,-4.7199296951293945,1783436901.228877
867200,-1.0472180843353271,1783436907.5123067
867300,-4.018249034881592,1783436913.9626024
867400,-2.7972960472106934,1783436920.1853874
867500,-3.1256606578826904,1783436926.4585688
867600,-4.748327255249023,1783436932.9750903
867700,-0.28350013494491577,1783436939.5032306
867800,-3.988816738128662,1783436945.7269619
867900,-3.378364324569702,1783436952.181153
868000,-3.759404420852661,1783436958.5829704
868100,-2.923210382461548,1783436964.7747703
868200,-3.6197783946990967,1783436971.2766416
868300,-5.977274417877197,1783436977.6889653
868400,-5.393120765686035,1783436983.9527838
868500,-4.773257255554199,1783436990.3948073
868600,-5.332342624664307,1783436996.807225
868700,-5.000000953674316,1783437002.895451
868800,-2.1840157508850098,1783437009.356727
868900,-4.760259628295898,1783437015.6466463
869000,-5.044897079467773,1783437022.0638733
869100,-2.1792144775390625,1783437028.307331
869200,-5.042369842529297,1783437034.660044
869300,-2.7479300498962402,1783437040.8501973
869400,-4.190220832824707,1783437047.1735427
869500,-4.937318801879883,1783437053.6004243
869600,-3.8697116374969482,1783437060.16339
869700,-5.725986003875732,1783437066.5046422
869800,-4.7775421142578125,1783437072.9654226
869900,-3.3517823219299316,1783437079.2976062
870000,2.869752883911133,1783437085.792033
870100,-4.672966003417969,1783437091.8983884
870200,-5.195693016052246,1783437098.2523222
870300,-3.9326982498168945,1783437104.4566398
870400,-1.2286581993103027,1783437110.9150262
870500,-2.7051916122436523,1783437117.3392227
870600,-4.8260698318481445,1783437123.6838667
870700,-4.100218772888184,1783437129.827671
870800,-4.594339370727539,1783437136.0306144
870900,-5.4162468910217285,1783437142.2759888
871000,-5.340929985046387,1783437148.561004
871100,-1.7400097846984863,1783437155.124341
871200,-2.2079896926879883,1783437161.6603358
871300,-3.146589756011963,1783437167.7902389
871400,-2.5462589263916016,1783437174.1831422
871500,-1.452048420906067,1783437180.4543085
871600,-5.402328014373779,1783437186.9379482
871700,-4.635039329528809,1783437193.3431888
871800,-2.904057741165161,1783437199.954495
871900,0.28325676918029785,1783437206.2639012
872000,-5.160429954528809,1783437212.436197
872100,-3.022336483001709,1783437219.1007693
872200,-1.288268804550171,1783437225.6159887
872300,-5.19523811340332,1783437231.921422
872400,-4.169137954711914,1783437238.3846009
872500,-3.486790180206299,1783437244.769084
872600,-5.951305389404297,1783437251.179406
872700,-4.708700180053711,1783437257.4975483
872800,-2.6203384399414062,1783437263.9875803
872900,-4.009349822998047,1783437270.2521203
873000,-5.479096412658691,1783437276.3607562
873100,-3.9779677391052246,1783437282.397627
873200,-5.3866472244262695,1783437288.8028584
873300,-3.611086368560791,1783437295.274089
873400,-4.31378173828125,1783437301.6940026
873500,-2.7120726108551025,1783437307.9388018
873600,-5.611857891082764,1783437313.9959147
873700,-3.9850172996520996,1783437320.243401
873800,-3.645204782485962,1783437326.315427
873900,-3.8191375732421875,1783437332.6084301
874000,-1.811553716659546,1783437338.8506007
874100,-5.137765407562256,1783437345.0352235
874200,-3.426912784576416,1783437351.2959638
874300,-4.354530334472656,1783437357.5814342
874400,-4.566764831542969,1783437363.7945695
874500,-5.014364242553711,1783437370.1592398
874600,-4.2275285720825195,1783437376.6644437
874700,-3.685762405395508,1783437383.060288
874800,-4.645206928253174,1783437389.514688
874900,-5.583133220672607,1783437395.9012868
875000,-7.0150227546691895,1783437402.3449924
875100,-4.206280708312988,1783437557.0842896
875200,-5.178504943847656,1783437563.2681475
875300,-2.826195240020752,1783437569.73454
875400,-4.690404415130615,1783437576.116734
875500,-3.814448356628418,1783437582.305142
875600,-1.9004826545715332,1783437588.7182763
875700,-1.2545421123504639,1783437594.9545534
875800,-2.8425869941711426,1783437601.3287356
875900,-0.2908596992492676,1783437607.6679184
876000,-3.6488842964172363,1783437613.8799732
876100,-2.3430287837982178,1783437620.25893
876200,0.07873910665512085,1783437626.5862184
876300,-2.4425978660583496,1783437633.0300198
876400,-2.5879292488098145,1783437639.529001
876500,-3.149096965789795,1783437645.7421002
876600,-4.499350070953369,1783437652.1005025
876700,-6.451207637786865,1783437658.6499584
876800,-2.910691976547241,1783437664.8566184
876900,-3.983642101287842,1783437671.3695962
877000,-4.1397385597229,1783437677.6670046
877100,-2.2599151134490967,1783437684.084301
877200,-2.3401710987091064,1783437690.6759732
877300,-3.929506778717041,1783437696.9146445
877400,-4.781440734863281,1783437703.6831603
877500,-2.8808507919311523,1783437710.1917958
877600,-5.463390350341797,1783437716.3173873
877700,-2.994011402130127,1783437722.755866
877800,-3.869558095932007,1783437728.8187013
877900,-4.76686429977417,1783437735.2235472
878000,-3.4664745330810547,1783437741.3266752
878100,-5.049134254455566,1783437747.4280097
878200,-3.1324689388275146,1783437753.6983025
878300,-2.36283278465271,1783437760.0177734
878400,-2.3891444206237793,1783437766.3842835
878500,-3.902928590774536,1783437772.6483502
878600,-3.159329414367676,1783437778.7926984
878700,-4.298537731170654,1783437784.9674144
878800,-5.172486305236816,1783437791.2062533
878900,-2.6812212467193604,1783437797.5274708
879000,-5.004986763000488,1783437803.7589726
879100,-5.117076396942139,1783437810.240013
879200,-4.462540149688721,1783437816.4291384
879300,-1.3784093856811523,1783437822.8840702
879400,-2.9118664264678955,1783437828.9469516
879500,-3.834261178970337,1783437835.2346952
879600,-2.6430206298828125,1783437841.4270477
879700,-5.068939685821533,1783437847.7198434
879800,-4.368851661682129,1783437854.0992246
879900,-4.547029495239258,1783437860.3707578
880000,-2.8535590171813965,1783437866.6198487
880100,-1.5234299898147583,1783437872.9631493
880200,-2.1209545135498047,1783437879.728314
880300,-2.116607666015625,1783437886.1457272
880400,-4.476802825927734,1783437892.3018088
880500,-3.7273874282836914,1783437898.7725575
880600,-6.435873508453369,1783437904.936968
880700,-4.581071376800537,1783437911.1834164
880800,-4.11644172668457,1783437917.487638
880900,-1.707589864730835,1783437923.8403773
881000,-4.215689182281494,1783437930.0304217
881100,-3.458524703979492,1783437936.4651515
881200,-2.363119125366211,1783437942.659462
881300,-3.4491171836853027,1783437949.0785205
881400,-3.063854932785034,1783437955.3621116
881500,-3.250016689300537,1783437961.6227162
881600,-2.352908134460449,1783437967.7644062
881700,-0.49333441257476807,1783437974.0939572
881800,-3.7146236896514893,1783437980.4091697
881900,-0.6187357306480408,1783437986.7982347
882000,-2.9275498390197754,1783437993.1286194
882100,-0.9585915207862854,1783437999.4800255
882200,-3.3353893756866455,1783438005.6231892
882300,-2.7271313667297363,1783438011.9677072
882400,-4.774395942687988,1783438018.2142744
882500,-4.203901290893555,1783438024.3741927
882600,-2.916893482208252,1783438030.9622386
882700,-3.8694357872009277,1783438037.119038
882800,-3.2707438468933105,1783438043.479056
882900,0.26950347423553467,1783438049.705297
883000,-1.841461181640625,1783438055.7972329
883100,-3.6104607582092285,1783438062.0462196
883200,-4.282811164855957,1783438068.6165578
883300,-4.776798248291016,1783438074.9567442
883400,-2.566619634628296,1783438081.6547174
883500,-4.265429973602295,1783438087.8854935
883600,-3.2588558197021484,1783438094.3791711
883700,-2.172656774520874,1783438100.7111897
883800,-2.683807134628296,1783438106.9170604
883900,-1.8481299877166748,1783438113.1410477
884000,-2.7616195678710938,1783438119.5046382
884100,-3.6518454551696777,1783438125.8415778
884200,-4.265480041503906,1783438132.1172433
884300,-3.4218971729278564,1783438138.4953072
884400,-3.2768585681915283,1783438144.5867133
884500,-1.5667061805725098,1783438150.8185232
884600,-2.4441709518432617,1783438157.3618531
884700,-5.654781341552734,1783438163.8048832
884800,-1.0778636932373047,1783438170.4501455
884900,-2.769965171813965,1783438176.7282171
885000,-2.5170845985412598,1783438183.0109663
885100,-3.0430662631988525,1783438189.3507235
885200,-1.1515475511550903,1783438195.5195298
885300,-2.268098831176758,1783438201.698755
885400,-1.9574867486953735,1783438208.144338
885500,-2.735466480255127,1783438214.5629058
885600,-3.1090378761291504,1783438220.9653468
885700,-4.307094573974609,1783438227.3490632
885800,-4.836174488067627,1783438233.532539
885900,-3.931396722793579,1783438239.9640136
886000,-3.1797730922698975,1783438246.2268012
886100,-3.760143280029297,1783438252.6003168
886200,0.6609432697296143,1783438259.161627
886300,-2.662454128265381,1783438265.2300968
886400,-2.8743767738342285,1783438271.5717943
886500,-3.6622138023376465,1783438277.6843264
886600,-2.8362741470336914,1783438283.847747
886700,-1.1599794626235962,1783438290.0242746
886800,-4.400519371032715,1783438296.4239266
886900,-2.6337356567382812,1783438302.7463744
887000,-3.4644041061401367,1783438308.7292252
887100,-2.462938070297241,1783438315.1090915
887200,-0.9524992108345032,1783438321.5925298
887300,-0.6415237188339233,1783438327.8435333
887400,-1.7589185237884521,1783438334.066939
887500,-1.2887383699417114,1783438340.615226
887600,-2.323801279067993,1783438346.9442284
887700,-4.188229560852051,1783438353.1449888
887800,-1.9791924953460693,1783438359.4339945
887900,-4.28546667098999,1783438365.6399608
888000,-2.4586994647979736,1783438371.900895
888100,-3.778426170349121,1783438378.326918
888200,-3.034696578979492,1783438384.487551
888300,-2.8085381984710693,1783438390.6911242
888400,-3.5385982990264893,1783438396.9974284
888500,-1.5686777830123901,1783438403.1848562
888600,-4.241138458251953,1783438409.457876
888700,-4.429333209991455,1783438415.6691742
888800,-2.314905881881714,1783438421.928566
888900,-3.6960151195526123,1783438428.3417869
889000,-3.0135273933410645,1783438434.5148158
889100,-0.08459478616714478,1783438441.0023944
889200,-3.592472791671753,1783438447.2290263
889300,-4.277318000793457,1783438453.4354234
889400,-3.144819974899292,1783438459.7857025
889500,-4.299714088439941,1783438466.1218204
889600,-3.31427264213562,1783438472.3965926
889700,-4.3367204666137695,1783438478.6748798
889800,1.3529317378997803,1783438485.2973537
889900,-2.4279186725616455,1783438491.4031591
890000,-0.30796945095062256,1783438497.744943
890100,-2.6258645057678223,1783438504.041236
890200,-3.162019729614258,1783438510.626132
890300,-5.150571346282959,1783438516.9125566
890400,-3.8052148818969727,1783438523.3207216
890500,-2.2114579677581787,1783438529.5305665
890600,-4.346780300140381,1783438535.9738872
890700,-3.8433380126953125,1783438542.4552653
890800,-2.6824469566345215,1783438548.8203373
890900,-0.054725609719753265,1783438555.1269183
891000,-4.568504810333252,1783438561.3350942
891100,-4.235729694366455,1783438567.4682846
891200,-5.5339484214782715,1783438573.7201807
891300,-2.161128044128418,1783438579.951642
891400,-3.981451988220215,1783438586.0290914
891500,-3.4941258430480957,1783438592.210705
891600,-2.7988829612731934,1783438598.4623528
891700,-3.3086183071136475,1783438604.586272
891800,-3.6004631519317627,1783438610.659628
891900,-1.7736546993255615,1783438616.9420154
892000,-0.4260563850402832,1783438622.965817
892100,-1.0140924453735352,1783438629.1455357
892200,-0.9544481635093689,1783438635.6561365
892300,-2.19472599029541,1783438641.8646123
892400,-4.807856559753418,1783438648.1964211
892500,-4.697649002075195,1783438654.1856062
892600,-4.7905402183532715,1783438660.3752158
892700,-5.1896891593933105,1783438666.8163123
892800,-3.5336062908172607,1783438672.9616458
892900,-3.5026068687438965,1783438679.0663352
893000,-2.4095616340637207,1783438685.2615259
893100,-2.8745651245117188,1783438691.3823192
893200,-4.535929203033447,1783438697.599231
893300,-0.8185539245605469,1783438703.5975256
893400,-3.3407769203186035,1783438709.715527
893500,-5.613176345825195,1783438716.3007693
893600,-5.030706882476807,1783438722.557496
893700,-6.4511895179748535,1783438728.8556602
893800,-5.019330978393555,1783438734.975325
893900,-4.715092182159424,1783438741.264158
894000,-7.459066390991211,1783438747.3059342
894100,-4.549701690673828,1783438753.2676308
894200,-5.300985336303711,1783438759.4110339
894300,-5.096395969390869,1783438765.55057
894400,-4.790512561798096,1783438771.8177607
894500,-2.7785277366638184,1783438778.0965965
894600,-5.615196228027344,1783438784.3322108
894700,-7.011135101318359,1783438790.5668974
894800,-3.8878750801086426,1783438797.012628
894900,-1.7621665000915527,1783438803.0883849
895000,-5.223526954650879,1783438809.213746
895100,-1.970594882965088,1783438815.591366
895200,-3.691486120223999,1783438821.6887848
895300,-6.149066925048828,1783438827.9974062
895400,-3.0600085258483887,1783438834.5287635
895500,-6.01151180267334,1783438841.3582327
895600,-5.204742908477783,1783438847.81899
895700,-3.581637382507324,1783438854.5840232
895800,-2.3508529663085938,1783438861.097852
895900,-5.942357063293457,1783438867.3728013
896000,-3.8975989818573,1783438873.492805
896100,-2.657693862915039,1783438879.8161123
896200,-5.262969970703125,1783438885.9584754
896300,-3.873378276824951,1783438892.3319507
896400,-4.07173490524292,1783438898.3841875
896500,-4.745017051696777,1783438904.6504564
896600,-4.872580528259277,1783438910.9303448
896700,-2.9740991592407227,1783438917.5344534
896800,-4.452842712402344,1783438923.9929557
896900,-3.3472323417663574,1783438930.1557143
897000,-6.554238796234131,1783438936.555137
897100,-3.544053316116333,1783438942.7067773
897200,-4.349132061004639,1783438948.979419
897300,-3.40743350982666,1783438955.1332726
897400,-6.940491199493408,1783438961.2349696
897500,-4.9286298751831055,1783438967.6627104
897600,-6.597494125366211,1783438974.0432253
897700,-3.285411834716797,1783438980.4297156
897800,-1.7227061986923218,1783438986.80636
897900,-1.4041794538497925,1783438993.0685823
898000,-3.642076015472412,1783438999.3552701
898100,-2.775278091430664,1783439005.633398
898200,-2.9580845832824707,1783439011.8193572
898300,-5.608027458190918,1783439018.074554
898400,-6.809389114379883,1783439024.4461665
898500,-3.6799206733703613,1783439030.7921777
898600,-4.695178985595703,1783439036.9749973
898700,-8.051864624023438,1783439043.0479002
898800,-3.173342704772949,1783439049.1943786
898900,-2.8304545879364014,1783439055.3632605
899000,-1.2487547397613525,1783439061.4971848
899100,-2.834197759628296,1783439067.7610962
899200,-1.1046062707901,1783439073.9150426
899300,-5.292393684387207,1783439080.232982
899400,-3.0796868801116943,1783439086.4540222
899500,-2.1410861015319824,1783439092.6149006
899600,-3.669004201889038,1783439099.022622
899700,-1.801891565322876,1783439105.4163327
899800,-2.743018627166748,1783439111.5159447
899900,-4.056386470794678,1783439117.7503474
900000,-2.449904680252075,1783514260.052701
900100,-1.5736188888549805,1783514432.2462683
900200,-1.6254961490631104,1783514438.3635871
900300,-1.76910400390625,1783514444.5974088
900400,-5.031142711639404,1783514450.7286377
900500,-3.696169376373291,1783514456.956806
900600,-3.58432674407959,1783514463.0624309
900700,-3.1615381240844727,1783514469.4000273
900800,-3.337993621826172,1783514475.5112686
900900,-2.957282543182373,1783514481.5864768
901000,-3.828922986984253,1783514487.641419
901100,-4.035281181335449,1783514493.7080002
901200,-4.207237720489502,1783514500.0991745
901300,-1.8289332389831543,1783514506.1844134
901400,-3.9930315017700195,1783514512.2446892
901500,-5.367609024047852,1783514518.3293822
901600,-0.8442595601081848,1783514524.5317755
901700,-3.821427345275879,1783514530.5088727
901800,-4.389557838439941,1783514536.5555694
901900,-6.318723678588867,1783514542.7764769
902000,-2.9408986568450928,1783514549.101949
902100,-4.313018798828125,1783514555.303852
902200,-2.3718419075012207,1783514561.3718393
902300,-3.5609569549560547,1783514567.5115376
902400,-3.7887682914733887,1783514573.8006158
902500,-2.250441551208496,1783514579.9565563
902600,-3.139672040939331,1783514586.2818894
902700,-4.509163856506348,1783514592.4086912
902800,-4.509603500366211,1783514598.6220236
902900,-2.7388291358947754,1783514604.9496784
903000,-2.907512664794922,1783514611.221718
903100,-6.176293849945068,1783514617.3874717
903200,-4.229839324951172,1783514623.8898811
903300,-0.9459611177444458,1783514629.9744482
903400,-4.694077491760254,1783514635.969305
903500,-2.5062055587768555,1783514642.3678012
903600,-4.055997371673584,1783514648.5088737
903700,-4.101195335388184,1783514654.6655734
903800,-2.112405776977539,1783514661.105023
903900,-4.14306116104126,1783514667.3869803
904000,-1.45194411277771,1783514673.6764894
904100,-5.495613098144531,1783514679.8174772
904200,-3.3926939964294434,1783514685.9031994
904300,-1.6408944129943848,1783514692.284835
904400,-5.298640727996826,1783514698.389094
904500,-4.854217529296875,1783514704.62465
904600,-3.3161849975585938,1783514710.6739068
904700,-4.531398773193359,1783514716.8053315
904800,-2.3009305000305176,1783514723.027279
904900,-3.7193620204925537,1783514729.249299
905000,-3.554971933364868,1783514735.3437927
905100,-4.058504581451416,1783514741.738747
905200,-4.496124267578125,1783514747.829629
905300,-3.2910056114196777,1783514754.036115
905400,-4.6770758628845215,1783514760.2352471
905500,-5.175078392028809,1783514766.2976434
905600,-2.8396520614624023,1783514772.6216133
905700,-1.5087566375732422,1783514778.7849467
905800,-3.4087514877319336,1783514784.809125
905900,-4.284932613372803,1783514791.1779015
906000,-5.391013145446777,1783514797.5671554
906100,-2.3942503929138184,1783514803.767668
906200,-3.3415451049804688,1783514809.9096584
906300,-3.9505057334899902,1783514815.9922135
906400,-2.4886271953582764,1783514822.1283243
906500,-3.2711031436920166,1783514828.346042
906600,-3.944275140762329,1783514834.4520986
906700,-4.364202499389648,1783514840.7326207
906800,-5.014854431152344,1783514846.997866
906900,-4.448479175567627,1783514853.1805553
907000,-4.718377113342285,1783514859.3854775
907100,-5.571674346923828,1783514865.6280499
907200,-2.8711516857147217,1783514871.6761765
907300,-5.343790054321289,1783514877.6788323
907400,-5.703726768493652,1783514883.8801796
907500,-5.078866958618164,1783514890.1020856
907600,-6.385447025299072,1783514896.1028183
907700,-2.7565646171569824,1783514902.2171066
907800,-2.0937130451202393,1783514908.1770804
907900,-4.572804927825928,1783514914.1513975
908000,-4.16347599029541,1783514920.1934109
908100,-3.379094362258911,1783514926.4130864
908200,-2.983262062072754,1783514932.7545536
908300,-4.907398223876953,1783514938.9250622
908400,-5.203363418579102,1783514945.1218011
908500,-1.5355241298675537,1783514951.2771034
908600,-1.2930108308792114,1783514957.2687373
908700,-4.432425498962402,1783514963.4381478
908800,-0.08694404363632202,1783514969.6585753
908900,-2.8538312911987305,1783514975.8387263
909000,-4.133122444152832,1783514982.033064
909100,-4.742997169494629,1783514988.2261136
909200,-5.2851152420043945,1783514994.479245
909300,-3.8979029655456543,1783515000.6985033
909400,-2.178520917892456,1783515006.7987337
909500,-2.6847002506256104,1783515012.8239493
909600,-5.349761009216309,1783515019.0968738
909700,-2.9385805130004883,1783515025.1829696
909800,-5.218689441680908,1783515031.273913
909900,-4.369383811950684,1783515037.456354
910000,-4.4583330154418945,1783515043.6166527
910100,-3.478807210922241,1783515049.6818368
910200,-2.1704187393188477,1783515055.8245614
910300,-1.9304399490356445,1783515061.9458292
910400,-2.73325252532959,1783515068.4326367
910500,-3.490987539291382,1783515074.4915419
910600,-3.6734182834625244,1783515080.9459956
910700,-1.779279351234436,1783515087.0016315
910800,-1.5202618837356567,1783515093.264198
910900,-3.4428048133850098,1783515099.34697
911000,-4.357756614685059,1783515105.3092856
911100,-5.439967632293701,1783515111.374589
911200,-3.3739240169525146,1783515117.5553896
911300,-2.882702589035034,1783515123.6162558
911400,-5.769611358642578,1783515129.811282
911500,-2.5540788173675537,1783515135.9490783
911600,-2.1960337162017822,1783515142.0907865
911700,-3.9784812927246094,1783515148.1510477
911800,-7.657260894775391,1783515154.392123
911900,-3.492138147354126,1783515160.5264478
912000,-4.930609226226807,1783515166.7191856
912100,-4.389928817749023,1783515173.0230243
912200,-6.7105913162231445,1783515179.445877
912300,-3.893925666809082,1783515185.506769
912400,-4.735319137573242,1783515191.693843
912500,-5.514904022216797,1783515198.1094873
912600,-5.700028419494629,1783515204.2356641
912700,-6.005002975463867,1783515210.2005112
912800,-5.354296684265137,1783515216.5078278
912900,-2.7163424491882324,1783515222.7788935
913000,-6.564268589019775,1783515228.768912
913100,-5.019991397857666,1783515234.8778448
913200,0.3036789298057556,1783515241.14349
913300,-1.0828408002853394,1783515247.3187196
913400,-1.7185523509979248,1783515253.570062
913500,1.4436311721801758,1783515259.6106973
913600,0.8143342733383179,1783515265.7803369
913700,-0.7853219509124756,1783515271.9631255
913800,-4.01135778427124,1783515278.178048
913900,-3.745896339416504,1783515284.3501003
914000,-2.288770914077759,1783515290.4542937
914100,-6.924816131591797,1783515296.5350199
914200,-3.1213412284851074,1783515302.8660064
914300,-5.912543773651123,1783515309.0424943
914400,-5.436474800109863,1783515315.0849974
914500,-2.6144957542419434,1783515321.4025126
914600,-3.102080821990967,1783515327.7692025
914700,-3.0604605674743652,1783515333.9316328
914800,-5.7258806228637695,1783515340.161047
914900,0.19305703043937683,1783515346.3887122
915000,-3.6633315086364746,1783515352.7889686
915100,-6.660065174102783,1783515358.9277744
915200,-3.6470041275024414,1783515365.2700422
915300,-3.887206554412842,1783515371.3697293
915400,-3.7526004314422607,1783515377.4905884
915500,-5.000416278839111,1783515383.595262
915600,-5.055147171020508,1783515389.8783596
915700,-3.8586268424987793,1783515395.8987021
915800,-2.0670700073242188,1783515402.2035787
915900,-4.42563009262085,1783515408.690714
916000,-1.9317330121994019,1783515414.881172
916100,-3.31998872756958,1783515420.9896224
916200,-4.016228199005127,1783515427.3606155
916300,-4.9671831130981445,1783515433.458709
916400,-3.429380416870117,1783515439.635651
916500,-2.5902225971221924,1783515445.9445453
916600,-4.761357307434082,1783515452.277487
916700,-1.1760880947113037,1783515458.4602554
916800,-1.3869221210479736,1783515464.5464458
916900,-2.596781015396118,1783515471.000424
917000,-1.179741382598877,1783515477.140576
917100,-2.5692152976989746,1783515483.5544066
917200,-4.49787712097168,1783515489.9370854
917300,-1.3598339557647705,1783515496.017649
917400,-4.07420539855957,1783515502.1681626
917500,-3.325853109359741,1783515508.7124143
917600,-4.953843593597412,1783515514.8794394
917700,-4.123150825500488,1783515521.3038452
917800,-1.2544667720794678,1783515527.5108547
917900,-3.57122540473938,1783515533.6131191
918000,-2.9331727027893066,1783515539.8681908
918100,-0.33935922384262085,1783515545.9717565
918200,-2.9893598556518555,1783515552.0582302
918300,-3.771574020385742,1783515558.5284712
918400,-2.571873664855957,1783515564.7465951
918500,-2.9946422576904297,1783515570.8787353
918600,-4.962621688842773,1783515577.1421769
918700,-4.435154438018799,1783515583.6009622
918800,-5.166356086730957,1783515589.64028
918900,-3.2314300537109375,1783515595.6338365
919000,-3.5030391216278076,1783515601.6888502
919100,-3.8529744148254395,1783515607.7220078
919200,-3.9577455520629883,1783515613.754117
919300,-2.1495895385742188,1783515619.9178896
919400,-3.8015565872192383,1783515625.8797383
919500,-3.5660104751586914,1783515632.1420865
919600,-0.9631205797195435,1783515638.2878027
919700,-1.3771803379058838,1783515644.270523
919800,-2.584101676940918,1783515650.5203373
919900,-2.145491123199463,1783515656.682918
920000,-1.5336635112762451,1783515662.9211073
920100,-3.784815788269043,1783515669.0855236
920200,-1.6890017986297607,1783515675.4588826
920300,-3.954378604888916,1783515681.4940076
920400,-4.6219048500061035,1783515687.5770822
920500,-4.388871192932129,1783515693.9361846
920600,-4.086240768432617,1783515700.2437668
920700,-5.02724552154541,1783515706.6446612
920800,-4.7682414054870605,1783515712.9147935
920900,-3.3585939407348633,1783515719.1435761
921000,-4.604300498962402,1783515725.4488375
921100,-0.34249985218048096,1783515731.70692
921200,-2.300455331802368,1783515738.0655918
921300,-1.2159864902496338,1783515744.3062396
921400,-3.750485897064209,1783515750.5298636
921500,-3.3921871185302734,1783515756.6332092
921600,-2.6071174144744873,1783515762.5944507
921700,-2.264307975769043,1783515768.6000252
921800,-1.2393090724945068,1783515774.7641273
921900,8.593368530273438,1783515780.7537837
922000,-2.577998161315918,1783515786.9659538
922100,-3.7384276390075684,1783515793.0014935
922200,-3.086615562438965,1783515799.4541547
922300,-2.0881309509277344,1783515805.6889515
922400,-1.0044536590576172,1783515811.7754018
922500,-4.166393280029297,1783515817.9922109
922600,-4.571293830871582,1783515824.170868
922700,-5.2994561195373535,1783515830.1922743
922800,-4.078953742980957,1783515836.2851522
922900,-4.766000270843506,1783515842.6297364
923000,2.5747780799865723,1783515848.9378061
923100,-4.051973342895508,1783515855.0451195
923200,-3.952782392501831,1783515861.2606132
923300,-3.1259078979492188,1783515867.2519445
923400,-2.949805736541748,1783515873.288325
923500,-2.3645079135894775,1783515879.5028489
923600,-5.5115275382995605,1783515885.718533
923700,-0.8610403537750244,1783515891.6993413
923800,-1.017697811126709,1783515897.8644958
923900,-4.67385721206665,1783515903.8205297
924000,-2.2685890197753906,1783515909.9626982
924100,-1.825883150100708,1783515915.9455695
924200,-3.3624331951141357,1783515922.0091555
924300,-4.713197231292725,1783515928.2834306
924400,-3.3259437084198,1783515934.4228413
924500,-5.252908229827881,1783515940.9144037
924600,0.6340717077255249,1783515947.0596054
924700,-2.9081602096557617,1783515953.1260157
924800,-0.9452114105224609,1783515959.449597
924900,-3.9044718742370605,1783515965.4918256
925000,-2.2177677154541016,1783515971.7933476
925100,-4.158298015594482,1783516125.8673902
925200,-3.1190624237060547,1783516131.9233186
925300,-2.3894286155700684,1783516138.0887148
925400,-1.631845474243164,1783516144.3571525
925500,-3.8998656272888184,1783516150.3912544
925600,-3.0386979579925537,1783516156.5982842
925700,-2.8941824436187744,1783516162.9632318
925800,-2.285240411758423,1783516169.181526
925900,-3.8535614013671875,1783516175.2474263
926000,-3.8811850547790527,1783516181.2052155
926100,-2.877239227294922,1783516187.383091
926200,-4.566755294799805,1783516193.631036
926300,-1.615904450416565,1783516199.7169526
926400,-3.4870290756225586,1783516205.9094114
926500,-1.1057367324829102,1783516211.8637934
926600,-0.47163376212120056,1783516217.8410215
926700,-3.7771010398864746,1783516223.9675329
926800,-0.9789611101150513,1783516230.1430316
926900,-4.59471321105957,1783516236.2865674
927000,-4.36582088470459,1783516242.2505226
927100,-1.8187017440795898,1783516248.4491043
927200,-5.176799297332764,1783516254.6422653
927300,-1.3957281112670898,1783516260.7041707
927400,-4.392589092254639,1783516267.1098511
927500,-3.3308496475219727,1783516273.1298826
927600,-1.824678897857666,1783516279.2506783
927700,-3.8071751594543457,1783516285.2232766
927800,-3.716195821762085,1783516291.2128234
927900,-2.0358633995056152,1783516297.280802
928000,3.2520551681518555,1783516303.5773556
928100,0.45830556750297546,1783516309.6322918
928200,-0.7764363288879395,1783516315.5713646
928300,-0.9532102346420288,1783516321.5380964
928400,-0.03419429063796997,1783516327.5463467
928500,-4.272340297698975,1783516333.402385
928600,-1.7471582889556885,1783516339.5741043
928700,-4.863295555114746,1783516345.6878426
928800,-2.215977191925049,1783516351.861985
928900,-1.4512903690338135,1783516357.943867
929000,-1.128005027770996,1783516364.0610254
929100,-0.7647473216056824,1783516370.0887115
929200,-5.186725616455078,1783516376.2176924
929300,-4.302689552307129,1783516382.3457193
929400,-1.4373936653137207,1783516388.6309888
929500,-3.004364490509033,1783516394.7149763
929600,-4.724218368530273,1783516400.8143196
929700,-2.1266682147979736,1783516406.9813857
929800,-1.8685399293899536,1783516413.1636684
929900,-2.6059763431549072,1783516419.2027423
930000,-3.607161521911621,1783516425.4644399
930100,-2.908747673034668,1783516431.6672895
930200,-3.290278673171997,1783516437.6735044
930300,-0.8534371852874756,1783516443.6721938
930400,-1.9718351364135742,1783516449.645488
930500,-3.8415822982788086,1783516455.8029459
930600,-3.4175808429718018,1783516461.8478088
930700,-3.557206153869629,1783516467.8669908
930800,-2.5891525745391846,1783516474.2324848
930900,-2.7209525108337402,1783516480.2148442
931000,0.08820588886737823,1783516486.1696036
931100,-2.2845218181610107,1783516492.2123244
931200,-4.874373435974121,1783516498.433781
931300,-5.660816192626953,1783516504.4327025
931400,-1.9701772928237915,1783516510.6194625
931500,-4.699533462524414,1783516516.7080073
931600,-3.28707218170166,1783516522.75474
931700,-4.729963779449463,1783516529.0368242
931800,-4.504960060119629,1783516535.2727036
931900,-5.319758415222168,1783516541.5489159
932000,-3.502640962600708,1783516547.7329013
932100,-4.012938022613525,1783516553.8569531
932200,-5.703336715698242,1783516559.9047065
932300,-3.2968368530273438,1783516566.194016
932400,-4.996364116668701,1783516572.7657785
932500,-5.05307674407959,1783516578.934064
932600,-5.289915561676025,1783516585.245835
932700,-4.970367431640625,1783516591.3842967
932800,-5.635842800140381,1783516597.5600464
932900,-2.839522361755371,1783516603.7617931
933000,-5.436722755432129,1783516609.9795384
933100,-2.1833655834198,1783516615.9522023
933200,-3.0201549530029297,1783516622.095304
933300,-3.0705535411834717,1783516628.352204
933400,-2.238079786300659,1783516634.3994226
933500,-2.373049259185791,1783516640.6005936
933600,-1.767150640487671,1783516646.7952838
933700,-2.6033849716186523,1783516652.8646815
933800,-3.091867208480835,1783516659.2000005
933900,-1.8731136322021484,1783516665.6171248
934000,-1.4959642887115479,1783516671.7041173
934100,-3.694690227508545,1783516677.898874
934200,-4.866722106933594,1783516684.3167348
934300,-2.861088275909424,1783516690.6840465
934400,-2.8380634784698486,1783516696.727176
934500,-4.4901957511901855,1783516702.768054
934600,-1.5962467193603516,1783516709.0352685
934700,-3.349496841430664,1783516715.3164885
934800,-2.081170082092285,1783516721.394713
934900,-4.418575286865234,1783516727.570687
935000,-4.938793659210205,1783516733.6583483
935100,-3.965076208114624,1783516739.7859282
935200,0.034708768129348755,1783516746.2415454
935300,0.8895530700683594,1783516752.293007
935400,-2.3753881454467773,1783516758.539021
935500,-3.0854735374450684,1783516764.5641963
935600,-4.8904314041137695,1783516770.792241
935700,-3.274020195007324,1783516777.1076884
935800,-3.2699179649353027,1783516783.0989716
935900,-3.14494252204895,1783516789.1735935
936000,-2.3101706504821777,1783516795.4172864
936100,-5.52903938293457,1783516801.6750908
936200,-3.2142298221588135,1783516807.7212856
936300,-1.0054502487182617,1783516813.7228029
936400,0.2561720609664917,1783516820.2632945
936500,-1.186092734336853,1783516826.390365
936600,-0.6625005006790161,1783516832.4295473
936700,-2.047618865966797,1783516838.6825073
936800,-2.065995216369629,1783516845.0831416
936900,0.368198037147522,1783516851.400286
937000,-3.214749574661255,1783516857.4341526
937100,-1.579145908355713,1783516863.407778
937200,-3.1609842777252197,1783516869.4828265
937300,-1.6479564905166626,1783516875.8413622
937400,-3.4472415447235107,1783516881.8497906
937500,-2.1391959190368652,1783516888.0245013
937600,-0.9051395654678345,1783516894.055141
937700,-3.5146610736846924,1783516900.3379717
937800,-3.750767707824707,1783516906.657401
937900,-5.730160713195801,1783516912.8477154
938000,-5.183890342712402,1783516918.9542441
938100,-4.152437686920166,1783516925.1058624
938200,-1.1783971786499023,1783516931.1874557
938300,-3.586602210998535,1783516937.423667
938400,-2.417290687561035,1783516943.4771576
938500,-0.2350914478302002,1783516949.6797554
938600,-6.053750991821289,1783516955.780665
938700,-2.60141658782959,1783516962.1025317
938800,-0.13044342398643494,1783516968.1685855
938900,-4.783871650695801,1783516974.2945182
939000,0.2727785110473633,1783516980.5362835
939100,-2.9580941200256348,1783516986.6203012
939200,-3.7227110862731934,1783516992.6699543
939300,-2.829129457473755,1783516998.9848619
939400,-2.8519983291625977,1783517005.0477765
939500,-4.46954345703125,1783517011.1827726
939600,-2.3708267211914062,1783517017.2462828
939700,0.14065957069396973,1783517023.546871
939800,-3.5394983291625977,1783517029.8989508
939900,-2.467817544937134,1783517035.9614446
940000,-0.3719673156738281,1783517042.0609796
940100,-2.670682907104492,1783517048.1663454
940200,-4.209456443786621,1783517054.3297138
940300,-4.212804794311523,1783517060.6543589
940400,-0.7420876026153564,1783517066.8564322
940500,1.3340600728988647,1783517072.9603572
940600,-0.6288769245147705,1783517079.1803148
940700,-2.26603102684021,1783517085.3040931
940800,-1.4396600723266602,1783517091.8455675
940900,-3.721693754196167,1783517098.0452325
941000,-4.439825057983398,1783517104.1817992
941100,-3.374544620513916,1783517110.3118734
941200,-2.6239817142486572,1783517116.5214045
941300,-4.944164276123047,1783517122.4218285
941400,-4.460114479064941,1783517128.5425103
941500,-2.951249361038208,1783517134.55229
941600,-4.544295310974121,1783517140.4746158
941700,-2.896289825439453,1783517146.4984615
941800,-5.074153900146484,1783517152.7128422
941900,-3.3252573013305664,1783517158.9851482
942000,-0.008610963821411133,1783517165.2407188
942100,-3.7713000774383545,1783517171.2982023
942200,-4.537389755249023,1783517177.3886378
942300,-0.8881107568740845,1783517183.3032131
942400,-2.6089303493499756,1783517189.4018242
942500,-2.627713680267334,1783517195.450213
942600,-1.6366729736328125,1783517201.3761659
942700,-0.9552454352378845,1783517207.282483
942800,-2.1768362522125244,1783517213.3932142
942900,-1.909368634223938,1783517219.5493443
943000,-5.067189693450928,1783517225.7841597
943100,-1.9898297786712646,1783517231.9977677
943200,-0.13766169548034668,1783517238.2668734
943300,-2.550410032272339,1783517244.3716607
943400,-2.366776704788208,1783517250.483833
943500,0.47607535123825073,1783517256.4495666
943600,-1.7311650514602661,1783517262.5036044
943700,-2.8538475036621094,1783517268.7347693
943800,-1.9541981220245361,1783517274.905199
943900,-2.654503107070923,1783517281.2130797
944000,-4.301877975463867,1783517287.2625613
944100,-1.8163371086120605,1783517293.5348907
944200,-5.464352607727051,1783517299.5369232
944300,-4.584559440612793,1783517305.3468246
944400,-0.8877236843109131,1783517311.4480581
944500,0.8285341262817383,1783517317.3243952
944600,-2.9943156242370605,1783517323.3066328
944700,-1.4001529216766357,1783517329.4658823
944800,-2.248490333557129,1783517335.2228758
944900,-2.6400809288024902,1783517341.1363826
945000,0.5670469403266907,1783517347.3502831
945100,-2.5242104530334473,1783517353.1795216
945200,-0.6462483406066895,1783517359.4404373
945300,-5.109737396240234,1783517365.3701367
945400,-2.909343957901001,1783517371.2026856
945500,-3.0751986503601074,1783517377.1817458
945600,-4.2827911376953125,1783517383.182129
945700,-2.3854284286499023,1783517389.233107
945800,-1.8924734592437744,1783517395.170203
945900,-2.7363624572753906,1783517400.9887655
946000,-2.898062229156494,1783517406.8800294
946100,-3.634424924850464,1783517412.7714696
946200,-5.224011421203613,1783517418.7228441
946300,-2.276463031768799,1783517424.8464243
946400,-4.697200775146484,1783517430.8100595
946500,-1.4108827114105225,1783517436.702044
946600,-2.926813840866089,1783517442.8028705
946700,0.5212705135345459,1783517448.8695996
946800,-0.22692126035690308,1783517454.9068253
946900,-2.6482226848602295,1783517461.0523684
947000,-3.226351499557495,1783517466.926823
947100,-4.661597728729248,1783517472.993945
947200,-5.290435791015625,1783517478.8490703
947300,-5.204418182373047,1783517484.921665
947400,-0.4071546792984009,1783517490.98419
947500,1.8909941911697388,1783517496.913442
947600,-1.387833595275879,1783517502.8301606
947700,-2.9054923057556152,1783517508.7891827
947800,-3.418447494506836,1783517514.6741352
947900,-5.298287391662598,1783517520.8691993
948000,-4.974653720855713,1783517526.9460099
948100,-4.218878269195557,1783517533.0599353
948200,-3.535170555114746,1783517539.061176
948300,-4.074275493621826,1783517544.9182415
948400,0.40543830394744873,1783517550.9695346
948500,-2.255872964859009,1783517556.9236214
948600,-1.5551502704620361,1783517563.1348817
948700,-1.9179120063781738,1783517569.079799
948800,-3.250357151031494,1783517575.168065
948900,-5.04395866394043,1783517581.2120569
949000,-2.663367986679077,1783517587.2222605
949100,-4.444338798522949,1783517593.0736277
949200,-2.389132022857666,1783517599.452124
949300,-3.88816499710083,1783517605.3646362
949400,-3.417576551437378,1783517611.2600355
949500,-1.2087998390197754,1783517617.562486
949600,-4.121435165405273,1783517623.3782136
949700,-3.5268969535827637,1783517629.3800118
949800,-3.9746856689453125,1783517635.34245
949900,-2.436335563659668,1783517641.230182
950000,-1.9782545566558838,1783517647.1050208
950100,-2.4329285621643066,1783517805.4718518
950200,-2.5890378952026367,1783517811.5541813
950300,-1.5063196420669556,1783517817.4491026
950400,-4.790375232696533,1783517823.3919356
950500,-2.3346316814422607,1783517829.4830368
950600,-0.5887765884399414,1783517835.549056
950700,-2.5932505130767822,1783517841.7563608
950800,-2.765509843826294,1783517847.7127366
950900,-1.4214661121368408,1783517853.7628329
951000,-0.5209454298019409,1783517859.6422246
951100,-2.0219595432281494,1783517865.9337034
951200,2.74164080619812,1783517872.1462872
951300,-0.01946723461151123,1783517878.0446599
951400,-2.430992603302002,1783517884.0835054
951500,-2.353084087371826,1783517890.184539
951600,0.783150315284729,1783517896.0506587
951700,-1.5152733325958252,1783517901.9842718
951800,-2.8439338207244873,1783517907.949784
951900,-4.981998443603516,1783517913.9957757
952000,-2.2702598571777344,1783517919.8073618
952100,-3.779860258102417,1783517925.8804023
952200,-0.3308546543121338,1783517932.0215514
952300,-1.6165127754211426,1783517938.0038812
952400,-1.4066503047943115,1783517944.2646835
952500,1.7616488933563232,1783517950.1025088
952600,2.555105447769165,1783517956.351805
952700,-1.8105666637420654,1783517962.2325704
952800,0.2946544885635376,1783517968.5343294
952900,-2.0670881271362305,1783517974.5482123
953000,-0.144342303276062,1783517980.5419
953100,-0.7879941463470459,1783517986.4460063
953200,0.5182960629463196,1783517992.640936
953300,1.795583963394165,1783517998.7029328
953400,-2.038381576538086,1783518004.7364323
953500,-3.488668918609619,1783518010.7873528
953600,-2.5028369426727295,1783518016.8000066
953700,-2.497046709060669,1783518022.6813755
953800,-4.752397060394287,1783518028.6128588
953900,-2.715446710586548,1783518034.5777853
954000,-3.654463291168213,1783518040.6117353
954100,-1.8342537879943848,1783518046.462405
954200,-3.815948963165283,1783518052.4462786
954300,-1.878321647644043,1783518058.5209012
954400,-3.4628396034240723,1783518064.4525971
954500,-3.2260427474975586,1783518070.7474093
954600,-3.191934823989868,1783518076.7860227
954700,-1.16866934299469,1783518082.7257836
954800,-2.692314863204956,1783518088.7919567
954900,-1.8009376525878906,1783518094.833149
955000,-1.8595259189605713,1783518100.8926523
955100,-2.6401615142822266,1783518107.1593246
955200,-5.818692207336426,1783518113.0309923
955300,-2.3764264583587646,1783518119.1800237
955400,-4.294710636138916,1783518125.2439334
955500,0.5526576638221741,1783518131.4126623
955600,-1.024506688117981,1783518137.6329098
955700,-0.3265923261642456,1783518143.697303
955800,-1.6708934307098389,1783518149.7636142
955900,-3.5156548023223877,1783518156.0016842
956000,-0.9227656722068787,1783518162.3249881
956100,-3.8011250495910645,1783518168.4277225
956200,-2.145151138305664,1783518174.2846613
956300,-2.1841509342193604,1783518180.45424
956400,-2.048557996749878,1783518186.6056213
956500,-2.376474380493164,1783518192.7653983
956600,-0.5319173336029053,1783518199.122501
956700,-0.1811765432357788,1783518205.3616955
956800,-3.107367992401123,1783518211.4187374
956900,0.4889496862888336,1783518217.7567463
957000,1.0876569747924805,1783518224.0832279
957100,-1.1376869678497314,1783518230.3600826
957200,-0.8144601583480835,1783518236.8922944
957300,-1.0027990341186523,1783518243.260437
957400,-3.4996440410614014,1783518249.377075
957500,-1.5705740451812744,1783518255.548056
957600,-1.1475012302398682,1783518261.9872453
957700,-3.441714286804199,1783518268.0844717
957800,-2.228496789932251,1783518274.1758966
957900,-3.308333396911621,1783518280.4755151
958000,-4.803303241729736,1783518286.5585337
958100,-3.6210126876831055,1783518292.813719
958200,-3.578104019165039,1783518299.0072901
958300,0.17502331733703613,1783518305.04915
958400,-3.657933235168457,1783518311.0847645
958500,-0.6938636898994446,1783518317.2724516
958600,-3.1310770511627197,1783518323.216201
958700,-2.3443262577056885,1783518329.2367878
958800,-0.809005618095398,1783518335.4595778
958900,-1.7013274431228638,1783518341.6591895
959000,-2.1393213272094727,1783518347.9731789
959100,-1.777323842048645,1783518354.190387
959200,-2.8564133644104004,1783518360.2880018
959300,-4.617313385009766,1783518366.5973282
959400,-2.1946442127227783,1783518372.7004297
959500,-3.402125835418701,1783518378.770574
959600,-3.3312134742736816,1783518384.8617203
959700,-2.1713359355926514,1783518390.9903347
959800,-3.935272455215454,1783518397.0593355
959900,-3.5074996948242188,1783518403.2701406
960000,-0.6419174075126648,1783518409.5444672
960100,-2.5604803562164307,1783518415.8333564
960200,-3.0416176319122314,1783518422.0935721
960300,-2.0427565574645996,1783518428.1743767
960400,-1.470866084098816,1783518434.6134586
960500,-2.7595067024230957,1783518441.009599
960600,-0.008582741022109985,1783518447.1602733
960700,-2.069483757019043,1783518453.3074443
960800,-1.8192261457443237,1783518459.4825115
960900,-1.7576295137405396,1783518465.7139933
961000,-2.5470521450042725,1783518471.8531399
961100,-1.41810142993927,1783518477.8548753
961200,-2.5431220531463623,1783518484.2821074
961300,-4.037951946258545,1783518490.3968456
961400,-2.214162588119507,1783518496.5114946
961500,-1.9453284740447998,1783518502.520936
961600,-2.8817806243896484,1783518508.677855
961700,-4.152589797973633,1783518514.9649415
961800,-2.7266249656677246,1783518521.444961
961900,-2.335963249206543,1783518527.6459756
962000,-0.6510634422302246,1783518533.791869
962100,-0.6277835369110107,1783518539.8548377
962200,-2.017453670501709,1783518546.016975
962300,1.4251511096954346,1783518552.0433273
962400,0.20190173387527466,1783518558.3242633
962500,-2.4253110885620117,1783518564.7078543
962600,-3.024763584136963,1783518570.6466842
962700,-2.1327717304229736,1783518576.653049
962800,-3.2719995975494385,1783518582.6470025
962900,-1.9975146055221558,1783518588.81733
963000,-3.216073989868164,1783518595.0010934
963100,-3.4619033336639404,1783518601.38982
963200,0.9815360307693481,1783518607.650773
963300,-3.3545665740966797,1783518613.7646751
963400,-0.6644792556762695,1783518619.948617
963500,-1.0168513059616089,1783518625.995115
963600,-3.0639681816101074,1783518632.1149602
963700,-3.868922710418701,1783518638.1124983
963800,-0.8594304919242859,1783518644.3794715
963900,-3.2112393379211426,1783518650.6088715
964000,-3.6807167530059814,1783518656.9083996
964100,-3.1748156547546387,1783518663.2840178
964200,-0.4605821967124939,1783518669.8104482
964300,-2.8461387157440186,1783518676.312771
964400,-2.14367938041687,1783518682.4214232
964500,-4.0008087158203125,1783518688.5076826
964600,-3.508479118347168,1783518694.746147
964700,-0.46903860569000244,1783518701.0207987
964800,-3.0702409744262695,1783518707.1026964
964900,-3.1288931369781494,1783518713.3369184
965000,-5.17158842086792,1783518719.6124609
965100,-3.3115057945251465,1783518725.988082
965200,-2.6568007469177246,1783518732.0559988
965300,-4.835225582122803,1783518738.3892999
965400,-2.7724123001098633,1783518744.444472
965500,-5.476339340209961,1783518750.7839067
965600,-4.245711803436279,1783518757.0448773
965700,-2.5196051597595215,1783518763.1670353
965800,-3.2882320880889893,1783518769.2333274
965900,-1.2617242336273193,1783518775.2065206
966000,0.16823342442512512,1783518781.3966305
966100,0.028431706130504608,1783518787.6704667
966200,-2.4232163429260254,1783518793.754157
966300,-0.30064141750335693,1783518799.9038928
966400,-3.0501527786254883,1783518806.2210684
966500,-1.9707648754119873,1783518812.5666153
966600,-3.7067859172821045,1783518818.9183624
966700,1.0850226879119873,1783518825.2649255
966800,-0.32032257318496704,1783518831.3196702
966900,-2.1344048976898193,1783518837.3739638
967000,-0.25604259967803955,1783518843.637473
967100,-1.6551380157470703,1783518849.8927495
967200,-1.7690322399139404,1783518856.0495572
967300,-2.4791646003723145,1783518862.0700052
967400,1.4893165826797485,1783518868.311325
967500,-4.859592914581299,1783518874.6542258
967600,0.3610879182815552,1783518881.0144756
967700,-0.28413695096969604,1783518887.2947543
967800,1.2305729389190674,1783518893.7782755
967900,-1.6828465461730957,1783518900.0297015
968000,-2.4516491889953613,1783518906.3318365
968100,-3.320207118988037,1783518912.5509481
968200,-2.074465036392212,1783518918.8824167
968300,-3.5618598461151123,1783518925.3440092
968400,-2.182286024093628,1783518931.7661972
968500,-1.8964512348175049,1783518938.1761532
968600,-4.385821342468262,1783518944.3924024
968700,-5.27299165725708,1783518950.4163036
968800,-4.707395553588867,1783518956.6333673
968900,-3.8537275791168213,1783518962.73944
969000,-4.060110092163086,1783518968.968078
969100,-3.48610520362854,1783518975.133215
969200,-5.276716709136963,1783518981.234174
969300,-2.500415563583374,1783518987.4642205
969400,2.8749241828918457,1783518993.5344036
969500,-0.05893528461456299,1783518999.7979798
969600,-3.746514320373535,1783519005.8619807
969700,-3.583752393722534,1783519011.9945035
969800,-3.3574764728546143,1783519018.1648905
969900,0.42318472266197205,1783519024.158541
970000,-1.0175750255584717,1783519030.501287
970100,-3.0419135093688965,1783519036.6132565
970200,-1.5059477090835571,1783519043.110938
970300,-2.405851364135742,1783519049.2983713
970400,-0.14616435766220093,1783519055.3141236
970500,-3.0832817554473877,1783519061.3121328
970600,-1.8602643013000488,1783519067.318212
970700,-3.204183340072632,1783519073.7085478
970800,-1.4261298179626465,1783519079.6469223
970900,-1.2140671014785767,1783519085.9180782
971000,-2.9149160385131836,1783519091.9728036
971100,-2.2191271781921387,1783519098.1746688
971200,-1.4503076076507568,1783519104.4238417
971300,2.6623525619506836,1783519110.3857374
971400,-3.831421136856079,1783519116.4630606
971500,-4.323197364807129,1783519122.4641254
971600,-2.2510464191436768,1783519128.9387963
971700,-1.8415029048919678,1783519135.2189054
971800,-0.9079777002334595,1783519141.5305884
971900,3.0795326232910156,1783519147.6448708
972000,-5.229255199432373,1783519153.761626
972100,-3.6533656120300293,1783519159.9699357
972200,-4.951497554779053,1783519166.0842524
972300,-4.007273197174072,1783519172.353638
972400,-0.4835008382797241,1783519178.513128
972500,-2.85953426361084,1783519184.4954407
972600,0.6509108543395996,1783519190.4606836
972700,0.26292282342910767,1783519196.6386967
972800,-1.4458425045013428,1783519202.6097875
972900,-1.8365670442581177,1783519208.6472244
973000,-0.4050341844558716,1783519214.8767161
973100,-1.6927049160003662,1783519220.995237
973200,-1.9150569438934326,1783519227.0492132
973300,-2.554903030395508,1783519233.0297608
973400,-2.554473400115967,1783519239.263839
973500,-3.7928497791290283,1783519245.392122
973600,-3.265686511993408,1783519251.486235
973700,-0.821908712387085,1783519257.7561312
973800,-3.8644604682922363,1783519263.9360092
973900,-2.8791918754577637,1783519270.1603234
974000,0.3170657157897949,1783519276.5134661
974100,-4.468602180480957,1783519282.6531684
974200,-4.289348602294922,1783519288.7771897
974300,-3.2245423793792725,1783519294.9981766
974400,0.4812426269054413,1783519301.0637286
974500,-3.37520694732666,1783519307.493803
974600,-5.199258327484131,1783519313.6928551
974700,-2.403022527694702,1783519319.845269
974800,-3.4301209449768066,1783519325.9857357
974900,-1.6252765655517578,1783519332.2221076
975000,-2.7596960067749023,1783519338.4784608
975100,-3.2957563400268555,1783519497.3980846
975200,-3.634018898010254,1783519503.5850132
975300,-1.9879417419433594,1783519509.8116364
975400,2.2718920707702637,1783519516.2062771
975500,-1.1764110326766968,1783519522.3990564
975600,0.39911162853240967,1783519528.4080684
975700,-1.7215839624404907,1783519534.7345355
975800,-1.7911019325256348,1783519540.9558685
975900,-0.2408643364906311,1783519547.451308
976000,-0.7900752425193787,1783519553.713705
976100,-0.6110982298851013,1783519559.8954284
976200,-0.16798776388168335,1783519566.140362
976300,0.9436478614807129,1783519572.3062541
976400,-1.6217750310897827,1783519578.4477987
976500,-0.9588557481765747,1783519584.817136
976600,0.4125511646270752,1783519591.4457161
976700,-0.8077455759048462,1783519597.7330396
976800,-2.894350528717041,1783519603.8775299
976900,-2.844846725463867,1783519610.20678
977000,-1.367058515548706,1783519616.5793898
977100,-1.2445118427276611,1783519622.7463648
977200,-2.7919509410858154,1783519628.8691213
977300,-4.452881813049316,1783519635.1721745
977400,0.5763269662857056,1783519641.3768382
977500,-0.5857406258583069,1783519647.523472
977600,-2.9656429290771484,1783519653.918004
977700,-1.7484164237976074,1783519659.9434507
977800,-2.761716842651367,1783519666.162254
977900,-0.9458961486816406,1783519672.189108
978000,-1.2650272846221924,1783519678.1411233
978100,1.3769092559814453,1783519684.2548676
978200,0.7441009283065796,1783519690.37797
978300,-2.142758846282959,1783519696.7127554
978400,-2.908517360687256,1783519702.9090679
978500,-2.960738182067871,1783519709.3458622
978600,-4.048667907714844,1783519715.697888
978700,-3.4305801391601562,1783519721.875844
978800,-2.1886916160583496,1783519728.3378115
978900,-2.872060775756836,1783519734.647733
979000,-3.142102003097534,1783519741.1163485
979100,-2.4428696632385254,1783519747.7804055
979200,-4.248041152954102,1783519754.161312
979300,-2.868734836578369,1783519760.7617524
979400,-4.8205695152282715,1783519767.1704743
979500,-0.8087090253829956,1783519773.5283384
979600,-0.3281945586204529,1783519779.7071242
979700,0.14716005325317383,1783519785.887542
979800,-3.647576093673706,1783519792.1538808
979900,-3.221348762512207,1783519798.3054037
980000,-0.686653196811676,1783519804.3818262
980100,-4.302603721618652,1783519810.493719
980200,-1.8006244897842407,1783519816.973171
980300,-3.9867939949035645,1783519823.0751216
980400,-0.9999528527259827,1783519829.4163857
980500,-1.5944513082504272,1783519835.7461054
980600,-3.2314865589141846,1783519842.1743565
980700,-2.2519431114196777,1783519848.26651
980800,-2.918485641479492,1783519854.435469
980900,-1.8546419143676758,1783519860.681182
981000,-1.8426487445831299,1783519866.857502
981100,-4.2758941650390625,1783519873.2353632
981200,-4.028158187866211,1783519879.3186195
981300,-3.3987958431243896,1783519885.5698204
981400,-1.970341682434082,1783519891.7719648
981500,-3.8453269004821777,1783519897.903877
981600,-0.5097436308860779,1783519903.9270473
981700,0.7912176847457886,1783519909.9613369
981800,-2.315063238143921,1783519916.26462
981900,-1.3201969861984253,1783519922.2329528
982000,0.7535870671272278,1783519928.4077325
982100,-1.8237887620925903,1783519934.5563045
982200,-3.454434633255005,1783519940.6985064
982300,-2.904501438140869,1783519946.7319736
982400,-4.040924549102783,1783519952.8854709
982500,-3.048387050628662,1783519959.1105013
982600,-4.7050395011901855,1783519965.3725088
982700,-0.7749572396278381,1783519971.637066
982800,-5.811082363128662,1783519977.8312578
982900,-2.572092294692993,1783519984.0794468
983000,1.4268854856491089,1783519990.337044
983100,-4.694092273712158,1783519996.3211336
983200,-2.5402863025665283,1783520002.5194871
983300,-3.8217062950134277,1783520008.6362095
983400,-1.1893563270568848,1783520014.777868
983500,-3.0831127166748047,1783520020.8946724
983600,-3.405348777770996,1783520026.864054
983700,-4.062747955322266,1783520033.2948503
983800,-0.2609500288963318,1783520039.3273861
983900,-4.929483413696289,1783520045.5530858
984000,-3.4853932857513428,1783520051.6512327
984100,-4.769833087921143,1783520058.0483558
984200,-2.638589859008789,1783520064.4578295
984300,-2.691030979156494,1783520070.645826
984400,-4.74383544921875,1783520076.742698
984500,-4.089466571807861,1783520083.0039935
984600,-2.0015275478363037,1783520089.3756206
984700,-3.4324498176574707,1783520095.5255814
984800,-1.2277013063430786,1783520101.7250333
984900,-3.8677406311035156,1783520107.7453158
985000,-4.46506404876709,1783520113.9626791
985100,-3.603452205657959,1783520120.2236536
985200,-4.3375091552734375,1783520126.4571257
985300,-3.4203908443450928,1783520132.632553
985400,-1.5515269041061401,1783520138.6587486
985500,1.0988006591796875,1783520144.8994818
985600,0.9895125031471252,1783520151.1636841
985700,-3.0934362411499023,1783520157.5872333
985800,-1.070548176765442,1783520164.0184896
985900,-1.556491494178772,1783520170.1780772
986000,-1.9486281871795654,1783520176.624397
986100,-0.5640941858291626,1783520183.1021078
986200,-3.4060792922973633,1783520189.463768
986300,-0.6206040382385254,1783520196.0172682
986400,-4.704628944396973,1783520202.398666
986500,-0.6678800582885742,1783520208.4692185
986600,-2.294938087463379,1783520214.494258
986700,-3.067945957183838,1783520220.6553285
986800,-2.4590840339660645,1783520226.8608303
986900,-1.554032325744629,1783520232.9019222
987000,-3.132581949234009,1783520239.0309296
987100,-0.7909668684005737,1783520245.2106867
987200,-3.0480477809906006,1783520251.547992
987300,-2.7368531227111816,1783520257.7705243
987400,-1.5323278903961182,1783520263.8038154
987500,-1.7130463123321533,1783520270.170783
987600,-0.9254837036132812,1783520276.4944882
987700,-4.443850994110107,1783520282.812538
987800,-1.0311570167541504,1783520289.4486246
987900,-2.249904155731201,1783520295.6024938
988000,-2.6053614616394043,1783520301.8829892
988100,-3.2125606536865234,1783520308.2155185
988200,-4.314515113830566,1783520314.2732794
988300,1.3094000816345215,1783520320.4501345
988400,-3.1591477394104004,1783520326.5120947
988500,-4.230450630187988,1783520332.472533
988600,-2.42326021194458,1783520338.519603
988700,-4.468313217163086,1783520344.5977037
988800,-3.834369659423828,1783520350.6319933
988900,0.11600804328918457,1783520356.7485745
989000,3.024373769760132,1783520362.96579
989100,-1.8300782442092896,1783520369.2130685
989200,-0.0023010969161987305,1783520375.2956364
989300,-0.46465492248535156,1783520381.3971283
989400,-1.9416980743408203,1783520387.7986066
989500,0.4050724506378174,1783520393.863411
989600,-2.2656538486480713,1783520400.0621667
989700,-2.3858447074890137,1783520406.200417
989800,-3.0381736755371094,1783520412.1599205
989900,-4.699947357177734,1783520418.3526192
990000,-2.3844213485717773,1783520424.257851
990100,-3.1066532135009766,1783520430.314519
990200,-1.432566523551941,1783520436.635562
990300,-3.793241024017334,1783520442.9031224
990400,-1.5705853700637817,1783520448.945067
990500,-3.3406848907470703,1783520455.1302438
990600,-2.8804430961608887,1783520461.1253555
990700,-2.4887568950653076,1783520467.1947515
990800,-3.1266722679138184,1783520473.2699914
990900,-3.763305902481079,1783520479.4885576
991000,-2.758998394012451,1783520485.503204
991100,-2.361443042755127,1783520491.7448368
991200,-2.872701644897461,1783520497.9289732
991300,-1.338379979133606,1783520504.1131787
991400,-3.175201654434204,1783520510.0751362
991500,-3.0067481994628906,1783520516.4469986
991600,-4.217976093292236,1783520522.458554
991700,-2.3894405364990234,1783520528.7203596
991800,-2.93408203125,1783520535.0122845
991900,-2.1356921195983887,1783520541.0867507
992000,-0.956035852432251,1783520547.2319
992100,-1.6164956092834473,1783520553.5039563
992200,-2.430804491043091,1783520559.645254
992300,-1.776429295539856,1783520565.8203344
992400,-3.162149429321289,1783520571.9285562
992500,-2.3144330978393555,1783520577.9703746
992600,-4.147392749786377,1783520584.3176494
992700,-2.4452221393585205,1783520590.5610058
992800,-0.2964654564857483,1783520596.6468093
992900,0.666107177734375,1783520602.929152
993000,-5.616868019104004,1783520609.1804392
993100,-2.527085304260254,1783520615.4620895
993200,-3.451474189758301,1783520621.5524623
993300,0.39534369111061096,1783520627.7010942
993400,-3.104321002960205,1783520634.1459196
993500,-4.363256454467773,1783520640.4122412
993600,-3.2225356101989746,1783520646.4705966
993700,-5.5371809005737305,1783520652.6966538
993800,-3.0543289184570312,1783520659.0106316
993900,-4.565264701843262,1783520665.7476807
994000,-5.811113357543945,1783520671.9420888
994100,-3.4378738403320312,1783520678.3754802
994200,-4.871188163757324,1783520684.6988058
994300,-2.268305778503418,1783520690.9761615
994400,-2.561701774597168,1783520697.5170448
994500,-2.570645809173584,1783520703.8327563
994600,-2.5960845947265625,1783520710.0984073
994700,-1.5304062366485596,1783520716.3607562
994800,-4.013673782348633,1783520722.7939968
994900,-4.549943923950195,1783520729.0997405
995000,-4.066523551940918,1783520735.3134363
995100,-3.5809969902038574,1783520741.66942
995200,-3.0132429599761963,1783520747.819281
995300,-3.8954200744628906,1783520754.1743488
995400,0.1120767593383789,1783520760.333726
995500,0.6514135003089905,1783520766.5763752
995600,0.567371129989624,1783520772.7803698
995700,-5.253259181976318,1783520778.9697378
995800,-3.327730655670166,1783520785.2698975
995900,-2.907886266708374,1783520791.3893092
996000,-1.6780648231506348,1783520797.7744231
996100,-2.126798391342163,1783520803.8390393
996200,-3.8678555488586426,1783520810.1199079
996300,-3.0434346199035645,1783520816.4961061
996400,-4.519299507141113,1783520823.0129273
996500,-3.18391489982605,1783520829.2915552
996600,2.684135675430298,1783520835.4581556
996700,3.0407931804656982,1783520841.5274346
996800,2.4333362579345703,1783520847.75255
996900,-2.549471855163574,1783520854.0152495
997000,-0.6147735714912415,1783520860.2747471
997100,-1.9092384576797485,1783520866.5687673
997200,-2.5456507205963135,1783520872.8086255
997300,-4.4170684814453125,1783520878.9161708
997400,-2.5594873428344727,1783520885.1198764
997500,-3.3115949630737305,1783520891.3735018
997600,-1.3201626539230347,1783520897.5399637
997700,-1.6729748249053955,1783520903.8811805
997800,-0.992085337638855,1783520910.017773
997900,-6.296032905578613,1783520916.3274648
998000,-2.390143394470215,1783520922.4605625
998100,-1.9707039594650269,1783520928.8340497
998200,-4.783355712890625,1783520934.874652
998300,-5.167337894439697,1783520940.9571018
998400,-4.0377583503723145,1783520947.0602052
998500,-4.7787699699401855,1783520953.2482083
998600,-1.2344547510147095,1783520959.4066653
998700,0.1759057343006134,1783520965.5765028
998800,1.1075923442840576,1783520972.043132
998900,-3.990006923675537,1783520978.1085467
999000,-1.1426061391830444,1783520984.4894125
999100,-3.0934791564941406,1783520990.3681698
999200,-3.373145580291748,1783520996.5111
999300,-1.7122173309326172,1783521002.6458883
999400,-4.154666900634766,1783521008.7534695
999500,-1.0665532350540161,1783521014.8720112
999600,-2.4086413383483887,1783521021.2005062
999700,-0.9410698413848877,1783521027.326893
999800,-3.2763123512268066,1783521033.5083644
999900,-5.715400695800781,1783521039.5300596
1000000,-2.746577024459839,1783524481.7276623
1000100,-1.5610851049423218,1783524644.2804844
1000200,-4.21463680267334,1783524650.620701
1000300,-4.388280868530273,1783524656.7554333
1000400,-3.0287957191467285,1783524662.9601603
1000500,0.4435190260410309,1783524669.2776334
1000600,-0.13324511051177979,1783524675.9056602
1000700,-1.2970478534698486,1783524682.1103888
1000800,-2.929715633392334,1783524688.252433
1000900,-2.7339181900024414,1783524694.6419637
1001000,1.0658634901046753,1783524700.8941808
1001100,-3.2695963382720947,1783524707.205755
1001200,-0.029488742351531982,1783524713.444646
1001300,-0.21527576446533203,1783524719.9605134
1001400,-1.247546672821045,1783524726.144235
1001500,-0.5290170907974243,1783524732.146277
1001600,-1.45607590675354,1783524738.3796294
1001700,1.6094393730163574,1783524744.7739506
1001800,-2.3678464889526367,1783524750.8123925
1001900,1.2242834568023682,1783524757.0198486
1002000,-1.5942498445510864,1783524763.226651
1002100,-1.3119763135910034,1783524769.7341664
1002200,-2.022000312805176,1783524776.1301801
1002300,0.7070021033287048,1783524782.540187
1002400,0.09670978784561157,1783524788.9138896
1002500,-2.8434553146362305,1783524795.1093915
1002600,1.0858348608016968,1783524801.35383
1002700,-0.5686638355255127,1783524807.6522
1002800,-1.635106086730957,1783524813.9094837
1002900,-4.13017463684082,1783524820.2677944
1003000,-0.5454158782958984,1783524826.4574637
1003100,0.21478158235549927,1783524833.1973643
1003200,0.09851813316345215,1783524839.4891944
1003300,-1.6184368133544922,1783524845.809735
1003400,-3.0715720653533936,1783524851.9767787
1003500,-5.559462070465088,1783524858.3766124
1003600,-3.7848968505859375,1783524864.7182689
1003700,-1.7278224229812622,1783524871.463095
1003800,-0.17747795581817627,1783524877.9673882
1003900,-2.5682106018066406,1783524884.3312395
1004000,-2.1425817012786865,1783524890.4389534
1004100,-2.0413951873779297,1783524896.8205152
1004200,-0.6122756600379944,1783524903.1368966
1004300,-1.9311096668243408,1783524909.4988205
1004400,-2.5383472442626953,1783524915.9138002
1004500,-1.305957317352295,1783524922.2292259
1004600,-4.169093132019043,1783524928.5999393
1004700,0.0724899172782898,1783524934.792046
1004800,-0.6013089418411255,1783524941.1994421
1004900,-2.58379864692688,1783524947.3607888
1005000,0.12009602785110474,1783524953.5588748
1005100,-6.064651966094971,1783524959.7529216
1005200,-0.4561847746372223,1783524966.0531466
1005300,-3.812236785888672,1783524972.2200518
1005400,-1.7777138948440552,1783524978.4148123
1005500,-2.224116325378418,1783524984.6538925
1005600,-3.2772512435913086,1783524990.8928306
1005700,-3.040449857711792,1783524996.9997709
1005800,-1.6329374313354492,1783525003.3522499
1005900,-2.932206869125366,1783525009.5096645
1006000,-2.087735652923584,1783525015.7542865
1006100,0.41986700892448425,1783525021.955812
1006200,0.6719024181365967,1783525028.3559303
1006300,-4.030700206756592,1783525034.5148997
1006400,-4.412728309631348,1783525041.001738
1006500,-3.8111002445220947,1783525047.249248
1006600,-0.16363489627838135,1783525053.242177
1006700,-4.297870635986328,1783525059.4593868
1006800,0.7495140433311462,1783525065.759885
1006900,-2.4884707927703857,1783525072.3644943
1007000,-1.6899689435958862,1783525078.6774247
1007100,-2.729011297225952,1783525084.8632123
1007200,-0.14221730828285217,1783525091.1869555
1007300,-2.520066261291504,1783525097.433881
1007400,-2.9282917976379395,1783525103.7427425
1007500,-2.0463688373565674,1783525110.0097883
1007600,-6.070850372314453,1783525116.3359551
1007700,-2.2006258964538574,1783525122.4698286
1007800,-3.1646595001220703,1783525128.7437322
1007900,-3.0049691200256348,1783525135.1217933
1008000,-3.4773964881896973,1783525141.4844997
1008100,-4.718571186065674,1783525147.8267603
1008200,-2.2582848072052,1783525154.1973042
1008300,-1.765714168548584,1783525160.5191298
1008400,1.2125797271728516,1783525166.9432466
1008500,0.11359673738479614,1783525173.3086076
1008600,-2.2197842597961426,1783525179.533129
1008700,-3.6245415210723877,1783525185.9707744
1008800,-3.079103946685791,1783525192.2650352
1008900,-3.2736194133758545,1783525198.7533891
1009000,-1.7832276821136475,1783525205.1136026
1009100,-1.1526916027069092,1783525211.4671698
1009200,-1.2472997903823853,1783525218.1276422
1009300,-0.0792020857334137,1783525224.5767379
1009400,-0.8102278709411621,1783525230.8027236
1009500,-1.3765919208526611,1783525237.2091272
1009600,2.268606185913086,1783525243.4735708
1009700,-3.3173859119415283,1783525249.9960432
1009800,-1.5008646249771118,1783525256.2282414
1009900,-2.8364827632904053,1783525262.56013
1010000,-1.6108638048171997,1783525268.6792789
1010100,-3.0603647232055664,1783525274.7026858
1010200,-2.2314038276672363,1783525280.8942137
1010300,-1.3152713775634766,1783525286.9118173
1010400,-1.4006379842758179,1783525293.1825724
1010500,-1.358021855354309,1783525299.3830886
1010600,-3.791891098022461,1783525305.7490363
1010700,-2.71986985206604,1783525311.8682802
1010800,-2.40187931060791,1783525318.0858552
1010900,-3.3929977416992188,1783525324.2122192
1011000,-2.1911497116088867,1783525330.5442522
1011100,-0.4957128167152405,1783525336.8017375
1011200,-2.9425454139709473,1783525342.9215064
1011300,-4.324709892272949,1783525349.0296798
1011400,-5.147488117218018,1783525355.5274012
1011500,-2.3060131072998047,1783525361.8909156
1011600,-4.851158618927002,1783525368.2060263
1011700,-1.9525619745254517,1783525374.3317666
1011800,-5.070151329040527,1783525380.6733067
1011900,-0.15729787945747375,1783525386.612971
1012000,-3.867478370666504,1783525392.8471882
1012100,-5.216983795166016,1783525398.996829
1012200,-3.1435537338256836,1783525405.0588863
1012300,-3.0961954593658447,1783525411.0324593
1012400,-2.694711208343506,1783525417.4804654
1012500,-1.0851202011108398,1783525423.4190032
1012600,-3.8546385765075684,1783525429.758924
1012700,-2.527914524078369,1783525435.772167
1012800,-3.4899404048919678,1783525441.6740694
1012900,-0.7828922271728516,1783525447.6958091
1013000,-0.7094172835350037,1783525453.8615782
1013100,-3.955087423324585,1783525460.0307972
1013200,-4.010464668273926,1783525466.0032363
1013300,-2.098238706588745,1783525471.8304138
1013400,-2.0034210681915283,1783525477.9227152
1013500,-0.9274371862411499,1783525484.1279433
1013600,-1.7343368530273438,1783525490.0483208
1013700,0.4070417582988739,1783525496.3157353
1013800,0.2427821159362793,1783525502.579179
1013900,-2.6273884773254395,1783525508.721641
1014000,-0.8078184127807617,1783525515.1334
1014100,-4.0056633949279785,1783525521.431232
1014200,-3.786515712738037,1783525527.8766334
1014300,-4.402537822723389,1783525534.4509828
1014400,-2.3423047065734863,1783525540.2517676
1014500,-3.9055275917053223,1783525546.557692
1014600,-4.154851913452148,1783525552.687482
1014700,-3.042053461074829,1783525558.6880124
1014800,-1.3526724576950073,1783525565.1277611
1014900,-4.517626762390137,1783525571.0757728
1015000,-4.432112216949463,1783525577.57138
1015100,-2.367783784866333,1783525584.0470881
1015200,-3.7301723957061768,1783525590.1310074
1015300,-2.1536428928375244,1783525596.4542074
1015400,-2.822629451751709,1783525602.265022
1015500,-2.43074369430542,1783525608.85228
1015600,-4.323949813842773,1783525614.8110693
1015700,-1.602005958557129,1783525620.9900155
1015800,-0.8122600317001343,1783525627.046531
1015900,-3.127403497695923,1783525633.2007077
1016000,-3.7797393798828125,1783525639.4722354
1016100,-4.467663764953613,1783525645.413396
1016200,-2.71163272857666,1783525651.5111914
1016300,-3.0899722576141357,1783525657.5323658
1016400,-0.783592700958252,1783525663.65494
1016500,-2.1919922828674316,1783525669.921168
1016600,-2.330998182296753,1783525676.4993477
1016700,0.5519003868103027,1783525682.393239
1016800,-1.2903990745544434,1783525688.5776775
1016900,0.12877708673477173,1783525694.586539
1017000,-0.7704246640205383,1783525700.968496
1017100,-1.728581428527832,1783525707.276599
1017200,0.24469617009162903,1783525713.4746535
1017300,-3.2075562477111816,1783525719.79195
1017400,-3.9317855834960938,1783525725.9884176
1017500,-1.6696650981903076,1783525732.2823699
1017600,-3.2755908966064453,1783525738.6010213
1017700,-3.8469760417938232,1783525744.8256469
1017800,-1.5647753477096558,1783525751.3146577
1017900,-3.6956048011779785,1783525757.683227
1018000,-4.378417015075684,1783525763.8396633
1018100,-1.965604543685913,1783525769.873625
1018200,-2.75026798248291,1783525776.345631
1018300,0.8342920541763306,1783525782.5309033
1018400,-4.402334213256836,1783525788.6899006
1018500,-3.193450927734375,1783525794.7805502
1018600,-3.288994312286377,1783525800.901106
1018700,-4.59058141708374,1783525807.113243
1018800,-3.149954319000244,1783525813.47639
1018900,-4.566730499267578,1783525819.8142905
1019000,-1.7082977294921875,1783525825.8775954
1019100,-2.264223098754883,1783525832.2311594
1019200,-2.0562634468078613,1783525838.5291836
1019300,1.8584842681884766,1783525844.6057553
1019400,-1.3895450830459595,1783526666.4239714
1019500,-1.0126607418060303,1783526672.54833
1019600,-2.064734697341919,1783526678.9159176
1019700,-2.8568315505981445,1783526685.347964
1019800,-3.2320189476013184,1783526692.0003123
1019900,0.2757279872894287,1783526698.6105945
1020000,-3.4797050952911377,1783526704.9442146
1020100,-4.487087249755859,1783526711.405199
1020200,-2.9129645824432373,1783526717.8016644
1020300,-0.879839301109314,1783526724.047445
1020400,-3.259533643722534,1783526730.125154
1020500,-3.778909683227539,1783526736.3188584
1020600,-2.7708945274353027,1783526742.5147214
1020700,-3.5190372467041016,1783526748.6650927
1020800,-1.3526031970977783,1783526754.7579694
1020900,-1.5475908517837524,1783526761.0187995
1021000,-5.971185684204102,1783526767.012168
1021100,-2.9360599517822266,1783526773.2857778
1021200,0.4665498733520508,1783526779.4120822
1021300,-3.0647616386413574,1783526785.588182
1021400,-1.0116841793060303,1783526791.7800977
1021500,-1.9519953727722168,1783526798.364389
1021600,-1.2788687944412231,1783526804.8041997
1021700,-3.383159875869751,1783526811.00152
1021800,-3.874626636505127,1783526817.267002
1021900,-2.3055012226104736,1783526823.2836907
1022000,-0.6751558780670166,1783526829.6478097
1022100,-0.6887098550796509,1783526836.1070688
1022200,-1.4655741453170776,1783526842.2261164
1022300,-0.5268120765686035,1783526848.3070078
1022400,-5.8391947746276855,1783526854.3055558
1022500,-4.666318416595459,1783526860.3071465
1022600,-2.7493560314178467,1783526866.51037
1022700,-3.856311082839966,1783526872.4451804
1022800,-1.6174931526184082,1783526878.514795
1022900,-0.10104620456695557,1783526884.6270921
1023000,-1.5169142484664917,1783526890.7290971
1023100,-2.666584014892578,1783526896.977067
1023200,-3.6765785217285156,1783526903.1212726
1023300,-2.059880256652832,1783526909.429769
1023400,-2.0491182804107666,1783526915.7311869
1023500,-1.7559430599212646,1783526921.9875348
1023600,-3.1009700298309326,1783526928.2407014
1023700,-0.23882710933685303,1783526934.530169
1023800,-2.4269485473632812,1783526940.8603954
1023900,-0.2954610586166382,1783526947.113199
1024000,-2.841757297515869,1783526953.317367
1024100,-5.219948768615723,1783526959.4972982
1024200,-3.033076763153076,1783526965.6881893
1024300,-5.6877593994140625,1783526971.6677768
1024400,-3.3316550254821777,1783526977.9739146
1024500,-4.388538837432861,1783526983.9646432
1024600,-3.502286434173584,1783526990.2012775
1024700,-0.9228211641311646,1783526996.1930127
1024800,-3.5931856632232666,1783527002.2665024
1024900,-2.4842114448547363,1783527008.3969991
1025000,-0.032670050859451294,1783527014.4451878
1025100,-1.9028829336166382,1783527168.3264618
1025200,-2.6380186080932617,1783527174.3798306
1025300,-2.6862215995788574,1783527180.4389224
1025400,-3.4336068630218506,1783527186.6696107
1025500,-1.6160705089569092,1783527192.616593
1025600,-1.254551649093628,1783527198.9910884
1025700,-2.4450626373291016,1783527205.3326924
1025800,-4.529496192932129,1783527211.3037732
1025900,-2.566326379776001,1783527217.5569384
1026000,-1.4581949710845947,1783527223.8790445
1026100,1.70833158493042,1783527230.1098251
1026200,3.4951961040496826,1783527236.2529676
1026300,-1.8908097743988037,1783527242.462189
1026400,-5.4990057945251465,1783527248.474423
1026500,-2.8279976844787598,1783527254.693756
1026600,-2.7228240966796875,1783527260.8179514
1026700,-2.1181273460388184,1783527267.2164202
1026800,-1.180425763130188,1783527273.654819
1026900,-1.7321641445159912,1783527279.6117244
1027000,-0.35462987422943115,1783527285.8978865
1027100,-1.9814701080322266,1783527292.1432848
1027200,-2.319176435470581,1783527298.492144
1027300,-2.5083611011505127,1783527304.7692566
1027400,0.23529145121574402,1783527310.8051405
1027500,-3.2363317012786865,1783527317.033831
1027600,-2.152655601501465,1783527323.2068791
1027700,-0.7483536601066589,1783527329.6281343
1027800,-0.48856431245803833,1783527335.8002057
1027900,-1.2868174314498901,1783527342.2023313
1028000,-2.7966880798339844,1783527348.658811
1028100,-1.4260306358337402,1783527354.9944706
1028200,-2.22340989112854,1783527361.3938503
1028300,-2.216031789779663,1783527367.5155287
1028400,-3.7488412857055664,1783527373.6867754
1028500,-2.7948434352874756,1783527379.9694002
1028600,-0.16920113563537598,1783527386.1498826
1028700,-4.546509265899658,1783527392.3910677
1028800,-2.1535024642944336,1783527398.6858387
1028900,-3.850691318511963,1783527404.988795
1029000,-5.261378765106201,1783527411.088626
1029100,-2.9446959495544434,1783527417.528254
1029200,-0.3514978289604187,1783527423.8201597
1029300,-5.03486442565918,1783527429.9332352
1029400,-2.1651670932769775,1783527435.9237547
1029500,-3.0306272506713867,1783527442.2951088
1029600,-3.293651580810547,1783527448.6577213
1029700,-0.3302900195121765,1783527454.826248
1029800,-4.6494364738464355,1783527460.8995376
1029900,-3.3504199981689453,1783527467.406595
1030000,-4.562597274780273,1783527473.5950203
1030100,-4.12800407409668,1783527479.8361902
1030200,-4.281147480010986,1783527486.0067873
1030300,-2.202277660369873,1783527492.3711247
1030400,-4.379884719848633,1783527498.4387357
1030500,-2.4790329933166504,1783527504.6582246
1030600,-3.0780982971191406,1783527510.708641
1030700,-4.348935604095459,1783527516.9740522
1030800,-4.000641345977783,1783527523.4067752
1030900,-5.707486152648926,1783527529.7981234
1031000,-3.43609356880188,1783527536.1509936
1031100,-3.4339826107025146,1783527542.4615955
1031200,-2.8807544708251953,1783527548.6227646
1031300,-1.5611486434936523,1783527554.908347
1031400,-1.9719758033752441,1783527561.1482146
1031500,-4.282373428344727,1783527567.5101147
1031600,-2.15966796875,1783527573.978834
1031700,-2.0327632427215576,1783527580.3027463
1031800,0.9557473063468933,1783527586.6034293
1031900,-3.848985433578491,1783527592.9306064
1032000,-4.307633876800537,1783527599.085042
1032100,-2.400132179260254,1783527605.2104383
1032200,-3.3234364986419678,1783527611.5720766
1032300,-0.48179560899734497,1783527617.7951632
1032400,-2.4363934993743896,1783527624.0382524
1032500,-4.2583818435668945,1783527630.233311
1032600,-4.708427906036377,1783527636.726615
1032700,-3.5829248428344727,1783527643.140979
1032800,-3.1436657905578613,1783527649.580863
1032900,-3.062718391418457,1783527655.8702898
1033000,-3.7870259284973145,1783527662.0363395
1033100,-3.840925931930542,1783527668.2737596
1033200,-2.738393783569336,1783527674.600776
1033300,-4.847088813781738,1783527680.8064435
1033400,-5.216178894042969,1783527687.1501143
1033500,-3.9737813472747803,1783527693.1330073
1033600,-5.113850116729736,1783527699.0918381
1033700,-4.3064703941345215,1783527705.195365
1033800,-4.870016098022461,1783527711.4742506
1033900,-1.8347474336624146,1783527717.627136
1034000,-1.1741759777069092,1783527723.898674
1034100,-2.9147112369537354,1783527729.972457
1034200,-3.3402209281921387,1783527736.361444
1034300,-4.36812686920166,1783527742.7278378
1034400,-5.393087863922119,1783527749.0474846
1034500,-0.18676519393920898,1783527755.3525562
1034600,-1.8807222843170166,1783527761.617194
1034700,-2.9778714179992676,1783527768.0524127
1034800,-3.848639488220215,1783527774.184711
1034900,-0.27355778217315674,1783527780.2275357
1035000,-4.308786869049072,1783527786.308023
1035100,-4.408050060272217,1783527792.590793
1035200,-0.9945186376571655,1783527798.837653
1035300,-3.752169132232666,1783527805.1360493
1035400,-4.704318046569824,1783527811.5405354
1035500,-3.5872044563293457,1783527817.5426352
1035600,-4.501280307769775,1783527823.743853
1035700,-3.1599440574645996,1783527830.070441
1035800,-2.9212851524353027,1783527836.199805
1035900,-4.879456043243408,1783527842.4215937
1036000,-3.3175768852233887,1783527848.6940749
1036100,-3.574754238128662,1783527854.9128177
1036200,-1.2523549795150757,1783527861.085265
1036300,-3.0253846645355225,1783527867.1032214
1036400,-3.890697479248047,1783527873.3297966
1036500,-2.56544828414917,1783527879.5523295
1036600,-3.1143078804016113,1783527885.7022152
1036700,-3.666524648666382,1783527892.086806
1036800,-3.6118175983428955,1783527898.188271
1036900,-2.5881619453430176,1783527904.4163861
1037000,-4.498150825500488,1783527910.633931
1037100,-4.1571245193481445,1783527916.800908
1037200,-4.204281806945801,1783527922.9013834
1037300,-2.841907262802124,1783527929.013606
1037400,-5.201364517211914,1783527935.305569
1037500,-2.8448097705841064,1783527941.6772385
1037600,-4.952204704284668,1783527947.9049485
1037700,-4.055332183837891,1783527954.1543472
1037800,-1.6853256225585938,1783527960.4055912
1037900,-4.627379894256592,1783527966.6025274
1038000,-5.875201225280762,1783527973.0610046
1038100,-6.578351020812988,1783527979.5171947
1038200,-4.8761887550354,1783527985.9004447
1038300,-2.7985081672668457,1783527992.3000484
1038400,-5.466448783874512,1783527998.3558142
1038500,-1.6900078058242798,1783528004.5087636
1038600,-2.6857359409332275,1783528010.8097014
1038700,-5.928388595581055,1783528017.0252488
1038800,-4.093591690063477,1783528023.3585446
1038900,-2.974747657775879,1783528029.4208634
1039000,-5.409924507141113,1783528035.5727403
1039100,-3.7464261054992676,1783528041.5994382
1039200,-6.448285102844238,1783528047.7007735
1039300,-4.3281683921813965,1783528053.844877
1039400,-2.606443405151367,1783528060.330785
1039500,-4.109165191650391,1783528066.6587596
1039600,-2.881471633911133,1783528072.727852
1039700,-4.141839504241943,1783528078.8116264
1039800,-5.663317680358887,1783528084.9188654
1039900,-3.109105110168457,1783528091.208511
1040000,-1.2280538082122803,1783528097.267049
1040100,-3.7973694801330566,1783528103.4139962
1040200,-4.209384918212891,1783528109.6042078
1040300,-4.980879783630371,1783528115.9880369
1040400,-4.4878411293029785,1783528122.259031
1040500,-4.438511848449707,1783528128.552581
1040600,-3.2705774307250977,1783528134.9455886
1040700,-5.607037544250488,1783528141.0090473
1040800,-3.935837745666504,1783528147.1448383
1040900,1.3431674242019653,1783528153.2307749
1041000,-2.907923936843872,1783528159.570259
1041100,-3.750453472137451,1783528165.7183294
1041200,-5.223931312561035,1783528172.0615883
1041300,-4.867095947265625,1783528178.305971
1041400,-2.655601978302002,1783528184.593882
1041500,-3.9114787578582764,1783528190.692238
1041600,-4.742806911468506,1783528196.755791
1041700,-3.871306896209717,1783528203.0721495
1041800,-4.051333427429199,1783528209.3502707
1041900,-2.6161751747131348,1783528215.3081136
1042000,-3.6735281944274902,1783528222.0091085
1042100,-3.5959360599517822,1783528228.484617
1042200,-2.6504979133605957,1783528234.6476092
1042300,-4.019820690155029,1783528240.6709409
1042400,-2.127277135848999,1783528246.8919294
1042500,-1.1145552396774292,1783528253.1163855
1042600,-3.9020891189575195,1783528259.411828
1042700,-4.071571350097656,1783528265.6484811
1042800,-1.3434102535247803,1783528271.926588
1042900,-0.611316442489624,1783528278.1215124
1043000,-0.9148422479629517,1783528284.4498198
1043100,-1.3449294567108154,1783528290.7414405
1043200,-0.10355192422866821,1783528297.0669205
1043300,-0.9167326092720032,1783528303.3697312
1043400,-1.7145065069198608,1783528309.6130424
1043500,-4.859434127807617,1783528315.756677
1043600,-1.3726369142532349,1783528322.0551817
1043700,-1.8997948169708252,1783528328.3569252
1043800,-4.439689636230469,1783528334.433333
1043900,-3.391885757446289,1783528340.6101735
1044000,-4.753382682800293,1783528346.9876552
1044100,-4.0138139724731445,1783528353.0165458
1044200,-6.588796615600586,1783528359.5266392
1044300,-7.463340759277344,1783528365.6972907
1044400,-4.277050018310547,1783528372.0296192
1044500,-4.095200538635254,1783528378.3074293
1044600,-3.724067449569702,1783528384.558898
1044700,-6.256731033325195,1783528390.9792354
1044800,-4.390183925628662,1783528397.0511982
1044900,-2.488896369934082,1783528403.2377741
1045000,-2.6224775314331055,1783528409.4792368
1045100,-3.2509477138519287,1783528415.6661062
1045200,-4.581754684448242,1783528421.9878762
1045300,-4.66634464263916,1783528427.9877498
1045400,-3.788397789001465,1783528434.0066705
1045500,-4.518310546875,1783528440.0935793
1045600,-4.290433406829834,1783528446.2904437
1045700,-4.446859836578369,1783528452.5907965
1045800,-0.11799594759941101,1783528458.8601174
1045900,-0.9340221881866455,1783528465.3234682
1046000,-3.8454017639160156,1783528471.5007102
1046100,-4.353663444519043,1783528477.5233057
1046200,-3.334639072418213,1783528483.9914722
1046300,-5.939815521240234,1783528490.0338006
1046400,-5.519189834594727,1783528496.2481172
1046500,-4.667498588562012,1783528502.4102464
1046600,-2.4992713928222656,1783528508.7389202
1046700,-6.369901657104492,1783528514.8770852
1046800,-4.046273708343506,1783528521.3144455
1046900,-5.635152816772461,1783528527.5517144
1047000,-5.014834403991699,1783528533.6187258
1047100,-4.800653457641602,1783528539.8634393
1047200,-2.867560386657715,1783528546.0298173
1047300,-3.1950666904449463,1783528552.434509
1047400,-2.4800643920898438,1783528558.4382381
1047500,-3.762399673461914,1783528564.73272
1047600,-3.756837844848633,1783528571.1107376
1047700,-4.343205451965332,1783528577.3482778
1047800,-3.9575252532958984,1783528583.5212715
1047900,-1.6088759899139404,1783528589.6692011
1048000,-2.9880475997924805,1783528595.9955149
1048100,-4.945721626281738,1783528602.3012729
1048200,-5.996079444885254,1783528608.5348396
1048300,-5.906790733337402,1783528614.976066
1048400,-1.1425904035568237,1783528621.1394217
1048500,-5.829709053039551,1783528627.2267437
1048600,-3.958770513534546,1783528633.5121562
1048700,-2.726438522338867,1783528639.54045
1048800,-1.4445288181304932,1783528645.6364858
1048900,-2.5638532638549805,1783528651.6869802
1049000,-3.3384077548980713,1783528657.8563926
1049100,-4.000835418701172,1783528663.9319642
1049200,-2.3503193855285645,1783528669.972088
1049300,-2.8224377632141113,1783528676.110029
1049400,1.5397552251815796,1783528682.2092845
1049500,-3.0006368160247803,1783528688.7575343
1049600,-2.4266653060913086,1783528694.7631571
1049700,-2.1848561763763428,1783528700.9984126
1049800,1.6621551513671875,1783528707.3012316
1049900,-3.661379814147949,1783528713.5388765
1050000,-3.1955599784851074,1783603952.4930024
1050100,-3.80682635307312,1783604104.1899846
1050200,-1.188638687133789,1783604110.1610088
1050300,-0.6298075318336487,1783604116.4014683
1050400,-3.070296049118042,1783604122.4515512
1050500,-2.6689529418945312,1783604128.2711444
1050600,-4.945517539978027,1783604134.2498066
1050700,-3.7906675338745117,1783604140.3900032
1050800,-3.3760323524475098,1783604146.587423
1050900,-2.5590450763702393,1783604152.7725632
1051000,-2.5008769035339355,1783604158.895904
1051100,-3.92518949508667,1783604165.2123363
1051200,-2.701880931854248,1783604171.597955
1051300,-3.717695474624634,1783604177.7811518
1051400,-4.11862850189209,1783604183.759116
1051500,-2.6142148971557617,1783604190.0657074
1051600,-3.24580717086792,1783604196.2414732
1051700,-1.772040605545044,1783604202.4503803
1051800,-3.874910831451416,1783604208.5289671
1051900,-2.9046401977539062,1783604214.5168068
1052000,-4.470144271850586,1783604220.435058
1052100,-2.999499797821045,1783604226.5523455
1052200,-5.297605514526367,1783604232.6655278
1052300,-3.1669867038726807,1783604238.9003487
1052400,-1.2291909456253052,1783604244.9175835
1052500,-6.425435543060303,1783604251.3550832
1052600,-2.703176975250244,1783604257.4451747
1052700,-2.7015609741210938,1783604263.4159164
1052800,-3.0515575408935547,1783604269.3235633
1052900,-3.1341311931610107,1783604275.2663114
1053000,-2.9672017097473145,1783604281.3448038
1053100,-2.7244060039520264,1783604287.253315
1053200,-4.792844295501709,1783604293.13918
1053300,-1.0297000408172607,1783604299.168033
1053400,-1.8242524862289429,1783604305.2697794
1053500,0.9053899049758911,1783604311.4074557
1053600,-1.0595958232879639,1783604317.4596395
1053700,-1.0038944482803345,1783604323.6428444
1053800,-2.5356853008270264,1783604329.8744216
1053900,-2.9752206802368164,1783604335.889853
1054000,-3.6428160667419434,1783604341.9416406
1054100,-3.2613275051116943,1783604348.1684072
1054200,-4.343659400939941,1783604354.5323982
1054300,-5.675326347351074,1783604360.6109505
1054400,-3.3002564907073975,1783604366.8334906
1054500,-5.036916732788086,1783604372.9026372
1054600,-3.671172618865967,1783604379.1788428
1054700,-1.7617058753967285,1783604385.4603436
1054800,-0.527895987033844,1783604391.4533274
1054900,-3.7609524726867676,1783604397.4917853
1055000,-0.09593459218740463,1783604403.557685
1055100,-1.3401029109954834,1783604409.7948935
1055200,-0.8930916786193848,1783604416.0425465
1055300,-3.0476527214050293,1783604422.2402778
1055400,-4.565587997436523,1783604428.4508727
1055500,-4.469087600708008,1783604434.5401278
1055600,-1.1590924263000488,1783604440.6983585
1055700,-2.0371885299682617,1783604446.9592924
1055800,-3.2917566299438477,1783604453.1892262
1055900,-2.773818016052246,1783604459.4121902
1056000,-2.6719810962677,1783604465.541648
1056100,-6.14423942565918,1783604471.664163
1056200,-4.8501505851745605,1783604477.8617375
1056300,-4.65898323059082,1783604484.3389513
1056400,-5.754256248474121,1783604490.516474
1056500,-3.880018949508667,1783604496.7756433
1056600,-7.257913589477539,1783604502.803826
1056700,-3.4104976654052734,1783604508.7971244
1056800,-3.749436378479004,1783604514.7058413
1056900,-2.382671356201172,1783604520.925704
1057000,-1.5577551126480103,1783604527.092545
1057100,-3.2049145698547363,1783604533.542376
1057200,-5.137145042419434,1783604539.8495033
1057300,-5.182919502258301,1783604546.0345323
1057400,-4.429495811462402,1783604552.2181232
1057500,-4.268216133117676,1783604558.4596603
1057600,-3.647582769393921,1783604564.6441095
1057700,-2.7017128467559814,1783604570.8924468
1057800,-4.059937000274658,1783604577.0065382
1057900,-3.650524616241455,1783604583.211752
1058000,-6.2944207191467285,1783604589.4121146
1058100,-7.538710117340088,1783604595.7390893
1058200,-5.484582424163818,1783604601.9584198
1058300,-3.4469597339630127,1783604607.964808
1058400,-4.631763458251953,1783604614.0091393
1058500,-4.648505210876465,1783604619.9453502
1058600,-6.269878387451172,1783604626.0568671
1058700,-4.110199928283691,1783604632.172145
1058800,-4.03818941116333,1783604638.1975963
1058900,-2.6706161499023438,1783604644.403999
1059000,-2.758948802947998,1783604650.594579
1059100,-4.2577080726623535,1783604656.6850748
1059200,-1.9476135969161987,1783604662.7254636
1059300,-5.109260559082031,1783604669.1479363
1059400,-5.681404113769531,1783604675.1985345
1059500,-3.7932724952697754,1783604681.2056308
1059600,-3.051642417907715,1783604687.3854523
1059700,-1.607815146446228,1783604693.484773
1059800,-0.8405352830886841,1783604699.7069666
1059900,-5.46701717376709,1783604705.8225152
1060000,-5.94088888168335,1783604712.0704997
1060100,-3.43569016456604,1783604718.1959877
1060200,-6.130984306335449,1783604724.4697454
1060300,-2.9294729232788086,1783604730.725668
1060400,-1.5100340843200684,1783604737.0201845
1060500,-1.3539363145828247,1783604743.0377011
1060600,-4.748468399047852,1783604749.361742
1060700,-4.447432994842529,1783604755.1931403
1060800,-3.7428884506225586,1783604761.5055385
1060900,-1.014892339706421,1783604767.5451922
1061000,-5.776400089263916,1783604773.8121784
1061100,-4.294245719909668,1783604780.001097
1061200,-4.70436954498291,1783604786.0691292
1061300,-2.7547199726104736,1783604792.1495667
1061400,-3.2773337364196777,1783604798.1477668
1061500,-2.962057590484619,1783604804.51078
1061600,-5.0980939865112305,1783604810.7494075
1061700,-3.203646659851074,1783604817.0396266
1061800,-6.946919918060303,1783604823.1259425
1061900,-3.832892656326294,1783604829.061376
1062000,-5.857373237609863,1783604835.137235
1062100,-5.274590015411377,1783604841.1903467
1062200,-3.4955079555511475,1783604847.167515
1062300,-3.369445323944092,1783604853.4690647
1062400,-5.886288642883301,1783604859.4915562
1062500,-3.7864696979522705,1783604865.5246615
1062600,-4.922769546508789,1783604871.6834915
1062700,-4.847732067108154,1783604877.7436357
1062800,-6.285518169403076,1783604884.1983955
1062900,-5.135531425476074,1783604890.5658662
1063000,-5.502261161804199,1783604896.7294939
1063100,-5.264964580535889,1783604903.1928809
1063200,-4.179463863372803,1783604909.3167222
1063300,-3.647888660430908,1783604915.4429376
1063400,-2.6040802001953125,1783604921.3707705
1063500,-2.1092727184295654,1783604927.7281287
1063600,-0.35782814025878906,1783604933.7855337
1063700,-3.3936240673065186,1783604939.7608726
1063800,-1.1517366170883179,1783604945.7402635
1063900,-1.131252646446228,1783604951.9247768
1064000,-4.145981788635254,1783604957.861283
1064100,-4.1147308349609375,1783604964.0276687
1064200,-2.032299757003784,1783604970.1767058
1064300,-0.9475914239883423,1783604976.1257396
1064400,-4.182900428771973,1783604982.381269
1064500,-3.028553009033203,1783604988.319187
1064600,-1.97222900390625,1783604994.551076
1064700,-1.9452742338180542,1783605000.8891325
1064800,0.6378694772720337,1783605007.0149982
1064900,-3.4436697959899902,1783605013.31472
1065000,-2.7633466720581055,1783605019.3781793
1065100,-4.040911674499512,1783605025.503505
1065200,-3.2622623443603516,1783605031.5152483
1065300,-2.9352035522460938,1783605037.5679183
1065400,-2.45393705368042,1783605043.8338747
1065500,-2.7290453910827637,1783605050.2528973
1065600,-2.8460540771484375,1783605056.3173141
1065700,-2.8408408164978027,1783605062.6849113
1065800,-4.817506790161133,1783605068.946087
1065900,-2.277000904083252,1783605075.274241
1066000,-1.6799148321151733,1783605081.5709727
1066100,-3.20284366607666,1783605087.9373484
1066200,-3.4931397438049316,1783605094.2493849
1066300,-3.594229221343994,1783605100.4913392
1066400,-4.895692825317383,1783605106.6184127
1066500,-4.114202976226807,1783605113.002087
1066600,-3.588834047317505,1783605119.2254944
1066700,-3.7261252403259277,1783605125.384125
1066800,-2.5567049980163574,1783605131.5566413
1066900,-4.105294704437256,1783605137.9314647
1067000,-3.502542018890381,1783605144.41982
1067100,-3.617672920227051,1783605150.610244
1067200,-4.213015556335449,1783605156.7794263
1067300,-3.5038204193115234,1783605163.3027885
1067400,-3.516183376312256,1783605169.285128
1067500,-2.0781350135803223,1783605175.5545232
1067600,-4.95673131942749,1783605181.8580725
1067700,-2.4330265522003174,1783605187.9873338
1067800,-4.436134338378906,1783605194.11763
1067900,-1.5634872913360596,1783605200.3026237
1068000,-1.3866665363311768,1783605206.6634336
1068100,0.11198556423187256,1783605212.6615016
1068200,0.14922988414764404,1783605218.7076352
1068300,-3.4246926307678223,1783605224.7312045
1068400,-0.780371904373169,1783605230.9357133
1068500,-4.6619415283203125,1783605237.218584
1068600,-2.3075919151306152,1783605243.5676947
1068700,-3.711202621459961,1783605249.6546426
1068800,-3.4796226024627686,1783605255.7378266
1068900,-3.003406524658203,1783605261.930079
1069000,-3.9818038940429688,1783605267.9751377
1069100,-2.3828773498535156,1783605274.0700226
1069200,-2.5849339962005615,1783605280.338458
1069300,-2.8433449268341064,1783605286.3834722
1069400,-1.2757973670959473,1783605292.6810637
1069500,-4.844487190246582,1783605299.0316663
1069600,-6.622623443603516,1783605305.1300662
1069700,-3.2257676124572754,1783605311.5299885
1069800,-2.49381685256958,1783605317.7535398
1069900,0.25330114364624023,1783605323.9589314
1070000,-4.897050857543945,1783605330.0263658
1070100,-2.937971591949463,1783605336.1057377
1070200,-4.063111782073975,1783605342.4735968
1070300,-4.729458332061768,1783605348.6375995
1070400,-2.4083938598632812,1783605354.7336903
1070500,-0.44836968183517456,1783605360.8750525
1070600,-4.130829334259033,1783605367.069173
1070700,-3.4800381660461426,1783605373.2219253
1070800,-5.241697311401367,1783605379.49899
1070900,-3.841421365737915,1783605385.6727343
1071000,-3.7370309829711914,1783605391.9396112
1071100,-2.4111077785491943,1783605398.1197999
1071200,-1.902803659439087,1783605404.3434508
1071300,-2.534522294998169,1783605410.3773468
1071400,-5.057499408721924,1783605416.3830442
1071500,-3.772555351257324,1783605422.4335082
1071600,-4.276539325714111,1783605428.6318443
1071700,-4.211905002593994,1783605434.53876
1071800,-4.174238204956055,1783605440.7806904
1071900,-3.0233747959136963,1783605447.1214085
1072000,-2.953625202178955,1783605453.2050908
1072100,-3.626241445541382,1783605459.4791884
1072200,-2.4446640014648438,1783605465.7528276
1072300,-2.9852700233459473,1783605472.054231
1072400,-3.066372871398926,1783605478.0136425
1072500,-0.22164300084114075,1783605484.1191974
1072600,-0.789290189743042,1783605490.2964494
1072700,-2.8557772636413574,1783605496.500288
1072800,-3.9163129329681396,1783605502.6180835
1072900,-2.4261717796325684,1783605508.5392692
1073000,-3.836455821990967,1783605514.67553
1073100,-0.3830398917198181,1783605520.6895378
1073200,-1.7869318723678589,1783605526.8730037
1073300,-3.909386157989502,1783605532.8330128
1073400,-3.3576319217681885,1783605538.910513
1073500,-5.067635536193848,1783605545.0453227
1073600,-4.116042137145996,1783605551.1612449
1073700,-2.6640381813049316,1783605557.1812427
1073800,-3.4060168266296387,1783605563.3515987
1073900,-4.711392879486084,1783605569.4012005
1074000,-3.9402883052825928,1783605575.5980408
1074100,-3.108499526977539,1783605581.9510052
1074200,-1.225012183189392,1783605587.831403
1074300,-4.994394302368164,1783605594.1346216
1074400,-2.727813959121704,1783605600.2644339
1074500,-4.469076633453369,1783605606.4481797
1074600,-4.923831939697266,1783605612.8172078
1074700,-6.063843727111816,1783605619.0063286
1074800,-4.079252243041992,1783605625.2933238
1074900,-4.567804336547852,1783605631.4404163
1075000,-3.8328676223754883,1783605637.5858555
1075100,-3.88818097114563,1783605791.4216821
1075200,-2.153336763381958,1783605797.553861
1075300,-5.033541679382324,1783605803.6583524
1075400,-4.556096076965332,1783605809.7771704
1075500,-4.724588394165039,1783605815.726211
1075600,-5.201753616333008,1783605821.8745573
1075700,-5.846949577331543,1783605828.0964625
1075800,-5.070595741271973,1783605834.327451
1075900,-3.7160515785217285,1783605840.4369612
1076000,-1.1489169597625732,1783605846.5548763
1076100,-2.1898107528686523,1783605852.6864476
1076200,-4.959847450256348,1783605858.9921985
1076300,-3.735757827758789,1783605865.0034876
1076400,-4.97618293762207,1783605871.3973067
1076500,-5.86724853515625,1783605877.5118203
1076600,-1.7701935768127441,1783605883.7044005
1076700,-3.7838635444641113,1783605889.7290692
1076800,-4.9234232902526855,1783605896.0780482
1076900,-4.475396156311035,1783605902.2405703
1077000,-2.6252923011779785,1783605908.2841368
1077100,-3.1289331912994385,1783605914.3891523
1077200,-2.5207231044769287,1783605920.5998137
1077300,-1.6561038494110107,1783605926.8786325
1077400,-1.6325807571411133,1783605932.9945815
1077500,-2.9631426334381104,1783605938.9108362
1077600,-4.449465274810791,1783605944.9522104
1077700,-5.924081802368164,1783605951.1241627
1077800,-3.2882845401763916,1783605957.223172
1077900,-4.161189079284668,1783605963.388805
1078000,-4.514787197113037,1783605969.4523566
1078100,-3.7121336460113525,1783605975.5910323
1078200,-5.210458278656006,1783605981.7415717
1078300,-3.1974315643310547,1783605987.9219131
1078400,-7.317073345184326,1783605994.0856078
1078500,-3.972748279571533,1783606000.1590564
1078600,-0.14758020639419556,1783606006.093899
1078700,-5.252453327178955,1783606012.0519636
1078800,-4.368860244750977,1783606018.4083335
1078900,-1.5101981163024902,1783606024.5761912
1079000,-4.125407695770264,1783606030.6028285
1079100,-5.902456283569336,1783606036.8209016
1079200,-2.451429843902588,1783606042.8271692
1079300,-4.186545372009277,1783606048.9054337
1079400,-1.0521987676620483,1783606055.2026904
1079500,-6.154199600219727,1783606061.3008354
1079600,-4.637784957885742,1783606067.4197693
1079700,-6.762725353240967,1783606073.5773802
1079800,-7.230440616607666,1783606079.838026
1079900,-4.970941066741943,1783606086.0110722
1080000,-4.957350730895996,1783606092.1241803
1080100,-4.289606094360352,1783606098.1865482
1080200,-4.453112602233887,1783606104.2018244
1080300,-4.1938042640686035,1783606110.6677077
1080400,-5.912227630615234,1783606116.9721205
1080500,-7.988681316375732,1783606123.2536838
1080600,-3.134486198425293,1783606129.6793919
1080700,-6.501476287841797,1783606135.7369246
1080800,-5.089457035064697,1783606142.0352378
1080900,-6.47485876083374,1783606148.0978627
1081000,-2.16558575630188,1783606154.208062
1081100,-6.96771240234375,1783606160.2242517
1081200,-4.6586833000183105,1783606166.3528104
1081300,-2.9618849754333496,1783606172.4311538
1081400,-2.555182933807373,1783606178.710896
1081500,-3.2819511890411377,1783606184.793118
1081600,-4.845285892486572,1783606190.9457986
1081700,-5.026588439941406,1783606197.110349
1081800,-5.159287452697754,1783606203.2209613
1081900,-4.069124698638916,1783606209.5880291
1082000,-7.263034820556641,1783606215.743287
1082100,-3.2218072414398193,1783606222.1766546
1082200,-4.091939926147461,1783606228.330394
1082300,-5.053832054138184,1783606234.3332088
1082400,-4.571533203125,1783606240.4908292
1082500,-6.0855560302734375,1783606246.7447703
1082600,-4.3895955085754395,1783606252.7449455
1082700,-6.657614707946777,1783606259.1227489
1082800,-4.715656280517578,1783606265.1426911
1082900,-4.434968948364258,1783606271.032593
1083000,-3.7755706310272217,1783606277.1493876
1083100,-2.4760518074035645,1783606283.4504862
1083200,-7.83479118347168,1783606289.4551442
1083300,-6.768433570861816,1783606295.8723044
1083400,-2.43690824508667,1783606302.1017995
1083500,-4.910074234008789,1783606308.0871255
1083600,-3.9060280323028564,1783606314.2543848
1083700,-2.2574076652526855,1783606320.4697554
1083800,-4.231320381164551,1783606326.6088688
1083900,-0.7273889780044556,1783606332.9730139
1084000,-3.354381799697876,1783606339.096687
1084100,-0.37384265661239624,1783606345.2481108
1084200,-3.2645766735076904,1783606351.5688543
1084300,-5.393229007720947,1783606357.7453725
1084400,-4.095477104187012,1783606363.9147668
1084500,-3.8013124465942383,1783606369.947955
1084600,-4.9136223793029785,1783606375.927851
1084700,-3.4696085453033447,1783606382.2003205
1084800,-4.985677242279053,1783606388.3792553
1084900,-4.730762481689453,1783606394.4988654
1085000,-3.944489002227783,1783606401.0482814
1085100,-4.577991008758545,1783606407.0555923
1085200,-4.608165740966797,1783606413.3972666
1085300,-5.145589828491211,1783606419.5991836
1085400,-2.278012752532959,1783606426.174446
1085500,-2.1473207473754883,1783606432.600946
1085600,-2.1613457202911377,1783606438.5679464
1085700,-1.312162160873413,1783606444.629472
1085800,-0.7631049752235413,1783606450.9361176
1085900,-3.665311098098755,1783606457.099712
1086000,-5.2264933586120605,1783606463.196382
1086100,-3.552187442779541,1783606469.311877
1086200,1.5957396030426025,1783606475.5050037
1086300,-3.4618711471557617,1783606481.8244708
1086400,-5.338984966278076,1783606487.9443417
1086500,-5.056867599487305,1783606494.4445543
1086600,-3.770023822784424,1783606500.6275423
1086700,-4.497951507568359,1783606506.8411047
1086800,-4.414188385009766,1783606512.8364737
1086900,-2.3407154083251953,1783606518.98576
1087000,-3.1600894927978516,1783606525.3842113
1087100,-2.600522041320801,1783606531.7739408
1087200,-1.3014776706695557,1783606537.848118
1087300,-1.6396980285644531,1783606544.1461353
1087400,-1.5925897359848022,1783606550.4084203
1087500,-2.750250816345215,1783606556.5852802
1087600,-3.652479648590088,1783606562.7736988
1087700,-2.2455193996429443,1783606568.8760703
1087800,-0.014872312545776367,1783606575.164042
1087900,-3.2090067863464355,1783606581.3924093
1088000,0.09342893958091736,1783606587.5674686
1088100,-0.24866187572479248,1783606593.9718595
1088200,-2.673720359802246,1783606600.0436935
1088300,-1.90086030960083,1783606606.324228
1088400,-2.5812878608703613,1783606612.5718584
1088500,-0.20577514171600342,1783606618.7784152
1088600,-3.1501030921936035,1783606625.1614196
1088700,-2.8386447429656982,1783606631.5792654
1088800,-3.0776305198669434,1783606637.7335944
1088900,-0.796826183795929,1783606644.073374
1089000,-2.0657246112823486,1783606650.4866314
1089100,-2.7409956455230713,1783606656.8672466
1089200,-5.029160499572754,1783606663.14047
1089300,-1.861599326133728,1783606669.4438043
1089400,-3.7812328338623047,1783606675.4497857
1089500,-4.030330657958984,1783606681.7412853
1089600,-2.750840663909912,1783606688.1230755
1089700,-3.198944091796875,1783606694.4583173
1089800,-4.3285369873046875,1783606700.4726205
1089900,-4.95607328414917,1783606706.4285448
1090000,-3.466691493988037,1783606712.6839726
1090100,-4.028395652770996,1783606718.9024448
1090200,-6.532713890075684,1783606725.1781425
1090300,-2.068735361099243,1783606731.2924056
1090400,-3.6696505546569824,1783606737.5244458
1090500,-2.780485153198242,1783606743.8128786
1090600,-4.596778392791748,1783606750.0107067
1090700,-0.21144044399261475,1783606756.2175498
1090800,-1.895085096359253,1783606762.4609756
1090900,1.3279770612716675,1783606768.586899
1091000,-4.144444465637207,1783606774.7491422
1091100,-5.5367279052734375,1783606780.9124498
1091200,-5.9998674392700195,1783606787.0970993
1091300,-4.091785430908203,1783606793.3180277
1091400,-2.996748685836792,1783606799.6142576
1091500,-4.085198402404785,1783606806.1263137
1091600,-1.5922359228134155,1783606812.3586113
1091700,-3.6433684825897217,1783606818.5502763
1091800,-5.330477714538574,1783606824.6650565
1091900,-6.18064022064209,1783606830.8440945
1092000,-5.086662292480469,1783606837.1374187
1092100,-3.147282600402832,1783606843.1595106
1092200,-2.1214065551757812,1783606849.2026174
1092300,-1.098501205444336,1783606855.5202491
1092400,-2.6137542724609375,1783606861.8705013
1092500,-2.341625690460205,1783606867.912656
1092600,-3.0442142486572266,1783606874.1582372
1092700,-1.3438007831573486,1783606880.5161176
1092800,-1.5140438079833984,1783606886.7221544
1092900,-1.2011973857879639,1783606893.0581686
1093000,-4.268705368041992,1783606899.384281
1093100,-3.4714505672454834,1783606905.7592628
1093200,-1.2544972896575928,1783606911.8715577
1093300,-4.873691558837891,1783606917.977297
1093400,-2.088756799697876,1783606924.0128632
1093500,-4.340327262878418,1783606930.1184077
1093600,-4.606025695800781,1783606936.3226116
1093700,-1.1873834133148193,1783606942.5433183
1093800,-5.755163669586182,1783606948.8906598
1093900,-1.5967683792114258,1783606955.3588018
1094000,-3.321943759918213,1783606961.5985787
1094100,-2.99564790725708,1783606967.8456717
1094200,-3.3474502563476562,1783606974.099604
1094300,-4.314002990722656,1783606980.2806668
1094400,-1.8015367984771729,1783606986.407504
1094500,-4.8811798095703125,1783606992.6438062
1094600,-3.290741443634033,1783606998.636704
1094700,-2.5971484184265137,1783607004.6415153
1094800,-3.4929518699645996,1783607010.9716578
1094900,-4.333105087280273,1783607017.045969
1095000,-3.191519021987915,1783607023.389354
1095100,-1.7680060863494873,1783607029.4068232
1095200,-3.590000867843628,1783607035.4709992
1095300,-5.5878705978393555,1783607041.5939515
1095400,-3.166482448577881,1783607047.597698
1095500,-4.4283037185668945,1783607053.815254
1095600,-5.782044410705566,1783607060.0265024
1095700,-3.55094313621521,1783607066.362323
1095800,-3.0565571784973145,1783607072.581853
1095900,-2.2538182735443115,1783607078.6527586
1096000,-4.162033557891846,1783607084.9619892
1096100,-5.55963134765625,1783607091.1920342
1096200,-3.746462106704712,1783607097.1215048
1096300,-3.7947592735290527,1783607103.135933
1096400,-1.7622559070587158,1783607109.0701869
1096500,-1.6762821674346924,1783607115.310004
1096600,-2.1801133155822754,1783607121.565392
1096700,-1.6009557247161865,1783607127.8347256
1096800,-1.636100172996521,1783607133.9230704
1096900,-3.450178861618042,1783607139.986642
1097000,-2.132826089859009,1783607146.1962876
1097100,-4.0109028816223145,1783607152.3770406
1097200,-4.8080339431762695,1783607158.5736291
1097300,-7.9950127601623535,1783607164.5927467
1097400,-3.3151776790618896,1783607170.7145278
1097500,-4.5266218185424805,1783607176.721132
1097600,-5.372055530548096,1783607182.790518
1097700,-4.656322956085205,1783607189.0891912
1097800,-2.183321475982666,1783607195.3236535
1097900,-2.464799404144287,1783607201.5551589
1098000,-3.1008758544921875,1783607207.8619692
1098100,-2.024513006210327,1783607213.9100897
1098200,-4.896543502807617,1783607219.990924
1098300,-1.2325068712234497,1783607226.2235787
1098400,-3.8419904708862305,1783607232.3761294
1098500,-4.788809776306152,1783607238.4376774
1098600,-3.3138327598571777,1783607244.8084323
1098700,-5.514069557189941,1783607251.0201104
1098800,-5.579128742218018,1783607257.109969
1098900,-6.754712104797363,1783607263.4090173
1099000,-3.5870361328125,1783607269.5362637
1099100,-4.61063289642334,1783607275.958202
1099200,-3.005547285079956,1783607282.2627912
1099300,-0.7159593105316162,1783607288.3202512
1099400,-3.691805601119995,1783607294.5949519
1099500,-2.463524103164673,1783607300.82727
1099600,-1.648185133934021,1783607306.9719627
1099700,-2.7842140197753906,1783607313.1339881
1099800,-2.923999309539795,1783607319.4164178
1099900,-2.5134167671203613,1783607325.5807424
1100000,-6.558178901672363,1783607331.9008396
1100100,-3.7439215183258057,1783607483.3932772
1100200,-3.92813777923584,1783607489.702585
1100300,-5.385706424713135,1783607495.8980124
1100400,-3.2750043869018555,1783607502.3175232
1100500,-4.267590522766113,1783607508.5034757
1100600,-5.506738662719727,1783607514.975923
1100700,-5.338977813720703,1783607521.1849391
1100800,-5.303613662719727,1783607527.4358613
1100900,-4.013524055480957,1783607533.721192
1101000,-4.632417678833008,1783607539.8634245
1101100,-4.806536674499512,1783607546.2029495
1101200,-6.392032146453857,1783607552.3116214
1101300,-5.013336181640625,1783607558.9665098
1101400,-3.8383984565734863,1783607565.085573
1101500,-5.438198089599609,1783607571.2627175
1101600,-4.944643020629883,1783607577.436651
1101700,-6.329866409301758,1783607583.528911
1101800,-2.949059009552002,1783607589.8238082
1101900,-6.989416122436523,1783607596.131767
1102000,-5.0715131759643555,1783607602.4162002
1102100,-5.557679176330566,1783607608.4537928
1102200,-2.366119384765625,1783607614.6951377
1102300,-3.2856571674346924,1783607620.9845889
1102400,-4.234818935394287,1783607627.1326444
1102500,-3.388833522796631,1783607633.3272114
1102600,-3.990816831588745,1783607639.1952684
1102700,-3.4435129165649414,1783607645.3967268
1102800,-3.1826398372650146,1783607651.6074705
1102900,-3.3385398387908936,1783607657.666714
1103000,-4.771876811981201,1783607663.6680996
1103100,-2.4768078327178955,1783607670.07419
1103200,-2.7079081535339355,1783607676.0554652
1103300,-4.369070053100586,1783607682.1775215
1103400,-4.202207565307617,1783607688.1956124
1103500,-4.5734333992004395,1783607694.4216878
1103600,-3.6668124198913574,1783607700.7758725
1103700,-5.177536964416504,1783607707.0072486
1103800,-3.645545721054077,1783607713.016667
1103900,-3.628974199295044,1783607719.35528
1104000,-4.900175094604492,1783607725.49479
1104100,-3.062643527984619,1783607731.6766346
1104200,-5.004122734069824,1783607737.9659536
1104300,-4.1344757080078125,1783607743.887562
1104400,-3.429143190383911,1783607750.1337295
1104500,-3.6584229469299316,1783607756.158223
1104600,-4.031057357788086,1783607762.4254322
1104700,-2.6647818088531494,1783607768.5712733
1104800,-3.8427371978759766,1783607774.8281035
1104900,-1.5693879127502441,1783607781.110512
1105000,-0.7506982088088989,1783607787.286101
1105100,-4.338303089141846,1783607793.626986
1105200,-4.030142784118652,1783607799.9625325
1105300,-6.124629974365234,1783607806.0953524
1105400,-3.80128812789917,1783607812.2903812
1105500,-3.1173431873321533,1783607818.4147193
1105600,-4.089433670043945,1783607824.614467
1105700,-2.433401584625244,1783607830.71016
1105800,-3.4991202354431152,1783607836.7659926
1105900,-5.428586483001709,1783607842.8803697
1106000,-3.786497116088867,1783607848.8572364
1106100,-2.770923137664795,1783607854.8240454
1106200,-5.385466575622559,1783607860.8808687
1106300,-2.653754234313965,1783607867.0580182
1106400,-4.690341949462891,1783607873.2772007
1106500,-3.9386281967163086,1783607879.5192301
1106600,-3.518810272216797,1783607885.6732519
1106700,-4.781476974487305,1783607891.9409595
1106800,-4.860243797302246,1783607897.928018
1106900,-4.160927772521973,1783607904.1186295
1107000,-3.7368245124816895,1783607910.0772738
1107100,-5.312770366668701,1783607916.2903528
1107200,-4.022697448730469,1783607922.6656127
1107300,-4.723398685455322,1783607929.0898664
1107400,-1.382303237915039,1783607935.2713673
1107500,-7.582322597503662,1783607941.2924335
1107600,-4.282326698303223,1783607947.4565842
1107700,-4.973788261413574,1783607953.6247642
1107800,-4.961664199829102,1783607959.8277988
1107900,-2.612356424331665,1783607966.0497346
1108000,-2.0055031776428223,1783607972.211986
1108100,-5.69879150390625,1783607978.322655
1108200,-4.080149173736572,1783607984.4445748
1108300,-4.998926162719727,1783607990.621633
1108400,-4.986172676086426,1783607996.724531
1108500,-2.3514490127563477,1783608003.0436633
1108600,-2.6103413105010986,1783608009.207698
1108700,-7.728315353393555,1783608015.3263872
1108800,-5.8656439781188965,1783608021.390847
1108900,-3.8691041469573975,1783608027.3758464
1109000,-2.710352897644043,1783608033.2477183
1109100,-4.288951396942139,1783608039.2189367
1109200,-3.579969882965088,1783608045.3048918
1109300,-3.991474151611328,1783608051.2954443
1109400,-3.1176769733428955,1783608057.4397647
1109500,-4.6677327156066895,1783608063.7453222
1109600,-6.272259712219238,1783608069.8839
1109700,-2.734895706176758,1783608076.0684478
1109800,-3.6404201984405518,1783608082.3357956
1109900,-4.8218231201171875,1783608088.5389984
1110000,-1.799321174621582,1783608094.6593628
1110100,-1.9619996547698975,1783608100.7224922
1110200,-5.614021301269531,1783608107.0688016
1110300,-3.6831398010253906,1783608113.1737325
1110400,-4.260682106018066,1783608119.385862
1110500,-6.027125358581543,1783608125.4290488
1110600,-4.714004993438721,1783608131.5492768
1110700,-7.327899932861328,1783608137.6932106
1110800,-6.154286861419678,1783608144.0040584
1110900,-4.775050640106201,1783608150.1349409
1111000,-3.2565929889678955,1783608156.3796716
1111100,-1.974588394165039,1783608162.4972274
1111200,-4.815662860870361,1783608168.5698283
1111300,-3.1328749656677246,1783608174.5926821
1111400,-4.406847953796387,1783608180.8541083
1111500,-4.113236904144287,1783608187.0069752
1111600,-2.605283737182617,1783608193.318246
1111700,-1.821463704109192,1783608199.61275
1111800,-2.423344135284424,1783608205.8846452
1111900,-2.996677875518799,1783608211.924653
1112000,-5.152951717376709,1783608218.2706106
1112100,-3.3392562866210938,1783608224.4101996
1112200,-3.3561291694641113,1783608230.8656175
1112300,-4.657917022705078,1783608237.122286
1112400,-4.321720123291016,1783608243.176154
1112500,-3.273418426513672,1783608249.369597
1112600,-3.34328031539917,1783608255.4085798
1112700,-7.578290939331055,1783608261.8447528
1112800,-4.843011856079102,1783608268.052371
1112900,-1.8512067794799805,1783608274.2765222
1113000,-4.69299840927124,1783608280.4746144
1113100,-4.4800825119018555,1783608286.5903802
1113200,-3.3068528175354004,1783608292.8038673
1113300,-4.393939971923828,1783608299.0790608
1113400,-2.747312545776367,1783608305.1733875
1113500,-3.009352207183838,1783608311.3650985
1113600,-3.7005953788757324,1783608317.534805
1113700,-3.7271180152893066,1783608323.5679004
1113800,-4.312331199645996,1783608329.9811847
1113900,-1.7012505531311035,1783608336.149926
1114000,-3.7823355197906494,1783608342.5729887
1114100,-5.318169593811035,1783608348.6075227
1114200,-3.4002223014831543,1783608354.9630222
1114300,-2.589555501937866,1783608361.329931
1114400,-6.94386625289917,1783608367.5502005
1114500,-1.0885443687438965,1783608373.7513924
1114600,-2.0940890312194824,1783608379.9668777
1114700,-2.412670135498047,1783608386.0794063
1114800,-4.18396520614624,1783608392.2746634
1114900,-5.430765151977539,1783608398.5534613
1115000,-4.711400032043457,1783608404.6037464
1115100,-4.28922176361084,1783608410.8143346
1115200,-3.085103988647461,1783608416.8455956
1115300,-3.37284517288208,1783608423.1522357
1115400,-4.750943183898926,1783608429.4758265
1115500,-4.286235809326172,1783608435.554304
1115600,-5.735465049743652,1783608441.7300882
1115700,-3.48734188079834,1783608447.7270777
1115800,-4.960842132568359,1783608454.112304
1115900,-3.6079840660095215,1783608460.2112522
1116000,-5.198128700256348,1783608466.3887362
1116100,-7.061311721801758,1783608472.671008
1116200,-5.0921173095703125,1783608478.7918785
1116300,-6.70268440246582,1783608485.097335
1116400,-4.6184844970703125,1783608491.4849746
1116500,-7.4286088943481445,1783608497.6644962
1116600,-5.683533191680908,1783608503.767921
1116700,-4.26361083984375,1783608510.0081975
1116800,-4.6215715408325195,1783608516.389664
1116900,-1.2938072681427002,1783608522.7217877
1117000,-2.9824562072753906,1783608528.921213
1117100,-3.7385785579681396,1783608534.9566207
1117200,-4.869906425476074,1783608541.3473725
1117300,-5.364603042602539,1783608547.6160405
1117400,-5.414262771606445,1783608553.734738
1117500,-2.8469412326812744,1783608559.9454546
1117600,-1.3249436616897583,1783608566.18371
1117700,-5.1909990310668945,1783608572.2477145
1117800,-5.103053569793701,1783608578.5314238
1117900,-3.9591305255889893,1783608584.8867886
1118000,-4.172956466674805,1783608591.187142
1118100,-3.2032923698425293,1783608597.4805012
1118200,-3.058832883834839,1783608603.4648013
1118300,-3.6065456867218018,1783608609.8087585
1118400,-3.973724603652954,1783608615.8171825
1118500,-3.656291961669922,1783608621.9486985
1118600,-4.724942207336426,1783608628.0122566
1118700,-1.8030474185943604,1783608634.0497615
1118800,-1.5536048412322998,1783608640.364156
1118900,-4.232893466949463,1783608646.9084558
1119000,0.5356351137161255,1783608653.0667644
1119100,-3.508511781692505,1783608659.3070788
1119200,-3.7469518184661865,1783608665.4932413
1119300,-1.7939562797546387,1783608671.4921334
1119400,-3.940540313720703,1783608677.6943722
1119500,-3.3212809562683105,1783608683.845471
1119600,-3.0919229984283447,1783608689.9781992
1119700,-2.939772605895996,1783608696.0750487
1119800,-4.549000263214111,1783608702.0868304
1119900,-4.441129684448242,1783608708.284911
1120000,-2.0352697372436523,1783608714.6734884
1120100,-5.229650497436523,1783608721.0518365
1120200,-3.7961478233337402,1783608727.5346715
1120300,-5.621562957763672,1783608733.7780375
1120400,-3.299126148223877,1783608739.9355967
1120500,-4.660660743713379,1783608746.0400054
1120600,-2.5613632202148438,1783608752.1127687
1120700,-2.18660306930542,1783608758.5440602
1120800,-4.088011741638184,1783608764.8092644
1120900,-4.509010314941406,1783608770.8027918
1121000,-3.506194591522217,1783608776.8659446
1121100,-5.0240044593811035,1783608783.0863233
1121200,-2.1855170726776123,1783608789.2320628
1121300,-2.1335337162017822,1783608795.3256798
1121400,-2.417469024658203,1783608801.6109061
1121500,-1.587778925895691,1783608807.76126
1121600,-3.448823928833008,1783608813.9934306
1121700,-3.657897710800171,1783608820.3183756
1121800,-5.313894748687744,1783608826.4942334
1121900,-3.8467068672180176,1783608832.592646
1122000,-4.5778727531433105,1783608838.6791832
1122100,-2.1440086364746094,1783608845.0246642
1122200,-3.4809610843658447,1783608851.057822
1122300,-2.23274564743042,1783608857.1787546
1122400,-1.6286934614181519,1783608863.4450867
1122500,-2.8343710899353027,1783608869.460355
1122600,-1.5830990076065063,1783608875.6273484
1122700,-4.359683036804199,1783608881.8143651
1122800,-4.517934799194336,1783608888.277309
1122900,-7.4220428466796875,1783608894.484634
1123000,-5.984865188598633,1783608900.680281
1123100,-4.3981242179870605,1783608906.8884306
1123200,-4.4358439445495605,1783608913.1509683
1123300,-4.832202911376953,1783608919.3109045
1123400,-3.471487522125244,1783608925.4170995
1123500,0.1917223334312439,1783608931.718852
1123600,-1.5415470600128174,1783608937.945934
1123700,-4.153416633605957,1783608944.1454835
1123800,-4.648472785949707,1783608950.2934182
1123900,-6.523427963256836,1783608956.59435
1124000,-4.75405216217041,1783608962.6762595
1124100,-6.194039344787598,1783608968.8912892
1124200,-8.561389923095703,1783608975.2833102
1124300,-4.994579792022705,1783608981.4731712
1124400,-2.9439001083374023,1783608987.7862463
1124500,-4.366139888763428,1783608994.075038
1124600,-5.438717365264893,1783609000.1681032
1124700,-4.7229390144348145,1783609006.1115665
1124800,-3.9144599437713623,1783609012.0295572
1124900,-5.552796363830566,1783609017.9968398
1125000,-3.2811460494995117,1783609024.2531972
1125100,-5.968693733215332,1783609180.4985173
1125200,-6.027915954589844,1783609186.7913632
1125300,-5.729189872741699,1783609192.8727677
1125400,-5.753993034362793,1783609199.0767944
1125500,-4.9797139167785645,1783609205.206607
1125600,-3.5795345306396484,1783609211.5815158
1125700,-4.391200065612793,1783609217.6613739
1125800,-3.2550344467163086,1783609223.6548724
1125900,-8.621339797973633,1783609229.8642757
1126000,-5.649069786071777,1783609236.1223278
1126100,-3.835681200027466,1783609242.2677264
1126200,-3.7479660511016846,1783609248.5200958
1126300,-3.390048027038574,1783609254.7197368
1126400,-3.7811641693115234,1783609260.9900343
1126500,-4.665838241577148,1783609267.241699
1126600,-5.085336685180664,1783609273.3399556
1126700,-4.195223808288574,1783609279.7715013
1126800,-4.741690635681152,1783609285.852304
1126900,-1.352588176727295,1783609292.054545
1127000,-4.422786712646484,1783609298.2009926
1127100,-3.669327974319458,1783609304.2544334
1127200,-5.495362281799316,1783609310.2386658
1127300,-2.4943771362304688,1783609316.2090168
1127400,-3.176602840423584,1783609322.3149025
1127500,-4.624997138977051,1783609328.3931832
1127600,-5.989559173583984,1783609334.4627998
1127700,-5.2464118003845215,1783609340.2717774
1127800,-5.7442216873168945,1783609346.7113147
1127900,-4.4220781326293945,1783609352.9062626
1128000,-5.377001762390137,1783609358.9771767
1128100,-3.9151437282562256,1783609365.1566992
1128200,-1.6357321739196777,1783609371.4755535
1128300,-3.9182515144348145,1783609377.7890477
1128400,-3.499584913253784,1783609383.8764725
1128500,-2.6305153369903564,1783609389.9244068
1128600,-3.9030416011810303,1783609396.0082517
1128700,-3.987663745880127,1783609402.2544622
1128800,-6.863234519958496,1783609408.5864487
1128900,-3.9547600746154785,1783609414.6220284
1129000,-1.7376728057861328,1783609420.7750456
1129100,-3.163212299346924,1783609427.0264657
1129200,-5.139743804931641,1783609433.1971307
1129300,-6.350052356719971,1783609439.5244007
1129400,-2.2426366806030273,1783609445.6599338
1129500,-5.308648109436035,1783609451.6226528
1129600,-5.359000205993652,1783609565.1017058
1129700,-5.475935459136963,1783609571.4072604
1129800,-4.45000696182251,1783609577.8908901
1129900,-2.779494285583496,1783609584.0641167
1130000,-2.688724994659424,1783609590.1095948
1130100,-2.139451026916504,1783609596.582959
1130200,-3.7838573455810547,1783609602.8558092
1130300,-3.8464102745056152,1783609608.9409506
1130400,-1.8697209358215332,1783609614.9939477
1130500,-4.013930320739746,1783609621.294041
1130600,-6.62506103515625,1783609627.4851003
1130700,-3.855520248413086,1783609633.5331316
1130800,-3.4953861236572266,1783609639.9593475
1130900,-2.9534192085266113,1783609646.2012413
1131000,-5.293423652648926,1783609652.5889633
1131100,-5.244630813598633,1783609658.7111433
1131200,-4.159653663635254,1783609665.0166621
1131300,-6.087192535400391,1783609671.32523
1131400,-4.839291095733643,1783609677.4536204
1131500,-4.058244705200195,1783609683.6536703
1131600,-3.932025909423828,1783609689.9637117
1131700,-6.4902143478393555,1783609696.0935721
1131800,-4.094027519226074,1783609702.2736666
1131900,-2.57824444770813,1783609708.4353251
1132000,-3.517503499984741,1783609714.556501
1132100,-4.600675582885742,1783609720.6371984
1132200,-4.620999336242676,1783609726.86769
1132300,-6.416550636291504,1783609733.007659
1132400,-6.637485504150391,1783609739.022234
1132500,-4.081313133239746,1783609745.104699
1132600,-5.348671913146973,1783609751.3836255
1132700,-5.450145721435547,1783609757.4852612
1132800,-6.275827407836914,1783609763.5398054
1132900,-7.154333591461182,1783609769.7361162
1133000,-5.559024810791016,1783609775.9538145
1133100,-4.376623153686523,1783609782.0771244
1133200,-4.402469635009766,1783609788.336097
1133300,-7.2952423095703125,1783609794.5273805
1133400,-3.8360157012939453,1783609800.595955
1133500,-4.0218658447265625,1783609806.5638828
1133600,-5.119537353515625,1783609812.700495
1133700,-3.1385746002197266,1783609818.6760025
1133800,-5.202326774597168,1783609824.7953105
1133900,-4.62155818939209,1783609830.90333
1134000,-5.514808654785156,1783609837.1317186
1134100,-5.412062168121338,1783609843.257441
1134200,-6.308102607727051,1783609849.4861627
1134300,-4.443918228149414,1783609855.9011152
1134400,-6.84696626663208,1783609861.928122
1134500,-6.513184547424316,1783609868.2116892
1134600,-7.286577224731445,1783609874.351895
1134700,-1.9763522148132324,1783609880.4351408
1134800,-3.008492946624756,1783609886.8181927
1134900,-2.8759689331054688,1783609892.850861
1135000,-4.3250603675842285,1783609899.2403824
1135100,-6.052895545959473,1783609905.8668745
1135200,-3.8701164722442627,1783609912.0832853
1135300,-2.4114091396331787,1783609918.311524
1135400,-4.211671352386475,1783609924.5170424
1135500,-4.862884521484375,1783609930.8205578
1135600,-5.0584797859191895,1783609936.867902
1135700,-3.58868145942688,1783609943.2048767
1135800,-4.647271156311035,1783609949.3881128
1135900,-5.3277740478515625,1783609955.7507966
1136000,-6.2782135009765625,1783609962.0643103
1136100,-5.476302146911621,1783609968.5018873
1136200,-3.8689141273498535,1783609974.6918554
1136300,-4.980623245239258,1783609981.0448265
1136400,-5.20982551574707,1783609987.1412833
1136500,-4.035219192504883,1783609993.2699368
1136600,-4.060945987701416,1783610000.018753
1136700,-6.328671455383301,1783610006.1452513
1136800,-6.642038345336914,1783610012.1122856
1136900,-8.247596740722656,1783610018.153933
1137000,-6.710834980010986,1783610024.3777745
1137100,-1.8852099180221558,1783610030.6684053
1137200,-3.5788509845733643,1783610036.7077653
1137300,-4.761397838592529,1783610043.0029342
1137400,-2.52689790725708,1783610049.2297676
1137500,-5.283347129821777,1783610055.3181536
1137600,-1.9330670833587646,1783610061.403146
1137700,-4.126526832580566,1783610067.6643524
1137800,-6.023943901062012,1783610073.716984
1137900,-2.901858329772949,1783610079.8173335
1138000,-4.028013706207275,1783610085.9709003
1138100,-2.415588617324829,1783610092.3599832
1138200,-3.630573272705078,1783610098.4176404
1138300,-3.629908800125122,1783610104.6190858
1138400,-3.090357780456543,1783610110.827619
1138500,-4.592913627624512,1783610117.0098915
1138600,-4.55462646484375,1783610123.2415123
1138700,-1.9021861553192139,1783610129.4947484
1138800,-5.320108413696289,1783610135.4931734
1138900,-4.080661296844482,1783610141.6521187
1139000,-6.248001575469971,1783610147.7764184
1139100,-6.238526821136475,1783610154.005852
1139200,-4.248271465301514,1783610160.011202
1139300,-4.44104528427124,1783610166.090901
1139400,-6.418622970581055,1783610172.0762222
1139500,-4.44581413269043,1783610178.2919917
1139600,-4.607135772705078,1783610184.2745621
1139700,-4.654111385345459,1783610190.3271446
1139800,-5.678396701812744,1783610196.5225215
1139900,-6.334177017211914,1783610202.611565
1140000,-4.419502258300781,1783610209.072768
1140100,-1.6868358850479126,1783610215.0761366
1140200,-5.034294605255127,1783610221.2109785
1140300,-5.564059257507324,1783610227.2343514
1140400,-4.393104553222656,1783610233.650892
1140500,-4.55306339263916,1783610239.822395
1140600,-6.542542457580566,1783610245.8431106
1140700,-5.411509037017822,1783610251.9519064
1140800,-4.401590347290039,1783610258.088099
1140900,-2.697619676589966,1783610264.5368347
1141000,-3.945305824279785,1783610270.7308483
1141100,-5.484630584716797,1783610276.7330925
1141200,-6.628562927246094,1783610282.6608615
1141300,-6.720212936401367,1783610288.7457945
1141400,-5.048154830932617,1783610294.7933187
1141500,-5.521973609924316,1783610300.8914845
1141600,-5.067114353179932,1783610307.123501
1141700,-6.943285942077637,1783610313.2247226
1141800,-5.578644275665283,1783610319.4129467
1141900,-3.4045753479003906,1783610325.7509937
1142000,-6.179843902587891,1783610332.0774362
1142100,-6.6727495193481445,1783610338.3084776
1142200,-5.271151542663574,1783610344.4061668
1142300,-3.8751981258392334,1783610350.6672177
1142400,-4.621121406555176,1783610356.7332397
1142500,-3.1048583984375,1783610362.8847036
1142600,-2.406827688217163,1783610368.9750097
1142700,-2.0026798248291016,1783610375.1459749
1142800,-0.2758878469467163,1783610381.5545433
1142900,-4.665120601654053,1783610387.6236506
1143000,-4.910403728485107,1783610393.6588745
1143100,-1.808412790298462,1783610399.723561
1143200,-3.551535129547119,1783610405.717362
1143300,-4.5264573097229,1783610411.8368886
1143400,-3.4058120250701904,1783610418.0922265
1143500,-3.9336698055267334,1783610424.3606546
1143600,-3.591376304626465,1783610430.5204718
1143700,-3.7813515663146973,1783610436.8286283
1143800,-3.005722999572754,1783610443.119206
1143900,-5.6345624923706055,1783610449.2713747
1144000,-2.953528642654419,1783610455.3808393
1144100,-4.744447231292725,1783610461.42272
1144200,-5.0301408767700195,1783610467.6934953
1144300,-5.298117637634277,1783610473.7378051
1144400,-4.2417731285095215,1783610480.1378772
1144500,-2.9376397132873535,1783610486.2954388
1144600,-5.410828590393066,1783610492.4862406
1144700,-3.6831650733947754,1783610498.609131
1144800,-7.634311199188232,1783610504.7840254
1144900,-7.782229423522949,1783610510.691847
1145000,-5.957650661468506,1783610516.8784368
1145100,-5.445544242858887,1783610523.1793303
1145200,-5.443319320678711,1783610529.2894945
1145300,-6.337170124053955,1783610535.5695274
1145400,-8.833389282226562,1783610541.7957387
1145500,-7.033014297485352,1783610547.8835125
1145600,-4.926959037780762,1783610554.0530427
1145700,-6.562715530395508,1783610560.2557716
1145800,-4.092250347137451,1783610566.3777013
1145900,-5.421583652496338,1783610572.6073742
1146000,-7.768834114074707,1783610578.7409327
1146100,-5.567276954650879,1783610584.7858315
1146200,-4.426466941833496,1783610591.0480967
1146300,-6.307772636413574,1783610597.1370208
1146400,-5.8673553466796875,1783610603.2714841
1146500,-7.02995491027832,1783610609.377024
1146600,-4.464217185974121,1783610615.5603437
1146700,-7.859936237335205,1783610621.7576232
1146800,-7.717720031738281,1783610627.9052212
1146900,-4.710310935974121,1783610634.0689514
1147000,-5.907668113708496,1783610640.4140556
1147100,-5.461081504821777,1783610646.7533736
1147200,-5.160634994506836,1783610653.1455731
1147300,-5.444580078125,1783610659.1363285
1147400,-7.341814041137695,1783610665.6014645
1147500,-5.306890487670898,1783610671.8249657
1147600,-6.156975746154785,1783610678.0581245
1147700,-6.570518493652344,1783610684.1560102
1147800,-5.39296817779541,1783610690.2272391
1147900,-2.2107603549957275,1783610696.6175637
1148000,-4.991696357727051,1783610702.705235
1148100,-5.956517219543457,1783610708.626684
1148200,-3.4342823028564453,1783610714.8148239
1148300,-3.3877034187316895,1783610721.0974214
1148400,-4.635356426239014,1783610727.138263
1148500,-2.265692710876465,1783610733.1067123
1148600,-4.993475914001465,1783610739.2952323
1148700,-3.6417479515075684,1783610745.5100973
1148800,-4.323336601257324,1783610752.032014
1148900,-3.9427149295806885,1783610758.0098624
1149000,-6.609331130981445,1783610764.0827565
1149100,-5.116972923278809,1783610770.3364515
1149200,-6.706473350524902,1783610776.7865984
1149300,-7.684274673461914,1783610783.1427174
1149400,-6.329214096069336,1783610789.3389168
1149500,-5.876601219177246,1783610795.8382993
1149600,-6.11177396774292,1783610802.1755996
1149700,-6.294028282165527,1783610808.106312
1149800,-6.041554927825928,1783610814.365938
1149900,-6.648138046264648,1783610820.5121448
1150000,-5.050421714782715,1783940795.9599347
