step,value,wall_time
1000,0.9191141724586487,1782734197.34283
1100,0.008983535692095757,1782734203.0674307
1200,0.007630897685885429,1782734208.838679
1300,0.006708164699375629,1782734214.6021063
1400,0.0038147277664393187,1782734220.433237
1500,0.006848955061286688,1782734226.116522
1600,0.006926071830093861,1782734231.8079314
1700,0.012850657105445862,1782734237.430364
1800,0.0073872823268175125,1782734243.2026954
1900,0.004833574872463942,1782734248.8777726
2000,0.006449833512306213,1782734254.514973
2100,0.006617279257625341,1782734260.283888
2200,0.9399389028549194,1782734266.1621754
2300,0.2445662021636963,1782734271.8128138
2400,0.017040472477674484,1782734277.4050007
2500,0.1878172606229782,1782734283.3036456
2600,0.010462173260748386,1782734288.8299654
2700,0.010235580615699291,1782734294.6860628
2800,0.032594505697488785,1782734300.4249313
2900,0.014736115001142025,1782734306.072064
3000,0.017299991101026535,1782734311.8007028
3100,0.009973548352718353,1782734317.609456
3200,0.012389145791530609,1782734323.6528912
3300,0.015535826794803143,1782734329.3266535
3400,0.020336460322141647,1782734334.9393725
3500,1.748789668083191,1782734340.6625314
3600,1.0995919704437256,1782734347.0756714
3700,0.09841009974479675,1782734352.8984933
3800,0.2777256369590759,1782734358.6066244
3900,0.028833262622356415,1782734364.274645
4000,0.051058314740657806,1782734370.1706269
4100,0.023143555968999863,1782734375.8611324
4200,0.016322068870067596,1782734381.5483735
4300,0.03885214030742645,1782734387.5429456
4400,0.007125475909560919,1782734393.5186276
4500,0.01217697374522686,1782734399.7412608
4600,0.07050974667072296,1782734406.1226213
4700,0.0059226276353001595,1782734412.387991
4800,0.0654745101928711,1782734418.9906566
4900,0.022208675742149353,1782734425.4580324
5000,0.015428958460688591,1782734431.8722637
5100,0.016796067357063293,1782734438.3688438
5200,0.12677860260009766,1782734444.95382
5300,0.06318743526935577,1782734451.4201906
5400,0.020232055336236954,1782734458.2870634
5500,0.07817481458187103,1782734464.8261838
5600,0.014715582132339478,1782734471.4312775
5700,0.06706105172634125,1782734478.0727563
5800,0.016116151586174965,1782734484.394671
5900,0.04364754259586334,1782734491.0349114
6000,0.049739688634872437,1782734497.4994686
6100,0.040589720010757446,1782734504.282415
6200,0.239339679479599,1782734510.8460495
6300,0.01844743825495243,1782734517.3579175
6400,0.0505552776157856,1782734524.051112
6500,0.05284666270017624,1782734530.4216025
6600,0.6170286536216736,1782734536.9244127
6700,0.19670966267585754,1782734543.3440824
6800,0.1789352297782898,1782734550.1094537
6900,0.2915331721305847,1782734556.6811965
7000,0.5203089118003845,1782734563.168613
7100,0.0911976769566536,1782734569.6628718
7200,0.02525659278035164,1782734576.1571872
7300,0.06633251905441284,1782734582.5209894
7400,0.10029686242341995,1782734589.0666478
7500,0.05460932105779648,1782734595.4431007
7600,0.03398308902978897,1782734601.8128932
7700,0.07101093977689743,1782734607.9834454
7800,0.04381147027015686,1782734613.9503264
7900,0.04571906477212906,1782734620.3066194
8000,0.13593436777591705,1782734626.9256692
8100,0.6262646317481995,1782734633.7512043
8200,0.06390073895454407,1782734639.74009
8300,0.09723622351884842,1782734645.819037
8400,0.08740168809890747,1782734651.4751713
8500,0.4579692482948303,1782734657.3251402
8600,1.3991303443908691,1782734663.2981308
8700,0.37795311212539673,1782734669.515513
8800,0.04776735603809357,1782734675.9361467
8900,0.06212235987186432,1782734682.4296768
9000,0.08741751313209534,1782734688.8562486
9100,0.04921354353427887,1782734695.3134859
9200,0.04336950555443764,1782734701.9071982
9300,0.20220263302326202,1782734707.7716506
9400,0.03266654163599014,1782734713.718462
9500,0.06261830031871796,1782734719.7097905
9600,0.038803741335868835,1782734726.2677464
9700,0.04745543748140335,1782734732.8165627
9800,0.16044725477695465,1782734739.0237813
9900,0.31076347827911377,1782734745.2673588
10000,0.10831867903470993,1782734751.5619633
10100,0.025094952434301376,1782734757.6735728
10200,0.021660786122083664,1782734764.2702627
10300,1.015702724456787,1782734770.3056974
10400,0.03184743598103523,1782734776.7335925
10500,0.08269234001636505,1782734783.5059557
10600,0.028920277953147888,1782734789.8474388
10700,0.05036718025803566,1782734796.177464
10800,0.12322063744068146,1782734802.6873388
10900,0.023486264050006866,1782734809.2436745
11000,0.046035729348659515,1782734815.7690496
11100,0.1970234215259552,1782734822.0852153
11200,0.12608981132507324,1782734827.9688742
11300,0.0637943372130394,1782734834.2291088
11400,0.14039574563503265,1782734840.706004
11500,0.2646685242652893,1782734847.050969
11600,0.8765231370925903,1782734853.5258005
11700,0.07249274849891663,1782734859.8457825
11800,0.14687922596931458,1782734866.0378146
11900,0.05304631218314171,1782734872.6581533
12000,0.12608297169208527,1782734879.1017935
12100,0.048705168068408966,1782734885.4673986
12200,0.17190340161323547,1782734892.0831661
12300,0.13377340137958527,1782734898.5847433
12400,0.06507568061351776,1782734905.0589135
12500,0.05112462490797043,1782734911.6478598
12600,0.05933783948421478,1782734918.202529
12700,0.02969817817211151,1782734924.1656854
12800,0.09673252701759338,1782734930.7532728
12900,0.039901770651340485,1782734937.279829
13000,0.05318860337138176,1782734943.807495
13100,2.7160234451293945,1782734950.4392369
13200,0.05845826491713524,1782734956.7135198
13300,0.0660400390625,1782734963.255783
13400,0.0330064631998539,1782734969.763997
13500,0.02661030925810337,1782734976.2878535
13600,0.03826174885034561,1782734982.8354337
13700,0.06923037767410278,1782734989.5032017
13800,0.0568099170923233,1782734995.670579
13900,0.03727502003312111,1782735001.7031415
14000,0.21937939524650574,1782735008.1285067
14100,0.20098784565925598,1782735014.6609678
14200,0.06492248177528381,1782735021.130018
14300,0.03283465653657913,1782735027.6840239
14400,0.04526839777827263,1782735033.9757173
14500,0.07859363406896591,1782735040.9233935
14600,0.03968049958348274,1782735047.4279594
14700,0.018964752554893494,1782735054.0186272
14800,0.06028255075216293,1782735060.543076
14900,0.04476269334554672,1782735066.9485295
15000,0.08416246622800827,1782735073.316947
15100,0.10413669049739838,1782735079.993393
15200,1.1032800674438477,1782735086.4375827
15300,0.1373652070760727,1782735093.0847237
15400,1.3121225833892822,1782735099.5253944
15500,1.2526910305023193,1782735106.0449326
15600,0.12161047011613846,1782735112.6815507
15700,0.11876414716243744,1782735119.0584025
15800,1.4654616117477417,1782735125.586847
15900,0.04092295467853546,1782735131.9233193
16000,0.24739104509353638,1782735138.7928104
16100,0.11117678880691528,1782735145.2533135
16200,0.10296083986759186,1782735151.811692
16300,0.08403453230857849,1782735158.2845123
16400,0.0712742954492569,1782735164.8586564
16500,0.04201365262269974,1782735171.417512
16600,0.032777898013591766,1782735178.111176
16700,0.06763819605112076,1782735184.5495708
16800,0.0904112234711647,1782735190.7905354
16900,0.048923902213573456,1782735197.044876
17000,0.6018911004066467,1782735203.5708494
17100,0.03926832228899002,1782735209.9815915
17200,0.05845243111252785,1782735216.6048734
17300,0.703937292098999,1782735222.8091724
17400,0.046416960656642914,1782735229.4974284
17500,0.3176867961883545,1782735236.094172
17600,0.07713581621646881,1782735242.6264107
17700,0.057209718972444534,1782735249.0763323
17800,0.02947205677628517,1782735255.4860134
17900,0.023983994498848915,1782735261.9207413
18000,0.10428770631551743,1782735268.7508762
18100,0.0685388445854187,1782735275.6272707
18200,0.1329375058412552,1782735282.2183042
18300,0.04943766072392464,1782735288.7572422
18400,0.08418737351894379,1782735295.1037018
18500,0.055354949086904526,1782735301.2489524
18600,0.7452619075775146,1782735307.7099931
18700,0.136786088347435,1782735314.0877137
18800,0.14639084041118622,1782735320.8175738
18900,0.1479511559009552,1782735327.4907346
19000,0.05166049301624298,1782735333.7748902
19100,0.08876754343509674,1782735340.0179312
19200,0.18393124639987946,1782735346.6524215
19300,0.04895460605621338,1782735353.3009527
19400,0.23015126585960388,1782735359.8839743
19500,0.058240313082933426,1782735366.4561114
19600,0.07106318324804306,1782735372.9775066
19700,0.04564065486192703,1782735379.4226038
19800,0.0580960214138031,1782735386.0212438
19900,0.1574639230966568,1782735392.650252
20000,0.19740667939186096,1782735399.244219
20100,0.0556776262819767,1782735405.978224
20200,0.07151714712381363,1782735412.6839075
20300,0.17748185992240906,1782735419.35603
20400,0.1250094622373581,1782735425.6949902
20500,0.04979651793837547,1782735431.758343
20600,0.15907135605812073,1782735437.7771327
20700,0.09908777475357056,1782735444.522438
20800,0.06931286305189133,1782735451.0528505
20900,0.0995095819234848,1782735457.634578
21000,0.1030358374118805,1782735464.1264594
21100,0.06761351227760315,1782735470.3520124
21200,0.15726351737976074,1782735476.50844
21300,0.053816184401512146,1782735482.3928394
21400,0.19529056549072266,1782735488.3105118
21500,0.03836556896567345,1782735494.4395769
21600,0.040446072816848755,1782735500.462877
21700,0.10449907183647156,1782735506.5017421
21800,0.4313618838787079,1782735512.5529597
21900,0.08829694986343384,1782735518.9233143
22000,0.33272290229797363,1782735525.5083234
22100,0.04382304847240448,1782735531.8030708
22200,0.11824139952659607,1782735538.238153
22300,0.05630425363779068,1782735544.7790523
22400,0.029338151216506958,1782735551.3036084
22500,0.16908715665340424,1782735557.5298514
22600,0.08345000445842743,1782735563.810843
22700,0.17936986684799194,1782735570.1081624
22800,0.06299209594726562,1782735576.6826556
22900,0.1691877841949463,1782735583.301465
23000,0.08175504207611084,1782735590.0573633
23100,0.042077936232089996,1782735596.5361133
23200,0.13300800323486328,1782735603.2075124
23300,0.03725259751081467,1782735609.2734478
23400,0.03675294667482376,1782735615.1284795
23500,0.05115625262260437,1782735620.7133365
23600,0.10549121350049973,1782735626.3304942
23700,0.042405590415000916,1782735631.9273648
23800,0.1796293556690216,1782735637.71602
23900,0.08142679929733276,1782735643.6204565
24000,0.0937541276216507,1782735649.2771428
24100,0.05823282524943352,1782735655.1507215
24200,0.06486625969409943,1782735661.1171288
24300,0.12165343761444092,1782735666.938109
24400,0.06388687342405319,1782735672.6839888
24500,0.06117384880781174,1782735678.4848363
24600,0.25571709871292114,1782735684.2568843
24700,0.12898609042167664,1782735690.2067356
24800,0.34983208775520325,1782735695.9918513
24900,0.0913313627243042,1782735701.909922
25000,0.20288169384002686,1782735707.7956758
25100,0.04823446273803711,1782735907.7086048
25200,0.10293062031269073,1782735913.6898243
25300,0.34888216853141785,1782735919.717871
25400,0.45589345693588257,1782735925.8095543
25500,0.6212387681007385,1782735932.0943353
25600,2.5419118404388428,1782735937.9816751
25700,0.27676159143447876,1782735944.1701484
25800,0.061374079436063766,1782735950.3040948
25900,0.06100597605109215,1782735956.2487414
26000,0.03994591534137726,1782735962.409987
26100,0.1320122480392456,1782735968.2772756
26200,0.048397913575172424,1782735974.5793698
26300,0.06400823593139648,1782735980.6410089
26400,0.05248711630702019,1782735986.9729505
26500,0.03665105253458023,1782735992.9336271
26600,0.04539654776453972,1782735999.1708264
26700,0.06706364452838898,1782736005.3936422
26800,0.10504142194986343,1782736011.6760736
26900,0.04530251771211624,1782736017.841739
27000,0.09307172894477844,1782736024.1157548
27100,0.0802600234746933,1782736030.2501929
27200,0.04991922900080681,1782736036.5223699
27300,0.053664181381464005,1782736042.814239
27400,0.07533451914787292,1782736048.9540544
27500,0.04896771162748337,1782736055.1411896
27600,0.04860988259315491,1782736061.2164938
27700,0.295077919960022,1782736067.6567607
27800,0.06381979584693909,1782736073.757819
27900,0.07346011698246002,1782736080.0393667
28000,0.032884784042835236,1782736086.285307
28100,0.057917285710573196,1782736092.356312
28200,0.1056298315525055,1782736098.5948641
28300,0.07766646891832352,1782736104.8130946
28400,0.20326021313667297,1782736110.7559047
28500,0.206077441573143,1782736116.831569
28600,0.0442129522562027,1782736122.8445644
28700,0.051784854382276535,1782736128.8430574
28800,0.05806493014097214,1782736134.9535663
28900,0.18850788474082947,1782736141.2890365
29000,0.1354229748249054,1782736147.1089194
29100,0.2537109851837158,1782736152.7766593
29200,0.17662596702575684,1782736158.5120192
29300,0.15250740945339203,1782736164.408046
29400,0.13378837704658508,1782736170.060095
29500,0.18931223452091217,1782736175.7991557
29600,0.572963535785675,1782736181.4966414
29700,0.385938823223114,1782736187.1103544
29800,0.11089181900024414,1782736192.854107
29900,0.06172235310077667,1782736198.8103647
30000,0.09619216620922089,1782736204.5565424
30100,0.21660569310188293,1782736210.636699
30200,0.1951828896999359,1782736216.5612404
30300,0.16638487577438354,1782736222.2561922
30400,0.18744562566280365,1782736227.8207963
30500,0.3565458059310913,1782736233.5198941
30600,0.04980607330799103,1782736239.4633725
30700,0.09468366950750351,1782736245.185485
30800,0.06721228361129761,1782736250.9186091
30900,0.210455060005188,1782736256.821454
31000,0.09698949754238129,1782736262.583775
31100,1.1224865913391113,1782736268.3245234
31200,0.06177574768662453,1782736273.886372
31300,0.10594010353088379,1782736279.3506758
31400,0.04843490943312645,1782736285.1830537
31500,0.0940467044711113,1782736290.8995078
31600,0.07368388026952744,1782736296.7623656
31700,0.5099814534187317,1782736302.5636284
31800,0.06236827000975609,1782736308.360142
31900,0.2521399259567261,1782736314.0521688
32000,0.21733470261096954,1782736319.8210273
32100,0.7607290744781494,1782736325.8064134
32200,0.10558301955461502,1782736331.4475098
32300,0.5632206797599792,1782736337.3639424
32400,0.10836020112037659,1782736342.9949825
32500,0.06700363755226135,1782736348.6014507
32600,0.16517090797424316,1782736354.536321
32700,0.06319010257720947,1782736360.3626487
32800,0.07074520736932755,1782736365.9189665
32900,0.04633118957281113,1782736371.9420967
33000,0.21928784251213074,1782736377.5091639
33100,0.07282474637031555,1782736383.1755195
33200,0.04549244046211243,1782736388.8996553
33300,0.2896602749824524,1782736394.527211
33400,0.11082692444324493,1782736400.2006044
33500,0.0440252386033535,1782736405.7074618
33600,0.37383148074150085,1782736411.230932
33700,0.13362209498882294,1782736417.0130148
33800,0.10567314177751541,1782736422.737901
33900,0.08171071112155914,1782736428.3489072
34000,0.06696359068155289,1782736434.2515259
34100,0.11024713516235352,1782736439.9009762
34200,0.0838538408279419,1782736445.6018426
34300,1.3231923580169678,1782736451.292796
34400,0.059901703149080276,1782736456.9203568
34500,0.12481944262981415,1782736462.837027
34600,0.28701072931289673,1782736468.432658
34700,0.11796309053897858,1782736474.1094947
34800,0.19862721860408783,1782736479.6841307
34900,0.05201684683561325,1782736485.44336
35000,0.4053831994533539,1782736491.5237696
35100,0.06176076829433441,1782736497.2933414
35200,0.06038067489862442,1782736502.8074253
35300,0.03815745934844017,1782736508.4961019
35400,0.09098824113607407,1782736514.099342
35500,0.06402446329593658,1782736519.6170893
35600,0.38384681940078735,1782736525.2153757
35700,0.05352592095732689,1782736530.965872
35800,0.10706739127635956,1782736536.6996427
35900,0.066379114985466,1782736542.3776278
36000,0.34663280844688416,1782736548.116641
36100,0.03376159816980362,1782736553.8377595
36200,0.054387472569942474,1782736559.5365183
36300,0.04757291078567505,1782736565.228341
36400,0.10317439585924149,1782736571.1030772
36500,0.062136296182870865,1782736576.7268114
36600,0.0979597270488739,1782736582.456437
36700,0.13392029702663422,1782736588.167177
36800,0.3906441032886505,1782736594.1351297
36900,0.0810355395078659,1782736599.6303282
37000,1.9403035640716553,1782736605.5555923
37100,0.05962235480546951,1782736611.2583618
37200,0.1099105179309845,1782736616.9827507
37300,0.12113834917545319,1782736622.8978908
37400,0.07920345664024353,1782736628.6520069
37500,0.14028725028038025,1782736634.6256163
37600,0.08094827830791473,1782736640.2511268
37700,0.03050939366221428,1782736646.0868108
37800,0.14274129271507263,1782736651.9747605
37900,0.06349076330661774,1782736657.8029015
38000,0.05821705609560013,1782736663.3260236
38100,0.06139654666185379,1782736668.8440807
38200,0.0892818421125412,1782736674.6599731
38300,0.059546880424022675,1782736680.4949567
38400,0.06038486212491989,1782736686.1969616
38500,0.08234862238168716,1782736692.1386132
38600,0.10054911673069,1782736697.7836525
38700,0.07331836223602295,1782736703.5710144
38800,0.09191388636827469,1782736709.341711
38900,0.1970517933368683,1782736715.0264344
39000,0.2551216781139374,1782736721.0850916
39100,0.057906270027160645,1782736726.8067808
39200,0.06487123668193817,1782736732.5334575
39300,0.08017869293689728,1782736738.342536
39400,0.05802382528781891,1782736743.9615004
39500,0.07778334617614746,1782736749.5158222
39600,0.059631820768117905,1782736755.3576956
39700,0.1878892481327057,1782736760.8980744
39800,0.11441048979759216,1782736766.6488953
39900,0.12210647016763687,1782736772.260366
40000,0.09353688359260559,1782736777.8940892
40100,0.25410276651382446,1782736783.598749
40200,0.09090187400579453,1782736789.3836024
40300,0.05794254317879677,1782736794.9893668
40400,0.151930570602417,1782736800.6981468
40500,0.27980154752731323,1782736806.3841293
40600,0.13129249215126038,1782736811.854464
40700,0.10205695033073425,1782736817.5347848
40800,0.11509175598621368,1782736823.097812
40900,0.1874367743730545,1782736829.029304
41000,0.04108928143978119,1782736834.7577605
41100,0.14156490564346313,1782736840.4184062
41200,0.08331561833620071,1782736846.0833156
41300,2.5898146629333496,1782736851.5422742
41400,0.18352818489074707,1782736857.2481053
41500,1.5290008783340454,1782736862.8230727
41600,0.27292299270629883,1782736868.54273
41700,0.45396146178245544,1782736874.126331
41800,0.06350357085466385,1782736879.6919856
41900,0.5249086618423462,1782736885.3529172
42000,0.36329326033592224,1782736891.1892803
42100,0.3817809820175171,1782736896.9177692
42200,0.3406873941421509,1782736902.5396168
42300,0.1578313410282135,1782736908.1353924
42400,0.2862374186515808,1782736913.708287
42500,0.8270827531814575,1782736919.550723
42600,0.39199012517929077,1782736925.1629524
42700,0.2707287669181824,1782736930.7858481
42800,0.2648467421531677,1782736936.5912588
42900,0.2168651521205902,1782736942.3838727
43000,0.144973024725914,1782736948.0936782
43100,0.09939989447593689,1782736953.975363
43200,1.5691548585891724,1782736959.6613255
43300,0.2427208423614502,1782736965.347881
43400,0.3102149963378906,1782736971.3075533
43500,0.31332820653915405,1782736976.9842875
43600,0.14986613392829895,1782736982.798399
43700,0.08375617861747742,1782736988.5896316
43800,1.000885009765625,1782736994.2058065
43900,0.07898437976837158,1782736999.8501816
44000,0.08062230795621872,1782737005.4326878
44100,0.11170699447393417,1782737011.0547256
44200,0.08703725039958954,1782737016.7991915
44300,0.21009784936904907,1782737022.4929402
44400,0.5144851803779602,1782737028.2659214
44500,0.08045002818107605,1782737034.3527746
44600,0.6587110757827759,1782737039.9791174
44700,0.1335209608078003,1782737045.8277614
44800,0.3141895532608032,1782737051.4429042
44900,0.1970885843038559,1782737057.075207
45000,0.22644159197807312,1782737062.6880977
45100,0.10621920973062515,1782737068.9135976
45200,0.12951265275478363,1782737074.5979664
45300,0.06319241225719452,1782737080.416449
45400,0.17883986234664917,1782737086.2719252
45500,0.1217057853937149,1782737091.9481013
45600,0.21095803380012512,1782737097.4714923
45700,0.16101369261741638,1782737103.1541426
45800,2.987393617630005,1782737108.925716
45900,0.09294967353343964,1782737114.6407387
46000,0.19797907769680023,1782737120.3853788
46100,0.13007637858390808,1782737126.0061774
46200,0.10016515851020813,1782737131.7766564
46300,0.13683690130710602,1782737137.5876553
46400,0.10041089355945587,1782737143.2702062
46500,0.07308298349380493,1782737149.1055343
46600,0.1335744857788086,1782737154.9205923
46700,0.08456697314977646,1782737160.7892964
46800,0.07203458249568939,1782737166.5658731
46900,0.18146730959415436,1782737172.2761135
47000,0.08369418233633041,1782737178.0032203
47100,1.6151827573776245,1782737183.7287674
47200,0.15877720713615417,1782737189.5391152
47300,0.09812736511230469,1782737195.1767087
47400,0.12070338428020477,1782737201.2271414
47500,0.13889549672603607,1782737206.8767478
47600,0.05375916138291359,1782737212.450182
47700,0.06960458308458328,1782737218.3854873
47800,0.10929044336080551,1782737223.9885366
47900,0.0875796526670456,1782737229.6542456
48000,0.10760969668626785,1782737235.479159
48100,0.06412769109010696,1782737241.2839177
48200,0.07165135443210602,1782737247.096163
48300,0.07523934543132782,1782737252.9781342
48400,0.2738383412361145,1782737258.7612684
48500,0.5219012498855591,1782737264.5607445
48600,0.080426424741745,1782737270.1982636
48700,0.20442622900009155,1782737275.9663465
48800,0.6886703372001648,1782737281.7699208
48900,0.8297476768493652,1782737287.751377
49000,0.29435527324676514,1782737293.5015147
49100,0.9644650220870972,1782737299.2163997
49200,0.22514893114566803,1782737305.151741
49300,0.7176854014396667,1782737310.7989209
49400,0.0946211889386177,1782737316.5723162
49500,0.18879364430904388,1782737322.4558964
49600,0.096468985080719,1782737328.3158734
49700,0.08163200318813324,1782737334.0206966
49800,0.09916079789400101,1782737339.833488
49900,0.21112576127052307,1782737345.762552
50000,0.06334512680768967,1782737351.6678786
50100,0.30601996183395386,1782737537.7810693
50200,0.11051654815673828,1782737543.6192353
50300,0.10058152675628662,1782737549.451521
50400,0.07901005446910858,1782737554.971314
50500,0.2105189859867096,1782737560.6053998
50600,0.26290854811668396,1782737566.543969
50700,0.13948479294776917,1782737572.1569595
50800,0.22506894171237946,1782737578.058418
50900,0.07075947523117065,1782737583.770884
51000,0.06073448061943054,1782737589.5679083
51100,0.1999179571866989,1782737595.2708638
51200,0.06945750117301941,1782737601.226755
51300,0.23521549999713898,1782737606.82822
51400,0.29523026943206787,1782737612.69763
51500,0.06903577595949173,1782737618.5341494
51600,0.08245982229709625,1782737624.2844648
51700,0.0883551687002182,1782737630.100923
51800,0.6177327036857605,1782737635.799033
51900,0.08786171674728394,1782737641.5922842
52000,0.8078272342681885,1782737647.4374883
52100,0.18981707096099854,1782737653.0653138
52200,0.09313653409481049,1782737658.693744
52300,0.44254761934280396,1782737664.3035305
52400,0.1176493689417839,1782737670.1523511
52500,0.7318544983863831,1782737675.697511
52600,0.25311407446861267,1782737681.4625177
52700,0.15983900427818298,1782737687.1864128
52800,0.1560474932193756,1782737692.758928
52900,0.13229520618915558,1782737698.5276568
53000,1.4316319227218628,1782737704.1152222
53100,0.0934012234210968,1782737709.7170758
53200,0.2034473717212677,1782737715.3575695
53300,0.09094962477684021,1782737721.2256334
53400,0.05584794282913208,1782737726.9339676
53500,0.14752312004566193,1782737732.6283925
53600,0.3275517225265503,1782737738.4922001
53700,0.20279641449451447,1782737744.2926002
53800,0.08299598097801208,1782737750.1150758
53900,0.2593264579772949,1782737755.9982872
54000,0.09524903446435928,1782737761.7506995
54100,0.06203429400920868,1782737767.333837
54200,0.281995952129364,1782737772.9235253
54300,0.09009906649589539,1782737778.4948487
54400,0.1836249977350235,1782737784.190371
54500,0.14971648156642914,1782737790.1169236
54600,1.0206986665725708,1782737795.6717725
54700,0.10208528488874435,1782737801.5999138
54800,0.12104329466819763,1782737807.3817935
54900,0.1241404116153717,1782737812.8373988
55000,0.17294757068157196,1782737818.6171017
55100,2.068530797958374,1782737824.4353876
55200,0.07035461068153381,1782737830.1749928
55300,0.2653235197067261,1782737836.0627913
55400,0.1113758385181427,1782737841.618994
55500,0.07874652743339539,1782737847.486881
55600,0.07817021012306213,1782737853.3791602
55700,0.1387670338153839,1782737859.215494
55800,0.14926005899906158,1782737864.9193091
55900,0.0525335818529129,1782737870.5019803
56000,0.055482544004917145,1782737876.3001907
56100,0.12077920138835907,1782737882.1779635
56200,0.07404907792806625,1782737887.7679217
56300,0.16971483826637268,1782737893.5506513
56400,0.05680354684591293,1782737899.2979665
56500,0.04631993919610977,1782737904.9551914
56600,0.07251523435115814,1782737910.764004
56700,0.03712346404790878,1782737916.6275823
56800,0.53346186876297,1782737922.4891386
56900,0.1054016500711441,1782737928.0080526
57000,0.13346527516841888,1782737933.9803941
57100,0.11882932484149933,1782737939.7378576
57200,0.10932955145835876,1782737945.3414304
57300,0.2074553668498993,1782737951.1953182
57400,0.0738273411989212,1782737956.806791
57500,0.09959454834461212,1782737962.4707553
57600,0.12067334353923798,1782737968.256067
57700,0.08947697281837463,1782737974.1168828
57800,0.28535789251327515,1782737980.0028696
57900,0.048260584473609924,1782737985.625075
58000,0.09608713537454605,1782737991.5635
58100,0.06810306012630463,1782737997.1664371
58200,0.07985921204090118,1782738003.3834987
58300,0.06378498673439026,1782738009.1330159
58400,0.26496729254722595,1782738014.9378889
58500,0.09530492126941681,1782738020.6045978
58600,0.05779793858528137,1782738026.319197
58700,0.06640066206455231,1782738032.258747
58800,0.25397273898124695,1782738037.881433
58900,0.06095818057656288,1782738043.5433743
59000,0.15938791632652283,1782738049.2823772
59100,0.1461496651172638,1782738054.953209
59200,0.12996618449687958,1782738060.5264783
59300,2.1542861461639404,1782738066.2705708
59400,0.10928841680288315,1782738071.8380861
59500,0.1569753885269165,1782738077.6324914
59600,0.3196951746940613,1782738083.4367507
59700,0.07544814050197601,1782738089.2280757
59800,0.11133813858032227,1782738095.01962
59900,0.09661747515201569,1782738100.6529286
60000,0.0779828131198883,1782738106.3025725
60100,0.046034276485443115,1782738111.821083
60200,0.08757781982421875,1782738117.529647
60300,0.5610883831977844,1782738123.3162649
60400,0.08178780972957611,1782738128.8618267
60500,0.06079224869608879,1782738134.92543
60600,0.09990342706441879,1782738140.7517095
60700,0.16443589329719543,1782738146.5508883
60800,0.060204021632671356,1782738152.1050036
60900,0.5063090324401855,1782738157.8200643
61000,0.07432626187801361,1782738163.638656
61100,0.06465253233909607,1782738169.3537624
61200,0.08654627203941345,1782738175.1282713
61300,0.5993886590003967,1782738181.1691735
61400,0.07282309234142303,1782738186.9965594
61500,0.08680335432291031,1782738192.8389413
61600,0.12228888273239136,1782738198.4532409
61700,0.05898815020918846,1782738204.1974187
61800,0.08484108746051788,1782738209.955659
61900,0.11040447652339935,1782738215.911173
62000,0.07868176698684692,1782738221.6552322
62100,0.23721930384635925,1782738227.340949
62200,0.06273669004440308,1782738233.0639632
62300,0.24250167608261108,1782738238.7803679
62400,0.07980088144540787,1782738244.6277056
62500,0.3431767523288727,1782738250.453362
62600,0.2643886208534241,1782738256.293693
62700,0.14786206185817719,1782738262.194098
62800,0.10916868597269058,1782738267.9684858
62900,0.06293950974941254,1782738273.7031856
63000,0.069107286632061,1782738279.3439054
63100,0.10755732655525208,1782738285.090688
63200,0.054152242839336395,1782738290.7920656
63300,0.15656018257141113,1782738296.428685
63400,0.05412781238555908,1782738302.119062
63500,0.11998666822910309,1782738307.9019337
63600,0.11043158173561096,1782738313.7923672
63700,0.041600026190280914,1782738319.6161609
63800,0.17893528938293457,1782738325.5351174
63900,0.14708144962787628,1782738331.2937179
64000,0.09883224964141846,1782738336.917145
64100,0.3404087424278259,1782738342.6340222
64200,0.6018885970115662,1782738348.3305035
64300,0.8052715063095093,1782738354.1009429
64400,0.09152504801750183,1782738359.9923065
64500,0.16103829443454742,1782738365.685695
64600,0.06895668059587479,1782738371.4068687
64700,0.07666324079036713,1782738377.2892466
64800,0.12889854609966278,1782738382.964453
64900,0.2207246571779251,1782738388.516756
65000,1.5606485605239868,1782738394.2771537
65100,0.09379629790782928,1782738400.135015
65200,0.5438133478164673,1782738406.0288107
65300,0.239752396941185,1782738411.8109684
65400,0.6547170281410217,1782738417.5744278
65500,0.09442868828773499,1782738423.2615874
65600,0.09517371654510498,1782738429.192434
65700,0.13230392336845398,1782738434.910215
65800,0.8725894689559937,1782738440.6729152
65900,0.10976871848106384,1782738446.373184
66000,0.18964102864265442,1782738452.318143
66100,0.13369280099868774,1782738458.291566
66200,0.26140525937080383,1782738463.9158523
66300,0.18194900453090668,1782738469.9419975
66400,0.10909131914377213,1782738475.824904
66500,0.1419823318719864,1782738481.561818
66600,0.3501558303833008,1782738487.1994543
66700,0.2268499732017517,1782738493.0718386
66800,0.16469326615333557,1782738498.5579321
66900,0.6832683086395264,1782738504.4455788
67000,0.9469163417816162,1782738510.3246887
67100,1.7101445198059082,1782738516.2531257
67200,0.05221956968307495,1782738522.024004
67300,0.16738131642341614,1782738527.7349315
67400,0.16816411912441254,1782738533.71444
67500,0.12337511777877808,1782738539.340887
67600,0.09244352579116821,1782738545.36664
67700,0.11541351675987244,1782738551.1202974
67800,0.0766163319349289,1782738557.2605205
67900,0.6669492125511169,1782738562.7899904
68000,0.21470464766025543,1782738568.7372885
68100,0.08438416570425034,1782738574.5059314
68200,1.6501327753067017,1782738580.311006
68300,0.13933515548706055,1782738586.1158628
68400,6.560014247894287,1782738592.0172179
68500,0.07468235492706299,1782738597.711894
68600,0.15194469690322876,1782738603.5652647
68700,0.06996926665306091,1782738609.190581
68800,0.15803858637809753,1782738614.8550196
68900,0.5954468250274658,1782738620.9840765
69000,0.06256242096424103,1782738626.5684307
69100,0.07225263118743896,1782738632.1913145
69200,0.19742648303508759,1782738637.8704352
69300,0.08059249818325043,1782738643.6093655
69400,0.2940119504928589,1782738649.0603766
69500,0.09074579924345016,1782738655.0170004
69600,0.08416011929512024,1782738661.0950184
69700,0.15028300881385803,1782738666.9745445
69800,0.10368663817644119,1782738672.6539152
69900,0.423041969537735,1782738678.460528
70000,0.27399706840515137,1782738684.2819834
70100,0.3022870123386383,1782738690.2151406
70200,0.10098493099212646,1782738696.1600199
70300,0.20137029886245728,1782738702.0657647
70400,0.10029071569442749,1782738707.7947724
70500,0.150788813829422,1782738713.7366424
70600,0.673038899898529,1782738719.4209294
70700,0.10265600681304932,1782738725.0540223
70800,0.24642182886600494,1782738730.9737008
70900,0.09499266743659973,1782738736.8758867
71000,0.31992584466934204,1782738742.550436
71100,0.42349767684936523,1782738748.3003519
71200,0.0959211215376854,1782738753.905691
71300,0.07251235097646713,1782738759.6225457
71400,0.07531209290027618,1782738765.6028862
71500,0.10414919257164001,1782738771.456347
71600,0.05830825865268707,1782738777.276306
71700,0.5010472536087036,1782738783.2873652
71800,0.11966956406831741,1782738789.2568696
71900,0.11907346546649933,1782738795.0533116
72000,0.17080429196357727,1782738800.663292
72100,0.0703226774930954,1782738806.6531503
72200,0.12609250843524933,1782738812.4407237
72300,0.11353317648172379,1782738818.3597972
72400,0.11475135385990143,1782738824.2170281
72500,0.19641470909118652,1782738830.2301826
72600,1.6209516525268555,1782738836.0847118
72700,1.1094897985458374,1782738841.916268
72800,0.06560297310352325,1782738847.8842826
72900,0.11016466468572617,1782738853.502959
73000,0.33718612790107727,1782738859.2639966
73100,7.456844806671143,1782738864.9730353
73200,0.14150211215019226,1782738870.7357893
73300,1.364593744277954,1782738876.4069211
73400,0.07899858057498932,1782738882.3080268
73500,0.08997984230518341,1782738887.9368
73600,0.1310635507106781,1782738893.722788
73700,0.06813176721334457,1782738899.6201255
73800,0.14979207515716553,1782738905.5159447
73900,0.16018955409526825,1782738911.355044
74000,0.26452726125717163,1782738917.1580935
74100,0.09929043799638748,1782738922.834654
74200,0.17575430870056152,1782738928.5697784
74300,0.14950940012931824,1782738934.3714578
74400,1.2515450716018677,1782738940.3984056
74500,0.09703978151082993,1782738946.50853
74600,0.28707557916641235,1782738952.3971176
74700,0.07951660454273224,1782738958.2911575
74800,0.10812823474407196,1782738964.103586
74900,0.12369579076766968,1782738969.702191
75000,0.2321971356868744,1782738975.508732
75100,0.1361786276102066,1782739112.3630521
75200,0.36814072728157043,1782739118.3026319
75300,0.07305105030536652,1782739123.9561708
75400,0.10384684801101685,1782739130.0060594
75500,0.12047280371189117,1782739135.8757904
75600,0.20511364936828613,1782739141.5022068
75700,0.08508718013763428,1782739147.4495034
75800,0.12367522716522217,1782739153.3058994
75900,0.13522328436374664,1782739159.330907
76000,0.05778259411454201,1782739165.1574001
76100,0.09501557052135468,1782739171.1958823
76200,0.10427846759557724,1782739177.0340714
76300,0.08593007922172546,1782739183.156981
76400,0.07283072173595428,1782739188.8497236
76500,0.057580284774303436,1782739194.6822429
76600,0.07413394004106522,1782739200.7619843
76700,0.058907151222229004,1782739206.4620895
76800,0.04611417278647423,1782739212.1209638
76900,0.14035546779632568,1782739217.9366376
77000,1.0356183052062988,1782739223.5703716
77100,0.07886047661304474,1782739229.4875367
77200,0.0598287358880043,1782739235.19149
77300,0.11036986857652664,1782739241.1330621
77400,0.10304512828588486,1782739246.9945614
77500,0.06719685345888138,1782739252.622152
77600,2.2065467834472656,1782739258.2548172
77700,0.033315859735012054,1782739263.97039
77800,0.08103543519973755,1782739270.0258808
77900,0.08530017733573914,1782739276.0054345
78000,0.09260924160480499,1782739281.7293732
78100,0.08832389116287231,1782739287.6023571
78200,0.12266993522644043,1782739293.5665894
78300,0.06849755346775055,1782739299.3843207
78400,0.07890437543392181,1782739305.0090492
78500,0.08067989349365234,1782739310.9939518
78600,0.3909633159637451,1782739316.764424
78700,0.1000138446688652,1782739322.7189927
78800,0.07136891782283783,1782739328.549646
78900,0.05873613432049751,1782739334.2432172
79000,0.1526607722043991,1782739339.961577
79100,0.5157704949378967,1782739345.9452622
79200,0.04407309740781784,1782739351.664826
79300,0.06690052151679993,1782739357.399737
79400,0.08428303152322769,1782739363.1212473
79500,0.05378878861665726,1782739368.9381108
79600,0.14832794666290283,1782739374.7544322
79700,0.06634007394313812,1782739380.5060432
79800,0.23293957114219666,1782739386.1941032
79900,0.050141654908657074,1782739392.0090797
80000,0.20588651299476624,1782739397.7630482
80100,0.15713798999786377,1782739403.5688822
80200,0.4629344940185547,1782739409.3227344
80300,1.0862959623336792,1782739414.9259896
80400,0.1058228611946106,1782739420.7208745
80500,0.5699411630630493,1782739426.3836353
80600,0.09230108559131622,1782739432.3645523
80700,0.09280699491500854,1782739438.1849008
80800,0.13881075382232666,1782739443.959526
80900,0.09462566673755646,1782739449.7553716
81000,0.07717270404100418,1782739455.6337245
81100,0.2763112485408783,1782739461.434922
81200,0.22818411886692047,1782739467.2703834
81300,0.11188513040542603,1782739473.1529455
81400,0.12611936032772064,1782739479.0105286
81500,0.2672802209854126,1782739484.7957823
81600,0.1290142834186554,1782739490.5797246
81700,0.13599365949630737,1782739496.3859649
81800,0.04546532779932022,1782739502.0670881
81900,0.4722035527229309,1782739508.0528488
82000,0.05820751190185547,1782739513.761973
82100,0.44470030069351196,1782739519.5936468
82200,0.16673800349235535,1782739525.6230173
82300,0.2075105607509613,1782739531.222115
82400,0.07391656190156937,1782739537.0178564
82500,0.07613715529441833,1782739542.7628531
82600,0.39653804898262024,1782739548.588739
82700,0.06109873205423355,1782739554.3627727
82800,2.242861270904541,1782739560.0697777
82900,0.08527866750955582,1782739565.76524
83000,0.046171482652425766,1782739571.3929079
83100,0.0398152656853199,1782739577.1416817
83200,0.07912401854991913,1782739582.9748755
83300,0.09992038458585739,1782739588.5911055
83400,0.11375563591718674,1782739594.1490388
83500,1.5472726821899414,1782739600.0205443
83600,0.07961565256118774,1782739605.6353173
83700,0.32513612508773804,1782739611.37437
83800,0.8724813461303711,1782739617.0808487
83900,0.10229030251502991,1782739622.9825726
84000,0.0544326975941658,1782739628.61584
84100,0.18800751864910126,1782739634.392156
84200,0.3774434030056,1782739640.0609698
84300,0.13418112695217133,1782739645.9767373
84400,0.311993271112442,1782739651.752522
84500,0.18172937631607056,1782739657.6964006
84600,0.27530646324157715,1782739663.4042647
84700,0.11980317533016205,1782739669.0253935
84800,0.3288225829601288,1782739674.8256383
84900,0.10369619727134705,1782739680.7936907
85000,0.0967608094215393,1782739686.4528968
85100,0.5062739849090576,1782739692.184716
85200,0.6141565442085266,1782739698.164428
85300,0.17229878902435303,1782739703.8240776
85400,0.0885118842124939,1782739709.707741
85500,0.06886062771081924,1782739715.4572024
85600,0.1819891631603241,1782739721.2935352
85700,0.08657337725162506,1782739726.84215
85800,0.1349606215953827,1782739732.4881146
85900,0.06253769993782043,1782739738.4811049
86000,0.18489325046539307,1782739744.2055922
86100,0.11785343289375305,1782739750.0810862
86200,0.10460138320922852,1782739755.887073
86300,0.11042898893356323,1782739761.5976462
86400,0.050891511142253876,1782739767.3038054
86500,0.1514718383550644,1782739773.1406014
86600,0.09035256505012512,1782739778.8172698
86700,0.04971236735582352,1782739784.6380382
86800,0.25895872712135315,1782739790.8179016
86900,0.22370655834674835,1782739796.417883
87000,0.1991139054298401,1782739802.0306604
87100,0.16649942100048065,1782739807.9169393
87200,0.10013917088508606,1782739813.5782385
87300,0.05212186276912689,1782739819.2845085
87400,0.3355982005596161,1782739825.1724122
87500,0.41180872917175293,1782739830.8211584
87600,0.24036598205566406,1782739836.6807694
87700,0.13630956411361694,1782739842.367236
87800,0.09127938747406006,1782739848.4005501
87900,0.10292118042707443,1782739854.0662024
88000,0.10271530598402023,1782739859.7528214
88100,0.06979523599147797,1782739865.4061308
88200,0.1375124305486679,1782739871.2422297
88300,0.0871468111872673,1782739877.0047827
88400,0.21703024208545685,1782739882.993803
88500,0.48457205295562744,1782739888.6684847
88600,0.13738012313842773,1782739894.2925382
88700,0.08458191901445389,1782739900.347781
88800,0.052578169852495193,1782739905.9857213
88900,0.08851605653762817,1782739911.6406064
89000,2.534207582473755,1782739917.2640178
89100,0.06611815840005875,1782739922.8311872
89200,0.09221057593822479,1782739928.653965
89300,0.12952201068401337,1782739934.549151
89400,0.1210300475358963,1782739940.2214859
89500,0.07014531642198563,1782739945.868203
89600,0.05477864295244217,1782739951.890936
89700,0.07743526995182037,1782739957.5681653
89800,0.11264622211456299,1782739963.530592
89900,0.13236194849014282,1782739969.4212506
90000,0.07159346342086792,1782739975.270245
90100,0.12790177762508392,1782739981.020671
90200,0.1210525780916214,1782739986.803652
90300,0.08318109810352325,1782739992.4174993
90400,0.04921768978238106,1782739998.198156
90500,0.09335940331220627,1782740004.0607765
90600,0.04941687360405922,1782740009.869391
90700,0.10081573575735092,1782740015.6375582
90800,0.12348243594169617,1782740021.4819741
90900,0.1437166929244995,1782740027.190188
91000,0.153198704123497,1782740033.140353
91100,0.06888485699892044,1782740038.7861338
91200,0.11261557787656784,1782740044.7720318
91300,0.06466522812843323,1782740050.5097601
91400,0.08412143588066101,1782740056.171246
91500,0.45136502385139465,1782740061.6761744
91600,0.04686388745903969,1782740067.2931564
91700,0.04576331377029419,1782740072.7842906
91800,0.10142433643341064,1782740078.486824
91900,0.27010464668273926,1782740084.0981004
92000,0.16006773710250854,1782740089.7182944
92100,0.698254406452179,1782740095.3526254
92200,0.11240425705909729,1782740100.936261
92300,0.08490854501724243,1782740106.6375678
92400,0.1218060776591301,1782740112.603085
92500,0.07891330868005753,1782740118.4418976
92600,0.5859692096710205,1782740124.2355518
92700,0.2439947873353958,1782740130.053355
92800,0.19408956170082092,1782740135.7390795
92900,0.1932532787322998,1782740141.487014
93000,0.056666381657123566,1782740147.2915106
93100,0.3844316005706787,1782740153.0067725
93200,0.14221984148025513,1782740158.9891644
93300,0.16607369482517242,1782740164.7509055
93400,0.10962694883346558,1782740170.3732693
93500,0.12638716399669647,1782740175.889798
93600,0.13245990872383118,1782740181.5693207
93700,0.15803156793117523,1782740187.5160494
93800,0.08426573872566223,1782740193.198025
93900,0.1592463254928589,1782740199.1873996
94000,0.10969877988100052,1782740204.9197104
94100,0.17742018401622772,1782740210.7530608
94200,0.10258587449789047,1782740216.4463267
94300,0.08916811645030975,1782740222.2520876
94400,0.4044215679168701,1782740227.8849983
94500,0.09137521684169769,1782740234.3107948
94600,0.07799836248159409,1782740239.9624338
94700,0.06040845438838005,1782740245.6678803
94800,1.0931181907653809,1782740251.5758812
94900,0.5446824431419373,1782740257.3670654
95000,0.20067045092582703,1782740263.1507509
95100,0.04814640432596207,1782740268.8775103
95200,0.051995113492012024,1782740274.6294456
95300,0.8753015398979187,1782740280.2706134
95400,0.11991987377405167,1782740285.98434
95500,0.14004510641098022,1782740291.9708917
95600,0.17862996459007263,1782740297.693921
95700,1.9126367568969727,1782740303.2838175
95800,0.390296071767807,1782740308.9199274
95900,0.625423789024353,1782740314.7358694
96000,0.23829683661460876,1782740320.5385695
96100,0.17123165726661682,1782740326.3340976
96200,0.6216484308242798,1782740332.1046531
96300,0.06056590750813484,1782740337.9246225
96400,0.07373594492673874,1782740343.6006732
96500,0.13715951144695282,1782740349.5875175
96600,0.09189896285533905,1782740355.3625255
96700,0.8950610756874084,1782740361.1706536
96800,1.6245214939117432,1782740366.7808702
96900,0.049136046320199966,1782740372.4892251
97000,0.1069985032081604,1782740378.2985137
97100,0.36904823780059814,1782740384.296212
97200,0.3709935247898102,1782740390.0824924
97300,0.08061578869819641,1782740395.820677
97400,0.07022365927696228,1782740402.0846674
97500,0.2772362232208252,1782740408.1365707
97600,0.20307382941246033,1782740413.9012296
97700,0.08525873720645905,1782740419.6969633
97800,0.2089877873659134,1782740425.6563272
97900,0.10371443629264832,1782740431.3193371
98000,0.19922038912773132,1782740437.2747426
98100,0.07778854668140411,1782740443.215129
98200,1.8452119827270508,1782740448.9505088
98300,0.13135764002799988,1782740454.8365097
98400,0.1389203667640686,1782740460.5588095
98500,0.08588525652885437,1782740466.4005075
98600,0.17733845114707947,1782740472.3704345
98700,0.14860418438911438,1782740478.124197
98800,0.7917393445968628,1782740483.9891927
98900,0.11738558113574982,1782740489.7431617
99000,0.366539865732193,1782740495.713483
99100,0.6439991593360901,1782740501.4339075
99200,0.29849672317504883,1782740507.399019
99300,3.4750988483428955,1782740513.1936157
99400,0.07325112074613571,1782740518.8715723
99500,0.16095024347305298,1782740524.7765346
99600,0.7999846935272217,1782740530.428718
99700,0.08914731442928314,1782740536.3702152
99800,0.085884228348732,1782740542.3497357
99900,0.10523577779531479,1782740548.2454042
100000,0.11387522518634796,1782740554.1893582
100100,0.8785301446914673,1782740701.8305817
100200,0.7301998138427734,1782740707.578845
100300,1.3846198320388794,1782740713.4380095
100400,0.24963247776031494,1782740719.3364818
100500,0.10173763334751129,1782740724.9812367
100600,0.10821834206581116,1782740730.6944437
100700,0.11945294588804245,1782740736.6178832
100800,0.0874188020825386,1782740742.3147368
100900,0.05928462743759155,1782740748.1858926
101000,0.14945541322231293,1782740753.8823795
101100,2.187235116958618,1782740759.576513
101200,0.05285181105136871,1782740765.4606245
101300,0.06896169483661652,1782740771.3647687
101400,0.08770906925201416,1782740777.2145314
101500,0.04012615978717804,1782740783.0631814
101600,0.042263105511665344,1782740788.6978254
101700,0.1118752583861351,1782740794.3502944
101800,2.0992279052734375,1782740800.1488147
101900,0.06160399317741394,1782740805.9729152
102000,0.18764331936836243,1782740811.7950242
102100,0.32059967517852783,1782740817.5687878
102200,0.06935501098632812,1782740823.1618865
102300,0.06862248480319977,1782740828.8122745
102400,0.10017247498035431,1782740834.544755
102500,0.11629559844732285,1782740840.1520312
102600,0.0551779679954052,1782740846.0162342
102700,0.3399461507797241,1782740851.6904085
102800,0.09039118885993958,1782740857.464276
102900,0.09274318814277649,1782740863.2840009
103000,0.3894071877002716,1782740869.0440378
103100,0.0948910266160965,1782740874.7691073
103200,0.0695333331823349,1782740880.6648262
103300,0.0778975859284401,1782740886.4558113
103400,0.4447583258152008,1782740892.626843
103500,0.16765594482421875,1782740898.5781314
103600,0.1770234853029251,1782740904.3981266
103700,0.07945137470960617,1782740910.1551898
103800,0.09648729860782623,1782740915.8591418
103900,0.17622461915016174,1782740921.5707457
104000,0.09085314720869064,1782740927.427905
104100,0.4133499264717102,1782740933.2100453
104200,0.7541921734809875,1782740939.016405
104300,0.11469490826129913,1782740945.1753988
104400,0.16295230388641357,1782740950.9114742
104500,0.17480114102363586,1782740956.7873123
104600,0.4146445691585541,1782740962.514866
104700,0.10266926884651184,1782740968.3337605
104800,0.09361298382282257,1782740973.9808855
104900,0.8964800834655762,1782740979.7870257
105000,0.061207178980112076,1782740985.4446273
105100,0.06619410216808319,1782740991.1709406
105200,0.4772532284259796,1782740996.9068031
105300,0.35548633337020874,1782741002.7712522
105400,0.1883397400379181,1782741008.710029
105500,0.15097695589065552,1782741014.7034233
105600,0.08830039203166962,1782741020.510296
105700,0.11703655123710632,1782741026.447482
105800,0.08039714395999908,1782741032.062678
105900,0.11865516752004623,1782741037.727298
106000,0.07034237682819366,1782741043.3486152
106100,0.13764724135398865,1782741049.1824272
106200,0.045175209641456604,1782741054.753264
106300,0.16294650733470917,1782741060.416196
106400,0.10029202699661255,1782741065.988637
106500,0.09404550492763519,1782741071.9277213
106600,0.5686936974525452,1782741077.6583447
106700,0.045219916850328445,1782741083.3910453
106800,0.0479731485247612,1782741089.2268054
106900,0.13589230179786682,1782741094.9296253
107000,0.21694034337997437,1782741100.795931
107100,0.09523235261440277,1782741106.5050802
107200,0.22623556852340698,1782741112.2365108
107300,0.23590297996997833,1782741117.8163755
107400,0.10696497559547424,1782741123.439865
107500,0.09850373864173889,1782741129.186969
107600,0.04447055235505104,1782741135.0930445
107700,0.04663737118244171,1782741140.876253
107800,0.38057154417037964,1782741146.4518015
107900,0.14320051670074463,1782741152.289747
108000,0.21996217966079712,1782741158.1914911
108100,0.31943264603614807,1782741163.9825342
108200,1.3608418703079224,1782741169.6999586
108300,0.05762435123324394,1782741175.5180337
108400,2.2120635509490967,1782741181.2495842
108500,0.0795883983373642,1782741186.9275753
108600,2.0161736011505127,1782741192.8642988
108700,0.08173146843910217,1782741198.6033247
108800,0.22439658641815186,1782741204.5664089
108900,0.10724042356014252,1782741210.4021022
109000,2.1693806648254395,1782741216.115843
109100,0.0617358572781086,1782741221.8768697
109200,0.05791880190372467,1782741227.9830034
109300,0.04446670413017273,1782741233.7823913
109400,0.3969935178756714,1782741239.7022965
109500,0.10364596545696259,1782741245.3737063
109600,0.03607625141739845,1782741251.1145847
109700,0.09732387959957123,1782741256.7656126
109800,0.10592043399810791,1782741262.5566432
109900,0.07184314727783203,1782741268.207491
110000,0.05820026621222496,1782741274.0745354
110100,0.06876318901777267,1782741279.839274
110200,0.1884697526693344,1782741285.6065288
110300,0.036608994007110596,1782741291.662371
110400,0.3856678605079651,1782741297.440586
110500,0.18473151326179504,1782741303.2722187
110600,0.14324983954429626,1782741309.0707223
110700,0.3450958728790283,1782741314.7122889
110800,0.07647804170846939,1782741320.6239598
110900,0.42105013132095337,1782741326.5097346
111000,0.1805499941110611,1782741332.4105258
111100,0.06596733629703522,1782741338.292648
111200,0.1441626399755478,1782741344.0229065
111300,0.25336530804634094,1782741349.677698
111400,0.09469091892242432,1782741355.4213357
111500,0.2961304485797882,1782741361.2252486
111600,0.10543876886367798,1782741366.9906797
111700,0.07458346337080002,1782741372.93171
111800,0.1629919409751892,1782741378.5936031
111900,0.1699056774377823,1782741384.3601742
112000,0.08259831368923187,1782741390.1021364
112100,0.06951411813497543,1782741395.9976742
112200,0.07200656831264496,1782741401.7166781
112300,0.13671636581420898,1782741407.6508288
112400,0.09062299877405167,1782741413.2414603
112500,0.12470138072967529,1782741419.0710797
112600,0.1619943380355835,1782741424.887168
112700,0.7025834321975708,1782741430.6214063
112800,0.1202806681394577,1782741436.602829
112900,0.08734913915395737,1782741442.4711885
113000,0.1321113109588623,1782741448.378512
113100,0.11446154117584229,1782741454.3080716
113200,0.1271888017654419,1782741460.1587887
113300,0.07283781468868256,1782741465.9054859
113400,0.07025855779647827,1782741471.764455
113500,0.10794177651405334,1782741477.5611193
113600,0.3940665125846863,1782741483.091473
113700,0.20539617538452148,1782741488.9923525
113800,0.15183283388614655,1782741494.752209
113900,0.1556107997894287,1782741500.5871415
114000,0.31670069694519043,1782741506.3800807
114100,0.227372944355011,1782741512.2753859
114200,0.10684345662593842,1782741517.9765766
114300,0.0989999920129776,1782741523.5951807
114400,1.1020746231079102,1782741529.519598
114500,0.07288121432065964,1782741535.1077728
114600,0.1218312606215477,1782741541.0281754
114700,0.14541439712047577,1782741546.7998407
114800,0.09931758046150208,1782741552.7243688
114900,0.10008554905653,1782741558.3689682
115000,0.06781419366598129,1782741564.1328995
115100,0.08646079897880554,1782741569.9788523
115200,0.07239943742752075,1782741575.7593076
115300,0.09809409081935883,1782741581.505302
115400,0.1931745558977127,1782741587.366696
115500,0.10607410967350006,1782741593.433143
115600,0.06327395141124725,1782741599.2680156
115700,2.95723819732666,1782741605.0599196
115800,0.14551085233688354,1782741610.8109376
115900,0.11696379631757736,1782741616.5718038
116000,0.10289859026670456,1782741622.4335308
116100,0.09072446823120117,1782741628.3316278
116200,0.09820354729890823,1782741634.0774512
116300,0.07644648849964142,1782741639.7195
116400,0.08636891841888428,1782741645.528149
116500,0.0536455437541008,1782741651.4193144
116600,0.058314524590969086,1782741657.5413837
116700,3.6654458045959473,1782741663.4218132
116800,0.47805726528167725,1782741669.215128
116900,0.10005597770214081,1782741674.833634
117000,0.2743890881538391,1782741680.5953019
117100,0.25347232818603516,1782741686.4305835
117200,0.23315316438674927,1782741692.2679904
117300,0.20952366292476654,1782741698.050804
117400,0.14960506558418274,1782741703.6489747
117500,0.1240270733833313,1782741709.7522752
117600,0.11286448687314987,1782741715.705657
117700,0.20639945566654205,1782741721.4059649
117800,0.5122660398483276,1782741727.1924853
117900,0.09560433775186539,1782741732.916771
118000,0.29852691292762756,1782741738.595139
118100,0.05588585138320923,1782741744.4845555
118200,0.15422451496124268,1782741750.2828553
118300,0.5046964287757874,1782741756.1954167
118400,0.10902740806341171,1782741761.8630054
118500,0.3226677179336548,1782741767.9368625
118600,0.4249681234359741,1782741773.704593
118700,0.496157169342041,1782741779.5615335
118800,1.4311364889144897,1782741785.283956
118900,3.340456008911133,1782741791.0576
119000,2.0215566158294678,1782741796.709289
119100,1.4765625,1782741802.6190746
119200,1.428937315940857,1782741808.5517824
119300,0.1635788381099701,1782741814.2875981
119400,0.2740597128868103,1782741820.1639
119500,0.39496225118637085,1782741825.9827526
119600,0.49515199661254883,1782741831.896073
119700,0.1844397485256195,1782741837.595004
119800,0.17354705929756165,1782741843.3888495
119900,0.19063913822174072,1782741849.1450255
120000,0.28746598958969116,1782741854.8921819
120100,2.679323434829712,1782741860.671898
120200,0.4030969738960266,1782741866.5438066
120300,0.20064812898635864,1782741872.4577823
120400,1.01806640625,1782741878.3987563
120500,0.48304593563079834,1782741884.0422986
120600,0.4703676700592041,1782741890.0414312
120700,0.3242782950401306,1782741895.7912385
120800,0.42724764347076416,1782741901.5552096
120900,0.16192182898521423,1782741907.5407913
121000,2.959881067276001,1782741913.6321542
121100,0.11533783376216888,1782741919.5262938
121200,0.4165770411491394,1782741925.3953135
121300,1.587953805923462,1782741931.1761825
121400,0.14233261346817017,1782741937.133683
121500,0.12825000286102295,1782741942.792988
121600,0.09137658774852753,1782741948.359789
121700,0.16916489601135254,1782741954.6049898
121800,0.14207574725151062,1782741960.3726048
121900,0.10795414447784424,1782741966.3188474
122000,1.4286473989486694,1782741972.0479608
122100,1.5119973421096802,1782741977.9845035
122200,4.126121997833252,1782741983.6379352
122300,0.24008844792842865,1782741989.3758736
122400,0.18931686878204346,1782741995.0263312
122500,0.2620657682418823,1782742000.9167285
122600,0.3241810202598572,1782742006.7963595
122700,0.10687150061130524,1782742012.415824
122800,0.14172476530075073,1782742018.428178
122900,0.1389932930469513,1782742024.0941997
123000,0.20226308703422546,1782742029.6886063
123100,0.318004310131073,1782742035.471145
123200,0.14928531646728516,1782742041.236471
123300,0.2463451772928238,1782742046.8372853
123400,0.20500990748405457,1782742052.611272
123500,0.14215821027755737,1782742058.7321591
123600,0.15363630652427673,1782742064.756048
123700,0.12684813141822815,1782742070.4413373
123800,2.4571585655212402,1782742076.3626294
123900,0.10258813202381134,1782742082.0897677
124000,0.09831903874874115,1782742088.011656
124100,0.17971929907798767,1782742093.6978097
124200,0.8642409443855286,1782742099.4390206
124300,0.14767315983772278,1782742105.2267485
124400,0.2931835651397705,1782742111.070837
124500,0.13459345698356628,1782742117.1285245
124600,0.1460524946451187,1782742122.941032
124700,0.12197642028331757,1782742128.560678
124800,0.1591143161058426,1782742134.1313179
124900,0.13194768130779266,1782742139.8405097
125000,1.3248971700668335,1782742145.5619142
125100,0.21726396679878235,1782742271.6865556
125200,0.13415223360061646,1782742277.7303948
125300,0.12519583106040955,1782742283.4591358
125400,0.07925808429718018,1782742289.255715
125500,0.1101016029715538,1782742294.8734093
125600,0.17747601866722107,1782742300.6372821
125700,0.10956791043281555,1782742306.3184094
125800,0.16684143245220184,1782742311.961413
125900,0.24598288536071777,1782742317.7887866
126000,0.11307106912136078,1782742323.6223435
126100,0.31556910276412964,1782742329.5334632
126200,2.497831106185913,1782742335.2361376
126300,0.32872727513313293,1782742341.1839058
126400,0.5610156655311584,1782742346.9619746
126500,0.11690746247768402,1782742352.7923374
126600,0.08248782902956009,1782742358.795424
126700,3.4106645584106445,1782742364.5739639
126800,1.2377032041549683,1782742370.2985818
126900,0.5263240337371826,1782742376.0975847
127000,0.1391940861940384,1782742382.0704587
127100,0.16222135722637177,1782742387.8613293
127200,0.09838037192821503,1782742393.761767
127300,0.3640842139720917,1782742399.4125726
127400,0.27338793873786926,1782742405.1256695
127500,0.12300912290811539,1782742411.0762641
127600,0.1561344414949417,1782742416.914968
127700,0.1427273452281952,1782742422.897348
127800,0.08879274874925613,1782742428.7833242
127900,0.06982268393039703,1782742434.4177783
128000,1.8842867612838745,1782742440.0447268
128100,1.385310173034668,1782742445.594329
128200,0.10909830033779144,1782742451.4304295
128300,0.08041343837976456,1782742457.342394
128400,0.10266021639108658,1782742462.8826163
128500,0.06873379647731781,1782742468.7338657
128600,0.12618719041347504,1782742474.5653543
128700,0.4080725610256195,1782742480.67732
128800,0.18867117166519165,1782742486.4064355
128900,0.22551393508911133,1782742492.0768378
129000,0.09261536598205566,1782742497.97376
129100,0.15439268946647644,1782742503.6651897
129200,0.15795330703258514,1782742509.5179942
129300,0.1120038628578186,1782742515.2003155
129400,0.6931633353233337,1782742520.9908874
129500,0.08711794018745422,1782742526.8976338
129600,0.1506798267364502,1782742532.5180676
129700,1.1150097846984863,1782742538.4747396
129800,0.1953335851430893,1782742544.01865
129900,0.34733253717422485,1782742549.6322155
130000,0.107643261551857,1782742555.319728
130100,0.11295443028211594,1782742561.0714748
130200,0.24564410746097565,1782742566.9161522
130300,0.09487006068229675,1782742572.7621214
130400,0.1817053258419037,1782742578.4371688
130500,0.2224148064851761,1782742584.4065568
130600,2.161810874938965,1782742590.0308318
130700,1.0893553495407104,1782742595.9067442
130800,2.2743024826049805,1782742601.6020393
130900,0.12705078721046448,1782742607.348926
131000,0.2673462927341461,1782742613.0656855
131100,0.139382004737854,1782742619.0175133
131200,0.1318519115447998,1782742624.880772
131300,0.08065978437662125,1782742630.6151924
131400,0.2691666781902313,1782742636.289598
131500,0.09278399497270584,1782742642.247249
131600,0.12201818078756332,1782742647.9374478
131700,0.2656749486923218,1782742653.9017553
131800,0.4389610290527344,1782742659.4806159
131900,0.312781423330307,1782742665.1723094
132000,0.19740812480449677,1782742671.0590754
132100,0.23487502336502075,1782742676.7823963
132200,0.29877904057502747,1782742682.8012788
132300,0.12026247382164001,1782742688.4616804
132400,0.10323154926300049,1782742694.512534
132500,0.06508159637451172,1782742700.2796102
132600,0.35730308294296265,1782742706.382575
132700,0.18757271766662598,1782742712.1941886
132800,0.10938487946987152,1782742718.0408902
132900,0.14509998261928558,1782742723.8359132
133000,0.19499090313911438,1782742729.754699
133100,0.0865134745836258,1782742735.3389175
133200,0.09892380237579346,1782742740.9780228
133300,0.16385845839977264,1782742746.8838573
133400,0.1169373169541359,1782742752.470304
133500,0.1077997237443924,1782742758.135696
133600,0.16039201617240906,1782742763.9504197
133700,0.13364320993423462,1782742769.8244517
133800,0.24090680480003357,1782742775.4613676
133900,0.16048571467399597,1782742781.1427228
134000,0.20589181780815125,1782742786.737511
134100,0.10891275107860565,1782742792.4496336
134200,0.09372448921203613,1782742798.073116
134300,0.13393543660640717,1782742804.0101476
134400,0.11995958536863327,1782742809.5677686
134500,0.09001307189464569,1782742815.2801225
134600,0.1878412365913391,1782742821.1616275
134700,0.10008212924003601,1782742827.071777
134800,0.25146275758743286,1782742832.7622516
134900,0.0978388637304306,1782742838.6533883
135000,0.05975425988435745,1782742844.5034008
135100,0.15884074568748474,1782742850.3040197
135200,0.25739163160324097,1782742856.161893
135300,0.09181917458772659,1782742861.8620348
135400,0.08494433760643005,1782742867.6152842
135500,0.10246387869119644,1782742873.5258532
135600,0.08398716896772385,1782742879.1991491
135700,2.2159366607666016,1782742884.9152036
135800,0.22936347126960754,1782742890.5838335
135900,3.7911856174468994,1782742896.4544644
136000,0.4239974617958069,1782742902.3342166
136100,0.08764031529426575,1782742907.9978046
136200,0.1186477392911911,1782742913.6724052
136300,0.05907062068581581,1782742919.383696
136400,0.08477568626403809,1782742925.1691732
136500,0.07711383700370789,1782742931.174284
136600,0.14629754424095154,1782742936.8169732
136700,0.08411691337823868,1782742942.473487
136800,0.10811597108840942,1782742948.2022955
136900,0.2771700918674469,1782742954.0585697
137000,0.4812944233417511,1782742959.6733484
137100,0.27473294734954834,1782742965.643984
137200,0.10622918605804443,1782742971.2848668
137300,0.12603649497032166,1782742977.2504082
137400,0.12120914459228516,1782742983.0429056
137500,0.14306926727294922,1782742988.7216358
137600,0.11682179570198059,1782742994.4551237
137700,0.11576597392559052,1782743000.1753268
137800,0.09324394911527634,1782743006.0054197
137900,0.11166366934776306,1782743011.8125699
138000,0.962045431137085,1782743017.6280496
138100,0.0962391048669815,1782743023.4379835
138200,0.0677720382809639,1782743029.2521865
138300,0.13453558087348938,1782743034.8957245
138400,0.19477784633636475,1782743040.6558313
138500,0.13491885364055634,1782743046.738525
138600,0.16218875348567963,1782743052.3819263
138700,0.16090381145477295,1782743058.2798014
138800,0.12148916721343994,1782743064.2416596
138900,0.09547270834445953,1782743069.9749959
139000,0.23309868574142456,1782743075.7955372
139100,0.1553199291229248,1782743081.872101
139200,0.08073928207159042,1782743087.5660863
139300,0.12314237654209137,1782743093.4643207
139400,0.09001992642879486,1782743099.642774
139500,0.15314620733261108,1782743105.3884828
139600,0.08151542395353317,1782743111.09582
139700,0.07141336798667908,1782743116.9984238
139800,0.0757029801607132,1782743122.6612432
139900,0.06265762448310852,1782743128.4991271
140000,0.04900871217250824,1782743134.2488873
140100,0.061951085925102234,1782743140.0706465
140200,0.06875813752412796,1782743145.852839
140300,0.10788696259260178,1782743151.4354875
140400,0.6505241394042969,1782743157.3177083
140500,0.16028687357902527,1782743163.2181199
140600,0.16492325067520142,1782743169.207024
140700,0.12262116372585297,1782743174.9587023
140800,0.11435994505882263,1782743181.0252724
140900,0.16133129596710205,1782743186.7555983
141000,0.13927993178367615,1782743192.4147758
141100,0.15399138629436493,1782743198.3276596
141200,0.17089781165122986,1782743204.145534
141300,0.10539007186889648,1782743210.1866252
141400,1.9514800310134888,1782743216.0872934
141500,0.5009646415710449,1782743221.8134706
141600,0.10669143497943878,1782743227.502935
141700,0.07407282292842865,1782743233.4201825
141800,0.09251457452774048,1782743239.1586134
141900,0.07046740502119064,1782743244.9340684
142000,0.09020176529884338,1782743250.6500976
142100,0.2177601307630539,1782743256.4903512
142200,0.06327895820140839,1782743262.155158
142300,0.10173848271369934,1782743268.0494106
142400,0.1169547289609909,1782743273.8538723
142500,0.09953103959560394,1782743280.0390763
142600,0.09301549941301346,1782743285.6925297
142700,0.0635017603635788,1782743291.5092297
142800,0.06304943561553955,1782743297.3535297
142900,0.22444674372673035,1782743303.0523105
143000,0.22917377948760986,1782743308.82891
143100,0.11165017634630203,1782743314.857439
143200,0.08352208137512207,1782743320.529779
143300,0.11779844760894775,1782743326.540561
143400,0.2189023494720459,1782743332.2759023
143500,0.1687106490135193,1782743338.2695107
143600,0.4093471169471741,1782743344.1648245
143700,0.19946753978729248,1782743349.817076
143800,0.30583155155181885,1782743355.489354
143900,0.0840303897857666,1782743361.1824296
144000,0.09053146839141846,1782743367.0095503
144100,0.19520831108093262,1782743373.052518
144200,0.17114654183387756,1782743378.9437046
144300,0.6654701828956604,1782743384.6329274
144400,0.17557992041110992,1782743390.6530414
144500,0.20358404517173767,1782743396.3138995
144600,0.33991938829421997,1782743402.2577784
144700,0.20913225412368774,1782743407.9290934
144800,0.12157797813415527,1782743413.5944505
144900,0.07307343930006027,1782743419.3077486
145000,0.3349611163139343,1782743425.0979166
145100,0.22594544291496277,1782743430.9994824
145200,0.0859997346997261,1782743436.8895893
145300,0.3851716220378876,1782743442.5466366
145400,0.43489882349967957,1782743448.4702756
145500,0.11521585285663605,1782743454.1479068
145600,0.08546362817287445,1782743459.82758
145700,0.10682220757007599,1782743465.5375273
145800,0.10807232558727264,1782743471.272479
145900,1.0187004804611206,1782743477.3351555
146000,0.07842284440994263,1782743482.888146
146100,0.08895352482795715,1782743488.4762454
146200,0.07711328566074371,1782743494.3241713
146300,0.16952280700206757,1782743500.09088
146400,0.3144407868385315,1782743505.8445773
146500,0.3107644021511078,1782743511.7698631
146600,0.09243820607662201,1782743517.3897479
146700,0.18727341294288635,1782743523.283719
146800,0.2566019296646118,1782743529.2441442
146900,0.16815465688705444,1782743534.9900475
147000,0.12160493433475494,1782743540.848862
147100,0.17955002188682556,1782743546.5926383
147200,0.3735679090023041,1782743552.6506004
147300,0.13597649335861206,1782743558.5832567
147400,0.09222923219203949,1782743564.4397438
147500,0.10775445401668549,1782743570.3249815
147600,0.5753852725028992,1782743576.3414443
147700,0.053468167781829834,1782743582.1379826
147800,0.09817610681056976,1782743588.2095013
147900,0.06036825478076935,1782743594.397355
148000,1.6883800029754639,1782743600.307936
148100,0.15736345946788788,1782743606.2741086
148200,0.36411052942276,1782743611.9961812
148300,0.21462319791316986,1782743617.7559657
148400,0.10137787461280823,1782743623.524072
148500,0.6164077520370483,1782743629.6196105
148600,0.1580907106399536,1782743635.5745335
148700,0.18365627527236938,1782743641.27901
148800,0.1791270673274994,1782743647.2541363
148900,0.13125106692314148,1782743653.2388172
149000,0.5035951733589172,1782743659.0949612
149100,0.44352808594703674,1782743665.0124223
149200,0.1218126192688942,1782743670.7822967
149300,0.22533613443374634,1782743676.5200198
149400,0.13151420652866364,1782743682.3337612
149500,0.27924156188964844,1782743687.9825308
149600,0.9063308238983154,1782743693.8376524
149700,0.21538180112838745,1782743699.6941745
149800,0.10476279258728027,1782743705.41835
149900,0.21603554487228394,1782743711.5091271
150000,0.1363896131515503,1782743717.4678977
150100,1.1068511009216309,1782743847.123704
150200,0.11900700628757477,1782743852.811265
150300,0.5364593267440796,1782743858.5552123
150400,0.18272501230239868,1782743864.4146764
150500,0.2440672516822815,1782743870.1016755
150600,0.21394257247447968,1782743876.0823674
150700,0.12165822088718414,1782743881.900685
150800,0.12844981253147125,1782743887.8911753
150900,0.27265119552612305,1782743893.6215487
151000,0.10996237397193909,1782743899.368919
151100,0.19719232618808746,1782743905.3172321
151200,0.10212269425392151,1782743911.2579107
151300,0.17332714796066284,1782743916.9221914
151400,0.16181915998458862,1782743922.7053752
151500,0.1000819206237793,1782743928.357763
151600,0.08098578453063965,1782743933.9373536
151700,0.13295939564704895,1782743939.6684566
151800,1.1811069250106812,1782743945.4355018
151900,2.3013744354248047,1782743951.295028
152000,0.10137345641851425,1782743957.1937094
152100,0.0897485613822937,1782743962.8644655
152200,0.10333879292011261,1782743968.6869283
152300,0.10274414718151093,1782743974.7525089
152400,0.30996546149253845,1782743980.5805902
152500,0.12196790426969528,1782743986.378159
152600,0.11994649469852448,1782743992.094005
152700,0.08099740743637085,1782743997.6493435
152800,0.08770474791526794,1782744003.3224046
152900,0.35300248861312866,1782744009.1536734
153000,0.08083713799715042,1782744014.932303
153100,0.08023993670940399,1782744020.8515325
153200,0.07671630382537842,1782744026.5223606
153300,0.2914191782474518,1782744032.256181
153400,0.08518192172050476,1782744037.8770568
153500,0.06245211511850357,1782744043.637925
153600,0.17123053967952728,1782744049.4789252
153700,0.11844147741794586,1782744055.3361442
153800,0.11152944713830948,1782744060.9717827
153900,0.10585112869739532,1782744066.6745126
154000,0.10854305326938629,1782744072.4258707
154100,1.656326174736023,1782744078.2963586
154200,0.060552772134542465,1782744084.081972
154300,0.16028600931167603,1782744089.9001355
154400,0.07168920338153839,1782744095.7764316
154500,0.11951813846826553,1782744101.542639
154600,0.07386764883995056,1782744107.2780788
154700,0.06661383807659149,1782744112.905505
154800,0.1710229218006134,1782744118.7148776
154900,0.21254083514213562,1782744124.4091737
155000,0.7323487997055054,1782744130.1496558
155100,0.26380687952041626,1782744136.0775092
155200,0.14532187581062317,1782744141.9146273
155300,0.19139373302459717,1782744148.0270905
155400,0.24637800455093384,1782744153.8880146
155500,0.11577475070953369,1782744159.5001316
155600,0.1253557950258255,1782744165.2715056
155700,0.07665739953517914,1782744171.3386762
155800,0.15468385815620422,1782744176.9963934
155900,0.06534509360790253,1782744182.6681292
156000,0.19946300983428955,1782744188.479123
156100,0.2255379557609558,1782744194.2262168
156200,0.10879449546337128,1782744200.2254717
156300,0.06568969786167145,1782744206.0025465
156400,0.06504829227924347,1782744211.7941656
156500,0.10212605446577072,1782744217.4218166
156600,0.11884581297636032,1782744223.136074
156700,1.083145022392273,1782744228.935843
156800,0.1503017246723175,1782744234.7774155
156900,0.0704592764377594,1782744240.4483352
157000,0.08210911601781845,1782744246.0789893
157100,0.55147385597229,1782744252.045936
157200,0.10803050547838211,1782744257.574747
157300,2.1913201808929443,1782744263.250576
157400,0.06987357139587402,1782744269.133219
157500,0.05479097366333008,1782744274.6868737
157600,0.1871984452009201,1782744280.6404786
157700,0.054777562618255615,1782744286.4693215
157800,0.11010250449180603,1782744292.0991094
157900,0.19560061395168304,1782744297.905812
158000,0.07470118999481201,1782744303.7173526
158100,0.18225808441638947,1782744309.6299658
158200,0.11534874141216278,1782744315.4859676
158300,0.06171895191073418,1782744321.2362514
158400,1.3212529420852661,1782744327.0256805
158500,0.11864695698022842,1782744332.8858378
158600,0.5426092147827148,1782744338.572419
158700,0.11844708770513535,1782744344.3310149
158800,0.07876139134168625,1782744350.0698617
158900,0.1080298200249672,1782744355.7492635
159000,0.06902576982975006,1782744361.6411288
159100,0.10710140317678452,1782744367.2372599
159200,0.15076178312301636,1782744373.1546772
159300,0.2991151511669159,1782744379.0409055
159400,0.3181297779083252,1782744384.73224
159500,0.12385804206132889,1782744390.415753
159600,0.13742972910404205,1782744396.2423985
159700,0.06631834805011749,1782744401.9832275
159800,0.18119460344314575,1782744407.8429334
159900,0.5421463847160339,1782744413.5939803
160000,0.1252973973751068,1782744419.5962284
160100,0.11198778450489044,1782744425.5114136
160200,0.08843620121479034,1782744431.2770622
160300,0.07025566697120667,1782744437.1618805
160400,0.061364252120256424,1782744443.0821173
160500,0.11073217540979385,1782744448.9496546
160600,0.16979175806045532,1782744454.6193993
160700,0.1446327567100525,1782744460.3324752
160800,0.17007242143154144,1782744466.3097548
160900,0.17819058895111084,1782744472.3046
161000,0.20146921277046204,1782744478.2361426
161100,0.11799393594264984,1782744484.018007
161200,0.06483333557844162,1782744489.6790853
161300,1.864094614982605,1782744495.6942658
161400,0.06959106028079987,1782744501.6531167
161500,0.24765655398368835,1782744507.2843971
161600,0.27473723888397217,1782744513.1076534
161700,0.08411901444196701,1782744518.971998
161800,0.09503227472305298,1782744524.683388
161900,0.13359734416007996,1782744530.432758
162000,0.06987753510475159,1782744536.0910482
162100,0.08814377337694168,1782744541.801634
162200,0.08565100282430649,1782744547.644369
162300,0.16848798096179962,1782744553.4447112
162400,0.8937602043151855,1782744559.4078693
162500,0.22842392325401306,1782744565.5233395
162600,0.17908987402915955,1782744571.5021338
162700,0.17524364590644836,1782744577.2840621
162800,0.11052672564983368,1782744583.128327
162900,0.0692232996225357,1782744589.0216057
163000,0.12439844012260437,1782744594.7653527
163100,0.4028974175453186,1782744600.695117
163200,0.1690727025270462,1782744606.6136518
163300,0.05327325686812401,1782744612.6164842
163400,0.0887424498796463,1782744618.3984888
163500,0.06260502338409424,1782744624.335458
163600,0.27056172490119934,1782744630.0569746
163700,0.1911592334508896,1782744636.0872
163800,0.10005716979503632,1782744641.8464873
163900,0.14405521750450134,1782744647.58583
164000,0.41409119963645935,1782744653.4842112
164100,0.1787426471710205,1782744659.2814147
164200,1.939972996711731,1782744665.0874205
164300,0.06174527853727341,1782744671.0103304
164400,0.078423872590065,1782744676.8520029
164500,0.08692094683647156,1782744682.603027
164600,0.08563186228275299,1782744688.6662242
164700,0.29230645298957825,1782744694.435954
164800,0.06688877195119858,1782744700.3604965
164900,0.14898934960365295,1782744706.1838303
165000,0.1383398026227951,1782744711.865134
165100,0.15531735122203827,1782744717.7238545
165200,0.16771164536476135,1782744723.65326
165300,0.1858864426612854,1782744729.650117
165400,0.08548157662153244,1782744735.649213
165500,0.079168900847435,1782744741.3541524
165600,0.5325412154197693,1782744747.3136108
165700,0.04966290667653084,1782744753.2479336
165800,0.08199846744537354,1782744759.5286126
165900,0.09798622131347656,1782744765.422222
166000,0.08588837832212448,1782744771.4711223
166100,0.07560180872678757,1782744777.3428762
166200,0.09251715242862701,1782744783.4221942
166300,0.11752772331237793,1782744789.3419278
166400,0.21436990797519684,1782744795.0561152
166500,0.25033608078956604,1782744801.1862497
166600,0.13052064180374146,1782744807.0020561
166700,0.07617557048797607,1782744812.7030091
166800,0.05469968542456627,1782744818.6262999
166900,0.15006373822689056,1782744824.5049875
167000,0.07237421721220016,1782744830.5329385
167100,0.07329835742712021,1782744836.2999952
167200,0.10405346751213074,1782744842.2165003
167300,0.11609972268342972,1782744847.820714
167400,0.2675437927246094,1782744853.7426329
167500,0.1986534297466278,1782744859.5193393
167600,0.07827781140804291,1782744865.4183836
167700,0.15141449868679047,1782744871.3238838
167800,0.36603349447250366,1782744877.2638965
167900,0.09333956241607666,1782744883.291602
168000,1.899194598197937,1782744889.171012
168100,1.4183915853500366,1782744894.9529366
168200,0.28593772649765015,1782744900.677479
168300,0.09378133714199066,1782744906.688733
168400,0.09155964106321335,1782744912.4175992
168500,0.06070529296994209,1782744918.3856103
168600,0.07725600898265839,1782744924.1049595
168700,0.09381483495235443,1782744929.96914
168800,0.054688744246959686,1782744935.809518
168900,0.14250586926937103,1782744941.4758203
169000,0.09990349411964417,1782744947.3126607
169100,0.08146944642066956,1782744953.0512938
169200,0.0720665454864502,1782744959.101128
169300,2.2045042514801025,1782744964.8523612
169400,0.5344308614730835,1782744970.917197
169500,0.1078152060508728,1782744976.6808898
169600,0.13291741907596588,1782744982.6138175
169700,0.08633147180080414,1782744988.4401429
169800,0.1424620896577835,1782744994.307914
169900,0.36502134799957275,1782745000.1213908
170000,0.4918299913406372,1782745005.896345
170100,0.19204288721084595,1782745011.9332035
170200,0.23277731239795685,1782745017.7479804
170300,0.19431892037391663,1782745023.6693285
170400,0.315937340259552,1782745029.4706535
170500,0.0731220543384552,1782745035.0955276
170600,0.062025006860494614,1782745041.0303833
170700,0.07407082617282867,1782745046.741929
170800,0.2331293225288391,1782745052.5413136
170900,0.17851129174232483,1782745058.2516572
171000,0.23167100548744202,1782745064.3040113
171100,0.19377586245536804,1782745070.0892262
171200,0.19767268002033234,1782745076.131795
171300,0.15086163580417633,1782745081.9848008
171400,0.1592862606048584,1782745087.6331983
171500,0.20413638651371002,1782745093.5054848
171600,0.2535117566585541,1782745099.2676172
171700,0.14953409135341644,1782745105.0963728
171800,0.2706488370895386,1782745110.9761767
171900,0.10233113169670105,1782745116.7491693
172000,0.10076411068439484,1782745122.5823338
172100,0.17499321699142456,1782745128.4409454
172200,0.10000152885913849,1782745134.368757
172300,0.17656487226486206,1782745140.0926003
172400,0.19606581330299377,1782745145.9868712
172500,0.22219589352607727,1782745151.8671362
172600,0.1546797752380371,1782745157.681618
172700,0.18507850170135498,1782745163.6064467
172800,0.14210781455039978,1782745169.3489764
172900,0.20017501711845398,1782745175.1703823
173000,0.11644876003265381,1782745181.1479154
173100,0.09941350668668747,1782745186.9110255
173200,0.34538137912750244,1782745192.7972245
173300,0.2103428691625595,1782745198.5365767
173400,0.0757775604724884,1782745204.297712
173500,0.1543542593717575,1782745210.0152433
173600,0.05864173173904419,1782745215.8802142
173700,0.1053863912820816,1782745221.5080807
173800,0.18732528388500214,1782745227.3189273
173900,0.11730840802192688,1782745233.2061136
174000,0.09671230614185333,1782745238.867722
174100,0.09770900011062622,1782745244.5403876
174200,0.13973566889762878,1782745250.4142776
174300,0.09518181532621384,1782745256.1771555
174400,0.7649834156036377,1782745262.1224422
174500,0.062015995383262634,1782745267.7428415
174600,0.11982351541519165,1782745273.7496328
174700,0.20061926543712616,1782745279.6235423
174800,0.09238402545452118,1782745285.5053933
174900,0.14576327800750732,1782745291.322247
175000,3.18906831741333,1782745297.137447
175100,0.09716837108135223,1782745430.7440832
175200,0.08045443892478943,1782745436.4518292
175300,0.5302178859710693,1782745442.1299403
175400,0.14991576969623566,1782745447.904184
175500,0.08100086450576782,1782745453.5528545
175600,0.07682286202907562,1782745459.252804
175700,0.17445048689842224,1782745465.0155294
175800,0.08096595108509064,1782745470.7515757
175900,0.0750085860490799,1782745476.79978
176000,0.06333038955926895,1782745482.5692391
176100,0.06859471648931503,1782745488.4175723
176200,0.07048548758029938,1782745494.0886948
176300,0.2013099193572998,1782745499.9685438
176400,0.20243379473686218,1782745505.6893635
176500,0.12283715605735779,1782745511.654233
176600,0.10169699788093567,1782745517.4865143
176700,0.0661332979798317,1782745523.2040384
176800,0.14070211350917816,1782745529.1019113
176900,0.05489717423915863,1782745534.8570168
177000,0.0744108110666275,1782745540.6542006
177100,0.11896104365587234,1782745546.5291364
177200,0.493603378534317,1782745552.353924
177300,0.06176533177495003,1782745558.0326846
177400,0.41925984621047974,1782745563.8431468
177500,0.06868357956409454,1782745569.4349031
177600,1.8242446184158325,1782745575.3073542
177700,0.08464378118515015,1782745580.9403007
177800,0.07735896855592728,1782745586.7816067
177900,0.11099936068058014,1782745592.640139
178000,0.07324747741222382,1782745598.2771683
178100,0.16115455329418182,1782745604.0071518
178200,0.14787355065345764,1782745609.932467
178300,0.1377142369747162,1782745615.9392755
178400,0.15520386397838593,1782745621.7179317
178500,1.5724166631698608,1782745627.5344234
178600,0.1645234227180481,1782745633.4561346
178700,0.08689069002866745,1782745639.2070065
178800,0.0758870467543602,1782745644.932977
178900,0.24160224199295044,1782745650.6839864
179000,0.3022073209285736,1782745656.199349
179100,0.06987620890140533,1782745661.8897483
179200,0.1717948317527771,1782745667.658793
179300,0.3149696886539459,1782745673.3890045
179400,0.10167589783668518,1782745679.2019134
179500,0.08186600357294083,1782745685.0781825
179600,0.12737643718719482,1782745690.8082995
179700,0.09604482352733612,1782745696.6904442
179800,0.0888579711318016,1782745702.35151
179900,0.13506583869457245,1782745708.013956
180000,0.1431596577167511,1782745713.759178
180100,0.13793425261974335,1782745719.4425623
180200,0.07004424184560776,1782745725.275686
180300,1.262033462524414,1782745731.0683136
180400,0.08658711612224579,1782745736.6598184
180500,0.08095355331897736,1782745742.2938628
180600,0.20363260805606842,1782745748.0418744
180700,0.10736013948917389,1782745753.6651177
180800,0.07619678974151611,1782745759.3012242
180900,0.11979982256889343,1782745765.1617634
181000,0.15706691145896912,1782745771.188288
181100,0.06796257197856903,1782745776.8270583
181200,0.0656951293349266,1782745782.7171955
181300,0.14690378308296204,1782745788.3741927
181400,0.15236589312553406,1782745794.098483
181500,0.09731613099575043,1782745800.0984306
181600,0.09699635207653046,1782745805.7856214
181700,0.09013652801513672,1782745811.7403107
181800,0.12905322015285492,1782745817.5675328
181900,0.10322803258895874,1782745823.3859603
182000,0.9240787625312805,1782745829.3339226
182100,1.246819019317627,1782745835.0727885
182200,0.08355633914470673,1782745840.7923722
182300,0.2585752606391907,1782745846.741189
182400,3.575857162475586,1782745852.6192408
182500,0.22206252813339233,1782745858.2340417
182600,0.10467654466629028,1782745863.9497721
182700,0.0809861496090889,1782745869.5504649
182800,0.1442355215549469,1782745875.3552177
182900,0.113420769572258,1782745881.1435766
183000,0.10009779036045074,1782745886.8903654
183100,0.11266157031059265,1782745892.6126702
183200,0.07867000997066498,1782745898.353332
183300,0.0707939937710762,1782745904.218891
183400,0.05950513482093811,1782745910.0660515
183500,0.07173566520214081,1782745915.6444092
183600,0.06736163794994354,1782745921.32042
183700,0.1312946081161499,1782745926.9666252
183800,0.7966083884239197,1782745932.6270216
183900,0.0650692731142044,1782745938.6061773
184000,0.4405132234096527,1782745944.5384808
184100,0.1082499697804451,1782745950.1849751
184200,0.1705169975757599,1782745956.0827527
184300,1.596541166305542,1782745961.842197
184400,0.9381688237190247,1782745967.5390275
184500,0.11195090413093567,1782745973.2365844
184600,0.10879084467887878,1782745978.8929586
184700,0.12990163266658783,1782745984.7681122
184800,0.06197662651538849,1782745990.6807132
184900,0.05112229287624359,1782745996.4050062
185000,0.09438365697860718,1782746002.4610562
185100,0.6899026036262512,1782746008.4082158
185200,0.062430426478385925,1782746014.2848163
185300,0.1474369466304779,1782746019.9549694
185400,0.14584702253341675,1782746025.871921
185500,0.3698858618736267,1782746031.6815763
185600,0.0972602516412735,1782746037.3084128
185700,0.11001789569854736,1782746043.3717046
185800,4.358214378356934,1782746049.325356
185900,3.5745441913604736,1782746055.2388694
186000,0.09223969280719757,1782746060.9000788
186100,0.07898107916116714,1782746066.7536876
186200,0.07601962983608246,1782746072.5552876
186300,0.06993565708398819,1782746078.437057
186400,0.08579271286725998,1782746084.419079
186500,0.5419155359268188,1782746090.2207994
186600,0.12761914730072021,1782746096.2381554
186700,0.08794306218624115,1782746102.0219305
186800,0.0983961820602417,1782746107.648124
186900,0.24168013036251068,1782746113.5524454
187000,0.05381357669830322,1782746119.495
187100,0.06908769905567169,1782746125.5541315
187200,0.09208810329437256,1782746131.2438378
187300,0.25781258940696716,1782746137.21771
187400,0.08346176147460938,1782746143.0955303
187500,0.8850389122962952,1782746148.8960679
187600,0.05223450809717178,1782746154.5858543
187700,0.31423845887184143,1782746160.4662597
187800,0.1192072331905365,1782746166.3229687
187900,0.08094950020313263,1782746172.2502038
188000,0.11584459245204926,1782746178.084498
188100,0.12566688656806946,1782746183.902177
188200,0.09612420201301575,1782746189.783001
188300,0.12313693016767502,1782746195.7977505
188400,0.2063414454460144,1782746201.7034404
188500,0.0816819965839386,1782746207.6751256
188600,0.09875982254743576,1782746213.3504767
188700,0.1453540325164795,1782746219.2468276
188800,0.2559422254562378,1782746224.9035134
188900,0.09831267595291138,1782746230.802381
189000,0.07778489589691162,1782746236.6469061
189100,0.3118095397949219,1782746242.3292935
189200,0.09169802069664001,1782746248.2066855
189300,0.07106277346611023,1782746254.0275047
189400,0.11538377404212952,1782746259.815912
189500,0.07964794337749481,1782746265.4960172
189600,0.1420482099056244,1782746271.50716
189700,0.1123272255063057,1782746277.362299
189800,0.1110486313700676,1782746283.0968096
189900,0.08469727635383606,1782746288.9141924
190000,0.10654853284358978,1782746294.795606
190100,0.2987291216850281,1782746300.5308967
190200,0.14242082834243774,1782746306.5210223
190300,0.10065038502216339,1782746312.2890341
190400,0.10359814763069153,1782746317.9751966
190500,0.07222022116184235,1782746323.8163044
190600,0.08166032284498215,1782746329.96341
190700,0.076104536652565,1782746335.971253
190800,0.11691518127918243,1782746341.743658
190900,0.16421829164028168,1782746347.4397643
191000,0.0972546935081482,1782746353.0995574
191100,0.4402588903903961,1782746358.9381895
191200,0.09446684271097183,1782746364.668419
191300,0.1675998866558075,1782746370.640731
191400,0.12427893280982971,1782746376.4312804
191500,0.1286383718252182,1782746382.2027864
191600,0.16004455089569092,1782746388.065494
191700,0.056084759533405304,1782746393.7056592
191800,0.10483267903327942,1782746399.3603942
191900,0.10632042586803436,1782746405.127555
192000,0.806492030620575,1782746410.7770383
192100,2.9901468753814697,1782746416.6405406
192200,0.2445741444826126,1782746422.4355328
192300,0.17249605059623718,1782746428.5184815
192400,0.2701547145843506,1782746434.4409912
192500,0.05667468160390854,1782746440.3263223
192600,1.0937355756759644,1782746446.2345572
192700,2.5513508319854736,1782746452.151914
192800,0.32130166888237,1782746458.0044305
192900,0.14142367243766785,1782746463.9989166
193000,0.13744017481803894,1782746469.9627426
193100,0.16878756880760193,1782746475.6367466
193200,0.13651108741760254,1782746481.5706
193300,0.41094833612442017,1782746487.5955577
193400,0.17816230654716492,1782746493.281314
193500,0.25194647908210754,1782746499.3183377
193600,0.32958948612213135,1782746505.020126
193700,0.26514971256256104,1782746510.7652872
193800,1.2708243131637573,1782746516.5824978
193900,0.5104672312736511,1782746522.417256
194000,0.26954448223114014,1782746528.4335728
194100,1.0475014448165894,1782746534.3842993
194200,0.4344835877418518,1782746540.165749
194300,0.09372945874929428,1782746545.8388407
194400,1.1355482339859009,1782746551.4237268
194500,0.062332846224308014,1782746557.2594008
194600,1.8903225660324097,1782746562.9369786
194700,0.13454726338386536,1782746568.654448
194800,0.09442371129989624,1782746574.3842099
194900,0.07833380997180939,1782746580.1294649
195000,0.0633620098233223,1782746586.1155658
195100,0.2581772208213806,1782746591.9273427
195200,0.1488688737154007,1782746597.9901655
195300,0.11390370875597,1782746603.7499993
195400,0.3208908438682556,1782746609.5216985
195500,0.08867897838354111,1782746615.5566027
195600,0.2786228060722351,1782746621.2549849
195700,0.06313924491405487,1782746627.2943075
195800,2.255650043487549,1782746633.2234726
195900,0.08688585460186005,1782746638.9752762
196000,0.04384477064013481,1782746644.8587186
196100,0.4970567226409912,1782746650.8441625
196200,0.07902775704860687,1782746656.6815424
196300,0.07518818974494934,1782746662.5555015
196400,0.08434932678937912,1782746668.251317
196500,0.06806620210409164,1782746673.876557
196600,0.15214478969573975,1782746679.9870782
196700,0.1623702496290207,1782746686.0498974
196800,0.4115753471851349,1782746691.8699443
196900,0.07586778700351715,1782746697.7103186
197000,0.24463406205177307,1782746703.6319265
197100,0.2785192131996155,1782746709.3850365
197200,0.0602567158639431,1782746715.1310234
197300,5.3282318115234375,1782746720.9490914
197400,0.0886915773153305,1782746726.7693076
197500,0.12435240298509598,1782746732.5625057
197600,2.7487313747406006,1782746738.297058
197700,0.10016140341758728,1782746744.192035
197800,0.0963784009218216,1782746750.05234
197900,0.26610055565834045,1782746755.750753
198000,0.08407025039196014,1782746761.571866
198100,0.1484023779630661,1782746767.2761517
198200,0.2212296426296234,1782746773.0547316
198300,0.05992329865694046,1782746778.8745046
198400,0.15512743592262268,1782746784.5374672
198500,0.22718346118927002,1782746790.4156818
198600,0.24999462068080902,1782746796.228152
198700,0.08171418309211731,1782746801.9375598
198800,0.3491022288799286,1782746807.5958543
198900,0.0756516382098198,1782746813.4089062
199000,0.1220254898071289,1782746819.1350935
199100,0.09180844575166702,1782746824.8907554
199200,0.24625912308692932,1782746830.64862
199300,0.13733066618442535,1782746836.4387197
199400,0.06489062309265137,1782746842.2977622
199500,0.07348201423883438,1782746848.0406985
199600,0.05973242223262787,1782746854.060874
199700,0.1273285448551178,1782746859.7284944
199800,2.1607699394226074,1782746865.389358
199900,0.08187047392129898,1782746871.0772116
200000,0.06018539518117905,1782746876.8672872
200100,0.7037527561187744,1782747043.527325
200200,0.3764162063598633,1782747049.264963
200300,0.27104324102401733,1782747054.967563
200400,0.17629800736904144,1782747060.7529807
200500,0.1490371972322464,1782747066.3842444
200600,0.12193512171506882,1782747072.1875732
200700,0.11975598335266113,1782747077.7909346
200800,0.10429494827985764,1782747083.5580735
200900,0.15992018580436707,1782747089.2664437
201000,0.2122189849615097,1782747094.9352975
201100,0.08397645503282547,1782747100.4751537
201200,0.12569719552993774,1782747106.1399488
201300,0.07404891401529312,1782747111.9410167
201400,1.2854695320129395,1782747117.7298472
201500,1.0587310791015625,1782747123.6949372
201600,0.042239077389240265,1782747129.6887655
201700,3.1680052280426025,1782747135.431106
201800,2.2158126831054688,1782747141.073885
201900,0.06526962667703629,1782747146.8447318
202000,0.029103972017765045,1782747152.55516
202100,0.0947214812040329,1782747158.3010368
202200,0.06976268440485,1782747164.1823373
202300,0.11160880327224731,1782747170.021132
202400,0.16894344985485077,1782747175.6842365
202500,0.15146130323410034,1782747181.561794
202600,0.07672043144702911,1782747187.3567932
202700,2.4429984092712402,1782747193.176218
202800,0.06582868844270706,1782747198.8668642
202900,0.09717912971973419,1782747204.6947975
203000,0.1515744924545288,1782747210.5269246
203100,0.09682738780975342,1782747216.3039045
203200,0.38522306084632874,1782747222.2357695
203300,0.0846332535147667,1782747227.9405866
203400,0.11932806670665741,1782747233.8438246
203500,0.1430162489414215,1782747239.5695915
203600,0.6542360782623291,1782747245.360476
203700,0.2276143729686737,1782747251.1572642
203800,0.080067478120327,1782747256.8752832
203900,0.09790082275867462,1782747263.1926355
204000,0.060455143451690674,1782747269.0200167
204100,2.9265334606170654,1782747274.8329244
204200,0.10836312174797058,1782747280.5537097
204300,0.05597987398505211,1782747286.2925272
204400,0.7163912057876587,1782747292.124958
204500,0.14293204247951508,1782747297.9725385
204600,0.05968600511550903,1782747303.770865
204700,0.050747595727443695,1782747309.7680547
204800,0.0770217776298523,1782747315.4174201
204900,0.10369807481765747,1782747321.0927975
205000,0.10650423169136047,1782747326.6777043
205100,0.05053272470831871,1782747332.3909564
205200,0.07611492276191711,1782747338.003011
205300,0.05490473657846451,1782747343.8427365
205400,0.11625583469867706,1782747349.5477333
205500,0.21020357310771942,1782747355.4046762
205600,1.1273739337921143,1782747360.9945354
205700,0.09913671761751175,1782747366.720043
205800,0.04867124184966087,1782747372.4854705
205900,1.5501611232757568,1782747378.2552276
206000,0.07511217892169952,1782747383.9729042
206100,0.08591210842132568,1782747389.88488
206200,0.2769549489021301,1782747395.8978722
206300,0.09012472629547119,1782747401.7837408
206400,0.11735650897026062,1782747407.4338908
206500,0.10592003166675568,1782747413.3534892
206600,0.2531771659851074,1782747419.0001698
206700,0.07282936573028564,1782747424.7503738
206800,0.0693848580121994,1782747430.3840988
206900,0.07922567427158356,1782747436.1971903
207000,0.057999007403850555,1782747442.0245228
207100,0.06781652569770813,1782747447.8370957
207200,0.05167446285486221,1782747453.6720467
207300,0.057600051164627075,1782747459.4717891
207400,0.047818198800086975,1782747465.4531815
207500,0.054585739970207214,1782747471.1371176
207600,0.06615862250328064,1782747476.7529743
207700,0.06864181905984879,1782747482.378078
207800,1.0188159942626953,1782747487.9965706
207900,0.07755469530820847,1782747493.693005
208000,0.06916843354701996,1782747499.5325198
208100,1.4453381299972534,1782747505.166506
208200,0.07909411191940308,1782747510.9913943
208300,0.06733566522598267,1782747516.8573399
208400,0.06276802718639374,1782747522.4323115
208500,0.09698596596717834,1782747528.2800276
208600,0.15314948558807373,1782747533.8198776
208700,0.051848918199539185,1782747539.6407807
208800,0.06872495263814926,1782747545.2592585
208900,0.08311210572719574,1782747550.952843
209000,0.08104711771011353,1782747556.776652
209100,0.07917822897434235,1782747562.5750506
209200,0.05182447284460068,1782747568.4045715
209300,0.08799761533737183,1782747574.2794805
209400,0.10405818372964859,1782747579.9189599
209500,0.07833215594291687,1782747585.752917
209600,0.04403015971183777,1782747591.5506332
209700,0.3653488755226135,1782747597.1974597
209800,0.052057065069675446,1782747603.2168262
209900,2.3891236782073975,1782747608.9106884
210000,0.059495676308870316,1782747614.7583647
210100,0.147234708070755,1782747620.5095525
210200,0.45638594031333923,1782747626.377285
210300,0.05877828970551491,1782747632.2204864
210400,0.30232006311416626,1782747638.0254352
210500,0.10601165890693665,1782747643.7525442
210600,0.048266783356666565,1782747649.5652993
210700,0.10956050455570221,1782747655.6100092
210800,0.1476791799068451,1782747661.4913948
210900,0.11298470944166183,1782747667.558327
211000,0.1897767335176468,1782747673.2706795
211100,0.7718987464904785,1782747679.0199218
211200,0.24418199062347412,1782747684.8714576
211300,0.07786157727241516,1782747690.8175988
211400,1.9127590656280518,1782747696.65079
211500,0.06314298510551453,1782747702.5910976
211600,0.05957099795341492,1782747708.292498
211700,0.05871611833572388,1782747714.13447
211800,0.1288037747144699,1782747719.76819
211900,0.038308702409267426,1782747725.6607523
212000,0.05648206174373627,1782747731.3972752
212100,0.04046672582626343,1782747737.4687476
212200,0.09008730947971344,1782747743.1505678
212300,0.04452447220683098,1782747748.8612015
212400,0.46118950843811035,1782747754.5282426
212500,0.18395468592643738,1782747760.5034335
212600,0.07741453498601913,1782747766.2032876
212700,0.13380387425422668,1782747771.9560769
212800,0.050400786101818085,1782747777.74131
212900,1.8981568813323975,1782747783.6944304
213000,3.19289493560791,1782747789.5063765
213100,0.04451902210712433,1782747795.3858986
213200,0.11763626337051392,1782747801.2997606
213300,0.03816210478544235,1782747807.4155402
213400,0.058176204562187195,1782747813.25166
213500,0.05649633705615997,1782747819.222485
213600,0.09725680202245712,1782747824.9763107
213700,0.1021696999669075,1782747830.9032328
213800,0.09541811794042587,1782747837.0287623
213900,2.0940756797790527,1782747842.7652988
214000,0.0792449563741684,1782747848.5100884
214100,0.1096346452832222,1782747854.5625305
214200,0.08753512799739838,1782747860.3758605
214300,2.2231481075286865,1782747866.2707965
214400,0.04554222524166107,1782747872.1205022
214500,0.042163752019405365,1782747878.134752
214600,0.06411176174879074,1782747884.0960703
214700,0.09188561141490936,1782747890.398597
214800,0.04933594912290573,1782747896.1820276
214900,0.10611161589622498,1782747902.1173124
215000,0.048171352595090866,1782747907.8250754
215100,0.07161318510770798,1782747913.8194678
215200,0.061918072402477264,1782747919.7727473
215300,0.051860444247722626,1782747925.497254
215400,0.06007344648241997,1782747931.2770727
215500,0.06312474608421326,1782747937.0377617
215600,0.08065608143806458,1782747942.926264
215700,0.09778142720460892,1782747948.8650784
215800,4.7120137214660645,1782747954.5040216
215900,0.1061578169465065,1782747960.339717
216000,0.10208772122859955,1782747966.1717596
216100,0.07656621187925339,1782747972.3019688
216200,0.3282589912414551,1782747978.2748234
216300,0.08816196024417877,1782747983.9980314
216400,0.09709791839122772,1782747989.8922863
216500,0.18446582555770874,1782747995.6716897
216600,2.0947906970977783,1782748001.6885366
216700,0.057229794561862946,1782748007.6579404
216800,0.06662333756685257,1782748013.5158396
216900,0.08344370871782303,1782748019.2545052
217000,0.07434682548046112,1782748024.870045
217100,0.329367995262146,1782748030.492414
217200,0.06055309996008873,1782748036.481833
217300,0.050686754286289215,1782748042.3032968
217400,0.20678476989269257,1782748048.0848927
217500,2.135916233062744,1782748053.838279
217600,0.04124573990702629,1782748059.6015544
217700,0.06121809780597687,1782748065.0872052
217800,0.10993874073028564,1782748070.9771023
217900,0.14507842063903809,1782748076.9234376
218000,0.23331281542778015,1782748082.90268
218100,0.11166651546955109,1782748089.210048
218200,0.07389532029628754,1782748094.989959
218300,0.079582080245018,1782748101.1706245
218400,0.11701036989688873,1782748107.1285794
218500,0.07102831453084946,1782748113.1844563
218600,0.2607026696205139,1782748119.1717515
218700,0.08614524453878403,1782748125.3795478
218800,0.05849360674619675,1782748131.387632
218900,0.21051299571990967,1782748137.532524
219000,0.08231288194656372,1782748143.833554
219100,0.04700440913438797,1782748149.8174534
219200,0.10203655064105988,1782748155.8028896
219300,0.14788083732128143,1782748161.7962666
219400,0.0513288788497448,1782748167.9655452
219500,0.06718872487545013,1782748174.090935
219600,0.06408677995204926,1782748180.2649803
219700,0.03993789106607437,1782748186.3192227
219800,0.07901489734649658,1782748192.5220087
219900,0.17469757795333862,1782748198.5774536
220000,0.044545918703079224,1782748204.7049282
220100,0.044234491884708405,1782748210.8440647
220200,0.07006407529115677,1782748216.948284
220300,0.16254964470863342,1782748223.0266514
220400,0.09542164206504822,1782748229.086659
220500,0.05836547166109085,1782748235.0384235
220600,0.14965368807315826,1782748241.149162
220700,0.08805045485496521,1782748247.2055264
220800,0.11416954547166824,1782748253.3316858
220900,0.07374252378940582,1782748259.4454508
221000,0.08934243768453598,1782748265.526599
221100,0.11544451117515564,1782748271.595947
221200,0.03975651413202286,1782748277.456702
221300,0.08665815740823746,1782748283.3749146
221400,0.06133415177464485,1782748289.622182
221500,2.091162919998169,1782748295.8569932
221600,0.11428765952587128,1782748302.0114107
221700,0.07002341747283936,1782748308.1338265
221800,0.19337239861488342,1782748314.1978855
221900,0.1144724115729332,1782748320.1273
222000,0.11037640273571014,1782748326.210139
222100,0.060585491359233856,1782748332.2100196
222200,0.0586148276925087,1782748338.0798311
222300,0.07466506212949753,1782748344.1596396
222400,0.03133515641093254,1782748350.1018121
222500,0.04256542772054672,1782748356.2709458
222600,0.0684378445148468,1782748362.317771
222700,0.07872909307479858,1782748368.2742832
222800,0.04050897806882858,1782748374.2107544
222900,0.16657587885856628,1782748380.4634109
223000,0.03551121801137924,1782748386.3301613
223100,0.4735298156738281,1782748392.501271
223200,2.77190899848938,1782748398.687363
223300,0.06443929672241211,1782748404.644798
223400,0.7521834969520569,1782748410.6657162
223500,0.12218418717384338,1782748417.0097005
223600,0.08416816592216492,1782748422.9635415
223700,0.057859860360622406,1782748429.2817297
223800,0.054073184728622437,1782748435.1617105
223900,0.022556915879249573,1782748441.2021708
224000,0.08185116201639175,1782748447.078153
224100,0.4413834810256958,1782748453.069533
224200,0.045990169048309326,1782748459.0997572
224300,0.047742947936058044,1782748465.0228677
224400,0.1877378225326538,1782748471.0614247
224500,0.05405956506729126,1782748477.0527468
224600,0.4743559956550598,1782748483.1319578
224700,0.372213214635849,1782748489.180356
224800,0.05413499474525452,1782748495.1708171
224900,0.07209452986717224,1782748501.0423524
225000,0.0469542033970356,1782748507.0573182
225100,0.05728314816951752,1782748627.8988733
225200,0.10870353132486343,1782748633.9308436
225300,0.10494095832109451,1782748640.2562358
225400,0.038976699113845825,1782748646.158106
225500,0.0421113520860672,1782748652.3937435
225600,1.0305850505828857,1782748658.389832
225700,0.05039826035499573,1782748664.1616511
225800,0.05974011868238449,1782748670.0830705
225900,3.5341670513153076,1782748676.1908123
226000,0.04667217284440994,1782748682.184112
226100,0.07950685173273087,1782748688.1666524
226200,0.08617790043354034,1782748694.236894
226300,1.1192973852157593,1782748700.5033662
226400,0.10625582933425903,1782748706.4217436
226500,0.06328672170639038,1782748712.5078824
226600,0.06349053978919983,1782748718.5248594
226700,0.04620805382728577,1782748724.5002186
226800,0.1382577270269394,1782748730.3842137
226900,0.05215747654438019,1782748736.6455476
227000,0.13617312908172607,1782748742.5526855
227100,0.07008667290210724,1782748748.5440402
227200,0.05231063440442085,1782748754.67176
227300,1.6370518207550049,1782748760.7372851
227400,0.10093589872121811,1782748766.8108265
227500,0.05158214643597603,1782748772.7188694
227600,0.09115350246429443,1782748779.0446446
227700,0.06486779451370239,1782748785.01942
227800,1.0199898481369019,1782748791.0271711
227900,0.03945474326610565,1782748796.973278
228000,1.2533444166183472,1782748803.00095
228100,0.03968789801001549,1782748809.158217
228200,0.05057626962661743,1782748815.1911144
228300,0.04505440592765808,1782748821.0765243
228400,0.05129728466272354,1782748827.1549041
228500,0.04301290959119797,1782748833.2109404
228600,0.06423058360815048,1782748839.2572038
228700,1.1058940887451172,1782748845.2108843
228800,0.056876469403505325,1782748851.3981144
228900,0.20296362042427063,1782748857.537944
229000,0.1130315512418747,1782748863.716431
229100,0.059038639068603516,1782748869.7249792
229200,0.08139549195766449,1782748875.8295116
229300,0.23841504752635956,1782748881.7618482
229400,0.1040438562631607,1782748887.8017895
229500,0.05046010762453079,1782748894.0335495
229600,0.049250852316617966,1782748900.156937
229700,0.1396881490945816,1782748906.1868837
229800,0.07312807440757751,1782748912.2458763
229900,0.06647348403930664,1782748918.4046612
230000,0.07473187148571014,1782748924.5427787
230100,0.2191334217786789,1782748930.5026653
230200,0.08663687855005264,1782748936.7008162
230300,0.09054652601480484,1782748942.708175
230400,0.15866819024085999,1782748948.6250906
230500,0.052799712866544724,1782748954.8077126
230600,0.21212859451770782,1782748960.572402
230700,0.05830477178096771,1782748966.4238749
230800,0.09459497034549713,1782748972.508119
230900,1.6266626119613647,1782748978.476557
231000,0.04659302532672882,1782748984.4122317
231100,0.05093105137348175,1782748990.7047937
231200,0.05865095928311348,1782748996.621657
231300,0.05744020640850067,1782749002.6708045
231400,0.15152427554130554,1782749008.7422721
231500,0.05585051700472832,1782749014.821045
231600,0.11155282706022263,1782749021.0184424
231700,0.29489651322364807,1782749026.9245021
231800,0.38257673382759094,1782749033.1865695
231900,0.2683308720588684,1782749039.2164004
232000,0.07451847195625305,1782749045.1547031
232100,0.07632361352443695,1782749051.1833417
232200,0.08083130419254303,1782749057.4249964
232300,0.09754382073879242,1782749063.4183903
232400,0.10905606299638748,1782749069.3405085
232500,0.07475317269563675,1782749075.3876188
232600,0.06268668174743652,1782749081.3448203
232700,0.19508060812950134,1782749087.5501897
232800,0.08172483742237091,1782749093.5637665
232900,0.04242273047566414,1782749099.7004542
233000,0.07729645073413849,1782749105.4856591
233100,0.0404704287648201,1782749111.7018058
233200,0.07412376999855042,1782749117.4854283
233300,0.06341375410556793,1782749123.386614
233400,0.06469088047742844,1782749129.2581475
233500,0.05132344365119934,1782749135.1962929
233600,0.05400281772017479,1782749141.1797652
233700,0.20992344617843628,1782749147.1958995
233800,1.6794325113296509,1782749153.4679573
233900,0.09534358978271484,1782749159.6188478
234000,0.08901332318782806,1782749165.7506824
234100,0.04018821194767952,1782749171.7616374
234200,0.056825827807188034,1782749177.624149
234300,0.05901157483458519,1782749183.803815
234400,0.07964672893285751,1782749189.9162164
234500,0.08092185854911804,1782749195.9040706
234600,0.07190587371587753,1782749201.8693914
234700,0.16350050270557404,1782749207.6939807
234800,0.16751620173454285,1782749213.678638
234900,0.309937983751297,1782749219.633511
235000,0.039842136204242706,1782749225.661064
235100,0.06295176595449448,1782749231.438458
235200,0.05728227645158768,1782749237.3904393
235300,0.06532634794712067,1782749243.6841733
235400,0.0999508649110794,1782749249.6267726
235500,0.09407375752925873,1782749255.5831099
235600,0.07147761434316635,1782749261.6432197
235700,2.071586847305298,1782749267.7916765
235800,0.06498561054468155,1782749273.7726183
235900,2.5745129585266113,1782749279.9365213
236000,0.07055362313985825,1782749285.9703813
236100,0.05096518248319626,1782749291.80308
236200,0.16611528396606445,1782749297.762203
236300,0.066099613904953,1782749303.6998477
236400,0.10763182491064072,1782749309.78694
236500,0.07857906073331833,1782749315.686264
236600,0.1324082314968109,1782749321.6515756
236700,0.06050080060958862,1782749327.6057029
236800,0.0791763886809349,1782749333.6156123
236900,0.04134051501750946,1782749339.8368561
237000,0.0909966453909874,1782749345.8861804
237100,0.04886366426944733,1782749352.1912482
237200,0.03884168341755867,1782749358.3317518
237300,0.04746060445904732,1782749364.1834538
237400,0.09021422266960144,1782749370.3017077
237500,0.07420001178979874,1782749376.522979
237600,0.11123912781476974,1782749382.4800189
237700,0.05900266021490097,1782749388.551116
237800,0.04256918281316757,1782749394.5414643
237900,0.14890673756599426,1782749400.6411061
238000,0.053598903119564056,1782749406.4406712
238100,0.23819229006767273,1782749412.8347533
238200,0.1427134871482849,1782749418.8718429
238300,0.3158918023109436,1782749424.950283
238400,0.16252867877483368,1782749430.940292
238500,0.10437662154436111,1782749436.932078
238600,0.0643848180770874,1782749442.9963512
238700,0.04915057122707367,1782749448.811216
238800,0.05660898983478546,1782749454.9068801
238900,0.0765891820192337,1782749460.925109
239000,0.06457175314426422,1782749466.798223
239100,0.4298013150691986,1782749472.819538
239200,0.07574962079524994,1782749478.7984462
239300,0.061317186802625656,1782749484.8066127
239400,0.08581428229808807,1782749490.8355532
239500,0.23083147406578064,1782749497.0814297
239600,0.08383344113826752,1782749503.2703567
239700,0.05760811269283295,1782749509.3836048
239800,0.07718633115291595,1782749515.5038364
239900,0.06376205384731293,1782749521.634829
240000,0.029036909341812134,1782749527.6266048
240100,0.07326162606477737,1782749533.5140655
240200,0.03926869109272957,1782749539.7697237
240300,0.08643065392971039,1782749546.0398085
240400,0.03829515725374222,1782749552.0603387
240500,0.050997987389564514,1782749557.9491591
240600,0.09715468436479568,1782749563.925521
240700,0.06447513401508331,1782749569.827353
240800,0.03990767523646355,1782749575.7253132
240900,0.07500030845403671,1782749581.5894423
241000,0.08972104638814926,1782749587.712768
241100,0.05283205211162567,1782749593.7709005
241200,0.06093087047338486,1782749599.5492404
241300,0.039350591599941254,1782749605.5370429
241400,0.06887009739875793,1782749611.5198667
241500,0.04743324965238571,1782749617.6259778
241600,0.04345089569687843,1782749623.5111284
241700,0.11625316739082336,1782749629.3762076
241800,0.06003853678703308,1782749635.284126
241900,0.211078479886055,1782749641.196797
242000,0.04643666744232178,1782749647.2673314
242100,0.11255551874637604,1782749653.325626
242200,0.05062282830476761,1782749659.1704192
242300,0.142587810754776,1782749665.1971369
242400,0.044431205838918686,1782749671.0962586
242500,0.21371257305145264,1782749677.3385336
242600,0.13124215602874756,1782749683.3569999
242700,0.0867922306060791,1782749689.522552
242800,0.06461907178163528,1782749695.3874154
242900,0.06279061734676361,1782749701.6390574
243000,0.13112415373325348,1782749707.668442
243100,0.13992314040660858,1782749713.6699822
243200,1.5860776901245117,1782749719.6281254
243300,0.07370007783174515,1782749725.5394185
243400,0.1035519689321518,1782749731.837457
243500,0.11913283169269562,1782749737.665515
243600,0.06307058036327362,1782749743.9433904
243700,0.2406833916902542,1782749749.895576
243800,0.07915337383747101,1782749755.7933803
243900,0.10299770534038544,1782749762.0831327
244000,0.14805597066879272,1782749768.4279158
244100,0.07359714806079865,1782749774.5505297
244200,0.08700579404830933,1782749780.511527
244300,0.060385219752788544,1782749786.476832
244400,0.07158035039901733,1782749792.7028866
244500,0.09894034266471863,1782749798.9100711
244600,0.696039617061615,1782749804.9194987
244700,0.06984109431505203,1782749810.8849814
244800,0.49106693267822266,1782749816.9309437
244900,0.0839836448431015,1782749822.8358192
245000,0.9691473245620728,1782749829.0074146
245100,0.23494881391525269,1782749834.9726605
245200,1.1603868007659912,1782749840.7968595
245300,0.07450871169567108,1782749846.8043802
245400,0.09727743268013,1782749852.941118
245500,0.08492562174797058,1782749859.034701
245600,0.03909812122583389,1782749864.9826293
245700,0.07380343973636627,1782749871.044071
245800,0.2092842310667038,1782749877.009498
245900,0.11106516420841217,1782749883.0064578
246000,0.04165363311767578,1782749889.140171
246100,0.09374509751796722,1782749895.1539574
246200,0.07122014462947845,1782749901.1292443
246300,0.08169068396091461,1782749907.044884
246400,0.24002879858016968,1782749913.10446
246500,0.15912574529647827,1782749919.0303712
246600,0.09592083841562271,1782749925.0635126
246700,0.04676293581724167,1782749930.963937
246800,0.08304565399885178,1782749937.1077862
246900,0.1054086908698082,1782749943.1412141
247000,0.07272902876138687,1782749949.2236712
247100,0.049471475183963776,1782749955.2127204
247200,0.11038592457771301,1782749961.3149312
247300,0.11023262143135071,1782749967.2600608
247400,0.4672023057937622,1782749973.583068
247500,0.12641754746437073,1782749979.464084
247600,0.04976398125290871,1782749985.4031253
247700,0.10687567293643951,1782749991.3321438
247800,0.07087548822164536,1782749997.4902956
247900,0.053928881883621216,1782750003.3506413
248000,0.13361386954784393,1782750009.4671757
248100,0.05701085180044174,1782750015.412337
248200,4.010908126831055,1782750021.6449597
248300,0.06612803041934967,1782750027.812173
248400,0.06083451956510544,1782750033.9480345
248500,0.8134583830833435,1782750039.9870965
248600,0.08043140918016434,1782750045.836382
248700,0.1017528772354126,1782750051.782583
248800,0.04362994432449341,1782750057.7396731
248900,0.09296184778213501,1782750063.6542068
249000,0.039653223007917404,1782750069.7096758
249100,2.4561901092529297,1782750075.7315176
249200,0.054085902869701385,1782750081.751722
249300,0.11704569309949875,1782750087.7644553
249400,0.07323162257671356,1782750093.7733002
249500,0.09041627496480942,1782750099.8951557
249600,0.15031388401985168,1782750106.0950608
249700,2.0383684635162354,1782750111.959844
249800,0.11933626234531403,1782750118.0184066
249900,0.06599190086126328,1782750123.9547105
250000,0.23032668232917786,1782750129.8745399
250100,0.11533655226230621,1782750291.9848938
250200,0.09275071322917938,1782750297.7179954
250300,0.032706499099731445,1782750303.4482791
250400,0.07190944254398346,1782750309.300833
250500,0.06621915847063065,1782750315.1430674
250600,0.04451131448149681,1782750321.1093097
250700,0.1191408708691597,1782750327.1513665
250800,0.04864661768078804,1782750333.2223854
250900,0.046178076416254044,1782750339.5145888
251000,0.07571360468864441,1782750345.427045
251100,0.033545032143592834,1782750351.4393346
251200,0.07475034147500992,1782750357.3037255
251300,0.05888820067048073,1782750363.2308109
251400,0.07840901613235474,1782750369.2664356
251500,0.0626726895570755,1782750375.3587732
251600,0.11918092519044876,1782750381.2340415
251700,0.04280468821525574,1782750386.9339697
251800,1.5019382238388062,1782750392.7227662
251900,1.65205979347229,1782750398.4943147
252000,0.07110904902219772,1782750404.5874767
252100,0.19837139546871185,1782750410.3989832
252200,0.055078018456697464,1782750416.2344363
252300,0.07559159398078918,1782750422.184395
252400,0.1231636181473732,1782750428.2807877
252500,0.0743882805109024,1782750434.1103349
252600,0.05301383510231972,1782750440.3861282
252700,0.10585373640060425,1782750446.4016876
252800,0.05025549978017807,1782750452.1702902
252900,0.048917412757873535,1782750458.395807
253000,0.06967088580131531,1782750464.335317
253100,0.06345297396183014,1782750470.1057887
253200,0.16811533272266388,1782750476.384167
253300,0.046614862978458405,1782750482.5341742
253400,0.052670735865831375,1782750488.3598285
253500,0.04419539123773575,1782750494.334835
253600,0.0486212857067585,1782750500.3097975
253700,0.2783111333847046,1782750506.3015788
253800,0.048199526965618134,1782750512.498806
253900,0.056805193424224854,1782750518.2591336
254000,0.06028889864683151,1782750524.204758
254100,0.16542306542396545,1782750530.0742278
254200,0.06329292058944702,1782750536.1968489
254300,0.06479045748710632,1782750542.055364
254400,0.04865065962076187,1782750547.9383678
254500,0.049297235906124115,1782750553.7004313
254600,0.04809246212244034,1782750559.568099
254700,0.043837159872055054,1782750565.4480731
254800,0.05402301251888275,1782750571.5270996
254900,0.12725570797920227,1782750577.440611
255000,0.05400273948907852,1782750583.7374797
255100,0.1277572512626648,1782750589.7774854
255200,0.19241486489772797,1782750595.9698007
255300,0.06063944846391678,1782750602.207122
255400,0.08619113266468048,1782750607.9726577
255500,0.06841958314180374,1782750613.6399515
255600,0.06572329252958298,1782750619.5661736
255700,0.057095810770988464,1782750625.7874727
255800,0.33060896396636963,1782750631.623925
255900,0.16014614701271057,1782750637.957962
256000,0.10771381855010986,1782750644.1372578
256100,0.05482185631990433,1782750650.2424085
256200,0.04404330998659134,1782750656.2697177
256300,0.12475720793008804,1782750662.248541
256400,0.061837390065193176,1782750668.4742162
256500,0.03753142058849335,1782750674.3401015
256600,0.07826969772577286,1782750680.2062464
256700,0.1977362036705017,1782750686.093227
256800,0.043435633182525635,1782750692.0173948
256900,0.035952433943748474,1782750697.9272838
257000,3.1317408084869385,1782750703.7161033
257100,0.11724762618541718,1782750709.712605
257200,0.06582286953926086,1782750715.7362833
257300,0.0896487906575203,1782750721.6889517
257400,0.28164491057395935,1782750727.9307215
257500,0.09767816215753555,1782750733.754015
257600,0.050959616899490356,1782750739.8008454
257700,0.05810098350048065,1782750745.9373777
257800,0.124538853764534,1782750751.8261077
257900,1.288159728050232,1782750757.7121212
258000,0.06607288867235184,1782750763.5388405
258100,0.05392888933420181,1782750769.9475634
258200,0.4051497280597687,1782750776.1623912
258300,0.09286335110664368,1782750782.1820529
258400,0.04898414388298988,1782750788.2392037
258500,0.0969746857881546,1782750794.2757008
258600,0.05313224345445633,1782750800.1580734
258700,1.9235955476760864,1782750806.27664
258800,0.17375385761260986,1782750812.5168023
258900,0.08946891129016876,1782750818.5648603
259000,1.0156611204147339,1782750824.3198845
259100,0.7357118129730225,1782750830.373901
259200,0.05734279751777649,1782750836.1322746
259300,0.12266259640455246,1782750842.3836591
259400,4.456181049346924,1782750848.5472496
259500,0.05323444679379463,1782750854.7559338
259600,0.05799686163663864,1782750860.461126
259700,0.04734262079000473,1782750866.319595
259800,0.046804070472717285,1782750872.3547215
259900,0.0652274638414383,1782750878.034359
260000,0.15026026964187622,1782750883.9875593
260100,0.04801931232213974,1782750889.746267
260200,3.5916433334350586,1782750896.0693922
260300,0.04326005280017853,1782750901.84111
260400,0.03427562117576599,1782750907.8686085
260500,0.3114287257194519,1782750914.085918
260600,2.087902069091797,1782750919.9207246
260700,0.05345285311341286,1782750925.895423
260800,0.08260196447372437,1782750931.7441487
260900,0.13502252101898193,1782750937.5377026
261000,0.09319533407688141,1782750943.2758036
261100,0.051035284996032715,1782750949.9366522
261200,0.0624590665102005,1782750955.900239
261300,0.06342323124408722,1782750961.6160476
261400,0.2579179108142853,1782750967.4711823
261500,0.9395391345024109,1782750973.1633117
261600,0.1568044275045395,1782750979.390223
261700,0.05077231675386429,1782750985.240478
261800,0.22398963570594788,1782750991.1440284
261900,1.1594489812850952,1782750997.1538923
262000,0.05522279441356659,1782751002.7703888
262100,0.07258583605289459,1782751008.6811063
262200,0.05774281173944473,1782751014.9627662
262300,0.05664220079779625,1782751020.6420915
262400,0.10312910377979279,1782751026.6433237
262500,0.8617727756500244,1782751032.2059178
262600,0.05983817204833031,1782751038.0853958
262700,0.12793204188346863,1782751044.061841
262800,0.06481616944074631,1782751049.7210417
262900,0.08060777187347412,1782751055.5700123
263000,0.11685828864574432,1782751061.4153264
263100,0.040428340435028076,1782751067.2174647
263200,0.08549714088439941,1782751073.350466
263300,0.05703384801745415,1782751079.3728712
263400,0.15269804000854492,1782751085.2249384
263500,1.9605014324188232,1782751091.0720956
263600,0.04760484769940376,1782751096.7369776
263700,0.0743289366364479,1782751102.6179507
263800,1.8465430736541748,1782751108.5447376
263900,0.046232085675001144,1782751114.178958
264000,0.0704147219657898,1782751120.2704992
264100,0.04457589238882065,1782751126.1071937
264200,0.13898521661758423,1782751132.407371
264300,4.064791679382324,1782751138.6546957
264400,0.12179827690124512,1782751144.9720256
264500,0.05266529321670532,1782751151.0692298
264600,1.6054266691207886,1782751157.3834202
264700,0.0774163007736206,1782751163.4862118
264800,2.492621898651123,1782751169.5549526
264900,0.2127351611852646,1782751175.7293077
265000,0.06128004193305969,1782751181.748246
265100,0.03890545666217804,1782751187.8354897
265200,0.12754309177398682,1782751193.9675941
265300,0.14418476819992065,1782751200.1050022
265400,0.10856406390666962,1782751206.1072762
265500,1.1234891414642334,1782751212.2554288
265600,0.07147519290447235,1782751218.2904801
265700,0.13265801966190338,1782751224.1802723
265800,0.2942383587360382,1782751230.3270195
265900,0.05234767496585846,1782751236.2944324
266000,0.11541924625635147,1782751242.1618474
266100,0.439351350069046,1782751248.2068717
266200,0.0591222420334816,1782751254.10971
266300,0.12164007127285004,1782751260.0334864
266400,0.07892107963562012,1782751266.1934311
266500,0.09573464840650558,1782751272.2757077
266600,0.09347587823867798,1782751278.210567
266700,0.06173381209373474,1782751284.4443789
266800,0.04646214097738266,1782751290.4879284
266900,0.09509742259979248,1782751296.669364
267000,0.05529910326004028,1782751303.0052419
267100,0.09746234863996506,1782751309.0036361
267200,0.0477583110332489,1782751315.2928176
267300,0.09437865018844604,1782751321.216521
267400,0.08176035434007645,1782751327.3180757
267500,0.06538432091474533,1782751333.6055498
267600,2.946763277053833,1782751339.8287823
267700,1.6626026630401611,1782751345.9518633
267800,0.06388135999441147,1782751351.9654484
267900,0.06598089635372162,1782751358.2898843
268000,0.07776311039924622,1782751364.498721
268100,0.1783546358346939,1782751370.5283544
268200,0.19334676861763,1782751376.6904197
268300,0.8169182538986206,1782751382.6513872
268400,0.05732493847608566,1782751388.8597836
268500,0.09615197032690048,1782751394.9176269
268600,0.05754370242357254,1782751401.0265105
268700,0.05618889629840851,1782751407.143811
268800,0.05056709796190262,1782751413.184575
268900,0.07909040153026581,1782751419.5159655
269000,0.0591559112071991,1782751425.6302633
269100,0.2379472255706787,1782751431.7506902
269200,1.0348732471466064,1782751437.632388
269300,0.1033296138048172,1782751443.618376
269400,0.06264988332986832,1782751449.8061225
269500,0.06540028750896454,1782751456.1357672
269600,0.0738770142197609,1782751461.9506862
269700,0.05721122771501541,1782751467.9756951
269800,0.11456608027219772,1782751474.2180946
269900,0.1836589127779007,1782751480.482225
270000,0.04715746268630028,1782751486.4634533
270100,0.4774284362792969,1782751492.4213948
270200,0.06208459287881851,1782751498.5735533
270300,0.12186461687088013,1782751504.7349563
270400,0.7124403119087219,1782751510.8097537
270500,0.09987174719572067,1782751516.9271588
270600,5.046681880950928,1782751523.1427798
270700,0.28998202085494995,1782751529.1752615
270800,0.07667402923107147,1782751535.3982842
270900,0.061992548406124115,1782751541.3286395
271000,0.06433148682117462,1782751547.6298006
271100,0.053062282502651215,1782751553.8025212
271200,0.07600530982017517,1782751559.7088947
271300,0.05884740501642227,1782751565.7552886
271400,0.08984728157520294,1782751571.8164651
271500,0.17214123904705048,1782751578.096489
271600,0.22926563024520874,1782751584.0308683
271700,0.06734177470207214,1782751590.283103
271800,0.1772112250328064,1782751596.215175
271900,0.12862595915794373,1782751602.3918576
272000,0.12560805678367615,1782751608.4257827
272100,0.13257713615894318,1782751614.3699274
272200,0.11121402680873871,1782751620.7066662
272300,0.10549464076757431,1782751626.7778833
272400,0.09192921221256256,1782751632.8369648
272500,0.14049559831619263,1782751638.7850637
272600,0.15002161264419556,1782751645.0890083
272700,0.5248434543609619,1782751651.0196538
272800,0.055892057716846466,1782751657.1733313
272900,0.3587254285812378,1782751663.0656073
273000,0.08187586814165115,1782751669.173778
273100,2.5140087604522705,1782751675.1218672
273200,0.0515616312623024,1782751681.1733823
273300,0.05304890498518944,1782751687.0901713
273400,0.06635523587465286,1782751693.2870615
273500,0.07290944457054138,1782751699.1986845
273600,0.05146382749080658,1782751705.2333672
273700,0.058515146374702454,1782751711.1412487
273800,0.04820651561021805,1782751717.2728293
273900,0.042454708367586136,1782751723.3510673
274000,0.03414521366357803,1782751729.3129532
274100,0.8988260626792908,1782751735.525005
274200,0.07762547582387924,1782751741.6510277
274300,0.028945930302143097,1782751747.5850039
274400,0.03073871321976185,1782751753.6470947
274500,0.053570911288261414,1782751759.491704
274600,0.29891762137413025,1782751765.458301
274700,0.15926618874073029,1782751771.4536953
274800,0.0486043319106102,1782751777.4336107
274900,0.10614951699972153,1782751783.4552004
275000,0.09249065071344376,1782751789.5906513
275100,0.08095324039459229,1782751959.954844
275200,0.0520198792219162,1782751965.9085774
275300,0.0577298104763031,1782751972.1111364
275400,0.04435843601822853,1782751978.1084707
275500,0.14177197217941284,1782751984.2630632
275600,0.07967987656593323,1782751990.4863992
275700,0.06466003507375717,1782751996.543255
275800,0.45928826928138733,1782752002.4417474
275900,0.08424897491931915,1782752008.617473
276000,0.05883186683058739,1782752014.6092045
276100,0.08734096586704254,1782752020.5154636
276200,0.03607539087533951,1782752026.686993
276300,0.23715952038764954,1782752032.6115062
276400,0.06180371344089508,1782752038.8195925
276500,0.05584075301885605,1782752044.8635178
276600,0.6586465239524841,1782752050.8193164
276700,0.10642806440591812,1782752056.8087041
276800,0.059614233672618866,1782752062.6970015
276900,0.048716917634010315,1782752068.6978614
277000,0.03681286424398422,1782752074.905119
277100,0.07936954498291016,1782752081.005686
277200,0.04418984800577164,1782752086.9690788
277300,0.10182186961174011,1782752093.1562204
277400,0.06212037801742554,1782752099.07039
277500,0.05161336809396744,1782752105.074729
277600,0.19537755846977234,1782752111.1828423
277700,0.0545247383415699,1782752117.0949852
277800,0.1845080554485321,1782752123.1873178
277900,0.14262136816978455,1782752129.1033995
278000,0.08697386085987091,1782752135.0622027
278100,0.06297849863767624,1782752141.1770113
278200,0.44778138399124146,1782752147.0720713
278300,0.11754962801933289,1782752153.3111463
278400,0.11884493380784988,1782752159.528309
278500,0.06400521099567413,1782752165.6015491
278600,0.08235739171504974,1782752171.5420463
278700,0.058225005865097046,1782752177.7502863
278800,0.1298525482416153,1782752183.6892705
278900,0.1220940500497818,1782752189.9001012
279000,0.07276549935340881,1782752196.0778158
279100,0.37803730368614197,1782752202.0329592
279200,0.07335180044174194,1782752208.0387356
279300,0.06359528005123138,1782752214.1854625
279400,0.05510411784052849,1782752220.064334
279500,0.05715332180261612,1782752226.2290494
279600,0.09830342233181,1782752232.1055043
279700,0.09816736727952957,1782752238.0981112
279800,1.3857165575027466,1782752244.0503716
279900,0.06794915348291397,1782752250.1748817
280000,0.05504784360527992,1782752256.2258797
280100,0.06046378239989281,1782752262.283307
280200,0.07657765597105026,1782752268.511289
280300,0.045744482427835464,1782752274.5482159
280400,0.036670029163360596,1782752280.6401772
280500,0.04529278725385666,1782752286.6658714
280600,0.15066540241241455,1782752292.9334855
280700,0.025888029485940933,1782752299.099033
280800,1.8235927820205688,1782752305.0409641
280900,0.08635188639163971,1782752311.2143788
281000,0.1518668234348297,1782752317.3189843
281100,0.08285540342330933,1782752323.356545
281200,0.060634829103946686,1782752329.299143
281300,0.1548527479171753,1782752335.3782625
281400,0.055592507123947144,1782752341.7178094
281500,0.22995105385780334,1782752347.6702707
281600,0.05973883345723152,1782752353.6358035
281700,0.08818209916353226,1782752359.7638037
281800,0.0636308565735817,1782752365.68764
281900,0.1139245331287384,1782752371.7286882
282000,0.14952553808689117,1782752377.681962
282100,0.195736825466156,1782752383.8713439
282200,0.03609856218099594,1782752390.08397
282300,0.15496878325939178,1782752396.2838047
282400,0.12876905500888824,1782752402.4936674
282500,0.07926878333091736,1782752408.625318
282600,0.618991494178772,1782752414.61949
282700,0.11941243708133698,1782752420.9467967
282800,0.047223445028066635,1782752427.10182
282900,0.09850804507732391,1782752433.1094124
283000,0.057868506759405136,1782752439.3950489
283100,0.21882981061935425,1782752445.7334116
283200,0.08523690700531006,1782752451.9210525
283300,0.10911878943443298,1782752457.8315623
283400,0.11385196447372437,1782752463.9128578
283500,3.6519904136657715,1782752470.0676994
283600,0.051707878708839417,1782752476.3246095
283700,0.07828828692436218,1782752482.7535453
283800,0.04127613455057144,1782752488.7106426
283900,0.28823351860046387,1782752494.8824415
284000,0.14836767315864563,1782752500.856261
284100,0.08132867515087128,1782752506.966131
284200,0.037157412618398666,1782752512.9973135
284300,0.06994473189115524,1782752519.2865949
284400,0.0698171928524971,1782752525.2966712
284500,0.07830727100372314,1782752531.5969813
284600,0.055762823671102524,1782752537.753555
284700,0.05466228723526001,1782752543.9816084
284800,0.0500565767288208,1782752550.2281866
284900,0.2527565360069275,1782752556.3884807
285000,0.0550139844417572,1782752562.725352
285100,0.17182447016239166,1782752568.6850636
285200,0.11377252638339996,1782752574.8754914
285300,0.03804608806967735,1782752581.069448
285400,0.06468914449214935,1782752587.3633826
285500,0.06732750684022903,1782752593.4055762
285600,0.06505957990884781,1782752599.3416922
285700,1.5969252586364746,1782752605.3801575
285800,0.3129003643989563,1782752611.3730779
285900,0.055662572383880615,1782752617.2831259
286000,0.6541844606399536,1782752623.3084075
286100,0.03721729665994644,1782752629.3650038
286200,0.05196846276521683,1782752635.6175077
286300,0.11576187610626221,1782752641.7578037
286400,0.1844528615474701,1782752647.892521
286500,0.07617156207561493,1782752654.0716898
286600,0.16721685230731964,1782752660.1430228
286700,0.07307983934879303,1782752666.2743118
286800,0.07567320764064789,1782752672.275503
286900,0.2939588129520416,1782752678.4160666
287000,0.10052705556154251,1782752684.5463116
287100,0.07645558565855026,1782752690.462597
287200,0.0811365395784378,1782752696.391041
287300,0.06007382273674011,1782752702.4577966
287400,0.2995505928993225,1782752708.7294538
287500,0.4853283762931824,1782752714.7357533
287600,0.10213568806648254,1782752720.7775936
287700,0.04520026594400406,1782752726.7991579
287800,0.10989949852228165,1782752732.8513737
287900,0.07332079112529755,1782752738.9048433
288000,0.12368914484977722,1782752744.862494
288100,2.8672940731048584,1782752750.766318
288200,0.0707080066204071,1782752756.7067218
288300,0.050180584192276,1782752763.0095549
288400,0.07576236128807068,1782752768.9763172
288500,0.05341391637921333,1782752775.3872066
288600,0.06239742785692215,1782752781.5263915
288700,0.10031609237194061,1782752787.484269
288800,0.05260718613862991,1782752793.7374358
288900,0.03921637684106827,1782752799.7222984
289000,0.032802749425172806,1782752805.9246342
289100,0.06901740282773972,1782752812.1099443
289200,0.05527503043413162,1782752818.3586917
289300,0.05524291843175888,1782752824.652179
289400,0.0907641276717186,1782752830.8690426
289500,0.44041702151298523,1782752836.9488556
289600,0.14340052008628845,1782752843.257737
289700,0.040427617728710175,1782752849.4769
289800,0.05048041418194771,1782752855.74306
289900,0.05672825127840042,1782752861.8858328
290000,0.10082286596298218,1782752867.882137
290100,0.6030361652374268,1782752874.058217
290200,0.05185859650373459,1782752880.2869542
290300,1.5998114347457886,1782752886.657847
290400,0.0511268675327301,1782752892.5849705
290500,0.03059156984090805,1782752898.7299268
290600,0.06443814933300018,1782752904.7153993
290700,0.0911620706319809,1782752910.8003504
290800,0.16501590609550476,1782752916.7857823
290900,0.06490324437618256,1782752922.9676023
291000,0.05493861436843872,1782752929.0702608
291100,0.08013428002595901,1782752935.165103
291200,0.12852570414543152,1782752941.1413722
291300,1.0329575538635254,1782752947.206135
291400,0.9627354145050049,1782752953.3964748
291500,0.06666205823421478,1782752959.6154468
291600,0.04507898911833763,1782752965.6316864
291700,0.06072218716144562,1782752971.711156
291800,0.04023453965783119,1782752977.956152
291900,0.14725899696350098,1782752983.9750957
292000,0.05855884402990341,1782752989.957885
292100,0.31785842776298523,1782752996.1079724
292200,0.11421404778957367,1782753002.5247188
292300,0.08066187053918839,1782753008.5623503
292400,0.13442884385585785,1782753014.5315669
292500,0.09830351173877716,1782753020.578033
292600,2.8981759548187256,1782753026.6875515
292700,0.0648515522480011,1782753032.7033002
292800,0.1347474753856659,1782753038.642584
292900,0.07857631146907806,1782753044.8934476
293000,0.06498640775680542,1782753050.9700973
293100,0.06357266008853912,1782753057.0063176
293200,0.06351392716169357,1782753063.0184374
293300,0.06458661705255508,1782753069.2330594
293400,0.2460196316242218,1782753075.2038858
293500,0.0433235727250576,1782753081.266644
293600,0.08302848786115646,1782753087.3096237
293700,0.12514950335025787,1782753093.4926684
293800,0.044620707631111145,1782753099.7033463
293900,0.1551743745803833,1782753105.9792507
294000,0.13980978727340698,1782753112.1731484
294100,0.03473854809999466,1782753118.394161
294200,0.11167293787002563,1782753124.561688
294300,0.044896725565195084,1782753130.662868
294400,0.09594966471195221,1782753137.0712652
294500,0.2651693522930145,1782753143.1913834
294600,0.3761712908744812,1782753149.291346
294700,0.1451239138841629,1782753155.6394122
294800,0.06106828898191452,1782753161.7903433
294900,0.11219494789838791,1782753167.9768257
295000,0.061600178480148315,1782753174.0545835
295100,0.08792228996753693,1782753180.2379563
295200,0.03261549025774002,1782753186.2235854
295300,0.06084704399108887,1782753192.607818
295400,0.034149788320064545,1782753198.6393151
295500,0.07198869436979294,1782753204.8666372
295600,0.07591898739337921,1782753211.071739
295700,0.03571147844195366,1782753217.4220226
295800,0.4799533784389496,1782753223.5840309
295900,0.3132372498512268,1782753229.907138
296000,0.058490052819252014,1782753235.8883862
296100,0.049982957541942596,1782753242.2361205
296200,0.07789850234985352,1782753248.2466416
296300,0.04250936210155487,1782753254.2200356
296400,0.056001611053943634,1782753260.2878127
296500,0.05760485678911209,1782753266.278441
296600,0.16948722302913666,1782753272.5071316
296700,0.05647091940045357,1782753278.7093625
296800,0.09784093499183655,1782753284.8255265
296900,0.11140898615121841,1782753291.2534971
297000,0.6737757921218872,1782753297.410614
297100,0.06423795223236084,1782753303.741694
297200,0.11232879012823105,1782753309.9756136
297300,0.08225544542074203,1782753315.9697688
297400,0.0803358256816864,1782753321.975408
297500,0.0678006187081337,1782753328.1405313
297600,0.07224572449922562,1782753334.2992775
297700,0.07540926337242126,1782753340.381677
297800,0.10754232853651047,1782753346.38589
297900,0.04160265997052193,1782753352.462092
298000,0.19639852643013,1782753358.5873203
298100,0.16238898038864136,1782753364.8886023
298200,0.08233410120010376,1782753371.131576
298300,0.0641251653432846,1782753377.2989135
298400,0.053840186446905136,1782753383.5351431
298500,0.18063820898532867,1782753389.6160357
298600,0.0700070932507515,1782753395.73716
298700,0.058432310819625854,1782753402.0466025
298800,0.12279726564884186,1782753408.255401
298900,0.041615862399339676,1782753414.3031847
299000,0.038688775151968,1782753420.2297554
299100,0.06162907928228378,1782753426.1367567
299200,0.0637778639793396,1782753432.3096428
299300,0.06759054213762283,1782753438.2364664
299400,0.06737729161977768,1782753444.2385676
299500,0.08711933344602585,1782753450.3386214
299600,0.06465595215559006,1782753456.3603065
299700,0.13361653685569763,1782753462.3666232
299800,0.0670662447810173,1782753468.247231
299900,0.04069982469081879,1782753474.1113734
300000,0.038044415414333344,1782753480.0899415
300100,0.6804618835449219,1782753675.4282973
300200,0.3647521436214447,1782753681.5022156
300300,0.23848317563533783,1782753687.7291858
300400,0.2230798900127411,1782753693.7570875
300500,0.2946294844150543,1782753699.8608706
300600,0.061878956854343414,1782753705.9020107
300700,0.07324887067079544,1782753712.241693
300800,0.16665588319301605,1782753718.27726
300900,0.03348300978541374,1782753724.5447853
301000,0.02808993309736252,1782753730.6305926
301100,0.07563994824886322,1782753736.8271458
301200,0.05227700248360634,1782753742.9317143
301300,0.05672644451260567,1782753748.8194647
301400,0.041259314864873886,1782753754.8109548
301500,0.08237078785896301,1782753760.7467349
301600,0.07654651254415512,1782753766.832581
301700,0.3563483655452728,1782753772.8991332
301800,0.03767724335193634,1782753778.825888
301900,0.03593955188989639,1782753784.7892573
302000,0.0546342097222805,1782753791.0871775
302100,0.07935705780982971,1782753797.3481321
302200,1.051424264907837,1782753803.715674
302300,0.09852202236652374,1782753809.957376
302400,0.060583069920539856,1782753816.0797713
302500,0.0848427414894104,1782753822.175916
302600,1.938828706741333,1782753828.3673298
302700,0.0838269367814064,1782807556.6756837
302800,0.05887296050786972,1782807562.5536933
302900,0.14119641482830048,1782807568.5443046
303000,0.1037273034453392,1782807574.5090609
303100,0.2067137509584427,1782807580.371855
303200,0.07072077691555023,1782807586.5932124
303300,0.04810118302702904,1782807592.518548
303400,0.04886899143457413,1782807598.4418936
303500,0.050910092890262604,1782807604.2584803
303600,0.11350636929273605,1782807609.98009
303700,0.049488816410303116,1782807615.8784063
303800,0.15355157852172852,1782807621.8525882
303900,0.04825352877378464,1782807627.7835288
304000,0.12559282779693604,1782807633.5078115
304100,0.17695847153663635,1782807639.2424192
304200,0.07518444955348969,1782807644.930735
304300,2.4860260486602783,1782807650.6790917
304400,0.05346370115876198,1782807656.6345947
304500,0.03944532573223114,1782807662.395773
304600,0.05483568459749222,1782807668.1868734
304700,0.10650166124105453,1782807674.2766275
304800,0.06515824049711227,1782807680.2719512
304900,0.057830166071653366,1782807685.999019
305000,2.6549055576324463,1782807691.9821
305100,0.056186579167842865,1782807697.9668548
305200,1.3457576036453247,1782807704.5557537
305300,0.7411547303199768,1782807711.2187757
305400,0.1239357590675354,1782807717.9046423
305500,0.18033692240715027,1782807724.424578
305600,0.05309227108955383,1782807731.11649
305700,0.05204661190509796,1782807737.8417082
305800,0.03695746883749962,1782807744.7880085
305900,2.9991137981414795,1782807751.4881222
306000,0.1059812605381012,1782807758.327925
306100,0.0939449816942215,1782807764.8640556
306200,0.024464372545480728,1782807771.4584026
306300,0.08854109048843384,1782807778.0490494
306400,2.8659369945526123,1782807784.759191
306500,0.08393310010433197,1782807791.388267
306600,0.06842080503702164,1782807798.113397
306700,0.06613408029079437,1782807804.6075833
306800,0.04287596791982651,1782807811.2307243
306900,0.07015866041183472,1782807818.0132058
307000,0.09890028089284897,1782807824.7021844
307100,0.41838139295578003,1782807830.8718612
307200,0.05551996827125549,1782807837.0478668
307300,0.052888210862874985,1782807843.2936423
307400,0.4813542366027832,1782807849.4218886
307500,0.03107612580060959,1782807855.7236006
307600,0.04888829216361046,1782807862.0696282
307700,0.1683037132024765,1782807868.306803
307800,0.28057849407196045,1782807874.4030154
307900,0.07673335075378418,1782807880.626374
308000,0.04228334128856659,1782807887.1329794
308100,0.048429541289806366,1782807893.2375205
308200,0.035310398787260056,1782807899.5758507
308300,0.21297535300254822,1782807905.5993311
308400,0.042529162019491196,1782807911.8205729
308500,0.05184866860508919,1782807917.9742603
308600,0.05054519325494766,1782807924.4402244
308700,0.133620023727417,1782807930.7177672
308800,0.2169298678636551,1782807937.0670831
308900,0.044990286231040955,1782807943.8170974
309000,0.09683334082365036,1782807950.262762
309100,0.04364747181534767,1782807957.1902494
309200,0.07307545840740204,1782807963.311177
309300,0.07673489302396774,1782807969.6486616
309400,0.03207637369632721,1782807976.371844
309500,0.04236371070146561,1782807982.9928217
309600,0.0380542166531086,1782807989.657112
309700,0.1140744760632515,1782807996.256901
309800,0.024526719003915787,1782808002.8463597
309900,0.0574176162481308,1782808009.3322086
310000,0.07153144478797913,1782808015.8964002
310100,1.0921403169631958,1782808022.398462
310200,0.037638068199157715,1782808028.8482647
310300,0.04972632974386215,1782808035.1669788
310400,0.06533056497573853,1782808041.436882
310500,0.03695650398731232,1782808048.0574985
310600,1.3109298944473267,1782808054.8564916
310700,0.0428781732916832,1782808061.470565
310800,0.05435507744550705,1782808068.0545022
310900,0.025758706033229828,1782808074.6563203
311000,0.05238529294729233,1782808081.146765
311100,1.0604610443115234,1782808087.7937465
311200,0.035830307751894,1782808094.0350027
311300,0.05134749785065651,1782808100.5255897
311400,0.04627436771988869,1782808107.2554305
311500,0.0468691810965538,1782808113.9081225
311600,0.06764964759349823,1782808120.664563
311700,0.042738594114780426,1782808127.4433885
311800,0.08844044059515,1782808134.1781297
311900,0.1945306360721588,1782808140.6108136
312000,0.06335985660552979,1782808147.3622384
312100,0.04653172194957733,1782808153.8731515
312200,0.0499967485666275,1782808160.529164
312300,0.25974732637405396,1782808166.5716138
312400,0.06662265956401825,1782808173.204122
312500,0.0845707356929779,1782808180.003879
312600,0.0439801961183548,1782808186.6517742
312700,0.04816281795501709,1782808193.1840293
312800,0.0647803470492363,1782808200.0043533
312900,0.05135218799114227,1782808206.7548196
313000,0.037425827234983444,1782808213.352871
313100,0.057154327630996704,1782808220.1243453
313200,0.1627269834280014,1782808226.591369
313300,0.046990346163511276,1782808233.118871
313400,0.06491176038980484,1782808239.711114
313500,0.052427247166633606,1782808246.186766
313600,0.05347306653857231,1782808252.466984
313700,0.0520387701690197,1782808258.67325
313800,0.05099966749548912,1782808264.7705686
313900,0.4113556444644928,1782808270.7502596
314000,0.09811156988143921,1782808276.7706425
314100,0.059925056993961334,1782808282.899085
314200,0.07400912791490555,1782808288.8824928
314300,0.1128082200884819,1782808295.0838995
314400,0.06914633512496948,1782808301.3373427
314500,0.027373366057872772,1782808307.4086742
314600,0.043152883648872375,1782808313.651639
314700,0.08784432709217072,1782808319.752964
314800,0.06668074429035187,1782808325.8693523
314900,0.07827350497245789,1782808332.0833688
315000,0.036728814244270325,1782808338.1023977
315100,0.0273203793913126,1782808344.1893167
315200,0.06177302449941635,1782808350.7132242
315300,0.0798407644033432,1782808357.2164845
315400,0.1254187822341919,1782808363.7434585
315500,0.041081443428993225,1782808370.3687196
315600,0.06098180636763573,1782808376.8160484
315700,0.057580191642045975,1782808383.2882972
315800,0.04967474564909935,1782808389.8912854
315900,0.03500404208898544,1782808396.7064543
316000,0.03313949704170227,1782808403.3851385
316100,0.09206497669219971,1782808409.6399283
316200,0.1217418760061264,1782808415.8003874
316300,0.04225494712591171,1782808421.8786378
316400,0.17981913685798645,1782808428.6579728
316500,0.10553313791751862,1782808435.4875278
316600,0.13993039727210999,1782808442.0110185
316700,0.03518000617623329,1782808448.2378707
316800,0.025586456060409546,1782808454.3523877
316900,0.34690365195274353,1782808460.5532763
317000,0.07328828424215317,1782808466.74212
317100,0.6363717317581177,1782808473.179175
317200,0.07836739718914032,1782808479.4017334
317300,0.07094111293554306,1782808485.6090913
317400,0.025353511795401573,1782808491.789507
317500,0.02882823348045349,1782808498.0664196
317600,0.34807777404785156,1782808504.1513743
317700,1.5520524978637695,1782808510.4270535
317800,0.08873401582241058,1782808516.7311854
317900,0.03306122124195099,1782808522.8555586
318000,0.6972877979278564,1782808529.2879612
318100,0.03705758973956108,1782808535.5445046
318200,0.05227172374725342,1782808541.6846633
318300,0.05637957900762558,1782808547.8504574
318400,0.06650789827108383,1782808554.06831
318500,1.1214299201965332,1782808560.3093512
318600,0.11338480561971664,1782808566.4597445
318700,0.050678104162216187,1782808572.8978357
318800,0.04412965476512909,1782808579.0277
318900,0.05128229781985283,1782808585.2737613
319000,0.05203448235988617,1782808591.4733627
319100,0.036127299070358276,1782808597.714953
319200,0.023991784080863,1782808604.0204132
319300,0.04050347954034805,1782808610.2744234
319400,0.05124014616012573,1782808616.4077485
319500,0.031170235946774483,1782808622.73415
319600,0.045361991971731186,1782808628.9170096
319700,0.21677550673484802,1782808635.4543712
319800,0.041419509798288345,1782808641.7873185
319900,0.0494355782866478,1782808648.1180172
320000,0.03253798931837082,1782808654.324882
320100,0.04736372083425522,1782808660.6858277
320200,0.05931612849235535,1782808667.1747007
320300,0.04901696741580963,1782808673.299647
320400,0.09247134625911713,1782808679.413151
320500,0.12062852829694748,1782808685.4754221
320600,0.03740128129720688,1782808691.677325
320700,0.03260132297873497,1782808697.9401684
320800,2.569328784942627,1782808704.024887
320900,0.06532449275255203,1782808710.2181702
321000,0.04930778965353966,1782808716.3806605
321100,1.522026777267456,1782808722.451738
321200,0.07983921468257904,1782808728.727097
321300,0.03698999062180519,1782808734.7500584
321400,0.05233001708984375,1782808740.7925737
321500,0.04427623748779297,1782808746.9154832
321600,0.07465580105781555,1782808752.9181988
321700,0.07214270532131195,1782808758.9124646
321800,0.040158823132514954,1782808765.0902112
321900,0.2619921565055847,1782808771.2847168
322000,0.0943167433142662,1782808777.4581282
322100,0.11040675640106201,1782808783.669433
322200,0.06548617035150528,1782808789.9298978
322300,0.07248203456401825,1782808796.316644
322400,0.09486795961856842,1782808802.4752758
322500,0.06375724077224731,1782808808.9234862
322600,0.12466216087341309,1782808814.946147
322700,0.03304024040699005,1782808821.342011
322800,0.240862637758255,1782808827.6492906
322900,0.046598345041275024,1782808833.9232008
323000,0.2692473232746124,1782808840.2494173
323100,0.06934797018766403,1782808846.438074
323200,2.090315818786621,1782808852.6727667
323300,0.052582748234272,1782808859.017984
323400,0.06922227144241333,1782808865.1855855
323500,0.08005267381668091,1782808871.4316406
323600,0.04364648461341858,1782808877.4395802
323700,0.054715223610401154,1782808883.8733714
323800,0.07730518281459808,1782808890.0997741
323900,0.05044379457831383,1782808896.072347
324000,0.0788491740822792,1782808902.2661033
324100,0.042369306087493896,1782808908.3466759
324200,0.5342194437980652,1782808914.6362162
324300,0.09310602396726608,1782808920.6792982
324400,0.07049560546875,1782808926.9904926
324500,0.0312885120511055,1782808933.0606272
324600,0.02761872112751007,1782808939.040674
324700,0.07558085024356842,1782808945.34441
324800,0.07547395676374435,1782808951.7142828
324900,0.08996405452489853,1782808957.8287473
325000,0.05483795329928398,1782808963.9558
325100,0.03449277952313423,1782809125.6572762
325200,0.07323747873306274,1782809131.7586951
325300,0.04693036898970604,1782809138.1795218
325400,0.03522185981273651,1782809144.477458
325500,0.029006335884332657,1782809150.5520508
325600,0.07086727023124695,1782809157.0220628
325700,0.08647771924734116,1782809163.3521166
325800,0.19244912266731262,1782809169.3939633
325900,0.33867067098617554,1782809175.6824315
326000,0.055192433297634125,1782809181.7971222
326100,0.05936308950185776,1782809188.1861863
326200,0.047030672430992126,1782809194.4067152
326300,0.04599672183394432,1782809200.6288273
326400,0.07921718060970306,1782809206.670065
326500,0.07101964950561523,1782809213.051393
326600,0.04909168928861618,1782809219.4543648
326700,0.11484894901514053,1782809225.7577481
326800,0.03783880174160004,1782809231.8721893
326900,0.08021625876426697,1782809237.8827615
327000,0.05400313064455986,1782809243.8797894
327100,0.04976130276918411,1782809249.8090923
327200,4.4005584716796875,1782809256.129417
327300,0.06774880737066269,1782809262.3366055
327400,0.06990452855825424,1782809268.5723658
327500,0.07648575305938721,1782809274.6001375
327600,0.05432802811264992,1782809280.7428823
327700,0.17039580643177032,1782809286.9617143
327800,0.026459956541657448,1782809293.0741315
327900,0.7266295552253723,1782809299.3505023
328000,0.05631072819232941,1782809305.6868846
328100,0.18363243341445923,1782809311.9013178
328200,0.04522434622049332,1782809318.2408416
328300,0.04177975654602051,1782809324.3415267
328400,0.31739985942840576,1782809330.950072
328500,0.061184436082839966,1782809337.378901
328600,0.08225850760936737,1782809343.5303872
328700,0.0584072582423687,1782809349.7681985
328800,0.0876498594880104,1782809356.15766
328900,0.03137136995792389,1782809362.3465018
329000,0.10141509026288986,1782809368.8061435
329100,0.03632598742842674,1782809375.2730808
329200,0.05199090763926506,1782809381.3685846
329300,0.1475582867860794,1782809387.5853374
329400,0.1648634821176529,1782809393.8775847
329500,0.15112587809562683,1782809399.8662431
329600,0.20003929734230042,1782809405.9294324
329700,0.04921123757958412,1782809412.0527337
329800,0.1393151581287384,1782809418.0492513
329900,0.32455137372016907,1782809424.043824
330000,0.1461293250322342,1782809430.2365637
330100,0.058811966329813004,1782809436.41409
330200,0.05504009500145912,1782809442.620505
330300,0.05933815613389015,1782809448.8309863
330400,0.08589395880699158,1782809454.9142566
330500,0.05953685939311981,1782809460.9874063
330600,0.046716880053281784,1782809467.2394028
330700,0.06795652210712433,1782809473.1644473
330800,0.05737185850739479,1782809479.2984486
330900,0.06320713460445404,1782809485.6817634
331000,0.06189541518688202,1782809491.802652
331100,0.04766954481601715,1782809497.9522007
331200,1.5609090328216553,1782809503.9248865
331300,0.05359778553247452,1782809510.1408193
331400,0.08455324918031693,1782809516.086754
331500,0.12305169552564621,1782809522.1685576
331600,0.07473091781139374,1782809528.3859663
331700,0.1036502942442894,1782809534.5739226
331800,0.035338662564754486,1782809540.755415
331900,0.040619127452373505,1782809547.006358
332000,0.04297509044408798,1782809553.0287523
332100,0.06469614058732986,1782809559.5485818
332200,0.5687780380249023,1782809565.6634457
332300,0.07540546357631683,1782809571.8677227
332400,0.08641982078552246,1782809577.8405926
332500,0.047905333340168,1782809583.9634516
332600,0.06865037977695465,1782809590.1068964
332700,0.043974701315164566,1782809596.092534
332800,0.06029341742396355,1782809602.3663101
332900,0.05107831954956055,1782809608.3509233
333000,0.0645994320511818,1782809614.497945
333100,0.04998194798827171,1782809620.5733056
333200,0.044330768287181854,1782809626.676516
333300,0.06312908232212067,1782809632.7814608
333400,0.026676703244447708,1782809638.9473174
333500,0.038626428693532944,1782809645.3305745
333600,0.1777527779340744,1782809651.315881
333700,0.08460693061351776,1782809657.3440173
333800,0.03327341005206108,1782809663.4560761
333900,0.12430889159440994,1782809669.4676619
334000,0.04265465587377548,1782809675.7064564
334100,0.05754932016134262,1782809681.6723247
334200,0.032232873141765594,1782809687.874493
334300,0.04210279881954193,1782809693.9310248
334400,0.05147979035973549,1782809699.9028819
334500,0.034596413373947144,1782809706.1370986
334600,0.2256581038236618,1782809712.1163344
334700,0.14202426373958588,1782809718.2373943
334800,0.3771499693393707,1782809724.2721891
334900,0.06632206588983536,1782809730.3228009
335000,0.05996553972363472,1782809736.5234377
335100,0.07465675473213196,1782809742.7289383
335200,0.06171927601099014,1782809749.1753747
335300,0.03502572327852249,1782809755.6225567
335400,0.03135392442345619,1782809761.9911191
335500,0.10205502063035965,1782809768.5382226
335600,0.057335712015628815,1782809775.0163827
335700,0.22645768523216248,1782809781.482583
335800,0.03757181018590927,1782809788.091444
335900,0.04840104281902313,1782809794.8237429
336000,2.066723346710205,1782809801.1218514
336100,0.07326740771532059,1782809807.524756
336200,0.16508036851882935,1782809813.759458
336300,0.10420648753643036,1782809820.2293515
336400,0.04504505544900894,1782809826.7936275
336500,0.04304863512516022,1782809833.412581
336600,0.06703820824623108,1782809839.910693
336700,0.09335622191429138,1782809846.4551952
336800,0.07143216580152512,1782809852.920815
336900,0.044064223766326904,1782809859.554527
337000,0.03709694370627403,1782809866.1847756
337100,0.030101563781499863,1782809872.6489954
337200,0.048232801258563995,1782809879.2964592
337300,0.03855299577116966,1782809885.8645685
337400,0.05623002350330353,1782809892.4827194
337500,0.03866395726799965,1782809899.1306589
337600,0.0691627785563469,1782809905.7534046
337700,0.029985636472702026,1782809912.2987242
337800,0.08526299893856049,1782809918.9187348
337900,0.6451512575149536,1782809925.5156832
338000,0.1559382826089859,1782809932.3266926
338100,0.08487117290496826,1782809938.8912406
338200,0.040872812271118164,1782809945.4086792
338300,0.15118251740932465,1782809951.8686383
338400,0.031160295009613037,1782809958.1121075
338500,0.026230543851852417,1782809964.5145452
338600,0.05382834002375603,1782809970.6208405
338700,0.055585749447345734,1782809977.1325202
338800,0.03251215070486069,1782809983.6147666
338900,0.08510124683380127,1782809990.313926
339000,0.03717298433184624,1782809996.844784
339100,0.043993085622787476,1782810003.2396357
339200,0.0653688907623291,1782810009.899481
339300,0.05639740452170372,1782810016.7306468
339400,0.08730646967887878,1782810023.2266567
339500,0.19362857937812805,1782810029.8345394
339600,0.03074592724442482,1782810036.408513
339700,0.021369239315390587,1782810043.111216
339800,0.0635676234960556,1782810049.7674901
339900,0.03009052760899067,1782810056.5155118
340000,0.09289275109767914,1782810062.9801297
340100,0.05336672067642212,1782810069.702739
340200,0.047505296766757965,1782810076.3713677
340300,0.04559280350804329,1782810082.9518785
340400,0.10363355278968811,1782810089.8638148
340500,0.03286851942539215,1782810096.6828525
340600,0.04673650115728378,1782810103.3342144
340700,0.13446392118930817,1782810109.8343065
340800,0.1797053962945938,1782810116.4090147
340900,0.3135676085948944,1782810122.9383569
341000,0.03671317920088768,1782810129.3508406
341100,0.027077551931142807,1782810135.879031
341200,0.04705425351858139,1782810142.7258835
341300,0.05357411503791809,1782810149.674537
341400,0.053269773721694946,1782810156.5145786
341500,0.049060218036174774,1782810163.2438142
341600,0.037088342010974884,1782810169.4486012
341700,0.053469639271497726,1782810175.7666945
341800,0.04116738960146904,1782810181.9161553
341900,0.07738684117794037,1782810188.0903423
342000,0.04383397102355957,1782810194.2399242
342100,0.04129663109779358,1782810200.6310546
342200,0.02085842937231064,1782810206.8865747
342300,0.058711711317300797,1782810213.1080084
342400,0.12912240624427795,1782810219.2405255
342500,0.030280854552984238,1782810225.713006
342600,0.03896448016166687,1782810231.938474
342700,0.061661846935749054,1782810238.2200186
342800,0.07376277446746826,1782810245.0255406
342900,0.020104266703128815,1782810251.2527473
343000,0.03129023313522339,1782810257.4004185
343100,0.03011096641421318,1782810263.6943028
343200,0.040063511580228806,1782810270.1389244
343300,0.0667591542005539,1782810276.2633333
343400,0.024886179715394974,1782810282.673388
343500,3.3923301696777344,1782810288.9972885
343600,0.08375173807144165,1782810295.3791983
343700,0.0587899386882782,1782810301.5367296
343800,0.04839840531349182,1782810307.7030983
343900,0.05032416060566902,1782810314.0198288
344000,0.03438882157206535,1782810320.052812
344100,0.0363040529191494,1782810326.2828882
344200,0.08055714517831802,1782810332.4388971
344300,0.4198478162288666,1782810338.5890374
344400,0.043206486850976944,1782810344.7401214
344500,1.0068868398666382,1782810351.0629385
344600,0.08927969634532928,1782810357.242865
344700,0.04003072530031204,1782810363.301772
344800,0.09148013591766357,1782810369.631889
344900,0.030108051374554634,1782810376.0625546
345000,0.02900499477982521,1782810382.0792155
345100,0.049656834453344345,1782810388.4093757
345200,0.6019564867019653,1782810394.6332238
345300,0.06843798607587814,1782810400.794746
345400,3.0727038383483887,1782810406.8485012
345500,0.21655070781707764,1782810413.04343
345600,0.05456407368183136,1782810419.2049541
345700,0.06371653079986572,1782810425.2266974
345800,0.03363083302974701,1782810431.484745
345900,0.022373218089342117,1782810437.6042955
346000,0.04957924038171768,1782810443.795112
346100,0.02939837984740734,1782810450.1283574
346200,0.02398521825671196,1782810456.1524
346300,0.0459255576133728,1782810462.2980475
346400,0.06520206481218338,1782810468.5477178
346500,0.02473492920398712,1782810474.7144804
346600,0.03541763871908188,1782810480.996302
346700,0.04888802394270897,1782810487.2247498
346800,0.051690131425857544,1782810493.5389915
346900,2.7368223667144775,1782810499.7355933
347000,1.2102150917053223,1782810506.1530998
347100,0.03046846017241478,1782810512.3155735
347200,2.899329662322998,1782810518.8178272
347300,0.049524277448654175,1782810524.9023583
347400,0.13271735608577728,1782810531.3526618
347500,1.4508980512619019,1782810537.5884452
347600,0.07592998445034027,1782810543.783082
347700,0.03312554955482483,1782810549.9928875
347800,0.06511427462100983,1782810556.0312853
347900,0.11331968009471893,1782810562.0879877
348000,0.04062860086560249,1782810568.4414604
348100,0.041963472962379456,1782810574.5789561
348200,0.12284516543149948,1782810580.7658434
348300,0.04841074347496033,1782810587.12438
348400,0.039798565208911896,1782810593.2816346
348500,0.035754285752773285,1782810599.4760232
348600,0.41455745697021484,1782810605.721051
348700,0.10671444237232208,1782810611.9325502
348800,0.03692593798041344,1782810618.0377018
348900,0.04194100946187973,1782810624.212572
349000,0.05606445297598839,1782810630.517477
349100,0.038702644407749176,1782810636.7939043
349200,0.07611986994743347,1782810642.889232
349300,0.041099950671195984,1782810649.282893
349400,0.0647391825914383,1782810655.6157267
349500,0.1398090124130249,1782810661.7951605
349600,0.03547965735197067,1782810667.8957353
349700,0.05204310640692711,1782810673.979171
349800,0.03576384484767914,1782810679.9988854
349900,0.03339965641498566,1782810686.1040738
350000,0.05434330552816391,1782810692.4329567
350100,0.08754348009824753,1782810852.485561
350200,0.042178988456726074,1782810858.5907211
350300,0.15933391451835632,1782810864.668352
350400,0.04805518686771393,1782810870.576069
350500,0.026265937834978104,1782810876.6998258
350600,0.034709300845861435,1782810882.8144238
350700,0.06741407513618469,1782810889.1612997
350800,0.04971245676279068,1782810895.2206004
350900,0.030068837106227875,1782810901.3386803
351000,0.028962545096874237,1782810907.5233598
351100,0.03293001651763916,1782810913.7295325
351200,1.8295572996139526,1782810920.0663764
351300,0.20002004504203796,1782810926.1046076
351400,0.058665815740823746,1782810932.317232
351500,0.07731083780527115,1782810938.50203
351600,0.04646863415837288,1782810944.5235796
351700,1.7800589799880981,1782810950.747032
351800,0.07100722193717957,1782810957.0510993
351900,2.6159682273864746,1782810963.2080448
352000,0.21926358342170715,1782810969.3371782
352100,0.4392539858818054,1782810975.640587
352200,0.13616138696670532,1782810981.849345
352300,0.04323069751262665,1782810987.9047127
352400,0.08864912390708923,1782810993.882522
352500,0.035105932503938675,1782811000.1294487
352600,0.33591151237487793,1782811006.2939045
352700,0.12685462832450867,1782811012.7045853
352800,0.05114874988794327,1782811019.0248818
352900,0.046909648925065994,1782811025.0119846
353000,0.0405571386218071,1782811031.070198
353100,0.04289330542087555,1782811037.388833
353200,0.07041914761066437,1782811043.5201137
353300,0.055525295436382294,1782811049.983822
353400,0.0695309191942215,1782811056.016784
353500,0.39725667238235474,1782811062.399981
353600,0.08295939862728119,1782811068.5700028
353700,0.06859750300645828,1782811074.7516885
353800,0.050085533410310745,1782811081.048087
353900,0.05680982768535614,1782811087.2384965
354000,0.05443388223648071,1782811093.3080695
354100,0.06812354922294617,1782811099.2186134
354200,0.03974750638008118,1782811105.4390953
354300,0.07280732691287994,1782811111.6831427
354400,0.04088931530714035,1782811117.8299332
354500,0.04535040631890297,1782811123.929447
354600,0.28590941429138184,1782811130.0361462
354700,0.025504134595394135,1782811136.1200743
354800,0.04560937359929085,1782811142.3862946
354900,0.06801092624664307,1782811148.6718714
355000,0.0435321182012558,1782811155.1718142
355100,0.043646059930324554,1782811161.3511562
355200,0.21739475429058075,1782811167.3393173
355300,0.07771362364292145,1782811173.3225715
355400,0.0436222106218338,1782811179.3855329
355500,0.16355100274085999,1782811185.4507492
355600,0.05294329300522804,1782811191.6742384
355700,0.07280081510543823,1782811197.677818
355800,0.053146760910749435,1782811203.8010318
355900,0.03765673190355301,1782811209.8850389
356000,0.04128231853246689,1782811216.0661347
356100,0.46722376346588135,1782811222.1029274
356200,0.03605246543884277,1782811228.3162467
356300,0.04449627548456192,1782811234.7181144
356400,0.08512365818023682,1782811240.9520907
356500,0.025440018624067307,1782811247.0272193
356600,0.04786642640829086,1782811253.3724887
356700,0.10861751437187195,1782811259.5516882
356800,0.06644199788570404,1782811265.659725
356900,0.04027034342288971,1782811272.0781574
357000,0.02726689912378788,1782811278.6478155
357100,0.027810275554656982,1782811284.7502038
357200,0.06076863035559654,1782811290.860948
357300,0.04374510794878006,1782811297.0836759
357400,0.0241815485060215,1782811303.0735207
357500,0.04113113135099411,1782811309.2154639
357600,0.10031542927026749,1782811315.3110716
357700,0.7571314573287964,1782811321.5990644
357800,0.09292647242546082,1782811327.7922142
357900,0.050564732402563095,1782811333.9616787
358000,0.05040021240711212,1782811340.02446
358100,0.06811429560184479,1782811346.3692532
358200,0.03062627464532852,1782811352.6164515
358300,0.052608996629714966,1782811358.8712971
358400,0.09540535509586334,1782811365.0107508
358500,0.038934119045734406,1782811371.118788
358600,3.324681282043457,1782811377.2743926
358700,0.12405982613563538,1782811383.612882
358800,0.030950676649808884,1782811389.7139187
358900,0.03350286930799484,1782811396.0333376
359000,0.04413224384188652,1782811402.2395873
359100,1.6796786785125732,1782811408.345512
359200,0.10475654900074005,1782811414.6194963
359300,0.31620243191719055,1782811420.7162628
359400,0.22378112375736237,1782811426.8753145
359500,0.04730578139424324,1782811433.0141008
359600,0.05486322566866875,1782811439.529969
359700,0.03935270011425018,1782811445.5814278
359800,0.04964368790388107,1782811452.1245599
359900,0.03690265864133835,1782811458.1362336
360000,0.07996395230293274,1782811464.4529715
360100,0.02444044128060341,1782811470.6813622
360200,2.5462729930877686,1782811477.0957565
360300,0.04506031423807144,1782811483.3525965
360400,0.12774261832237244,1782811489.4312935
360500,0.039571911096572876,1782811495.8186822
360600,0.03746334835886955,1782811501.931178
360700,0.047193337231874466,1782811508.199963
360800,0.10334412753582001,1782811514.236484
360900,0.044533342123031616,1782811520.3553877
361000,0.19851915538311005,1782811526.4089665
361100,0.030029164627194405,1782811532.4841325
361200,0.04484981298446655,1782811538.7688015
361300,0.04403728246688843,1782811545.1924543
361400,0.02502358891069889,1782811551.1911128
361500,0.04487147554755211,1782811557.4158695
361600,0.12799528241157532,1782811563.41905
361700,0.0372307226061821,1782811569.5796602
361800,0.03559158742427826,1782811575.5727077
361900,0.35278788208961487,1782811581.7449253
362000,0.035566575825214386,1782811587.8109233
362100,0.038735345005989075,1782811594.0332866
362200,2.4090633392333984,1782811600.494353
362300,0.10660465061664581,1782811606.7180734
362400,0.185434952378273,1782811612.7395303
362500,0.08103488385677338,1782811619.0128243
362600,0.028930801898241043,1782811625.0439434
362700,0.03350210562348366,1782811631.1569946
362800,0.017700787633657455,1782811637.5929015
362900,0.027729002758860588,1782811643.7488618
363000,0.03432705998420715,1782811649.8889463
363100,0.02552773803472519,1782811656.066298
363200,0.03400365263223648,1782811662.782857
363300,1.6032322645187378,1782811668.8907657
363400,0.026443418115377426,1782811674.9754794
363500,0.03375282883644104,1782811681.2758749
363600,0.04021479934453964,1782811687.5752847
363700,0.04647722840309143,1782811693.8250506
363800,0.029657132923603058,1782811699.986739
363900,0.02843799628317356,1782811706.406371
364000,0.023354515433311462,1782811712.552708
364100,0.033233415335416794,1782811718.7759328
364200,0.033499233424663544,1782811724.7798672
364300,0.04388616234064102,1782811731.2574732
364400,1.7700351476669312,1782811737.2652678
364500,0.05193639546632767,1782811743.4399114
364600,0.022007545456290245,1782811749.6034448
364700,0.030016425997018814,1782811755.7178085
364800,0.05791112408041954,1782811762.2078156
364900,0.03422166779637337,1782811768.515866
365000,0.63442462682724,1782811775.1436675
365100,0.036267489194869995,1782811781.2827482
365200,0.030403703451156616,1782811787.6549168
365300,0.9837071895599365,1782811793.8258314
365400,0.06346984952688217,1782811799.8992226
365500,0.024386856704950333,1782811806.1526098
365600,0.04054475948214531,1782811812.2804193
365700,2.4297614097595215,1782811818.5623214
365800,0.07097870111465454,1782811824.9246297
365900,0.12759028375148773,1782811831.2631903
366000,0.044304367154836655,1782811837.374978
366100,0.07612109929323196,1782811843.4951837
366200,0.04655956104397774,1782811849.538995
366300,0.09954342991113663,1782811855.8392143
366400,0.04754813015460968,1782811862.1064596
366500,0.040100716054439545,1782811868.4130852
366600,0.07644668221473694,1782811874.5911775
366700,0.04178241640329361,1782811880.9927638
366800,0.0480363555252552,1782811887.3888917
366900,1.0300968885421753,1782811893.4134107
367000,0.035765379667282104,1782811899.4527445
367100,0.13294102251529694,1782811905.7265851
367200,0.046675167977809906,1782811912.0009313
367300,0.06571432948112488,1782811918.0378737
367400,0.055357638746500015,1782811924.0626843
367500,0.04998847097158432,1782811930.237491
367600,0.15627966821193695,1782811936.309216
367700,0.07034847140312195,1782811942.5337167
367800,0.09973126649856567,1782811948.7006183
367900,0.028189832344651222,1782811955.0839365
368000,0.1150570809841156,1782811961.4757984
368100,0.0887519046664238,1782811967.705605
368200,0.04448455572128296,1782811973.9048734
368300,0.04314747452735901,1782811980.0486312
368400,0.021986763924360275,1782811986.1461077
368500,0.03485976904630661,1782811992.1562133
368600,0.0473569855093956,1782811998.2421649
368700,0.09142547845840454,1782812004.28548
368800,0.04389379173517227,1782812010.559023
368900,0.05399589240550995,1782812016.550134
369000,0.025895215570926666,1782812022.860414
369100,0.08640764653682709,1782812028.8658345
369200,0.05982564762234688,1782812034.9641047
369300,0.10543474555015564,1782812041.027302
369400,0.4444117546081543,1782812047.0083482
369500,0.028100010007619858,1782812053.039483
369600,0.026848409324884415,1782812059.3002481
369700,0.09798531234264374,1782812065.340165
369800,0.037832096219062805,1782812071.546241
369900,0.04278960078954697,1782812077.9211938
370000,0.056205492466688156,1782812084.1009269
370100,0.061477694660425186,1782812090.323708
370200,0.04117147624492645,1782812096.6384413
370300,0.05517809838056564,1782812102.7240167
370400,0.038014013320207596,1782812108.7238536
370500,0.17815695703029633,1782812114.8524945
370600,0.036854565143585205,1782812120.929568
370700,0.037442125380039215,1782812127.054614
370800,0.03902231156826019,1782812133.4716828
370900,0.5496696829795837,1782812139.6142964
371000,0.03725871443748474,1782812145.8832068
371100,0.03827538713812828,1782812151.9523804
371200,0.4383080303668976,1782812157.9111304
371300,0.0653763860464096,1782812163.9317613
371400,0.05829259008169174,1782812169.956363
371500,1.3185477256774902,1782812176.2145343
371600,0.0364428386092186,1782812182.2538273
371700,0.03672538697719574,1782812188.2589414
371800,0.06150868535041809,1782812194.5577812
371900,2.917902708053589,1782812200.7687871
372000,0.043378543108701706,1782812206.8468723
372100,0.07197652757167816,1782812213.0440154
372200,0.032124508172273636,1782812219.477777
372300,0.04692557826638222,1782812225.6739407
372400,0.2565990090370178,1782812231.960514
372500,0.057357970625162125,1782812238.1833253
372600,0.07583753764629364,1782812244.2697973
372700,0.1080973744392395,1782812250.452311
372800,0.04460320249199867,1782812256.5026987
372900,0.02905968762934208,1782812262.8349955
373000,0.056151486933231354,1782812269.341392
373100,0.06623058021068573,1782812275.624844
373200,0.06033944711089134,1782812281.6374333
373300,0.03985006362199783,1782812287.81804
373400,0.281427800655365,1782812294.0632222
373500,0.2566218376159668,1782812300.2804954
373600,0.032890819013118744,1782812306.3419158
373700,0.03694050386548042,1782812312.339657
373800,0.04434940218925476,1782812318.5245967
373900,0.6287407875061035,1782812324.6634765
374000,0.0553312711417675,1782812331.137194
374100,0.06710664927959442,1782812337.6057262
374200,0.03377298265695572,1782812343.7308779
374300,0.03558117151260376,1782812349.9206522
374400,0.07647140324115753,1782812356.0559692
374500,0.05057855695486069,1782812362.401341
374600,0.18963058292865753,1782812368.7624302
374700,0.032461680471897125,1782812375.0064254
374800,0.09164505451917648,1782812381.3076437
374900,0.08899743854999542,1782812387.8722227
375000,0.050472427159547806,1782812394.3622816
375100,0.03456292301416397,1782812546.4295025
375200,0.02129749208688736,1782812552.5321205
375300,10.741339683532715,1782812558.98191
375400,0.04785383120179176,1782812565.1876452
375500,0.032804783433675766,1782812571.4930432
375600,0.038353800773620605,1782812577.8267162
375700,0.7599038481712341,1782812584.1239493
375800,0.03533598780632019,1782812590.364428
375900,0.17356295883655548,1782812597.0309548
376000,0.025419998914003372,1782812603.0639684
376100,0.03610742464661598,1782812609.1873257
376200,1.6211856603622437,1782812615.4274917
376300,0.02835627645254135,1782812621.4916065
376400,2.512131929397583,1782812627.919858
376500,0.1270955353975296,1782812634.1177197
376600,0.4249136447906494,1782812640.483211
376700,0.02678551711142063,1782812646.7165945
376800,0.023846786469221115,1782812652.96825
376900,1.920355200767517,1782812659.136119
377000,2.143218755722046,1782812665.1264963
377100,0.07804368436336517,1782812671.2520404
377200,0.016585450619459152,1782812677.4172757
377300,0.023671209812164307,1782812683.384307
377400,0.0328485444188118,1782812689.749953
377500,0.031100543215870857,1782812696.1262503
377600,0.3020839989185333,1782812702.5266514
377700,0.03785108029842377,1782812708.9794264
377800,0.03872065618634224,1782812715.0911887
377900,0.11843613535165787,1782812721.0885587
378000,0.033777572214603424,1782812727.2311726
378100,0.28002405166625977,1782812733.5670936
378200,0.0927114337682724,1782812739.7521665
378300,0.10725611448287964,1782812746.001405
378400,0.028748465701937675,1782812752.0832906
378500,0.06424912065267563,1782812758.4484642
378600,0.06302888691425323,1782812764.5977583
378700,0.04428284615278244,1782812770.8977468
378800,0.057497620582580566,1782812777.2355654
378900,0.4708245098590851,1782812783.4753387
379000,0.04997459053993225,1782812789.633122
379100,0.029017996042966843,1782812795.5661325
379200,0.05217670649290085,1782812801.7668118
379300,0.03830743581056595,1782812807.8091648
379400,0.03062681294977665,1782812813.9890754
379500,0.032316457480192184,1782812820.4368656
379600,0.04025512933731079,1782812826.6161447
379700,0.03240770101547241,1782812832.784614
379800,0.05900764465332031,1782812838.9753184
379900,0.034938737750053406,1782812845.3306322
380000,0.043070338666439056,1782812851.4324481
380100,0.06112966686487198,1782812857.6782277
380200,0.11285635083913803,1782812864.224215
380300,0.0391853004693985,1782812870.4804232
380400,0.20899054408073425,1782812876.7677014
380500,0.06460334360599518,1782812883.0692348
380600,0.04572765901684761,1782812889.0679586
380700,0.15052589774131775,1782812895.2366748
380800,0.12414392828941345,1782812901.3182428
380900,0.0352928526699543,1782812907.6345491
381000,0.06900794804096222,1782812914.078022
381100,0.025158248841762543,1782812920.4456491
381200,0.03197701275348663,1782812926.519602
381300,0.028774088248610497,1782812932.8751245
381400,0.02049267664551735,1782812939.096615
381500,0.028384871780872345,1782812945.4653273
381600,0.19639140367507935,1782812951.6802537
381700,0.06801868975162506,1782812957.8240435
381800,0.05069401487708092,1782812963.8615904
381900,0.04790116846561432,1782812970.3381069
382000,0.06668302416801453,1782812976.5410006
382100,0.05234473571181297,1782812982.6811416
382200,1.0782109498977661,1782812989.02815
382300,0.07708737254142761,1782812995.0727546
382400,0.062329865992069244,1782813001.3976874
382500,0.05139191076159477,1782813007.6177974
382600,0.03911206126213074,1782813013.6265736
382700,0.06046031787991524,1782813019.7200685
382800,0.039094217121601105,1782813025.802464
382900,0.09362519532442093,1782813031.8695917
383000,0.05286874249577522,1782813038.0898683
383100,0.2630369961261749,1782813044.3119817
383200,0.23894594609737396,1782813050.3991458
383300,0.026278017088770866,1782813056.8409815
383400,0.056811049580574036,1782813063.0295231
383500,0.08920790255069733,1782813069.1437798
383600,0.03932712599635124,1782813075.4238937
383700,0.038988418877124786,1782813081.378727
383800,0.039086394011974335,1782813087.8958735
383900,0.06808574497699738,1782813093.9846692
384000,0.026183612644672394,1782813100.141234
384100,0.11475290358066559,1782813106.3683796
384200,0.029648104682564735,1782813112.6078103
384300,0.061265502125024796,1782813118.7088683
384400,0.043923914432525635,1782813125.0185864
384500,0.02031083032488823,1782813131.2866266
384600,0.057913005352020264,1782813137.3011057
384700,0.034602612257003784,1782813143.2640228
384800,0.02907143160700798,1782813149.1843767
384900,0.11409212648868561,1782813155.3658476
385000,0.027395060285925865,1782813161.4292703
385100,0.10811954736709595,1782813167.6532547
385200,0.04090896621346474,1782813174.0677722
385300,0.025994524359703064,1782813180.099827
385400,0.0518619641661644,1782813186.1021414
385500,0.04418260231614113,1782813192.3425229
385600,0.03695842623710632,1782813198.4847023
385700,0.039455294609069824,1782813204.6862764
385800,0.034981995820999146,1782813210.8311002
385900,2.243830442428589,1782813216.9535184
386000,0.11871066689491272,1782813223.1577375
386100,0.055530846118927,1782813229.2818818
386200,0.03544469550251961,1782813235.4478703
386300,0.26937156915664673,1782813241.4474647
386400,0.28883853554725647,1782813247.466445
386500,0.030803494155406952,1782813253.7051685
386600,0.03712402284145355,1782813259.6132739
386700,0.0869779884815216,1782813265.473043
386800,0.03996295481920242,1782813271.7375998
386900,0.050169333815574646,1782813278.0234108
387000,0.046820081770420074,1782813284.137988
387100,0.04039081931114197,1782813290.1036592
387200,0.020978400483727455,1782813296.0251205
387300,0.5612850189208984,1782813301.967765
387400,0.028094738721847534,1782813308.2305737
387500,0.04178275913000107,1782813314.6192114
387600,0.04055538773536682,1782813320.7693868
387700,0.03033290058374405,1782813326.8414407
387800,0.07559424638748169,1782813332.939785
387900,0.04904739931225777,1782813339.1508017
388000,0.020346973091363907,1782813345.3029299
388100,0.08091799914836884,1782813351.4463782
388200,0.04760225862264633,1782813357.473172
388300,4.536895751953125,1782813363.6936836
388400,0.29878732562065125,1782813369.905653
388500,0.04189520329236984,1782813375.8895075
388600,0.0655236765742302,1782813382.135138
388700,0.27624934911727905,1782813388.2516646
388800,0.039744045585393906,1782813394.4011827
388900,2.484565496444702,1782813400.5832405
389000,0.03068622201681137,1782813406.6846447
389100,0.0251074880361557,1782813412.7883344
389200,0.2921659052371979,1782813418.98722
389300,0.09485907852649689,1782813424.8879828
389400,0.08422015607357025,1782813431.317673
389500,0.2099432647228241,1782813437.4012718
389600,0.08114989101886749,1782813443.3571134
389700,0.04148188605904579,1782813449.4392633
389800,0.03841346129775047,1782813455.6207576
389900,0.43366116285324097,1782813461.5659635
390000,0.09240633994340897,1782813467.7106662
390100,0.06242474913597107,1782813473.788799
390200,0.02850259095430374,1782813479.9743495
390300,0.026970310136675835,1782813486.0519564
390400,0.044168420135974884,1782813492.2245364
390500,2.646791934967041,1782813498.3645914
390600,0.044601306319236755,1782813504.7005496
390700,0.08615396916866302,1782813510.8476255
390800,0.12161210179328918,1782813516.988852
390900,0.8150594234466553,1782813523.0907304
391000,0.03094847872853279,1782813529.3393505
391100,0.3944152295589447,1782813535.519042
391200,0.09487598389387131,1782813541.863035
391300,0.02501153014600277,1782813548.0314817
391400,0.04860204458236694,1782813554.1784263
391500,0.06504104286432266,1782813560.2695696
391600,0.034448184072971344,1782813566.697262
391700,0.19694888591766357,1782813572.8706875
391800,0.06280264258384705,1782813578.8869176
391900,0.06078934669494629,1782813585.1658592
392000,0.1127881407737732,1782813591.5052316
392100,0.07158952951431274,1782813597.977885
392200,0.1231827437877655,1782813604.482053
392300,0.07541025429964066,1782813610.6483874
392400,0.1382286250591278,1782813616.7672422
392500,0.05506090074777603,1782813622.8491623
392600,0.045607324689626694,1782813628.8988075
392700,0.08849205076694489,1782813635.097761
392800,0.03437720611691475,1782813641.177102
392900,0.06972359120845795,1782813647.3195782
393000,0.12964989244937897,1782813653.4018335
393100,0.47007137537002563,1782813659.9765267
393200,0.029389789327979088,1782813666.2776897
393300,0.028353363275527954,1782813672.5718677
393400,0.06895898282527924,1782813678.7233322
393500,0.07214736193418503,1782813684.9653702
393600,1.2879711389541626,1782813691.0362792
393700,0.05739883705973625,1782813697.107239
393800,0.053406596183776855,1782813703.325802
393900,0.14612382650375366,1782813709.4440024
394000,0.03570365905761719,1782813715.545718
394100,0.03321465477347374,1782813721.7467859
394200,0.049306973814964294,1782813727.9717867
394300,0.11541202664375305,1782813734.0525737
394400,0.0329962894320488,1782813740.3532405
394500,0.030513308942317963,1782813746.8614907
394600,1.0769193172454834,1782813753.4045877
394700,0.04677063599228859,1782813759.6459785
394800,0.038093581795692444,1782813765.9204879
394900,0.0914975255727768,1782813772.116381
395000,0.04002439230680466,1782813778.2357566
395100,0.047737255692481995,1782813784.5540862
395200,0.045259084552526474,1782813790.7344353
395300,0.029688388109207153,1782813797.1838086
395400,0.03457554429769516,1782813803.2054622
395500,0.11936824768781662,1782813809.2796729
395600,0.037173207849264145,1782813815.8408153
395700,0.32725661993026733,1782813822.0607343
395800,0.02595132775604725,1782813828.6469681
395900,0.07612165808677673,1782813834.8217406
396000,0.1237230971455574,1782813841.020041
396100,0.016300156712532043,1782813847.0428348
396200,0.05344238504767418,1782813853.2412446
396300,0.017926540225744247,1782813859.334789
396400,0.22287622094154358,1782813865.6326756
396500,0.048554643988609314,1782813871.5545933
396600,0.05467016622424126,1782813877.857015
396700,0.06709049642086029,1782813884.1889596
396800,0.021533362567424774,1782813890.166423
396900,0.042041368782520294,1782813896.2915726
397000,0.016506191343069077,1782813902.3390176
397100,1.2784547805786133,1782813908.7083209
397200,0.12605543434619904,1782813915.0449688
397300,0.024853117763996124,1782813921.2304182
397400,1.283313512802124,1782813927.549929
397500,0.05822056531906128,1782813933.7974896
397600,0.04684721678495407,1782813940.0281367
397700,0.02341221272945404,1782813946.4013176
397800,0.06574389338493347,1782813952.4540784
397900,0.2006780356168747,1782813958.5943844
398000,0.0679573267698288,1782813964.6938224
398100,0.08923347294330597,1782813970.747043
398200,0.05068659409880638,1782813976.842024
398300,0.20053604245185852,1782813983.1122353
398400,0.08607460558414459,1782813989.3895965
398500,0.046278826892375946,1782813995.4699712
398600,0.04371356591582298,1782814001.563187
398700,0.04736961051821709,1782814007.6110098
398800,0.0342915914952755,1782814013.8988385
398900,0.015044323168694973,1782814019.9058952
399000,0.04399077594280243,1782814026.145135
399100,0.026533201336860657,1782814032.3907144
399200,0.07764363288879395,1782814038.3539927
399300,4.109114170074463,1782814044.7907825
399400,0.07635042071342468,1782814051.0966828
399500,0.43303829431533813,1782814057.359092
399600,0.2301563024520874,1782814063.7493181
399700,0.10495468974113464,1782814069.916637
399800,0.05691276490688324,1782814076.0217204
399900,0.05090013146400452,1782814082.259967
400000,0.02898690477013588,1782817827.0295117
400100,0.4300231337547302,1782817985.8810465
400200,0.27146536111831665,1782817991.7972233
400300,0.3479073643684387,1782817997.7194045
400400,0.1679304540157318,1782818003.7331197
400500,0.11666220426559448,1782818009.9375615
400600,0.06504269689321518,1782818015.9344735
400700,0.0646170973777771,1782818021.9076495
400800,0.06356344372034073,1782818027.8930354
400900,0.052527572959661484,1782818034.015788
401000,0.07098814845085144,1782818040.006075
401100,1.438675880432129,1782818045.997181
401200,0.044150691479444504,1782818052.1342309
401300,0.036543600261211395,1782818058.2349582
401400,0.8422587513923645,1782818064.187908
401500,0.02817183919250965,1782818070.3939946
401600,0.028454728424549103,1782818076.2654414
401700,0.04260855168104172,1782818082.231658
401800,0.06897211074829102,1782818088.0369616
401900,0.024478811770677567,1782818093.8822613
402000,0.06685218214988708,1782818099.7405827
402100,0.06074421852827072,1782818105.8772392
402200,0.03330456092953682,1782818111.7843246
402300,0.02684161067008972,1782818117.6851783
402400,0.04838857799768448,1782818123.6229248
402500,0.03522683307528496,1782818129.5807998
402600,0.023598942905664444,1782818135.6851933
402700,0.03372253477573395,1782818141.6274452
402800,0.042795345187187195,1782818147.6054995
402900,0.02227018028497696,1782818153.5826604
403000,0.03804779797792435,1782818159.739701
403100,0.09082391858100891,1782818165.6372836
403200,0.04925312101840973,1782818171.5347607
403300,0.047409020364284515,1782818177.6359477
403400,0.02740529365837574,1782818183.563152
403500,0.034294113516807556,1782818189.4631042
403600,0.05752088502049446,1782818195.2859855
403700,0.04792790487408638,1782818201.4402506
403800,0.033153463155031204,1782818207.447895
403900,2.020859956741333,1782818213.3821666
404000,0.06893815100193024,1782818219.4438925
404100,0.03934992849826813,1782818225.4878452
404200,1.6653703451156616,1782818231.4001536
404300,0.03196044638752937,1782818237.3712118
404400,0.06284788250923157,1782818243.1819115
404500,0.02383546717464924,1782818249.0236738
404600,0.037169504910707474,1782818254.9907699
404700,0.17264413833618164,1782818260.956368
404800,0.2548396587371826,1782818266.8666627
404900,0.3509955406188965,1782818272.7810652
405000,0.08150258660316467,1782818279.0176792
405100,0.057477571070194244,1782818285.0789754
405200,0.089046910405159,1782818291.0415246
405300,0.03362828865647316,1782818297.5512419
405400,0.05023521929979324,1782818303.5977237
405500,0.05193126201629639,1782818309.5276017
405600,0.04051079601049423,1782818315.6509042
405700,0.07266649603843689,1782818321.8372428
405800,0.03134354576468468,1782818327.824253
405900,0.28799229860305786,1782818333.740766
406000,0.1704697161912918,1782818339.9207885
406100,0.09291514754295349,1782818345.9688194
406200,0.11071381717920303,1782818352.1176977
406300,0.03876003995537758,1782818358.07441
406400,0.034290067851543427,1782818364.3050728
406500,0.034952398389577866,1782818370.381476
406600,0.03928261995315552,1782818376.2196252
406700,0.04997853562235832,1782818382.1413515
406800,0.0630764365196228,1782818388.132946
406900,0.050168707966804504,1782818394.2876396
407000,0.5373399257659912,1782818400.3269603
407100,0.15737131237983704,1782818406.7830758
407200,0.03980828821659088,1782818413.1826847
407300,0.05262099206447601,1782818419.2846022
407400,0.06287886202335358,1782818425.4123406
407500,0.37343013286590576,1782818431.4165199
407600,0.06563349068164825,1782818437.267683
407700,0.02953849360346794,1782818443.327568
407800,0.13129879534244537,1782818449.694042
407900,0.0330553874373436,1782818455.77031
408000,0.07355427742004395,1782818461.9684963
408100,0.03609038144350052,1782818468.0698292
408200,0.0559278279542923,1782818473.7689388
408300,0.03140277415513992,1782818479.7598865
408400,0.6411485075950623,1782818485.8868337
408500,0.031510017812252045,1782818491.763991
408600,0.07228267937898636,1782818497.7601333
408700,0.04429224878549576,1782818503.7549384
408800,0.4071091115474701,1782818509.633167
408900,0.04256574809551239,1782818515.7373931
409000,0.03050515614449978,1782818521.926409
409100,0.03998421132564545,1782818527.764323
409200,0.12694549560546875,1782818533.828841
409300,0.06628917157649994,1782818539.8181534
409400,0.022333849221467972,1782818545.8618333
409500,0.01636394113302231,1782818552.0852766
409600,0.03925992175936699,1782818558.152165
409700,0.10329054296016693,1782818564.0489194
409800,0.03938758373260498,1782818570.1763737
409900,0.04086785390973091,1782818576.1894205
410000,0.030699586495757103,1782818582.2809315
410100,0.0806039571762085,1782818588.4025621
410200,0.03749384731054306,1782818594.5236492
410300,0.05003031715750694,1782818600.5677145
410400,2.485085964202881,1782818606.4599562
410500,0.04183819890022278,1782818612.3414147
410600,0.029684381559491158,1782818618.4531856
410700,0.03686314821243286,1782818624.3809297
410800,0.09434638917446136,1782818630.2020884
410900,0.07750293612480164,1782818636.457546
411000,0.03548780456185341,1782818642.33474
411100,0.06646976619958878,1782818648.1652205
411200,0.03609471023082733,1782818654.302095
411300,0.03892112895846367,1782818660.290064
411400,0.030630819499492645,1782818666.679827
411500,0.030502311885356903,1782818673.1688354
411600,0.035961396992206573,1782818679.5704658
411700,0.062358930706977844,1782818685.9108891
411800,0.03312184661626816,1782818692.0893905
411900,0.025914419442415237,1782818698.34092
412000,0.0200192853808403,1782818704.3742514
412100,0.09907282888889313,1782818710.405192
412200,0.032322563230991364,1782818716.3807187
412300,0.029735960066318512,1782818722.6152465
412400,0.043038323521614075,1782818728.9797509
412500,0.6351727843284607,1782818735.254539
412600,0.17459405958652496,1782818741.8786833
412700,0.0249569583684206,1782818748.271756
412800,0.025622200220823288,1782818754.668928
412900,0.029570791870355606,1782818761.0846913
413000,0.09986033290624619,1782818767.7999327
413100,0.06646469235420227,1782818774.6071434
413200,0.03198569640517235,1782818781.1367
413300,0.03311431407928467,1782818787.5519257
413400,0.057736679911613464,1782818793.9757104
413500,0.03814549371600151,1782818800.37201
413600,0.05807530879974365,1782818806.872301
413700,0.06610077619552612,1782818813.2070541
413800,0.038668204098939896,1782818819.4780526
413900,0.05627158656716347,1782818825.9791937
414000,0.04871714860200882,1782818832.2499912
414100,0.02366882562637329,1782818838.8029351
414200,0.051604412496089935,1782818845.3651912
414300,0.029491309076547623,1782818851.7718358
414400,0.043748095631599426,1782818858.3244698
414500,0.0281477402895689,1782818864.7167208
414600,0.11550271511077881,1782818871.278983
414700,0.04943063110113144,1782818877.9473846
414800,0.13696637749671936,1782818884.3561647
414900,0.04339456558227539,1782818890.8462665
415000,0.026499874889850616,1782818897.2857897
415100,0.047207243740558624,1782818903.74015
415200,0.05280670151114464,1782818910.2871494
415300,2.23983097076416,1782818916.6931548
415400,0.027198703959584236,1782818923.0950613
415500,0.04505271464586258,1782818929.658962
415600,0.030497092753648758,1782818936.0241046
415700,0.10521300137042999,1782818942.366721
415800,0.02047903835773468,1782818948.7191699
415900,0.023616023361682892,1782818955.0530007
416000,1.5100905895233154,1782818961.2398338
416100,3.3427698612213135,1782818967.8606193
416200,0.03310399875044823,1782818974.347961
416300,0.059223972260951996,1782818980.789192
416400,0.027576304972171783,1782818987.3818886
416500,0.2530848979949951,1782818993.7266471
416600,0.029078666120767593,1782818999.9729984
416700,0.07498673349618912,1782819006.1560452
416800,0.041906677186489105,1782819012.0726013
416900,0.030013594776391983,1782819018.137216
417000,0.024781526997685432,1782819024.3729975
417100,0.049294374883174896,1782819030.740677
417200,0.1535187065601349,1782819037.1685114
417300,0.18069511651992798,1782819043.226481
417400,0.05865278095006943,1782819049.3518736
417500,0.03974681347608566,1782819055.2205849
417600,0.03930731117725372,1782819061.307077
417700,0.030327092856168747,1782819067.3857563
417800,0.06317833065986633,1782819073.7087138
417900,0.034705307334661484,1782819079.9687812
418000,0.022129500284790993,1782819086.4544115
418100,0.04337911307811737,1782819092.5653257
418200,0.027037926018238068,1782819098.6744936
418300,0.04369029775261879,1782819104.4633923
418400,0.03204304724931717,1782819110.3821254
418500,0.03290540724992752,1782819116.6551697
418600,1.041786789894104,1782819122.5748787
418700,0.03852660208940506,1782819128.5702348
418800,0.05641445890069008,1782819134.8357558
418900,0.029062632471323013,1782819140.9396093
419000,0.03314999118447304,1782819146.9319696
419100,0.07012869417667389,1782819153.013316
419200,0.06362590938806534,1782819159.1885183
419300,0.07599421590566635,1782819165.049513
419400,0.023814909160137177,1782819170.9318738
419500,0.02563558891415596,1782819176.914767
419600,0.049964986741542816,1782819183.0341132
419700,0.05999473109841347,1782819189.2706826
419800,0.1951131969690323,1782819195.3500106
419900,0.0814848393201828,1782819201.1933386
420000,0.4824967682361603,1782819207.0636363
420100,0.036516666412353516,1782819212.9350317
420200,0.055661704391241074,1782819218.7890277
420300,0.31119173765182495,1782819225.0741951
420400,0.06792992353439331,1782819231.092958
420500,0.04247691109776497,1782819237.4643478
420600,0.025470973923802376,1782819243.62801
420700,0.03344573825597763,1782819249.7119143
420800,0.025517914444208145,1782819255.6892855
420900,0.033910587430000305,1782819261.7968924
421000,0.05083508417010307,1782819267.891854
421100,0.03219597041606903,1782819274.098377
421200,0.017669759690761566,1782819280.1401436
421300,0.027600370347499847,1782819286.0416205
421400,0.026745982468128204,1782819291.9850714
421500,0.04895015060901642,1782819298.1323302
421600,0.021482475101947784,1782819304.123818
421700,1.0717239379882812,1782819310.2512653
421800,0.027624770998954773,1782819316.6956058
421900,0.019098056480288506,1782819322.7676117
422000,0.03198019415140152,1782819328.93337
422100,0.39068570733070374,1782819335.0046196
422200,0.026798710227012634,1782819340.9193048
422300,0.028657887130975723,1782819347.0519264
422400,0.059231676161289215,1782819353.3120062
422500,0.08347008377313614,1782819359.331132
422600,0.033546216785907745,1782819365.2600977
422700,0.22406892478466034,1782819371.3248143
422800,0.23167073726654053,1782819377.445134
422900,0.05773186683654785,1782819383.422703
423000,0.030036160722374916,1782819389.5658267
423100,0.13200698792934418,1782819395.5698078
423200,0.8983411192893982,1782819401.6074166
423300,0.03492627292871475,1782819407.4515724
423400,0.042755041271448135,1782819413.5042481
423500,0.0667947307229042,1782819419.5191152
423600,0.02522379532456398,1782819425.31693
423700,0.036954157054424286,1782819431.068674
423800,0.24178948998451233,1782819437.1945603
423900,0.03404564782977104,1782819443.1154425
424000,0.028316210955381393,1782819449.229894
424100,0.024241838604211807,1782819455.2995546
424200,0.16201052069664001,1782819461.415555
424300,0.03195027634501457,1782819467.6123683
424400,0.02377273701131344,1782819473.8317094
424500,0.02488604187965393,1782819479.7634284
424600,0.05223211646080017,1782819485.7079988
424700,0.03400498256087303,1782819491.8471081
424800,0.025680530816316605,1782819497.8146799
424900,0.03277195990085602,1782819503.8791342
425000,0.032719533890485764,1782819509.8234901
425100,1.1369036436080933,1782819696.8032005
425200,0.04358382895588875,1782819702.8068693
425300,0.03743286430835724,1782819708.58055
425400,0.9706416726112366,1782819714.3390021
425500,0.07380703091621399,1782819720.2511852
425600,0.03208378702402115,1782819726.0510218
425700,0.08895950019359589,1782819732.1869464
425800,0.07980340719223022,1782819738.1550057
425900,0.03235778212547302,1782819744.0866969
426000,0.08906769752502441,1782819750.0997477
426100,0.049158185720443726,1782819756.0020027
426200,0.05123736336827278,1782819762.1732461
426300,0.03778205066919327,1782819768.0346317
426400,0.04385007172822952,1782819774.1448076
426500,0.06329886615276337,1782819780.1523945
426600,0.05581142008304596,1782819786.0617166
426700,0.05426355451345444,1782819792.1957326
426800,0.050576191395521164,1782819798.120733
426900,0.0785708874464035,1782819804.1890702
427000,0.029455073177814484,1782819810.2939076
427100,0.036658741533756256,1782819816.1731188
427200,0.036945439875125885,1782819822.0347364
427300,0.8720923662185669,1782819828.2046316
427400,0.06536966562271118,1782819834.3029826
427500,0.03931259363889694,1782819840.5055099
427600,0.055831193923950195,1782819846.550192
427700,1.6379690170288086,1782819852.477813
427800,0.05916696414351463,1782819858.4320962
427900,0.03432818129658699,1782819864.488728
428000,0.05485731363296509,1782819870.2829497
428100,0.038380611687898636,1782819876.121077
428200,0.039780355989933014,1782819882.2160592
428300,0.05975586920976639,1782819888.0013287
428400,0.059056662023067474,1782819893.9080875
428500,0.04759104922413826,1782819899.9293272
428600,0.03068162128329277,1782819905.7490838
428700,0.03081865794956684,1782819911.5165277
428800,0.07430264353752136,1782819917.575223
428900,0.03029322437942028,1782819923.6852002
429000,0.080926813185215,1782819929.6031106
429100,0.058835506439208984,1782819935.6216931
429200,0.04488078132271767,1782819941.7653146
429300,0.2939121127128601,1782819947.6028087
429400,0.05017463490366936,1782819953.3634217
429500,0.030951814725995064,1782819959.386912
429600,0.024010073393583298,1782819965.2205338
429700,0.14364619553089142,1782819971.1384387
429800,0.052140556275844574,1782819977.3382697
429900,0.619593620300293,1782819983.1750576
430000,0.44876760244369507,1782819989.1563542
430100,0.033695418387651443,1782819995.3307507
430200,0.027184298262000084,1782820001.4788318
430300,2.2405529022216797,1782820007.5396547
430400,0.04153075069189072,1782820013.4070237
430500,0.03835073113441467,1782820019.4914382
430600,0.03317108750343323,1782820025.5143452
430700,0.13127478957176208,1782820031.5870345
430800,0.15388816595077515,1782820037.4539123
430900,0.030517250299453735,1782820043.3102396
431000,0.11761841177940369,1782820049.430246
431100,0.026407789438962936,1782820055.621831
431200,0.017573757097125053,1782820061.652259
431300,0.094072125852108,1782820067.5635448
431400,0.05511967092752457,1782820073.5160947
431500,3.422954797744751,1782820079.535928
431600,0.023396573960781097,1782820085.9177806
431700,0.04136907681822777,1782820091.9580214
431800,0.10480409860610962,1782820097.903994
431900,0.032764192670583725,1782820103.8962352
432000,0.0697377622127533,1782820110.0474763
432100,0.9609968066215515,1782820116.0292149
432200,0.12024357914924622,1782820122.1050262
432300,0.01858963817358017,1782820128.1471536
432400,0.0320655032992363,1782820134.1504629
432500,0.06369969993829727,1782820140.2739196
432600,0.10253618657588959,1782820146.4619606
432700,0.04060354828834534,1782820152.516978
432800,0.10594198852777481,1782820158.4658985
432900,0.0550406239926815,1782820164.4243762
433000,0.07512001693248749,1782820170.4059937
433100,0.08368882536888123,1782820176.664289
433200,0.03721641004085541,1782820182.5965226
433300,0.03113299235701561,1782820188.5431952
433400,0.02989286556839943,1782820194.5488663
433500,0.028279466554522514,1782820200.781593
433600,1.2548387050628662,1782820206.8711958
433700,0.04564044252038002,1782820213.18558
433800,0.04251362755894661,1782820219.2543285
433900,0.020060839131474495,1782820225.059272
434000,1.2528012990951538,1782820231.269529
434100,0.03685593605041504,1782820237.3204038
434200,0.22501541674137115,1782820243.3035667
434300,0.08342510461807251,1782820249.4708135
434400,0.04919690266251564,1782820255.512243
434500,0.04799187183380127,1782820261.3724751
434600,0.0294197890907526,1782820267.252166
434700,0.09569386392831802,1782820273.4987357
434800,0.08578578382730484,1782820279.602211
434900,0.04691654443740845,1782820285.5812495
435000,0.07027824968099594,1782820291.700476
435100,0.03252369910478592,1782820297.7881672
435200,0.053783584386110306,1782820303.8802512
435300,0.028406377881765366,1782820310.1130176
435400,0.037554241716861725,1782820316.2678561
435500,1.4736716747283936,1782820322.4382381
435600,0.05203799158334732,1782820328.7030554
435700,0.06217305362224579,1782820334.8546135
435800,0.03349619358778,1782820340.9170477
435900,0.0578349232673645,1782820346.900605
436000,0.040269091725349426,1782820352.782422
436100,0.0699412077665329,1782820358.7151542
436200,0.821232259273529,1782820364.8400176
436300,0.04564972221851349,1782820370.8931444
436400,0.04348534345626831,1782820376.956986
436500,0.02783771976828575,1782820382.9574723
436600,0.03609674423933029,1782820389.188528
436700,0.05160217732191086,1782820395.0815945
436800,0.10128248482942581,1782820401.059176
436900,0.09616236388683319,1782820407.239233
437000,0.23727184534072876,1782820413.4320128
437100,0.038713663816452026,1782820419.564097
437200,0.3157603144645691,1782820425.6069162
437300,0.06490178406238556,1782820431.567972
437400,0.029758093878626823,1782820437.8391368
437500,0.030402405187487602,1782820443.984698
437600,0.040451813489198685,1782820450.1557744
437700,0.48410776257514954,1782820456.0732863
437800,0.4302352964878082,1782820461.9563878
437900,0.17176875472068787,1782820468.0094607
438000,0.03685632348060608,1782820474.0005238
438100,0.02284763939678669,1782820479.9400873
438200,0.15377870202064514,1782820485.902964
438300,0.10123676061630249,1782820491.6571543
438400,0.04410445690155029,1782820497.4491076
438500,0.04414171725511551,1782820503.3714364
438600,0.1504121869802475,1782820509.37319
438700,1.844059944152832,1782820515.4837308
438800,0.20125846564769745,1782820521.3076136
438900,0.05881865695118904,1782820527.2253723
439000,0.18736502528190613,1782820533.2047002
439100,0.07409593462944031,1782820539.200828
439200,0.05958324670791626,1782820545.3247406
439300,0.13248470425605774,1782820551.1495116
439400,0.09471765160560608,1782820557.1988597
439500,0.06549987196922302,1782820563.0016286
439600,0.03660914674401283,1782820568.7924287
439700,0.5302001237869263,1782820574.989288
439800,0.0377439446747303,1782820581.0127506
439900,0.02705211192369461,1782820586.954657
440000,0.044204771518707275,1782820592.88362
440100,0.03893128037452698,1782820598.7546165
440200,0.05024072900414467,1782820604.6063623
440300,0.04790627583861351,1782820610.6223376
440400,0.043819013983011246,1782820616.5929902
440500,0.1140139102935791,1782820622.6702373
440600,0.0638614147901535,1782820628.5121977
440700,0.11098732799291611,1782820634.2673063
440800,0.045405518263578415,1782820640.1705577
440900,0.143051415681839,1782820646.098263
441000,0.08666091412305832,1782820652.2085278
441100,0.04497306048870087,1782820658.1769376
441200,0.17133545875549316,1782820664.0367515
441300,0.04537887126207352,1782820669.8773277
441400,0.1070905476808548,1782820675.6063051
441500,0.0658455640077591,1782820681.449632
441600,0.03603532165288925,1782820687.5109196
441700,0.02567906305193901,1782820693.548438
441800,0.05411995202302933,1782820699.5038145
441900,0.058080900460481644,1782820705.553073
442000,0.15451021492481232,1782820711.567756
442100,0.03567205369472504,1782820717.4825218
442200,0.03803056478500366,1782820723.4410467
442300,0.04503632336854935,1782820729.3866196
442400,0.042307138442993164,1782820735.14987
442500,0.035805102437734604,1782820740.8703675
442600,0.02705547586083412,1782820746.7263677
442700,0.5352863669395447,1782820752.491838
442800,0.051588818430900574,1782820758.2845263
442900,0.024708405137062073,1782820764.2491531
443000,0.057392410933971405,1782820770.1797557
443100,0.036609143018722534,1782820776.3272138
443200,0.4517555832862854,1782820782.2193305
443300,0.0475936196744442,1782820788.2434528
443400,0.026889584958553314,1782820794.1691918
443500,0.028535714372992516,1782820800.0570302
443600,0.040506549179553986,1782820806.0087469
443700,0.02876206859946251,1782820812.1085913
443800,0.02826395258307457,1782820817.7739809
443900,0.027571149170398712,1782820823.7938452
444000,0.01976780593395233,1782820829.7021847
444100,0.04508595168590546,1782820835.448166
444200,0.027353275567293167,1782820841.2974372
444300,0.04269649460911751,1782820847.3660405
444400,0.044009238481521606,1782820853.2861319
444500,0.046988461166620255,1782820859.145691
444600,0.051003895699977875,1782820865.1544101
444700,0.02306503802537918,1782820871.2972708
444800,0.02450973354279995,1782820877.1646578
444900,0.053102798759937286,1782820883.0170093
445000,0.020461030304431915,1782820889.2007823
445100,0.04042692482471466,1782820895.298922
445200,0.23743322491645813,1782820901.2249815
445300,0.06984321027994156,1782820907.2426386
445400,0.03983544558286667,1782820913.386138
445500,0.03379340097308159,1782820919.333556
445600,0.06174411624670029,1782820925.4223022
445700,0.10493425279855728,1782820931.2086658
445800,0.09206750988960266,1782820937.275265
445900,0.02772008255124092,1782820943.2438848
446000,0.05954618752002716,1782820949.3866267
446100,0.03678033500909805,1782820955.334368
446200,0.03096701018512249,1782820961.5090322
446300,0.029848651960492134,1782820967.4412296
446400,3.0950264930725098,1782820973.537221
446500,0.06277313083410263,1782820979.6230454
446600,0.038712501525878906,1782820985.6342332
446700,0.03784412145614624,1782820991.8903568
446800,0.02622445486485958,1782820997.8035605
446900,0.017329134047031403,1782821003.8539908
447000,0.16259154677391052,1782821009.7061276
447100,0.030839014798402786,1782821015.7737522
447200,0.05086049064993858,1782821021.7442522
447300,2.356235980987549,1782821027.8062208
447400,0.05280108004808426,1782821034.029255
447500,0.019455531612038612,1782821040.0077605
447600,0.07397042214870453,1782821045.9670994
447700,0.021102888509631157,1782821051.9830656
447800,0.0516478531062603,1782821057.9938438
447900,0.6427153944969177,1782821064.0483792
448000,0.15042658150196075,1782821069.8984642
448100,0.6562936902046204,1782821076.1176786
448200,0.03271546587347984,1782821082.2378051
448300,0.030460219830274582,1782821088.311033
448400,0.20739400386810303,1782821094.5470037
448500,0.020408377051353455,1782821100.7795837
448600,0.021618831902742386,1782821106.856365
448700,0.05392837896943092,1782821113.0747497
448800,0.028098445385694504,1782821119.0020585
448900,0.04833611845970154,1782821125.1690998
449000,0.06312849372625351,1782821131.2976503
449100,0.12185106426477432,1782821137.092414
449200,0.021739095449447632,1782821142.8783286
449300,0.1488197296857834,1782821148.622127
449400,0.02197931334376335,1782821154.4263434
449500,0.0371893048286438,1782821160.3988285
449600,0.018229223787784576,1782821166.3365593
449700,0.13622698187828064,1782821172.2376459
449800,0.5552261471748352,1782821178.2707672
449900,0.07739489525556564,1782821184.2685397
450000,0.2696835696697235,1782821190.3084483
450100,0.03841618448495865,1782821323.6295316
450200,0.03396323323249817,1782821329.6969485
450300,0.13040059804916382,1782821335.6839912
450400,0.02774987183511257,1782821341.722457
450500,0.02576490491628647,1782821347.7467604
450600,0.03592095151543617,1782821353.5637517
450700,0.03939659893512726,1782821359.4683833
450800,0.029166003689169884,1782821365.2172158
450900,0.020371079444885254,1782821371.1568818
451000,0.18289333581924438,1782821377.414392
451100,0.02130858041346073,1782821383.5328865
451200,1.4580726623535156,1782821389.6141727
451300,0.03654750809073448,1782821395.6197994
451400,0.5495957136154175,1782821401.568998
451500,0.021581755951046944,1782821407.4523776
451600,0.14655792713165283,1782821413.692964
451700,0.027830973267555237,1782821419.466282
451800,0.02171037346124649,1782821425.3712747
451900,0.07309716939926147,1782821431.484901
452000,0.25554099678993225,1782821437.2861526
452100,0.04013549163937569,1782821443.0416908
452200,0.0306406170129776,1782821448.9314184
452300,0.031165853142738342,1782821454.673331
452400,0.025845669209957123,1782821460.3508952
452500,0.03416508063673973,1782821466.2995205
452600,0.10231079161167145,1782821471.9926026
452700,0.02999146841466427,1782821477.8345008
452800,0.5088659524917603,1782821483.9255078
452900,0.229191392660141,1782821489.8526833
453000,0.5630797743797302,1782821495.7573953
453100,0.02640160359442234,1782821501.7331612
453200,0.02348635345697403,1782821507.865195
453300,0.021114377304911613,1782821513.9554062
453400,0.22033610939979553,1782821519.943067
453500,0.05900758132338524,1782821525.7219276
453600,0.029603250324726105,1782821531.9496384
453700,0.035658542066812515,1782821537.8951864
453800,0.07634198665618896,1782821543.917511
453900,0.061608798801898956,1782821549.6451283
454000,0.02144356071949005,1782821555.7779722
454100,0.041480254381895065,1782821561.8503652
454200,0.0326068215072155,1782821568.025205
454300,0.14737246930599213,1782821574.0696547
454400,0.05586891248822212,1782821580.2491558
454500,0.05049234256148338,1782821586.236745
454600,0.027879832312464714,1782821592.2414014
454700,0.04968414455652237,1782821598.3729475
454800,0.02596687711775303,1782821604.4048407
454900,0.03864949941635132,1782821610.3981254
455000,0.07260352373123169,1782821616.4974666
455100,0.046994637697935104,1782821622.4673073
455200,0.022349519655108452,1782821628.6979947
455300,0.03457944840192795,1782821634.8406782
455400,0.06766681373119354,1782821640.9905126
455500,0.07408849895000458,1782821647.2104468
455600,0.7055624723434448,1782821653.2386198
455700,0.11369553953409195,1782821659.3576622
455800,0.047706350684165955,1782821665.3049653
455900,0.06549964845180511,1782821671.35986
456000,0.0334007665514946,1782821677.3394785
456100,0.05067770183086395,1782821683.44757
456200,0.03940371051430702,1782821689.348935
456300,0.027713630348443985,1782821695.2712758
456400,0.03384582698345184,1782821700.967171
456500,0.04058299958705902,1782821706.9702475
456600,0.03295447677373886,1782821712.854933
456700,0.040489617735147476,1782821718.802574
456800,0.057502321898937225,1782821724.8248656
456900,0.05161865055561066,1782821730.9439309
457000,0.03439146280288696,1782821736.874751
457100,0.153911292552948,1782821742.9419315
457200,0.031902529299259186,1782821748.9550192
457300,0.03469432145357132,1782821755.086237
457400,0.10149742662906647,1782821760.815555
457500,4.397885322570801,1782821766.7128317
457600,0.027697715908288956,1782821772.6022274
457700,0.05302179604768753,1782821778.5747814
457800,0.3819870352745056,1782821784.2593122
457900,0.04045677185058594,1782821790.0339477
458000,0.05308614671230316,1782821796.0661702
458100,0.03444819152355194,1782821801.9188843
458200,0.08817242085933685,1782821807.6926978
458300,0.25561779737472534,1782821813.534941
458400,0.03462661802768707,1782821819.5485196
458500,0.052594177424907684,1782821825.6210196
458600,0.026880908757448196,1782821831.7473474
458700,2.288222551345825,1782821837.6493747
458800,0.04642689600586891,1782821843.6039712
458900,0.039325203746557236,1782821849.4980547
459000,0.05401806905865669,1782821855.734146
459100,0.3125159442424774,1782821861.942185
459200,0.058549512177705765,1782821867.8753567
459300,0.0648115947842598,1782821874.0068257
459400,0.09206699579954147,1782821880.0124068
459500,0.023159295320510864,1782821885.7493408
459600,0.029610946774482727,1782821891.4412122
459700,0.03025052882730961,1782821897.5627098
459800,0.04089989513158798,1782821903.301531
459900,0.04377354681491852,1782821909.1037652
460000,0.06126304715871811,1782821915.0961785
460100,2.070732355117798,1782821920.7405128
460200,0.04178614169359207,1782821926.7037938
460300,0.4684111773967743,1782821932.5377529
460400,0.04700489342212677,1782821938.4138968
460500,0.05259208381175995,1782821944.3908648
460600,0.03715343773365021,1782821950.4521573
460700,0.026268111541867256,1782821956.218026
460800,0.04418545216321945,1782821962.3020961
460900,0.04486571252346039,1782821968.2076635
461000,0.046540264040231705,1782821974.2685752
461100,0.03841034695506096,1782821980.4496915
461200,0.08213125169277191,1782821986.3004653
461300,0.057097017765045166,1782821992.272603
461400,0.09026526659727097,1782821998.256382
461500,0.08449685573577881,1782822004.2532587
461600,0.022658709436655045,1782822010.0870845
461700,0.030138293281197548,1782822016.1018791
461800,0.04149547219276428,1782822021.9787223
461900,0.0464591458439827,1782822027.9935663
462000,0.03567947447299957,1782822033.971918
462100,0.06411987543106079,1782822040.0497594
462200,0.039648815989494324,1782822045.806863
462300,0.055136024951934814,1782822051.6011188
462400,0.06384939700365067,1782822057.7059712
462500,0.032221902161836624,1782822063.8475971
462600,0.03670906648039818,1782822069.979656
462700,0.022088460624217987,1782822075.9550843
462800,0.03000490367412567,1782822082.0807216
462900,0.021000606939196587,1782822087.9565148
463000,0.17837956547737122,1782822094.0203776
463100,0.0367763489484787,1782822099.934016
463200,0.3663977384567261,1782822105.9709961
463300,0.0244593545794487,1782822112.101821
463400,0.05237558111548424,1782822117.9710748
463500,0.043391309678554535,1782822123.7474432
463600,0.04573177173733711,1782822129.606168
463700,0.20085324347019196,1782822135.4930036
463800,0.08339599519968033,1782822141.3291135
463900,0.09460432827472687,1782822147.269563
464000,0.03662940859794617,1782822153.291735
464100,0.10040749609470367,1782822159.2676308
464200,0.022133927792310715,1782822165.265172
464300,0.05314258486032486,1782822171.0984743
464400,0.04161179065704346,1782822177.0950737
464500,0.4730817973613739,1782822183.2472432
464600,0.035273611545562744,1782822189.3263512
464700,0.04808063060045242,1782822195.334696
464800,0.03105100244283676,1782822201.5022361
464900,0.13191328942775726,1782822207.4184043
465000,0.02338145300745964,1782822213.6424692
465100,0.04219750687479973,1782822219.5471284
465200,0.019470131024718285,1782822225.3295755
465300,0.046156078577041626,1782822231.0638556
465400,0.10055892169475555,1782822237.1498914
465500,0.05548546463251114,1782822243.228227
465600,0.07883414626121521,1782822249.2041407
465700,0.04264432564377785,1782822255.1786926
465800,0.04557020962238312,1782822261.1549997
465900,0.3125873804092407,1782822267.1645937
466000,0.028898051008582115,1782822273.2651856
466100,0.2790231704711914,1782822279.4461296
466200,0.034599851816892624,1782822285.4849756
466300,0.030261754989624023,1782822291.447441
466400,0.03457555174827576,1782822297.2673573
466500,0.03359188139438629,1782822303.0419445
466600,0.048642829060554504,1782822308.8042288
466700,0.05073292925953865,1782822314.6807723
466800,0.025312306359410286,1782822320.7254856
466900,0.035021327435970306,1782822326.6873083
467000,0.04254169017076492,1782822332.82723
467100,0.0459892600774765,1782822338.716699
467200,0.08135557919740677,1782822344.6997294
467300,0.043261993676424026,1782822350.5413754
467400,0.025593478232622147,1782822356.4524922
467500,0.08365228772163391,1782822362.3164005
467600,0.021160919219255447,1782822368.2712052
467700,0.13776829838752747,1782822374.321717
467800,0.07580814510583878,1782822380.2168713
467900,0.0364757739007473,1782822386.0833046
468000,0.1503104865550995,1782822392.1876943
468100,0.24991358816623688,1782822398.1974902
468200,0.03726944327354431,1782822404.2582326
468300,0.039619166404008865,1782822410.321505
468400,0.21540027856826782,1782822416.2208815
468500,0.043085746467113495,1782822421.9376967
468600,0.1332094818353653,1782822428.0676825
468700,0.04096756502985954,1782822434.0202575
468800,0.024760905653238297,1782822439.877731
468900,0.014726881869137287,1782822445.7627387
469000,0.015843965113162994,1782822451.642536
469100,0.03579001873731613,1782822457.6059911
469200,0.03893031179904938,1782822463.7255785
469300,0.020547956228256226,1782822469.786431
469400,0.08146011829376221,1782822475.6223183
469500,0.032672882080078125,1782822481.6065493
469600,0.03615354001522064,1782822487.5770178
469700,0.01875891722738743,1782822493.806379
469800,0.023747485131025314,1782822499.8641908
469900,0.027008729055523872,1782822506.0015712
470000,0.04344203695654869,1782822511.9261963
470100,0.13195975124835968,1782822518.2314882
470200,0.042454689741134644,1782822524.2210655
470300,0.048156388103961945,1782822530.2595973
470400,0.026307260617613792,1782822536.3602405
470500,0.02468596026301384,1782822542.3395689
470600,0.022431939840316772,1782822548.414411
470700,0.031651899218559265,1782822554.5792978
470800,0.042168255895376205,1782822560.6603177
470900,0.04346953332424164,1782822566.6539977
471000,12.044510841369629,1782822572.8307796
471100,0.03148999810218811,1782822578.864751
471200,0.027073659002780914,1782822584.826648
471300,0.04785158485174179,1782822591.1264462
471400,0.01616480201482773,1782822597.3797913
471500,0.6241827011108398,1782822603.316585
471600,0.026442494243383408,1782822609.1731539
471700,0.020310107618570328,1782822615.619218
471800,0.015080662444233894,1782822621.489971
471900,0.1513080596923828,1782822627.2680743
472000,0.03704352304339409,1782822633.7015553
472100,0.24508406221866608,1782822639.7881594
472200,0.033245883882045746,1782822645.7541654
472300,0.775248110294342,1782822652.020746
472400,0.056529052555561066,1782822658.2400105
472500,0.3170322775840759,1782822664.103521
472600,0.0571269690990448,1782822670.0845575
472700,0.03428490459918976,1782822676.1243825
472800,0.03070979192852974,1782822682.030756
472900,0.027959663420915604,1782822687.971391
473000,0.1038578450679779,1782822694.0577662
473100,0.062431562691926956,1782822700.038772
473200,0.17096978425979614,1782822706.1359303
473300,0.3266671299934387,1782822712.3534324
473400,0.05938718467950821,1782822718.4279647
473500,0.0357561893761158,1782822724.4387815
473600,0.030925486236810684,1782822730.4881065
473700,0.05262371897697449,1782822736.3661125
473800,0.04635860025882721,1782822742.4371383
473900,0.03728646785020828,1782822748.6879992
474000,0.026060113683342934,1782822754.8935373
474100,0.02902655303478241,1782822760.935482
474200,0.07347850501537323,1782822766.9729288
474300,0.06261473149061203,1782822773.1315897
474400,0.07464051991701126,1782822779.0414474
474500,0.2752944231033325,1782822784.9875407
474600,0.044875964522361755,1782822790.8815277
474700,0.037669748067855835,1782822796.8263707
474800,0.09017813950777054,1782822802.9734812
474900,0.04108770191669464,1782822808.924956
475000,0.06150076910853386,1782822814.9975905
475100,0.15980370342731476,1782822957.8406687
475200,0.18290284276008606,1782822963.6145732
475300,0.0969524011015892,1782822969.3986425
475400,0.040973447263240814,1782822975.347168
475500,0.033665698021650314,1782822981.1122708
475600,0.6117631196975708,1782822987.3555875
475700,0.059511326253414154,1782822993.532733
475800,0.07618653774261475,1782822999.4949708
475900,0.020189300179481506,1782823005.5368156
476000,0.018979644402861595,1782823011.682826
476100,0.36050945520401,1782823017.7810795
476200,0.046735115349292755,1782823023.74052
476300,0.08254855871200562,1782823029.9150746
476400,0.06252380460500717,1782823036.073018
476500,0.048680588603019714,1782823042.09721
476600,0.049929454922676086,1782823048.063474
476700,0.04799459129571915,1782823054.2061648
476800,0.03059961646795273,1782823060.284779
476900,0.08753639459609985,1782823066.2025027
477000,0.029814042150974274,1782823072.1611047
477100,0.03512917831540108,1782823078.0423067
477200,0.07481246441602707,1782823083.906456
477300,0.03451709821820259,1782823089.9837277
477400,0.029720131307840347,1782823095.8054957
477500,0.04271944612264633,1782823102.1284997
477600,0.030460109934210777,1782823108.042304
477700,0.04901533201336861,1782823114.1107228
477800,0.029591914266347885,1782823119.9379818
477900,0.1543348729610443,1782823125.862161
478000,0.07547914981842041,1782823131.9679909
478100,2.931058406829834,1782823137.8737636
478200,0.283694863319397,1782823143.6747098
478300,0.0337321013212204,1782823149.9161339
478400,0.03530930355191231,1782823156.1292722
478500,0.03255006670951843,1782823162.1826708
478600,0.06287553906440735,1782823168.1704354
478700,0.03635513782501221,1782823174.2755792
478800,0.026997629553079605,1782823180.3699274
478900,0.14104747772216797,1782823186.6184013
479000,0.13551729917526245,1782823192.6149964
479100,0.06156575679779053,1782823198.5533998
479200,0.030540145933628082,1782823204.6191208
479300,0.029412448406219482,1782823210.3983397
479400,0.07832701504230499,1782823216.4617198
479500,0.0876501202583313,1782823222.3848119
479600,0.18276262283325195,1782823228.509296
479700,0.028680073097348213,1782823234.3669639
479800,0.05187961459159851,1782823240.2601838
479900,1.7266581058502197,1782823246.4396548
480000,0.02993278205394745,1782823252.5556355
480100,0.02393261343240738,1782823258.5606205
480200,0.026698924601078033,1782823264.8010623
480300,1.0721204280853271,1782823270.9029465
480400,0.019271589815616608,1782823276.8423321
480500,0.02510366588830948,1782823282.705327
480600,0.020974673330783844,1782823288.5051672
480700,0.02486821636557579,1782823294.4134803
480800,0.19816456735134125,1782823300.4062073
480900,0.05570981279015541,1782823306.5889869
481000,0.020602699369192123,1782823312.761865
481100,0.03499274328351021,1782823318.8809378
481200,0.12222640216350555,1782823324.8000557
481300,0.022129390388727188,1782823330.8214495
481400,0.04780256375670433,1782823336.7930148
481500,0.026337094604969025,1782823343.0665965
481600,0.04269987344741821,1782823348.9538856
481700,0.029978539794683456,1782823355.2339103
481800,0.02668178826570511,1782823361.268601
481900,0.020123537629842758,1782823367.4633632
482000,0.031069142743945122,1782823373.6171484
482100,0.04731252044439316,1782823379.5488694
482200,0.0773993581533432,1782823385.7195163
482300,0.026780206710100174,1782823391.5157266
482400,0.03494885563850403,1782823397.379504
482500,0.033946841955184937,1782823403.469921
482600,0.36532577872276306,1782823409.3456595
482700,2.284015417098999,1782823415.2276416
482800,0.026362841948866844,1782823421.1435091
482900,0.05903730168938637,1782823427.2177267
483000,0.020968075841665268,1782823433.2170346
483100,0.179194837808609,1782823439.2319896
483200,0.03868895769119263,1782823445.3704598
483300,0.02503511682152748,1782823451.6821024
483400,0.30874213576316833,1782823457.5736465
483500,0.10462038218975067,1782823463.8053808
483600,0.022067341953516006,1782823469.850862
483700,0.026259757578372955,1782823475.8643248
483800,0.08996150642633438,1782823481.8746824
483900,0.06370090693235397,1782823488.1253347
484000,0.028849275782704353,1782823494.1443987
484100,0.11241815239191055,1782823500.1831222
484200,0.023947466164827347,1782823506.4746466
484300,0.046984873712062836,1782823512.6112118
484400,0.03780236840248108,1782823518.5192294
484500,0.07206622511148453,1782823524.6688852
484600,0.030925657600164413,1782823530.8817134
484700,0.017827533185482025,1782823536.8992708
484800,0.06209992617368698,1782823543.041116
484900,0.11821447312831879,1782823549.0088935
485000,0.23767082393169403,1782823555.0157537
485100,0.13765163719654083,1782823561.0623376
485200,0.026977933943271637,1782823567.152933
485300,0.44427740573883057,1782823573.2356062
485400,0.6815526485443115,1782823579.2257733
485500,0.04409259557723999,1782823585.1788836
485600,0.07020331919193268,1782823591.1090841
485700,2.3549740314483643,1782823597.1841714
485800,0.03845226764678955,1782823603.3040946
485900,0.025972338393330574,1782823609.1141815
486000,0.036176539957523346,1782823615.0797262
486100,0.18619932234287262,1782823621.2840512
486200,0.12300016731023788,1782823627.4622338
486300,0.047742344439029694,1782823633.5987196
486400,0.04689556360244751,1782823639.5385334
486500,0.025692688301205635,1782823645.4259787
486600,0.03498733416199684,1782823651.2338178
486700,0.03262816742062569,1782823657.3706765
486800,0.023599397391080856,1782823663.327099
486900,0.022666752338409424,1782823669.1926246
487000,0.0301271490752697,1782823675.5174465
487100,0.05482306331396103,1782823681.621142
487200,0.03938201814889908,1782823687.5755892
487300,0.018864324316382408,1782823693.6789184
487400,0.04226773977279663,1782823699.5334258
487500,0.02076011151075363,1782823705.426898
487600,0.022664040327072144,1782823711.2889345
487700,0.03648855537176132,1782823717.1235256
487800,0.6663945913314819,1782823723.1879642
487900,0.04090064764022827,1782823729.233852
488000,0.04677378386259079,1782823735.275608
488100,0.021843552589416504,1782823741.3412938
488200,0.03065124712884426,1782823747.2384925
488300,0.09651120752096176,1782823753.282288
488400,0.0764363706111908,1782823759.2858248
488500,0.033651143312454224,1782823765.3077366
488600,0.0443645641207695,1782823771.371187
488700,0.03663978725671768,1782823777.5528038
488800,0.04461393505334854,1782823783.7983642
488900,0.04983322322368622,1782823789.6972945
489000,0.034970320761203766,1782823795.9372113
489100,0.02314388006925583,1782823801.9399996
489200,0.020135298371315002,1782823807.90395
489300,0.03741981089115143,1782823814.1894705
489400,0.029411453753709793,1782823820.11824
489500,0.03411038964986801,1782823826.4218507
489600,0.05143621563911438,1782823832.4424415
489700,0.0464603528380394,1782823838.3919787
489800,0.08287172019481659,1782823844.3868823
489900,0.08283866941928864,1782823850.5479248
490000,0.03427428379654884,1782823856.5061073
490100,0.024531910195946693,1782823862.6143186
490200,0.03181275725364685,1782823868.5339768
490300,0.0383274108171463,1782823874.534873
490400,0.038409702479839325,1782823880.5208874
490500,0.030201444402337074,1782823886.4754937
490600,0.06325370073318481,1782823892.5039387
490700,0.035011548548936844,1782823898.6487486
490800,0.036874063313007355,1782823904.8405044
490900,0.02333415299654007,1782823910.8664544
491000,0.06008100137114525,1782823917.1283646
491100,0.16897711157798767,1782823922.9537826
491200,0.048597097396850586,1782823928.931858
491300,0.017053838819265366,1782823934.7448924
491400,0.10355953872203827,1782823940.5823421
491500,0.027939677238464355,1782823946.7413354
491600,0.03457826003432274,1782823952.7648356
491700,4.9655842781066895,1782823958.6884515
491800,0.032237812876701355,1782823964.6955233
491900,0.6703672409057617,1782823970.6677172
492000,0.06278561800718307,1782823976.6339152
492100,0.04048849269747734,1782823982.8178425
492200,0.0188082754611969,1782823989.0562923
492300,0.061825912445783615,1782823995.0107043
492400,0.02864895761013031,1782824001.115197
492500,0.021419931203126907,1782824007.0826175
492600,0.028917808085680008,1782824013.0729666
492700,0.02219242975115776,1782824019.097323
492800,0.31978386640548706,1782824024.9899693
492900,0.045819029211997986,1782824031.2223127
493000,0.04344780743122101,1782824037.2732818
493100,0.02065834030508995,1782824043.3381436
493200,0.04359400272369385,1782824049.2395155
493300,0.03885624557733536,1782824055.1257122
493400,0.044715333729982376,1782824060.9739738
493500,0.01924731768667698,1782824066.8822803
493600,0.049426693469285965,1782824072.9043527
493700,0.07826176285743713,1782824079.0213711
493800,0.1272638738155365,1782824085.0253818
493900,0.036507781594991684,1782824091.072108
494000,0.07727381587028503,1782824097.0025342
494100,0.024845104664564133,1782824103.1755962
494200,0.02468259632587433,1782824109.0886528
494300,0.40847936272621155,1782824115.244252
494400,0.12209688127040863,1782824121.4978058
494500,0.04002069681882858,1782824127.582878
494600,0.06276220083236694,1782824133.6974297
494700,0.03517669439315796,1782824140.018236
494800,0.04475000500679016,1782824146.1495585
494900,0.06688053905963898,1782824152.4100606
495000,0.17483046650886536,1782824158.4700432
495100,0.03985259309411049,1782824164.5638177
495200,0.020451463758945465,1782824170.7913072
495300,0.02901850827038288,1782824176.9046834
495400,0.024841349571943283,1782824182.8452916
495500,0.05173216015100479,1782824189.049199
495600,0.38242655992507935,1782824195.017149
495700,0.039981260895729065,1782824200.8922312
495800,0.02384800836443901,1782824206.740941
495900,0.019569389522075653,1782824212.9364138
496000,0.03185256943106651,1782824219.0048575
496100,0.03981082886457443,1782824225.1052969
496200,0.02446128986775875,1782824231.107757
496300,0.08639007806777954,1782824237.418714
496400,0.05732165277004242,1782824243.441239
496500,0.11363821476697922,1782824249.5604372
496600,0.5373474955558777,1782824255.4729276
496700,0.09933210164308548,1782824261.3077693
496800,0.03358118236064911,1782824267.2829792
496900,0.5994839072227478,1782824273.0889978
497000,0.028888128697872162,1782824279.0374908
497100,0.023357858881354332,1782824285.1440802
497200,0.023646630346775055,1782824291.278844
497300,0.09076743572950363,1782824297.492623
497400,0.03348330780863762,1782824303.4469814
497500,0.07982232421636581,1782824309.5961206
497600,0.042033664882183075,1782824315.535737
497700,0.04082931950688362,1782824321.6404412
497800,0.02968912571668625,1782824327.8918598
497900,0.06610876321792603,1782824334.1009076
498000,0.015523102134466171,1782824340.0206432
498100,0.019522737711668015,1782824346.0825896
498200,0.040832921862602234,1782824352.2036722
498300,0.044150568544864655,1782824358.468804
498400,0.020859340205788612,1782824364.6716175
498500,0.07955808937549591,1782824370.7936878
498600,0.01596611738204956,1782824376.6730149
498700,0.01425085123628378,1782824382.845736
498800,0.022737476974725723,1782824388.761992
498900,0.0348978266119957,1782824394.901747
499000,0.016692472621798515,1782824400.929082
499100,0.017656324431300163,1782824406.9315395
499200,0.022380754351615906,1782824413.162887
499300,0.026096202433109283,1782824419.2913852
499400,0.11540061980485916,1782824425.3524506
499500,0.01637919247150421,1782824431.6180193
499600,0.017720777541399002,1782824437.841782
499700,0.02132778987288475,1782824443.8744733
499800,0.04008142277598381,1782824450.280682
499900,0.035727206617593765,1782824456.3265264
500000,0.020689088851213455,1782824462.365721
500100,0.26839184761047363,1782824626.0010211
500200,0.20562084019184113,1782824632.1681113
500300,0.19941434264183044,1782824638.2086875
500400,0.13285546004772186,1782824644.2002966
500500,0.1545105278491974,1782824650.2412922
500600,0.09584182500839233,1782824656.1678905
500700,0.3763492703437805,1782824662.2943234
500800,0.07515157759189606,1782824668.3841302
500900,0.09030526876449585,1782824674.2865398
501000,0.05871398746967316,1782824680.2408547
501100,0.043916549533605576,1782824686.3903432
501200,0.04368992894887924,1782824692.4121683
501300,0.10304327309131622,1782824698.5925577
501400,0.05429811030626297,1782824704.6062462
501500,0.08431106060743332,1782824710.5501523
501600,0.033583253622055054,1782824716.5101433
501700,0.04846223071217537,1782824722.451439
501800,0.060400355607271194,1782824728.600863
501900,0.06339474022388458,1782824735.0677478
502000,0.12043649703264236,1782824741.0607526
502100,0.061657749116420746,1782824747.217407
502200,0.027016375213861465,1782824753.347979
502300,0.027824487537145615,1782824759.5179815
502400,0.02852468751370907,1782824765.554718
502500,0.044777147471904755,1782824771.524888
502600,0.04117516428232193,1782824777.7368596
502700,0.039925698190927505,1782824784.072916
502800,0.027246752753853798,1782824790.4331965
502900,0.03662753105163574,1782824796.2987418
503000,0.5212576389312744,1782824802.2982435
503100,0.024730129167437553,1782824808.475113
503200,0.03441902995109558,1782824814.3745103
503300,0.04506868124008179,1782824820.549177
503400,0.015593954361975193,1782824826.6442597
503500,0.11276008188724518,1782824832.7636144
503600,0.02191387116909027,1782824838.9300961
503700,0.020406093448400497,1782824845.1144884
503800,0.031478311866521835,1782824851.1276274
503900,0.023250587284564972,1782824857.1111135
504000,0.02176123857498169,1782824863.1386409
504100,0.03616420179605484,1782824869.0701823
504200,0.03325754776597023,1782824875.2194064
504300,0.03941256180405617,1782824881.3182743
504400,1.1822940111160278,1782824887.1684053
504500,0.3350645899772644,1782824893.255297
504600,0.05299079418182373,1782824899.4522352
504700,0.029603619128465652,1782824905.596422
504800,0.027980707585811615,1782824911.799928
504900,0.05480969697237015,1782824917.767742
505000,0.04380962252616882,1782824923.8404193
505100,0.059469036757946014,1782824929.938166
505200,0.025468625128269196,1782824936.1964104
505300,0.02173387072980404,1782824942.1150932
505400,0.018817858770489693,1782824948.3291357
505500,3.167483329772949,1782824954.5170126
505600,0.014785953797399998,1782824960.5191493
505700,0.0265333354473114,1782824966.5979161
505800,0.03580932319164276,1782824972.7560878
505900,0.024028999730944633,1782824978.7640696
506000,0.02641841396689415,1782824984.7104745
506100,0.03774796426296234,1782824990.5657952
506200,0.033824846148490906,1782824996.7410777
506300,0.06252376735210419,1782825002.6411252
506400,0.018193719908595085,1782825008.6673586
506500,0.04777025058865547,1782825014.6956892
506600,0.06053458899259567,1782825020.670472
506700,0.02757720649242401,1782825026.813779
506800,0.01522078923881054,1782825032.9145198
506900,0.03128832206130028,1782825038.8192039
507000,0.3793317675590515,1782825044.9938135
507100,0.03090037778019905,1782825051.3038945
507200,0.03634975105524063,1782825057.3686402
507300,0.04215875267982483,1782825063.4838426
507400,0.06533912569284439,1782825069.2505944
507500,0.06416358053684235,1782825075.1541798
507600,0.0461762398481369,1782825081.3782558
507700,0.03496040776371956,1782825087.3843694
507800,0.13386152684688568,1782825093.5163224
507900,0.45598965883255005,1782825099.5004694
508000,0.02813573181629181,1782825105.5278823
508100,0.1516813039779663,1782825111.483108
508200,0.02438962087035179,1782825117.8384728
508300,0.10750360786914825,1782825124.0805125
508400,0.2965814471244812,1782825130.1147518
508500,0.049671515822410583,1782825136.0746527
508600,0.033357903361320496,1782825142.3177948
508700,0.03817366808652878,1782825148.2571616
508800,0.024762017652392387,1782825154.4397998
508900,0.02690635249018669,1782825160.433843
509000,0.03856655955314636,1782825166.5930393
509100,0.08830245584249496,1782825172.6354027
509200,0.6773533225059509,1782825178.5965047
509300,0.03215854614973068,1782825184.5706608
509400,0.07174897193908691,1782825190.5220098
509500,0.021709991618990898,1782825196.6041083
509600,0.02204933762550354,1782825202.6697948
509700,0.052764423191547394,1782825208.6896834
509800,0.03069019690155983,1782825214.6174011
509900,0.034447457641363144,1782825220.6642962
510000,0.26964882016181946,1782825226.6480596
510100,0.026737533509731293,1782825232.7327833
510200,0.25547128915786743,1782825238.8669777
510300,0.030946722254157066,1782825245.0021405
510400,0.0343601293861866,1782825251.071562
510500,0.0763353779911995,1782825257.0490575
510600,1.5446122884750366,1782825263.0870297
510700,0.039039671421051025,1782825269.350388
510800,0.03257925808429718,1782825275.2503605
510900,0.019247595220804214,1782825281.5779402
511000,0.03165465593338013,1782825287.455504
511100,0.025363529101014137,1782825293.4345777
511200,0.08300167322158813,1782825299.4501288
511300,0.059182025492191315,1782825305.4386442
511400,0.045566216111183167,1782825311.440901
511500,0.06276071816682816,1782825317.618588
511600,0.022863566875457764,1782825323.6171665
511700,1.8241389989852905,1782825329.360706
511800,0.04802202433347702,1782825335.230536
511900,0.042220160365104675,1782825341.2475133
512000,0.0360635370016098,1782825347.0469022
512100,0.03216985613107681,1782825353.0817823
512200,0.030139360576868057,1782825358.8751578
512300,0.020276721566915512,1782825364.901536
512400,0.04109510779380798,1782825370.866792
512500,0.03253617137670517,1782825376.7399926
512600,0.03366377204656601,1782825382.5704784
512700,0.06262345612049103,1782825388.480233
512800,0.05937996506690979,1782825394.4382458
512900,0.05076279491186142,1782825400.5158575
513000,0.15643642842769623,1782825406.4791825
513100,0.09407490491867065,1782825412.5952315
513200,0.030499057844281197,1782825418.5567472
513300,0.03374357521533966,1782825424.8166559
513400,0.034007005393505096,1782825430.7481518
513500,0.060334451496601105,1782825436.6076858
513600,0.034023087471723557,1782825442.7501292
513700,0.020995473489165306,1782825448.898374
513800,0.03175156190991402,1782825454.9228787
513900,0.026180794462561607,1782825460.985522
514000,0.06519480049610138,1782825467.0647852
514100,0.017158683389425278,1782825473.0536683
514200,0.016683384776115417,1782825479.1663363
514300,1.3620370626449585,1782825485.1749942
514400,0.07354843616485596,1782825491.116951
514500,0.02770818956196308,1782825497.2499158
514600,0.027347521856427193,1782825503.321401
514700,0.04118406027555466,1782825509.2873151
514800,1.2039225101470947,1782825515.1460252
514900,0.0162530355155468,1782825521.1397061
515000,0.07345589995384216,1782825527.2414122
515100,0.01806185580790043,1782825533.3504512
515200,0.0557326003909111,1782825539.353693
515300,0.015277907252311707,1782825545.1826665
515400,0.05063857138156891,1782825551.1898038
515500,0.02278377115726471,1782825557.2626457
515600,0.028428584337234497,1782825563.3601537
515700,0.06490316987037659,1782825569.3601584
515800,0.02868104912340641,1782825575.3189437
515900,0.026172945275902748,1782825581.4040246
516000,0.018754083663225174,1782825587.4432976
516100,0.093808114528656,1782825593.4537842
516200,0.06947444379329681,1782825599.513201
516300,0.10262100398540497,1782825605.5724456
516400,0.04334770515561104,1782825611.5489488
516500,0.019129786640405655,1782825617.4512982
516600,0.03492771089076996,1782825623.383401
516700,0.03367544338107109,1782825629.7007537
516800,0.05633019655942917,1782825635.932505
516900,0.03650636970996857,1782825642.1597607
517000,0.16186867654323578,1782825648.3159032
517100,0.15813048183918,1782825654.4952872
517200,0.025660300627350807,1782825660.4080646
517300,0.5032311677932739,1782825666.4821198
517400,0.03991050273180008,1782825672.3892078
517500,0.042970821261405945,1782825678.50299
517600,0.026789506897330284,1782825684.447419
517700,0.09304792433977127,1782825690.646926
517800,0.19147075712680817,1782825696.6998487
517900,0.07851935923099518,1782825702.9307342
518000,0.021567001938819885,1782825709.095689
518100,0.030904794111847878,1782825715.1528018
518200,0.04364144802093506,1782825721.1709068
518300,0.06484849750995636,1782825727.0961294
518400,0.015163378790020943,1782825733.0842645
518500,0.03161504864692688,1782825739.2149117
518600,0.01983313076198101,1782825745.5639966
518700,0.04989052936434746,1782825751.5078342
518800,0.02623257413506508,1782825757.5889962
518900,0.06993366777896881,1782825763.687163
519000,0.026915809139609337,1782825769.769487
519100,0.03427967429161072,1782825775.6322575
519200,0.02480672486126423,1782825781.8011482
519300,0.019736332818865776,1782825787.8104281
519400,0.023732172325253487,1782825793.9721565
519500,0.03093179687857628,1782825800.0289254
519600,0.0472431406378746,1782825806.0764477
519700,0.03851691633462906,1782825812.0549152
519800,0.023489592596888542,1782825818.1628492
519900,0.030179984867572784,1782825824.3146613
520000,0.05570897459983826,1782825830.4296126
520100,0.11604104936122894,1782825836.497674
520200,0.03482898697257042,1782825842.3707132
520300,0.031118979677557945,1782825848.4046693
520400,0.02137281559407711,1782825854.2992866
520500,0.16007113456726074,1782825860.4960797
520600,0.16893312335014343,1782825866.5683312
520700,0.03218621388077736,1782825872.5623317
520800,0.044585201889276505,1782825878.6333103
520900,0.03621353209018707,1782825884.6015236
521000,0.026243288069963455,1782825890.849345
521100,0.04535809904336929,1782825896.8802893
521200,0.022622879594564438,1782825902.9730399
521300,0.03826352581381798,1782825909.0321805
521400,0.14819711446762085,1782825915.1285994
521500,0.02036704495549202,1782825921.5775707
521600,0.04483417794108391,1782825927.5768263
521700,0.038709744811058044,1782825933.6618443
521800,0.028317324817180634,1782825939.7865014
521900,0.052931368350982666,1782825945.7998474
522000,0.032922085374593735,1782825952.022729
522100,0.2821301817893982,1782825958.0719767
522200,0.07279717177152634,1782825963.889015
522300,0.2118205428123474,1782825970.0798724
522400,0.028220470994710922,1782825976.179518
522500,0.0370553657412529,1782825982.3324487
522600,0.05037282034754753,1782825988.289173
522700,0.028345096856355667,1782825994.268535
522800,0.18622621893882751,1782826000.3397691
522900,0.05285412073135376,1782826006.4175017
523000,0.03545181080698967,1782826012.3617866
523100,0.03839569538831711,1782826018.1614864
523200,0.03322876989841461,1782826024.1008942
523300,0.03238533437252045,1782826030.2549038
523400,0.028292521834373474,1782826036.3093784
523500,0.29528412222862244,1782826042.2935977
523600,0.03279682248830795,1782826048.532255
523700,0.024704204872250557,1782826054.6356556
523800,0.061346955597400665,1782826060.5895393
523900,0.7250741124153137,1782826066.7715743
524000,0.03496978431940079,1782826073.0490773
524100,0.037203144282102585,1782826079.0393271
524200,0.020732201635837555,1782826085.05438
524300,0.03104303777217865,1782826090.9538305
524400,0.015564117580652237,1782826097.0564165
524500,0.07613447308540344,1782826103.1240575
524600,0.04611235857009888,1782826109.0709708
524700,0.04186242073774338,1782826115.3471425
524800,0.05329703539609909,1782826121.340107
524900,0.0757855698466301,1782826127.2924612
525000,0.04551330581307411,1782826133.5304866
525100,0.07929303497076035,1782826259.3777254
525200,0.08189551532268524,1782826265.1923738
525300,0.11552976071834564,1782826271.146948
525400,0.04434077814221382,1782826276.8978176
525500,0.03495454043149948,1782826282.7237551
525600,0.02816869504749775,1782826288.6721358
525700,0.023819083347916603,1782826294.574721
525800,0.062163740396499634,1782826300.5190904
525900,0.03062247298657894,1782826306.524054
526000,0.03658958896994591,1782826312.4692526
526100,0.046357735991477966,1782826318.4680128
526200,0.059330422431230545,1782826324.6476996
526300,0.028669994324445724,1782826330.7386355
526400,0.07224675267934799,1782826336.5815823
526500,0.0987221971154213,1782826342.720368
526600,1.8110426664352417,1782826348.7415698
526700,0.036700159311294556,1782826354.6860201
526800,0.09109519422054291,1782826360.6963456
526900,0.03859471157193184,1782826366.8838007
527000,0.02904353104531765,1782826372.8312633
527100,0.02881365828216076,1782826378.4810743
527200,0.04581979662179947,1782826384.3149257
527300,0.05802284926176071,1782826389.9903443
527400,0.02326216548681259,1782826395.6997392
527500,0.115767702460289,1782826401.525485
527600,3.251894474029541,1782826407.2817216
527700,0.050057463347911835,1782826413.065852
527800,0.0525578111410141,1782826418.8209186
527900,0.0297185517847538,1782826424.6271815
528000,0.3500542640686035,1782826430.298864
528100,1.7664616107940674,1782826436.1325705
528200,0.027278093621134758,1782826441.7408705
528300,0.03213896602392197,1782826447.283552
528400,0.033260464668273926,1782826453.0258186
528500,0.15237855911254883,1782826459.0791445
528600,0.6348087787628174,1782826465.1161566
528700,0.32040077447891235,1782826470.7538817
528800,0.08105695247650146,1782826476.4629068
528900,0.04515578970313072,1782826482.0782607
529000,0.09307105839252472,1782826488.1963482
529100,0.04323990270495415,1782826493.8703222
529200,0.026249341666698456,1782826499.9279256
529300,0.025191780179739,1782826505.7478418
529400,0.049815092235803604,1782826511.7439892
529500,0.031198875978589058,1782826517.7425544
529600,0.32722267508506775,1782826523.9762416
529700,0.053269851952791214,1782826530.1666348
529800,0.12020160257816315,1782826536.4216824
529900,0.013575056567788124,1782826542.7164986
530000,0.01379417348653078,1782826548.9851644
530100,0.09265007823705673,1782826555.0408776
530200,0.01815800368785858,1782826561.0658345
530300,0.03739575296640396,1782826567.1064837
530400,0.05603693425655365,1782826573.131568
530500,0.019055619835853577,1782826579.2850835
530600,0.5107641220092773,1782826585.3154528
530700,0.09154972434043884,1782826591.5264695
530800,1.0452525615692139,1782826597.7235367
530900,0.9391586184501648,1782826603.5802004
531000,0.01885988377034664,1782826609.4231439
531100,0.03359094262123108,1782826615.2611895
531200,5.885692596435547,1782826621.1356301
531300,0.0453471764922142,1782826626.9423344
531400,0.050576791167259216,1782826633.097571
531500,0.02976703643798828,1782826639.2537549
531600,0.03759929537773132,1782826645.3973744
531700,0.02183869667351246,1782826651.551861
531800,0.031195443123579025,1782826657.6921535
531900,0.07095910608768463,1782826663.880246
532000,0.022016316652297974,1782826669.8197308
532100,0.01281832903623581,1782826675.926663
532200,0.04916791245341301,1782826682.2863872
532300,0.3915356695652008,1782826688.4874578
532400,0.06138710305094719,1782826694.6510034
532500,0.036744266748428345,1782826700.7663453
532600,4.0182695388793945,1782826706.9014695
532700,0.02822745032608509,1782826712.946447
532800,0.016700344160199165,1782826719.0435936
532900,0.16752111911773682,1782826725.2660122
533000,0.0470464862883091,1782826731.3597836
533100,0.028211992233991623,1782826737.4349818
533200,0.06068429350852966,1782826743.3780973
533300,0.0302734375,1782826749.43188
533400,0.027592096477746964,1782826755.5183797
533500,0.08069208264350891,1782826761.7467875
533600,0.5461673736572266,1782826767.510947
533700,0.028170563280582428,1782826773.701077
533800,0.03642648458480835,1782826779.641344
533900,0.021428797394037247,1782826785.9215019
534000,0.028552837669849396,1782826791.9932368
534100,0.03806587681174278,1782826798.0709639
534200,0.07160717993974686,1782826804.1273954
534300,0.03533831983804703,1782826810.357897
534400,0.03626614436507225,1782826816.2904522
534500,0.026363752782344818,1782826822.3811033
534600,0.08945074677467346,1782826828.4044542
534700,0.10440044105052948,1782826834.1915302
534800,0.09221529960632324,1782826840.04901
534900,0.08544434607028961,1782826845.9853086
535000,0.034807004034519196,1782826851.7626796
535100,0.029866058379411697,1782826857.8738666
535200,0.042765334248542786,1782826863.738007
535300,0.025501806288957596,1782826869.6587515
535400,0.02791633829474449,1782826875.6037822
535500,0.05289258807897568,1782826881.4301271
535600,0.408816397190094,1782826887.3502176
535700,0.04289790987968445,1782826893.3159676
535800,0.03972078114748001,1782826899.1097713
535900,0.03858497366309166,1782826905.178499
536000,0.14401215314865112,1782826911.1243484
536100,0.1794786900281906,1782826917.1139276
536200,0.2547192871570587,1782826923.2597632
536300,0.02045651525259018,1782826929.425144
536400,0.02408738061785698,1782826935.677517
536500,0.36902856826782227,1782826941.8270602
536600,0.08231264352798462,1782826947.7407017
536700,0.029600396752357483,1782826953.7654338
536800,0.03138116002082825,1782826959.7115374
536900,0.4305321276187897,1782826965.8935547
537000,0.024994440376758575,1782826971.8623602
537100,0.07457523792982101,1782826977.8833458
537200,0.02379247546195984,1782826983.940589
537300,0.045082539319992065,1782826990.0486612
537400,0.024688638746738434,1782826995.9695814
537500,0.04193580895662308,1782827002.0410707
537600,0.04641657695174217,1782827008.0144596
537700,0.06774202734231949,1782827014.1786606
537800,0.051427777856588364,1782827020.181311
537900,0.020619405433535576,1782827026.2058887
538000,0.016578977927565575,1782827032.1614857
538100,0.034108396619558334,1782827038.1074662
538200,0.03828108310699463,1782827044.1246884
538300,0.025239359587430954,1782827050.3573902
538400,0.031208153814077377,1782827056.494854
538500,0.15823101997375488,1782827062.422888
538600,0.0218746867030859,1782827068.2915401
538700,0.03265640139579773,1782827074.319594
538800,1.9255958795547485,1782827080.5412989
538900,0.037813473492860794,1782827086.805004
539000,0.11515160650014877,1782827092.8555725
539100,0.03794284537434578,1782827099.1314106
539200,0.2957712411880493,1782827105.2704065
539300,0.025315221399068832,1782827111.2041042
539400,0.044643573462963104,1782827117.4373167
539500,0.028683815151453018,1782827123.3615472
539600,0.03404012322425842,1782827129.2141821
539700,0.053327370434999466,1782827135.1950378
539800,0.31616970896720886,1782827141.234805
539900,0.23203031718730927,1782827146.97127
540000,0.05389674752950668,1782827153.0549486
540100,0.031101807951927185,1782827159.0734143
540200,0.15554314851760864,1782827165.341822
540300,0.022374803200364113,1782827171.3619127
540400,0.061220090836286545,1782827177.5434391
540500,0.05942428112030029,1782827183.7467084
540600,0.029630258679389954,1782827189.7156982
540700,0.15787141025066376,1782827195.7392428
540800,0.3078019320964813,1782827201.6654694
540900,0.02955310419201851,1782827207.9728134
541000,0.03971405699849129,1782827213.8748016
541100,0.03019654005765915,1782827220.0386298
541200,0.041115641593933105,1782827226.3273845
541300,0.02365083619952202,1782827232.3127747
541400,0.2667749226093292,1782827238.4262753
541500,0.08929604291915894,1782827244.31642
541600,0.024561578407883644,1782827250.4241261
541700,0.04414293169975281,1782827256.5155108
541800,0.029846055433154106,1782827262.4317327
541900,0.03257422149181366,1782827268.3336663
542000,0.8683838844299316,1782827274.1583884
542100,0.03193628042936325,1782827280.3033452
542200,0.05512012541294098,1782827286.405092
542300,0.7903048396110535,1782827292.5733533
542400,0.616496205329895,1782827298.6383421
542500,0.41119423508644104,1782827304.7318447
542600,0.026156317442655563,1782827310.8626447
542700,0.10327479988336563,1782827316.8338149
542800,0.03443341702222824,1782827322.9073162
542900,0.029866628348827362,1782827329.1383867
543000,0.037873461842536926,1782827335.1535282
543100,0.018201114609837532,1782827341.0402431
543200,0.026918737217783928,1782827347.10638
543300,0.04239752143621445,1782827353.1538103
543400,0.06721539795398712,1782827359.2289705
543500,0.032300032675266266,1782827365.4891582
543600,0.15892286598682404,1782827371.3877265
543700,0.24429021775722504,1782827377.2705019
543800,2.67166805267334,1782827383.309945
543900,0.07981278002262115,1782827389.6374846
544000,0.04847423732280731,1782827395.640065
544100,0.02447471022605896,1782827402.0203228
544200,0.025731604546308517,1782827408.2255971
544300,0.020481571555137634,1782827414.1812239
544400,0.07869093120098114,1782827420.0560195
544500,0.030983392149209976,1782827426.2302158
544600,0.030968323349952698,1782827432.1741917
544700,0.12939453125,1782827438.2149951
544800,0.30943384766578674,1782827444.069644
544900,0.028612487018108368,1782827450.1947134
545000,0.01859322004020214,1782827456.2536912
545100,0.033569104969501495,1782827462.338375
545200,0.02924005314707756,1782827468.1229677
545300,0.0318111777305603,1782827474.0769958
545400,0.1507353037595749,1782827479.8870718
545500,0.023161381483078003,1782827485.9501648
545600,0.02191055379807949,1782827491.791686
545700,0.39433202147483826,1782827497.7658918
545800,0.028932344168424606,1782827503.7653427
545900,0.08087611198425293,1782827509.735597
546000,0.023985467851161957,1782827515.8865604
546100,0.045986589044332504,1782827522.0057862
546200,0.3879825472831726,1782827527.9645162
546300,0.05994207412004471,1782827534.1223338
546400,0.027225136756896973,1782827539.972864
546500,0.03357170149683952,1782827545.8739846
546600,0.03497346490621567,1782827551.9689906
546700,0.04589206725358963,1782827557.9206114
546800,1.5501248836517334,1782827564.0569685
546900,0.025121500715613365,1782827570.0148482
547000,0.050088852643966675,1782827576.0898578
547100,0.09631596505641937,1782827581.837933
547200,0.022352715954184532,1782827587.8901865
547300,0.028670325875282288,1782827593.6816342
547400,0.7390888333320618,1782827599.6980095
547500,0.04766679182648659,1782827605.7699053
547600,0.022402632981538773,1782827611.7143312
547700,0.07163437455892563,1782827617.6655035
547800,0.069517582654953,1782827623.789034
547900,0.024494275450706482,1782827629.6939347
548000,0.03484922647476196,1782827635.7247868
548100,0.3857032358646393,1782827641.6316335
548200,0.7510969638824463,1782827647.7515557
548300,0.046518854796886444,1782827653.787466
548400,0.023026585578918457,1782827660.152571
548500,0.8136778473854065,1782827666.3268929
548600,0.029759416356682777,1782827672.2847042
548700,0.018082372844219208,1782827678.3702567
548800,0.08104535937309265,1782827684.492607
548900,0.03278360515832901,1782827690.4769394
549000,0.06238921359181404,1782827696.6304317
549100,0.03862587362527847,1782827702.8134766
549200,0.6128597855567932,1782827708.8675878
549300,3.0590310096740723,1782827714.999624
549400,0.01823822781443596,1782827721.0519748
549500,0.03469424694776535,1782827727.1210153
549600,0.036839187145233154,1782827733.0914063
549700,0.03567973151803017,1782827739.1623926
549800,0.03502067178487778,1782827744.9823034
549900,0.043001215904951096,1782827751.094799
550000,0.05695589631795883,1782906987.3861802
550100,0.04147707298398018,1782907178.2806015
550200,0.02965640090405941,1782907184.5223453
550300,0.0341329351067543,1782907190.676083
550400,0.11960481107234955,1782907197.1001492
550500,0.05168275535106659,1782907203.3352804
550600,0.1353449821472168,1782907209.5295079
550700,0.03331725299358368,1782907215.8956702
550800,0.025365516543388367,1782907222.2279246
550900,0.04357863962650299,1782907228.4389892
551000,0.05831940099596977,1782907234.76683
551100,0.03244080767035484,1782907241.0333757
551200,0.02402016893029213,1782907247.2656298
551300,0.021117843687534332,1782907253.519016
551400,0.037713777273893356,1782907259.8345213
551500,0.13605180382728577,1782907265.9404259
551600,0.022308409214019775,1782907272.3732748
551700,0.03865886852145195,1782907278.674025
551800,0.13013499975204468,1782907284.89734
551900,3.1194732189178467,1782907290.9050992
552000,0.025188907980918884,1782907297.1416664
552100,0.04726998507976532,1782907303.3549137
552200,0.02658751606941223,1782907309.29613
552300,0.07390506565570831,1782907315.6056283
552400,0.02669582888484001,1782907321.6259198
552500,0.02211945876479149,1782907327.9587018
552600,0.029404617846012115,1782907333.9115121
552700,0.05299045145511627,1782907340.08958
552800,0.057769566774368286,1782907346.2922065
552900,0.13449843227863312,1782907352.4748378
553000,0.108648382127285,1782907358.7737935
553100,0.11914745718240738,1782907365.0489569
553200,0.046129729598760605,1782907371.1577892
553300,0.04549945145845413,1782907377.3307824
553400,0.21689581871032715,1782907383.4396677
553500,0.19055509567260742,1782907389.5472898
553600,0.12124918401241302,1782907395.8407223
553700,0.06268680095672607,1782907401.9315038
553800,0.032150931656360626,1782907408.0851097
553900,0.027597414329648018,1782907414.3618047
554000,0.028165996074676514,1782907420.6286786
554100,0.11367705464363098,1782907426.5397449
554200,0.024930300191044807,1782907432.7089942
554300,0.025285441428422928,1782907438.8661637
554400,0.03193075209856033,1782907445.0348194
554500,0.0801834985613823,1782907451.2554567
554600,0.027714360505342484,1782907457.3615127
554700,0.045010827481746674,1782907463.7171793
554800,0.18123799562454224,1782907470.108087
554900,0.03061547316610813,1782907476.4727275
555000,0.0579155832529068,1782907482.7493134
555100,0.5415608882904053,1782907488.8551931
555200,0.031371887773275375,1782907495.1273694
555300,0.07993796467781067,1782907501.2038336
555400,0.0626428872346878,1782907507.2507155
555500,0.05726368725299835,1782907513.3915129
555600,0.04853811487555504,1782907519.4761891
555700,0.11426326632499695,1782907525.651839
555800,0.33193349838256836,1782907531.6796103
555900,0.02567974291741848,1782907537.9729266
556000,0.025332380086183548,1782907544.0520992
556100,0.046283356845378876,1782907550.4467702
556200,0.11152556538581848,1782907556.6109123
556300,0.017667319625616074,1782907562.7654126
556400,0.03035242110490799,1782907568.8303344
556500,1.3787193298339844,1782907575.008438
556600,0.03285064548254013,1782907581.0757895
556700,0.024177612736821175,1782907587.177418
556800,0.03657093644142151,1782907593.4947329
556900,0.10332242399454117,1782907599.6844225
557000,0.04312053322792053,1782907605.9408412
557100,0.05156072974205017,1782907612.2496605
557200,0.03140950947999954,1782907618.4728076
557300,0.08829768002033234,1782907624.4385347
557400,0.028703786432743073,1782907630.5809264
557500,0.024664755910634995,1782907636.5574358
557600,0.02868131920695305,1782907642.7741387
557700,3.5591912269592285,1782907649.009363
557800,0.025812430307269096,1782907655.2416224
557900,0.1125243604183197,1782907661.4676225
558000,0.02620006911456585,1782907667.6886725
558100,0.02590196765959263,1782907673.8753479
558200,0.031518757343292236,1782907680.07217
558300,0.027677273377776146,1782907686.1458151
558400,0.10928940027952194,1782907692.4384873
558500,0.033253416419029236,1782907698.484769
558600,0.03526744991540909,1782907704.4879062
558700,0.02103467658162117,1782907710.5705779
558800,0.03002883493900299,1782907717.017549
558900,0.08892259001731873,1782907723.1097975
559000,0.0962495356798172,1782907729.2899778
559100,0.03096519596874714,1782907735.2673833
559200,0.03201533854007721,1782907741.53009
559300,0.33845096826553345,1782907747.5432649
559400,0.0332256555557251,1782907754.1254618
559500,0.0248646829277277,1782907760.302867
559600,0.034268200397491455,1782907766.4981863
559700,0.5231453776359558,1782907772.6319125
559800,0.021868053823709488,1782907778.6524925
559900,0.10160522162914276,1782907784.7373784
560000,0.39884504675865173,1782907790.9600205
560100,0.05430768057703972,1782907796.917819
560200,0.02062923088669777,1782907803.0538785
560300,0.05304773896932602,1782907809.270646
560400,0.7287483811378479,1782907815.3312163
560500,0.07279226183891296,1782907821.6235008
560600,0.02201414667069912,1782907827.7348413
560700,0.02985546365380287,1782907833.7607448
560800,0.03018312156200409,1782907839.9244928
560900,0.017669720575213432,1782907845.9440668
561000,0.0345807746052742,1782907852.2710032
561100,0.022519376128911972,1782907858.371037
561200,0.04566746950149536,1782907864.3072681
561300,0.042351603507995605,1782907870.5505168
561400,0.019239168614149094,1782907876.725225
561500,0.03406210616230965,1782907882.921031
561600,0.10258749127388,1782907889.1345265
561700,0.027564145624637604,1782907895.291998
561800,0.048705749213695526,1782907901.4549627
561900,0.03770074248313904,1782907907.7346797
562000,0.04444513097405434,1782907914.0481613
562100,0.03069094941020012,1782907920.115055
562200,0.03615892678499222,1782907926.4084744
562300,1.7509872913360596,1782907932.4432888
562400,0.05297010764479637,1782907938.7319949
562500,0.04921635240316391,1782907944.7671666
562600,0.041740626096725464,1782907950.8726878
562700,0.09630298614501953,1782907957.5605567
562800,0.04600026458501816,1782907963.824496
562900,0.021971777081489563,1782907970.1659565
563000,0.035146865993738174,1782907976.3162415
563100,0.04883843660354614,1782907982.4418511
563200,0.030408337712287903,1782907988.472136
563300,0.05817844718694687,1782907995.0348969
563400,0.0276600643992424,1782908001.5376427
563500,0.025087077170610428,1782908007.7421956
563600,0.033572617918252945,1782908014.1445098
563700,0.03365020826458931,1782908020.4412518
563800,0.07327258586883545,1782908026.6519742
563900,0.03624798357486725,1782908033.1398802
564000,1.0940594673156738,1782908039.2337859
564100,0.03135562315583229,1782908045.439709
564200,0.04084199666976929,1782908051.5997407
564300,0.023716948926448822,1782908057.9403946
564400,0.22187821567058563,1782908064.2443986
564500,0.11757943779230118,1782908070.5284913
564600,0.030004816129803658,1782908076.7726526
564700,0.5780430436134338,1782908083.0660284
564800,0.031288646161556244,1782908089.3204262
564900,0.037497930228710175,1782908095.5032783
565000,0.06871410459280014,1782908102.0065653
565100,0.1075199618935585,1782908108.3692622
565200,0.043365806341171265,1782908114.8129919
565300,0.046449966728687286,1782908121.0738552
565400,0.055513422936201096,1782908127.2160091
565500,0.5914715528488159,1782908133.2748811
565600,2.162503242492676,1782908139.2285998
565700,0.022940590977668762,1782908145.483726
565800,0.05097362399101257,1782908151.5093193
565900,0.05020807683467865,1782908157.7356815
566000,0.033027712255716324,1782908164.1376855
566100,0.01909957453608513,1782908170.3803134
566200,0.03931578993797302,1782908176.5749657
566300,0.021064143627882004,1782908182.8095536
566400,0.022619500756263733,1782908188.855389
566500,0.029350601136684418,1782908194.9665465
566600,0.08570103347301483,1782908201.030449
566700,0.024781707674264908,1782908207.002686
566800,0.056523486971855164,1782908213.269593
566900,0.02334524504840374,1782908219.4092267
567000,0.05070327967405319,1782908225.655355
567100,0.02595740184187889,1782908231.5700078
567200,0.0706581249833107,1782908237.826151
567300,0.0795692652463913,1782908244.0251665
567400,0.027503063902258873,1782908250.024819
567500,0.02630418911576271,1782908256.184478
567600,0.06874200701713562,1782908262.6981876
567700,0.03244177997112274,1782908268.8756585
567800,0.12217265367507935,1782908275.2734532
567900,0.030553966760635376,1782908281.4963772
568000,0.044927000999450684,1782908287.585244
568100,0.033327460289001465,1782908293.8175795
568200,0.05900692194700241,1782908299.9167936
568300,0.024055253714323044,1782908305.9783027
568400,0.09348389506340027,1782908312.1481473
568500,1.2736495733261108,1782908318.3859663
568600,0.031152350828051567,1782908324.4597223
568700,2.097801923751831,1782908330.6135068
568800,0.0313522145152092,1782908336.7039437
568900,0.025727566331624985,1782908343.1263626
569000,0.03093942254781723,1782908349.3973937
569100,0.025638658553361893,1782908355.8713872
569200,0.05053847283124924,1782908362.19261
569300,0.03992591053247452,1782908368.3609357
569400,1.9826483726501465,1782908374.691303
569500,0.03099583461880684,1782908380.7613409
569600,0.6273106336593628,1782908387.1371675
569700,0.03837200626730919,1782908393.0912397
569800,0.07248855382204056,1782908399.406267
569900,0.0406033918261528,1782908405.852699
570000,0.04566143453121185,1782908412.2209818
570100,0.028223596513271332,1782908418.282339
570200,0.02499881386756897,1782908424.407676
570300,2.4970502853393555,1782908430.5465424
570400,0.03276347368955612,1782908436.5947905
570500,0.10012466460466385,1782908442.6815453
570600,0.030251193791627884,1782908448.885065
570700,0.05511036515235901,1782908455.1383374
570800,0.032324206084012985,1782908461.36422
570900,0.03840355575084686,1782908467.5472205
571000,0.09915149211883545,1782908474.1878092
571100,0.07203102111816406,1782908480.249982
571200,0.01702672615647316,1782908486.5294046
571300,0.03568859025835991,1782908492.8648088
571400,0.05461519956588745,1782908499.2465732
571500,0.02172709070146084,1782908505.320837
571600,0.035667479038238525,1782908511.5089192
571700,0.03324639052152634,1782908517.7046013
571800,0.04466233402490616,1782908524.050379
571900,0.07151885330677032,1782908530.3700693
572000,0.02799074351787567,1782908536.5960407
572100,0.02597765624523163,1782908543.0092745
572200,0.0992402583360672,1782908549.4034753
572300,0.042841002345085144,1782908555.54233
572400,0.023503616452217102,1782908562.0973885
572500,0.04802852123975754,1782908568.3840141
572600,0.05483275651931763,1782908574.5144618
572700,0.07042498886585236,1782908580.7989924
572800,0.014717377722263336,1782908586.8484921
572900,0.043699897825717926,1782908593.0523245
573000,0.023301901295781136,1782908599.1687891
573100,0.18450328707695007,1782908605.2128808
573200,6.981130599975586,1782908611.2748032
573300,0.047885384410619736,1782908617.5363789
573400,0.048500947654247284,1782908623.6508443
573500,0.02912476845085621,1782908629.7073367
573600,0.025379499420523643,1782908635.9676492
573700,0.07763306796550751,1782908642.062382
573800,0.02483523264527321,1782908648.404503
573900,0.03742976486682892,1782908654.3917089
574000,0.026654789224267006,1782908660.6653893
574100,0.01763494312763214,1782908666.887463
574200,0.01799921877682209,1782908673.3369973
574300,0.04423265904188156,1782908679.4540842
574400,0.022821249440312386,1782908685.6289244
574500,0.03064996749162674,1782908691.7921817
574600,0.035827603191137314,1782908697.984758
574700,0.09704697877168655,1782908704.0124485
574800,0.05268954485654831,1782908710.1235209
574900,0.045233577489852905,1782908716.3368204
575000,1.041530728340149,1782908722.3742108
575100,0.04206289350986481,1782908912.2134023
575200,0.03872479498386383,1782908918.335702
575300,0.029743392020463943,1782908924.4166949
575400,0.0301914494484663,1782908930.4515219
575500,0.1296985149383545,1782908936.6493878
575600,0.4726090729236603,1782908942.8740394
575700,0.0454249233007431,1782908948.905711
575800,0.027432646602392197,1782908955.175547
575900,0.040415722876787186,1782908961.3386035
576000,0.2117411494255066,1782908967.4600828
576100,0.040570806711912155,1782908973.7946553
576200,0.03881021589040756,1782908979.90528
576300,0.01917991042137146,1782908986.4722664
576400,0.2320367842912674,1782908992.5502357
576500,1.2562191486358643,1782908998.876403
576600,0.023153159767389297,1782909005.119103
576700,0.02300804853439331,1782909011.2566228
576800,0.5857354402542114,1782909017.3391163
576900,8.611967086791992,1782909023.4833984
577000,0.019580498337745667,1782909029.6897757
577100,0.09026697278022766,1782909036.0656648
577200,0.04644445329904556,1782909042.005111
577300,0.049434252083301544,1782909048.151937
577400,0.01859220862388611,1782909054.3925338
577500,0.022279789671301842,1782909060.4696374
577600,0.10102733969688416,1782909066.5728385
577700,0.03593074530363083,1782909072.9938197
577800,0.020172802731394768,1782909079.069362
577900,0.08964422345161438,1782909085.3568296
578000,0.22391396760940552,1782909091.754954
578100,3.2037575244903564,1782909098.00219
578200,0.06368352472782135,1782909104.0911777
578300,0.02607898786664009,1782909110.4472322
578400,0.05524637550115585,1782909116.5227492
578500,0.030247876420617104,1782909122.4732199
578600,0.024501565843820572,1782909128.409024
578700,0.3452492356300354,1782909134.7355595
578800,0.11326287686824799,1782909140.7918208
578900,0.19082511961460114,1782909146.8178225
579000,1.256658673286438,1782909152.9137197
579100,0.028742298483848572,1782909159.2005076
579200,0.05488315597176552,1782909165.2856135
579300,0.027080941945314407,1782909171.6712453
579400,0.02389514073729515,1782909178.1446524
579500,0.04297172650694847,1782909184.1694582
579600,0.7530800104141235,1782909190.2339013
579700,0.03066408261656761,1782909196.6361828
579800,0.029783299192786217,1782909202.7166667
579900,0.023877520114183426,1782909208.768631
580000,0.029860256239771843,1782909214.9389787
580100,0.015907879918813705,1782909221.0456164
580200,1.870499610900879,1782909227.1041403
580300,0.025706369429826736,1782909233.1851845
580400,0.026805195957422256,1782909239.2306743
580500,0.024856669828295708,1782909245.3750088
580600,0.07124152034521103,1782909251.4133832
580700,0.026728786528110504,1782909257.4458423
580800,0.08344796299934387,1782909263.568873
580900,0.03166370093822479,1782909269.6406362
581000,0.032377321273088455,1782909275.8697786
581100,0.030189091339707375,1782909282.0074756
581200,0.02013944834470749,1782909288.2626576
581300,0.02220417559146881,1782909294.3307931
581400,0.016087934374809265,1782909300.319099
581500,0.13842469453811646,1782909306.4490373
581600,0.018482042476534843,1782909312.506312
581700,0.024688079953193665,1782909318.7182531
581800,0.03340776637196541,1782909324.6504128
581900,0.021931113675236702,1782909330.852939
582000,0.04684332013130188,1782909337.2719367
582100,0.054206717759370804,1782909343.4111762
582200,0.016873659566044807,1782909349.4609253
582300,1.0188454389572144,1782909355.8514228
582400,0.0627087876200676,1782909361.9304805
582500,0.026493078097701073,1782909367.9651866
582600,0.04083792120218277,1782909374.1747773
582700,0.07540455460548401,1782909380.241902
582800,0.027511049062013626,1782909386.2373488
582900,0.04026179015636444,1782909392.3759663
583000,0.020174287259578705,1782909398.68325
583100,0.3042964041233063,1782909404.8176422
583200,0.08582142740488052,1782909410.8783524
583300,0.05575506389141083,1782909416.8949356
583400,0.03867100924253464,1782909422.8989646
583500,0.2312169373035431,1782909429.043147
583600,0.06184433028101921,1782909435.408547
583700,0.037042286247015,1782909441.5989048
583800,0.057313472032547,1782909447.8035522
583900,0.018306218087673187,1782909454.017024
584000,0.017938490957021713,1782909460.183295
584100,0.06703204661607742,1782909466.6504452
584200,0.18791818618774414,1782909472.9126217
584300,0.9498699903488159,1782909479.2511058
584400,0.0668797492980957,1782909485.5349379
584500,0.02732553519308567,1782909492.1152833
584600,0.06386680901050568,1782909498.5173733
584700,0.020984474569559097,1782909504.8796973
584800,0.03617370128631592,1782909511.020378
584900,0.028607666492462158,1782909517.4827015
585000,0.19669416546821594,1782909523.642159
585100,0.030482927337288857,1782909530.1084285
585200,0.027740664780139923,1782909536.2843125
585300,0.8747573494911194,1782909542.6182494
585400,0.024364430457353592,1782909548.823023
585500,0.07498027384281158,1782909555.3495913
585600,0.039708420634269714,1782909561.5742798
585700,0.03782941401004791,1782909567.8969572
585800,0.0802440196275711,1782909574.0605419
585900,0.01743372716009617,1782909580.443013
586000,0.01970520243048668,1782909586.563737
586100,0.16917265951633453,1782909592.679584
586200,0.048746258020401,1782909598.790281
586300,0.03874391317367554,1782909604.8706095
586400,0.020772643387317657,1782909611.6167183
586500,0.026860017329454422,1782909617.7802627
586600,0.031176256015896797,1782909623.9290757
586700,0.021981608122587204,1782909630.1813064
586800,0.026857895776629448,1782909636.3849092
586900,0.015559028834104538,1782909642.5295088
587000,0.05435708910226822,1782909649.0372667
587100,0.06430098414421082,1782909655.283244
587200,0.0164731927216053,1782909661.6832578
587300,0.03524370491504669,1782909668.0686133
587400,0.02391594462096691,1782909674.2006836
587500,0.02365945652127266,1782909680.5661168
587600,0.028495606034994125,1782909686.541813
587700,2.3800766468048096,1782909692.8092723
587800,0.03620237857103348,1782909699.1803617
587900,0.05233537405729294,1782909705.5068784
588000,0.02209850214421749,1782909711.8870783
588100,0.08577237278223038,1782909718.303871
588200,0.03351515531539917,1782909724.5480165
588300,0.03204411268234253,1782909730.720702
588400,0.02463711053133011,1782909736.9722126
588500,0.024646300822496414,1782909743.4052432
588600,0.022510170936584473,1782909749.6089342
588700,0.03584713488817215,1782909756.0901246
588800,0.031169135123491287,1782909762.5330918
588900,0.9564025402069092,1782909768.4784315
589000,0.026299212127923965,1782909774.372592
589100,0.023844193667173386,1782909780.772853
589200,0.05148851126432419,1782909787.0465472
589300,0.019541703164577484,1782909793.4188962
589400,0.01928006112575531,1782909800.0075088
589500,0.1518940031528473,1782909806.125474
589600,0.05342445522546768,1782909812.380128
589700,0.017903126776218414,1782909818.6700525
589800,0.03984510898590088,1782909824.6970985
589900,0.0601167194545269,1782909830.9517112
590000,0.020550530403852463,1782909837.1208549
590100,0.026302672922611237,1782909843.4803572
590200,1.7117785215377808,1782909849.7465417
590300,0.10866483300924301,1782909855.9429796
590400,0.028115738183259964,1782909862.266701
590500,0.04148535430431366,1782909868.6108332
590600,0.08427901566028595,1782909874.7912278
590700,0.05022062361240387,1782909881.0052123
590800,0.026465583592653275,1782909887.1793742
590900,0.03400864824652672,1782909893.4279573
591000,4.184903144836426,1782909899.5929303
591100,0.0270188357681036,1782909905.7615285
591200,0.016896875575184822,1782909912.277103
591300,0.041000425815582275,1782909918.839411
591400,0.022723142057657242,1782909925.102838
591500,0.08252596110105515,1782909931.1687708
591600,0.03315532207489014,1782909937.4566555
591700,0.02021554484963417,1782909943.4886591
591800,0.02868705242872238,1782909949.7294269
591900,0.07096696645021439,1782909955.7645378
592000,0.03039071336388588,1782909962.0182064
592100,0.23871704936027527,1782909968.1059985
592200,0.04289259389042854,1782909974.1991358
592300,0.014260036870837212,1782909980.471461
592400,0.05014645680785179,1782909986.737221
592500,0.03896911069750786,1782909992.967827
592600,0.059884823858737946,1782909999.082934
592700,0.0358470156788826,1782910005.22183
592800,0.019429318606853485,1782910011.6235979
592900,0.04707814007997513,1782910017.8178682
593000,0.07396510988473892,1782910023.8972888
593100,0.032530058175325394,1782910030.0588765
593200,0.05781694874167442,1782910036.4217448
593300,0.017383044585585594,1782910042.8073823
593400,0.18845541775226593,1782910049.075649
593500,0.021908434107899666,1782910055.140744
593600,0.02842021733522415,1782910061.3749816
593700,0.01860436424612999,1782910067.5888677
593800,0.02471797727048397,1782910073.8377502
593900,0.02100321650505066,1782910079.9084845
594000,0.0607425756752491,1782910086.1411743
594100,0.017334934324026108,1782910092.6062858
594200,0.029409578070044518,1782910098.8959498
594300,0.049257416278123856,1782910105.1704571
594400,0.017675932496786118,1782910111.4964552
594500,0.01930205523967743,1782910118.0713902
594600,0.054065149277448654,1782910124.4637449
594700,0.13075090944766998,1782910130.4802444
594800,0.03825514018535614,1782910136.3869174
594900,0.028857668861746788,1782910142.410991
595000,0.02510630525648594,1782910148.626793
595100,0.024954617023468018,1782910155.0476296
595200,0.27187803387641907,1782910161.4031987
595300,0.02904416061937809,1782910167.6540117
595400,0.01469450443983078,1782910173.7678208
595500,0.5304492712020874,1782910180.0388956
595600,0.026995819061994553,1782910186.3454177
595700,0.3975040316581726,1782910192.65237
595800,0.03672928363084793,1782910198.9417083
595900,0.034223057329654694,1782910205.2404275
596000,0.045411817729473114,1782910211.5844839
596100,0.027810199186205864,1782910218.1153295
596200,0.025265684351325035,1782910224.5911238
596300,0.19960764050483704,1782910230.7572162
596400,0.03568064421415329,1782910237.2857907
596500,0.01632409542798996,1782910243.431134
596600,0.0666804164648056,1782910249.5367944
596700,0.025751283392310143,1782910255.719028
596800,0.03357722982764244,1782910262.083017
596900,0.029121149331331253,1782910268.3406534
597000,0.03781978785991669,1782910274.8390381
597100,0.07365021109580994,1782910280.9979782
597200,0.06596924364566803,1782910287.0680652
597300,0.04367949068546295,1782910293.4324148
597400,0.02274930104613304,1782910299.4850316
597500,0.14267006516456604,1782910305.674457
597600,0.02673078514635563,1782910311.8776712
597700,0.0543692484498024,1782910317.9479
597800,0.030740998685359955,1782910324.4727764
597900,0.027531161904335022,1782910330.6402125
598000,0.022324632853269577,1782910337.0180569
598100,0.02304552122950554,1782910343.3653092
598200,0.050546154379844666,1782910350.0432181
598300,0.03231463581323624,1782910356.365385
598400,0.03546707332134247,1782910362.6429172
598500,0.07406149059534073,1782910368.898447
598600,0.0314965546131134,1782910375.0827827
598700,0.03708839789032936,1782910381.5964386
598800,0.013330391608178616,1782910387.738326
598900,0.023132815957069397,1782910394.2258182
599000,0.10903675109148026,1782910400.5681274
599100,0.029572300612926483,1782910406.9549665
599200,0.025425584986805916,1782910413.4516823
599300,0.04777900502085686,1782910419.6693647
599400,0.38937801122665405,1782910425.8268268
599500,0.02860993891954422,1782910431.927173
599600,0.7398808002471924,1782910438.305666
599700,0.02165905199944973,1782910444.7253644
599800,0.017283299937844276,1782910451.089136
599900,0.19240306317806244,1782910457.2564578
600000,0.019175268709659576,1782911123.0417116
600100,0.04624189808964729,1782911280.7376075
600200,0.7497748136520386,1782911286.9685645
600300,0.044033441692590714,1782911293.1538157
600400,0.052470263093709946,1782911299.2574418
600500,0.018958933651447296,1782911305.1950462
600600,0.03678615391254425,1782911311.368668
600700,0.033400826156139374,1782911317.5736473
600800,0.020991260185837746,1782911323.826487
600900,0.026596909388899803,1782911329.892017
601000,0.012276438996195793,1782911336.0611348
601100,0.16474515199661255,1782911342.4718623
601200,0.013314975425601006,1782911348.74761
601300,0.019760262221097946,1782911355.200409
601400,0.05720142275094986,1782911361.6597638
601500,0.022280987352132797,1782911367.9424286
601600,0.09593269228935242,1782911374.0184824
601700,0.02709929458796978,1782911380.1345506
601800,0.02902754582464695,1782911386.3991954
601900,0.27198168635368347,1782911392.5830188
602000,0.02601250447332859,1782911399.0326545
602100,0.03692719340324402,1782911405.369287
602200,0.060172099620103836,1782911411.9097188
602300,0.029070386663079262,1782911418.201388
602400,0.03831079229712486,1782911424.5162408
602500,0.01697864942252636,1782911430.7475452
602600,0.04370870441198349,1782911436.8171864
602700,0.18084651231765747,1782911442.9390187
602800,0.04374418780207634,1782911449.006671
602900,0.027074918150901794,1782911455.1525307
603000,0.020507751032710075,1782911461.3036852
603100,0.0828850269317627,1782911467.8333719
603200,0.04052865132689476,1782911474.0369666
603300,0.02049696072936058,1782911480.3837287
603400,0.019288143143057823,1782911486.7285252
603500,1.425298810005188,1782911492.81261
603600,0.049883775413036346,1782911499.0027285
603700,0.03462706506252289,1782911505.411958
603800,0.011348027735948563,1782911511.901136
603900,0.03388000652194023,1782911518.1671307
604000,0.037100762128829956,1782911524.326291
604100,0.7484469413757324,1782911530.7277381
604200,0.028980139642953873,1782911536.9813192
604300,0.017048830166459084,1782911543.1808932
604400,0.02431682124733925,1782911549.5457473
604500,0.0224604494869709,1782911555.843124
604600,0.013974122703075409,1782911561.9211688
604700,0.015073426999151707,1782911568.2848272
604800,0.021549418568611145,1782911574.4360232
604900,0.054508715867996216,1782911580.5822663
605000,0.04038015007972717,1782911586.920417
605100,0.09260161221027374,1782911593.1557338
605200,0.06310340017080307,1782911599.520979
605300,0.018861232325434685,1782911605.5656323
605400,0.054117102175951004,1782911611.492799
605500,0.031225014477968216,1782911617.7204707
605600,0.19509372115135193,1782911623.7179654
605700,0.017263296991586685,1782911629.9169796
605800,0.03325147554278374,1782911636.0049024
605900,0.025181423872709274,1782911642.1980124
606000,0.031154941767454147,1782911648.232306
606100,0.022509485483169556,1782911654.3097816
606200,0.0358266718685627,1782911660.3425298
606300,0.01470336876809597,1782911666.7222936
606400,0.031517643481492996,1782911672.8044825
606500,0.025857679545879364,1782911679.4395175
606600,0.04029504954814911,1782911685.8896055
606700,0.03121008165180683,1782911691.9394722
606800,0.04481907933950424,1782911698.3382277
606900,0.020653124898672104,1782911704.650719
607000,3.7078464031219482,1782911710.7147868
607100,0.06300544738769531,1782911716.9685287
607200,0.14153480529785156,1782911723.2635152
607300,0.030773304402828217,1782911729.4064715
607400,0.20700004696846008,1782911735.6905506
607500,0.026166517287492752,1782911741.8495362
607600,0.03399212658405304,1782911747.964521
607700,0.026959188282489777,1782911753.9976563
607800,0.18512466549873352,1782911760.3563492
607900,0.030856454744935036,1782911766.5042343
608000,0.06221430003643036,1782911773.0354807
608100,0.018010981380939484,1782911779.3203642
608200,0.06983780115842819,1782911785.5704684
608300,0.029230576008558273,1782911792.1359162
608400,0.03650056570768356,1782911798.3914382
608500,0.05113943666219711,1782911804.6335778
608600,0.033164553344249725,1782911810.7813592
608700,0.021777935326099396,1782911817.1555047
608800,0.02748837135732174,1782911823.1926103
608900,0.03229881823062897,1782911829.4648292
609000,0.020448893308639526,1782911835.5258982
609100,0.045464254915714264,1782911841.5234392
609200,0.050899628549814224,1782911847.7722416
609300,0.03849217668175697,1782911854.0424745
609400,0.027222897857427597,1782911860.4257143
609500,0.029007839038968086,1782911866.833245
609600,0.030695870518684387,1782911873.0185544
609700,0.038968525826931,1782911879.1736195
609800,0.02250656858086586,1782911885.3681543
609900,0.033220548182725906,1782911891.3472118
610000,0.023759659379720688,1782911897.4976263
610100,0.3664281964302063,1782911903.6302698
610200,0.04887845739722252,1782911909.6999328
610300,0.02327984943985939,1782911916.0971434
610400,0.03259260207414627,1782911922.0504158
610500,0.040376633405685425,1782911928.240948
610600,9.470253944396973,1782911934.504797
610700,0.026906408369541168,1782911940.7474608
610800,0.12014295905828476,1782911946.9682007
610900,0.036581628024578094,1782911953.0452173
611000,0.01597493328154087,1782911959.5764737
611100,0.022087082266807556,1782911965.9146454
611200,0.03035692870616913,1782911972.160083
611300,0.019858621060848236,1782911978.054236
611400,0.025732584297657013,1782911984.3210971
611500,0.05455902963876724,1782911990.5361118
611600,0.015150001272559166,1782911996.7535162
611700,0.041884712874889374,1782912002.829382
611800,0.025939717888832092,1782912009.1099443
611900,0.03495257347822189,1782912015.2969718
612000,0.047151461243629456,1782912021.792963
612100,0.03993586450815201,1782912028.0805244
612200,0.07129872590303421,1782912034.3911417
612300,0.12494366616010666,1782912040.6885154
612400,0.06729830801486969,1782912047.1055877
612500,0.04868189990520477,1782912053.6376894
612600,0.06351324915885925,1782912059.870671
612700,0.01792052388191223,1782912066.1817896
612800,0.02743065357208252,1782912072.3565707
612900,0.020595449954271317,1782912078.7344599
613000,0.02544022910296917,1782912084.8727264
613100,0.11899726092815399,1782912091.2261338
613200,0.028379231691360474,1782912097.416826
613300,0.06094721704721451,1782912103.6003022
613400,0.027320921421051025,1782912110.0223322
613500,0.030886301770806313,1782912116.3180842
613600,0.07245077192783356,1782912122.5867198
613700,0.04441174119710922,1782912129.1366742
613800,0.08659612387418747,1782912135.4387689
613900,0.025045286864042282,1782912141.9021988
614000,0.09491626918315887,1782912148.0554907
614100,0.02182004787027836,1782912154.3168402
614200,0.06994128227233887,1782912160.5762413
614300,0.018252650275826454,1782912166.8361466
614400,0.236443892121315,1782912173.047974
614500,0.025805598124861717,1782912179.4239914
614600,0.034958530217409134,1782912185.851183
614700,0.015577105805277824,1782912192.2499774
614800,0.06869792193174362,1782912198.5334847
614900,0.018076086416840553,1782912204.8698008
615000,0.02321486547589302,1782912211.167121
615100,0.0361335463821888,1782912217.4461696
615200,0.6074077486991882,1782912223.8722143
615300,1.396265983581543,1782912230.2705674
615400,0.022640272974967957,1782912236.5472581
615500,0.5815379619598389,1782912242.9132307
615600,0.058936331421136856,1782912249.1927853
615700,0.02318102866411209,1782912255.4833899
615800,0.0370916910469532,1782912261.7047422
615900,0.022394008934497833,1782912267.8131323
616000,0.026207461953163147,1782912274.006645
616100,0.022199071943759918,1782912280.0646162
616200,0.023171929642558098,1782912286.1472263
616300,0.04928367957472801,1782912292.2009032
616400,0.04119888320565224,1782912298.1858807
616500,0.016004474833607674,1782912304.2387762
616600,0.024067655205726624,1782912310.6306386
616700,0.022337615489959717,1782912317.0268557
616800,0.0977800041437149,1782912323.659329
616900,0.026363972574472427,1782912330.0908809
617000,0.048331521451473236,1782912336.282004
617100,0.04978523403406143,1782912342.4199896
617200,0.022792629897594452,1782912348.5874805
617300,0.14940063655376434,1782912355.2068045
617400,0.020573928952217102,1782912361.4102404
617500,0.03440476208925247,1782912367.564257
617600,0.05581509694457054,1782912373.8154786
617700,0.03433670103549957,1782912379.608597
617800,0.020103786140680313,1782912385.6447158
617900,0.03989454358816147,1782912391.6740623
618000,0.025265512987971306,1782912397.7972286
618100,0.03769267350435257,1782912403.9174416
618200,0.02989552915096283,1782912410.1143496
618300,0.02134387381374836,1782912416.1084955
618400,0.017198562622070312,1782912422.184269
618500,0.020405620336532593,1782912428.3177865
618600,0.042287759482860565,1782912434.2630117
618700,0.10056920349597931,1782912440.559062
618800,0.27371805906295776,1782912446.900757
618900,0.019077138975262642,1782912453.2157743
619000,0.021277517080307007,1782912459.324088
619100,0.6068043112754822,1782912465.537663
619200,0.018127456307411194,1782912471.6759825
619300,1.9978469610214233,1782912478.4882555
619400,0.021137550473213196,1782912484.8404183
619500,0.023598428815603256,1782912491.2541
619600,0.31508082151412964,1782912497.351513
619700,0.03719403222203255,1782912503.3619606
619800,0.029290447011590004,1782912509.4817717
619900,0.03650819510221481,1782912515.7083511
620000,0.02631821297109127,1782912521.830873
620100,0.020184021443128586,1782912527.9420526
620200,0.029966726899147034,1782912534.2017176
620300,0.024029433727264404,1782912540.716979
620400,0.04933306574821472,1782912546.9078295
620500,0.029917791485786438,1782912553.1753213
620600,0.018811015412211418,1782912559.6556606
620700,0.018301598727703094,1782912565.9732654
620800,0.03512397035956383,1782912572.100833
620900,0.11340946704149246,1782912578.3364203
621000,0.01616389863193035,1782912584.4429266
621100,0.014123693108558655,1782912590.6694677
621200,0.047209665179252625,1782912597.2533329
621300,0.03665441274642944,1782912603.671511
621400,0.04732869565486908,1782912610.147485
621500,0.013363538309931755,1782912616.3406668
621600,0.05849452316761017,1782912622.5473554
621700,0.027963103726506233,1782912629.0918102
621800,0.2644980847835541,1782912635.4569833
621900,0.028574945405125618,1782912641.8860145
622000,0.06044359505176544,1782912648.4236267
622100,0.01922200247645378,1782912654.6336565
622200,0.010649137198925018,1782912661.2886672
622300,0.014133533462882042,1782912667.6832755
622400,0.02022715099155903,1782912674.1252553
622500,0.12436336278915405,1782912680.4094627
622600,0.020740510895848274,1782912686.7667258
622700,0.23504938185214996,1782912692.8616471
622800,0.01678052730858326,1782912699.1515765
622900,0.02879881113767624,1782912705.5848567
623000,0.021191831678152084,1782912711.7465293
623100,0.03631431981921196,1782912786.8845007
623200,0.3952932059764862,1782912793.0675845
623300,0.017301013693213463,1782912799.292476
623400,0.02862703427672386,1782912805.5923321
623500,0.027291592210531235,1782912811.634358
623600,0.02540874481201172,1782912817.999493
623700,0.0988825261592865,1782912824.0420828
623800,0.01763457991182804,1782912830.0785475
623900,0.02374032512307167,1782912836.4287083
624000,0.03497333079576492,1782912842.4737108
624100,0.04082116484642029,1782912848.733518
624200,0.025036122649908066,1782912854.9379117
624300,0.03588522970676422,1782912861.0384865
624400,0.021682608872652054,1782912867.1338892
624500,0.014967860653996468,1782912873.3157554
624600,0.01913253217935562,1782912879.600022
624700,0.05401736870408058,1782912885.6108096
624800,0.026493936777114868,1782912891.5184412
624900,0.033719707280397415,1782912897.7013972
625000,0.03259441256523132,1782912903.84781
625100,0.014198893681168556,1782913094.6348975
625200,0.10227372497320175,1782913100.4981208
625300,0.026808524504303932,1782913106.4802656
625400,0.011723550036549568,1782913112.4383137
625500,0.10125704109668732,1782913118.5280497
625600,0.023074094206094742,1782913124.7640066
625700,0.07462366670370102,1782913130.7427554
625800,0.0142064793035388,1782913136.8477106
625900,0.030890073627233505,1782913142.983223
626000,0.03995882719755173,1782913149.197026
626100,1.5088690519332886,1782913155.2735689
626200,0.19333210587501526,1782913161.4522352
626300,0.014894966967403889,1782913167.7851586
626400,0.04390863701701164,1782913173.8991776
626500,0.06051863357424736,1782913180.2615726
626600,0.03943342715501785,1782913186.773439
626700,0.0601179376244545,1782913193.1393054
626800,0.021936969831585884,1782913199.3200653
626900,0.535819947719574,1782913205.521681
627000,0.03227705880999565,1782913211.8212006
627100,0.10275793075561523,1782913218.1861346
627200,0.2565009593963623,1782913224.3367462
627300,0.033711954951286316,1782913230.6405625
627400,0.018458528444170952,1782913236.7742207
627500,0.021956946700811386,1782913242.8973212
627600,0.02265472710132599,1782913249.3231983
627700,0.23556528985500336,1782913255.548596
627800,0.02499985136091709,1782913261.9167306
627900,0.022281987592577934,1782913268.1574893
628000,0.0189380943775177,1782913274.4642324
628100,0.019193995743989944,1782913280.6129029
628200,0.02278837189078331,1782913286.8782797
628300,0.016035843640565872,1782913293.1366649
628400,0.032759107649326324,1782913299.3162742
628500,0.013694657012820244,1782913305.6253028
628600,0.33351194858551025,1782913311.9320514
628700,0.1389036327600479,1782913318.1184711
628800,0.030298786237835884,1782913324.1560948
628900,0.07881663739681244,1782913330.3686926
629000,0.06803862750530243,1782913336.6405523
629100,0.02483750879764557,1782913342.855746
629200,0.01670205593109131,1782913348.9853253
629300,0.02148209884762764,1782913355.1567373
629400,1.436044692993164,1782913361.4904685
629500,0.019216399639844894,1782913367.8070643
629600,0.04414042830467224,1782913374.155367
629700,0.020938560366630554,1782913380.516476
629800,0.01918756775557995,1782913386.7168913
629900,0.02638598345220089,1782913392.6922686
630000,0.02606170065701008,1782913399.0685086
630100,0.038878217339515686,1782913405.523824
630200,0.021266575902700424,1782913411.8734243
630300,0.018190231174230576,1782913418.0322149
630400,0.21641619503498077,1782913424.1902626
630500,0.0128548014909029,1782913430.535524
630600,0.019998004660010338,1782913437.089775
630700,0.0651831403374672,1782913443.5595424
630800,0.018746275454759598,1782913449.906646
630900,0.012771065346896648,1782913456.1082084
631000,0.02925575152039528,1782913462.1758666
631100,0.017314504832029343,1782913468.306648
631200,0.022574666887521744,1782913474.4995441
631300,0.04559922218322754,1782913480.7986844
631400,0.022098343819379807,1782913486.983204
631500,0.02816816046833992,1782913493.1973553
631600,0.019501399248838425,1782913499.659842
631700,0.048251353204250336,1782913505.8510902
631800,0.15189696848392487,1782913511.9087026
631900,0.11345800012350082,1782913518.1195378
632000,0.019790802150964737,1782913524.2737973
632100,0.05215293914079666,1782913530.3305526
632200,0.030490035191178322,1782913536.74692
632300,0.028667563572525978,1782913542.766503
632400,0.04348984360694885,1782913549.2816582
632500,0.0253564715385437,1782913555.352834
632600,0.02745741978287697,1782913561.6137302
632700,0.04257269948720932,1782913567.853217
632800,0.03851901739835739,1782913573.9024928
632900,0.03651365637779236,1782913580.155593
633000,0.030465982854366302,1782913586.2468042
633100,0.025867953896522522,1782913592.3154523
633200,0.03023594245314598,1782913598.62316
633300,0.08679184317588806,1782913605.1386085
633400,0.027522258460521698,1782913611.4355407
633500,0.0798264592885971,1782913617.6883407
633600,0.02834484353661537,1782913623.924574
633700,0.016167346388101578,1782913630.184762
633800,0.022624965757131577,1782913636.4968383
633900,0.058341022580862045,1782913642.5537467
634000,0.027160005643963814,1782913648.807213
634100,0.03087257407605648,1782913655.12976
634200,0.02368183061480522,1782913661.2527442
634300,0.032983601093292236,1782913667.4273043
634400,0.026136554777622223,1782913673.7870195
634500,0.02172674983739853,1782913680.1281543
634600,0.07011013478040695,1782913686.3378072
634700,0.0824253261089325,1782913692.7321587
634800,0.016234565526247025,1782913698.8687434
634900,0.03957808017730713,1782913705.0828688
635000,0.028099576011300087,1782913711.4692311
635100,1.374345064163208,1782913718.0213506
635200,0.022584399208426476,1782913724.2654257
635300,0.01465160958468914,1782913730.5832915
635400,0.03299693018198013,1782913736.7890415
635500,0.01745367795228958,1782913743.2622464
635600,0.11048436909914017,1782913749.6754873
635700,0.020986974239349365,1782913755.873818
635800,0.020435607060790062,1782913762.2228086
635900,0.1560315489768982,1782913768.4133112
636000,0.18695518374443054,1782913774.8077533
636100,0.0191965252161026,1782913781.1992307
636200,0.13793465495109558,1782913787.529407
636300,0.016168393194675446,1782913793.952685
636400,0.02421199530363083,1782913800.017776
636500,0.036126550287008286,1782913806.0565958
636600,0.06180523708462715,1782913812.2213295
636700,0.017362255603075027,1782913818.2080917
636800,0.018816476687788963,1782913824.52183
636900,3.1198182106018066,1782913830.7467666
637000,2.394376516342163,1782913837.043371
637100,0.045264020562171936,1782913843.338237
637200,0.013055283576250076,1782913849.6428664
637300,0.018645811825990677,1782913855.704412
637400,0.17461027204990387,1782913862.0773377
637500,0.20501954853534698,1782913868.086095
637600,0.025443868711590767,1782913874.226711
637700,0.020980481058359146,1782913880.660263
637800,0.021833784878253937,1782913886.722834
637900,0.024884920567274094,1782913892.9631653
638000,0.05699922889471054,1782913898.9612741
638100,0.029880650341510773,1782913905.0808566
638200,0.023604076355695724,1782913911.2662358
638300,0.6381033062934875,1782913917.3938339
638400,0.029329955577850342,1782913923.471464
638500,0.02390296384692192,1782913929.4942706
638600,0.02083601988852024,1782913935.4863079
638700,0.02143785171210766,1782913941.5757296
638800,0.020146477967500687,1782913948.0496092
638900,0.013838096521794796,1782913954.333839
639000,0.06691686809062958,1782913960.5163739
639100,0.01848103106021881,1782913966.6410544
639200,0.023353202268481255,1782913972.9433985
639300,0.5349381566047668,1782913979.0711086
639400,0.03646787256002426,1782913985.3399215
639500,0.028194379061460495,1782913991.5283132
639600,0.02566160261631012,1782913997.655391
639700,0.04272793233394623,1782914003.8821166
639800,0.0367782860994339,1782914009.991464
639900,0.02711019292473793,1782914016.2917886
640000,0.6461281776428223,1782914022.4922385
640100,0.01905873604118824,1782914028.8037648
640200,0.040189243853092194,1782914035.0107853
640300,0.01858222857117653,1782914041.2185798
640400,0.0920722633600235,1782914047.5576866
640500,0.07146581262350082,1782914053.8371713
640600,0.032263364642858505,1782914060.1055155
640700,0.02850976027548313,1782914066.2741632
640800,0.024906910955905914,1782914072.7175035
640900,0.0240186620503664,1782914078.69153
641000,0.35006535053253174,1782914084.7776847
641100,0.04021032154560089,1782914090.917459
641200,0.01966659352183342,1782914097.2565796
641300,0.0429198294878006,1782914103.6222494
641400,2.4190077781677246,1782914109.8012538
641500,0.02253608964383602,1782914116.0404541
641600,0.01547135692089796,1782914122.3286965
641700,0.039765357971191406,1782914128.431148
641800,0.03209973871707916,1782914134.680732
641900,0.15831437706947327,1782914140.8321102
642000,0.022569652646780014,1782914147.0167403
642100,0.013316608965396881,1782914153.344504
642200,0.021043505519628525,1782914159.809768
642300,0.4371357560157776,1782914165.9881518
642400,0.050771839916706085,1782914171.9955966
642500,0.024264037609100342,1782914178.2221396
642600,0.02826801687479019,1782914184.5062156
642700,2.2784409523010254,1782914190.891475
642800,0.01542552188038826,1782914197.038474
642900,0.016399461776018143,1782914203.207712
643000,0.02528899535536766,1782914209.3589952
643100,0.056001216173172,1782914215.5828557
643200,0.022393830120563507,1782914221.6957524
643300,0.026226989924907684,1782914227.8892395
643400,0.03475133329629898,1782914234.035757
643500,0.027146734297275543,1782914240.020132
643600,0.01983407512307167,1782914246.062635
643700,0.031539902091026306,1782914252.243053
643800,0.06347473710775375,1782914258.4053996
643900,0.028391947969794273,1782914264.6027653
644000,0.02603204920887947,1782914270.703631
644100,0.02036859281361103,1782914276.850109
644200,0.016914989799261093,1782914283.111579
644300,0.028658920899033546,1782914289.1409636
644400,0.020868681371212006,1782914295.3618355
644500,0.018364686518907547,1782914301.480757
644600,0.018607666715979576,1782914307.6453419
644700,0.018840089440345764,1782914313.8894403
644800,0.023174408823251724,1782914320.1929762
644900,0.015218501910567284,1782914326.256817
645000,0.032550178468227386,1782914332.4010909
645100,0.021818675100803375,1782914338.4537272
645200,0.015556978061795235,1782914344.7484524
645300,0.023638449609279633,1782914351.186855
645400,0.024622678756713867,1782914357.2268007
645500,0.05264054983854294,1782914363.4901235
645600,0.01528354361653328,1782914369.7145338
645700,0.09953959286212921,1782914376.0069292
645800,0.07504995912313461,1782914382.2210288
645900,0.014909581281244755,1782914388.4404917
646000,0.023883897811174393,1782914394.7386894
646100,0.034106235951185226,1782914400.8524864
646200,0.02874761074781418,1782914406.9867983
646300,0.017760485410690308,1782914413.368065
646400,0.018042927607893944,1782914419.6427243
646500,0.025684235617518425,1782914425.735087
646600,0.019034141674637794,1782914431.8949385
646700,0.03327879682183266,1782914438.0874858
646800,0.02051464281976223,1782914444.2412302
646900,0.04196785390377045,1782914450.2933245
647000,0.019645635038614273,1782914456.5874803
647100,0.03191058337688446,1782914463.0148087
647200,0.8938563466072083,1782914469.0556967
647300,0.06414651870727539,1782914475.249444
647400,0.05944160372018814,1782914481.453713
647500,0.02987489104270935,1782914487.6792846
647600,0.03043922409415245,1782914494.15811
647700,0.36254754662513733,1782914500.2166789
647800,0.024856217205524445,1782914506.340159
647900,0.027857396751642227,1782914512.6872354
648000,0.025061190128326416,1782914518.9711022
648100,0.02450581267476082,1782914525.153738
648200,0.02558865398168564,1782914531.3859546
648300,0.047000735998153687,1782914537.4517632
648400,0.02719714492559433,1782914543.6077456
648500,0.057799000293016434,1782914549.7396839
648600,0.03924063965678215,1782914555.990347
648700,0.020881909877061844,1782914562.079027
648800,0.030357366427779198,1782914568.289222
648900,0.016868282109498978,1782914574.6384308
649000,0.019878314808011055,1782914580.919349
649100,0.012442356906831264,1782914587.2180603
649200,0.011981947347521782,1782914593.5047524
649300,0.012059645727276802,1782914599.7246006
649400,0.05105035379528999,1782914606.0635595
649500,0.06819433718919754,1782914612.1867008
649600,0.017625123262405396,1782914618.5722167
649700,0.01600782573223114,1782914624.8034573
649800,0.027759309858083725,1782914631.083626
649900,0.01639917865395546,1782914637.3483064
650000,0.03131803125143051,1782915643.7720075
650100,0.01872720755636692,1782915832.7622638
650200,0.02021104283630848,1782915838.8958411
650300,0.08108287304639816,1782915845.122582
650400,0.35772591829299927,1782915851.0761545
650500,0.0288730189204216,1782915857.1016028
650600,0.01441980991512537,1782915863.2848215
650700,0.3416386842727661,1782915869.4211164
650800,0.06169344484806061,1782915875.5263238
650900,0.0543452724814415,1782916065.2256708
651000,0.01604471355676651,1782916070.8567905
651100,0.015667829662561417,1782916076.5224757
651200,0.025454679504036903,1782916082.1530647
651300,0.036802493035793304,1782916087.8284273
651400,0.016743235290050507,1782916093.7256467
651500,0.05839215964078903,1782916100.1992197
651600,0.019701607525348663,1782916106.5659182
651700,0.02101476490497589,1782916113.121552
651800,0.2367573082447052,1782916119.5852342
651900,0.02050512656569481,1782916126.416769
652000,0.057272303849458694,1782916132.905374
652100,0.12185604125261307,1782916139.553587
652200,0.36877280473709106,1782916146.4607081
652300,0.027298578992486,1782916153.0462499
652400,0.056124016642570496,1782916159.8242722
652500,0.010665942914783955,1782916166.3567352
652600,0.031367309391498566,1782916173.2150736
652700,0.025900226086378098,1782916179.703945
652800,1.3561577796936035,1782916186.1694674
652900,0.020490780472755432,1782916192.5571723
653000,0.03378846496343613,1782916199.0138295
653100,0.012379246763885021,1782916205.3813176
653200,0.023791462182998657,1782916212.1525443
653300,0.02527415193617344,1782916218.534635
653400,0.06574168056249619,1782916225.373323
653500,0.03038855269551277,1782916231.9273584
653600,0.03351498395204544,1782916238.5516944
653700,0.013607589527964592,1782916245.238772
653800,0.08924618363380432,1782916251.7331583
653900,0.5617396235466003,1782916258.2522671
654000,0.07152952998876572,1782916264.6951513
654100,0.028473995625972748,1782916271.5164156
654200,0.020258530974388123,1782916277.9687862
654300,0.03213389962911606,1782916284.4383423
654400,0.05623481050133705,1782916290.8386247
654500,0.02815847098827362,1782916297.2712164
654600,0.04541786015033722,1782916303.7803228
654700,0.02055230364203453,1782916310.7138093
654800,0.015153135173022747,1782916317.3571682
654900,0.014613717794418335,1782916324.1490738
655000,0.046687688678503036,1782916331.023864
655100,0.04313095659017563,1782916337.5247831
655200,0.02428596094250679,1782916344.0188382
655300,0.024632105603814125,1782916350.7793393
655400,0.24097084999084473,1782916357.4011388
655500,0.07284815609455109,1782916363.8605158
655600,0.032049760222435,1782916370.5872004
655700,0.012271866202354431,1782916377.2871153
655800,0.01917019858956337,1782916383.9931307
655900,0.043163932859897614,1782916390.7064714
656000,0.033860959112644196,1782916397.1773696
656100,0.09069928526878357,1782916403.8522909
656200,0.01812152937054634,1782916410.6996896
656300,0.016007449477910995,1782916417.2699459
656400,0.018556777387857437,1782916423.9181042
656500,0.017950428649783134,1782916430.3841748
656600,0.03370855376124382,1782916436.7940602
656700,0.030114172026515007,1782916443.549101
656800,0.03164459019899368,1782916450.0020096
656900,1.2155426740646362,1782916456.4389083
657000,0.056314244866371155,1782916463.2625096
657100,0.04837001487612724,1782916469.9688764
657200,0.0295256357640028,1782916476.686841
657300,0.03841489553451538,1782916483.3152506
657400,0.013930952176451683,1782916489.9780989
657500,0.03334774821996689,1782916496.7134075
657600,0.02881759963929653,1782916503.2235758
657700,0.018865427002310753,1782916509.885069
657800,0.03534932807087898,1782916516.5358865
657900,0.04434465244412422,1782916523.0496612
658000,0.01740179769694805,1782916529.8351314
658100,0.02188909612596035,1782916536.150265
658200,0.01708340458571911,1782916542.8393545
658300,0.03993191570043564,1782916549.336899
658400,0.02001243084669113,1782916556.2223816
658500,0.015054278075695038,1782916562.8383784
658600,0.019312670454382896,1782916569.5046897
658700,0.025916166603565216,1782916576.1198967
658800,0.01733195036649704,1782916582.7457743
658900,0.10528477281332016,1782916589.29696
659000,0.03292904421687126,1782916595.798306
659100,0.04641026258468628,1782916602.4331305
659200,0.07407978177070618,1782916608.6855245
659300,0.037309613078832626,1782916614.9025075
659400,0.834928572177887,1782916620.9373071
659500,0.023641804233193398,1782916627.1831877
659600,0.028745442628860474,1782916633.2880714
659700,0.13339397311210632,1782916639.384829
659800,0.02610151842236519,1782916645.8794727
659900,0.012827478349208832,1782916652.4456906
660000,0.026628226041793823,1782916658.7289932
660100,0.020505422726273537,1782916665.002321
660200,0.01866822876036167,1782916670.90963
660300,0.023251788690686226,1782916676.9847715
660400,0.04649202153086662,1782916683.2053573
660500,0.0471603162586689,1782916689.2573705
660600,0.023035012185573578,1782916695.2348354
660700,0.03366124629974365,1782916701.5833485
660800,0.06328658014535904,1782916707.617293
660900,0.01728994958102703,1782916713.8701427
661000,0.0237924475222826,1782916719.9986217
661100,0.01454737689346075,1782916726.1928432
661200,0.021332336589694023,1782916732.2407312
661300,0.027902696281671524,1782916738.3087513
661400,0.023739390075206757,1782916744.43967
661500,0.014900404959917068,1782916750.5960758
661600,0.03227006644010544,1782916756.777663
661700,0.8926421999931335,1782916763.0176256
661800,0.013140499591827393,1782916769.0410733
661900,0.014142230153083801,1782916775.014629
662000,0.015552651137113571,1782916781.4333
662100,0.03432575985789299,1782916787.4415228
662200,0.029918834567070007,1782916793.6223662
662300,0.022864772006869316,1782916799.7543175
662400,0.01618766598403454,1782916805.8362465
662500,0.0188588909804821,1782916811.6930838
662600,0.02580377645790577,1782916817.7527006
662700,0.3395751714706421,1782916823.873618
662800,2.3682312965393066,1782916829.862595
662900,0.020788323134183884,1782916836.0992546
663000,0.0177043117582798,1782916842.10449
663100,0.03807440400123596,1782916848.3588924
663200,0.04009722173213959,1782916854.2221265
663300,0.02257218398153782,1782916860.2393816
663400,0.022630814462900162,1782916866.4461753
663500,0.02242167666554451,1782916872.455417
663600,0.019171396270394325,1782916878.883014
663700,0.02683558315038681,1782916885.2293706
663800,0.0470271073281765,1782916891.3165662
663900,2.953500270843506,1782916897.6412857
664000,0.016654571518301964,1782916903.9447906
664100,0.06796838343143463,1782916910.2728176
664200,0.021259289234876633,1782916916.4957774
664300,0.023514702916145325,1782916922.7382858
664400,0.01884296163916588,1782916928.8728259
664500,0.028244027867913246,1782916935.2000904
664600,0.02355986461043358,1782916941.0675259
664700,0.05460314452648163,1782916947.0789099
664800,0.026544570922851562,1782916953.0405097
664900,0.021822916343808174,1782916958.915511
665000,0.03883854299783707,1782916965.201555
665100,0.02357158437371254,1782916971.5466907
665200,0.021778473630547523,1782916977.5687137
665300,0.029635483399033546,1782916983.5053353
665400,0.05704614520072937,1782916989.5739796
665500,0.02318384312093258,1782916995.689669
665600,0.043980926275253296,1782917001.8618143
665700,0.01752813160419464,1782917007.895985
665800,0.04534190148115158,1782917014.1741261
665900,0.024507544934749603,1782917020.2989702
666000,0.02144581452012062,1782917026.973508
666100,0.026680663228034973,1782917033.4966047
666200,0.030163416638970375,1782917040.0542822
666300,0.10110189765691757,1782917046.6971495
666400,0.2194935381412506,1782917053.3767896
666500,0.029115349054336548,1782917060.1516957
666600,0.014454888179898262,1782917066.6844583
666700,0.01864900253713131,1782917073.2421079
666800,0.039790473878383636,1782917079.80812
666900,0.015990931540727615,1782917086.42418
667000,0.02365938201546669,1782917093.2166688
667100,0.014306819066405296,1782917099.8835504
667200,0.041332487016916275,1782917106.511528
667300,0.015500161796808243,1782917113.212697
667400,0.05040442943572998,1782917119.6266854
667500,0.03055417165160179,1782917126.1371164
667600,0.03196407109498978,1782917132.8341465
667700,0.020418191328644753,1782917139.414319
667800,0.03162841126322746,1782917145.7849712
667900,0.0546732172369957,1782917152.2473707
668000,0.02627849578857422,1782917158.9986198
668100,0.020762477070093155,1782917165.2523513
668200,0.09302106499671936,1782917171.3125186
668300,0.022768566384911537,1782917177.4281514
668400,0.014289493672549725,1782917183.4493783
668500,0.0774884968996048,1782917189.7438366
668600,0.03374375402927399,1782917195.782787
668700,0.046607598662376404,1782917202.0863404
668800,0.028820723295211792,1782917208.1380212
668900,0.023766569793224335,1782917214.4905741
669000,0.016432948410511017,1782917220.6198492
669100,0.0184725821018219,1782917226.8838484
669200,0.01781449094414711,1782917233.0516286
669300,0.021451473236083984,1782917239.0490763
669400,0.029321879148483276,1782917245.0274012
669500,1.0519708395004272,1782917251.3057134
669600,0.024364326149225235,1782917257.688342
669700,0.03205158933997154,1782917263.853718
669800,0.03367241099476814,1782917270.1818376
669900,0.014052551239728928,1782917276.3142447
670000,0.0312807597219944,1782917282.4625454
670100,0.02011929452419281,1782917288.687456
670200,0.2775513231754303,1782917294.6582627
670300,0.2170119732618332,1782917300.7162015
670400,0.046621449291706085,1782917306.9624848
670500,0.029020655900239944,1782917312.8534727
670600,0.08431093394756317,1782917319.054695
670700,0.038490306586027145,1782917324.9152806
670800,0.02902166172862053,1782917330.7959702
670900,0.024934668093919754,1782917336.7591941
671000,0.05213790014386177,1782917342.8315933
671100,0.015877285972237587,1782917348.6971774
671200,0.32504087686538696,1782917354.703794
671300,0.04544992372393608,1782917360.8010013
671400,0.3256995379924774,1782917367.214621
671500,0.018758660182356834,1782917373.365687
671600,0.021458856761455536,1782917379.3038826
671700,0.016928186640143394,1782917385.6173608
671800,0.01633109152317047,1782917391.9806278
671900,0.5586878061294556,1782917398.1150012
672000,0.014795648865401745,1782917404.3032598
672100,0.012841234914958477,1782917410.4178696
672200,0.020388441160321236,1782917416.6532817
672300,0.02537166327238083,1782917422.5380387
672400,0.02790309116244316,1782917428.848304
672500,0.016925638541579247,1782917434.936355
672600,0.028621912002563477,1782917441.092236
672700,0.4686436057090759,1782917447.3798902
672800,0.026315078139305115,1782917453.4452894
672900,0.029692446812987328,1782917459.6348608
673000,0.031288571655750275,1782917465.848655
673100,0.052065443247556686,1782917471.9396389
673200,0.015975089743733406,1782917478.1395454
673300,0.0530274361371994,1782917484.245124
673400,0.011768167838454247,1782917490.3690042
673500,0.02993205562233925,1782917496.4401958
673600,0.022246986627578735,1782917502.6245217
673700,0.018567286431789398,1782917508.7576869
673800,0.026789672672748566,1782917514.7670043
673900,0.027712471783161163,1782917521.250633
674000,0.03127202391624451,1782917527.6308634
674100,0.02092938870191574,1782917533.937114
674200,0.013192927464842796,1782917540.208189
674300,0.033021897077560425,1782917546.3813965
674400,0.018071703612804413,1782917552.7179582
674500,0.010092788375914097,1782917559.056601
674600,0.01651272177696228,1782917565.2178466
674700,0.05214425548911095,1782917571.489235
674800,2.9019267559051514,1782917577.687496
674900,0.021574707701802254,1782917583.8134227
675000,0.024773498997092247,1782917589.9648747
675100,0.1233547180891037,1782917768.5042894
675200,0.014346239157021046,1782917774.5859892
675300,4.084915637969971,1782917780.6561837
675400,0.09269118309020996,1782917786.761001
675500,0.015887044370174408,1782917792.8625505
675600,0.0744263082742691,1782917799.3069482
675700,0.02867584489285946,1782917805.4861312
675800,0.012030216865241528,1782917811.5627737
675900,0.027127953246235847,1782917817.7759993
676000,0.02996412105858326,1782917824.0228717
676100,0.03802742809057236,1782917830.1211402
676200,0.016257645562291145,1782917836.395744
676300,0.02135186269879341,1782917842.4339545
676400,0.03399728611111641,1782917848.617312
676500,0.022760892286896706,1782917854.899678
676600,0.03355640545487404,1782917861.1413946
676700,0.034212470054626465,1782917867.0509806
676800,0.019318796694278717,1782917873.2194726
676900,0.017660319805145264,1782917879.6355343
677000,2.2222235202789307,1782917885.71495
677100,0.043829865753650665,1782917891.953465
677200,0.01668817177414894,1782917898.1913671
677300,0.01745370402932167,1782917904.534036
677400,0.03384670987725258,1782917910.6606925
677500,0.02837507054209709,1782917916.7511034
677600,0.7324715256690979,1782917922.7819607
677700,0.014910749159753323,1782917929.0732193
677800,0.028713218867778778,1782917935.1549423
677900,0.012296267785131931,1782917941.385738
678000,0.03996574878692627,1782917947.3486295
678100,0.045952558517456055,1782917953.4307277
678200,0.019077591598033905,1782917959.5548494
678300,0.09218040108680725,1782917965.5564017
678400,0.01990334503352642,1782917971.571932
678500,0.03660701960325241,1782917977.7074535
678600,0.04691782593727112,1782917983.6721478
678700,0.012736152857542038,1782917989.811078
678800,0.037652358412742615,1782917995.7866926
678900,0.033646177500486374,1782918002.0421734
679000,0.017015932127833366,1782918008.236663
679100,0.04194629564881325,1782918014.506449
679200,0.013148801401257515,1782918020.6901288
679300,0.013363732025027275,1782918026.871705
679400,0.01813899353146553,1782918032.8884149
679500,0.014367503114044666,1782918039.0372922
679600,0.014104817062616348,1782918045.1023798
679700,0.008795096538960934,1782918051.2193778
679800,0.023952919989824295,1782918057.461566
679900,0.025274816900491714,1782918063.6918132
680000,0.01654829829931259,1782918069.7840967
680100,0.11075618863105774,1782918075.8346746
680200,0.026338640600442886,1782918081.8487642
680300,0.016745377331972122,1782918087.8304653
680400,0.027267729863524437,1782918093.9213073
680500,0.023060068488121033,1782918099.8429875
680600,0.024057302623987198,1782918105.9661732
680700,0.01796897128224373,1782918111.8356373
680800,0.02000238746404648,1782918117.7140124
680900,0.07092973589897156,1782918123.8023005
681000,0.02406867779791355,1782918129.8429723
681100,0.04235756769776344,1782918135.9178557
681200,0.02146698720753193,1782918141.9790487
681300,0.016942346468567848,1782918148.0752485
681400,0.019144924357533455,1782918154.305084
681500,0.03609561175107956,1782918160.1004117
681600,0.07310156524181366,1782918166.3917725
681700,0.02620059996843338,1782918172.5425682
681800,0.018362071365118027,1782918178.8350677
681900,0.016113676130771637,1782918184.8205063
682000,0.02740681916475296,1782918191.0722866
682100,0.20513515174388885,1782918197.0460355
682200,0.011300671845674515,1782918203.3074646
682300,0.02603089064359665,1782918209.3509495
682400,0.11948742717504501,1782918215.83651
682500,0.017459332942962646,1782918222.0852273
682600,0.05660553276538849,1782918228.2000844
682700,0.01623721234500408,1782918234.3739226
682800,0.016882412135601044,1782918240.2906227
682900,0.13099952042102814,1782918246.4605627
683000,0.0201168954372406,1782918252.407643
683100,0.0770365297794342,1782918258.3957024
683200,0.017761103808879852,1782918264.405607
683300,0.0169425867497921,1782918270.2873187
683400,0.017919084057211876,1782918276.2954934
683500,0.024087250232696533,1782918282.4685276
683600,0.07059912383556366,1782918288.422389
683700,0.04990440607070923,1782918294.3288333
683800,0.02605699934065342,1782918300.4036841
683900,0.017926735803484917,1782918306.4260013
684000,0.020914724096655846,1782918312.4489028
684100,0.017141537740826607,1782918318.6626377
684200,0.2040945291519165,1782918324.8485448
684300,0.10936126112937927,1782918330.8870494
684400,0.04520450532436371,1782918337.3166132
684500,5.6039652824401855,1782918343.358336
684600,0.07820523530244827,1782918349.340374
684700,0.02240942232310772,1782918355.4670246
684800,0.0658641830086708,1782918361.8280666
684900,0.023663369938731194,1782918367.8667216
685000,0.1456393301486969,1782918374.1956048
685100,0.018286999315023422,1782918380.3792589
685200,0.018804237246513367,1782918386.5181668
685300,0.03475474566221237,1782918392.593389
685400,0.03297272324562073,1782918398.8685002
685500,0.16277959942817688,1782918405.1934054
685600,0.03005724400281906,1782918411.4309666
685700,0.021690838038921356,1782918417.8725653
685800,0.0440867654979229,1782918424.0158305
685900,0.031691066920757294,1782918430.4450736
686000,0.013613589107990265,1782918436.7719107
686100,0.02834608405828476,1782918443.1889234
686200,0.01820611208677292,1782918449.4149354
686300,0.2700239419937134,1782918455.7013593
686400,0.09258906543254852,1782918461.893222
686500,0.01175578311085701,1782918468.2148013
686600,0.04134503751993179,1782918474.340104
686700,0.058023374527692795,1782918480.5793946
686800,0.03842393681406975,1782918486.8193927
686900,0.29717549681663513,1782918493.1267815
687000,0.01442381925880909,1782918499.3115673
687100,0.02183728665113449,1782918505.4332042
687200,0.02015363797545433,1782918511.6815217
687300,0.031085176393389702,1782918517.9985774
687400,0.030851930379867554,1782918524.1341012
687500,0.01749415323138237,1782918530.1216335
687600,0.012900949455797672,1782918536.3298664
687700,0.020909810438752174,1782918542.5639648
687800,0.028045881539583206,1782918548.4387777
687900,7.386775970458984,1782918554.3919575
688000,0.017107412219047546,1782918560.7788992
688100,0.02198968082666397,1782918566.840392
688200,0.0301740113645792,1782918572.9550827
688300,0.027833782136440277,1782918579.1506898
688400,0.01758742891252041,1782918585.302381
688500,0.030590351670980453,1782918591.5505126
688600,0.03260426968336105,1782918597.5716717
688700,0.05731193721294403,1782918603.9795792
688800,0.08358106762170792,1782918610.1186464
688900,0.01572716236114502,1782918616.385012
689000,0.018947169184684753,1782918622.2955778
689100,0.01616518385708332,1782918628.6830213
689200,0.021063126623630524,1782918634.8331416
689300,0.8356397151947021,1782918641.072999
689400,0.021989881992340088,1782918647.0148478
689500,0.01718086376786232,1782918653.2977114
689600,0.10974332690238953,1782918659.533907
689700,0.026335814967751503,1782918665.6095617
689800,0.02373454160988331,1782918671.8663368
689900,0.4674607515335083,1782918677.9457123
690000,0.020312583073973656,1782918684.0205135
690100,0.04737873747944832,1782918690.2506914
690200,0.01564689539372921,1782918696.6127586
690300,0.02107761986553669,1782918702.7688365
690400,0.018884927034378052,1782918708.8466551
690500,0.02296036295592785,1782918714.9788074
690600,0.01701957732439041,1782918721.1639078
690700,0.020316660404205322,1782918727.460244
690800,0.04029148817062378,1782918733.744171
690900,0.014245889149606228,1782918739.9265244
691000,0.03281565383076668,1782918746.0940027
691100,0.022259628400206566,1782918752.3184724
691200,0.014993974938988686,1782918758.4096036
691300,0.01717667654156685,1782918764.387777
691400,0.04644342511892319,1782918770.7119417
691500,0.011586956679821014,1782918776.708035
691600,0.035810403525829315,1782918782.7308252
691700,0.00993606261909008,1782918788.9406505
691800,0.01986624300479889,1782918794.9816806
691900,0.029384491965174675,1782918801.2601175
692000,0.07730123400688171,1782918807.414085
692100,0.012925812974572182,1782918813.3622983
692200,0.018744895234704018,1782918819.3386796
692300,0.013530749827623367,1782918825.441402
692400,0.019611433148384094,1782918831.4693556
692500,0.017143994569778442,1782918837.7181997
692600,0.030784983187913895,1782918843.9718795
692700,0.016387367621064186,1782918850.0882442
692800,0.033887896686792374,1782918856.361437
692900,0.026820138096809387,1782918862.5105183
693000,0.05904966592788696,1782918868.6566894
693100,0.023917026817798615,1782918874.7153726
693200,0.019194193184375763,1782918880.9503462
693300,0.014848282560706139,1782918887.0233
693400,0.08215057104825974,1782918893.256611
693500,2.4636642932891846,1782918899.345397
693600,0.023228347301483154,1782918905.4957566
693700,0.02440532296895981,1782918911.706565
693800,0.016780700534582138,1782918917.850815
693900,0.020171552896499634,1782918924.1283998
694000,0.014449100941419601,1782918930.297765
694100,0.011064568534493446,1782918936.5000656
694200,0.03629991412162781,1782918942.640888
694300,0.018645718693733215,1782918948.7482347
694400,0.028870340436697006,1782918954.8575242
694500,0.02607845887541771,1782918960.9403281
694600,0.036826442927122116,1782918967.1964626
694700,0.017884153872728348,1782918973.2572196
694800,0.0867362767457962,1782918979.2346034
694900,0.02322075329720974,1782918985.3489797
695000,0.01705252379179001,1782918991.4154503
695100,0.0393984280526638,1782918997.3793874
695200,0.011666683480143547,1782919003.56311
695300,0.010023750364780426,1782919009.690729
695400,0.030873581767082214,1782919015.6185787
695500,0.13281767070293427,1782919021.9331772
695600,0.01652417704463005,1782919028.1052554
695700,0.017006292939186096,1782919034.4696484
695800,0.01672879047691822,1782919040.4766006
695900,0.21247415244579315,1782919046.5858521
696000,0.047961246222257614,1782919052.5923324
696100,0.03184829652309418,1782919058.6468482
696200,0.07687684893608093,1782919065.004665
696300,0.017201289534568787,1782919071.2666008
696400,0.01493192370980978,1782919077.331133
696500,0.019757885485887527,1782919083.3712478
696600,0.01855739764869213,1782919089.4055219
696700,0.4948735237121582,1782919095.6001167
696800,0.02586297318339348,1782919101.937292
696900,0.30990996956825256,1782919107.95097
697000,0.018711905926465988,1782919114.0652938
697100,0.037627480924129486,1782919120.1169052
697200,0.02270413748919964,1782919126.572926
697300,0.020734038203954697,1782919132.7524679
697400,0.027072355151176453,1782919139.121328
697500,0.01894613355398178,1782919145.3789685
697600,0.012576758861541748,1782919151.4408343
697700,0.07339675724506378,1782919157.7175198
697800,0.025058846920728683,1782919163.6650295
697900,0.02523379772901535,1782919170.0929132
698000,3.4034922122955322,1782919176.4118161
698100,0.108700692653656,1782919182.423083
698200,0.0855734795331955,1782919188.74829
698300,1.1731445789337158,1782919195.1404088
698400,0.027470717206597328,1782919201.0762157
698500,0.09143991768360138,1782919207.2245648
698600,0.01691812090575695,1782919213.4733684
698700,0.03304566442966461,1782919219.8085806
698800,0.03462103754281998,1782919226.019484
698900,0.017271749675273895,1782919232.3120866
699000,0.019439395517110825,1782919238.4153893
699100,0.016943641006946564,1782919244.5680668
699200,0.0949610248208046,1782919250.7247722
699300,0.039685994386672974,1782919256.966614
699400,0.02787022665143013,1782919263.0539362
699500,0.04978005960583687,1782919269.197929
699600,0.6501056551933289,1782919275.30608
699700,0.020892733708024025,1782919281.4345
699800,0.020770199596881866,1782919287.5865536
699900,0.014749495312571526,1782919293.7474532
700000,0.015728555619716644,1783345544.942653
700100,0.026972826570272446,1783345703.188063
700200,0.014600103721022606,1783345709.3312805
700300,0.02503100596368313,1783345715.5290678
700400,0.015512075275182724,1783345721.7146585
700500,0.021471573039889336,1783345728.1962092
700600,0.1358312964439392,1783345734.5025277
700700,0.05398271977901459,1783345740.622092
700800,0.017483988776803017,1783345746.7975497
700900,0.026621844619512558,1783345752.9345715
701000,0.022933483123779297,1783345758.9503908
701100,0.06351804733276367,1783345765.3998804
701200,0.020840510725975037,1783345771.4256399
701300,0.018151666969060898,1783345777.5825808
701400,0.021056095138192177,1783345783.7637143
701500,0.019292069599032402,1783345790.1154885
701600,0.009934354573488235,1783345796.1121743
701700,0.022128164768218994,1783345802.3038154
701800,0.03214680403470993,1783345808.3776882
701900,0.029800184071063995,1783345814.3371665
702000,0.015037855133414268,1783345820.3157067
702100,0.2872186601161957,1783345826.5861402
702200,0.02684534713625908,1783345832.7034986
702300,0.024423755705356598,1783345838.972746
702400,0.01351904310286045,1783345845.1959383
702500,0.030857089906930923,1783345851.4968238
702600,0.01787996105849743,1783345857.8017147
702700,0.02494477480649948,1783345864.024437
702800,0.02947080321609974,1783345870.066471
702900,0.018713975325226784,1783345876.174571
703000,0.038898807018995285,1783345882.232804
703100,0.025119168683886528,1783345888.4032438
703200,0.05277473106980324,1783345894.4408035
703300,0.036904528737068176,1783345900.713858
703400,0.023091763257980347,1783345907.0283692
703500,0.030268341302871704,1783345913.2106173
703600,0.033678747713565826,1783345919.3744333
703700,0.17618420720100403,1783345925.6601217
703800,0.024244679138064384,1783345931.8004875
703900,0.023213403299450874,1783345938.0033765
704000,0.029439687728881836,1783345944.0741882
704100,0.027348339557647705,1783345950.4751968
704200,0.029444608837366104,1783345956.5113263
704300,0.025902552530169487,1783345962.6170983
704400,0.02750789374113083,1783345968.8421612
704500,0.048499178141355515,1783345974.8633912
704600,0.022941434755921364,1783345980.8875082
704700,0.013610565103590488,1783345987.0906115
704800,0.01364321168512106,1783345993.2029314
704900,0.016667921096086502,1783345999.4557626
705000,0.019579023122787476,1783346005.779832
705100,0.503369927406311,1783346012.1406374
705200,0.01596268266439438,1783346018.4571164
705300,0.0222642682492733,1783346024.744788
705400,0.3300407826900482,1783346030.8143787
705500,0.10537596046924591,1783346036.9573789
705600,0.01471661776304245,1783346043.2871206
705700,0.038040660321712494,1783346049.4330611
705800,0.025252923369407654,1783346055.5190809
705900,0.01913820207118988,1783346061.5907574
706000,0.016635945066809654,1783346067.7554305
706100,0.03957778215408325,1783346073.9794087
706200,0.034250952303409576,1783346080.4324038
706300,0.12682078778743744,1783346086.591786
706400,4.458841800689697,1783346092.844105
706500,0.033141881227493286,1783346098.8840125
706600,0.012486962601542473,1783346105.2598011
706700,0.024678910151124,1783346111.4313784
706800,0.02509739063680172,1783346117.5336187
706900,0.04625783860683441,1783346123.6507223
707000,1.035164475440979,1783346129.7551336
707100,0.029387660324573517,1783346135.934719
707200,0.017499694600701332,1783346142.3312933
707300,0.038033001124858856,1783346148.788207
707400,0.08709913492202759,1783346155.2191937
707500,0.027373727411031723,1783346161.6921756
707600,0.01816907897591591,1783346167.995368
707700,0.2703348398208618,1783346174.1609058
707800,0.027814257889986038,1783346180.3992321
707900,0.15618279576301575,1783346186.54789
708000,0.01129845529794693,1783346192.8992584
708100,0.5261415839195251,1783346199.265642
708200,0.019016766920685768,1783346205.3721414
708300,0.043813690543174744,1783346211.480528
708400,0.013990289531648159,1783346217.6561344
708500,0.037920765578746796,1783346223.8077316
708600,0.03596986457705498,1783346229.8949313
708700,0.021169671788811684,1783346236.1230373
708800,0.30929309129714966,1783346242.1430016
708900,0.039519600570201874,1783346248.3210857
709000,0.029724840074777603,1783346254.6523287
709100,0.030210133641958237,1783346260.9977832
709200,0.04363885521888733,1783346267.2857842
709300,0.02733924612402916,1783346273.3798652
709400,0.022822514176368713,1783346279.8504696
709500,0.013742069713771343,1783346286.1906393
709600,0.04974806308746338,1783346292.282153
709700,0.017858978360891342,1783346298.454218
709800,0.03692759573459625,1783346304.7594147
709900,0.019799068570137024,1783346310.8335547
710000,0.05387534201145172,1783346316.920439
710100,0.022785335779190063,1783346323.0972824
710200,0.01801399514079094,1783346329.057399
710300,0.0203827153891325,1783346335.0671227
710400,0.11627894639968872,1783346341.0651786
710500,0.09649939835071564,1783346347.211835
710600,0.020370379090309143,1783346353.2699318
710700,0.016533901914954185,1783346359.3458126
710800,0.0741857960820198,1783346365.57989
710900,0.09177716821432114,1783346371.6210532
711000,0.06179967522621155,1783346378.0303905
711100,0.02413659170269966,1783346384.3287477
711200,0.009520778432488441,1783346390.5381024
711300,0.042564503848552704,1783346396.6583996
711400,0.016330072656273842,1783346402.8834474
711500,0.019536394625902176,1783346409.024858
711600,0.02222532033920288,1783346415.2317903
711700,0.0571790374815464,1783346421.7017457
711800,0.02947290614247322,1783346427.7900329
711900,0.037539634853601456,1783346433.9901178
712000,0.015068437904119492,1783346440.2102249
712100,0.031613122671842575,1783346446.3882792
712200,0.1039990484714508,1783346452.5574744
712300,1.062809944152832,1783346458.831544
712400,0.023701544851064682,1783346465.0415084
712500,0.01941334456205368,1783346471.1574352
712600,0.5000259876251221,1783346477.2580433
712700,1.8322992324829102,1783346483.5140605
712800,0.013327077962458134,1783346489.8103545
712900,0.02708759903907776,1783346496.1684177
713000,0.035881638526916504,1783346502.3526268
713100,0.028979577124118805,1783346508.7282858
713200,0.106874018907547,1783346514.7739308
713300,0.07413559406995773,1783346521.091815
713400,0.035505928099155426,1783346527.3585868
713500,0.13404744863510132,1783346533.6537628
713600,0.015695106238126755,1783346539.8563964
713700,0.044400155544281006,1783346545.9475868
713800,0.013253862038254738,1783346552.325451
713900,0.023987367749214172,1783346558.4463317
714000,0.024767819792032242,1783346564.6827102
714100,0.024953393265604973,1783346570.6793685
714200,0.28557559847831726,1783346576.8068893
714300,1.0158880949020386,1783346582.9308524
714400,0.023871537297964096,1783346589.1198304
714500,0.022324688732624054,1783346595.4210372
714600,0.015216471627354622,1783346601.6209114
714700,0.04827707260847092,1783346607.6408184
714800,0.02427518740296364,1783346613.9938142
714900,0.0233187023550272,1783346620.086185
715000,0.03285945951938629,1783346626.1683471
715100,0.015344660729169846,1783346632.2372441
715200,0.02812996879220009,1783346638.0897927
715300,0.13763201236724854,1783346644.2477155
715400,0.028489314019680023,1783346650.3906267
715500,0.025093941017985344,1783346656.682236
715600,0.24382729828357697,1783346662.8514476
715700,0.3065216541290283,1783346669.2141721
715800,0.02665921486914158,1783346675.318179
715900,0.018604155629873276,1783346681.5383906
716000,0.053432293236255646,1783346687.8792598
716100,0.015730440616607666,1783346694.1411867
716200,0.09115471690893173,1783346700.323609
716300,0.28137362003326416,1783346706.5679197
716400,0.017426496371626854,1783346712.5330276
716500,0.05332668498158455,1783346718.7338383
716600,0.0783403217792511,1783346725.0224216
716700,0.03517104685306549,1783346731.123505
716800,0.010373681783676147,1783346737.2886534
716900,0.014062237925827503,1783346743.305215
717000,0.03232255205512047,1783346749.4328125
717100,0.01159319281578064,1783346755.5479712
717200,0.08224433660507202,1783346761.9603612
717300,0.01873033680021763,1783346768.1467872
717400,0.13958968222141266,1783346774.3488133
717500,0.028552962467074394,1783346780.4368465
717600,0.06777596473693848,1783346786.6076076
717700,0.05771198123693466,1783346792.9722137
717800,0.0323488786816597,1783346799.2140498
717900,0.013186352327466011,1783346805.5652072
718000,1.1165813207626343,1783346811.8294737
718100,0.024299032986164093,1783346817.9416554
718200,0.028529759496450424,1783346823.7282245
718300,0.03622705489397049,1783346829.8808837
718400,0.023801453411579132,1783346836.125265
718500,0.01634576916694641,1783346842.332484
718600,0.023037023842334747,1783346848.532516
718700,0.013361962512135506,1783346854.6087725
718800,0.021021516993641853,1783346860.8323934
718900,0.017109567299485207,1783346866.971195
719000,0.014364860951900482,1783346873.1340032
719100,0.013579695485532284,1783346879.1626706
719200,0.021764978766441345,1783346885.6708665
719300,0.033878080546855927,1783346891.7523391
719400,0.02444031462073326,1783346897.9171534
719500,0.035446979105472565,1783346904.1567404
719600,0.010436885058879852,1783346910.3879626
719700,0.014222638681530952,1783346916.6967597
719800,0.031076818704605103,1783346923.0177271
719900,0.21507638692855835,1783346929.115532
720000,0.05405111610889435,1783346935.3888652
720100,0.026114996522665024,1783346941.5894248
720200,0.022298939526081085,1783346947.9353716
720300,0.04260612279176712,1783346954.0998125
720400,0.010801522992551327,1783346960.3465495
720500,0.36710837483406067,1783346966.477259
720600,0.20996122062206268,1783346972.58483
720700,0.013261616230010986,1783346978.6201577
720800,0.13947652280330658,1783346984.9016526
720900,0.05538240820169449,1783346991.0705547
721000,0.016312364488840103,1783346997.0681741
721100,0.02324703149497509,1783347003.0805433
721200,0.026111552491784096,1783347009.2517576
721300,0.01513851247727871,1783347015.298209
721400,0.015775762498378754,1783347021.2927217
721500,0.010506955906748772,1783347027.44048
721600,0.035011176019907,1783347033.3675437
721700,0.025596775114536285,1783347039.5882208
721800,0.01994326151907444,1783347045.5967987
721900,0.010834084823727608,1783347051.915567
722000,0.016701694577932358,1783347058.0251622
722100,0.02436826378107071,1783347064.3002584
722200,0.1558661013841629,1783347070.5123053
722300,0.025118105113506317,1783347076.6614044
722400,0.018637962639331818,1783347083.005508
722500,0.025665082037448883,1783347089.2345705
722600,0.21019268035888672,1783347095.314078
722700,0.01977820135653019,1783347101.3555033
722800,0.024001721292734146,1783347107.435949
722900,0.02250547520816326,1783347113.7024105
723000,0.16142484545707703,1783347120.0524635
723100,0.047971080988645554,1783347126.2826548
723200,0.0252548698335886,1783347132.4249275
723300,0.0133290346711874,1783347138.546005
723400,0.015797287225723267,1783347144.7243333
723500,0.1719076782464981,1783347150.9910963
723600,0.025387335568666458,1783347157.132019
723700,0.01901308074593544,1783347163.4322777
723800,0.039136551320552826,1783347169.7667766
723900,0.025948235765099525,1783347176.043007
724000,0.023940810933709145,1783347182.307745
724100,0.012378931976854801,1783347188.5888984
724200,0.013088580220937729,1783347194.6587932
724300,0.027262171730399132,1783347201.0402021
724400,0.029441384598612785,1783347207.1572893
724500,0.030479028820991516,1783347213.3021436
724600,0.03294876217842102,1783347219.472856
724700,0.03641306236386299,1783347225.755117
724800,0.014719289727509022,1783347231.8362138
724900,0.021112918853759766,1783347238.302146
725000,0.06006050482392311,1783347244.725319
725100,0.02545320615172386,1783347401.9086883
725200,0.02856084704399109,1783347408.0012546
725300,0.01030271127820015,1783347414.045984
725400,0.096939817070961,1783347420.4328136
725500,0.01854575239121914,1783347426.5948532
725600,0.015048466622829437,1783347432.8113542
725700,0.03344416618347168,1783347439.1238317
725800,0.012356594204902649,1783347445.2442365
725900,0.044562362134456635,1783347451.4441864
726000,0.0167434960603714,1783347457.5952842
726100,0.015684178099036217,1783347463.8941617
726200,0.05164360627532005,1783347470.372037
726300,0.01279827207326889,1783347476.4818897
726400,0.02321939542889595,1783347482.7171848
726500,0.0659436285495758,1783347488.8994536
726600,0.03330272436141968,1783347495.2241807
726700,0.017996665090322495,1783347501.4902146
726800,0.035653527826070786,1783347507.9156048
726900,0.03368847817182541,1783347514.002565
727000,0.02183106169104576,1783347520.323215
727100,0.09173240512609482,1783347526.3897276
727200,0.0205461997538805,1783347532.7468204
727300,0.016791868954896927,1783347539.0936835
727400,0.009144355542957783,1783347545.22042
727500,0.013979999348521233,1783347551.4946632
727600,0.017082802951335907,1783347557.7011883
727700,1.4729708433151245,1783347563.9246206
727800,0.03321082144975662,1783347570.0218854
727900,0.0224352665245533,1783347576.3316135
728000,0.01188080757856369,1783347582.4980593
728100,0.0896153599023819,1783347588.6417994
728200,0.10958930104970932,1783347594.8582392
728300,0.04216141253709793,1783347601.1480234
728400,0.04668528586626053,1783347607.3335912
728500,0.014857247471809387,1783347613.6088102
728600,0.014790073037147522,1783347619.7986248
728700,0.0379040353000164,1783347626.1084244
728800,0.03503735736012459,1783347632.631577
728900,0.027055222541093826,1783347638.9197557
729000,0.0212575513869524,1783347644.9850113
729100,0.024905472993850708,1783347651.2230268
729200,0.014456549659371376,1783347657.2859325
729300,0.03298696503043175,1783347663.6730776
729400,0.011618990451097488,1783347669.7545483
729500,0.03593573719263077,1783347675.8945758
729600,0.0303279347717762,1783347682.0832565
729700,0.02093202993273735,1783347688.485899
729800,0.022159414365887642,1783347694.7579293
729900,0.018503718078136444,1783347700.9030726
730000,0.04416248947381973,1783347706.9292567
730100,0.018803782761096954,1783347713.2035859
730200,0.01636931300163269,1783347719.3085866
730300,0.020815307274460793,1783347725.710485
730400,0.023217756301164627,1783347731.7338586
730500,0.0195314958691597,1783347737.8044255
730600,0.03866615146398544,1783347744.23542
730700,0.017863601446151733,1783347750.3741543
730800,0.018132971599698067,1783347756.638859
730900,0.01697360724210739,1783347762.6669028
731000,0.011160588823258877,1783347768.6886387
731100,0.015546716749668121,1783347774.8230197
731200,0.00788965541869402,1783347781.0847015
731300,0.016453448683023453,1783347787.1572168
731400,0.022966643795371056,1783347793.2919352
731500,0.012590359896421432,1783347799.7235003
731600,0.020220164209604263,1783347805.978951
731700,0.007526462897658348,1783347812.1457376
731800,0.03846566379070282,1783347818.7917578
731900,0.021458804607391357,1783347825.0918436
732000,0.017969869077205658,1783347831.204322
732100,0.2988191545009613,1783347837.5415206
732200,0.04127661883831024,1783347843.7534678
732300,0.017687462270259857,1783347849.48746
732400,0.03487008810043335,1783347855.7186532
732500,0.01429157704114914,1783347861.437535
732600,0.05139373987913132,1783347867.1795084
732700,0.18361683189868927,1783347873.5193853
732800,0.03474711626768112,1783347879.749224
732900,0.8156818151473999,1783347885.696862
733000,0.013557976111769676,1783347891.8956811
733100,0.08523856103420258,1783347897.9347417
733200,0.01542003732174635,1783347903.991318
733300,0.0840940997004509,1783347910.0336988
733400,0.03372342884540558,1783347916.0453846
733500,0.02300047129392624,1783347922.172905
733600,0.04781663045287132,1783347928.0889416
733700,1.4755206108093262,1783347934.0309546
733800,0.28401798009872437,1783347940.1219282
733900,0.034553319215774536,1783347946.3094265
734000,0.029769260436296463,1783347952.0814028
734100,0.023681726306676865,1783347958.3002732
734200,0.582429051399231,1783347964.6660657
734300,0.06692692637443542,1783347970.7490811
734400,0.018799711018800735,1783347976.7757552
734500,0.18750585615634918,1783347982.8709962
734600,0.02073628641664982,1783347988.9018195
734700,0.02052913047373295,1783347994.9881673
734800,0.04237500578165054,1783348001.3223748
734900,0.022012196481227875,1783348007.391659
735000,0.015457387082278728,1783348013.6014712
735100,0.014662195928394794,1783348019.6107488
735200,0.014109302312135696,1783348025.6092768
735300,0.09138886630535126,1783348031.772404
735400,0.07374489307403564,1783348037.9724934
735500,0.03233206272125244,1783348044.2401676
735600,0.05919995903968811,1783348050.651594
735700,0.025899605825543404,1783348056.7335489
735800,0.056357044726610184,1783348062.9445205
735900,0.10745697468519211,1783348068.9810352
736000,0.013636743649840355,1783348075.159163
736100,0.026521064341068268,1783348081.3552206
736200,0.07056854665279388,1783348087.3401875
736300,0.031931571662425995,1783348093.5471823
736400,0.02164837159216404,1783348099.6454725
736500,0.03356291353702545,1783348105.920399
736600,0.04990409314632416,1783348111.8827794
736700,0.023430872708559036,1783348117.9496958
736800,0.04708241671323776,1783348124.1236978
736900,0.020678598433732986,1783348130.3869162
737000,0.02503860741853714,1783348136.3406308
737100,0.05842754244804382,1783348142.473197
737200,0.036065638065338135,1783348148.6120331
737300,0.03174145892262459,1783348154.7456977
737400,0.021087126806378365,1783348160.878336
737500,0.018415991216897964,1783348167.1956441
737600,0.014270682819187641,1783348173.5225935
737700,0.03404117375612259,1783348179.6364946
737800,0.274946004152298,1783348185.717898
737900,0.019742263481020927,1783348191.7419627
738000,0.012044988572597504,1783348198.1253247
738100,0.01888751983642578,1783348204.2516541
738200,1.5871891975402832,1783348210.3067918
738300,0.2647607624530792,1783348216.6660848
738400,0.06138133257627487,1783348222.715403
738500,0.03998643159866333,1783348228.9435434
738600,0.031394656747579575,1783348235.0048876
738700,0.13522803783416748,1783348241.3532321
738800,0.017308596521615982,1783348247.5878885
738900,0.01153629645705223,1783348253.6525295
739000,0.05149287357926369,1783348259.9910524
739100,0.05254138633608818,1783348266.087701
739200,0.01877090334892273,1783348272.2934854
739300,0.0180530808866024,1783348278.490803
739400,0.05303943529725075,1783348284.6988678
739500,0.02586856670677662,1783348290.7716148
739600,0.019459307193756104,1783348296.8619494
739700,0.10532118380069733,1783348303.1086247
739800,0.030273377895355225,1783348309.1370122
739900,0.028944311663508415,1783348315.5400836
740000,0.02636643499135971,1783348321.9152944
740100,0.019231004640460014,1783348328.1885722
740200,1.7519444227218628,1783348334.2061276
740300,0.023207850754261017,1783348340.3861518
740400,0.01311446726322174,1783348346.9184158
740500,0.32372334599494934,1783348353.3059824
740600,0.2160976529121399,1783348359.481664
740700,0.8879339694976807,1783348365.476664
740800,0.013961521908640862,1783348371.8702142
740900,0.035247404128313065,1783348378.001248
741000,0.020517293363809586,1783348384.4495924
741100,0.0320436954498291,1783348390.5709922
741200,0.03331106901168823,1783348396.7201204
741300,0.046563923358917236,1783348402.75918
741400,0.015462473966181278,1783348408.9906332
741500,0.020157543942332268,1783348415.3435988
741600,0.01488287840038538,1783348421.4610384
741700,1.2956684827804565,1783348428.0371377
741800,0.17223846912384033,1783348434.2483993
741900,0.01210859790444374,1783348440.5300963
742000,2.661975860595703,1783348446.7570422
742100,0.013028813526034355,1783348453.0474067
742200,0.011011404916644096,1783348459.124648
742300,0.018709151074290276,1783348465.4582438
742400,0.01015903428196907,1783348471.5875707
742500,0.04665094614028931,1783348477.5880167
742600,0.01269737258553505,1783348483.6709163
742700,0.015132586471736431,1783348490.0351217
742800,0.00940256379544735,1783348496.1351616
742900,0.017886310815811157,1783348502.4794774
743000,0.06625436246395111,1783348508.69972
743100,2.9646167755126953,1783348514.8923461
743200,1.6594038009643555,1783348520.9022791
743300,0.01805790886282921,1783348527.0018141
743400,0.018003687262535095,1783348533.002041
743500,2.646186351776123,1783348539.1422899
743600,0.06038008630275726,1783348545.3217354
743700,0.012343061156570911,1783348551.449166
743800,0.022208351641893387,1783348557.635465
743900,0.02227599173784256,1783348563.6796393
744000,0.028024572879076004,1783348570.243327
744100,0.017823155969381332,1783348576.3652818
744200,0.08366264402866364,1783348582.819863
744300,0.0540037676692009,1783348589.1534932
744400,0.026850620284676552,1783348595.3368537
744500,0.022213095799088478,1783348601.890875
744600,0.041792020201683044,1783348608.0999777
744700,0.04423651844263077,1783348614.6693032
744800,0.02280057966709137,1783348620.8337278
744900,0.019835298880934715,1783348627.0775096
745000,0.03688398748636246,1783348633.401744
745100,0.03544966131448746,1783348639.4575107
745200,0.028642892837524414,1783348645.7348254
745300,0.04925994202494621,1783348651.8962975
745400,0.022489015012979507,1783348658.052554
745500,0.03057152032852173,1783348664.084828
745600,0.05158159136772156,1783348670.1908176
745700,0.04751566797494888,1783348676.3906033
745800,0.34162575006484985,1783348682.8542764
745900,0.014584331773221493,1783348689.1374073
746000,0.02503562904894352,1783348695.107471
746100,0.028738025575876236,1783348701.1515489
746200,0.7630386352539062,1783348707.4794133
746300,0.20716020464897156,1783348713.53571
746400,1.5912432670593262,1783348719.6429737
746500,0.012705906294286251,1783348725.8771133
746600,0.01764252409338951,1783348731.933215
746700,0.015354190953075886,1783348738.2516718
746800,0.5804643034934998,1783348744.5493226
746900,0.012919321656227112,1783348750.6387112
747000,0.034691840410232544,1783348756.9854589
747100,0.020871061831712723,1783348763.1570277
747200,0.04513173550367355,1783348769.3579066
747300,0.06988927721977234,1783348775.3828902
747400,0.010122896172106266,1783348781.4863732
747500,0.04363258183002472,1783348787.404951
747600,0.01839405670762062,1783348793.5789068
747700,0.015615671873092651,1783348799.5072806
747800,0.021697932854294777,1783348805.498405
747900,0.02826434001326561,1783348811.9969633
748000,0.19612520933151245,1783348818.1385686
748100,0.015950972214341164,1783348824.4394276
748200,0.17210012674331665,1783348830.5640574
748300,0.11368338763713837,1783348836.7370524
748400,0.022867843508720398,1783348843.1962082
748500,0.020251117646694183,1783348849.2395754
748600,0.015356362797319889,1783348855.418948
748700,0.03570617362856865,1783348861.7453158
748800,0.01731664501130581,1783348867.960238
748900,0.04879509657621384,1783348874.2206032
749000,0.026762884110212326,1783348880.40378
749100,0.022789712995290756,1783348886.4698315
749200,0.019967421889305115,1783348892.5793433
749300,0.03132262080907822,1783348898.725255
749400,0.03204630687832832,1783348904.9167283
749500,0.014883080497384071,1783348911.0307248
749600,0.030108634382486343,1783348917.337726
749700,0.013903507962822914,1783348923.4206448
749800,0.02080211415886879,1783348929.6445923
749900,0.23267346620559692,1783348935.966057
750000,0.01181834377348423,1783428747.0252056
750100,0.024389244616031647,1783428905.5268142
750200,0.02026410773396492,1783428911.3246677
750300,0.02905122935771942,1783428917.1975505
750400,0.03972295671701431,1783428922.9494822
750500,0.04315615072846413,1783428928.938101
750600,0.07342617213726044,1783428934.788882
750700,0.028296910226345062,1783428940.9829266
750800,0.031980518251657486,1783428946.8263443
750900,0.020236289128661156,1783428952.8572812
751000,0.019391335546970367,1783428958.7308455
751100,0.04222724586725235,1783428965.0141633
751200,0.28696408867836,1783428971.1663215
751300,0.3871415853500366,1783428977.202437
751400,0.02036956511437893,1783428983.472719
751500,0.03319716453552246,1783428989.8117378
751600,0.01509249396622181,1783428995.9830513
751700,0.042146943509578705,1783429002.073826
751800,0.042098913341760635,1783429008.350291
751900,0.023989278823137283,1783429014.532062
752000,0.011468703858554363,1783429020.850716
752100,0.016304345801472664,1783429027.2630801
752200,0.03366229310631752,1783429033.4423244
752300,0.021050656214356422,1783429039.9951038
752400,0.04074110835790634,1783429046.0670815
752500,0.02697685919702053,1783429052.5084646
752600,0.01261981762945652,1783429058.9109168
752700,0.013253949582576752,1783429065.242032
752800,0.011332537978887558,1783429071.419495
752900,0.05059412121772766,1783429077.8516939
753000,0.023488590493798256,1783429084.0869684
753100,0.027386503294110298,1783429090.2059832
753200,0.011658741161227226,1783429096.3125892
753300,0.03582221269607544,1783429102.4466934
753400,0.028234317898750305,1783429108.5724766
753500,0.0175495445728302,1783429114.8953424
753600,0.010255148634314537,1783429121.2521348
753700,0.03182607144117355,1783429127.6009905
753800,0.009068680927157402,1783429133.9241042
753900,0.01825668290257454,1783429140.08633
754000,0.03198867291212082,1783429146.5206776
754100,2.2679312229156494,1783429152.5640602
754200,0.011605994775891304,1783429158.8468308
754300,0.026148829609155655,1783429165.465138
754400,0.017760178074240685,1783429171.7047563
754500,0.24013292789459229,1783429177.909406
754600,0.012389073148369789,1783429184.1609526
754700,0.04991648718714714,1783429190.229626
754800,0.20978856086730957,1783429196.6732948
754900,0.03851288929581642,1783429202.6983092
755000,0.029627099633216858,1783429209.0714798
755100,0.03443322703242302,1783429215.3583648
755200,0.014359544031322002,1783429221.8710842
755300,2.4516403675079346,1783429228.2541003
755400,0.033830199390649796,1783429234.5299397
755500,0.027676479890942574,1783429240.8005977
755600,0.012414655648171902,1783429247.2193081
755700,0.050535570830106735,1783429253.4622166
755800,0.019810164347290993,1783429259.9894593
755900,0.014294730499386787,1783429266.1060696
756000,0.011208729818463326,1783429272.2145402
756100,0.10353798419237137,1783429278.8275878
756200,0.1702718734741211,1783429285.1159613
756300,0.011082299053668976,1783429291.3161318
756400,0.02143058367073536,1783429297.538235
756500,0.19961050152778625,1783429304.2826498
756600,0.16164018213748932,1783429310.426555
756700,0.02225320041179657,1783429316.7619917
756800,0.03899276629090309,1783429322.9477217
756900,0.04041515290737152,1783429329.1312716
757000,0.008672589436173439,1783429335.382205
757100,0.011604256927967072,1783429341.8379753
757200,0.7032358646392822,1783429348.243087
757300,0.031240645796060562,1783429354.7439563
757400,0.02172872982919216,1783429360.9226496
757500,0.2896539568901062,1783429367.3418128
757600,0.016483809798955917,1783429373.342683
757700,0.2628021240234375,1783429379.7799034
757800,0.07935360819101334,1783429385.9178543
757900,0.08382293581962585,1783429392.3226366
758000,0.02967529371380806,1783429398.6418178
758100,0.04710306599736214,1783429404.6970193
758200,0.05688616633415222,1783429411.1822536
758300,0.020372670143842697,1783429417.4853847
758400,0.012247983366250992,1783429423.6294303
758500,0.6426891088485718,1783429430.0993462
758600,0.06251366436481476,1783429436.282701
758700,0.10956435650587082,1783429442.72013
758800,0.032855257391929626,1783429449.1092253
758900,0.051176056265830994,1783429455.4926097
759000,0.016411107033491135,1783429461.740282
759100,0.046543560922145844,1783429467.8621132
759200,0.01482958160340786,1783429474.148845
759300,0.011212284676730633,1783429480.4408884
759400,0.04764624685049057,1783429486.6789224
759500,0.021862246096134186,1783429492.8074746
759600,0.009884629398584366,1783429499.0612934
759700,0.03281712904572487,1783429505.2394366
759800,0.010840518400073051,1783429511.5781002
759900,0.02581622824072838,1783429517.8760383
760000,0.02359762415289879,1783429524.1429093
760100,0.032491929829120636,1783429530.444083
760200,0.012359659187495708,1783429536.894389
760300,0.016940295696258545,1783429543.3535755
760400,3.3774282932281494,1783429549.6828756
760500,0.014523426070809364,1783429555.7953854
760600,0.009789964184165001,1783429562.1601264
760700,0.03792982175946236,1783429568.3046045
760800,0.018806323409080505,1783429574.4603279
760900,0.009568167850375175,1783429580.8622024
761000,0.06280025839805603,1783429586.933868
761100,0.011011731810867786,1783429593.0583127
761200,0.030604001134634018,1783429599.288464
761300,0.049703359603881836,1783429605.5518794
761400,0.020013311877846718,1783429611.8356178
761500,0.02042386122047901,1783429617.8547153
761600,0.01548522338271141,1783429624.216705
761700,3.870283842086792,1783429630.489384
761800,0.0370214581489563,1783429636.6109898
761900,0.02047896571457386,1783429642.9652066
762000,0.019037572667002678,1783429649.0709825
762100,0.42987877130508423,1783429655.293137
762200,0.01428203098475933,1783429661.3919969
762300,0.025373391807079315,1783429667.5750926
762400,0.10753307491540909,1783429673.6173522
762500,0.023027261719107628,1783429679.8958323
762600,3.314473867416382,1783429686.431477
762700,4.027004718780518,1783429693.218539
762800,0.024669606238603592,1783429699.5182614
762900,0.04017754644155502,1783429705.8070707
763000,0.02166406624019146,1783429712.119597
763100,0.016527075320482254,1783429718.4725862
763200,0.2163299322128296,1783429724.5432916
763300,0.016687313094735146,1783429730.5846817
763400,0.01920558139681816,1783429736.8482797
763500,0.03691969811916351,1783429743.0070655
763600,0.02101442590355873,1783429749.1108878
763700,0.017004380002617836,1783429755.2142475
763800,0.019440466538071632,1783429761.4558952
763900,0.01458965614438057,1783429767.7125323
764000,0.1352229118347168,1783429773.8819284
764100,4.615200042724609,1783429780.2413986
764200,0.05169898271560669,1783429786.7423131
764300,0.014364542439579964,1783429793.0197217
764400,0.7596944570541382,1783429799.483008
764500,0.017399124801158905,1783429805.5329657
764600,0.053007327020168304,1783429811.9755428
764700,0.013543578796088696,1783429818.2537727
764800,0.02456619217991829,1783429824.5052261
764900,0.018808312714099884,1783429830.7036467
765000,0.02676016464829445,1783429836.904066
765100,0.03577825427055359,1783429843.1412177
765200,0.025091852992773056,1783429849.5313425
765300,0.02540610544383526,1783429855.6390958
765400,0.02455466240644455,1783429861.9445806
765500,0.018777649849653244,1783429867.9684033
765600,0.01267155073583126,1783429874.1890576
765700,0.012678069993853569,1783429880.3670008
765800,0.017466086894273758,1783429886.4038734
765900,0.010148795321583748,1783429892.537875
766000,0.017153430730104446,1783429898.4787054
766100,0.014998123981058598,1783429904.7196393
766200,0.053519077599048615,1783429910.6999273
766300,0.017409848049283028,1783429916.9849746
766400,0.01677989400923252,1783429922.9396265
766500,0.02994919940829277,1783429929.307226
766600,0.018727930262684822,1783429935.4704812
766700,0.02237236127257347,1783429941.4954522
766800,0.018467264249920845,1783429947.684139
766900,0.05697625130414963,1783429953.875318
767000,0.01997704803943634,1783429959.9826589
767100,0.02300064079463482,1783429966.3198671
767200,0.026720579713582993,1783429972.3014295
767300,0.014069723896682262,1783429978.9094992
767400,0.023861970752477646,1783429984.9205093
767500,0.025907710194587708,1783429991.040386
767600,0.014650034718215466,1783429997.1240568
767700,0.012247460894286633,1783430003.2600079
767800,0.02315939962863922,1783430009.1066613
767900,0.01651770994067192,1783430015.0211413
768000,0.03965236619114876,1783430021.2152202
768100,0.011110352352261543,1783430027.4026344
768200,0.016141867265105247,1783430033.4863336
768300,0.00915532372891903,1783430039.6106122
768400,0.018159989267587662,1783430045.5302944
768500,0.028767701238393784,1783430051.827257
768600,0.012477955780923367,1783430058.0056648
768700,0.018356863409280777,1783430064.527634
768800,0.024365708231925964,1783430071.03152
768900,0.028126180171966553,1783430077.4737418
769000,0.015172448009252548,1783430084.3828213
769100,0.020596496760845184,1783430090.7757156
769200,0.012015553191304207,1783430097.1837635
769300,0.016050422564148903,1783430103.7307656
769400,0.03950704634189606,1783430110.4625258
769500,0.01636666990816593,1783430117.1705945
769600,0.012140249833464622,1783430123.8112695
769700,0.012942234054207802,1783430130.1749806
769800,0.026886966079473495,1783430136.4694998
769900,0.08411461114883423,1783430143.317778
770000,0.011295244097709656,1783430149.874451
770100,7.493194580078125,1783430156.3447468
770200,0.012153998017311096,1783430162.7142875
770300,0.012625949457287788,1783430169.1408737
770400,0.020210864022374153,1783430175.6034102
770500,0.18625512719154358,1783430182.3262494
770600,0.015101196244359016,1783430188.9353044
770700,0.018786687403917313,1783430195.0910897
770800,0.06414794921875,1783430201.3677917
770900,0.02980031445622444,1783430207.8133223
771000,0.016241561621427536,1783430213.9857504
771100,0.4712636172771454,1783430220.247932
771200,0.07308885455131531,1783430226.6523178
771300,0.019771207123994827,1783430233.0123668
771400,0.02014012634754181,1783430239.245082
771500,0.014283465221524239,1783430245.4659562
771600,0.014520338736474514,1783430251.704959
771700,0.033729273825883865,1783430258.2314324
771800,0.016381917521357536,1783430264.9903214
771900,0.017375901341438293,1783430271.6356208
772000,0.5407994985580444,1783430278.2621548
772100,0.05701719969511032,1783430284.6762378
772200,0.03016270510852337,1783430291.3591533
772300,1.4465957880020142,1783430297.589182
772400,0.0169660821557045,1783430304.0986204
772500,0.028704974800348282,1783430310.7866323
772600,0.06962518393993378,1783430317.625363
772700,0.6769668459892273,1783430324.4715912
772800,0.014866484329104424,1783430330.8876777
772900,0.018326327204704285,1783430337.6595538
773000,0.015379753895103931,1783430344.128664
773100,0.009152334183454514,1783430350.3801231
773200,0.012116223573684692,1783430356.721298
773300,0.0225546695291996,1783430362.8290918
773400,0.022381499409675598,1783430368.9199524
773500,0.3790747821331024,1783430375.2008655
773600,0.01335003413259983,1783430381.7710147
773700,0.026362188160419464,1783430387.7354834
773800,0.02533956617116928,1783430393.6624775
773900,0.022795144468545914,1783430399.9864075
774000,0.0695166289806366,1783430406.5021808
774100,0.040949031710624695,1783430412.5746698
774200,0.01506576407700777,1783430418.8019536
774300,0.07050476223230362,1783430425.2554576
774400,0.024862974882125854,1783430431.5507486
774500,0.07345012575387955,1783430438.2048783
774600,0.030067069455981255,1783430444.991805
774700,0.06213758885860443,1783430451.5290303
774800,0.011768538504838943,1783430458.3057487
774900,0.026393737643957138,1783430464.8641574
775000,0.017753172665834427,1783430471.2267518
775100,0.02791859582066536,1783430636.2698507
775200,0.07574714720249176,1783430642.3449652
775300,0.6598923206329346,1783430648.5016775
775400,0.03196326270699501,1783430654.7640605
775500,0.02719733864068985,1783430660.9527042
775600,0.025262346491217613,1783430667.0720284
775700,0.016921455040574074,1783430673.4989061
775800,0.018715698271989822,1783430679.6464677
775900,0.025407535955309868,1783430686.042116
776000,0.011912275105714798,1783430692.128916
776100,0.013623900711536407,1783430698.3789349
776200,0.010651370510458946,1783430704.9066188
776300,0.26414549350738525,1783430711.3706803
776400,1.9467387199401855,1783430717.608438
776500,0.03171912208199501,1783430723.6387358
776600,0.018816541880369186,1783430729.8811948
776700,0.019874010235071182,1783430736.0010638
776800,0.029795415699481964,1783430742.1064258
776900,0.037616487592458725,1783430748.3317447
777000,0.01841934584081173,1783430754.4855433
777100,0.008236381225287914,1783430760.7621596
777200,0.02925734780728817,1783430767.1827977
777300,0.03539208322763443,1783430773.0876944
777400,0.02424541860818863,1783430779.0632415
777500,0.020188333466649055,1783430785.332853
777600,0.056980863213539124,1783430791.5411289
777700,0.016969913616776466,1783430797.5910053
777800,0.014826890081167221,1783430803.8116767
777900,0.03161786496639252,1783430809.6879969
778000,0.018405573442578316,1783430815.9040356
778100,0.013248945586383343,1783430822.1680064
778200,0.009234686382114887,1783430828.2109895
778300,0.04621509462594986,1783430834.1198885
778400,0.020806949585676193,1783430840.4125705
778500,0.02581135928630829,1783430846.5929632
778600,0.03212731331586838,1783430852.5971575
778700,0.01621679589152336,1783430858.836682
778800,0.04128451645374298,1783430864.7936864
778900,0.020836517214775085,1783430871.0992994
779000,0.014812538400292397,1783430877.3166285
779100,0.5249338746070862,1783430883.357542
779200,0.014150874689221382,1783430889.4432192
779300,0.015987053513526917,1783430895.5298467
779400,0.042065538465976715,1783430901.9375525
779500,0.019384339451789856,1783430908.092339
779600,0.015032632276415825,1783430914.2503588
779700,0.04532107710838318,1783430920.3978899
779800,0.033131711184978485,1783430926.778502
779900,0.039848897606134415,1783430933.1437829
780000,0.01684877648949623,1783430939.420105
780100,1.0557796955108643,1783430945.4940522
780200,0.08082257211208344,1783430951.4784076
780300,0.010720928199589252,1783430957.9096742
780400,0.01335909403860569,1783430964.3319051
780500,0.017227288335561752,1783430970.5501463
780600,0.08576089143753052,1783430976.5932271
780700,0.019132284447550774,1783430982.8946297
780800,0.011553920805454254,1783430989.435924
780900,0.02076980099081993,1783430995.842861
781000,0.4344029426574707,1783431002.2320366
781100,0.012167919427156448,1783431008.6036868
781200,0.12502625584602356,1783431014.9542732
781300,0.021093590185046196,1783431021.0998054
781400,0.015454959124326706,1783431027.4859722
781500,0.01163413468748331,1783431033.7358105
781600,0.06771574914455414,1783431040.034971
781700,0.008985936641693115,1783431046.2415488
781800,0.011984983459115028,1783431052.4831743
781900,0.020913373678922653,1783431059.0085084
782000,0.11213862895965576,1783431064.932218
782100,0.008172697387635708,1783431071.1576648
782200,0.013970884494483471,1783431077.4999251
782300,0.15477833151817322,1783431083.7964904
782400,4.519728183746338,1783431090.292183
782500,0.026889830827713013,1783431096.7504501
782600,0.023262247443199158,1783431103.0186436
782700,0.018393155187368393,1783431109.459436
782800,0.013702833093702793,1783431116.3012533
782900,0.06370005011558533,1783431122.353256
783000,0.00994591973721981,1783431128.4174645
783100,0.026584621518850327,1783431134.591001
783200,0.01130676083266735,1783431140.8615215
783300,0.04145839065313339,1783431147.322354
783400,0.011648688465356827,1783431153.2426717
783500,0.07755056023597717,1783431159.2504115
783600,0.0124690942466259,1783431165.2311225
783700,0.015578772872686386,1783431171.4749584
783800,0.02142876386642456,1783431177.5522714
783900,0.2082758992910385,1783431183.7023928
784000,0.024624094367027283,1783431190.158589
784100,0.02020830288529396,1783431196.2406228
784200,0.011884377337992191,1783431202.2041135
784300,0.018132545053958893,1783431208.2679062
784400,0.018650956451892853,1783431214.5098503
784500,0.020159892737865448,1783431220.6681485
784600,0.014448117464780807,1783431226.773337
784700,0.01733190380036831,1783431232.9581742
784800,0.26507630944252014,1783431239.169779
784900,0.025509662926197052,1783431245.4743612
785000,0.7917638421058655,1783431251.7742164
785100,0.013697574846446514,1783431258.1058688
785200,0.05739156901836395,1783431264.40155
785300,0.3501080274581909,1783431270.656093
785400,0.01101698074489832,1783431277.0460918
785500,0.010280201211571693,1783431283.1591518
785600,0.019378315657377243,1783431289.5033598
785700,0.07625684142112732,1783431295.7450347
785800,0.022668827325105667,1783431301.7823746
785900,0.04947324097156525,1783431308.023017
786000,0.02489197440445423,1783431314.2047665
786100,0.021114271134138107,1783431320.5062969
786200,0.025050215423107147,1783431326.7732518
786300,0.41105929017066956,1783431332.9510229
786400,0.017536545172333717,1783431339.0966766
786500,0.027558986097574234,1783431345.2333837
786600,0.030349763110280037,1783431351.2862933
786700,0.025557775050401688,1783431357.4545023
786800,0.036278869956731796,1783431363.6870236
786900,0.44773033261299133,1783431369.9615498
787000,0.05516383796930313,1783431376.2328913
787100,0.47669661045074463,1783431382.4562333
787200,0.01415261346846819,1783431388.569299
787300,0.01817730814218521,1783431394.7128494
787400,0.029037266969680786,1783431400.7859836
787500,0.025792397558689117,1783431406.7532399
787600,0.07972723990678787,1783431413.4747562
787700,0.1103537529706955,1783431419.6535277
787800,0.024347838014364243,1783431425.841765
787900,0.012931611388921738,1783431431.8635798
788000,0.012523850426077843,1783431438.154128
788100,0.01902477629482746,1783431444.434784
788200,2.3467414379119873,1783431450.659943
788300,0.033099882304668427,1783431457.1505282
788400,0.014363279566168785,1783431463.134577
788500,0.012652929872274399,1783431469.370765
788600,0.01302076131105423,1783431475.481293
788700,0.01190576795488596,1783431481.683934
788800,0.01645662821829319,1783431487.7934897
788900,0.015928946435451508,1783431494.136072
789000,0.016447676345705986,1783431500.1747851
789100,0.30210262537002563,1783431506.420678
789200,0.0342937596142292,1783431512.8123333
789300,0.01747005805373192,1783431518.94674
789400,0.011663230136036873,1783431525.1923213
789500,0.030602170154452324,1783431531.347996
789600,0.012743617407977581,1783431537.5283008
789700,0.11849498003721237,1783431543.8998306
789800,0.034839220345020294,1783431550.072659
789900,0.05654148384928703,1783431556.182254
790000,0.030075598508119583,1783431562.319994
790100,0.01734997145831585,1783431568.427021
790200,0.08917210251092911,1783431574.8476398
790300,0.03281472623348236,1783431581.0809433
790400,0.012848438695073128,1783431587.4355547
790500,0.05660204589366913,1783431593.603831
790600,0.013444527983665466,1783431599.5974333
790700,0.008824152871966362,1783431605.8425205
790800,0.012099257670342922,1783431611.8413694
790900,0.018891077488660812,1783431618.224291
791000,5.843867301940918,1783431624.4470198
791100,0.0104929618537426,1783431630.768872
791200,0.009530190378427505,1783431637.0758953
791300,0.010432450100779533,1783431643.2192643
791400,0.08607199788093567,1783431649.1126904
791500,0.01911718025803566,1783431655.2817733
791600,0.051964372396469116,1783431661.5838685
791700,0.0133441723883152,1783431667.6417844
791800,0.017411980777978897,1783431673.9198565
791900,0.01035565696656704,1783431680.0605364
792000,0.01599295437335968,1783431685.9897993
792100,0.0219416581094265,1783431692.2326167
792200,0.011691462248563766,1783431698.2926707
792300,0.03263358026742935,1783431704.4340491
792400,0.01676125079393387,1783431710.8082635
792500,0.027629919350147247,1783431716.9021711
792600,0.049021970480680466,1783431723.22541
792700,0.26489096879959106,1783431729.2995665
792800,0.015441376715898514,1783431735.5512137
792900,0.015014397911727428,1783431741.5207493
793000,0.00849286001175642,1783431747.5996952
793100,0.04084193706512451,1783431753.7764165
793200,0.016412800177931786,1783431760.0283148
793300,0.042512618005275726,1783431766.1155727
793400,0.012626459822058678,1783431772.4997592
793500,0.018667425960302353,1783431778.58512
793600,0.009914238005876541,1783431784.9145088
793700,0.025516504421830177,1783431791.0780327
793800,0.010087029077112675,1783431797.257518
793900,0.01264539547264576,1783431803.6627169
794000,0.0440596304833889,1783431810.1505651
794100,0.09000740945339203,1783431816.5814707
794200,0.01561678759753704,1783431822.6314752
794300,0.032362066209316254,1783431828.8149223
794400,0.021234044805169106,1783431835.1610258
794500,0.016426946967840195,1783431841.2800364
794600,0.23540177941322327,1783431847.5973349
794700,0.08824439346790314,1783431853.8515215
794800,0.18841536343097687,1783431859.9672513
794900,0.013724233955144882,1783431866.411302
795000,0.017105400562286377,1783431872.6925585
795100,0.042893584817647934,1783431878.8347087
795200,0.14564202725887299,1783431885.0520346
795300,0.024307388812303543,1783431891.1994867
795400,0.016904063522815704,1783431897.4608808
795500,0.016467411071062088,1783431903.9356744
795600,0.01673520915210247,1783431910.2578542
795700,0.035222943872213364,1783431916.269049
795800,0.02380000799894333,1783431922.3747077
795900,0.016219569370150566,1783431928.5941455
796000,2.1193323135375977,1783431934.7187114
796100,0.05160108208656311,1783431940.9747336
796200,7.288173675537109,1783431947.1950424
796300,0.016611207276582718,1783431953.3467286
796400,0.08964841812849045,1783431959.808308
796500,0.023065097630023956,1783431966.019243
796600,0.03416939824819565,1783431972.3928301
796700,0.021624315530061722,1783431978.691932
796800,0.016751626506447792,1783431984.8094878
796900,0.011984778568148613,1783431991.198611
797000,0.0335858128964901,1783431997.5342724
797100,0.015502945519983768,1783432003.9597917
797200,0.027564235031604767,1783432010.3183196
797300,0.027920251712203026,1783432016.7788618
797400,0.010907563380897045,1783432022.8437119
797500,0.020810695365071297,1783432028.9194453
797600,0.016057796776294708,1783432035.3583112
797700,0.15688344836235046,1783432041.344204
797800,0.02725459821522236,1783432047.7555304
797900,0.026346389204263687,1783432053.8080254
798000,0.022143524140119553,1783432060.0084763
798100,0.027591679245233536,1783432066.2138247
798200,0.010390091687440872,1783432072.2978683
798300,0.023238644003868103,1783432078.5302777
798400,0.012978902086615562,1783432084.6292968
798500,0.02700982242822647,1783432090.8786936
798600,0.0183881726115942,1783432097.1826942
798700,0.017768409103155136,1783432103.267376
798800,0.009499585255980492,1783432109.543933
798900,4.022956371307373,1783432115.891905
799000,0.8123891949653625,1783432122.1819987
799100,0.02253161370754242,1783432128.594108
799200,5.3156819343566895,1783432134.8192601
799300,0.013452783226966858,1783432141.1248882
799400,0.023169029504060745,1783432147.2117732
799500,0.024190861731767654,1783432153.6431427
799600,0.011383729055523872,1783432159.9379892
799700,0.038729697465896606,1783432166.431324
799800,6.00033712387085,1783432172.5170455
799900,0.019900744780898094,1783432179.043936
800000,0.009141935035586357,1783432185.1923158
800100,0.02519119903445244,1783432350.888623
800200,0.011574958451092243,1783432357.2207696
800300,0.07162993401288986,1783432363.4034507
800400,0.018538780510425568,1783432369.4606843
800500,0.036577485501766205,1783432375.547214
800600,0.013816334307193756,1783432381.8762345
800700,0.03012041747570038,1783432387.9917126
800800,0.10380133986473083,1783432394.2162812
800900,0.022845236584544182,1783432400.6021311
801000,0.08856770396232605,1783432406.9143062
801100,0.021656252443790436,1783432413.0527
801200,0.010855278000235558,1783432419.2299964
801300,0.016809511929750443,1783432425.3951077
801400,0.010393788106739521,1783432431.581179
801500,0.01119321584701538,1783432437.8422914
801600,0.019832395017147064,1783432443.9897978
801700,0.020546691492199898,1783432450.2724395
801800,0.01989726349711418,1783432456.4624283
801900,0.01090441644191742,1783432462.8665662
802000,0.04867542162537575,1783432469.092801
802100,0.010156618431210518,1783432475.347423
802200,0.010713850148022175,1783432481.5306344
802300,0.01409042626619339,1783432487.6507676
802400,0.011819006875157356,1783432494.0450354
802500,0.016401631757616997,1783432500.347741
802600,0.023235848173499107,1783432506.378804
802700,0.0355166494846344,1783432512.6024468
802800,0.45996254682540894,1783432518.8384807
802900,7.641732215881348,1783432525.2824
803000,0.010168606415390968,1783432531.4440145
803100,0.01324455812573433,1783432537.824523
803200,0.03674224391579628,1783432544.2973123
803300,0.014288375154137611,1783432550.7523108
803400,0.023524463176727295,1783432556.8825214
803500,0.014342891052365303,1783432563.3419082
803600,0.01806766353547573,1783432569.7911992
803700,0.14212587475776672,1783432576.2490547
803800,0.01623234525322914,1783432582.6147225
803900,0.025336995720863342,1783432589.001746
804000,0.035445939749479294,1783432595.133164
804100,0.01175734307616949,1783432601.2199132
804200,0.012549558654427528,1783432607.5195947
804300,0.02914445288479328,1783432613.9983294
804400,0.019692102447152138,1783432620.288189
804500,0.007370772771537304,1783432626.6183474
804600,0.012387270107865334,1783432632.8095634
804700,0.011019015684723854,1783432639.165147
804800,0.040581487119197845,1783432645.7126558
804900,0.014701326377689838,1783432651.9300067
805000,0.03418462350964546,1783432658.3872294
805100,0.016592837870121002,1783432664.4760108
805200,0.01643490046262741,1783432670.557854
805300,0.2407405525445938,1783432676.767083
805400,0.008491428568959236,1783432682.9795341
805500,0.017395317554473877,1783432689.3096836
805600,0.016677122563123703,1783432695.955852
805700,0.013823332265019417,1783432701.6433964
805800,0.015651945024728775,1783432707.5155733
805900,0.017464039847254753,1783432713.4283757
806000,0.01737840101122856,1783432719.1952538
806100,0.02129722200334072,1783432724.9295177
806200,1.2218811511993408,1783432731.1480303
806300,0.024368377402424812,1783432737.215234
806400,0.012553011067211628,1783432743.3844128
806500,0.01010025292634964,1783432749.637713
806600,0.05785903334617615,1783432755.7605934
806700,0.25184860825538635,1783432762.0130482
806800,0.23246106505393982,1783432768.1575675
806900,0.011446289718151093,1783432774.4798183
807000,0.08716873079538345,1783432780.507161
807100,0.012716079130768776,1783432786.6395862
807200,0.20585927367210388,1783432793.0486677
807300,0.05738864839076996,1783432799.0746408
807400,0.16932132840156555,1783432805.3082926
807500,0.049196965992450714,1783432811.4667118
807600,0.037229984998703,1783432817.87359
807700,0.027263667434453964,1783432823.976553
807800,0.022884955629706383,1783432830.0914106
807900,0.00830022431910038,1783432836.07749
808000,0.013784958980977535,1783432842.3975842
808100,0.06806834787130356,1783432848.4118075
808200,0.00960483681410551,1783432854.8035843
808300,0.01385989598929882,1783432861.127848
808400,0.017695732414722443,1783432867.4142938
808500,0.017987437546253204,1783432873.6073363
808600,0.012608605436980724,1783432879.727531
808700,0.013965729624032974,1783432886.194069
808800,0.03379456698894501,1783432892.4149387
808900,0.01384105533361435,1783432898.6203744
809000,0.08172298222780228,1783432905.1358123
809100,0.023069558665156364,1783432911.4019325
809200,0.026049645617604256,1783432917.8608108
809300,0.010686845518648624,1783432924.1300879
809400,0.017411932349205017,1783432930.1321216
809500,0.01741952821612358,1783432936.5276904
809600,0.06397585570812225,1783432942.9023478
809700,0.03797717019915581,1783432949.1231017
809800,0.01847868412733078,1783432955.6446424
809900,0.03972841054201126,1783432961.8835466
810000,0.035191163420677185,1783432968.0849895
810100,0.07623746991157532,1783432974.35259
810200,0.015446750447154045,1783432980.5850096
810300,0.012270716950297356,1783432986.642521
810400,0.051564425230026245,1783432992.8952177
810500,0.010397015139460564,1783432999.119336
810600,0.024436362087726593,1783433005.1742983
810700,0.015284573659300804,1783433011.6688228
810800,0.12090755999088287,1783433017.7439148
810900,0.021792814135551453,1783433024.2455235
811000,0.013737483881413937,1783433030.329193
811100,0.08518875390291214,1783433036.7430367
811200,0.4427250921726227,1783433043.135166
811300,0.012548564933240414,1783433049.4812207
811400,0.016688726842403412,1783433055.928909
811500,0.019077979028224945,1783433062.121803
811600,0.012474451214075089,1783433068.8479552
811700,0.012249543331563473,1783433075.002075
811800,0.024263862520456314,1783433081.2442865
811900,7.314603805541992,1783433087.3129494
812000,0.023886747658252716,1783433093.3818893
812100,0.024426111951470375,1783433100.0040202
812200,0.026720430701971054,1783433106.028489
812300,0.01698903739452362,1783433112.2597227
812400,0.017302360385656357,1783433118.6051602
812500,0.022038590162992477,1783433124.5893095
812600,0.01507488265633583,1783433131.2370765
812700,0.012386864051222801,1783433137.5291188
812800,0.01875629462301731,1783433143.8894227
812900,0.015914281830191612,1783433150.0831778
813000,0.04681507870554924,1783433156.362746
813100,0.008286820724606514,1783433162.7167568
813200,0.016306372359395027,1783433168.9490416
813300,0.008057398721575737,1783433175.1256888
813400,0.012119372375309467,1783433181.2417836
813500,0.020523928105831146,1783433187.4303527
813600,0.008790765888988972,1783433193.5291502
813700,0.02124892920255661,1783433199.5686958
813800,0.008673589676618576,1783433205.8814929
813900,0.013334264047443867,1783433212.1930158
814000,0.03408273309469223,1783433218.6987538
814100,0.01694548688828945,1783433225.289373
814200,0.01659766398370266,1783433231.6387167
814300,0.024809692054986954,1783433237.6106572
814400,0.028809860348701477,1783433243.6944163
814500,0.012692680582404137,1783433249.7253158
814600,0.027759863063693047,1783433255.9947665
814700,0.016858156770467758,1783433262.3813305
814800,0.010442477650940418,1783433268.5418942
814900,0.006551860366016626,1783433274.8697476
815000,0.028348324820399284,1783433281.3301902
815100,0.026767294853925705,1783433287.669583
815200,0.03408162295818329,1783433293.8690653
815300,0.010919611901044846,1783433299.988634
815400,0.01919393800199032,1783433306.2570019
815500,0.03280395269393921,1783433312.871772
815600,0.010628948919475079,1783433318.8703253
815700,0.014167681336402893,1783433325.290183
815800,0.024271685630083084,1783433331.255772
815900,0.01414505485445261,1783433337.6433485
816000,0.02732079103589058,1783433343.7568367
816100,0.019013669341802597,1783433350.3233976
816200,0.008002237416803837,1783433356.6011016
816300,0.009632483124732971,1783433362.8911295
816400,0.014499032869935036,1783433369.1340306
816500,0.010967090725898743,1783433375.19323
816600,7.950089454650879,1783433381.6420805
816700,0.015713661909103394,1783433387.8183331
816800,0.016561727970838547,1783433394.1371703
816900,0.014126356691122055,1783433400.5980825
817000,0.018296245485544205,1783433406.843383
817100,0.017320116981863976,1783433413.0458326
817200,0.037504374980926514,1783433419.1640656
817300,0.020681917667388916,1783433425.3293235
817400,0.011119134724140167,1783433431.4652357
817500,0.016150033101439476,1783433437.6596556
817600,0.14172358810901642,1783433443.8289068
817700,0.07313445210456848,1783433449.8544786
817800,0.021090898662805557,1783433456.1443746
817900,0.02328384853899479,1783433462.4192932
818000,0.035283684730529785,1783433468.625185
818100,0.011561457067728043,1783433474.8059566
818200,0.028645558282732964,1783433481.0730898
818300,0.026128612458705902,1783433487.4383059
818400,0.023913374170660973,1783433493.8471708
818500,0.01285253930836916,1783433500.14428
818600,0.014536070637404919,1783433506.7442634
818700,0.015807265415787697,1783433512.8907151
818800,0.03603740781545639,1783433519.1737318
818900,0.04395836591720581,1783433525.2069893
819000,0.011654011905193329,1783433531.7138448
819100,0.010189887136220932,1783433537.89755
819200,0.014789223670959473,1783433544.0209723
819300,0.010569934733211994,1783433550.265169
819400,0.01356435101479292,1783433556.759064
819500,0.05220726877450943,1783433563.0448222
819600,0.0225419532507658,1783433569.549457
819700,0.027965448796749115,1783433575.832876
819800,0.03188851848244667,1783433582.3522058
819900,0.01112225279211998,1783433588.917593
820000,0.015876134857535362,1783433595.4722226
820100,0.006358334328979254,1783433601.6226482
820200,0.03878994658589363,1783433607.9163387
820300,0.010781041346490383,1783433614.1327653
820400,0.010062862187623978,1783433620.524154
820500,0.013476384803652763,1783433627.253913
820600,0.017440032213926315,1783433633.4842942
820700,0.06799647212028503,1783433639.9924679
820800,0.4431709349155426,1783433646.4936142
820900,0.006217631511390209,1783433652.8290608
821000,0.044006071984767914,1783433658.9153593
821100,0.014572837390005589,1783433665.4625812
821200,0.007439947687089443,1783433671.6982017
821300,0.007565194740891457,1783433678.1557326
821400,0.020937371999025345,1783433684.294794
821500,0.014240613207221031,1783433690.7917025
821600,0.00908934511244297,1783433697.1631346
821700,0.018381211906671524,1783433703.4991753
821800,0.01239777635782957,1783433709.9261355
821900,0.0217976663261652,1783433716.3318274
822000,0.016794051975011826,1783433722.4932606
822100,0.014062546193599701,1783433728.7204564
822200,0.03214506804943085,1783433734.9768965
822300,0.015002700500190258,1783433741.080123
822400,0.5074077248573303,1783433747.6129198
822500,0.014784191735088825,1783433753.681995
822600,0.12728440761566162,1783433760.0871055
822700,0.020961618050932884,1783433766.3530824
822800,0.017000263556838036,1783433772.5302348
822900,0.02041735127568245,1783433778.8668847
823000,0.031287238001823425,1783433785.1152902
823100,0.040125031024217606,1783433791.600912
823200,0.013612409122288227,1783433797.877325
823300,0.008477035909891129,1783433804.4165876
823400,0.01628468930721283,1783433810.704924
823500,0.008689362555742264,1783433816.8530545
823600,0.015109056606888771,1783433823.130941
823700,0.007655434310436249,1783433829.256026
823800,0.013590140268206596,1783433835.7519293
823900,0.013932546600699425,1783433842.287096
824000,0.016880929470062256,1783433848.520447
824100,0.014934434555470943,1783433854.7381012
824200,0.9109444618225098,1783433861.2685823
824300,0.045770298689603806,1783433867.503603
824400,0.012609349563717842,1783433873.995196
824500,0.06256558001041412,1783433880.4106526
824600,0.0468442440032959,1783433886.799564
824700,0.025503411889076233,1783433892.980437
824800,0.013915663585066795,1783433899.4059253
824900,2.2700226306915283,1783433905.8052278
825000,0.25350287556648254,1783433911.9282227
825100,0.018759936094284058,1783434098.909284
825200,0.012508053332567215,1783434104.9315538
825300,0.047758784145116806,1783434110.9716678
825400,0.013981134630739689,1783434117.0464435
825500,0.05900367349386215,1783434123.0820081
825600,0.006871064193546772,1783434129.2663412
825700,0.028598416596651077,1783434135.4404235
825800,0.016825076192617416,1783434141.8312573
825900,0.013357248157262802,1783434148.216566
826000,0.11037424951791763,1783434154.2941766
826100,0.014860008843243122,1783434160.4844396
826200,0.010710718110203743,1783434166.778741
826300,0.41417014598846436,1783434172.9298391
826400,0.02730189636349678,1783434179.224074
826500,0.01666896604001522,1783434185.6750689
826600,0.019705582410097122,1783434192.2330391
826700,0.01646173559129238,1783434198.3950672
826800,0.08657924830913544,1783434204.6003194
826900,0.012018333189189434,1783434210.7311769
827000,0.008668571710586548,1783434216.9659417
827100,0.009665561839938164,1783434223.2141786
827200,0.8331926465034485,1783434229.5194685
827300,1.8915637731552124,1783434235.9382873
827400,0.01112711988389492,1783434242.3122659
827500,0.00925479456782341,1783434248.717163
827600,0.01858849823474884,1783434254.9195578
827700,0.017933527007699013,1783434261.0268438
827800,0.06737535446882248,1783434267.312179
827900,0.022067340090870857,1783434273.538816
828000,0.013369224965572357,1783434279.7082248
828100,0.8572834730148315,1783434285.9520433
828200,0.010815741494297981,1783434292.090649
828300,0.009798221290111542,1783434298.4715683
828400,0.012389610521495342,1783434304.6440945
828500,0.01334373839199543,1783434310.837702
828600,0.02675442025065422,1783434316.8965917
828700,0.01651124283671379,1783434323.16265
828800,0.020490514114499092,1783434329.4085882
828900,0.03891509026288986,1783434335.9661398
829000,0.10916996747255325,1783434342.0713375
829100,0.03350529819726944,1783434348.4311452
829200,0.0183144249022007,1783434354.7197497
829300,0.023390889167785645,1783434360.927199
829400,0.02301662229001522,1783434367.0422451
829500,0.017668625339865685,1783434373.1196833
829600,0.0217508003115654,1783434379.3202794
829700,0.07675668597221375,1783434385.4672518
829800,0.023919448256492615,1783434391.6005943
829900,0.008500178344547749,1783434397.812264
830000,0.008875710889697075,1783434403.939438
830100,0.2714332342147827,1783434410.3322246
830200,0.011675424873828888,1783434416.6705873
830300,0.015821712091565132,1783434423.1182141
830400,0.016980580985546112,1783434429.3179817
830500,0.013168729841709137,1783434435.3455222
830600,9.447759628295898,1783434441.468277
830700,0.021005619317293167,1783434447.5956557
830800,0.030108779668807983,1783434454.3144908
830900,0.020601892843842506,1783434460.5745406
831000,0.013015896081924438,1783434466.6579032
831100,0.016198132187128067,1783434472.8976014
831200,0.18313199281692505,1783434479.0162497
831300,0.03281739726662636,1783434485.5176764
831400,0.012684417888522148,1783434491.6635036
831500,0.0697663277387619,1783434497.8644357
831600,0.01898655667901039,1783434504.1357307
831700,0.012829514220356941,1783434510.8381364
831800,0.01687576249241829,1783434517.084289
831900,0.020001694560050964,1783434523.567077
832000,0.1346568763256073,1783434530.1371841
832100,0.01642770506441593,1783434536.4189813
832200,0.012616084888577461,1783434542.8126528
832300,0.012476461008191109,1783434549.0286071
832400,0.013730375096201897,1783434555.30125
832500,0.009922484867274761,1783434561.4314983
832600,0.0418156236410141,1783434567.719219
832700,0.013136230409145355,1783434573.9303324
832800,0.03671101853251457,1783434580.288959
832900,0.008735591545701027,1783434586.6787088
833000,0.030763810500502586,1783434592.9331117
833100,0.011234467849135399,1783434599.015237
833200,0.012369243428111076,1783434605.1150918
833300,0.0087905777618289,1783434611.2027392
833400,0.018142353743314743,1783434617.5490131
833500,0.022739235311746597,1783434623.774464
833600,0.02164473757147789,1783434630.1783035
833700,0.013339435681700706,1783434636.381986
833800,0.05432400107383728,1783434642.5438905
833900,0.011847068555653095,1783434648.943823
834000,0.6708630919456482,1783434655.222646
834100,0.0590289831161499,1783434661.3776226
834200,0.00987919606268406,1783434667.5699437
834300,0.06910178065299988,1783434673.7855299
834400,0.016324590891599655,1783434680.0086408
834500,0.016082126647233963,1783434686.061116
834600,0.04629582539200783,1783434692.194324
834700,0.012595456093549728,1783434698.4380665
834800,0.01422555185854435,1783434704.767808
834900,0.012926273979246616,1783434710.8888202
835000,0.03202337026596069,1783434717.0734658
835100,0.03650793433189392,1783434723.134081
835200,0.02380874939262867,1783434729.4006596
835300,0.007739478722214699,1783434735.438375
835400,0.0201890729367733,1783434741.6399343
835500,0.13669754564762115,1783434747.947819
835600,0.03250519558787346,1783434754.022858
835700,0.10748229920864105,1783434760.1676095
835800,0.015214383602142334,1783434766.3830595
835900,0.0202350877225399,1783434772.5350902
836000,0.026201285421848297,1783434778.5666842
836100,0.033533550798892975,1783434784.8504481
836200,0.008867229335010052,1783434791.1291661
836300,0.01073453202843666,1783434797.260464
836400,0.13353270292282104,1783434803.7114022
836500,0.021588770672678947,1783434809.9651048
836600,0.036390140652656555,1783434816.3513784
836700,0.00999436154961586,1783434822.6677952
836800,0.2685670554637909,1783434828.8370376
836900,0.01927722617983818,1783434835.4158514
837000,0.04814384877681732,1783434841.828734
837100,0.8426823616027832,1783434848.1444623
837200,0.014766883105039597,1783434854.428432
837300,0.04361747205257416,1783434860.7527466
837400,0.013893300667405128,1783434866.8872607
837500,0.013460757210850716,1783434873.217399
837600,0.007972569204866886,1783434879.4992735
837700,0.022176532074809074,1783434885.7982848
837800,0.16525566577911377,1783434891.9671874
837900,0.007527566514909267,1783434898.1705132
838000,0.01950398087501526,1783434904.4533951
838100,0.01693522371351719,1783434910.9685462
838200,0.02080218866467476,1783434917.2598221
838300,0.00997202005237341,1783434923.7450826
838400,0.01927598938345909,1783434930.118744
838500,0.10688038170337677,1783434936.64395
838600,0.01466991938650608,1783434943.044372
838700,0.021847102791070938,1783434949.4449522
838800,0.08340290188789368,1783434955.8809605
838900,0.01586006209254265,1783434962.3786852
839000,0.009385236538946629,1783434968.3959062
839100,0.03961604833602905,1783434974.6730204
839200,0.019581768661737442,1783434981.0020173
839300,0.008306390605866909,1783434987.5750108
839400,0.02795984223484993,1783434994.2804484
839500,0.02651112712919712,1783435000.4954946
839600,0.013622592203319073,1783435006.7666528
839700,0.013086852617561817,1783435013.4044132
839800,0.020400140434503555,1783435019.5346317
839900,0.025338325649499893,1783435025.8111224
840000,0.04466317594051361,1783435032.025912
840100,0.0562148243188858,1783435038.3789785
840200,0.015409211628139019,1783435044.8701298
840300,0.010463785380125046,1783435051.257459
840400,0.010845709592103958,1783435057.5701747
840500,0.1554158627986908,1783435063.9529922
840600,0.47479215264320374,1783435070.0711675
840700,0.02091267891228199,1783435076.3164387
840800,0.008624193258583546,1783435082.727456
840900,0.03399299457669258,1783435089.1290083
841000,0.014658117666840553,1783435095.3855538
841100,0.5146017074584961,1783435101.6281724
841200,0.1484697312116623,1783435107.931899
841300,0.010166211053729057,1783435114.4931521
841400,0.033584631979465485,1783435120.6991744
841500,0.020547376945614815,1783435126.919961
841600,0.048978447914123535,1783435133.1754982
841700,0.0126664899289608,1783435139.6831107
841800,0.013530286028981209,1783435145.8262875
841900,0.015811678022146225,1783435152.5481498
842000,0.013132866472005844,1783435159.0625424
842100,0.04453632980585098,1783435165.420304
842200,0.023962276056408882,1783435171.5958905
842300,0.009340314194560051,1783435178.1294513
842400,0.012096868827939034,1783435184.3180215
842500,0.01699862629175186,1783435190.497791
842600,0.39547067880630493,1783435196.8249192
842700,0.006838073022663593,1783435203.268916
842800,0.011846810579299927,1783435209.4862573
842900,0.1655547022819519,1783435215.67654
843000,0.010601005516946316,1783435222.115874
843100,0.009072132408618927,1783435228.7478137
843200,0.011894229799509048,1783435235.1305695
843300,0.04605560749769211,1783435241.3179235
843400,0.028916940093040466,1783435247.519293
843500,0.025195946916937828,1783435253.7590961
843600,5.13004207611084,1783435259.942828
843700,0.016395829617977142,1783435266.1260214
843800,0.012484492734074593,1783435272.4638236
843900,0.01778550073504448,1783435278.7126393
844000,0.01585785299539566,1783435285.512241
844100,0.025788564234972,1783435291.8874052
844200,0.030509989708662033,1783435298.016665
844300,0.014369569718837738,1783435304.2922997
844400,0.018295466899871826,1783435310.34041
844500,0.031336281448602676,1783435316.5765836
844600,0.704710841178894,1783435322.8889854
844700,0.01416847575455904,1783435329.1491852
844800,0.010554805397987366,1783435335.4310994
844900,0.01369327399879694,1783435341.703751
845000,0.012513978406786919,1783435348.0983632
845100,0.008705347776412964,1783435354.411326
845200,0.01799611561000347,1783435360.6861112
845300,0.008949062786996365,1783435367.0143988
845400,0.007825123146176338,1783435373.3494403
845500,0.00638173334300518,1783435379.463744
845600,1.3266056776046753,1783435385.674551
845700,1.5708450078964233,1783435392.0897188
845800,0.010113956406712532,1783435398.163636
845900,0.010898040607571602,1783435404.3803308
846000,0.014381011947989464,1783435410.4390755
846100,0.07082820683717728,1783435416.5354304
846200,0.014527741819620132,1783435422.7836194
846300,0.013445374555885792,1783435428.8653872
846400,0.02048165164887905,1783435435.160542
846500,0.013566793873906136,1783435441.4877555
846600,0.21219243109226227,1783435447.5150309
846700,0.013201937079429626,1783435453.7349494
846800,0.014686321839690208,1783435459.9928288
846900,9.410185813903809,1783435466.0796976
847000,0.02794673480093479,1783435472.3274243
847100,0.015445689670741558,1783435478.80652
847200,0.02421020157635212,1783435485.084505
847300,0.05963748320937157,1783435491.2511694
847400,0.01861514523625374,1783435497.607767
847500,0.0476035550236702,1783435503.7481256
847600,0.024855617433786392,1783435510.1893132
847700,0.08037491142749786,1783435516.52999
847800,0.025362204760313034,1783435522.975835
847900,0.013884756714105606,1783435529.1238575
848000,0.37430262565612793,1783435535.3613613
848100,0.217460498213768,1783435541.9133935
848200,0.008639045059680939,1783435548.4611278
848300,0.04358541965484619,1783435554.8275802
848400,0.011135250329971313,1783435561.0736384
848500,0.02976902946829796,1783435567.525903
848600,0.024567674845457077,1783435573.7395515
848700,0.008272580802440643,1783435580.0366645
848800,0.02549455314874649,1783435586.2912292
848900,0.022512618452310562,1783435592.6205893
849000,0.02498616836965084,1783435598.9450986
849100,0.026880301535129547,1783435605.3648758
849200,0.029081879183650017,1783435611.8514442
849300,0.0221572145819664,1783435618.3345401
849400,0.021736305207014084,1783435624.5205786
849500,0.5263156294822693,1783435630.7470276
849600,0.02430265210568905,1783435637.3251855
849700,0.08936460316181183,1783435643.5471234
849800,0.01604611426591873,1783435650.112349
849900,0.013559261336922646,1783435656.2943134
850000,0.020510245114564896,1783435662.6280148
850100,0.015604949556291103,1783435832.578349
850200,0.007274552248418331,1783435839.0372827
850300,0.04957340285181999,1783435845.2865605
850400,0.018624823540449142,1783435851.7764683
850500,0.01793016493320465,1783435858.1057897
850600,0.022585012018680573,1783435864.3166966
850700,0.03365328162908554,1783435870.4368293
850800,8.113195419311523,1783435876.8917577
850900,0.009460505098104477,1783435883.2998385
851000,0.016462404280900955,1783435889.678254
851100,0.02003125473856926,1783435896.1310298
851200,0.012224014848470688,1783435902.575277
851300,0.014645226299762726,1783435908.9183989
851400,0.0085762245580554,1783435915.0751927
851500,0.07990027964115143,1783435921.543138
851600,0.021065030246973038,1783435927.9651911
851700,0.014660621993243694,1783435934.331533
851800,2.1313517093658447,1783435940.5999305
851900,0.007461789529770613,1783435946.7981143
852000,5.0837178230285645,1783435953.0559845
852100,0.014919021166861057,1783435959.241658
852200,0.009776348248124123,1783435965.5050538
852300,0.017282523214817047,1783435971.65194
852400,0.012883231975138187,1783435978.0029418
852500,0.02586609683930874,1783435984.3544166
852600,0.016283370554447174,1783435990.564057
852700,1.529091238975525,1783435997.0089417
852800,0.036337029188871384,1783436003.167098
852900,0.01467113383114338,1783436009.5627327
853000,0.011572140268981457,1783436015.738897
853100,0.012629682198166847,1783436022.200389
853200,0.27936702966690063,1783436028.6453056
853300,0.019379284232854843,1783436034.944698
853400,0.022493436932563782,1783436041.1354647
853500,0.011717508547008038,1783436047.5572457
853600,0.008019231259822845,1783436053.8323143
853700,0.006781153380870819,1783436060.1531177
853800,0.012618759647011757,1783436066.7056117
853900,0.03637739270925522,1783436072.9602406
854000,0.0206825602799654,1783436079.4280415
854100,0.03127600625157356,1783436085.4638379
854200,0.00673644058406353,1783436091.4765494
854300,0.015261874534189701,1783436097.8487742
854400,0.47672298550605774,1783436104.0595121
854500,0.07034557312726974,1783436110.1225224
854600,0.04261048138141632,1783436116.4587286
854700,0.05348625406622887,1783436122.6396809
854800,0.0147890355437994,1783436128.6848078
854900,0.016403183341026306,1783436134.8721664
855000,0.046501778066158295,1783436140.948399
855100,0.02200821414589882,1783436147.11624
855200,0.019796011969447136,1783436153.3328495
855300,0.021761823445558548,1783436159.4558725
855400,0.03162889927625656,1783436165.6360364
855500,0.018303310498595238,1783436171.898826
855600,0.018115339800715446,1783436178.33436
855700,0.035634759813547134,1783436184.496734
855800,0.04184596985578537,1783436190.7687564
855900,0.031044920906424522,1783436197.1458461
856000,0.10486926138401031,1783436203.3716607
856100,0.009236971847712994,1783436209.461927
856200,0.2840516269207001,1783436215.4518332
856300,0.01825975999236107,1783436221.9807768
856400,0.033810101449489594,1783436228.466485
856500,0.00833138544112444,1783436234.7027617
856600,0.07573380321264267,1783436240.8627815
856700,0.010300581343472004,1783436247.4878688
856800,0.01812782697379589,1783436253.873872
856900,0.023972781375050545,1783436260.1368103
857000,0.17721956968307495,1783436266.46215
857100,0.02927003800868988,1783436272.6271665
857200,0.009720663540065289,1783436279.2963495
857300,0.01502006221562624,1783436285.5304735
857400,0.04053324833512306,1783436291.8190162
857500,0.013153912499547005,1783436298.2243848
857600,0.013679224997758865,1783436304.695258
857700,0.014903923496603966,1783436311.0297642
857800,0.022411897778511047,1783436317.3997104
857900,0.020542137324810028,1783436323.644556
858000,0.03573101758956909,1783436330.0534544
858100,0.019933130592107773,1783436336.3050928
858200,0.09566862881183624,1783436342.9227102
858300,0.015831520780920982,1783436349.463687
858400,0.012760045006871223,1783436355.5676665
858500,0.016760006546974182,1783436361.9409447
858600,0.02086186781525612,1783436368.1738648
858700,0.01203918643295765,1783436374.499012
858800,0.5263638496398926,1783436381.2248235
858900,0.011551214382052422,1783436387.6807568
859000,0.010017582215368748,1783436393.9594588
859100,0.01539184432476759,1783436400.1705549
859200,0.06786715239286423,1783436406.468897
859300,0.06481507420539856,1783436413.0428638
859400,0.022142216563224792,1783436419.3452888
859500,0.013575506396591663,1783436425.6827037
859600,0.029847590252757072,1783436432.168448
859700,0.006878460757434368,1783436438.2374024
859800,0.012147117406129837,1783436444.4310694
859900,0.008174209855496883,1783436450.8584085
860000,0.03569713234901428,1783436457.2591424
860100,0.10516153275966644,1783436463.5376403
860200,0.061357177793979645,1783436469.9370284
860300,0.010636130347847939,1783436476.251786
860400,0.03325604274868965,1783436482.435412
860500,0.00812621135264635,1783436488.8443842
860600,0.008449653163552284,1783436495.2737052
860700,0.012146083638072014,1783436501.584866
860800,0.0244449395686388,1783436507.9818797
860900,0.010851940140128136,1783436514.0989466
861000,0.01962452568113804,1783436520.6238735
861100,0.014745132066309452,1783436527.0195074
861200,0.03262227773666382,1783436533.077242
861300,0.0264597050845623,1783436539.3795636
861400,0.05743296816945076,1783436545.483686
861500,0.027855459600687027,1783436551.6867542
861600,0.20009878277778625,1783436558.027478
861700,0.012478571385145187,1783436564.0909941
861800,0.021073032170534134,1783436570.1525295
861900,0.043846551328897476,1783436576.3316264
862000,0.014358526095747948,1783436582.856353
862100,0.01811206340789795,1783436588.9207463
862200,0.024426035583019257,1783436595.1864047
862300,0.011332046240568161,1783436601.224156
862400,0.018075555562973022,1783436607.8115306
862500,0.03407946974039078,1783436614.065335
862600,0.013466776348650455,1783436620.1840293
862700,0.008358040824532509,1783436626.6400802
862800,0.0145656056702137,1783436632.9361525
862900,0.011075478978455067,1783436639.117467
863000,0.013610306195914745,1783436645.482583
863100,0.09067095071077347,1783436651.9497685
863200,0.01654651015996933,1783436658.6333644
863300,0.024294909089803696,1783436664.8186965
863400,0.007174196653068066,1783436671.2375352
863500,0.013157800771296024,1783436677.3480701
863600,0.07200533151626587,1783436683.5697582
863700,0.017958741635084152,1783436689.6859717
863800,0.044838450849056244,1783436695.8390393
863900,0.06808833032846451,1783436701.9946663
864000,0.0804641991853714,1783436708.327205
864100,0.009497053921222687,1783436714.2199066
864200,0.01921546459197998,1783436720.4998188
864300,0.0067574093118309975,1783436726.6685288
864400,0.010555201210081577,1783436732.8675342
864500,0.013646837323904037,1783436738.9827507
864600,0.007948528043925762,1783436745.2162645
864700,0.8204495906829834,1783436751.324799
864800,0.009199559688568115,1783436757.3556368
864900,0.014798750169575214,1783436763.4255683
865000,0.007647464983165264,1783436769.732228
865100,0.0058141774497926235,1783436775.6600451
865200,0.008322886191308498,1783436782.1125116
865300,0.021562613546848297,1783436788.407389
865400,0.010503362864255905,1783436794.579158
865500,0.009213307872414589,1783436800.6587908
865600,0.027295410633087158,1783436806.937692
865700,0.012767807580530643,1783436812.957959
865800,0.012591835111379623,1783436819.0803075
865900,0.024371318519115448,1783436825.5118787
866000,0.7025883793830872,1783436831.6114104
866100,0.18684294819831848,1783436838.036574
866200,0.07448335736989975,1783436844.105625
866300,0.01576939783990383,1783436850.19684
866400,0.013434292748570442,1783436856.5661342
866500,0.025677796453237534,1783436862.8333387
866600,0.012737552635371685,1783436869.2680786
866700,0.03489487245678902,1783436875.6504054
866800,0.014456955716013908,1783436881.780884
866900,0.014639166183769703,1783436888.622502
867000,0.01218471024185419,1783436894.7680058
867100,0.018352996557950974,1783436901.2288535
867200,0.019264837726950645,1783436907.5122833
867300,0.011180291883647442,1783436913.962577
867400,0.02826550044119358,1783436920.185362
867500,7.095125675201416,1783436926.4585404
867600,0.01110026240348816,1783436932.9750676
867700,0.008332723751664162,1783436939.5032017
867800,0.017964940518140793,1783436945.7269392
867900,5.229087829589844,1783436952.1811314
868000,0.02044573426246643,1783436958.5829408
868100,0.010883260518312454,1783436964.7747426
868200,0.007262126542627811,1783436971.276618
868300,0.00860961340367794,1783436977.6889415
868400,0.10197429358959198,1783436983.9527504
868500,0.02067914418876171,1783436990.3947837
868600,0.012226367369294167,1783436996.807197
868700,0.015764113515615463,1783437002.8954275
868800,0.018554389476776123,1783437009.3566887
868900,0.05965075641870499,1783437015.6466224
869000,0.14755316078662872,1783437022.06385
869100,0.01294080913066864,1783437028.3073075
869200,0.018577169626951218,1783437034.6600063
869300,0.010293140076100826,1783437040.850175
869400,0.014221488498151302,1783437047.1735027
869500,0.014398418366909027,1783437053.6004014
869600,0.010873647406697273,1783437060.163368
869700,0.012367579154670238,1783437066.504604
869800,0.054949067533016205,1783437072.9653993
869900,0.015516139566898346,1783437079.2975829
870000,0.03514581918716431,1783437085.7920122
870100,0.008352029137313366,1783437091.8983653
870200,0.010442462749779224,1783437098.2522972
870300,0.04501405730843544,1783437104.456618
870400,0.009351547807455063,1783437110.9150019
870500,0.01743290387094021,1783437117.3391912
870600,0.013195117935538292,1783437123.6838381
870700,0.0196529608219862,1783437129.827648
870800,0.04707375541329384,1783437136.0305912
870900,0.016912641003727913,1783437142.2759652
871000,0.018790045753121376,1783437148.5609784
871100,0.009493822231888771,1783437155.1243024
871200,0.0189939234405756,1783437161.660313
871300,0.009681610390543938,1783437167.7902164
871400,0.024155601859092712,1783437174.1831186
871500,6.70374870300293,1783437180.454285
871600,0.35738176107406616,1783437186.9379241
871700,0.016152353957295418,1783437193.3431656
871800,0.021090183407068253,1783437199.9544535
871900,0.07668402791023254,1783437206.26388
872000,4.8350934982299805,1783437212.4361725
872100,0.0679420679807663,1783437219.1007283
872200,0.10423370450735092,1783437225.615962
872300,0.026071544736623764,1783437231.921398
872400,0.008619367145001888,1783437238.3845785
872500,0.011939788237214088,1783437244.7690454
872600,0.010280776768922806,1783437251.179382
872700,0.06012958288192749,1783437257.4975228
872800,0.025265449658036232,1783437263.9875565
872900,0.3737211227416992,1783437270.2520945
873000,0.008572075515985489,1783437276.360719
873100,0.06293312460184097,1783437282.397588
873200,0.016186490654945374,1783437288.802814
873300,0.010181408375501633,1783437295.2740645
873400,0.009227854199707508,1783437301.69398
873500,0.02193852886557579,1783437307.9387758
873600,0.33477583527565,1783437313.9958925
873700,0.35159170627593994,1783437320.243378
873800,7.071344375610352,1783437326.3154042
873900,0.00956282950937748,1783437332.6084087
874000,0.040204327553510666,1783437338.8505757
874100,0.016722936183214188,1783437345.0351682
874200,0.055167172104120255,1783437351.2959414
874300,0.012402022257447243,1783437357.5814111
874400,0.08820687234401703,1783437363.7945476
874500,0.013926981016993523,1783437370.1592174
874600,0.008021725341677666,1783437376.6644216
874700,0.03607524186372757,1783437383.0602653
874800,0.028019845485687256,1783437389.51466
874900,0.017327427864074707,1783437395.901261
875000,0.007380749098956585,1783437402.3449695
875100,0.010618896223604679,1783437557.0842674
875200,0.012069686315953732,1783437563.2681243
875300,0.04865114763379097,1783437569.7345166
875400,0.022049494087696075,1783437576.1167095
875500,0.057364322245121,1783437582.3051176
875600,0.01658080704510212,1783437588.7182329
875700,0.010396028868854046,1783437594.954514
875800,0.075522281229496,1783437601.3287024
875900,0.04629039764404297,1783437607.6678944
876000,0.09529567509889603,1783437613.8799465
876100,0.015104607678949833,1783437620.2589042
876200,0.018538743257522583,1783437626.5861902
876300,0.019809331744909286,1783437633.0299957
876400,0.01898135058581829,1783437639.5289772
876500,0.01196881104260683,1783437645.7420754
876600,0.8376429080963135,1783437652.1004791
876700,0.028277426958084106,1783437658.6499338
876800,0.016669750213623047,1783437664.8565814
876900,0.01568867266178131,1783437671.3695738
877000,0.00896552111953497,1783437677.6669798
877100,0.919885516166687,1783437684.084278
877200,0.019181540235877037,1783437690.675949
877300,0.3219583332538605,1783437696.9146225
877400,0.011058038100600243,1783437703.6831365
877500,0.023323718458414078,1783437710.191772
877600,0.007715499494224787,1783437716.3173633
877700,0.021604537963867188,1783437722.7558455
877800,0.010952274315059185,1783437728.8186777
877900,0.019411327317357063,1783437735.223524
878000,0.012048561125993729,1783437741.3266478
878100,0.015487371943891048,1783437747.4279861
878200,0.012185892090201378,1783437753.6982763
878300,0.010770201683044434,1783437760.0177348
878400,0.01651902310550213,1783437766.3842459
878500,0.01691490039229393,1783437772.6483235
878600,0.013409175910055637,1783437778.7926698
878700,0.009215082041919231,1783437784.967391
878800,0.008945131674408913,1783437791.206228
878900,0.015057905577123165,1783437797.527449
879000,0.022885404527187347,1783437803.758949
879100,0.05187032371759415,1783437810.23999
879200,0.0118996761739254,1783437816.4291139
879300,0.015795141458511353,1783437822.8840468
879400,0.007970446720719337,1783437828.946929
879500,0.006234550382941961,1783437835.2346725
879600,0.008888212963938713,1783437841.4270244
879700,0.01115757692605257,1783437847.7198203
879800,0.014077488332986832,1783437854.099196
879900,0.008559633046388626,1783437860.3707333
880000,0.15574295818805695,1783437866.6198254
880100,0.02032553032040596,1783437872.963125
880200,0.01242996845394373,1783437879.7282884
880300,0.03881065919995308,1783437886.1457033
880400,0.05763135105371475,1783437892.3017867
880500,0.008876936510205269,1783437898.7725341
880600,0.011304998770356178,1783437904.9369452
880700,0.01980580762028694,1783437911.1833932
880800,0.011869115754961967,1783437917.4876149
880900,0.015702057629823685,1783437923.8403478
881000,0.005623640492558479,1783437930.0303986
881100,0.013879827223718166,1783437936.465129
881200,0.021827619522809982,1783437942.6594393
881300,0.03526536002755165,1783437949.0784986
881400,0.015514322556555271,1783437955.362088
881500,0.016675831750035286,1783437961.6226947
881600,0.12788431346416473,1783437967.764384
881700,0.07764797657728195,1783437974.0939324
881800,0.15317708253860474,1783437980.4091444
881900,0.013066266663372517,1783437986.7982116
882000,0.03441282734274864,1783437993.1285965
882100,0.023796483874320984,1783437999.479998
882200,0.008106841705739498,1783438005.623167
882300,0.007102032192051411,1783438011.9676847
882400,0.016806747764348984,1783438018.214251
882500,0.009368784725666046,1783438024.374155
882600,0.01986720785498619,1783438030.9622152
882700,0.029137147590517998,1783438037.1190014
882800,0.011594124138355255,1783438043.4790323
882900,0.0832207053899765,1783438049.7052727
883000,0.04427104443311691,1783438055.7972066
883100,0.012095563113689423,1783438062.0461934
883200,0.06616023182868958,1783438068.616535
883300,0.007298754528164864,1783438074.956707
883400,0.027314968407154083,1783438081.654678
883500,0.0078074815683066845,1783438087.8854718
883600,0.03146817907691002,1783438094.3791466
883700,0.006506552919745445,1783438100.7111654
883800,0.013629348948597908,1783438106.917022
883900,0.04859244078397751,1783438113.1410234
884000,0.020257536321878433,1783438119.5046132
884100,0.33075517416000366,1783438125.8415518
884200,0.03335408866405487,1783438132.1172185
884300,0.012996954843401909,1783438138.495282
884400,0.008093495853245258,1783438144.586689
884500,0.018059605732560158,1783438150.8185
884600,0.006005387753248215,1783438157.3618312
884700,0.027585532516241074,1783438163.8048518
884800,0.1252852827310562,1783438170.4501212
884900,0.053454894572496414,1783438176.7281885
885000,0.01129792258143425,1783438183.0109425
885100,0.025180649012327194,1783438189.3507016
885200,0.012356020510196686,1783438195.5195036
885300,0.008694043383002281,1783438201.6987321
885400,0.07648112624883652,1783438208.1443148
885500,0.02344607003033161,1783438214.562883
885600,0.014934252947568893,1783438220.9653237
885700,0.008806477300822735,1783438227.3490384
885800,0.008321269415318966,1783438233.5325167
885900,0.011331552639603615,1783438239.9639902
886000,0.01727147027850151,1783438246.2267785
886100,0.007318474352359772,1783438252.6002922
886200,0.026562517508864403,1783438259.161602
886300,0.02571544051170349,1783438265.2300744
886400,0.015860259532928467,1783438271.5717714
886500,0.008252525702118874,1783438277.684302
886600,0.008696628734469414,1783438283.847723
886700,0.0059082466177642345,1783438290.0242503
886800,0.10743435472249985,1783438296.4239037
886900,0.01305556483566761,1783438302.7463517
887000,0.16114917397499084,1783438308.7291973
887100,0.027551190927624702,1783438315.1090665
887200,0.011974552646279335,1783438321.592508
887300,0.019348349422216415,1783438327.8435097
887400,3.8647353649139404,1783438334.0668986
887500,0.015595422126352787,1783438340.6151829
887600,0.007250101305544376,1783438346.9441981
887700,0.049711357802152634,1783438353.1449652
887800,0.02239607274532318,1783438359.4339721
887900,0.5085402131080627,1783438365.6399364
888000,0.03951336443424225,1783438371.9008691
888100,0.01815926283597946,1783438378.3268955
888200,0.024482250213623047,1783438384.4875119
888300,0.04339156299829483,1783438390.6910992
888400,0.02810618281364441,1783438396.9974031
888500,0.02073555812239647,1783438403.1848319
888600,0.042934078723192215,1783438409.457849
888700,0.059805482625961304,1783438415.6691499
888800,0.022370589897036552,1783438421.9285438
888900,0.009869392961263657,1783438428.3417659
889000,0.012051187455654144,1783438434.5147913
889100,0.013155689463019371,1783438441.0023699
889200,0.009403889998793602,1783438447.2290013
889300,0.010937927290797234,1783438453.4354002
889400,0.007912341505289078,1783438459.7856786
889500,0.0600024089217186,1783438466.1217976
889600,0.01689334027469158,1783438472.3965695
889700,0.00970463827252388,1783438478.6748576
889800,0.03607981279492378,1783438485.297329
889900,0.018207373097538948,1783438491.4031363
890000,0.2977074682712555,1783438497.7449198
890100,0.018562164157629013,1783438504.0412126
890200,0.01624951884150505,1783438510.6261084
890300,0.004755012691020966,1783438516.9125307
890400,0.03492393344640732,1783438523.3206992
890500,0.028615817427635193,1783438529.5305252
890600,0.025220368057489395,1783438535.9738634
890700,0.010272260755300522,1783438542.455243
890800,0.027820304036140442,1783438548.8203144
890900,0.015927113592624664,1783438555.1268957
891000,0.04774390906095505,1783438561.335068
891100,0.00882503017783165,1783438567.4682589
891200,0.2844596803188324,1783438573.7201512
891300,0.02352873422205448,1783438579.9516172
891400,0.01608332432806492,1783438586.0290675
891500,0.03614569455385208,1783438592.2106822
891600,0.014071390964090824,1783438598.4623215
891700,0.011371035128831863,1783438604.5862474
891800,0.00899169035255909,1783438610.659605
891900,0.04421796277165413,1783438616.941993
892000,0.038443803787231445,1783438622.9657917
892100,0.01004033349454403,1783438629.1455133
892200,0.013234391808509827,1783438635.656115
892300,0.022254200652241707,1783438641.8645866
892400,0.00556578766554594,1783438648.1963942
892500,0.012273583561182022,1783438654.1855845
892600,0.014629613608121872,1783438660.3751886
892700,0.010918352752923965,1783438666.8162873
892800,0.007170472294092178,1783438672.9616134
892900,0.008710294961929321,1783438679.066296
893000,0.005780479870736599,1783438685.2614965
893100,0.009839070960879326,1783438691.3822956
893200,0.027802778407931328,1783438697.5992062
893300,0.015598057769238949,1783438703.5975
893400,0.01649448275566101,1783438709.715489
893500,0.04083523899316788,1783438716.3007443
893600,0.010667296126484871,1783438722.5574715
893700,0.03000563196837902,1783438728.855638
893800,4.787772178649902,1783438734.9753022
893900,0.008080366998910904,1783438741.2641203
894000,0.0036912760697305202,1783438747.3059115
894100,0.034181416034698486,1783438753.2676086
894200,1.5851874351501465,1783438759.410993
894300,0.011119500733911991,1783438765.550547
894400,0.023903952911496162,1783438771.8177376
894500,13.137731552124023,1783438778.0965717
894600,0.006304594688117504,1783438784.332185
894700,0.042927857488393784,1783438790.5668724
894800,0.046156689524650574,1783438797.0126038
894900,0.42599722743034363,1783438803.0883613
895000,0.010041597299277782,1783438809.2137232
895100,0.0385986752808094,1783438815.5913408
895200,0.02088337391614914,1783438821.688763
895300,0.012991032563149929,1783438827.9973688
895400,0.17437843978405,1783438834.5287373
895500,0.010229452513158321,1783438841.3582063
895600,0.010063320398330688,1783438847.8189669
895700,0.02836260199546814,1783438854.5840008
895800,0.02045261487364769,1783438861.0978281
895900,0.015735255554318428,1783438867.3727736
896000,0.004832536447793245,1783438873.4927797
896100,0.10596692562103271,1783438879.8160887
896200,0.016574829816818237,1783438885.9584517
896300,0.006954544689506292,1783438892.3319285
896400,0.025811973959207535,1783438898.3841634
896500,0.010731134563684464,1783438904.6504326
896600,3.263665199279785,1783438910.9303198
896700,0.04972821846604347,1783438917.5344312
896800,0.008326567709445953,1783438923.992932
896900,0.05970047414302826,1783438930.1556926
897000,0.5207052826881409,1783438936.5550973
897100,0.02089070901274681,1783438942.706754
897200,0.009185893461108208,1783438948.9793952
897300,0.014825521036982536,1783438955.13325
897400,0.009503011591732502,1783438961.2349322
897500,0.017232155427336693,1783438967.662689
897600,0.01354525052011013,1783438974.043199
897700,0.013244228437542915,1783438980.429693
897800,0.035531386733055115,1783438986.8063343
897900,0.04124574735760689,1783438993.068559
898000,0.015268659219145775,1783438999.3552482
898100,0.09800579398870468,1783439005.6333747
898200,0.015731792896986008,1783439011.8193357
898300,0.04293467476963997,1783439018.0745318
898400,0.005498147569596767,1783439024.446128
898500,0.049894846975803375,1783439030.7921543
898600,0.02830134890973568,1783439036.9749732
898700,0.006924079265445471,1783439043.0478787
898800,2.6215462684631348,1783439049.194355
898900,0.14408206939697266,1783439055.363237
899000,0.06411030888557434,1783439061.4971619
899100,0.008963857777416706,1783439067.7610738
899200,0.009652405977249146,1783439073.9150043
899300,0.12233317643404007,1783439080.2329578
899400,0.020214103162288666,1783439086.453997
899500,0.013102574273943901,1783439092.6148777
899600,0.017871612682938576,1783439099.0225987
899700,0.013614801689982414,1783439105.4163115
899800,0.015296824276447296,1783439111.5159218
899900,0.013436399400234222,1783439117.7503219
900000,0.011783454567193985,1783514260.0526483
900100,0.01854843646287918,1783514432.246244
900200,0.03414926677942276,1783514438.3635643
900300,15.013057708740234,1783514444.597387
900400,0.019680380821228027,1783514450.7286165
900500,0.010534210130572319,1783514456.9567838
900600,0.008092031814157963,1783514463.062408
900700,0.03357638791203499,1783514469.4000041
900800,0.04042847082018852,1783514475.511231
900900,0.013916551135480404,1783514481.5864518
901000,0.014472449198365211,1783514487.641397
901100,0.02310982532799244,1783514493.7079773
901200,0.09934685379266739,1783514500.0991333
901300,0.02704690955579281,1783514506.1843846
901400,0.013962207362055779,1783514512.244668
901500,0.02166738547384739,1783514518.3293605
901600,0.02592305839061737,1783514524.531751
901700,0.01370019931346178,1783514530.5088506
901800,0.007886541076004505,1783514536.5555463
901900,3.6685867309570312,1783514542.7764525
902000,0.006949752103537321,1783514549.101924
902100,0.014894802123308182,1783514555.3038225
902200,0.012193040922284126,1783514561.3718176
902300,0.007867755368351936,1783514567.5115154
902400,0.020603524520993233,1783514573.8005893
902500,0.012159685604274273,1783514579.9565337
902600,0.03594493493437767,1783514586.2818637
902700,0.015561334788799286,1783514592.4086688
902800,0.009244956076145172,1783514598.6220005
902900,0.06066688895225525,1783514604.9496527
903000,0.044815100729465485,1783514611.2216954
903100,0.03384622931480408,1783514617.3874483
903200,0.04406382516026497,1783514623.8898587
903300,0.0373106449842453,1783514629.9744258
903400,0.01184131670743227,1783514635.9692812
903500,0.010795311070978642,1783514642.3677785
903600,0.015135165303945541,1783514648.5088513
903700,0.021153101697564125,1783514654.6655302
903800,0.01511161495000124,1783514661.1049964
903900,0.025393212214112282,1783514667.3869574
904000,0.014966254122555256,1783514673.6764672
904100,0.015792889520525932,1783514679.817439
904200,0.06250861287117004,1783514685.9031775
904300,0.027544593438506126,1783514692.2848125
904400,0.019499557092785835,1783514698.3890686
904500,0.013018484227359295,1783514704.6246266
904600,0.15026120841503143,1783514710.6738825
904700,0.04265947639942169,1783514716.805308
904800,0.008244456723332405,1783514723.0272565
904900,0.012004713527858257,1783514729.249275
905000,0.009852115996181965,1783514735.343768
905100,0.016764160245656967,1783514741.7387092
905200,0.0349385142326355,1783514747.8296058
905300,0.030719198286533356,1783514754.0360904
905400,0.011511320248246193,1783514760.2352247
905500,0.011112948879599571,1783514766.2976208
905600,0.02281971089541912,1783514772.6215897
905700,0.021102022379636765,1783514778.7849252
905800,0.011787337251007557,1783514784.8091023
905900,0.007656806148588657,1783514791.1778624
906000,0.18734656274318695,1783514797.5671332
906100,0.07782397419214249,1783514803.767644
906200,0.07821405678987503,1783514809.9096348
906300,0.08548276871442795,1783514815.9921918
906400,0.026530075818300247,1783514822.1282992
906500,0.021960122510790825,1783514828.3460033
906600,0.0067220889031887054,1783514834.4520679
906700,0.006637290120124817,1783514840.7325993
906800,0.15315575897693634,1783514846.9978278
906900,0.015475021675229073,1783514853.180533
907000,0.014567567966878414,1783514859.385455
907100,0.00738203339278698,1783514865.628027
907200,0.016191618517041206,1783514871.676154
907300,0.011972978711128235,1783514877.6787865
907400,0.006845161784440279,1783514883.8801453
907500,0.03517693653702736,1783514890.1020572
907600,0.006253287196159363,1783514896.1027963
907700,0.013711972162127495,1783514902.2170835
907800,0.01706632785499096,1783514908.1770508
907900,0.007559672463685274,1783514914.151375
908000,0.044104933738708496,1783514920.1933858
908100,2.4219439029693604,1783514926.4130573
908200,1.5161195993423462,1783514932.7545314
908300,0.057707443833351135,1783514938.9250383
908400,0.012725697830319405,1783514945.1217792
908500,0.02330048754811287,1783514951.2770767
908600,0.014686297625303268,1783514957.2687137
908700,0.006541566923260689,1783514963.4381104
908800,0.02375280112028122,1783514969.658553
908900,0.18046215176582336,1783514975.838704
909000,0.23578976094722748,1783514982.0330405
909100,0.025156471878290176,1783514988.226089
909200,0.016863787546753883,1783514994.4792216
909300,0.015022517181932926,1783515000.6984637
909400,0.25379830598831177,1783515006.7987103
909500,0.009875445626676083,1783515012.8239274
909600,0.014647959731519222,1783515019.096849
909700,0.02577550709247589,1783515025.1829445
909800,0.009243786334991455,1783515031.2738905
909900,0.005570036359131336,1783515037.4563313
910000,0.006440124474465847,1783515043.616631
910100,0.03590833395719528,1783515049.6818144
910200,0.06824763119220734,1783515055.8245134
910300,0.014000698924064636,1783515061.9458058
910400,0.012800768949091434,1783515068.4326131
910500,0.01506729330867529,1783515074.4915166
910600,0.021637264639139175,1783515080.9459686
910700,0.2553448975086212,1783515087.0015929
910800,0.5070387125015259,1783515093.2641752
910900,0.012709371745586395,1783515099.3469465
911000,0.03186875209212303,1783515105.3092616
911100,0.010797565802931786,1783515111.374564
911200,0.009374940767884254,1783515117.5553641
911300,0.020904861390590668,1783515123.616234
911400,0.018733426928520203,1783515129.8112583
911500,0.03495875746011734,1783515135.9490457
911600,0.05712994560599327,1783515142.09076
911700,0.015437709167599678,1783515148.151025
911800,0.013527815230190754,1783515154.392101
911900,0.009438036009669304,1783515160.5264235
912000,0.006811944302171469,1783515166.7191634
912100,0.016758952289819717,1783515173.023
912200,0.006797678768634796,1783515179.4458537
912300,0.005223497748374939,1783515185.5067286
912400,0.03438020125031471,1783515191.6938045
912500,0.029148470610380173,1783515198.1094642
912600,0.6855085492134094,1783515204.2356408
912700,0.021056003868579865,1783515210.2004871
912800,0.019146276637911797,1783515216.507803
912900,0.05943973734974861,1783515222.77887
913000,0.23472939431667328,1783515228.7688892
913100,0.006250099278986454,1783515234.8778224
913200,0.01514844223856926,1783515241.1434655
913300,0.01615642011165619,1783515247.318697
913400,0.036923814564943314,1783515253.5700378
913500,0.14817753434181213,1783515259.6106749
913600,0.04229658842086792,1783515265.780314
913700,0.01628929376602173,1783515271.9631016
913800,0.09267787635326385,1783515278.1780102
913900,0.016469836235046387,1783515284.3500705
914000,0.011567490175366402,1783515290.45427
914100,0.007943973876535892,1783515296.5349915
914200,5.228204250335693,1783515302.865982
914300,0.015242746099829674,1783515309.0424714
914400,3.0021634101867676,1783515315.084974
914500,0.0164724700152874,1783515321.4024904
914600,4.166421413421631,1783515327.769181
914700,0.020398203283548355,1783515333.9316103
914800,0.011823936365544796,1783515340.1610222
914900,0.026844721287488937,1783515346.3886864
915000,0.006485608406364918,1783515352.788928
915100,0.03898550570011139,1783515358.9277515
915200,0.01583850383758545,1783515365.2700157
915300,0.05042242258787155,1783515371.3697042
915400,0.01974254474043846,1783515377.4905663
915500,0.012588510289788246,1783515383.595233
915600,0.026871247217059135,1783515389.8783345
915700,0.007845763117074966,1783515395.898679
915800,0.035989534109830856,1783515402.2035394
915900,0.0424436517059803,1783515408.69069
916000,0.012961335480213165,1783515414.8811495
916100,0.015922531485557556,1783515420.9895957
916200,0.008638010360300541,1783515427.3605917
916300,0.014701024629175663,1783515433.458685
916400,0.09224315732717514,1783515439.6356275
916500,0.014820970594882965,1783515445.9445076
916600,0.011200114153325558,1783515452.2774599
916700,0.009440104477107525,1783515458.4602334
916800,0.16524170339107513,1783515464.546421
916900,0.0274298544973135,1783515471.0004
917000,0.34526383876800537,1783515477.1405535
917100,0.017184190452098846,1783515483.5543826
917200,0.012836889363825321,1783515489.9370582
917300,0.13140888512134552,1783515496.017622
917400,0.011003747582435608,1783515502.1681361
917500,0.01368027739226818,1783515508.7123897
917600,0.015009123831987381,1783515514.879417
917700,0.1586066633462906,1783515521.3038237
917800,0.027324441820383072,1783515527.510832
917900,0.008890463039278984,1783515533.6130958
918000,0.015557095408439636,1783515539.8681655
918100,0.020297862589359283,1783515545.9717343
918200,0.012579499743878841,1783515552.0582075
918300,0.08564693480730057,1783515558.5284467
918400,0.011841139756143093,1783515564.7465725
918500,0.02034447342157364,1783515570.8787127
918600,0.011186749674379826,1783515577.142154
918700,0.010120965540409088,1783515583.6009378
918800,0.011009560897946358,1783515589.6402462
918900,0.008872372098267078,1783515595.633811
919000,0.013453584164381027,1783515601.6888115
919100,0.014426099136471748,1783515607.7219837
919200,0.008798599243164062,1783515613.7540936
919300,0.011569783091545105,1783515619.9178646
919400,0.012289488688111305,1783515625.8797157
919500,0.08172307908535004,1783515632.1420577
919600,0.012817415408790112,1783515638.28778
919700,2.177406072616577,1783515644.2704837
919800,0.03841755539178848,1783515650.5203106
919900,0.5576238036155701,1783515656.6828785
920000,0.011682220734655857,1783515662.921084
920100,0.009755628183484077,1783515669.0854983
920200,0.012014759704470634,1783515675.4588594
920300,0.3726499080657959,1783515681.4939837
920400,2.365513324737549,1783515687.5770538
920500,0.009888412430882454,1783515693.9361613
920600,0.04840244725346565,1783515700.2437444
920700,0.013178716413676739,1783515706.644639
920800,0.014357343316078186,1783515712.914768
920900,0.014995415695011616,1783515719.1435535
921000,0.007357697002589703,1783515725.4488118
921100,0.02500731125473976,1783515731.706898
921200,0.026512183248996735,1783515738.0655675
921300,0.02619069628417492,1783515744.3062146
921400,0.065444216132164,1783515750.5298362
921500,0.01233107503503561,1783515756.6331854
921600,0.022546235471963882,1783515762.5944276
921700,0.02179132029414177,1783515768.599985
921800,0.013240193948149681,1783515774.7641017
921900,0.03538183867931366,1783515780.7537591
922000,0.03704894706606865,1783515786.9659293
922100,0.006565658375620842,1783515793.001467
922200,0.008266395889222622,1783515799.4541311
922300,0.10116064548492432,1783515805.6889284
922400,0.02726932428777218,1783515811.7753758
922500,0.01398084033280611,1783515817.9921732
922600,0.01408100500702858,1783515824.1708283
922700,0.011977046728134155,1783515830.1922507
922800,0.01527809351682663,1783515836.2851305
922900,0.005694422870874405,1783515842.6296954
923000,0.019513946026563644,1783515848.9377847
923100,0.07886005192995071,1783515855.0450964
923200,0.019183944910764694,1783515861.2605896
923300,0.04102732613682747,1783515867.2519202
923400,0.06645544618368149,1783515873.2882965
923500,0.02134082093834877,1783515879.5028245
923600,0.00891813077032566,1783515885.7185085
923700,0.027935553342103958,1783515891.6993167
923800,0.026007002219557762,1783515897.8644676
923900,0.01710760034620762,1783515903.820508
924000,0.010282745584845543,1783515909.9626749
924100,0.014401763677597046,1783515915.9455402
924200,0.08399747312068939,1783515922.0091333
924300,0.009553879499435425,1783515928.2834074
924400,0.03499758988618851,1783515934.422819
924500,0.009476684965193272,1783515940.9143808
924600,12.055063247680664,1783515947.059583
924700,0.22224192321300507,1783515953.1259918
924800,0.011340564116835594,1783515959.4495566
924900,0.009632306173443794,1783515965.491804
925000,0.007908914238214493,1783515971.7933245
925100,0.009819647297263145,1783516125.8673623
925200,0.00905873253941536,1783516131.923296
925300,0.015990542247891426,1783516138.0886898
925400,3.661649703979492,1783516144.3571305
925500,1.7313545942306519,1783516150.3912318
925600,0.011699559167027473,1783516156.5982602
925700,0.01053694635629654,1783516162.963208
925800,0.009773124940693378,1783516169.1815026
925900,0.049210935831069946,1783516175.2474022
926000,0.012918788008391857,1783516181.2051938
926100,0.011169026605784893,1783516187.383064
926200,0.050358716398477554,1783516193.6310136
926300,0.007203773129731417,1783516199.7169297
926400,0.009862497448921204,1783516205.909384
926500,0.017859240993857384,1783516211.8637705
926600,0.027066627517342567,1783516217.8409913
926700,0.018925845623016357,1783516223.967508
926800,0.009833320043981075,1783516230.1430075
926900,0.0060494281351566315,1783516236.2865422
927000,0.01952935755252838,1783516242.2504835
927100,0.01770807057619095,1783516248.4490821
927200,0.0236080102622509,1783516254.642239
927300,0.00892581045627594,1783516260.704148
927400,0.03188810497522354,1783516267.1098027
927500,0.015767503529787064,1783516273.129857
927600,0.00901363231241703,1783516279.250655
927700,0.010272981598973274,1783516285.2232502
927800,0.390552818775177,1783516291.212799
927900,0.01689017564058304,1783516297.280778
928000,0.021626949310302734,1783516303.577333
928100,0.02210336923599243,1783516309.6322691
928200,0.017525358125567436,1783516315.5713415
928300,0.010325702838599682,1783516321.5380657
928400,0.011111431755125523,1783516327.5463245
928500,0.021408142521977425,1783516333.4023628
928600,0.0071211038157343864,1783516339.5740807
928700,0.00853954628109932,1783516345.6878202
928800,0.24160027503967285,1783516351.8619611
928900,0.01811184734106064,1783516357.9438398
929000,0.015260966494679451,1783516364.0610025
929100,0.015507395379245281,1783516370.0886872
929200,0.03081635572016239,1783516376.2176688
929300,0.009832692332565784,1783516382.3456957
929400,0.5770573019981384,1783516388.630967
929500,0.048487819731235504,1783516394.7149537
929600,0.019773490726947784,1783516400.814291
929700,0.012679873034358025,1783516406.9813633
929800,0.009977128356695175,1783516413.1636457
929900,0.01268114522099495,1783516419.2026956
930000,0.011868051253259182,1783516425.464416
930100,0.35273438692092896,1783516431.6672661
930200,0.011338874697685242,1783516437.6734614
930300,0.02384749799966812,1783516443.6721637
930400,0.6049038171768188,1783516449.6454473
930500,0.04041523486375809,1783516455.802922
930600,0.016913769766688347,1783516461.8477862
930700,0.018589157611131668,1783516467.8669682
930800,0.28426283597946167,1783516474.2324622
930900,0.01821805164217949,1783516480.2148213
931000,0.032865870743989944,1783516486.1695814
931100,0.023989928886294365,1783516492.2123008
931200,0.03980822488665581,1783516498.433757
931300,0.07287923246622086,1783516504.4326646
931400,0.010129113681614399,1783516510.6194394
931500,0.02184520848095417,1783516516.7079828
931600,0.0097512761130929,1783516522.7547164
931700,0.39869722723960876,1783516529.0368018
931800,0.009175112470984459,1783516535.2726648
931900,0.008736606687307358,1783516541.5488915
932000,0.009927293285727501,1783516547.7328758
932100,0.04719560593366623,1783516553.8569264
932200,0.010884324088692665,1783516559.9046822
932300,0.01028824970126152,1783516566.1939936
932400,0.0366244837641716,1783516572.7657557
932500,0.014698756858706474,1783516578.9340408
932600,0.008765038102865219,1783516585.2458127
932700,0.050994787365198135,1783516591.3842747
932800,0.007007920183241367,1783516597.5600204
932900,0.10679381340742111,1783516603.7617688
933000,0.008724160492420197,1783516609.9795134
933100,0.0116379763931036,1783516615.9521737
933200,0.01399518083781004,1783516622.09528
933300,0.016266483813524246,1783516628.3521812
933400,0.0148349953815341,1783516634.3994007
933500,0.0177803635597229,1783516640.6005704
933600,0.010463191196322441,1783516646.795261
933700,0.04780491441488266,1783516652.8646557
933800,0.06902367621660233,1783516659.1999753
933900,0.12318987399339676,1783516665.617102
934000,0.014764390885829926,1783516671.7040424
934100,0.009392105042934418,1783516677.898849
934200,0.014344161376357079,1783516684.3167133
934300,0.031699247658252716,1783516690.6840239
934400,0.03183290362358093,1783516696.727153
934500,0.011736135929822922,1783516702.768032
934600,0.018216365948319435,1783516709.0352247
934700,0.030495529994368553,1783516715.3164654
934800,0.2179376780986786,1783516721.3946903
934900,0.011050527915358543,1783516727.5706635
935000,2.2083754539489746,1783516733.6583252
935100,0.008197875693440437,1783516739.7858953
935200,0.011807997711002827,1783516746.2415226
935300,0.015986770391464233,1783516752.2929835
935400,0.03617824986577034,1783516758.5389833
935500,0.02644464001059532,1783516764.5641575
935600,0.01073197741061449,1783516770.7922184
935700,2.0009262561798096,1783516777.1076663
935800,0.03753172233700752,1783516783.098949
935900,0.015397659502923489,1783516789.173571
936000,0.21269488334655762,1783516795.417264
936100,0.010924218222498894,1783516801.6750667
936200,0.017907798290252686,1783516807.7212439
936300,0.015474827960133553,1783516813.7227793
936400,0.08719741553068161,1783516820.2632713
936500,0.23401042819023132,1783516826.39034
936600,0.01176055520772934,1783516832.429524
936700,0.042627543210983276,1783516838.6824837
936800,0.03939173370599747,1783516845.083116
936900,0.0433262437582016,1783516851.4002433
937000,0.006544145755469799,1783516857.4341273
937100,0.0391564778983593,1783516863.407755
937200,0.01905873231589794,1783516869.4827888
937300,0.02252989448606968,1783516875.84134
937400,0.008767886087298393,1783516881.8497622
937500,0.015437476336956024,1783516888.0244737
937600,0.011422171257436275,1783516894.0551174
937700,0.04409768059849739,1783516900.3379498
937800,0.012775573879480362,1783516906.6573777
937900,0.024181392043828964,1783516912.8476925
938000,0.05401722341775894,1783516918.9542208
938100,0.08601229637861252,1783516925.10584
938200,0.011224796995520592,1783516931.1874185
938300,0.21958592534065247,1783516937.4236426
938400,0.13578765094280243,1783516943.477133
938500,0.012483058497309685,1783516949.6797335
938600,0.017861589789390564,1783516955.7806392
938700,0.008607272058725357,1783516962.102508
938800,0.04417853429913521,1783516968.1685565
938900,0.011101438663899899,1783516974.2944956
939000,0.016801340505480766,1783516980.5362537
939100,0.04605162888765335,1783516986.620279
939200,0.03351672738790512,1783516992.66993
939300,0.011587110348045826,1783516998.9848208
939400,0.008556649088859558,1783517005.0477548
939500,0.013850550167262554,1783517011.1827493
939600,0.008622758090496063,1783517017.2462604
939700,0.08236873894929886,1783517023.5468326
939800,0.02151937410235405,1783517029.8989236
939900,0.008991992101073265,1783517035.9614224
940000,0.013437644578516483,1783517042.0609574
940100,0.011331805028021336,1783517048.166319
940200,0.022097811102867126,1783517054.329692
940300,0.024613268673419952,1783517060.654335
940400,0.010365952737629414,1783517066.8563936
940500,0.016684487462043762,1783517072.9603329
940600,0.009569372981786728,1783517079.1802895
940700,0.011582551524043083,1783517085.304066
940800,0.01488548144698143,1783517091.8455472
940900,0.007060157135128975,1783517098.0451953
941000,0.046865563839673996,1783517104.1817586
941100,0.006696762051433325,1783517110.3118453
941200,0.010441175661981106,1783517116.5213785
941300,0.007517276331782341,1783517122.4218032
941400,0.010285251773893833,1783517128.5424871
941500,0.013220306485891342,1783517134.552267
941600,0.01480322889983654,1783517140.4745932
941700,0.018219759687781334,1783517146.498437
941800,0.006557680666446686,1783517152.7128193
941900,0.03795474395155907,1783517158.9851217
942000,0.013347774744033813,1783517165.2406974
942100,0.011245336383581161,1783517171.298179
942200,0.29526397585868835,1783517177.3886132
942300,0.0093803396448493,1783517183.3031883
942400,0.016016587615013123,1783517189.4018025
942500,0.010453294031322002,1783517195.4501896
942600,0.011300353333353996,1783517201.3761425
942700,0.0616995170712471,1783517207.2824495
942800,0.006912956014275551,1783517213.393192
942900,0.008938570506870747,1783517219.5493217
943000,0.008868980221450329,1783517225.7841196
943100,0.009848103858530521,1783517231.997743
943200,0.01975938491523266,1783517238.2668355
943300,0.007051450200378895,1783517244.3716385
943400,0.012217053212225437,1783517250.48381
943500,0.01276254840195179,1783517256.449544
943600,0.007347975857555866,1783517262.5035803
943700,0.005700734443962574,1783517268.7347462
943800,0.014494866132736206,1783517274.9051747
943900,0.019383879378437996,1783517281.213034
944000,0.010027416981756687,1783517287.2625375
944100,0.013618005439639091,1783517293.5348685
944200,0.008996693417429924,1783517299.5368998
944300,0.018077662214636803,1783517305.3468
944400,0.013032033108174801,1783517311.448036
944500,0.023782141506671906,1783517317.3243713
944600,0.033674951642751694,1783517323.3066065
944700,0.01502907369285822,1783517329.4658601
944800,0.1686660647392273,1783517335.2228541
944900,0.0061511872336268425,1783517341.1363595
945000,0.017516139894723892,1783517347.3502605
945100,0.012147844769060612,1783517353.1794982
945200,0.018639475107192993,1783517359.4404144
945300,0.004445020109415054,1783517365.3701146
945400,0.0055912816897034645,1783517371.2026653
945500,0.017436359077692032,1783517377.181722
945600,0.06940583139657974,1783517383.1821017
945700,0.010242738761007786,1783517389.2330835
945800,0.016626736149191856,1783517395.1701803
945900,0.011112965643405914,1783517400.9887428
946000,0.011601964943110943,1783517406.8800051
946100,0.012211007066071033,1783517412.771446
946200,0.005744206253439188,1783517418.7228162
946300,0.019582703709602356,1783517424.8463995
946400,0.03724106401205063,1783517430.8100288
946500,0.023230448365211487,1783517436.7020216
946600,0.014085764065384865,1783517442.8028479
946700,0.01347583532333374,1783517448.8695757
946800,0.4915861189365387,1783517454.9068034
946900,0.025574425235390663,1783517461.0523455
947000,0.011676749214529991,1783517466.9267993
947100,0.008464474231004715,1783517472.9939225
947200,0.009587183594703674,1783517478.8490465
947300,0.0178119745105505,1783517484.9216425
947400,1.4617406129837036,1783517490.9841666
947500,0.014246715232729912,1783517496.9134178
947600,0.014791359193623066,1783517502.830137
947700,0.019437067210674286,1783517508.78916
947800,0.05787604674696922,1783517514.6741128
947900,0.004952172748744488,1783517520.8691754
948000,0.009106451645493507,1783517526.9459887
948100,0.010267224162817001,1783517533.059911
948200,0.014337199740111828,1783517539.0611537
948300,0.021595139056444168,1783517544.918218
948400,0.017129475250840187,1783517550.969513
948500,0.008256085216999054,1783517556.9235983
948600,0.015610821545124054,1783517563.1348424
948700,0.0273174699395895,1783517569.079776
948800,0.00929178111255169,1783517575.1680267
948900,0.009873107075691223,1783517581.21203
949000,0.06392619758844376,1783517587.2222278
949100,0.014705946668982506,1783517593.073605
949200,0.01331203244626522,1783517599.4520993
949300,0.005906540900468826,1783517605.364612
949400,0.008436734788119793,1783517611.2600107
949500,0.008078078739345074,1783517617.5624485
949600,0.006445316132158041,1783517623.378191
949700,0.00513517577201128,1783517629.3799887
949800,0.021882792934775352,1783517635.3424265
949900,0.03010503388941288,1783517641.230158
950000,0.012249648571014404,1783517647.105
950100,0.015761079266667366,1783517805.4718292
950200,0.008540673181414604,1783517811.554158
950300,0.05821665748953819,1783517817.4490798
950400,0.08725675940513611,1783517823.3919122
950500,0.007069364655762911,1783517829.4830143
950600,0.007363905198872089,1783517835.549032
950700,0.04343545436859131,1783517841.756338
950800,0.169965922832489,1783517847.7127137
950900,0.07733646780252457,1783517853.7628114
951000,0.07336170226335526,1783517859.6421864
951100,0.02865450456738472,1783517865.9336655
951200,14.208879470825195,1783517872.1462646
951300,0.013205263763666153,1783517878.0446382
951400,0.2893933355808258,1783517884.083482
951500,0.01876937597990036,1783517890.1845167
951600,0.01863577589392662,1783517896.0506368
951700,3.0230307579040527,1783517901.98425
951800,0.005374763160943985,1783517907.9497595
951900,0.008359543047845364,1783517913.995753
952000,0.0173412524163723,1783517919.8073373
952100,1.287108302116394,1783517925.880379
952200,0.010843022726476192,1783517932.0215285
952300,0.013299769721925259,1783517938.003857
952400,0.01546045858412981,1783517944.2646573
952500,0.01954078860580921,1783517950.1024857
952600,0.10792869329452515,1783517956.351766
952700,0.023515433073043823,1783517962.2325466
952800,4.588087558746338,1783517968.5343027
952900,0.038167573511600494,1783517974.5481896
953000,0.012611733749508858,1783517980.5418754
953100,4.023576736450195,1783517986.4459827
953200,0.011778022162616253,1783517992.640911
953300,0.01891941949725151,1783517998.7029107
953400,0.006861611269414425,1783518004.73641
953500,0.03561675548553467,1783518010.7873294
953600,0.022176191210746765,1783518016.7999828
953700,0.00912055280059576,1783518022.681351
953800,0.008578349836170673,1783518028.6128192
953900,0.04919196665287018,1783518034.577753
954000,0.007501048967242241,1783518040.6117113
954100,0.014118186198174953,1783518046.46238
954200,0.006020986475050449,1783518052.4462562
954300,0.005403699353337288,1783518058.5208611
954400,0.021912388503551483,1783518064.4525745
954500,0.27181947231292725,1783518070.7473853
954600,0.00674835592508316,1783518076.7859805
954700,0.051978688687086105,1783518082.7257419
954800,0.07704753428697586,1783518088.7919316
954900,0.009389986284077168,1783518094.8331263
955000,0.015819361433386803,1783518100.8926291
955100,0.05195948854088783,1783518107.1593015
955200,0.005365610122680664,1783518113.0309668
955300,0.028234098106622696,1783518119.1799865
955400,0.004879125393927097,1783518125.2439103
955500,0.010425766929984093,1783518131.412625
955600,0.019181326031684875,1783518137.6328847
955700,0.010962912812829018,1783518143.6972814
955800,0.02308717370033264,1783518149.7635915
955900,0.07086045295000076,1783518156.001664
956000,0.03896206244826317,1783518162.3249648
956100,0.005155622959136963,1783518168.4276984
956200,0.06300155073404312,1783518174.2846367
956300,0.018158525228500366,1783518180.4542143
956400,0.015987291932106018,1783518186.6055937
956500,0.16060499846935272,1783518192.7653763
956600,0.00926796905696392,1783518199.1224334
956700,0.051377031952142715,1783518205.361672
956800,0.030109427869319916,1783518211.4187145
956900,0.01435137540102005,1783518217.7567236
957000,0.02720704860985279,1783518224.0832038
957100,0.00705895759165287,1783518230.3600395
957200,0.010697376914322376,1783518236.8922715
957300,0.004786486737430096,1783518243.2604136
957400,0.01448582112789154,1783518249.377048
957500,0.007403340190649033,1783518255.548018
957600,0.010440800338983536,1783518261.98722
957700,0.022221438586711884,1783518268.0844474
957800,0.011720947921276093,1783518274.1758726
957900,0.34515300393104553,1783518280.4754896
958000,5.804286956787109,1783518286.558512
958100,0.037237748503685,1783518292.8136961
958200,0.04476020485162735,1783518299.007267
958300,0.014686860144138336,1783518305.0491254
958400,0.03980731964111328,1783518311.0847423
958500,0.008277113549411297,1783518317.272412
958600,0.012937146238982677,1783518323.2161777
958700,0.1286550909280777,1783518329.236765
958800,0.016656948253512383,1783518335.4595556
958900,0.013264259323477745,1783518341.6591673
959000,0.0562516413629055,1783518347.973157
959100,0.026398366317152977,1783518354.1903636
959200,0.010865075513720512,1783518360.2879784
959300,0.003502798965200782,1783518366.5973046
959400,0.020370692014694214,1783518372.7004073
959500,0.011473895981907845,1783518378.7705498
959600,0.049080122262239456,1783518384.8616948
959700,0.021422868594527245,1783518390.9902954
959800,0.022008847445249557,1783518397.059297
959900,0.01131581049412489,1783518403.270101
960000,0.008880913257598877,1783518409.544428
960100,0.03860468044877052,1783518415.8333292
960200,0.011325785890221596,1783518422.0935488
960300,0.0842205211520195,1783518428.174354
960400,0.02267967164516449,1783518434.6134348
960500,0.006132614798843861,1783518441.009561
960600,0.06381680071353912,1783518447.1602361
960700,0.008542351424694061,1783518453.3074205
960800,0.010279498063027859,1783518459.4824893
960900,0.006755810230970383,1783518465.7139695
961000,0.0056412117555737495,1783518471.8531086
961100,0.015393594279885292,1783518477.854853
961200,0.006014940328896046,1783518484.2820854
961300,0.26553818583488464,1783518490.3968217
961400,0.09090495854616165,1783518496.511457
961500,0.009684666991233826,1783518502.520896
961600,0.022233467549085617,1783518508.6778307
961700,0.004290234763175249,1783518514.9649167
961800,0.0059690955094993114,1783518521.4449387
961900,0.009434272535145283,1783518527.6459525
962000,0.01461825892329216,1783518533.7918441
962100,0.011611581780016422,1783518539.8548145
962200,0.03596976399421692,1783518546.016953
962300,0.012816183269023895,1783518552.0433044
962400,0.12903663516044617,1783518558.3242378
962500,0.011219674721360207,1783518564.707832
962600,0.0068406215868890285,1783518570.6466146
962700,0.009421207942068577,1783518576.6530247
962800,0.005552458576858044,1783518582.6469786
962900,1.0458232164382935,1783518588.8173058
963000,0.011245876550674438,1783518595.0010636
963100,0.11789912730455399,1783518601.3897934
963200,0.012802457436919212,1783518607.6507492
963300,0.005878987722098827,1783518613.7646508
963400,0.05084444582462311,1783518619.9485888
963500,0.011254414916038513,1783518625.995084
963600,0.027874169871211052,1783518632.1149366
963700,0.015344392508268356,1783518638.1124763
963800,0.0072812726721167564,1783518644.3794487
963900,0.011705487966537476,1783518650.608849
964000,0.00603928416967392,1783518656.9083767
964100,0.035690147429704666,1783518663.2839906
964200,0.010279243811964989,1783518669.8104103
964300,0.012498055584728718,1783518676.3127463
964400,0.010816134512424469,1783518682.421396
964500,0.018130414187908173,1783518688.5076587
964600,0.00839381292462349,1783518694.7461233
964700,0.05817321687936783,1783518701.0207758
964800,0.007600456476211548,1783518707.1026728
964900,0.006530431564897299,1783518713.336895
965000,0.005703127942979336,1783518719.6124368
965100,0.020824309438467026,1783518725.9880524
965200,0.006414930336177349,1783518732.055973
965300,0.04173446446657181,1783518738.3892765
965400,0.09025033563375473,1783518744.4444485
965500,0.015781469643115997,1783518750.7838862
965600,0.00785351824015379,1783518757.0448525
965700,0.03647817671298981,1783518763.1670089
965800,0.3596392869949341,1783518769.2333028
965900,0.009636596776545048,1783518775.206499
966000,0.06147439405322075,1783518781.396539
966100,5.3840227127075195,1783518787.670444
966200,0.01111669186502695,1783518793.7541351
966300,0.02611413411796093,1783518799.9038708
966400,0.005733470898121595,1783518806.2210433
966500,0.13841579854488373,1783518812.5665753
966600,0.18361902236938477,1783518818.9183388
966700,0.018827877938747406,1783518825.2649007
966800,0.029547331854701042,1783518831.3196464
966900,7.026049613952637,1783518837.3739402
967000,0.00847906619310379,1783518843.6374314
967100,0.012138735502958298,1783518849.8927274
967200,0.007656817324459553,1783518856.049532
967300,0.014968883246183395,1783518862.0699823
967400,0.0141965476796031,1783518868.3113017
967500,0.009958228096365929,1783518874.6542034
967600,0.005499484017491341,1783518881.0144534
967700,0.009854511357843876,1783518887.294725
967800,0.013710880652070045,1783518893.7782326
967900,0.008785448968410492,1783518900.0296721
968000,0.014747952111065388,1783518906.3318121
968100,0.006849554367363453,1783518912.550922
968200,0.007325360551476479,1783518918.8823931
968300,0.13484027981758118,1783518925.343978
968400,0.0126219866797328,1783518931.7661753
968500,5.270146369934082,1783518938.1761305
968600,0.018979035317897797,1783518944.39238
968700,0.018061503767967224,1783518950.4162805
968800,0.006261772010475397,1783518956.6333435
968900,0.014799744822084904,1783518962.7394018
969000,0.006442934274673462,1783518968.9680502
969100,1.338261365890503,1783518975.1331928
969200,0.025868654251098633,1783518981.234152
969300,0.01572616770863533,1783518987.4641964
969400,0.23088929057121277,1783518993.534376
969500,0.01505250670015812,1783518999.7979536
969600,0.008981825783848763,1783519005.8619428
969700,0.020316535606980324,1783519011.994463
969800,0.003978614695370197,1783519018.164867
969900,0.010496711358428001,1783519024.1585023
970000,0.010688996873795986,1783519030.5012488
970100,0.40746092796325684,1783519036.6132307
970200,0.008123218081891537,1783519043.1109142
970300,0.008031338453292847,1783519049.2983468
970400,0.017957370728254318,1783519055.3140967
970500,0.01597888022661209,1783519061.3121095
970600,0.011966020800173283,1783519067.3181896
970700,0.01989826001226902,1783519073.7085257
970800,0.011504530906677246,1783519079.6468985
970900,0.024830831214785576,1783519085.9180493
971000,0.015463421121239662,1783519091.97278
971100,3.4883997440338135,1783519098.1746445
971200,0.012800425291061401,1783519104.4238164
971300,0.01631542295217514,1783519110.3857148
971400,0.007878342643380165,1783519116.4630272
971500,0.016698947176337242,1783519122.4640856
971600,0.008278915658593178,1783519128.9387746
971700,0.012538304552435875,1783519135.2188804
971800,0.008583266288042068,1783519141.5305653
971900,0.026004891842603683,1783519147.6448452
972000,0.0131541658192873,1783519153.7616024
972100,0.010156452655792236,1783519159.9698982
972200,0.012033572420477867,1783519166.0842278
972300,0.007628371939063072,1783519172.3536155
972400,0.014869486913084984,1783519178.5131042
972500,0.032826364040374756,1783519184.4954178
972600,0.03631196916103363,1783519190.4606578
972700,0.00801853183656931,1783519196.6386719
972800,0.03554359823465347,1783519202.6097627
972900,0.0056466106325387955,1783519208.6472018
973000,0.014786230400204659,1783519214.876692
973100,0.013589714653789997,1783519220.995209
973200,0.009312356822192669,1783519227.0491838
973300,0.03879799693822861,1783519233.0297217
973400,0.01126182358711958,1783519239.2638159
973500,0.02177491970360279,1783519245.3920968
973600,0.011028513312339783,1783519251.4862137
973700,0.011927594430744648,1783519257.756106
973800,0.03005441650748253,1783519263.9359853
973900,0.004973845090717077,1783519270.1603
974000,0.17876845598220825,1783519276.5134423
974100,2.6319375038146973,1783519282.6531453
974200,0.008848501369357109,1783519288.777167
974300,0.00965784676373005,1783519294.998152
974400,0.04005179926753044,1783519301.0637062
974500,0.013384293764829636,1783519307.4937801
974600,0.017476707696914673,1783519313.6928318
974700,0.043439317494630814,1783519319.8452456
974800,0.010635307058691978,1783519325.9857135
974900,0.07122255861759186,1783519332.2220557
975000,0.008144905790686607,1783519338.478438
975100,0.007086762692779303,1783519497.398058
975200,0.020689047873020172,1783519503.5849898
975300,0.012439610436558723,1783519509.811606
975400,0.022800154983997345,1783519516.2062387
975500,0.014812247827649117,1783519522.3990335
975600,0.031427495181560516,1783519528.4080453
975700,0.007103338837623596,1783519534.734509
975800,0.008070709183812141,1783519540.9558308
975900,0.022277403622865677,1783519547.451283
976000,0.012924565933644772,1783519553.7136793
976100,0.04693195968866348,1783519559.8954046
976200,0.009887974709272385,1783519566.1403403
976300,0.013058042153716087,1783519572.3062305
976400,0.02671443298459053,1783519578.4477725
976500,0.007352753542363644,1783519584.817113
976600,0.021367549896240234,1783519591.4456887
976700,0.010181805118918419,1783519597.7330167
976800,0.008970677852630615,1783519603.8774915
976900,0.02711435779929161,1783519610.206759
977000,0.007092016749083996,1783519616.5793679
977100,0.006592694669961929,1783519622.7463427
977200,0.012382980436086655,1783519628.8690972
977300,0.16159352660179138,1783519635.1721525
977400,0.01671600341796875,1783519641.3768156
977500,0.1348499059677124,1783519647.523447
977600,0.008425503969192505,1783519653.917977
977700,0.051471516489982605,1783519659.943428
977800,0.0126064233481884,1783519666.162229
977900,0.007329313084483147,1783519672.189085
978000,0.011888064444065094,1783519678.1411014
978100,0.05071307346224785,1783519684.2548432
978200,0.9471068382263184,1783519690.3779485
978300,0.015516676008701324,1783519696.712731
978400,0.008691539987921715,1783519702.9090295
978500,0.013129903934895992,1783519709.3458376
978600,0.01015562191605568,1783519715.697866
978700,0.011917464435100555,1783519721.8758187
978800,0.00995697733014822,1783519728.3377795
978900,0.00770185049623251,1783519734.6477065
979000,0.011317799799144268,1783519741.116281
979100,0.010475601069629192,1783519747.7803795
979200,0.013220823369920254,1783519754.1612847
979300,0.0047852518036961555,1783519760.7617266
979400,0.025977713987231255,1783519767.170446
979500,0.013770289719104767,1783519773.528309
979600,1.8909285068511963,1783519779.707102
979700,0.01640813983976841,1783519785.8875196
979800,0.01546961348503828,1783519792.1538558
979900,0.05219326540827751,1783519798.3053818
980000,0.014386381953954697,1783519804.3818033
980100,0.017857016995549202,1783519810.4936926
980200,0.020937461405992508,1783519816.973147
980300,0.008242230862379074,1783519823.075098
980400,0.006318812258541584,1783519829.4163587
980500,0.013881273567676544,1783519835.7460825
980600,0.01916845142841339,1783519842.174328
980700,0.01272260770201683,1783519848.2664876
980800,0.009473497979342937,1783519854.435443
980900,0.009703369811177254,1783519860.681156
981000,0.013930855318903923,1783519866.8574646
981100,0.018449224531650543,1783519873.2353377
981200,0.02189749665558338,1783519879.3185956
981300,0.007820822298526764,1783519885.569797
981400,0.010156827047467232,1783519891.7719429
981500,0.0053216200321912766,1783519897.9038537
981600,0.021202798932790756,1783519903.9270244
981700,0.010503401979804039,1783519909.9613118
981800,0.029459616169333458,1783519916.2645886
981900,0.055846404284238815,1783519922.2329292
982000,0.03669784218072891,1783519928.4077103
982100,0.021638430655002594,1783519934.5562816
982200,6.312644958496094,1783519940.6984797
982300,0.057786621153354645,1783519946.731949
982400,0.08177247643470764,1783519952.8854473
982500,0.012395968660712242,1783519959.1104796
982600,0.05012978985905647,1783519965.3724859
982700,0.012297816574573517,1783519971.6370413
982800,0.06150933727622032,1783519977.8312256
982900,0.03526903688907623,1783519984.0794227
983000,0.1397298276424408,1783519990.3370202
983100,0.030082497745752335,1783519996.321111
983200,0.0042841448448598385,1783520002.519463
983300,0.00894664041697979,1783520008.6361709
983400,0.01338372752070427,1783520014.777846
983500,0.30962100625038147,1783520020.8946488
983600,0.5563726425170898,1783520026.8640275
983700,0.006241079419851303,1783520033.2948222
983800,0.019778016954660416,1783520039.327365
983900,0.02399797923862934,1783520045.553056
984000,0.010150101967155933,1783520051.6512089
984100,0.021129988133907318,1783520058.0483332
984200,0.023047957569360733,1783520064.4578037
984300,0.03529580309987068,1783520070.645801
984400,0.013310141861438751,1783520076.7426755
984500,0.7653342485427856,1783520083.003953
984600,0.4677572250366211,1783520089.3755987
984700,0.04628976434469223,1783520095.5255582
984800,0.007524122949689627,1783520101.725006
984900,0.005544357933104038,1783520107.7452912
985000,0.009633559733629227,1783520113.9626443
985100,0.011477030813694,1783520120.2236328
985200,0.018596166744828224,1783520126.4571013
985300,0.004862377420067787,1783520132.6325257
985400,0.018733583390712738,1783520138.658726
985500,0.04486871883273125,1783520144.8994596
985600,0.13341429829597473,1783520151.1636548
985700,0.014981521293520927,1783520157.5872092
985800,0.008645488880574703,1783520164.018464
985900,0.15030701458454132,1783520170.1780415
986000,0.024741102010011673,1783520176.6243694
986100,0.036195058375597,1783520183.102062
986200,0.03144492208957672,1783520189.4637418
986300,0.0074267033487558365,1783520196.0172424
986400,0.03685987740755081,1783520202.3986402
986500,0.02255910076200962,1783520208.4691956
986600,0.007115250453352928,1783520214.494226
986700,0.005201363004744053,1783520220.655305
986800,0.05332442373037338,1783520226.8608057
986900,0.007545585744082928,1783520232.9019005
987000,0.009346320293843746,1783520239.0309048
987100,0.012923384085297585,1783520245.2106597
987200,0.012735653668642044,1783520251.547968
987300,5.010727405548096,1783520257.770501
987400,0.027602843940258026,1783520263.8037918
987500,0.021867861971259117,1783520270.170759
987600,0.008712498471140862,1783520276.494436
987700,0.010323964059352875,1783520282.8124983
987800,0.010355212725698948,1783520289.4485989
987900,0.010008035227656364,1783520295.60247
988000,0.06476868689060211,1783520301.8829641
988100,0.010427137836813927,1783520308.2154953
988200,0.09535785764455795,1783520314.2732573
988300,0.013791345059871674,1783520320.4501092
988400,0.009910041466355324,1783520326.512065
988500,0.0079965116456151,1783520332.4725132
988600,0.013427176512777805,1783520338.51958
988700,0.019816773012280464,1783520344.5976806
988800,0.07478600740432739,1783520350.6319706
988900,0.005853257142007351,1783520356.7485497
989000,0.02275330014526844,1783520362.9657676
989100,0.012186231091618538,1783520369.2130287
989200,0.009946485050022602,1783520375.2956116
989300,0.007548611611127853,1783520381.3971055
989400,0.3963314890861511,1783520387.798585
989500,0.08889839798212051,1783520393.8633883
989600,0.055021896958351135,1783520400.0621438
989700,0.02279774099588394,1783520406.2003934
989800,0.008005855605006218,1783520412.1598957
989900,0.05745640769600868,1783520418.3525805
990000,0.011673569679260254,1783520424.2578094
990100,0.01984810084104538,1783520430.3144794
990200,0.010824964381754398,1783520436.635539
990300,0.010865963064134121,1783520442.9031
990400,0.012313325889408588,1783520448.9450417
990500,0.007742489688098431,1783520455.1302207
990600,0.0060873194597661495,1783520461.1253154
990700,0.03889688849449158,1783520467.1947281
990800,0.009523607790470123,1783520473.269967
990900,0.005994964390993118,1783520479.4885175
991000,0.007715020328760147,1783520485.5031807
991100,0.015869468450546265,1783520491.7448149
991200,0.006653011776506901,1783520497.9289484
991300,0.006085976958274841,1783520504.1131554
991400,0.007413943763822317,1783520510.075113
991500,0.01606578938663006,1783520516.4469593
991600,0.007215819321572781,1783520522.4585311
991700,0.06005437299609184,1783520528.7203362
991800,0.006254684180021286,1783520535.0122616
991900,0.008249489590525627,1783520541.0867276
992000,0.012759817764163017,1783520547.2318773
992100,0.018872039392590523,1783520553.5039296
992200,0.01832517422735691,1783520559.6452293
992300,0.008916972205042839,1783520565.8203115
992400,0.0070940181612968445,1783520571.9285345
992500,0.02480606734752655,1783520577.9703503
992600,0.008139386773109436,1783520584.3176265
992700,0.012959844432771206,1783520590.5609827
992800,0.02399028278887272,1783520596.6467862
992900,0.08230368793010712,1783520602.9291286
993000,0.07404247671365738,1783520609.180413
993100,8.026588439941406,1783520615.4620621
993200,0.024416154250502586,1783520621.5524402
993300,0.01738082990050316,1783520627.7010658
993400,0.020878050476312637,1783520634.145896
993500,0.016166947782039642,1783520640.4122028
993600,0.012700734660029411,1783520646.4705696
993700,0.008897198364138603,1783520652.6966312
993800,0.007245822809636593,1783520659.0105853
993900,0.007409726269543171,1783520665.7476406
994000,0.18759949505329132,1783520671.9420595
994100,0.010224639438092709,1783520678.3754559
994200,0.8974621295928955,1783520684.6987798
994300,0.016041429713368416,1783520690.9761279
994400,0.013936018571257591,1783520697.517019
994500,0.006750466767698526,1783520703.8327265
994600,0.030014144256711006,1783520710.0983803
994700,0.013031563721597195,1783520716.360731
994800,0.00997534766793251,1783520722.7939727
994900,0.011532776057720184,1783520729.0997179
995000,0.017327317968010902,1783520735.3134096
995100,0.02607414498925209,1783520741.6693776
995200,0.01114821806550026,1783520747.819232
995300,0.13212719559669495,1783520754.174327
995400,0.020252980291843414,1783520760.333701
995500,0.009426549077033997,1783520766.5763385
995600,0.021063439548015594,1783520772.7803464
995700,0.012245455756783485,1783520778.9697137
995800,0.00839512050151825,1783520785.2698736
995900,0.006546438671648502,1783520791.389285
996000,0.011651057749986649,1783520797.7744005
996100,0.0044059716165065765,1783520803.8390188
996200,0.006175372749567032,1783520810.1198747
996300,0.01908770576119423,1783520816.4960594
996400,1.0188368558883667,1783520823.012903
996500,0.030875589698553085,1783520829.291532
996600,0.02055259421467781,1783520835.4581337
996700,0.024097494781017303,1783520841.5274105
996800,0.010482743382453918,1783520847.7525249
996900,0.024342745542526245,1783520854.0152235
997000,0.011488091200590134,1783520860.274722
997100,0.0104196947067976,1783520866.5687425
997200,0.011199364438652992,1783520872.8085856
997300,0.09485670924186707,1783520878.9161465
997400,0.00820436142385006,1783520885.1198506
997500,0.016250580549240112,1783520891.373479
997600,0.006625772453844547,1783520897.539941
997700,0.009600915014743805,1783520903.8811553
997800,0.04778696224093437,1783520910.0177488
997900,0.0112965889275074,1783520916.3274255
998000,0.004801181145012379,1783520922.4605405
998100,0.010113930329680443,1783520928.8340087
998200,0.08621326833963394,1783520934.87463
998300,0.002950644353404641,1783520940.9570794
998400,0.011377866379916668,1783520947.0601823
998500,0.009187772870063782,1783520953.248183
998600,5.270791053771973,1783520959.4066432
998700,0.027788881212472916,1783520965.5764794
998800,0.016146432608366013,1783520972.0431025
998900,0.011357678100466728,1783520978.108525
999000,0.022541668266057968,1783520984.4893894
999100,0.04136047512292862,1783520990.3681462
999200,0.01762131042778492,1783520996.51107
999300,1.455673336982727,1783521002.6458623
999400,0.028599625453352928,1783521008.7534282
999500,0.003989197313785553,1783521014.8719893
999600,0.007509483024477959,1783521021.200481
999700,0.01482895202934742,1783521027.3268704
999800,0.013758779503405094,1783521033.5083418
999900,0.1010286808013916,1783521039.5300367
1000000,0.015950893983244896,1783524481.7276323
1000100,0.015136424452066422,1783524644.2804618
1000200,0.023347441107034683,1783524650.6206634
1000300,5.596152305603027,1783524656.7554104
1000400,0.010351099073886871,1783524662.9601355
1000500,0.009935727342963219,1783524669.2776103
1000600,0.019611507654190063,1783524675.905637
1000700,0.006363323424011469,1783524682.110366
1000800,0.033779989928007126,1783524688.252409
1000900,0.0053736018016934395,1783524694.6419408
1001000,0.06256278604269028,1783524700.8941567
1001100,0.005446812137961388,1783524707.2057328
1001200,0.029249822720885277,1783524713.4446213
1001300,0.032289620488882065,1783524719.9604895
1001400,0.011098596267402172,1783524726.1442094
1001500,0.043792273849248886,1783524732.1462517
1001600,0.011463903822004795,1783524738.3796058
1001700,0.014538757503032684,1783524744.7739275
1001800,0.008336684666574001,1783524750.8123708
1001900,0.015204580500721931,1783524757.019829
1002000,0.01418387982994318,1783524763.2266278
1002100,0.019343603402376175,1783524769.7341416
1002200,0.010291757062077522,1783524776.1301386
1002300,0.010099584236741066,1783524782.5401635
1002400,0.030903255566954613,1783524788.9138613
1002500,0.0184796042740345,1783524795.1093674
1002600,0.009589077904820442,1783524801.3538055
1002700,0.009240016341209412,1783524807.6521776
1002800,0.017894862219691277,1783524813.9094584
1002900,0.006654228083789349,1783524820.2677684
1003000,0.006815687287598848,1783524826.4574373
1003100,0.010902155190706253,1783524833.1973414
1003200,0.006674156524240971,1783524839.4891663
1003300,0.004241201560944319,1783524845.8097117
1003400,0.008173231035470963,1783524851.9767523
1003500,0.006733091548085213,1783524858.3765895
1003600,0.006470784544944763,1783524864.7182438
1003700,0.013330774381756783,1783524871.463068
1003800,0.018003182485699654,1783524877.967365
1003900,0.014650335535407066,1783524884.331217
1004000,0.006472589448094368,1783524890.4389312
1004100,0.007319674827158451,1783524896.8204732
1004200,0.009239178150892258,1783524903.1368706
1004300,0.006064623594284058,1783524909.4987943
1004400,0.006189596839249134,1783524915.9137762
1004500,0.0165207851678133,1783524922.229203
1004600,0.010838834568858147,1783524928.599912
1004700,0.0667395144701004,1783524934.792024
1004800,0.014875135384500027,1783524941.1994174
1004900,0.008907470852136612,1783524947.3607612
1005000,0.06096286699175835,1783524953.5588522
1005100,0.00808676052838564,1783524959.752896
1005200,0.011650558561086655,1783524966.0531228
1005300,0.0042033204808831215,1783524972.2200282
1005400,0.010559450834989548,1783524978.4147882
1005500,0.006412973627448082,1783524984.6538675
1005600,2.1776938438415527,1783524990.8928037
1005700,0.04726343974471092,1783524996.999746
1005800,0.5697432160377502,1783525003.3522227
1005900,0.007768614683300257,1783525009.5096245
1006000,0.008033379912376404,1783525015.754262
1006100,0.008142546750605106,1783525021.955789
1006200,0.028410786762833595,1783525028.355907
1006300,0.021696647629141808,1783525034.5148747
1006400,0.013248972594738007,1783525041.0017147
1006500,0.00751002412289381,1783525047.2492228
1006600,0.015903949737548828,1783525053.242156
1006700,0.1028631180524826,1783525059.4593632
1006800,0.017557291314005852,1783525065.759862
1006900,0.17552191019058228,1783525072.3644714
1007000,0.06558042019605637,1783525078.6773863
1007100,0.08883699774742126,1783525084.8631866
1007200,6.706131935119629,1783525091.1868887
1007300,0.15373322367668152,1783525097.4338574
1007400,0.049990665167570114,1783525103.7427197
1007500,0.004596545360982418,1783525110.0097654
1007600,0.014120560139417648,1783525116.3359163
1007700,0.06519727408885956,1783525122.4698048
1007800,0.0162788275629282,1783525128.7437088
1007900,0.006174251437187195,1783525135.12177
1008000,0.00656622601673007,1783525141.4844766
1008100,0.013573233969509602,1783525147.8267353
1008200,0.0045841652899980545,1783525154.1972783
1008300,0.012002784758806229,1783525160.5191057
1008400,0.011615644209086895,1783525166.9432244
1008500,0.008081388659775257,1783525173.3085818
1008600,0.01071491464972496,1783525179.533105
1008700,0.0688539668917656,1783525185.9707494
1008800,0.006326707080006599,1783525192.2650106
1008900,0.007400807924568653,1783525198.753364
1009000,0.03494642674922943,1783525205.1135778
1009100,0.005704319104552269,1783525211.4671283
1009200,0.027478987351059914,1783525218.1276164
1009300,0.03401539847254753,1783525224.5767148
1009400,0.06230049580335617,1783525230.8026948
1009500,0.007647645194083452,1783525237.2091005
1009600,0.02646571770310402,1783525243.473549
1009700,0.016625432297587395,1783525249.9960158
1009800,0.007427692878991365,1783525256.2282171
1009900,0.010143819265067577,1783525262.5601053
1010000,0.014115631580352783,1783525268.6792572
1010100,0.006369925569742918,1783525274.7026637
1010200,0.09787087887525558,1783525280.894187
1010300,0.010040916502475739,1783525286.9117904
1010400,0.03090750053524971,1783525293.1825476
1010500,0.019037697464227676,1783525299.3830426
1010600,0.017362233251333237,1783525305.7490132
1010700,0.003660269547253847,1783525311.868257
1010800,0.02932276763021946,1783525318.0858335
1010900,0.021135112270712852,1783525324.2121902
1011000,0.007878771051764488,1783525330.5442114
1011100,0.011398933827877045,1783525336.8017147
1011200,0.025490786880254745,1783525342.921483
1011300,0.010741952806711197,1783525349.0296576
1011400,0.06660319864749908,1783525355.5273778
1011500,0.011175447143614292,1783525361.8908927
1011600,0.25853562355041504,1783525368.2060056
1011700,0.0067472998052835464,1783525374.331743
1011800,0.005378567613661289,1783525380.673284
1011900,0.008367172442376614,1783525386.612926
1012000,0.01170218363404274,1783525392.8471653
1012100,0.021927285939455032,1783525398.9968047
1012200,0.00872864481061697,1783525405.0588593
1012300,0.005724368151277304,1783525411.0324273
1012400,0.1366337090730667,1783525417.4804413
1012500,0.00848239753395319,1783525423.4189646
1012600,0.26780498027801514,1783525429.7589016
1012700,0.005636326968669891,1783525435.7721448
1012800,0.01222019549459219,1783525441.6740453
1012900,0.009112458676099777,1783525447.695782
1013000,0.026012390851974487,1783525453.8615534
1013100,0.006176712457090616,1783525460.0307724
1013200,0.011378075927495956,1783525466.0032115
1013300,0.0631435215473175,1783525471.8303905
1013400,0.00884261168539524,1783525477.9226928
1013500,0.09842213988304138,1783525484.1279192
1013600,0.011908454820513725,1783525490.0482986
1013700,0.014377454295754433,1783525496.3157122
1013800,0.005623446777462959,1783525502.579156
1013900,0.00802180077880621,1783525508.7216187
1014000,0.007547269109636545,1783525515.1333728
1014100,0.10906649380922318,1783525521.4312088
1014200,0.10619424283504486,1783525527.8766098
1014300,0.17129451036453247,1783525534.450957
1014400,0.009255124256014824,1783525540.2517455
1014500,0.008689811453223228,1783525546.5576665
1014600,0.007162697147578001,1783525552.6874585
1014700,0.018847713246941566,1783525558.6879895
1014800,0.004398021847009659,1783525565.127737
1014900,0.011188645847141743,1783525571.0757508
1015000,0.004149386193603277,1783525577.5713587
1015100,0.009857291355729103,1783525584.0470607
1015200,0.0037875324487686157,1783525590.1309757
1015300,0.009185638278722763,1783525596.4541821
1015400,0.1084156185388565,1783525602.2650015
1015500,0.00641259178519249,1783525608.852258
1015600,0.006588096730411053,1783525614.8110428
1015700,0.0078050983138382435,1783525620.9899924
1015800,0.015005775727331638,1783525627.0465086
1015900,0.05327770113945007,1783525633.2006805
1016000,0.013368384912610054,1783525639.4722133
1016100,0.015769530087709427,1783525645.413374
1016200,0.14037789404392242,1783525651.5111685
1016300,0.027728630229830742,1783525657.5323427
1016400,0.018601439893245697,1783525663.654917
1016500,0.04023522138595581,1783525669.921144
1016600,0.008648263290524483,1783525676.4993253
1016700,0.0168114323168993,1783525682.3932168
1016800,0.008026475086808205,1783525688.5776463
1016900,0.01328377053141594,1783525694.5865157
1017000,0.022977454587817192,1783525700.9684732
1017100,0.06457899510860443,1783525707.276562
1017200,0.010391171090304852,1783525713.47463
1017300,0.0679260641336441,1783525719.7919219
1017400,0.034908927977085114,1783525725.988395
1017500,0.32773029804229736,1783525732.2823434
1017600,0.035180628299713135,1783525738.6009958
1017700,0.04876786097884178,1783525744.825624
1017800,0.17252664268016815,1783525751.3146348
1017900,0.057233888655900955,1783525757.6832037
1018000,0.3728150427341461,1783525763.8396406
1018100,3.9254021644592285,1783525769.8736014
1018200,0.6604961156845093,1783525776.3456066
1018300,0.2651078999042511,1783525782.5308795
1018400,0.014309294521808624,1783525788.6898785
1018500,0.013763030990958214,1783525794.7805269
1018600,0.01051526889204979,1783525800.9010806
1018700,0.009195955470204353,1783525807.1132119
1018800,0.018594752997159958,1783525813.4763663
1018900,0.006909321527928114,1783525819.8142674
1019000,0.00946279801428318,1783525825.8775728
1019100,0.008004482835531235,1783525832.2311184
1019200,0.012104077264666557,1783525838.5291436
1019300,0.06010511517524719,1783525844.6057336
1019400,0.10627869516611099,1783526666.4239213
1019500,0.007738315965980291,1783526672.5483038
1019600,0.004966968670487404,1783526678.9158947
1019700,1.1933975219726562,1783526685.3479385
1019800,0.005772565491497517,1783526692.0002906
1019900,0.014797132462263107,1783526698.6105685
1020000,0.00612997729331255,1783526704.9441853
1020100,0.013854636810719967,1783526711.405176
1020200,0.006621905602514744,1783526717.801643
1020300,0.008764231577515602,1783526724.0474162
1020400,0.13579095900058746,1783526730.1251304
1020500,0.008582144044339657,1783526736.3188357
1020600,0.003453474026173353,1783526742.5146978
1020700,0.03663034737110138,1783526748.6650598
1020800,0.0073899803683161736,1783526754.7579436
1020900,0.016617046669125557,1783526761.0187614
1021000,0.014312979765236378,1783526767.0121434
1021100,0.008895141072571278,1783526773.2857542
1021200,0.012329480610787868,1783526779.4120443
1021300,0.014702611602842808,1783526785.5881424
1021400,0.010252203792333603,1783526791.780069
1021500,0.007962687872350216,1783526798.3643658
1021600,0.007761582266539335,1783526804.8041766
1021700,0.059405431151390076,1783526811.0014982
1021800,0.024716928601264954,1783526817.2669783
1021900,0.0072440579533576965,1783526823.283665
1022000,0.013389293104410172,1783526829.6477711
1022100,0.007443438284099102,1783526836.1070454
1022200,0.0069602434523403645,1783526842.2260861
1022300,0.03928541764616966,1783526848.3069835
1022400,0.01211828738451004,1783526854.305531
1022500,0.005381940398365259,1783526860.3071234
1022600,0.01459695678204298,1783526866.510331
1022700,0.004010782577097416,1783526872.4451559
1022800,0.005055968649685383,1783526878.514772
1022900,0.030616188421845436,1783526884.6270635
1023000,0.01048552431166172,1783526890.7290654
1023100,0.009102480486035347,1783526896.9770257
1023200,0.024367254227399826,1783526903.1212492
1023300,0.029120802879333496,1783526909.4297318
1023400,0.006443745922297239,1783526915.7311642
1023500,0.017115570604801178,1783526921.9875128
1023600,0.00718391127884388,1783526928.2406764
1023700,0.08908411115407944,1783526934.5301452
1023800,0.006740842945873737,1783526940.8603735
1023900,0.011936275288462639,1783526947.1131728
1024000,0.010512800887227058,1783526953.317343
1024100,0.0086249690502882,1783526959.4972727
1024200,0.007950818166136742,1783526965.6881657
1024300,0.01643994078040123,1783526971.6677527
1024400,0.01947186142206192,1783526977.9738884
1024500,0.009810758754611015,1783526983.9646196
1024600,0.003909708466380835,1783526990.2012553
1024700,0.008815601468086243,1783526996.1929905
1024800,1.9174129962921143,1783527002.2664647
1024900,0.00937385018914938,1783527008.3969767
1025000,0.008239075541496277,1783527014.4451625
1025100,0.017328202724456787,1783527168.3264375
1025200,0.026739826425909996,1783527174.3798068
1025300,0.02434726059436798,1783527180.4388957
1025400,0.03675641864538193,1783527186.6695879
1025500,0.012662562541663647,1783527192.6165657
1025600,0.03903806954622269,1783527198.9910612
1025700,0.013100315816700459,1783527205.3326707
1025800,0.016935095191001892,1783527211.3037505
1025900,0.012610678561031818,1783527217.5569153
1026000,0.33656126260757446,1783527223.8790207
1026100,0.022931326180696487,1783527230.1097982
1026200,0.0216070469468832,1783527236.252942
1026300,0.03761592134833336,1783527242.462164
1026400,0.15331518650054932,1783527248.4743998
1026500,0.026323294267058372,1783527254.6937315
1026600,0.004647186957299709,1783527260.8179288
1026700,0.019738994538784027,1783527267.2163932
1026800,0.007418909575790167,1783527273.6547744
1026900,0.029374273493885994,1783527279.6117022
1027000,0.007697771303355694,1783527285.8978631
1027100,0.010765941813588142,1783527292.1432602
1027200,0.035074908286333084,1783527298.4921196
1027300,0.0424194410443306,1783527304.769234
1027400,0.04986386001110077,1783527310.805117
1027500,0.018099689856171608,1783527317.033793
1027600,0.03110438771545887,1783527323.206842
1027700,0.010512696579098701,1783527329.6281095
1027800,0.007043137215077877,1783527335.8001826
1027900,0.0071577937342226505,1783527342.2023084
1028000,0.005291070323437452,1783527348.658787
1028100,0.009565223939716816,1783527354.994447
1028200,0.008899126201868057,1783527361.3938262
1028300,0.8541975617408752,1783527367.5155063
1028400,0.00804135762155056,1783527373.6867507
1028500,0.005610358901321888,1783527379.9693747
1028600,0.013876480050384998,1783527386.1498535
1028700,0.005508251488208771,1783527392.3910441
1028800,0.005196798592805862,1783527398.685811
1028900,0.014034811407327652,1783527404.988772
1029000,0.006780664436519146,1783527411.0885885
1029100,0.030480125918984413,1783527417.5282311
1029200,0.011967066675424576,1783527423.8201332
1029300,0.01185595989227295,1783527429.9332113
1029400,0.005377305205911398,1783527435.92373
1029500,0.10304918885231018,1783527442.2950842
1029600,0.005750729702413082,1783527448.657697
1029700,0.008050031960010529,1783527454.8262103
1029800,0.016776232048869133,1783527460.8995128
1029900,0.00571658369153738,1783527467.4065669
1030000,0.005522604566067457,1783527473.594996
1030100,0.23525124788284302,1783527479.8361654
1030200,0.012108337134122849,1783527486.006762
1030300,0.03786521777510643,1783527492.3710995
1030400,0.008085066452622414,1783527498.4387121
1030500,0.006758904550224543,1783527504.6582
1030600,0.004049241077154875,1783527510.708601
1030700,0.06746797263622284,1783527516.974015
1030800,0.11992926150560379,1783527523.4067516
1030900,0.007093335967510939,1783527529.7981
1031000,0.012257229536771774,1783527536.1509666
1031100,0.011055884882807732,1783527542.4615717
1031200,0.01385575346648693,1783527548.6227417
1031300,0.01871497929096222,1783527554.908323
1031400,6.093105316162109,1783527561.1481912
1031500,0.010948717594146729,1783527567.5100894
1031600,0.0068688904866576195,1783527573.9788122
1031700,0.008047442883253098,1783527580.3027241
1031800,0.5292080044746399,1783527586.6034026
1031900,2.181891679763794,1783527592.9305646
1032000,0.04327424243092537,1783527599.0850167
1032100,0.005704592913389206,1783527605.2104006
1032200,0.01674630492925644,1783527611.5720482
1032300,0.0420868806540966,1783527617.7951384
1032400,0.006952983792871237,1783527624.0382288
1032500,0.0046354420483112335,1783527630.2332797
1032600,0.004110531881451607,1783527636.7265913
1032700,0.008023284375667572,1783527643.1409488
1032800,0.6508363485336304,1783527649.5808377
1032900,0.012066427618265152,1783527655.8702636
1033000,0.008655513636767864,1783527662.0362973
1033100,0.01997603103518486,1783527668.2737365
1033200,0.01757342740893364,1783527674.60075
1033300,0.003913745284080505,1783527680.806418
1033400,0.005928196478635073,1783527687.1500864
1033500,0.008320143446326256,1783527693.1329823
1033600,0.04242092743515968,1783527699.091815
1033700,0.02957260049879551,1783527705.1953397
1033800,0.006994572002440691,1783527711.4742265
1033900,0.014425871893763542,1783527717.6270986
1034000,1.4124342203140259,1783527723.8986502
1034100,0.009581595659255981,1783527729.972428
1034200,0.007560270838439465,1783527736.361404
1034300,0.013909617438912392,1783527742.727799
1034400,0.014833984896540642,1783527749.0474584
1034500,0.007566994056105614,1783527755.3525326
1034600,0.07530177384614944,1783527761.6171694
1034700,0.0157407745718956,1783527768.0523884
1034800,3.4880990982055664,1783527774.1846864
1034900,0.0110776387155056,1783527780.2275126
1035000,0.012143797241151333,1783527786.3079984
1035100,0.004489607643336058,1783527792.5907693
1035200,0.01380821131169796,1783527798.8376255
1035300,0.008350247517228127,1783527805.136027
1035400,0.0269340667873621,1783527811.5405107
1035500,0.008018221706151962,1783527817.5426104
1035600,0.005342728924006224,1783527823.7438257
1035700,0.020914850756525993,1783527830.0704174
1035800,0.008371775969862938,1783527836.1997793
1035900,0.016006547957658768,1783527842.4215703
1036000,0.005981298163533211,1783527848.6940477
1036100,0.009775472804903984,1783527854.9127922
1036200,0.008110915310680866,1783527861.0852408
1036300,0.006856521591544151,1783527867.1031988
1036400,0.012926093302667141,1783527873.3297741
1036500,0.019688408821821213,1783527879.5523057
1036600,0.01471615582704544,1783527885.7021916
1036700,0.007480193395167589,1783527892.0867796
1036800,0.010075325146317482,1783527898.1882455
1036900,0.012250645086169243,1783527904.41636
1037000,0.0047614434733986855,1783527910.6339
1037100,0.028536956757307053,1783527916.800884
1037200,0.006281181238591671,1783527922.9013593
1037300,0.016956301406025887,1783527929.0135796
1037400,0.004194510634988546,1783527935.305529
1037500,0.0048375544138252735,1783527941.6772149
1037600,0.880544126033783,1783527947.9049242
1037700,0.00948347058147192,1783527954.1543229
1037800,0.01002073846757412,1783527960.4055686
1037900,0.1695016324520111,1783527966.6025016
1038000,0.009913315065205097,1783527973.060982
1038100,0.010375640355050564,1783527979.5171711
1038200,2.058115005493164,1783527985.900418
1038300,0.13389280438423157,1783527992.3000264
1038400,0.2352978140115738,1783527998.3557909
1038500,0.10297003388404846,1783528004.5087404
1038600,0.12882117927074432,1783528010.8096766
1038700,0.008191470056772232,1783528017.0252252
1038800,0.10659300535917282,1783528023.3585134
1038900,0.006855610758066177,1783528029.4208386
1039000,0.03646443784236908,1783528035.5727167
1039100,0.0709480419754982,1783528041.5994148
1039200,0.037426892668008804,1783528047.7007513
1039300,0.006008447613567114,1783528053.844854
1039400,0.004694066010415554,1783528060.3307617
1039500,1.1190996170043945,1783528066.658736
1039600,0.040696483105421066,1783528072.7278206
1039700,0.014482521452009678,1783528078.8116033
1039800,0.007541227154433727,1783528084.9188275
1039900,0.009744847193360329,1783528091.2084877
1040000,0.02339198999106884,1783528097.267026
1040100,0.0159783773124218,1783528103.4139712
1040200,0.005030561238527298,1783528109.6041834
1040300,0.008750380016863346,1783528115.9880142
1040400,0.013279839418828487,1783528122.2590065
1040500,0.007809540722519159,1783528128.5525572
1040600,0.01339433528482914,1783528134.9455633
1040700,0.028751889243721962,1783528141.009022
1040800,0.012300063855946064,1783528147.1448126
1040900,0.33463695645332336,1783528153.2307527
1041000,0.015525947324931622,1783528159.570236
1041100,0.016909101977944374,1783528165.7183027
1041200,0.0037413728423416615,1783528172.0615656
1041300,0.011684520170092583,1783528178.3059466
1041400,0.008400991559028625,1783528184.5938525
1041500,0.008403872139751911,1783528190.6921933
1041600,0.08872868120670319,1783528196.7557683
1041700,0.0076146721839904785,1783528203.0721276
1041800,0.017293594777584076,1783528209.3502474
1041900,0.029774118214845657,1783528215.3080876
1042000,0.005486592650413513,1783528222.0090704
1042100,0.007002046797424555,1783528228.4845939
1042200,0.028795886784791946,1783528234.647587
1042300,0.005703803151845932,1783528240.6709151
1042400,0.009786335751414299,1783528246.891903
1042500,0.240249365568161,1783528253.1163628
1042600,0.057687003165483475,1783528259.4118032
1042700,0.02895905077457428,1783528265.6484568
1042800,0.012537357397377491,1783528271.9265609
1042900,0.06643670052289963,1783528278.1214898
1043000,0.011328339576721191,1783528284.4497945
1043100,0.014950740151107311,1783528290.7414129
1043200,0.017773400992155075,1783528297.0668836
1043300,0.07349150627851486,1783528303.3697085
1043400,0.019031286239624023,1783528309.6130192
1043500,0.6287672519683838,1783528315.7566495
1043600,0.010615789331495762,1783528322.055158
1043700,0.011997204273939133,1783528328.3569005
1043800,0.010448825545608997,1783528334.4333103
1043900,0.005360872019082308,1783528340.6101506
1044000,0.004960793536156416,1783528346.9876316
1044100,0.017862878739833832,1783528353.0165184
1044200,3.591898202896118,1783528359.5266147
1044300,0.003207170870155096,1783528365.697268
1044400,0.060928624123334885,1783528372.029596
1044500,0.05205308645963669,1783528378.307403
1044600,0.04557162895798683,1783528384.5588737
1044700,0.0075810980051755905,1783528390.979211
1044800,0.01361851580440998,1783528397.051172
1044900,0.011682597920298576,1783528403.2377486
1045000,0.007063326425850391,1783528409.479215
1045100,0.03721287101507187,1783528415.6660812
1045200,0.008370105177164078,1783528421.9878516
1045300,0.03469567745923996,1783528427.9877264
1045400,0.2470792979001999,1783528434.0066435
1045500,0.006697073113173246,1783528440.093556
1045600,0.005981178022921085,1783528446.2904193
1045700,0.008457628078758717,1783528452.5907698
1045800,0.46284031867980957,1783528458.8600802
1045900,0.017765600234270096,1783528465.323445
1046000,0.013687754049897194,1783528471.5006728
1046100,0.00607836339622736,1783528477.5232806
1046200,0.010005916468799114,1783528483.9914474
1046300,0.0106879323720932,1783528490.033778
1046400,0.0038175941444933414,1783528496.2480915
1046500,0.007336879149079323,1783528502.4102225
1046600,0.012868796475231647,1783528508.738896
1046700,0.004099596291780472,1783528514.8770547
1046800,0.05410561338067055,1783528521.3144221
1046900,0.34878939390182495,1783528527.5516906
1047000,4.191991806030273,1783528533.6187022
1047100,0.004221625626087189,1783528539.8634171
1047200,0.021156031638383865,1783528546.0297925
1047300,0.007189328782260418,1783528552.4344852
1047400,0.05649128556251526,1783528558.4382114
1047500,0.00938386470079422,1783528564.7326944
1047600,0.009867927059531212,1783528571.110715
1047700,0.01188206672668457,1783528577.348255
1047800,0.02220429852604866,1783528583.5212307
1047900,0.024593712761998177,1783528589.669176
1048000,0.00684328842908144,1783528595.9954882
1048100,0.0195123553276062,1783528602.3012495
1048200,0.004181103780865669,1783528608.5348175
1048300,0.00988180935382843,1783528614.976041
1048400,0.008528288453817368,1783528621.1393948
1048500,0.003915330395102501,1783528627.2267184
1048600,0.024007149040699005,1783528633.5121324
1048700,0.013688137754797935,1783528639.5404184
1048800,0.008960624225437641,1783528645.6364613
1048900,0.006437859497964382,1783528651.6869543
1049000,0.008073605597019196,1783528657.8563688
1049100,0.02378210797905922,1783528663.9319391
1049200,0.017407570034265518,1783528669.9720576
1049300,0.3608188331127167,1783528676.1100059
1049400,0.01013164035975933,1783528682.2092457
1049500,0.009969104081392288,1783528688.7575107
1049600,0.009930737316608429,1783528694.7631357
1049700,0.011271027848124504,1783528700.9983864
1049800,0.025750411674380302,1783528707.3012068
1049900,0.008521761745214462,1783528713.5388522
1050000,0.03062920644879341,1783603952.4929702
1050100,0.012906964868307114,1783604104.1899598
1050200,0.008383144624531269,1783604110.1609857
1050300,0.0070695276372134686,1783604116.4014304
1050400,0.011289256624877453,1783604122.4515283
1050500,0.009251559153199196,1783604128.2711198
1050600,0.00829305313527584,1783604134.2497838
1050700,0.011340096592903137,1783604140.3899696
1050800,0.015865474939346313,1783604146.5873835
1050900,0.026704775169491768,1783604152.7725363
1051000,0.012874763458967209,1783604158.8958814
1051100,1.5387458801269531,1783604165.2123146
1051200,0.1125195175409317,1783604171.5979328
1051300,0.010264151729643345,1783604177.7811108
1051400,0.025342918932437897,1783604183.7590935
1051500,0.030438318848609924,1783604190.0656836
1051600,0.00825803168118,1783604196.2414503
1051700,0.019435901194810867,1783604202.4503577
1051800,0.00889272429049015,1783604208.5289419
1051900,0.011899428442120552,1783604214.516779
1052000,0.01132388785481453,1783604220.4350328
1052100,0.012640729546546936,1783604226.5523221
1052200,0.017696266993880272,1783604232.6655028
1052300,7.292539596557617,1783604238.9003248
1052400,0.03249381110072136,1783604244.9175603
1052500,0.1393735557794571,1783604251.3550594
1052600,0.009528779424726963,1783604257.4451506
1052700,0.0064926426857709885,1783604263.4158943
1052800,0.010848131962120533,1783604269.3235395
1052900,0.004517257213592529,1783604275.266284
1053000,0.017788641154766083,1783604281.3447828
1053100,0.3240853250026703,1783604287.2532902
1053200,0.008786730468273163,1783604293.1391559
1053300,0.1355312168598175,1783604299.168008
1053400,0.00915947649627924,1783604305.2697537
1053500,0.008738944306969643,1783604311.4074314
1053600,0.02604745142161846,1783604317.4596164
1053700,0.021548982709646225,1783604323.642822
1053800,0.01762336865067482,1783604329.8743966
1053900,0.011994295753538609,1783604335.8898287
1054000,5.3558149337768555,1783604341.9416165
1054100,0.04373186081647873,1783604348.1683745
1054200,0.04444010555744171,1783604354.532374
1054300,0.00784006342291832,1783604360.6109269
1054400,0.07904890924692154,1783604366.833468
1054500,0.006177464500069618,1783604372.9026036
1054600,0.013496974483132362,1783604379.1788216
1054700,0.01983640156686306,1783604385.4603145
1054800,0.030543643981218338,1783604391.4532995
1054900,0.005855297204107046,1783604397.4917614
1055000,0.018717557191848755,1783604403.5576591
1055100,0.006314387544989586,1783604409.7948713
1055200,0.12176784127950668,1783604416.042519
1055300,0.003542783670127392,1783604422.2402525
1055400,0.021970398724079132,1783604428.450846
1055500,0.012839695438742638,1783604434.5401027
1055600,0.21784508228302002,1783604440.698337
1055700,0.010016070678830147,1783604446.9592547
1055800,0.029996758326888084,1783604453.1891975
1055900,0.02165004052221775,1783604459.412168
1056000,0.008666293695569038,1783604465.5416226
1056100,0.012560036964714527,1783604471.664141
1056200,0.007789038587361574,1783604477.8617144
1056300,0.004483490716665983,1783604484.3389273
1056400,0.006773054134100676,1783604490.5164506
1056500,8.491424560546875,1783604496.7756205
1056600,0.005625726655125618,1783604502.8038003
1056700,0.012290580198168755,1783604508.7970948
1056800,0.009157082065939903,1783604514.7058177
1056900,0.018152568489313126,1783604520.9256814
1057000,0.010202491655945778,1783604527.092522
1057100,0.007895797491073608,1783604533.5423522
1057200,0.007548808585852385,1783604539.84948
1057300,0.005848565138876438,1783604546.0345068
1057400,0.005334754940122366,1783604552.21809
1057500,0.006398230791091919,1783604558.4596372
1057600,0.011889168992638588,1783604564.6440864
1057700,0.019328046590089798,1783604570.8924222
1057800,0.005390354432165623,1783604577.0065136
1057900,0.0466172955930233,1783604583.2117276
1058000,0.007839914411306381,1783604589.412092
1058100,0.004107889719307423,1783604595.739065
1058200,0.010242695920169353,1783604601.9583955
1058300,0.013469018042087555,1783604607.9647856
1058400,0.012989193201065063,1783604614.009116
1058500,0.014853820204734802,1783604619.9453068
1058600,0.007698294706642628,1783604626.05684
1058700,0.020851530134677887,1783604632.1721213
1058800,0.012684033252298832,1783604638.197573
1058900,0.023807011544704437,1783604644.4039733
1059000,0.005919062532484531,1783604650.594548
1059100,0.013624192215502262,1783604656.6850402
1059200,0.021533990278840065,1783604662.7254412
1059300,0.021056095138192177,1783604669.1479096
1059400,0.027178585529327393,1783604675.1985114
1059500,0.018185872584581375,1783604681.2056053
1059600,0.009367735125124454,1783604687.3854282
1059700,0.016588415950536728,1783604693.4847403
1059800,0.009620456025004387,1783604699.7069438
1059900,0.023698510602116585,1783604705.8224926
1060000,0.01655208319425583,1783604712.070478
1060100,0.0036518950946629047,1783604718.1959603
1060200,0.005648600868880749,1783604724.4697223
1060300,0.012041768059134483,1783604730.7256446
1060400,0.008907211013138294,1783604737.0201616
1060500,0.024731166660785675,1783604743.0376775
1060600,1.174613118171692,1783604749.361719
1060700,0.011173482984304428,1783604755.1931143
1060800,0.010632827877998352,1783604761.5055132
1060900,0.007700551301240921,1783604767.5451694
1061000,0.005967610515654087,1783604773.8121545
1061100,0.008296238258481026,1783604780.0010731
1061200,0.06929957121610641,1783604786.0691056
1061300,0.017941128462553024,1783604792.1495428
1061400,0.012205278500914574,1783604798.1477447
1061500,0.015885427594184875,1783604804.5107577
1061600,0.00841764360666275,1783604810.7493858
1061700,0.009430368430912495,1783604817.0396032
1061800,0.008491402491927147,1783604823.1259203
1061900,0.00967961736023426,1783604829.0613523
1062000,0.011076465249061584,1783604835.1372013
1062100,0.013712364248931408,1783604841.1903229
1062200,0.022280246019363403,1783604847.1674929
1062300,0.1292814016342163,1783604853.469041
1062400,0.016048891469836235,1783604859.4915323
1062500,0.009998156689107418,1783604865.524637
1062600,0.006596854887902737,1783604871.683469
1062700,0.006240195594727993,1783604877.7436132
1062800,0.006352050695568323,1783604884.198356
1062900,0.0036727304104715586,1783604890.5658433
1063000,0.007375355809926987,1783604896.7294688
1063100,0.006363174878060818,1783604903.1928575
1063200,0.007103386335074902,1783604909.3167005
1063300,0.007775575388222933,1783604915.4429135
1063400,0.009040464647114277,1783604921.370745
1063500,0.011258253827691078,1783604927.728105
1063600,0.13480837643146515,1783604933.7854939
1063700,0.012169485911726952,1783604939.7608361
1063800,0.01504912693053484,1783604945.7402406
1063900,0.026190944015979767,1783604951.9247546
1064000,0.07952400296926498,1783604957.861259
1064100,0.010311257094144821,1783604964.027645
1064200,0.008500510826706886,1783604970.1766818
1064300,0.009062295779585838,1783604976.125715
1064400,0.00810161791741848,1783604982.3812444
1064500,0.011117001995444298,1783604988.3191643
1064600,0.011081364005804062,1783604994.55105
1064700,0.007309896871447563,1783605000.8891098
1064800,0.2770613729953766,1783605007.014967
1064900,1.1449227333068848,1783605013.3146956
1065000,0.011261586099863052,1783605019.3781521
1065100,0.006464716512709856,1783605025.5034661
1065200,0.009590808302164078,1783605031.5152264
1065300,0.004742438904941082,1783605037.5678935
1065400,0.03450736030936241,1783605043.83385
1065500,0.00582025945186615,1783605050.252875
1065600,0.0481993705034256,1783605056.317291
1065700,0.011796513572335243,1783605062.684885
1065800,0.06780874729156494,1783605068.9460528
1065900,0.010240131989121437,1783605075.274217
1066000,0.025085633620619774,1783605081.570948
1066100,0.004737165756523609,1783605087.9373252
1066200,0.06011401489377022,1783605094.249347
1066300,0.02019888535141945,1783605100.4913142
1066400,0.007781971711665392,1783605106.6183906
1066500,0.004054827615618706,1783605113.0020635
1066600,0.009780860505998135,1783605119.2254708
1066700,0.0053529562428593636,1783605125.3841016
1066800,0.02143709920346737,1783605131.5566177
1066900,0.019816100597381592,1783605137.9314396
1067000,0.005774722434580326,1783605144.4197958
1067100,0.019631506875157356,1783605150.6102123
1067200,0.012465784326195717,1783605156.7793992
1067300,0.011826464906334877,1783605163.3027656
1067400,0.015737127512693405,1783605169.2851043
1067500,0.010171845555305481,1783605175.5544999
1067600,0.06236094608902931,1783605181.8580484
1067700,0.05194105580449104,1783605187.9872956
1067800,0.005259302444756031,1783605194.1176078
1067900,0.018180500715970993,1783605200.3026016
1068000,0.01561732403934002,1783605206.6634095
1068100,0.9541089534759521,1783605212.6614637
1068200,0.01630191132426262,1783605218.7076113
1068300,0.009709924459457397,1783605224.7311814
1068400,0.5649804472923279,1783605230.9356883
1068500,0.061320558190345764,1783605237.2185605
1068600,0.008282944560050964,1783605243.5676363
1068700,0.04299556091427803,1783605249.6546187
1068800,0.054651111364364624,1783605255.7378027
1068900,0.014665741473436356,1783605261.9300547
1069000,0.008389396592974663,1783605267.9751117
1069100,0.050304196774959564,1783605274.0700002
1069200,0.03916952759027481,1783605280.338433
1069300,0.009769855067133904,1783605286.3834488
1069400,2.8501501083374023,1783605292.6810405
1069500,0.04176871106028557,1783605299.031642
1069600,0.07296134531497955,1783605305.130041
1069700,0.005181124433875084,1783605311.5299592
1069800,0.009524143300950527,1783605317.7535117
1069900,0.010874691419303417,1783605323.9589076
1070000,0.00788990780711174,1783605330.0263422
1070100,0.009328487329185009,1783605336.1057155
1070200,0.3411146402359009,1783605342.4735665
1070300,0.008065996691584587,1783605348.637577
1070400,0.006633009295910597,1783605354.733664
1070500,0.013595976866781712,1783605360.8750281
1070600,0.024513915181159973,1783605367.0691497
1070700,0.10290097445249557,1783605373.2219007
1070800,0.26399898529052734,1783605379.498967
1070900,0.008129989728331566,1783605385.6727076
1071000,0.02697908505797386,1783605391.93957
1071100,0.01332891546189785,1783605398.1197765
1071200,0.0056726704351603985,1783605404.3434267
1071300,0.0070196762681007385,1783605410.3773208
1071400,0.0074297403916716576,1783605416.3830225
1071500,0.12475327402353287,1783605422.4334667
1071600,0.0063892873004078865,1783605428.63182
1071700,0.027068261057138443,1783605434.5387344
1071800,0.00858102086931467,1783605440.7806687
1071900,0.008401674218475819,1783605447.1213827
1072000,0.01015346311032772,1783605453.2050662
1072100,0.007321605458855629,1783605459.4791613
1072200,0.02643529511988163,1783605465.7528045
1072300,0.029789872467517853,1783605472.0542023
1072400,0.0058130426332354546,1783605478.013619
1072500,0.00801866315305233,1783605484.1191683
1072600,0.05378526449203491,1783605490.296427
1072700,0.007277410477399826,1783605496.5002668
1072800,2.44913649559021,1783605502.6180606
1072900,0.005041483324021101,1783605508.539245
1073000,0.012667580507695675,1783605514.675505
1073100,0.031753432005643845,1783605520.6895144
1073200,0.3412444591522217,1783605526.8729796
1073300,0.008596858009696007,1783605532.8329906
1073400,0.03566892817616463,1783605538.9104896
1073500,0.005278130993247032,1783605545.0452962
1073600,0.00810994766652584,1783605551.161222
1073700,7.276195526123047,1783605557.1812198
1073800,0.006878333166241646,1783605563.3515751
1073900,0.010999591089785099,1783605569.4011772
1074000,0.00928023736923933,1783605575.5980167
1074100,1.2860538959503174,1783605581.9509814
1074200,0.011768266558647156,1783605587.8313792
1074300,0.04071466997265816,1783605594.134599
1074400,0.008011508733034134,1783605600.264411
1074500,0.05561782792210579,1783605606.448158
1074600,0.07269613444805145,1783605612.8171847
1074700,0.004769478924572468,1783605619.006304
1074800,0.9802538156509399,1783605625.2933004
1074900,0.009505817666649818,1783605631.4403932
1075000,0.01586015895009041,1783605637.5858312
1075100,0.10460837185382843,1783605791.421659
1075200,0.06928033381700516,1783605797.5538347
1075300,0.014606575481593609,1783605803.6583285
1075400,0.0075161876156926155,1783605809.7771466
1075500,0.009416992776095867,1783605815.726188
1075600,0.004583178088068962,1783605821.8745337
1075700,0.004852784797549248,1783605828.0964386
1075800,0.10090796649456024,1783605834.3274283
1075900,0.008793438784778118,1783605840.4369369
1076000,0.006387124769389629,1783605846.5548527
1076100,0.010713299736380577,1783605852.686423
1076200,0.14209231734275818,1783605858.9921753
1076300,0.017755979672074318,1783605865.0034606
1076400,0.0063073402270674706,1783605871.397282
1076500,0.004457525908946991,1783605877.5117962
1076600,0.012266276404261589,1783605883.7043757
1076700,0.018940385431051254,1783605889.729047
1076800,0.0065941354259848595,1783605896.078025
1076900,0.08186349272727966,1783605902.2405462
1077000,0.039661064743995667,1783605908.2841122
1077100,0.14875027537345886,1783605914.3891292
1077200,0.02407536469399929,1783605920.5997865
1077300,0.016868410632014275,1783605926.87861
1077400,0.00927479937672615,1783605932.994555
1077500,0.008166983723640442,1783605938.9108088
1077600,0.006068001966923475,1783605944.9521713
1077700,0.07559584081172943,1783605951.1241398
1077800,0.008981956169009209,1783605957.223148
1077900,0.01607161946594715,1783605963.3887818
1078000,0.005901738069951534,1783605969.4523315
1078100,0.017999188974499702,1783605975.5910099
1078200,0.008344689384102821,1783605981.7415485
1078300,0.013084903359413147,1783605987.9218888
1078400,0.005431320518255234,1783605994.0855842
1078500,0.11886090040206909,1783606000.1590335
1078600,0.004940703511238098,1783606006.093858
1078700,0.008850965648889542,1783606012.051941
1078800,0.00764416204765439,1783606018.4083114
1078900,0.07096526771783829,1783606024.5761688
1079000,0.06688859313726425,1783606030.6028032
1079100,0.00716195534914732,1783606036.8208783
1079200,0.04997863620519638,1783606042.827145
1079300,0.010988879017531872,1783606048.9054077
1079400,0.018849844112992287,1783606055.2026656
1079500,0.0034641155507415533,1783606061.3008108
1079600,0.019581299275159836,1783606067.4197462
1079700,0.09503582119941711,1783606073.5773563
1079800,0.021691368892788887,1783606079.8380032
1079900,0.017134524881839752,1783606086.0110488
1080000,0.007807429414242506,1783606092.1241572
1080100,0.019764665514230728,1783606098.186521
1080200,0.009489462710916996,1783606104.2017996
1080300,0.032826244831085205,1783606110.667683
1080400,0.007791445590555668,1783606116.9720986
1080500,0.01972954347729683,1783606123.2536602
1080600,0.01765250787138939,1783606129.6793625
1080700,0.01065170019865036,1783606135.736901
1080800,0.013385526835918427,1783606142.0352054
1080900,0.012441404163837433,1783606148.0978363
1081000,0.007637850008904934,1783606154.2080388
1081100,0.051793377846479416,1783606160.224228
1081200,0.013280253857374191,1783606166.3527873
1081300,0.010466065257787704,1783606172.4311311
1081400,0.016018804162740707,1783606178.7108727
1081500,0.02294735610485077,1783606184.7930946
1081600,0.003799776080995798,1783606190.9457743
1081700,0.007235925644636154,1783606197.1103268
1081800,0.00851440615952015,1783606203.220939
1081900,6.939368724822998,1783606209.5880058
1082000,0.006379257887601852,1783606215.743264
1082100,0.15614721179008484,1783606222.1766262
1082200,0.010733069851994514,1783606228.3303685
1082300,0.014603720977902412,1783606234.333184
1082400,4.143496513366699,1783606240.4908042
1082500,0.008844319730997086,1783606246.7447293
1082600,0.01394171454012394,1783606252.7449198
1082700,0.01595311611890793,1783606259.1227264
1082800,0.00490913912653923,1783606265.1426675
1082900,0.10517735779285431,1783606271.0325682
1083000,0.00824155192822218,1783606277.1493633
1083100,0.019135991111397743,1783606283.450461
1083200,0.005372338462620974,1783606289.4551203
1083300,1.353622555732727,1783606295.8722777
1083400,0.008339118212461472,1783606302.1017768
1083500,0.007117540575563908,1783606308.0870872
1083600,0.008182297460734844,1783606314.2543612
1083700,0.008072773925960064,1783606320.4697316
1083800,0.02594759128987789,1783606326.6088448
1083900,0.009770480915904045,1783606332.9729905
1084000,0.013794908300042152,1783606339.0966632
1084100,0.010473838075995445,1783606345.2480881
1084200,0.007940679788589478,1783606351.5688298
1084300,0.007521567400544882,1783606357.7453477
1084400,0.009206591174006462,1783606363.9147444
1084500,0.01773320510983467,1783606369.9479344
1084600,0.010402524843811989,1783606375.9278264
1084700,0.004312276840209961,1783606382.2002957
1084800,0.028830986469984055,1783606388.3792315
1084900,0.005268361419439316,1783606394.4988413
1085000,0.02393803931772709,1783606401.0482585
1085100,0.006824382580816746,1783606407.0555704
1085200,0.01501457579433918,1783606413.3972423
1085300,0.008978066965937614,1783606419.599159
1085400,0.006318302825093269,1783606426.1744215
1085500,0.007825049571692944,1783606432.6009226
1085600,0.01041361503303051,1783606438.567924
1085700,0.2427252233028412,1783606444.6294494
1085800,0.007311760447919369,1783606450.9360948
1085900,0.022733774036169052,1783606457.099689
1086000,0.004904434084892273,1783606463.1963582
1086100,0.012271640822291374,1783606469.3118522
1086200,0.024657264351844788,1783606475.5049806
1086300,0.009747030213475227,1783606481.8244462
1086400,0.00982397049665451,1783606487.9443166
1086500,0.012758078053593636,1783606494.4445298
1086600,0.031085805967450142,1783606500.6275175
1086700,0.02031848207116127,1783606506.8410811
1086800,0.024060219526290894,1783606512.83645
1086900,0.023745451122522354,1783606518.9857368
1087000,0.010778691619634628,1783606525.3841872
1087100,0.005118095315992832,1783606531.7739165
1087200,0.013033382594585419,1783606537.8480964
1087300,0.056936345994472504,1783606544.1461048
1087400,0.09945071488618851,1783606550.4083943
1087500,0.012139283120632172,1783606556.5852573
1087600,0.5137314796447754,1783606562.7736735
1087700,0.026284420862793922,1783606568.8760307
1087800,0.060378335416316986,1783606575.1640031
1087900,0.025410953909158707,1783606581.392386
1088000,0.22938154637813568,1783606587.5674424
1088100,0.02071024850010872,1783606593.9718351
1088200,0.0051773181185126305,1783606600.0436695
1088300,0.015339773148298264,1783606606.3242023
1088400,0.012480420060455799,1783606612.571835
1088500,0.09306739270687103,1783606618.7783916
1088600,0.005744863301515579,1783606625.1613946
1088700,0.006075394339859486,1783606631.5792413
1088800,7.301560878753662,1783606637.733569
1088900,0.008407586254179478,1783606644.0733323
1089000,0.021568117663264275,1783606650.4866068
1089100,0.04036827012896538,1783606656.8672214
1089200,0.13297253847122192,1783606663.140442
1089300,0.02023736573755741,1783606669.4437778
1089400,0.004264215938746929,1783606675.4497623
1089500,0.014686893671751022,1783606681.741257
1089600,0.006552276201546192,1783606688.1230485
1089700,0.008908765390515327,1783606694.45829
1089800,0.12838591635227203,1783606700.4725966
1089900,0.0075272745452821255,1783606706.4285233
1090000,0.02669246308505535,1783606712.6839492
1090100,0.017875317484140396,1783606718.902421
1090200,0.028620125725865364,1783606725.1781175
1090300,0.02734365686774254,1783606731.292365
1090400,0.15414121747016907,1783606737.524419
1090500,0.014997176826000214,1783606743.8128538
1090600,0.007876754738390446,1783606750.0106823
1090700,0.012838596478104591,1783606756.2175276
1090800,0.0079717505723238,1783606762.4609463
1090900,0.01762252487242222,1783606768.5868714
1091000,0.008625470101833344,1783606774.7491193
1091100,0.06058288738131523,1783606780.91241
1091200,0.05953647196292877,1783606787.097074
1091300,0.03119640424847603,1783606793.318003
1091400,0.005922357551753521,1783606799.6142342
1091500,0.011960784904658794,1783606806.1262887
1091600,0.022725872695446014,1783606812.3585882
1091700,0.010208750143647194,1783606818.5502522
1091800,0.018528573215007782,1783606824.665033
1091900,0.004459083545953035,1783606830.8440707
1092000,0.010098318569362164,1783606837.1373866
1092100,0.01099383644759655,1783606843.1594877
1092200,0.06224780157208443,1783606849.202589
1092300,0.01591954380273819,1783606855.5202255
1092400,0.019165830686688423,1783606861.8704667
1092500,0.023196127265691757,1783606867.9126337
1092600,0.024985793977975845,1783606874.1582072
1092700,0.010242149233818054,1783606880.5160942
1092800,0.051511265337467194,1783606886.722129
1092900,0.012792997062206268,1783606893.0581465
1093000,0.021669622510671616,1783606899.384258
1093100,0.004471685271710157,1783606905.7592375
1093200,0.014250578358769417,1783606911.871518
1093300,0.00957334041595459,1783606917.977273
1093400,0.18853211402893066,1783606924.0128398
1093500,0.1741296797990799,1783606930.1183846
1093600,0.2117679864168167,1783606936.3225882
1093700,0.009079275652766228,1783606942.5432959
1093800,0.019374540075659752,1783606948.8906364
1093900,0.018524203449487686,1783606955.358779
1094000,0.012286834418773651,1783606961.598556
1094100,0.009658186696469784,1783606967.845647
1094200,0.07633812725543976,1783606974.0995636
1094300,0.004561117850244045,1783606980.2806451
1094400,0.006373088341206312,1783606986.4074812
1094500,0.011043258011341095,1783606992.6437824
1094600,0.006214844062924385,1783606998.6366699
1094700,0.01505938358604908,1783607004.641477
1094800,0.04308340325951576,1783607010.9716349
1094900,0.027602478861808777,1783607017.045945
1095000,0.033002667129039764,1783607023.3893292
1095100,0.015460317954421043,1783607029.406786
1095200,0.014840814284980297,1783607035.470975
1095300,0.019565291702747345,1783607041.5939298
1095400,0.053192708641290665,1783607047.597673
1095500,0.005211768671870232,1783607053.815232
1095600,1.310102939605713,1783607060.0264769
1095700,0.008370727300643921,1783607066.3622975
1095800,11.51888656616211,1783607072.5818303
1095900,0.01387329027056694,1783607078.6527357
1096000,11.528268814086914,1783607084.961966
1096100,0.007825078442692757,1783607091.19201
1096200,0.022296875715255737,1783607097.1214817
1096300,0.010722918435931206,1783607103.1359086
1096400,0.013757558539509773,1783607109.0701604
1096500,0.008264029398560524,1783607115.309979
1096600,0.03278115764260292,1783607121.5653682
1096700,0.011956014670431614,1783607127.8347013
1096800,0.01885868050158024,1783607133.9230475
1096900,0.012282196432352066,1783607139.9866168
1097000,0.011793140321969986,1783607146.1962655
1097100,0.012838030233979225,1783607152.3770182
1097200,0.008356122300028801,1783607158.5736043
1097300,3.4960126876831055,1783607164.592722
1097400,0.02464969828724861,1783607170.7145047
1097500,0.007975418120622635,1783607176.7210932
1097600,0.0482838973402977,1783607182.790494
1097700,0.008216442540287971,1783607189.0891678
1097800,0.01621001958847046,1783607195.3236153
1097900,0.007802363485097885,1783607201.5551345
1098000,0.04128950089216232,1783607207.8619454
1098100,0.028179019689559937,1783607213.9100652
1098200,0.008352319709956646,1783607219.9908996
1098300,0.05882277339696884,1783607226.2235408
1098400,0.005496559664607048,1783607232.3761036
1098500,0.01419372670352459,1783607238.4376519
1098600,0.03460395336151123,1783607244.8084085
1098700,0.038582999259233475,1783607251.0200853
1098800,0.005912810564041138,1783607257.1099458
1098900,0.015897111967206,1783607263.408994
1099000,0.007905459962785244,1783607269.536239
1099100,0.2975122630596161,1783607275.9581788
1099200,0.008566787466406822,1783607282.2627504
1099300,0.01872648298740387,1783607288.3202286
1099400,0.006886236369609833,1783607294.5949278
1099500,0.007507865317165852,1783607300.8272471
1099600,0.011199187487363815,1783607306.9719398
1099700,0.008244394324719906,1783607313.1339636
1099800,0.011650068685412407,1783607319.4163942
1099900,0.011981943622231483,1783607325.5807202
1100000,0.007505987770855427,1783607331.9008024
1100100,1.74200439453125,1783607483.3932352
1100200,0.011078648269176483,1783607489.7025611
1100300,0.016846787184476852,1783607495.8979878
1100400,0.03013981692492962,1783607502.3175
1100500,0.0072877975180745125,1783607508.5034509
1100600,0.006840572226792574,1783607514.9758961
1100700,0.009503795765340328,1783607521.184917
1100800,0.006030771881341934,1783607527.4358358
1100900,0.021457163617014885,1783607533.7211688
1101000,0.005306525155901909,1783607539.8633997
1101100,0.004889020696282387,1783607546.2029262
1101200,0.010773709043860435,1783607552.3115942
1101300,0.019327163696289062,1783607558.9664862
1101400,0.02436406910419464,1783607565.0855503
1101500,0.01324160024523735,1783607571.262693
1101600,0.006385095417499542,1783607577.4366283
1101700,0.006493108347058296,1783607583.5288823
1101800,0.0057027265429496765,1783607589.823785
1101900,0.007887492887675762,1783607596.1317277
1102000,0.014547228813171387,1783607602.416178
1102100,0.007741941139101982,1783607608.4537694
1102200,0.012734887190163136,1783607614.6950982
1102300,0.016083667054772377,1783607620.9845655
1102400,0.008063197135925293,1783607627.132619
1102500,0.02371366322040558,1783607633.327187
1102600,0.010161511600017548,1783607639.1952446
1102700,0.012869694270193577,1783607645.3967028
1102800,0.03795993700623512,1783607651.6074483
1102900,0.028669210150837898,1783607657.6666899
1103000,0.06124059855937958,1783607663.6680756
1103100,0.022599220275878906,1783607670.074164
1103200,0.005380116403102875,1783607676.055441
1103300,0.4294435381889343,1783607682.1774983
1103400,0.03857214003801346,1783607688.1955895
1103500,0.05927049741148949,1783607694.421663
1103600,0.038348447531461716,1783607700.7758453
1103700,0.013033314608037472,1783607707.0072246
1103800,0.006308520212769508,1783607713.0166452
1103900,0.04997338727116585,1783607719.3552551
1104000,0.0065216016955673695,1783607725.4947665
1104100,0.007700458634644747,1783607731.6766083
1104200,0.006070543080568314,1783607737.9659262
1104300,0.005728480406105518,1783607743.8875353
1104400,0.009250584989786148,1783607750.1337075
1104500,0.02386392094194889,1783607756.1581957
1104600,0.010859392583370209,1783607762.4254088
1104700,0.005206149071455002,1783607768.5712428
1104800,0.25585922598838806,1783607774.8280797
1104900,0.02895277366042137,1783607781.1104863
1105000,0.00893997773528099,1783607787.2860737
1105100,0.14622865617275238,1783607793.6269445
1105200,0.011887660250067711,1783607799.9625068
1105300,0.0084155835211277,1783607806.095328
1105400,0.004372217692434788,1783607812.2903576
1105500,0.03596428036689758,1783607818.4146674
1105600,0.007133290637284517,1783607824.614444
1105700,0.005352456122636795,1783607830.7101161
1105800,0.010558908805251122,1783607836.7659695
1105900,0.004869433119893074,1783607842.8803456
1106000,0.6558557152748108,1783607848.857207
1106100,0.062174178659915924,1783607854.8240213
1106200,0.017218906432390213,1783607860.8808308
1106300,0.18999066948890686,1783607867.0579932
1106400,0.08225493878126144,1783607873.2771769
1106500,0.007524313870817423,1783607879.519202
1106600,3.277709722518921,1783607885.6732044
1106700,0.01034906692802906,1783607891.9409366
1106800,0.005474102683365345,1783607897.927994
1106900,0.01832808554172516,1783607904.118604
1107000,0.054598283022642136,1783607910.07725
1107100,0.01809908077120781,1783607916.290329
1107200,0.009253157302737236,1783607922.6655893
1107300,0.008620887994766235,1783607929.0898445
1107400,0.05348634347319603,1783607935.2713444
1107500,0.01433481927961111,1783607941.2924082
1107600,0.010144786909222603,1783607947.4565573
1107700,0.012676861137151718,1783607953.624739
1107800,0.005503929685801268,1783607959.8277745
1107900,0.006794298999011517,1783607966.04971
1108000,0.008437147364020348,1783607972.2119467
1108100,0.03692781180143356,1783607978.32263
1108200,0.012798024341464043,1783607984.444535
1108300,0.010531824082136154,1783607990.6216042
1108400,0.02079991064965725,1783607996.7245061
1108500,0.009496229700744152,1783608003.0436401
1108600,0.011871473863720894,1783608009.2076752
1108700,0.013363869860768318,1783608015.3263643
1108800,0.006176433060318232,1783608021.3908248
1108900,0.012723797932267189,1783608027.3758204
1109000,0.03746558353304863,1783608033.247696
1109100,0.01603636145591736,1783608039.218896
1109200,0.0051463935524225235,1783608045.3048644
1109300,0.03778870031237602,1783608051.2954226
1109400,0.011953833512961864,1783608057.439743
1109500,0.07122895121574402,1783608063.7452986
1109600,0.011555440723896027,1783608069.8838701
1109700,0.03309736028313637,1783608076.06841
1109800,0.019028421491384506,1783608082.335753
1109900,0.06398171931505203,1783608088.5389733
1110000,0.08924765139818192,1783608094.6593251
1110100,0.020050732418894768,1783608100.7224681
1110200,0.022921385243535042,1783608107.0687761
1110300,0.004822681657969952,1783608113.1737065
1110400,0.01482755783945322,1783608119.385837
1110500,0.011568950489163399,1783608125.4290257
1110600,0.04629499092698097,1783608131.5492535
1110700,0.0072864447720348835,1783608137.6931694
1110800,0.0059103891253471375,1783608144.0040336
1110900,0.009951835498213768,1783608150.134917
1111000,0.012639581225812435,1783608156.3796444
1111100,0.010476306080818176,1783608162.4971988
1111200,0.015847187489271164,1783608168.5697882
1111300,0.00999477133154869,1783608174.592656
1111400,0.05757730454206467,1783608180.854081
1111500,0.016282860189676285,1783608187.006952
1111600,0.0073808482848107815,1783608193.3182213
1111700,0.10833504050970078,1783608199.6127264
1111800,0.01643430069088936,1783608205.8846192
1111900,0.00793448556214571,1783608211.9246294
1112000,0.010490578599274158,1783608218.2705874
1112100,0.014895042404532433,1783608224.4101753
1112200,0.02224266156554222,1783608230.8655748
1112300,0.0039790356531739235,1783608237.1222632
1112400,0.026440102607011795,1783608243.1761296
1112500,0.013420614413917065,1783608249.369572
1112600,0.021356800571084023,1783608255.4085553
1112700,0.006436788477003574,1783608261.844728
1112800,0.030768640339374542,1783608268.0523465
1112900,0.00958890188485384,1783608274.2764995
1113000,0.0038129559252411127,1783608280.4745858
1113100,0.0142049016430974,1783608286.5903554
1113200,0.004390639252960682,1783608292.803843
1113300,0.005090594757348299,1783608299.0790346
1113400,0.013603979721665382,1783608305.1733634
1113500,0.010630553588271141,1783608311.3650734
1113600,0.008549036458134651,1783608317.5347815
1113700,0.006314951926469803,1783608323.5678763
1113800,0.007684977725148201,1783608329.9811635
1113900,0.07590159773826599,1783608336.149903
1114000,0.006487783510237932,1783608342.5729642
1114100,0.018857989460229874,1783608348.6074996
1114200,0.07792673259973526,1783608354.9629986
1114300,0.008311587385833263,1783608361.3299036
1114400,0.021386366337537766,1783608367.5501676
1114500,0.015753256157040596,1783608373.7513692
1114600,0.013108868151903152,1783608379.966855
1114700,0.014874865300953388,1783608386.0793822
1114800,0.009981758892536163,1783608392.2746406
1114900,0.006510118953883648,1783608398.5534387
1115000,0.009107302874326706,1783608404.603723
1115100,0.021030161529779434,1783608410.8143117
1115200,0.1484270542860031,1783608416.845567
1115300,0.012630347162485123,1783608423.1522079
1115400,0.028959473595023155,1783608429.4758034
1115500,0.010274440050125122,1783608435.55428
1115600,0.010968619957566261,1783608441.73006
1115700,0.007265998981893063,1783608447.7270517
1115800,0.02375534549355507,1783608454.112263
1115900,0.008969851769506931,1783608460.2112272
1116000,0.013523166067898273,1783608466.3887134
1116100,0.16737961769104004,1783608472.6709845
1116200,0.006631862837821245,1783608478.791854
1116300,0.053794875741004944,1783608485.0973117
1116400,0.006043754518032074,1783608491.4849522
1116500,0.100409135222435,1783608497.6644716
1116600,0.009309979155659676,1783608503.7678976
1116700,0.022075720131397247,1783608510.0081756
1116800,0.009089234285056591,1783608516.3896403
1116900,0.01048846822232008,1783608522.721762
1117000,0.010679744184017181,1783608528.9211757
1117100,0.007734687998890877,1783608534.9565973
1117200,0.008323157206177711,1783608541.3473341
1117300,0.011829987168312073,1783608547.616018
1117400,0.008787503466010094,1783608553.7347162
1117500,0.015245415270328522,1783608559.945412
1117600,0.04716585576534271,1783608566.1836882
1117700,0.010226850397884846,1783608572.2476919
1117800,0.009349214844405651,1783608578.5314014
1117900,0.008235727436840534,1783608584.8867645
1118000,5.5279541015625,1783608591.1871178
1118100,0.25465184450149536,1783608597.480479
1118200,0.007301365025341511,1783608603.464778
1118300,0.0589677132666111,1783608609.808733
1118400,0.022570284083485603,1783608615.8171515
1118500,0.03885636851191521,1783608621.9486752
1118600,0.009602418169379234,1783608628.0122256
1118700,0.009395761415362358,1783608634.0497384
1118800,0.00967317819595337,1783608640.3641303
1118900,0.009551137685775757,1783608646.9084277
1119000,0.017845451831817627,1783608653.0667207
1119100,0.02120998129248619,1783608659.3070507
1119200,0.009214852936565876,1783608665.4932098
1119300,0.016070330515503883,1783608671.4921076
1119400,4.990924835205078,1783608677.6943457
1119500,0.0052676331251859665,1783608683.8454463
1119600,0.01071498915553093,1783608689.9781623
1119700,0.009561296552419662,1783608696.0750241
1119800,0.08461163938045502,1783608702.086805
1119900,0.011563793756067753,1783608708.2848876
1120000,0.004198185168206692,1783608714.673463
1120100,0.07264064997434616,1783608721.0518126
1120200,0.022207366302609444,1783608727.5346467
1120300,0.006679542362689972,1783608733.7780118
1120400,5.045995712280273,1783608739.935574
1120500,0.014566448517143726,1783608746.0399814
1120600,0.04958430677652359,1783608752.1127453
1120700,0.006647210568189621,1783608758.5440373
1120800,0.010079747997224331,1783608764.8092399
1120900,0.020558316260576248,1783608770.802767
1121000,0.0649559423327446,1783608776.8659189
1121100,0.007866879925131798,1783608783.0863001
1121200,0.0073656621389091015,1783608789.2320368
1121300,0.08620879054069519,1783608795.325655
1121400,0.007064392790198326,1783608801.6108816
1121500,0.009843938052654266,1783608807.7612212
1121600,0.014319231733679771,1783608813.9934049
1121700,0.0299379825592041,1783608820.3183534
1121800,0.011426141485571861,1783608826.4942038
1121900,0.005140652880072594,1783608832.592625
1122000,0.0052918242290616035,1783608838.6791596
1122100,0.009618868120014668,1783608845.0246391
1122200,0.025437617674469948,1783608851.057795
1122300,0.010630182921886444,1783608857.1787152
1122400,0.005255196709185839,1783608863.4450624
1122500,0.01451090071350336,1783608869.4603314
1122600,0.011762606911361217,1783608875.6273236
1122700,0.02602231316268444,1783608881.814344
1122800,0.003584766760468483,1783608888.2772856
1122900,0.005631504114717245,1783608894.4845963
1123000,0.006899580359458923,1783608900.6802585
1123100,0.039107795804739,1783608906.8883975
1123200,0.019559703767299652,1783608913.1509447
1123300,0.012921330519020557,1783608919.3108792
1123400,0.013127611950039864,1783608925.4170756
1123500,0.01259855180978775,1783608931.7188292
1123600,9.154407501220703,1783608937.945909
1123700,0.020766332745552063,1783608944.14546
1123800,0.008853058330714703,1783608950.293394
1123900,0.011327927932143211,1783608956.594326
1124000,0.013318122364580631,1783608962.676233
1124100,0.01144807506352663,1783608968.8912668
1124200,0.0756717398762703,1783608975.2832866
1124300,0.022218916565179825,1783608981.4731455
1124400,0.006165599450469017,1783608987.7862196
1124500,0.02883637510240078,1783608994.0749974
1124600,0.010094146244227886,1783609000.1680768
1124700,0.019469033926725388,1783609006.1115441
1124800,0.0040278322994709015,1783609012.0295334
1124900,0.00862515065819025,1783609017.9968162
1125000,5.656891822814941,1783609024.2531753
1125100,0.006345447152853012,1783609180.4984775
1125200,0.009884233586490154,1783609186.7913365
1125300,0.017174486070871353,1783609192.8727143
1125400,0.004580111242830753,1783609199.076771
1125500,0.012541104108095169,1783609205.206566
1125600,0.02038659155368805,1783609211.581492
1125700,0.04929631948471069,1783609217.6613517
1125800,0.008806165307760239,1783609223.654851
1125900,0.004496260546147823,1783609229.864251
1126000,0.01377318799495697,1783609236.122304
1126100,0.048884931951761246,1783609242.2677019
1126200,0.04205455631017685,1783609248.5200722
1126300,0.020031284540891647,1783609254.7197134
1126400,0.007621267810463905,1783609260.9900079
1126500,0.034793347120285034,1783609267.2416754
1126600,0.014417826198041439,1783609273.3399322
1126700,0.009287470951676369,1783609279.7714791
1126800,0.01884017325937748,1783609285.852277
1126900,0.009036514908075333,1783609292.0545206
1127000,0.006830630823969841,1783609298.2009673
1127100,0.014381485059857368,1783609304.2544086
1127200,0.013757784850895405,1783609310.2386405
1127300,0.059587422758340836,1783609316.2089937
1127400,0.011820620857179165,1783609322.3148613
1127500,8.09390926361084,1783609328.3931603
1127600,0.03549790382385254,1783609334.4627724
1127700,0.007243483327329159,1783609340.271753
1127800,0.012970992363989353,1783609346.7112906
1127900,0.00407008221372962,1783609352.9062364
1128000,0.004270318429917097,1783609358.977153
1128100,0.007194461300969124,1783609365.1566749
1128200,0.009181259199976921,1783609371.475528
1128300,0.0095771923661232,1783609377.7890053
1128400,0.007134521380066872,1783609383.8764496
1128500,0.15467694401741028,1783609389.924383
1128600,0.022028913721442223,1783609396.008229
1128700,0.031314488500356674,1783609402.2544372
1128800,2.047797918319702,1783609408.586425
1128900,0.009711559861898422,1783609414.6220057
1129000,0.02056111767888069,1783609420.775022
1129100,0.04991048574447632,1783609427.0264425
1129200,0.010104650631546974,1783609433.197105
1129300,0.006251342594623566,1783609439.524377
1129400,0.10183113813400269,1783609445.6599114
1129500,0.010777799412608147,1783609451.622613
1129600,0.11169704794883728,1783609565.1016822
1129700,0.020287085324525833,1783609571.407236
1129800,0.017036739736795425,1783609577.8908513
1129900,0.007642200216650963,1783609584.064095
1130000,0.007813937030732632,1783609590.1095726
1130100,0.1788765788078308,1783609596.5829356
1130200,0.08803760260343552,1783609602.8557868
1130300,0.0070786019787192345,1783609608.940927
1130400,0.005775080528110266,1783609614.9939237
1130500,0.010920639149844646,1783609621.2940085
1130600,0.007764284498989582,1783609627.4850748
1130700,0.07284931093454361,1783609633.5330935
1130800,0.011150479316711426,1783609639.9593234
1130900,0.04530756548047066,1783609646.201219
1131000,0.047599468380212784,1783609652.5889394
1131100,0.018205497413873672,1783609658.7111142
1131200,0.00931662879884243,1783609665.016639
1131300,0.019197795540094376,1783609671.325204
1131400,0.22405698895454407,1783609677.4535956
1131500,0.010027986019849777,1783609683.6536484
1131600,0.06083197891712189,1783609689.9636872
1131700,0.0067125544883310795,1783609696.0935411
1131800,2.524921417236328,1783609702.2736435
1131900,0.010835862718522549,1783609708.435303
1132000,0.007519255857914686,1783609714.556478
1132100,1.8746840953826904,1783609720.637175
1132200,0.12427833676338196,1783609726.8676488
1132300,0.036142732948064804,1783609733.007619
1132400,0.0448017418384552,1783609739.022205
1132500,0.016718177124857903,1783609745.1046748
1132600,0.08446965366601944,1783609751.3835878
1132700,0.016125289723277092,1783609757.4852362
1132800,0.006641821004450321,1783609763.539784
1132900,0.003429496195167303,1783609769.7360935
1133000,0.009546298533678055,1783609775.9537752
1133100,0.012090055271983147,1783609782.0770974
1133200,0.018749399110674858,1783609788.3360755
1133300,0.003932492341846228,1783609794.5273569
1133400,0.029128408059477806,1783609800.59593
1133500,0.008003685623407364,1783609806.5638556
1133600,0.01598535105586052,1783609812.700472
1133700,0.02403002604842186,1783609818.6759794
1133800,0.03257576376199722,1783609824.7952852
1133900,0.00608417484909296,1783609830.9033065
1134000,0.12995433807373047,1783609837.1316967
1134100,0.00912846252322197,1783609843.2574167
1134200,1.937514305114746,1783609849.4861238
1134300,0.028664182871580124,1783609855.9010925
1134400,0.019477739930152893,1783609861.9280975
1134500,0.004986249376088381,1783609868.2116656
1134600,0.025885306298732758,1783609874.351872
1134700,0.01731809787452221,1783609880.4351182
1134800,0.06569433212280273,1783609886.8181698
1134900,0.012591643258929253,1783609892.8508375
1135000,0.01484650932252407,1783609899.240359
1135100,0.2524402439594269,1783609905.8668504
1135200,0.0547359399497509,1783609912.0832615
1135300,0.044860098510980606,1783609918.3114994
1135400,0.019399603828787804,1783609924.5170197
1135500,0.004807444289326668,1783609930.820535
1135600,0.008160017430782318,1783609936.8678777
1135700,0.012109415605664253,1783609943.2048533
1135800,0.009540664032101631,1783609949.388088
1135900,0.8160020709037781,1783609955.7507734
1136000,2.2113089561462402,1783609962.064286
1136100,0.003935337066650391,1783609968.5018604
1136200,0.009749915450811386,1783609974.6918142
1136300,0.9873168468475342,1783609981.0447862
1136400,0.011292768642306328,1783609987.141255
1136500,0.010362960398197174,1783609993.2699149
1136600,0.008772323839366436,1783610000.0187268
1136700,0.006995625793933868,1783610006.1452065
1136800,0.005736892111599445,1783610012.1122618
1136900,0.00421486422419548,1783610018.1539094
1137000,0.017086682841181755,1783610024.3777523
1137100,0.007378851994872093,1783610030.6683817
1137200,0.017109017819166183,1783610036.7077386
1137300,0.010286184027791023,1783610043.0029104
1137400,0.05173647403717041,1783610049.229744
1137500,0.012359553016722202,1783610055.318131
1137600,0.015941128134727478,1783610061.4031231
1137700,0.016653405502438545,1783610067.6643298
1137800,0.0036540876608341932,1783610073.7169595
1137900,0.010598236694931984,1783610079.8173118
1138000,0.007759718224406242,1783610085.9708776
1138100,0.011630905792117119,1783610092.359959
1138200,0.00887196883559227,1783610098.4176173
1138300,0.010476088151335716,1783610104.6190631
1138400,0.00807524099946022,1783610110.827597
1138500,0.011495839804410934,1783610117.0098689
1138600,2.4913244247436523,1783610123.241489
1138700,0.009035647846758366,1783610129.4947248
1138800,0.016980793327093124,1783610135.4931512
1138900,0.01317618042230606,1783610141.6520958
1139000,0.006936465855687857,1783610147.776393
1139100,0.01023443415760994,1783610154.0058262
1139200,0.045714009553194046,1783610160.0111778
1139300,0.010858040302991867,1783610166.0908728
1139400,0.0169899333268404,1783610172.0761936
1139500,0.006257127970457077,1783610178.291968
1139600,0.00855613686144352,1783610184.2745194
1139700,0.012561783194541931,1783610190.32712
1139800,0.007716013118624687,1783610196.522498
1139900,0.004903126507997513,1783610202.6115417
1140000,0.07081817835569382,1783610209.0727434
1140100,0.01583186164498329,1783610215.0761118
1140200,0.013572195544838905,1783610221.210956
1140300,0.010571001097559929,1783610227.234327
1140400,0.008508430793881416,1783610233.6508684
1140500,0.012411534786224365,1783610239.8223712
1140600,0.011588197201490402,1783610245.8430884
1140700,0.021163368597626686,1783610251.9518766
1140800,0.020555248484015465,1783610258.0880759
1140900,0.02928854152560234,1783610264.5367959
1141000,0.010830115526914597,1783610270.7308233
1141100,0.01097794622182846,1783610276.733069
1141200,2.1918153762817383,1783610282.6608386
1141300,0.008514687418937683,1783610288.745772
1141400,0.01423049159348011,1783610294.7932937
1141500,0.01149054430425167,1783610300.891459
1141600,0.01944611594080925,1783610307.1234784
1141700,0.006366816349327564,1783610313.2246997
1141800,0.8722358345985413,1783610319.412924
1141900,0.02136858180165291,1783610325.7509687
1142000,0.005894387140870094,1783610332.0774088
1142100,0.00497776921838522,1783610338.3084526
1142200,0.008620446547865868,1783610344.406143
1142300,0.008458692580461502,1783610350.6671875
1142400,0.01506977528333664,1783610356.7332048
1142500,0.012554483488202095,1783610362.8846786
1142600,0.03971616178750992,1783610368.9749882
1142700,0.022918784990906715,1783610375.1459515
1142800,0.010752223432064056,1783610381.5545173
1142900,0.007284807041287422,1783610387.623626
1143000,0.010964399203658104,1783610393.6588523
1143100,0.014122027903795242,1783610399.7235382
1143200,0.010598642751574516,1783610405.7173364
1143300,0.009751075878739357,1783610411.8368638
1143400,0.054385989904403687,1783610418.0922008
1143500,0.007538720965385437,1783610424.3606312
1143600,0.02708437852561474,1783610430.5204484
1143700,0.01558508537709713,1783610436.8286016
1143800,0.01088041067123413,1783610443.1191816
1143900,0.31295740604400635,1783610449.2713504
1144000,0.004025246948003769,1783610455.380817
1144100,0.15957993268966675,1783610461.422697
1144200,0.01537860557436943,1783610467.6934729
1144300,0.019549809396266937,1783610473.737782
1144400,0.03647362440824509,1783610480.1378515
1144500,0.06263349950313568,1783610486.295417
1144600,0.007692065555602312,1783610492.486211
1144700,0.009822600521147251,1783610498.6091077
1144800,0.0062034716829657555,1783610504.7840016
1144900,0.007988928817212582,1783610510.6918242
1145000,0.027556631714105606,1783610516.8784137
1145100,0.011542508378624916,1783610523.179304
1145200,0.003911380656063557,1783610529.2894564
1145300,0.005647898651659489,1783610535.5695043
1145400,0.0044427309185266495,1783610541.795714
1145500,0.010379387997090816,1783610547.8834813
1145600,0.00865770410746336,1783610554.0530167
1145700,0.004026513081043959,1783610560.2557318
1145800,0.01222325675189495,1783610566.377679
1145900,0.05005796253681183,1783610572.60735
1146000,0.0072576310485601425,1783610578.7409096
1146100,0.010012054815888405,1783610584.7858083
1146200,0.010173475369811058,1783610591.0480714
1146300,0.051169849932193756,1783610597.1369963
1146400,0.007053143344819546,1783610603.2714617
1146500,0.008260194212198257,1783610609.3770015
1146600,0.040479451417922974,1783610615.5603223
1146700,0.0033793840557336807,1783610621.757601
1146800,0.013853522017598152,1783610627.905194
1146900,0.022856179624795914,1783610634.0689268
1147000,1.4612977504730225,1783610640.414015
1147100,0.009360421448946,1783610646.753349
1147200,0.006785730831325054,1783610653.1455486
1147300,0.04274112731218338,1783610659.1363058
1147400,0.08977276086807251,1783610665.6014404
1147500,0.013529807329177856,1783610671.824943
1147600,0.011453429237008095,1783610678.0580847
1147700,0.012057590298354626,1783610684.1559873
1147800,0.004308322910219431,1783610690.2272098
1147900,0.015568028204143047,1783610696.6175413
1148000,0.015438199043273926,1783610702.7052042
1148100,0.13727591931819916,1783610708.6266537
1148200,0.041076064109802246,1783610714.8148017
1148300,0.0051469961181283,1783610721.097395
1148400,0.008945121429860592,1783610727.138239
1148500,0.3122502267360687,1783610733.1066897
1148600,0.009242272935807705,1783610739.2951996
1148700,0.010087072849273682,1783610745.5100749
1148800,0.005955033469945192,1783610752.03199
1148900,0.015793846920132637,1783610758.009838
1149000,0.051162637770175934,1783610764.0827336
1149100,0.011879750527441502,1783610770.33643
1149200,0.08031938225030899,1783610776.786576
1149300,0.017436634749174118,1783610783.1426785
1149400,0.01820937730371952,1783610789.3388917
1149500,0.02989627607166767,1783610795.8382776
1149600,0.034471482038497925,1783610802.1755774
1149700,0.009848672896623611,1783610808.1062887
1149800,2.569366693496704,1783610814.365915
1149900,0.012140365317463875,1783610820.51212
1150000,0.01033562421798706,1783940795.9599009
