step,value,wall_time
1000,-0.49136191606521606,1782734197.3428762
1100,-0.9340324997901917,1782734203.0674782
1200,-1.0995882749557495,1782734208.8387287
1300,-1.4254264831542969,1782734214.6022139
1400,-1.66461181640625,1782734220.433286
1500,-2.0682857036590576,1782734226.1165717
1600,-2.094127655029297,1782734231.8079758
1700,-2.413247585296631,1782734237.430409
1800,-2.678330898284912,1782734243.202741
1900,-3.2450175285339355,1782734248.8778193
2000,-3.56408429145813,1782734254.5150206
2100,-3.7787253856658936,1782734260.2839324
2200,-1.1394771337509155,1782734266.1622226
2300,-2.0346295833587646,1782734271.8128583
2400,-2.5122861862182617,1782734277.4050589
2500,6.480466842651367,1782734283.3036962
2600,-4.459287643432617,1782734288.830011
2700,-4.976534843444824,1782734294.6861038
2800,-3.8214035034179688,1782734300.424976
2900,-3.4029366970062256,1782734306.0721116
3000,-2.908695936203003,1782734311.8008142
3100,-4.623539924621582,1782734317.6094995
3200,-4.0329108238220215,1782734323.6529377
3300,-1.1999480724334717,1782734329.326702
3400,-3.3452272415161133,1782734334.939417
3500,-5.632479667663574,1782734340.6625772
3600,4.006617546081543,1782734347.0757198
3700,-2.704859733581543,1782734352.898539
3800,2.338458776473999,1782734358.606674
3900,3.570082187652588,1782734364.2746944
4000,0.5846918225288391,1782734370.1706762
4100,4.580392360687256,1782734375.861176
4200,4.4393181800842285,1782734381.5484223
4300,6.061244964599609,1782734387.5429916
4400,3.3369951248168945,1782734393.518676
4500,0.43593716621398926,1782734399.7413065
4600,-0.8457916378974915,1782734406.1226726
4700,-4.648262023925781,1782734412.388038
4800,-2.4905290603637695,1782734418.9907117
4900,-0.6917705535888672,1782734425.4580789
5000,-4.124300003051758,1782734431.872308
5100,-3.7870140075683594,1782734438.3688898
5200,2.134033203125,1782734444.9538655
5300,-0.998560905456543,1782734451.420236
5400,-6.26688289642334,1782734458.2871091
5500,-7.677365303039551,1782734464.8262293
5600,-5.61711311340332,1782734471.4313219
5700,-2.1550779342651367,1782734478.0728056
5800,-0.1741875410079956,1782734484.3947163
5900,0.3868328332901001,1782734491.0349567
6000,-4.517594337463379,1782734497.499515
6100,-5.48834228515625,1782734504.282458
6200,-1.5436341762542725,1782734510.8460941
6300,-0.2986237406730652,1782734517.3579702
6400,5.843639373779297,1782734524.051165
6500,-2.2013494968414307,1782734530.42165
6600,-5.8394975662231445,1782734536.9244566
6700,-5.954652309417725,1782734543.344148
6800,-1.6482000350952148,1782734550.1094978
6900,3.9426193237304688,1782734556.681244
7000,2.0099802017211914,1782734563.1686592
7100,-1.4791688919067383,1782734569.6629236
7200,-9.952166557312012,1782734576.1572323
7300,-6.684220314025879,1782734582.5210342
7400,-7.856485366821289,1782734589.0666947
7500,-9.870078086853027,1782734595.4431489
7600,-9.245420455932617,1782734601.812941
7700,2.0948734283447266,1782734607.9834914
7800,-2.1407310962677,1782734613.9503715
7900,-5.766510009765625,1782734620.30673
8000,-8.81240177154541,1782734626.9257154
8100,2.462651252746582,1782734633.751249
8200,-4.1986165046691895,1782734639.7401388
8300,1.1058244705200195,1782734645.8190825
8400,-3.917222499847412,1782734651.4752786
8500,-5.530112266540527,1782734657.3252494
8600,-0.5192670822143555,1782734663.298177
8700,-4.865399360656738,1782734669.51556
8800,-5.672715663909912,1782734675.936189
8900,-1.3630834817886353,1782734682.42973
9000,1.7547457218170166,1782734688.8563564
9100,0.4718031883239746,1782734695.3135943
9200,-2.2885823249816895,1782734701.9072464
9300,-5.977549076080322,1782734707.7717006
9400,-6.142648696899414,1782734713.7185066
9500,0.7337863445281982,1782734719.7098446
9600,-3.1392006874084473,1782734726.2677968
9700,-0.500667929649353,1782734732.8166053
9800,1.1844685077667236,1782734739.023837
9900,-2.0438411235809326,1782734745.2674649
10000,-1.2444206476211548,1782734751.5620067
10100,-5.8592305183410645,1782734757.673617
10200,-3.0390098094940186,1782734764.2703047
10300,4.335470199584961,1782734770.3057442
10400,-2.1828272342681885,1782734776.7336392
10500,0.9440820217132568,1782734783.506
10600,-2.2344157695770264,1782734789.847483
10700,-1.1314764022827148,1782734796.1775105
10800,1.981630563735962,1782734802.6873841
10900,-0.2669994831085205,1782734809.2437224
11000,-2.57930326461792,1782734815.7690964
11100,4.2138519287109375,1782734822.0852618
11200,-1.5251803398132324,1782734827.9689198
11300,-2.580784797668457,1782734834.2291546
11400,-1.5421637296676636,1782734840.706053
11500,-2.8680219650268555,1782734847.0510137
11600,1.2177293300628662,1782734853.5258515
11700,-6.092277526855469,1782734859.8458254
11800,-2.8147194385528564,1782734866.0378587
11900,3.9410195350646973,1782734872.6582005
12000,2.3218002319335938,1782734879.1018357
12100,2.283977508544922,1782734885.4674428
12200,0.1774134635925293,1782734892.0832117
12300,0.9940136075019836,1782734898.5847874
12400,3.2491092681884766,1782734905.058961
12500,-6.134917736053467,1782734911.6479044
12600,-5.389858245849609,1782734918.2025764
12700,-1.0417358875274658,1782734924.16573
12800,-4.26444673538208,1782734930.7533169
12900,-3.7386116981506348,1782734937.2799366
13000,-7.320342063903809,1782734943.8075423
13100,-6.658236503601074,1782734950.4392858
13200,1.6786346435546875,1782734956.7135682
13300,-6.124614715576172,1782734963.255836
13400,-6.636806011199951,1782734969.7640464
13500,-1.574610710144043,1782734976.2878995
13600,-8.39352798461914,1782734982.8354785
13700,0.20629310607910156,1782734989.5032449
13800,-8.829841613769531,1782734995.6706235
13900,-0.9022840857505798,1782735001.703189
14000,3.4639413356781006,1782735008.128552
14100,-0.15476453304290771,1782735014.6610157
14200,-4.410158634185791,1782735021.1300623
14300,-3.951127290725708,1782735027.6840672
14400,1.8084485530853271,1782735033.975764
14500,-2.333550214767456,1782735040.923439
14600,-4.317136287689209,1782735047.4280038
14700,-3.227307081222534,1782735054.018685
14800,-0.5643765926361084,1782735060.5431235
14900,-6.282184600830078,1782735066.9486332
15000,0.43154191970825195,1782735073.316991
15100,-1.268899917602539,1782735079.9934416
15200,-4.682178497314453,1782735086.437631
15300,-4.351349353790283,1782735093.0847695
15400,-0.851815938949585,1782735099.5255046
15500,1.0519304275512695,1782735106.0449777
15600,1.3025195598602295,1782735112.6815977
15700,2.2285609245300293,1782735119.0584464
15800,-3.7330996990203857,1782735125.5868962
15900,-0.9674596786499023,1782735131.9233809
16000,-3.951897144317627,1782735138.7929177
16100,-3.435675621032715,1782735145.2533603
16200,-1.1559443473815918,1782735151.8117366
16300,-6.429957866668701,1782735158.2845638
16400,-4.511334419250488,1782735164.8587072
16500,-4.228957176208496,1782735171.4175568
16600,-6.937647342681885,1782735178.1112208
16700,-1.4224679470062256,1782735184.5496144
16800,-1.2941720485687256,1782735190.790583
16900,-1.6463696956634521,1782735197.0449834
17000,5.016757965087891,1782735203.570903
17100,-2.3738842010498047,1782735209.9816375
17200,-8.065048217773438,1782735216.604918
17300,-0.38238632678985596,1782735222.8092191
17400,-3.0881271362304688,1782735229.4975352
17500,-2.3706774711608887,1782735236.0942173
17600,-2.9230356216430664,1782735242.626459
17700,-4.900903701782227,1782735249.0763896
17800,-3.2011466026306152,1782735255.4860625
17900,-5.536839485168457,1782735261.9207861
18000,-0.7551155090332031,1782735268.7509286
18100,-1.0787935256958008,1782735275.6273155
18200,-1.1230075359344482,1782735282.2183526
18300,-1.3446223735809326,1782735288.7572873
18400,-3.4783408641815186,1782735295.10375
18500,-2.018981695175171,1782735301.2489965
18600,-0.887706995010376,1782735307.7100372
18700,1.437140941619873,1782735314.0877578
18800,0.012886404991149902,1782735320.8176246
18900,-3.675157070159912,1782735327.4907832
19000,-4.4470601081848145,1782735333.7749364
19100,1.982071876525879,1782735340.0179865
19200,-3.1305246353149414,1782735346.6525424
19300,-1.961198091506958,1782735353.3010015
19400,-1.0860803127288818,1782735359.8840225
19500,-3.1218340396881104,1782735366.4561553
19600,-0.8108464479446411,1782735372.9775693
19700,-3.052518844604492,1782735379.4226484
19800,0.14001619815826416,1782735386.0212934
19900,3.4944400787353516,1782735392.6503065
20000,-1.56614351272583,1782735399.2442646
20100,1.0407278537750244,1782735405.9782677
20200,-4.520174980163574,1782735412.6840177
20300,-1.1614837646484375,1782735419.3560784
20400,-0.05008429288864136,1782735425.6950366
20500,-1.6755502223968506,1782735431.7583876
20600,-2.171280860900879,1782735437.7771776
20700,-3.2382302284240723,1782735444.5224855
20800,-3.7952401638031006,1782735451.0528965
20900,-0.6251941919326782,1782735457.6346967
21000,-1.3996310234069824,1782735464.1265037
21100,-6.155459403991699,1782735470.3520617
21200,-0.7969949245452881,1782735476.5084836
21300,-5.554061412811279,1782735482.3929462
21400,-4.812784671783447,1782735488.3105586
21500,-3.457852840423584,1782735494.4396217
21600,-3.91068434715271,1782735500.4629233
21700,-1.3712395429611206,1782735506.5017912
21800,-4.370800018310547,1782735512.5530045
21900,2.7240002155303955,1782735518.92336
22000,-4.276538848876953,1782735525.5084329
22100,-7.297415256500244,1782735531.8031135
22200,4.002636909484863,1782735538.2382073
22300,1.1748900413513184,1782735544.7791064
22400,-1.4844659566879272,1782735551.3036547
22500,-1.3757997751235962,1782735557.5299628
22600,-2.8061184883117676,1782735563.8108869
22700,-0.998012900352478,1782735570.1082103
22800,0.8756727576255798,1782735576.6827075
22900,-4.736850738525391,1782735583.3015194
23000,-0.9801251292228699,1782735590.0574105
23100,-1.757603645324707,1782735596.5362246
23200,2.944949150085449,1782735603.207559
23300,-2.9841971397399902,1782735609.2735562
23400,-2.436464309692383,1782735615.1285238
23500,-1.1136207580566406,1782735620.713403
23600,4.6140055656433105,1782735626.3305426
23700,-1.2189793586730957,1782735631.9274096
23800,-1.9583455324172974,1782735637.7161298
23900,0.3030572533607483,1782735643.6205015
24000,-1.278261423110962,1782735649.277189
24100,0.06140488386154175,1782735655.15077
24200,0.13222122192382812,1782735661.1171749
24300,-1.3167788982391357,1782735666.9381537
24400,-1.5797603130340576,1782735672.6840322
24500,3.048421621322632,1782735678.4849484
24600,-1.3125735521316528,1782735684.256995
24700,-0.21648836135864258,1782735690.20678
24800,-2.2986793518066406,1782735695.991895
24900,-1.2646279335021973,1782735701.9099667
25000,-1.9684275388717651,1782735707.795719
25100,0.9937129020690918,1782735907.7086527
25200,-2.1896352767944336,1782735913.68987
25300,-2.5601119995117188,1782735919.7179134
25400,3.1959428787231445,1782735925.8096724
25500,2.3056280612945557,1782735932.0943851
25600,2.8008766174316406,1782735937.9817414
25700,1.6556239128112793,1782735944.1701944
25800,0.41754698753356934,1782735950.304138
25900,1.4272702932357788,1782735956.2487862
26000,1.0243287086486816,1782735962.410097
26100,-0.456318736076355,1782735968.2773404
26200,0.7494271993637085,1782735974.5794804
26300,-0.9473878145217896,1782735980.6411166
26400,2.541186571121216,1782735986.9729989
26500,3.360891342163086,1782735992.9336748
26600,-1.7941296100616455,1782735999.1708734
26700,2.0368311405181885,1782736005.3936946
26800,2.474388599395752,1782736011.6761198
26900,-0.224625825881958,1782736017.8418024
27000,0.46168971061706543,1782736024.1157997
27100,4.128576755523682,1782736030.2502367
27200,3.9091765880584717,1782736036.522416
27300,-1.7275593280792236,1782736042.8143477
27400,-0.3905722498893738,1782736048.954164
27500,0.5519856810569763,1782736055.1412332
27600,-0.03318166732788086,1782736061.2165399
27700,1.8470509052276611,1782736067.6568055
27800,-0.4228578805923462,1782736073.7579308
27900,0.7504510879516602,1782736080.0394132
28000,-0.05884385108947754,1782736086.2854118
28100,1.8490204811096191,1782736092.3563566
28200,2.3816816806793213,1782736098.5949097
28300,0.8482521772384644,1782736104.8131392
28400,-2.5449626445770264,1782736110.7559488
28500,-0.36151954531669617,1782736116.8316147
28600,-2.0926058292388916,1782736122.8446105
28700,0.4062415063381195,1782736128.8431199
28800,1.1818206310272217,1782736134.9536092
28900,-3.002830982208252,1782736141.289081
29000,2.04301118850708,1782736147.108962
29100,0.433615505695343,1782736152.776709
29200,0.21588134765625,1782736158.512065
29300,-3.5319106578826904,1782736164.4080951
29400,1.4992098808288574,1782736170.0601492
29500,4.858925819396973,1782736175.799205
29600,-1.0632731914520264,1782736181.496691
29700,-0.7877357006072998,1782736187.1104026
29800,-3.540135383605957,1782736192.8541522
29900,-0.7227886915206909,1782736198.810411
30000,2.6379616260528564,1782736204.5565872
30100,-3.4184365272521973,1782736210.6367426
30200,-3.5695319175720215,1782736216.561288
30300,-2.4639101028442383,1782736222.2562377
30400,-0.601917028427124,1782736227.8208418
30500,-2.2466659545898438,1782736233.5199397
30600,-3.1930086612701416,1782736239.4634168
30700,-3.788296699523926,1782736245.1855292
30800,-4.357834339141846,1782736250.9186518
30900,0.9163748621940613,1782736256.8215017
31000,-1.039811134338379,1782736262.5838816
31100,-0.5771210789680481,1782736268.3245707
31200,-2.650369167327881,1782736273.8864183
31300,1.1956053972244263,1782736279.3507235
31400,0.6897086501121521,1782736285.1830983
31500,0.7353794574737549,1782736290.8995538
31600,2.4844298362731934,1782736296.7624114
31700,-0.08736300468444824,1782736302.5636816
31800,0.4134618937969208,1782736308.360189
31900,-0.7540788650512695,1782736314.0522153
32000,-1.0373823642730713,1782736319.8210714
32100,-1.052381992340088,1782736325.8064597
32200,2.9586005210876465,1782736331.4475539
32300,2.9967031478881836,1782736337.36399
32400,0.9449890851974487,1782736342.9950292
32500,2.0681097507476807,1782736348.6014972
32600,0.3036467432975769,1782736354.536365
32700,1.8888177871704102,1782736360.3627071
32800,1.4808249473571777,1782736365.9190755
32900,-1.4246609210968018,1782736371.9421427
33000,1.8697259426116943,1782736377.509208
33100,1.4455926418304443,1782736383.1755657
33200,-2.1894278526306152,1782736388.899705
33300,-0.4777308702468872,1782736394.5272563
33400,-0.0003943145275115967,1782736400.200651
33500,-1.900503158569336,1782736405.707508
33600,1.2857873439788818,1782736411.2309773
33700,-0.671707034111023,1782736417.0130577
33800,-0.46785974502563477,1782736422.7379446
33900,-1.640089511871338,1782736428.3489509
34000,1.3351061344146729,1782736434.2515702
34100,-1.9131686687469482,1782736439.901023
34200,0.670514702796936,1782736445.6018884
34300,-1.547856092453003,1782736451.292841
34400,-1.9393022060394287,1782736456.920401
34500,-1.6153899431228638,1782736462.8370726
34600,0.14813843369483948,1782736468.4327068
34700,-3.3348710536956787,1782736474.1095417
34800,0.35674571990966797,1782736479.6841757
34900,-2.838313341140747,1782736485.4434683
35000,-1.8447494506835938,1782736491.5238152
35100,2.1854453086853027,1782736497.293394
35200,-2.2239534854888916,1782736502.8074713
35300,-1.4886068105697632,1782736508.4961472
35400,-1.3528993129730225,1782736514.099387
35500,2.108121156692505,1782736519.6171336
35600,-1.5778722763061523,1782736525.2154205
35700,-1.9925249814987183,1782736530.9659777
35800,-1.6253087520599365,1782736536.6996884
35900,-3.1785335540771484,1782736542.3776753
36000,-4.616729736328125,1782736548.1166973
36100,-2.904541015625,1782736553.8378072
36200,-0.7621990442276001,1782736559.5365632
36300,-3.0288760662078857,1782736565.2283885
36400,-2.430520534515381,1782736571.1031866
36500,-3.2824501991271973,1782736576.726857
36600,0.5155367851257324,1782736582.4564846
36700,-4.399557590484619,1782736588.167228
36800,-2.463613510131836,1782736594.1351762
36900,-3.0507283210754395,1782736599.6303725
37000,-3.4896183013916016,1782736605.5556388
37100,-0.6630592346191406,1782736611.2584069
37200,-0.6571804285049438,1782736616.9827955
37300,0.10180521011352539,1782736622.8979392
37400,-3.342740058898926,1782736628.652054
37500,-3.847686529159546,1782736634.6256666
37600,-2.625932455062866,1782736640.2511723
37700,-2.678196430206299,1782736646.086922
37800,-2.045107364654541,1782736651.9748042
37900,-3.084181308746338,1782736657.8029482
38000,-1.1881113052368164,1782736663.3260684
38100,-4.6401214599609375,1782736668.8441243
38200,-2.7210278511047363,1782736674.660018
38300,0.0201261043548584,1782736680.4950018
38400,0.6985034942626953,1782736686.1970074
38500,0.20734500885009766,1782736692.1386578
38600,-0.1241600513458252,1782736697.7837088
38700,-1.6533262729644775,1782736703.5710588
38800,1.2236980199813843,1782736709.3418293
38900,-2.2989306449890137,1782736715.02648
39000,-1.9623639583587646,1782736721.0851383
39100,-6.41420841217041,1782736726.8068254
39200,-3.2047524452209473,1782736732.5335662
39300,-3.856029987335205,1782736738.3425803
39400,-1.8559620380401611,1782736743.961548
39500,-0.9765046834945679,1782736749.5158746
39600,-1.902719259262085,1782736755.3577394
39700,1.7186880111694336,1782736760.8981268
39800,-2.12640118598938,1782736766.6489568
39900,-1.2474886178970337,1782736772.260411
40000,-0.9835238456726074,1782736777.8941317
40100,0.30762779712677,1782736783.598796
40200,-0.8762203454971313,1782736789.3836496
40300,1.1284892559051514,1782736794.9894133
40400,-3.024181604385376,1782736800.6982002
40500,0.061683326959609985,1782736806.3841748
40600,2.862323760986328,1782736811.8545086
40700,-0.9352953433990479,1782736817.5348914
40800,-2.1066625118255615,1782736823.097864
40900,-3.4854049682617188,1782736829.0293496
41000,-1.138573169708252,1782736834.7578037
41100,0.7079436182975769,1782736840.418452
41200,0.04821215569972992,1782736846.083361
41300,-3.3282527923583984,1782736851.5423188
41400,-0.1037132740020752,1782736857.2481542
41500,1.7962262630462646,1782736862.823118
41600,-2.952528238296509,1782736868.5427756
41700,-2.6570584774017334,1782736874.1263766
41800,-8.237045288085938,1782736879.69203
41900,-2.5591166019439697,1782736885.3529608
42000,-0.2977210283279419,1782736891.1893241
42100,0.2875242233276367,1782736896.9178143
42200,1.2338745594024658,1782736902.5396862
42300,-1.6789442300796509,1782736908.1354387
42400,-0.7781401872634888,1782736913.7083325
42500,2.404555082321167,1782736919.5507686
42600,-4.562138557434082,1782736925.1629987
42700,-3.9883666038513184,1782736930.7859557
42800,-2.936474323272705,1782736936.5913022
42900,-4.427847385406494,1782736942.3839173
43000,-5.382135391235352,1782736948.0937247
43100,-2.389529228210449,1782736953.975407
43200,3.2060446739196777,1782736959.6613688
43300,0.8741874694824219,1782736965.3479247
43400,3.1371006965637207,1782736971.3076608
43500,3.0527963638305664,1782736976.9843316
43600,0.9666483402252197,1782736982.7985084
43700,0.9323647022247314,1782736988.589681
43800,-2.9527838230133057,1782736994.205913
43900,-0.5799485445022583,1782736999.8502274
44000,-3.451552391052246,1782737005.432732
44100,-3.642831802368164,1782737011.0548344
44200,-1.4116462469100952,1782737016.799236
44300,-2.0113165378570557,1782737022.4929855
44400,-2.8319060802459717,1782737028.265966
44500,-5.171031475067139,1782737034.352819
44600,1.1528167724609375,1782737039.9791691
44700,-3.1947975158691406,1782737045.8278074
44800,-6.260225296020508,1782737051.4429493
44900,-4.755765914916992,1782737057.0752616
45000,-3.0984702110290527,1782737062.6881406
45100,-3.770616054534912,1782737068.9136372
45200,-1.6941198110580444,1782737074.5980115
45300,-1.8948073387145996,1782737080.4164934
45400,-1.590692162513733,1782737086.2719688
45500,-5.829800605773926,1782737091.9481497
45600,-3.4783568382263184,1782737097.4715378
45700,-3.658130645751953,1782737103.1541898
45800,-2.9397313594818115,1782737108.9257603
45900,-5.336160182952881,1782737114.6407845
46000,-2.337667465209961,1782737120.3854237
46100,-2.8896727561950684,1782737126.0062232
46200,-6.516324996948242,1782737131.7767074
46300,-5.3455681800842285,1782737137.587701
46400,-4.295401573181152,1782737143.270251
46500,-6.789982795715332,1782737149.1055799
46600,-4.215277671813965,1782737154.9207056
46700,-3.3151021003723145,1782737160.7893405
46800,-5.934758186340332,1782737166.5659187
46900,-4.926717758178711,1782737172.2761576
47000,-2.6613059043884277,1782737178.0032654
47100,-2.7616052627563477,1782737183.728812
47200,-4.226810455322266,1782737189.53916
47300,-6.475008964538574,1782737195.1767552
47400,-6.825888633728027,1782737201.2271957
47500,-4.877793788909912,1782737206.8767965
47600,-3.1601366996765137,1782737212.4502256
47700,-5.690930366516113,1782737218.385532
47800,-6.453171730041504,1782737223.9885833
47900,-4.743231773376465,1782737229.654353
48000,-7.9743146896362305,1782737235.4792008
48100,-3.2721705436706543,1782737241.2839615
48200,-6.687713623046875,1782737247.096209
48300,-4.766635894775391,1782737252.9781806
48400,-4.0298566818237305,1782737258.761316
48500,-3.825986623764038,1782737264.5607927
48600,-3.131131410598755,1782737270.1983094
48700,-1.5721713304519653,1782737275.9663913
48800,-3.1051101684570312,1782737281.7699647
48900,-1.5948600769042969,1782737287.751421
49000,-2.82080078125,1782737293.5016253
49100,-3.708258867263794,1782737299.2164447
49200,-1.2279531955718994,1782737305.1517847
49300,-4.252282619476318,1782737310.7989652
49400,-3.6259021759033203,1782737316.5724227
49500,-4.184268474578857,1782737322.4559429
49600,-2.294386625289917,1782737328.315918
49700,-3.9978220462799072,1782737334.0207412
49800,-5.338491439819336,1782737339.8335333
49900,-6.224526882171631,1782737345.7625961
50000,-4.590546131134033,1782737351.667923
50100,-6.506298065185547,1782737537.7811143
50200,-3.4410107135772705,1782737543.6192803
50300,-5.585539817810059,1782737549.4515643
50400,-5.345990180969238,1782737554.9713628
50500,-4.6786417961120605,1782737560.6054451
50600,-1.465849757194519,1782737566.5440757
50700,-5.125743389129639,1782737572.1570463
50800,-2.04630970954895,1782737578.0584633
50900,-0.789743959903717,1782737583.7709312
51000,-2.9732205867767334,1782737589.5679524
51100,-3.91048526763916,1782737595.2709124
51200,-1.8575419187545776,1782737601.2268002
51300,-2.623152017593384,1782737606.8282628
51400,-6.46495246887207,1782737612.6976802
51500,-4.290607452392578,1782737618.5341923
51600,-1.4208688735961914,1782737624.284508
51700,-1.7756365537643433,1782737630.100969
51800,1.656224250793457,1782737635.7990828
51900,0.15156161785125732,1782737641.592329
52000,-0.9234160780906677,1782737647.4375358
52100,-4.5167975425720215,1782737653.065357
52200,-1.8846123218536377,1782737658.693791
52300,-8.493545532226562,1782737664.3035934
52400,-3.350468158721924,1782737670.1523974
52500,-7.0240325927734375,1782737675.6975548
52600,-3.665438175201416,1782737681.4625628
52700,-1.1015543937683105,1782737687.1865227
52800,-6.139096736907959,1782737692.7589772
52900,-3.972452163696289,1782737698.527707
53000,-5.039848327636719,1782737704.1152656
53100,-5.584030628204346,1782737709.7171195
53200,-5.787468910217285,1782737715.357616
53300,-4.421602725982666,1782737721.2256875
53400,-3.6215670108795166,1782737726.9340127
53500,-4.95127010345459,1782737732.6284368
53600,-5.599431037902832,1782737738.4922543
53700,0.26028501987457275,1782737744.2926466
53800,-1.255314588546753,1782737750.1151195
53900,-7.394968032836914,1782737755.9983315
54000,-5.965131759643555,1782737761.7507467
54100,-3.4870715141296387,1782737767.3338816
54200,-7.488990306854248,1782737772.9235718
54300,-6.240462779998779,1782737778.4948945
54400,-5.934902191162109,1782737784.1904168
54500,-4.987621307373047,1782737790.1169662
54600,-6.3654255867004395,1782737795.6718178
54700,-5.872384071350098,1782737801.5999575
54800,-4.011013031005859,1782737807.381841
54900,-2.2558095455169678,1782737812.8374512
55000,-1.228039264678955,1782737818.6171453
55100,-1.937510371208191,1782737824.435452
55200,-2.362708806991577,1782737830.175039
55300,-3.126185894012451,1782737836.0628366
55400,-5.799642562866211,1782737841.6190405
55500,-2.6555697917938232,1782737847.4869266
55600,-4.360920429229736,1782737853.3792055
55700,-4.63265323638916,1782737859.2155385
55800,-2.1439223289489746,1782737864.9193547
55900,-4.815512657165527,1782737870.5020273
56000,-4.142484664916992,1782737876.300236
56100,-4.47385311126709,1782737882.1780078
56200,-3.161207675933838,1782737887.7679646
56300,-5.3725481033325195,1782737893.5507
56400,-3.0888094902038574,1782737899.2980106
56500,-4.417289733886719,1782737904.9553003
56600,-7.195918083190918,1782737910.7640498
56700,-6.193660259246826,1782737916.6276307
56800,-6.675762176513672,1782737922.4892461
56900,-7.235043525695801,1782737928.0080967
57000,-5.542884826660156,1782737933.9804385
57100,-3.713771343231201,1782737939.7379024
57200,-3.116039276123047,1782737945.3414762
57300,-0.7075640559196472,1782737951.1953835
57400,-1.967650294303894,1782737956.806838
57500,-4.842926979064941,1782737962.4708018
57600,-4.092817306518555,1782737968.2561116
57700,2.2096664905548096,1782737974.1169283
57800,0.6339499950408936,1782737980.002914
57900,-4.253239154815674,1782737985.6251209
58000,-2.0771820545196533,1782737991.5635514
58100,-0.27918899059295654,1782737997.1664832
58200,-2.8049914836883545,1782738003.3835437
58300,-2.7832841873168945,1782738009.1330628
58400,-1.1072791814804077,1782738014.9379418
58500,-3.959261655807495,1782738020.6046443
58600,-7.216109275817871,1782738026.319242
58700,-6.3127593994140625,1782738032.2587907
58800,-4.936050891876221,1782738037.8814955
58900,-4.954641342163086,1782738043.5434184
59000,-5.733086585998535,1782738049.2824214
59100,-9.307062149047852,1782738054.953254
59200,-7.314999580383301,1782738060.5265248
59300,-4.786110877990723,1782738066.2706196
59400,-6.00341796875,1782738071.8381317
59500,-4.587188720703125,1782738077.6325407
59600,-3.4669289588928223,1782738083.4367976
59700,-4.378928184509277,1782738089.2281206
59800,-5.465986251831055,1782738095.0196655
59900,-6.037900447845459,1782738100.652975
60000,-10.26611328125,1782738106.3027337
60100,-6.4498138427734375,1782738111.8211281
60200,-3.4219565391540527,1782738117.5297089
60300,-5.9458208084106445,1782738123.3163114
60400,-6.927321910858154,1782738128.8618717
60500,-8.397241592407227,1782738134.9254742
60600,-7.105799674987793,1782738140.7518203
60700,-6.420443058013916,1782738146.5509343
60800,-8.488003730773926,1782738152.105045
60900,-2.3864121437072754,1782738157.82011
61000,-3.774324655532837,1782738163.6387067
61100,-2.0742650032043457,1782738169.3538082
61200,-4.055054664611816,1782738175.1283796
61300,-3.424091339111328,1782738181.169217
61400,-4.104677200317383,1782738186.9966025
61500,-4.266088008880615,1782738192.8390503
61600,-2.1447598934173584,1782738198.4532888
61700,-6.404073238372803,1782738204.1974669
61800,-4.182675838470459,1782738209.9557076
61900,-2.7828619480133057,1782738215.9112191
62000,-2.6919901371002197,1782738221.655276
62100,-6.0603532791137695,1782738227.3409946
62200,-3.6715011596679688,1782738233.064034
62300,-4.438953399658203,1782738238.7804775
62400,-4.481834888458252,1782738244.627751
62500,-2.370602607727051,1782738250.453406
62600,-4.308180332183838,1782738256.2937405
62700,-7.003270626068115,1782738262.1942034
62800,-5.586706638336182,1782738267.9685328
62900,-6.78695011138916,1782738273.7032297
63000,-5.486236572265625,1782738279.34395
63100,-6.088852882385254,1782738285.0907333
63200,-5.392874717712402,1782738290.792111
63300,-5.599334716796875,1782738296.4287293
63400,-5.248562812805176,1782738302.1191056
63500,-5.403326034545898,1782738307.9019787
63600,-3.948622703552246,1782738313.7924209
63700,-4.3986616134643555,1782738319.6162055
63800,-2.951871395111084,1782738325.535163
63900,-6.353342056274414,1782738331.293762
64000,-6.778820514678955,1782738336.91719
64100,-5.224944114685059,1782738342.6340663
64200,-8.939812660217285,1782738348.3305562
64300,-5.673780918121338,1782738354.1009886
64400,-5.312654972076416,1782738359.9923506
64500,-6.808752536773682,1782738365.6857393
64600,-4.134389877319336,1782738371.4069126
64700,-3.7179737091064453,1782738377.2892897
64800,-2.970888137817383,1782738382.9645016
64900,-4.295900821685791,1782738388.5168002
65000,-0.6252467632293701,1782738394.277202
65100,-2.0511574745178223,1782738400.1350596
65200,-3.202728271484375,1782738406.0288553
65300,-3.680546998977661,1782738411.8110127
65400,-2.5731282234191895,1782738417.5744717
65500,-7.7630743980407715,1782738423.2616358
65600,-5.4999895095825195,1782738429.1924794
65700,-6.102581977844238,1782738434.910262
65800,-3.7495603561401367,1782738440.6729596
65900,-2.3879430294036865,1782738446.3732266
66000,-2.6527583599090576,1782738452.3181863
66100,-1.345560073852539,1782738458.2916105
66200,-5.202884674072266,1782738463.9158967
66300,-2.38033390045166,1782738469.942044
66400,-2.382235050201416,1782738475.8249493
66500,-1.7122673988342285,1782738481.5619314
66600,-2.3332018852233887,1782738487.199505
66700,-3.2404158115386963,1782738493.0718822
66800,-3.5359995365142822,1782738498.557975
66900,-2.431893825531006,1782738504.445627
67000,-2.2804172039031982,1782738510.324733
67100,-3.0755250453948975,1782738516.2532353
67200,-5.5345258712768555,1782738522.024047
67300,-0.23645760118961334,1782738527.7349777
67400,-1.6023893356323242,1782738533.7144835
67500,-3.573770523071289,1782738539.3409295
67600,-3.017653465270996,1782738545.3667002
67700,-1.8087584972381592,1782738551.1203427
67800,-4.008484363555908,1782738557.2605724
67900,-0.8773229122161865,1782738562.7900345
68000,-4.09636926651001,1782738568.7373364
68100,-1.2927300930023193,1782738574.5059736
68200,-1.8668832778930664,1782738580.3110569
68300,-4.336071014404297,1782738586.1159081
68400,-1.9554685354232788,1782738592.017262
68500,-4.134095191955566,1782738597.7119994
68600,-3.4706454277038574,1782738603.56531
68700,-8.002927780151367,1782738609.1906252
68800,-5.082207202911377,1782738614.8550665
68900,-3.5031423568725586,1782738620.984121
69000,-5.524383068084717,1782738626.5684757
69100,-2.186946153640747,1782738632.19136
69200,-7.638471603393555,1782738637.8704803
69300,-4.506389141082764,1782738643.6094136
69400,-2.396575927734375,1782738649.0604877
69500,-3.9249067306518555,1782738655.017045
69600,-4.619843482971191,1782738661.095063
69700,-4.402461528778076,1782738666.9745915
69800,-5.106735706329346,1782738672.6539571
69900,-3.6709108352661133,1782738678.4605901
70000,-5.661591529846191,1782738684.2820275
70100,-5.763262748718262,1782738690.2151856
70200,-5.934390068054199,1782738696.160066
70300,-4.456930160522461,1782738702.0658126
70400,-5.448897361755371,1782738707.794817
70500,-5.76312780380249,1782738713.7366936
70600,-1.6876068115234375,1782738719.4209874
70700,-1.8469247817993164,1782738725.0540683
70800,-5.043349266052246,1782738730.973744
70900,-3.803260326385498,1782738736.8759396
71000,-3.4569947719573975,1782738742.5504801
71100,-6.912867546081543,1782738748.3003943
71200,-5.359202861785889,1782738753.9057362
71300,-2.8085684776306152,1782738759.6225886
71400,-4.010055065155029,1782738765.6029317
71500,-4.561061859130859,1782738771.456392
71600,-5.506856918334961,1782738777.2764366
71700,-3.0992109775543213,1782738783.2874088
71800,-3.743690013885498,1782738789.2569146
71900,-1.8708575963974,1782738795.0533555
72000,-4.75019645690918,1782738800.663334
72100,-6.1898674964904785,1782738806.6532567
72200,-5.483531951904297,1782738812.4407709
72300,-4.613699913024902,1782738818.359845
72400,-1.5067921876907349,1782738824.2170727
72500,-2.460512638092041,1782738830.2302403
72600,-5.500617980957031,1782738836.0847552
72700,-3.606584072113037,1782738841.9163132
72800,-3.5374069213867188,1782738847.8843257
72900,-5.346513271331787,1782738853.503004
73000,-5.3665595054626465,1782738859.2640402
73100,-5.492194652557373,1782738864.9730783
73200,-5.170145034790039,1782738870.7358336
73300,-3.2185006141662598,1782738876.4069679
73400,-4.876674652099609,1782738882.3080745
73500,-3.1911399364471436,1782738887.9368432
73600,-3.7262353897094727,1782738893.722834
73700,-3.8169384002685547,1782738899.6201699
73800,-4.436948776245117,1782738905.5160909
73900,-2.1280107498168945,1782738911.3550909
74000,-0.0924038290977478,1782738917.158141
74100,-1.3128368854522705,1782738922.8347056
74200,-3.568344831466675,1782738928.5698216
74300,-1.2289884090423584,1782738934.3715012
74400,-2.053004026412964,1782738940.3984494
74500,-3.4620800018310547,1782738946.5085793
74600,-1.579548954963684,1782738952.397164
74700,-3.221745491027832,1782738958.2912037
74800,-0.42443138360977173,1782738964.1036308
74900,-1.9623420238494873,1782738969.7022352
75000,3.0312914848327637,1782738975.5087802
75100,3.1486010551452637,1782739112.3630974
75200,4.560662746429443,1782739118.302684
75300,-0.6062265038490295,1782739123.9562237
75400,0.9919816255569458,1782739130.0061092
75500,0.47386401891708374,1782739135.8758345
75600,-0.27819228172302246,1782739141.502252
75700,-0.17325806617736816,1782739147.4495504
75800,0.9392220973968506,1782739153.3059485
75900,0.5979365110397339,1782739159.3309526
76000,-1.0839513540267944,1782739165.157444
76100,0.5945851802825928,1782739171.1959293
76200,-0.037213683128356934,1782739177.0341158
76300,-2.2694177627563477,1782739183.1570354
76400,1.3882384300231934,1782739188.8497689
76500,-0.42129576206207275,1782739194.6822865
76600,-1.4257022142410278,1782739200.7620285
76700,0.8761700391769409,1782739206.4621348
76800,-1.0968337059020996,1782739212.1210077
76900,1.3097660541534424,1782739217.9366915
77000,-0.48839879035949707,1782739223.5704167
77100,-0.4497826099395752,1782739229.4875824
77200,-0.103385329246521,1782739235.1915991
77300,-1.290793776512146,1782739241.1331067
77400,0.3797069787979126,1782739246.9946074
77500,1.2660493850708008,1782739252.6221988
77600,-3.633512020111084,1782739258.2548673
77700,-1.5898061990737915,1782739263.9704962
77800,2.139592170715332,1782739270.0259295
77900,-3.704341411590576,1782739276.0054832
78000,0.4428659677505493,1782739281.7294173
78100,-4.574566841125488,1782739287.6024008
78200,-0.06918710470199585,1782739293.566635
78300,-1.719573736190796,1782739299.384369
78400,0.25787705183029175,1782739305.0090966
78500,-1.0547924041748047,1782739310.993997
78600,2.4796018600463867,1782739316.7644725
78700,-1.3647701740264893,1782739322.7190359
78800,-1.0429837703704834,1782739328.5496957
78900,0.2504018545150757,1782739334.2432625
79000,-0.2752413749694824,1782739339.9616213
79100,-1.7625069618225098,1782739345.9453053
79200,-0.43685802817344666,1782739351.6648703
79300,-0.5981578826904297,1782739357.3997808
79400,-0.4007648825645447,1782739363.1213608
79500,-1.2958662509918213,1782739368.938161
79600,-1.8746869564056396,1782739374.7545
79700,-1.2177401781082153,1782739380.5060897
79800,-2.6211776733398438,1782739386.1941483
79900,0.4222966730594635,1782739392.0091264
80000,0.6916583776473999,1782739397.7631016
80100,-4.414566993713379,1782739403.5689268
80200,-4.5937042236328125,1782739409.3227818
80300,-2.419140338897705,1782739414.926035
80400,-6.042076587677002,1782739420.7209878
80500,-1.8587452173233032,1782739426.3836892
80600,0.24707373976707458,1782739432.3645954
80700,-3.371868133544922,1782739438.1850076
80800,-2.272526741027832,1782739443.959572
80900,-3.9188501834869385,1782739449.7554212
81000,-6.170656204223633,1782739455.6337707
81100,-1.5285823345184326,1782739461.434969
81200,-5.439512252807617,1782739467.2704296
81300,-3.3583357334136963,1782739473.1529925
81400,-3.2019433975219727,1782739479.0105722
81500,-5.935726165771484,1782739484.7958274
81600,-3.8503975868225098,1782739490.5797677
81700,-4.585395812988281,1782739496.3860145
81800,-4.259625434875488,1782739502.0671403
81900,-6.469599723815918,1782739508.052901
82000,-3.6702802181243896,1782739513.7620778
82100,-2.5582194328308105,1782739519.5936964
82200,-5.652213096618652,1782739525.6230652
82300,-5.143627166748047,1782739531.222162
82400,-3.5493381023406982,1782739537.0179017
82500,-6.520346641540527,1782739542.7628973
82600,-3.6676101684570312,1782739548.5887854
82700,-2.6020822525024414,1782739554.3628166
82800,-1.6824781894683838,1782739560.0698252
82900,-4.735611438751221,1782739565.7652855
83000,-3.36091947555542,1782739571.3929536
83100,-6.413906097412109,1782739577.1417272
83200,-5.951557159423828,1782739582.974921
83300,0.13795369863510132,1782739588.5911527
83400,-1.4791481494903564,1782739594.1490834
83500,-3.504669189453125,1782739600.0205898
83600,-4.902748107910156,1782739605.6353638
83700,-2.732296943664551,1782739611.3744164
83800,-0.10127174854278564,1782739617.0808916
83900,-0.7508410215377808,1782739622.9826174
84000,-1.1615545749664307,1782739628.6158843
84100,-0.6175731420516968,1782739634.3922038
84200,-4.734217643737793,1782739640.061015
84300,-1.6156865358352661,1782739645.9767807
84400,-2.8859612941741943,1782739651.75257
84500,-1.7422621250152588,1782739657.696448
84600,-3.235568046569824,1782739663.4043105
84700,-1.4645740985870361,1782739669.0254374
84800,-3.429539680480957,1782739674.825688
84900,-1.4528868198394775,1782739680.7937357
85000,-2.3851242065429688,1782739686.4529424
85100,-2.657296895980835,1782739692.1848671
85200,-4.222848892211914,1782739698.1644726
85300,-7.47660493850708,1782739703.8241224
85400,-1.808366060256958,1782739709.7077858
85500,-1.0305973291397095,1782739715.457246
85600,-2.3497509956359863,1782739721.2935796
85700,0.5623688101768494,1782739726.842196
85800,-0.3402787446975708,1782739732.4881597
85900,-3.7483420372009277,1782739738.4811487
86000,-3.997769355773926,1782739744.2056391
86100,-3.4703831672668457,1782739750.081193
86200,-2.047450065612793,1782739755.8871195
86300,-2.9879276752471924,1782739761.597691
86400,-2.2209293842315674,1782739767.303912
86500,-5.257747173309326,1782739773.140646
86600,-2.4919931888580322,1782739778.8173168
86700,-4.352485656738281,1782739784.6380827
86800,-2.6552629470825195,1782739790.8180122
86900,-4.6884989738464355,1782739796.4179897
87000,-2.589193820953369,1782739802.0307133
87100,-4.572990417480469,1782739807.916991
87200,0.7105648517608643,1782739813.5783505
87300,-5.423189163208008,1782739819.2845538
87400,-1.5437793731689453,1782739825.1724563
87500,-4.148681163787842,1782739830.8212037
87600,-2.931259870529175,1782739836.6808143
87700,-2.686310291290283,1782739842.3672829
87800,-1.8573110103607178,1782739848.4005964
87900,-1.8796284198760986,1782739854.0662618
88000,-1.757999062538147,1782739859.752932
88100,-1.9260203838348389,1782739865.4061823
88200,-3.1899304389953613,1782739871.2422743
88300,-4.950328826904297,1782739877.0048277
88400,0.9404934644699097,1782739882.9938474
88500,-4.462762832641602,1782739888.6685967
88600,-1.942643165588379,1782739894.2925935
88700,-3.7201883792877197,1782739900.3478236
88800,-4.55229377746582,1782739905.9857693
88900,-3.148233652114868,1782739911.6407175
89000,-2.799807071685791,1782739917.2640622
89100,-5.354404926300049,1782739922.8312316
89200,-5.4529128074646,1782739928.6540098
89300,-4.435941696166992,1782739934.5491965
89400,-1.9718419313430786,1782739940.2215307
89500,-0.9588652849197388,1782739945.8682466
89600,-1.7802553176879883,1782739951.8909798
89700,-3.6726174354553223,1782739957.5682237
89800,-0.7918622493743896,1782739963.530636
89900,-2.660243034362793,1782739969.421296
90000,-3.502624273300171,1782739975.2702904
90100,-3.4494736194610596,1782739981.0207183
90200,-2.900252103805542,1782739986.8037055
90300,-6.301201820373535,1782739992.4175425
90400,-2.548382043838501,1782739998.1982028
90500,-0.7085087299346924,1782740004.0608208
90600,-2.2656712532043457,1782740009.8694358
90700,-2.0408096313476562,1782740015.6376038
90800,-4.798004627227783,1782740021.4820187
90900,-0.4375722408294678,1782740027.1902347
91000,0.4943169951438904,1782740033.1404014
91100,-1.1305184364318848,1782740038.7862408
91200,-0.7043074369430542,1782740044.7720788
91300,-4.626932621002197,1782740050.5098093
91400,-6.214873313903809,1782740056.1712914
91500,-2.2252135276794434,1782740061.676287
91600,-4.181763648986816,1782740067.2932103
91700,-4.527434349060059,1782740072.7843392
91800,-5.766095161437988,1782740078.4868681
91900,-4.81461763381958,1782740084.098145
92000,-3.7399024963378906,1782740089.718339
92100,-7.291110038757324,1782740095.3527372
92200,-6.550084590911865,1782740100.9363055
92300,-7.527999401092529,1782740106.637613
92400,-4.613377571105957,1782740112.6031294
92500,-1.5973446369171143,1782740118.441944
92600,0.4160424768924713,1782740124.2355974
92700,-4.663479804992676,1782740130.0534062
92800,-5.310598850250244,1782740135.7391243
92900,-3.041163444519043,1782740141.4870625
93000,-6.430198669433594,1782740147.291557
93100,-6.63620662689209,1782740153.006826
93200,-2.544412136077881,1782740158.9892094
93300,-6.73459005355835,1782740164.7509484
93400,-4.576582431793213,1782740170.3733144
93500,-6.750967979431152,1782740175.8898435
93600,-4.720006465911865,1782740181.5693643
93700,-5.177649974822998,1782740187.5160937
93800,-2.5341999530792236,1782740193.1980715
93900,-0.775287389755249,1782740199.1874447
94000,-2.416896104812622,1782740204.9197557
94100,-4.393775463104248,1782740210.7531047
94200,-0.7476621270179749,1782740216.4464362
94300,-2.4975061416625977,1782740222.2521327
94400,3.748971462249756,1782740227.8850439
94500,-5.047338485717773,1782740234.3108423
94600,0.5392234325408936,1782740239.962479
94700,-4.3651838302612305,1782740245.6679246
94800,-4.951504707336426,1782740251.5759914
94900,-5.779427528381348,1782740257.3671737
95000,-5.84964656829834,1782740263.1507962
95100,-5.813853740692139,1782740268.8775592
95200,-4.897031784057617,1782740274.6294994
95300,-3.4215762615203857,1782740280.2706585
95400,-5.380728244781494,1782740285.9843857
95500,-5.089069366455078,1782740291.9709365
95600,-5.472293853759766,1782740297.6939664
95700,-7.1246538162231445,1782740303.2838628
95800,-4.952226638793945,1782740308.9200366
95900,-4.381897926330566,1782740314.7359147
96000,-5.513832092285156,1782740320.5386143
96100,-5.47343111038208,1782740326.334143
96200,-2.165658950805664,1782740332.1047006
96300,-6.538646697998047,1782740337.9246705
96400,-5.736757755279541,1782740343.6007392
96500,-5.180059432983398,1782740349.5876236
96600,-6.659265518188477,1782740355.3626392
96700,-6.316641807556152,1782740361.1707656
96800,-5.173620223999023,1782740366.7809134
96900,-6.025045394897461,1782740372.4892702
97000,-6.45805025100708,1782740378.298562
97100,-6.198792457580566,1782740384.2962575
97200,-4.487269401550293,1782740390.082539
97300,-4.859137535095215,1782740395.8207219
97400,-6.068699836730957,1782740402.084779
97500,-3.448446273803711,1782740408.136624
97600,-5.512978553771973,1782740413.9012747
97700,-4.26455545425415,1782740419.6970088
97800,-6.765328884124756,1782740425.6563702
97900,-5.333428859710693,1782740431.31938
98000,-6.7737884521484375,1782740437.2747874
98100,-5.906073570251465,1782740443.2151728
98200,-5.699376106262207,1782740448.9505565
98300,-5.273867607116699,1782740454.8365598
98400,-5.226770401000977,1782740460.5588534
98500,-4.974175453186035,1782740466.4005518
98600,-5.753829002380371,1782740472.3704827
98700,-5.206853866577148,1782740478.1242437
98800,-4.509452819824219,1782740483.989236
98900,-4.649147033691406,1782740489.7432156
99000,-4.0098557472229,1782740495.7135274
99100,-4.791751384735107,1782740501.4339747
99200,-2.9257986545562744,1782740507.3990629
99300,-2.4054644107818604,1782740513.193665
99400,-3.8788108825683594,1782740518.871618
99500,-3.59151554107666,1782740524.7765954
99600,-2.2358899116516113,1782740530.428762
99700,-1.8728466033935547,1782740536.370263
99800,-3.214959144592285,1782740542.3497806
99900,-4.463509559631348,1782740548.2454548
100000,-4.1123247146606445,1782740554.189403
100100,1.4641932249069214,1782740701.830627
100200,2.886284828186035,1782740707.5788891
100300,3.4829039573669434,1782740713.438059
100400,4.143218994140625,1782740719.3365262
100500,4.211154937744141,1782740724.9812813
100600,4.050323963165283,1782740730.6944885
100700,4.468043327331543,1782740736.617927
100800,5.518385887145996,1782740742.3147829
100900,5.109076499938965,1782740748.1859384
101000,3.4891676902770996,1782740753.882424
101100,4.113155841827393,1782740759.5765586
101200,3.0204968452453613,1782740765.4606733
101300,3.3267760276794434,1782740771.3648145
101400,3.525514841079712,1782740777.2145762
101500,3.8145735263824463,1782740783.0632222
101600,3.9116644859313965,1782740788.6978753
101700,4.116510391235352,1782740794.3503397
101800,2.6162431240081787,1782740800.1488595
101900,5.359099388122559,1782740805.9729605
102000,5.2265191078186035,1782740811.7950695
102100,3.6483232975006104,1782740817.5688412
102200,5.110836982727051,1782740823.16193
102300,2.5397439002990723,1782740828.8123205
102400,5.209222793579102,1782740834.5448003
102500,6.391374111175537,1782740840.1520755
102600,5.162884712219238,1782740846.0162826
102700,7.974507808685303,1782740851.6904547
102800,6.184216499328613,1782740857.4643202
102900,5.939111709594727,1782740863.2840443
103000,7.596402645111084,1782740869.0440817
103100,9.13314151763916,1782740874.7691529
103200,8.762680053710938,1782740880.6648695
103300,7.267960071563721,1782740886.4558592
103400,10.974164962768555,1782740892.6269495
103500,8.545928955078125,1782740898.5781748
103600,5.747275352478027,1782740904.3981721
103700,6.27301549911499,1782740910.1552367
103800,6.144275665283203,1782740915.8591871
103900,8.086597442626953,1782740921.5707936
104000,5.798200607299805,1782740927.4279585
104100,9.158196449279785,1782740933.2100897
104200,9.086715698242188,1782740939.0164487
104300,7.307666778564453,1782740945.1754444
104400,6.224701881408691,1782740950.91152
104500,8.920310974121094,1782740956.7873585
104600,8.225227355957031,1782740962.5149117
104700,4.139336585998535,1782740968.3338041
104800,5.81466007232666,1782740973.9809299
104900,6.619457721710205,1782740979.7870731
105000,6.7747344970703125,1782740985.4446778
105100,9.257804870605469,1782740991.1709878
105200,4.312976837158203,1782740996.9068477
105300,6.9311299324035645,1782741002.7713022
105400,6.696074485778809,1782741008.710072
105500,5.9625163078308105,1782741014.7034724
105600,7.939922332763672,1782741020.5103397
105700,5.603507041931152,1782741026.4475272
105800,5.704356670379639,1782741032.0627236
105900,2.8936073780059814,1782741037.7273407
106000,5.091510772705078,1782741043.34866
106100,8.374246597290039,1782741049.1824718
106200,6.003827095031738,1782741054.7533095
106300,1.7937729358673096,1782741060.4162393
106400,4.106884956359863,1782741065.9886866
106500,6.193862438201904,1782741071.9278283
106600,4.586615085601807,1782741077.658392
106700,3.666658401489258,1782741083.3910894
106800,5.614091873168945,1782741089.2268522
106900,6.768584251403809,1782741094.929674
107000,7.590708255767822,1782741100.7959745
107100,3.9888172149658203,1782741106.505126
107200,3.901893377304077,1782741112.2365592
107300,1.2804977893829346,1782741117.8164206
107400,-1.4708305597305298,1782741123.4399092
107500,1.883652687072754,1782741129.1870844
107600,1.0430457592010498,1782741135.0931492
107700,0.45720309019088745,1782741140.8762977
107800,3.9010462760925293,1782741146.4518454
107900,1.4859051704406738,1782741152.2897892
108000,0.4772498607635498,1782741158.1915355
108100,1.1185402870178223,1782741163.9825776
108200,1.4800817966461182,1782741169.7000022
108300,1.4303218126296997,1782741175.5180795
108400,3.55894136428833,1782741181.2496302
108500,2.3008193969726562,1782741186.9276202
108600,2.8030993938446045,1782741192.8643422
108700,4.0128021240234375,1782741198.6033692
108800,1.78425931930542,1782741204.566453
108900,2.9543120861053467,1782741210.402148
109000,3.158118724822998,1782741216.1158876
109100,2.148893356323242,1782741221.8769133
109200,2.940763473510742,1782741227.9830492
109300,4.845456123352051,1782741233.782439
109400,2.1120047569274902,1782741239.7023585
109500,-0.06969177722930908,1782741245.3737516
109600,1.9974210262298584,1782741251.1146312
109700,2.443390130996704,1782741256.7656744
109800,3.9066433906555176,1782741262.5566945
109900,5.2448039054870605,1782741268.2075362
110000,4.5886640548706055,1782741274.07458
110100,3.3585243225097656,1782741279.8393176
110200,3.4623513221740723,1782741285.606574
110300,0.8101441860198975,1782741291.6624143
110400,0.5325505137443542,1782741297.4406312
110500,3.8085672855377197,1782741303.2722642
110600,3.4190473556518555,1782741309.0707734
110700,2.450468063354492,1782741314.7123327
110800,1.7957847118377686,1782741320.624004
110900,1.98907470703125,1782741326.509842
111000,0.6978339552879333,1782741332.4105694
111100,0.25071001052856445,1782741338.2926972
111200,0.8383350372314453,1782741344.0229533
111300,-0.6184247136116028,1782741349.6777444
111400,-1.4121816158294678,1782741355.421383
111500,-1.1381161212921143,1782741361.2252967
111600,-1.8458290100097656,1782741366.990724
111700,0.2480553388595581,1782741372.931845
111800,1.8146674633026123,1782741378.5936487
111900,-0.21346122026443481,1782741384.3602207
112000,0.6175798773765564,1782741390.102181
112100,1.0693784952163696,1782741395.9977193
112200,-1.128045678138733,1782741401.7167232
112300,-4.478954315185547,1782741407.6508753
112400,-1.3499565124511719,1782741413.2415047
112500,-1.471227765083313,1782741419.0711267
112600,0.7661486864089966,1782741424.8872135
112700,2.412160873413086,1782741430.6214497
112800,1.1844053268432617,1782741436.6028738
112900,0.6989073753356934,1782741442.4712374
113000,-0.2512151598930359,1782741448.3785553
113100,-0.4550045132637024,1782741454.3081162
113200,1.6157701015472412,1782741460.1588335
113300,1.9043185710906982,1782741465.9055307
113400,-0.48524606227874756,1782741471.7645051
113500,2.7161240577697754,1782741477.5611632
113600,0.6351468563079834,1782741483.0915182
113700,-0.1779625415802002,1782741488.9923964
113800,0.5912004113197327,1782741494.7522736
113900,-1.5991106033325195,1782741500.5871851
114000,-1.2955514192581177,1782741506.3801904
114100,-1.7976815700531006,1782741512.2754312
114200,0.586495041847229,1782741517.9766216
114300,-4.684429168701172,1782741523.5952246
114400,0.8230961561203003,1782741529.5196419
114500,-1.1591174602508545,1782741535.1078174
114600,-5.277693748474121,1782741541.0282202
114700,-1.73955237865448,1782741546.7999518
114800,-2.850461483001709,1782741552.7244167
114900,-4.084514141082764,1782741558.3690133
115000,-5.933601379394531,1782741564.1329453
115100,-3.9584014415740967,1782741569.9788954
115200,-2.7657968997955322,1782741575.7593691
115300,-1.533083200454712,1782741581.505344
115400,-2.0132827758789062,1782741587.366743
115500,-1.4807825088500977,1782741593.433189
115600,-2.011169672012329,1782741599.2680597
115700,-1.5152723789215088,1782741605.059965
115800,-1.149461269378662,1782741610.810986
115900,-4.756805419921875,1782741616.5718484
116000,-1.364838719367981,1782741622.43358
116100,-5.894865989685059,1782741628.331675
116200,-5.960756778717041,1782741634.0774953
116300,-5.030648708343506,1782741639.7195446
116400,-5.199889659881592,1782741645.5281947
116500,-5.58000373840332,1782741651.4193585
116600,-3.9327940940856934,1782741657.541429
116700,-4.186705112457275,1782741663.421858
116800,-6.298189163208008,1782741669.215238
116900,-7.6035614013671875,1782741674.8336866
117000,-5.837594032287598,1782741680.5954125
117100,-6.8082780838012695,1782741686.43063
117200,-5.680943489074707,1782741692.2680352
117300,-4.28133487701416,1782741698.0508528
117400,-7.3238019943237305,1782741703.64902
117500,-8.058712005615234,1782741709.75232
117600,-8.335432052612305,1782741715.7057042
117700,-5.3315110206604,1782741721.4060717
117800,-8.480432510375977,1782741727.1925364
117900,-7.448439598083496,1782741732.9168165
118000,-9.44853401184082,1782741738.595247
118100,-8.664076805114746,1782741744.4846003
118200,-5.5459089279174805,1782741750.2829003
118300,-7.69553279876709,1782741756.195467
118400,-8.4360990524292,1782741761.863116
118500,-5.331663131713867,1782741767.9369068
118600,-7.647452354431152,1782741773.7047045
118700,-5.095672607421875,1782741779.5615852
118800,-7.091809272766113,1782741785.2840035
118900,-6.683012008666992,1782741791.0576448
119000,-5.522723197937012,1782741796.709396
119100,-3.1183981895446777,1782741802.6191819
119200,-4.490862846374512,1782741808.5518258
119300,-5.226528644561768,1782741814.2876441
119400,-4.939454078674316,1782741820.164011
119500,-4.105130195617676,1782741825.9827964
119600,-2.759153127670288,1782741831.8961835
119700,-3.0146875381469727,1782741837.5950544
119800,-1.9191300868988037,1782741843.3888972
119900,-0.8301723003387451,1782741849.1450706
120000,-1.2811496257781982,1782741854.89223
120100,-2.508453845977783,1782741860.671942
120200,-2.709160089492798,1782741866.543853
120300,-1.7929129600524902,1782741872.457827
120400,0.3459157347679138,1782741878.3988008
120500,0.2520037293434143,1782741884.0423417
120600,-2.462320327758789,1782741890.0414753
120700,-1.1029179096221924,1782741895.791283
120800,-1.5618541240692139,1782741901.5552537
120900,1.7685132026672363,1782741907.5408354
121000,0.25037604570388794,1782741913.6322
121100,-1.0530115365982056,1782741919.5263593
121200,0.023784488439559937,1782741925.3954248
121300,-1.2298942804336548,1782741931.176231
121400,-0.4736641049385071,1782741937.1337285
121500,-0.02199837565422058,1782741942.7930357
121600,0.7449581623077393,1782741948.3598428
121700,-0.14036893844604492,1782741954.6050365
121800,-0.6950216293334961,1782741960.372651
121900,1.8168532848358154,1782741966.3189542
122000,0.6783123016357422,1782741972.0480042
122100,0.7121356129646301,1782741977.9845476
122200,-0.3504512906074524,1782741983.6379788
122300,-0.1374976634979248,1782741989.3759222
122400,0.2594345808029175,1782741995.0263789
122500,0.7645765542984009,1782742000.9167745
122600,0.5351016521453857,1782742006.7964044
122700,0.14886623620986938,1782742012.415868
122800,-0.8385412693023682,1782742018.4282904
122900,0.2327404022216797,1782742024.0942588
123000,0.2144695520401001,1782742029.6886508
123100,0.09516501426696777,1782742035.471189
123200,-1.1382547616958618,1782742041.2365215
123300,-1.5745562314987183,1782742046.837331
123400,-1.3783278465270996,1782742052.6113346
123500,0.8886236548423767,1782742058.732205
123600,0.6845725774765015,1782742064.7560904
123700,-0.0864330530166626,1782742070.4413826
123800,-0.854458212852478,1782742076.362678
123900,0.03482614457607269,1782742082.0898263
124000,0.20416022837162018,1782742088.0117059
124100,-0.3552223742008209,1782742093.6978567
124200,0.23942124843597412,1782742099.439064
124300,2.196650505065918,1782742105.2267976
124400,0.6899956464767456,1782742111.0708814
124500,1.1341991424560547,1782742117.1285706
124600,1.1975173950195312,1782742122.9410796
124700,0.8882310390472412,1782742128.560722
124800,-0.08973002433776855,1782742134.1313632
124900,-0.7945585250854492,1782742139.8405607
125000,2.3789970874786377,1782742145.5619578
125100,-0.23768272995948792,1782742271.6866
125200,0.7362641096115112,1782742277.7305007
125300,1.87017822265625,1782742283.4591942
125400,0.14609116315841675,1782742289.2557654
125500,1.218923807144165,1782742294.8734548
125600,1.3415172100067139,1782742300.637327
125700,1.9642529487609863,1782742306.3184538
125800,1.84248685836792,1782742311.9614615
125900,0.589876115322113,1782742317.7888367
126000,-0.705528974533081,1782742323.6223898
126100,1.3757150173187256,1782742329.533508
126200,1.7427401542663574,1782742335.2361836
126300,-0.723280668258667,1782742341.1839511
126400,1.4836970567703247,1782742346.9620194
126500,-0.17133182287216187,1782742352.7923815
126600,0.15682187676429749,1782742358.7954688
126700,-0.7360150814056396,1782742364.5740113
126800,2.462973117828369,1782742370.2986465
126900,-0.7724307775497437,1782742376.097634
127000,-0.23152613639831543,1782742382.0705092
127100,-0.10893315076828003,1782742387.8613734
127200,0.4949120879173279,1782742393.7618124
127300,-1.0989574193954468,1782742399.4126277
127400,0.8862205147743225,1782742405.1257133
127500,-2.5210983753204346,1782742411.0763133
127600,-0.85955411195755,1782742416.9150116
127700,-0.14440703392028809,1782742422.8973956
127800,-2.271519660949707,1782742428.7833726
127900,2.47934627532959,1782742434.4178233
128000,-1.605436086654663,1782742440.04477
128100,-3.1205642223358154,1782742445.594376
128200,-1.6027840375900269,1782742451.4304748
128300,-1.614711046218872,1782742457.3424387
128400,-1.8987427949905396,1782742462.882667
128500,0.3648284673690796,1782742468.7339125
128600,-5.332555294036865,1782742474.5654
128700,-0.0688638687133789,1782742480.6773694
128800,-0.6424059867858887,1782742486.40648
128900,-0.8684453964233398,1782742492.0768816
129000,-1.7013752460479736,1782742497.9738038
129100,1.0326300859451294,1782742503.6652343
129200,-1.4347524642944336,1782742509.5180392
129300,-0.8272862434387207,1782742515.2003598
129400,-2.5170657634735107,1782742520.9909322
129500,-0.3464687466621399,1782742526.897746
129600,-1.2502772808074951,1782742532.5181127
129700,-1.3107469081878662,1782742538.4747832
129800,-2.565542697906494,1782742544.0186985
129900,-4.131561279296875,1782742549.6322644
130000,-3.88602876663208,1782742555.3197732
130100,-2.9828341007232666,1782742561.0715845
130200,-2.6652133464813232,1782742566.9161968
130300,-1.2349729537963867,1782742572.7621667
130400,-1.0468683242797852,1782742578.4372153
130500,0.6257020235061646,1782742584.4066021
130600,-0.8096510767936707,1782742590.0308795
130700,-3.690737247467041,1782742595.9068015
130800,-1.9989920854568481,1782742601.6020856
130900,-2.365966320037842,1782742607.3489704
131000,-1.1525154113769531,1782742613.0657341
131100,-0.04603201150894165,1782742619.0175662
131200,-1.9190552234649658,1782742624.880816
131300,-1.827070713043213,1782742630.6152353
131400,-1.7021613121032715,1782742636.2896428
131500,-0.6394281387329102,1782742642.247294
131600,-2.661463737487793,1782742647.937558
131700,-2.438934326171875,1782742653.9018018
131800,-2.3109583854675293,1782742659.48066
131900,-0.31671142578125,1782742665.1723561
132000,-0.8091752529144287,1782742671.0591838
132100,-0.4185861647129059,1782742676.7824404
132200,0.01549568772315979,1782742682.8013232
132300,-0.0004279613494873047,1782742688.4617271
132400,-0.9651352167129517,1782742694.5125806
132500,-1.3312597274780273,1782742700.2797203
132600,-2.923187255859375,1782742706.38262
132700,-1.3443859815597534,1782742712.1942337
132800,-1.5986706018447876,1782742718.0409338
132900,1.643162727355957,1782742723.835964
133000,-0.4388437569141388,1782742729.754743
133100,-2.6949896812438965,1782742735.3389633
133200,-4.353793144226074,1782742740.9780672
133300,-2.6070644855499268,1782742746.8839033
133400,-2.766003131866455,1782742752.4703526
133500,0.9191592931747437,1782742758.1357424
133600,-3.1742258071899414,1782742763.950529
133700,-3.334933042526245,1782742769.8244967
133800,-3.150143623352051,1782742775.461408
133900,-1.5736602544784546,1782742781.142767
134000,-1.2941625118255615,1782742786.737557
134100,-2.2101662158966064,1782742792.4496863
134200,-3.612715721130371,1782742798.0731614
134300,-4.012851238250732,1782742804.010192
134400,-2.6878137588500977,1782742809.5678146
134500,-4.376410484313965,1782742815.2801633
134600,-3.076356887817383,1782742821.16168
134700,-4.185451507568359,1782742827.071823
134800,-4.337982177734375,1782742832.7623584
134900,-5.443636894226074,1782742838.653434
135000,-4.654306411743164,1782742844.503446
135100,-4.0818071365356445,1782742850.304128
135200,-3.1226398944854736,1782742856.1620014
135300,-4.421731948852539,1782742861.8620803
135400,-4.820056438446045,1782742867.615331
135500,-3.5262906551361084,1782742873.5258975
135600,-3.649123191833496,1782742879.199202
135700,-3.992143154144287,1782742884.9152508
135800,-2.9985511302948,1782742890.583879
135900,-2.294980525970459,1782742896.4545734
136000,-2.790611743927002,1782742902.3342624
136100,-4.364468097686768,1782742907.9979177
136200,-2.6422572135925293,1782742913.6725101
136300,-3.1941356658935547,1782742919.3837414
136400,-4.245311737060547,1782742925.1692164
136500,-4.940577507019043,1782742931.1743262
136600,-3.1365628242492676,1782742936.8170824
136700,-0.6219035387039185,1782742942.4735303
136800,-4.943451881408691,1782742948.2023416
136900,-4.230928421020508,1782742954.0587158
137000,-5.039239883422852,1782742959.673393
137100,-1.490562915802002,1782742965.6440282
137200,-4.093722820281982,1782742971.2849126
137300,-2.4408442974090576,1782742977.2504525
137400,-0.1840224266052246,1782742983.0429497
137500,-1.6874606609344482,1782742988.7217495
137600,-1.7345901727676392,1782742994.4551718
137700,-2.4561972618103027,1782743000.1753707
137800,-2.648203134536743,1782743006.0054638
137900,-2.0161991119384766,1782743011.8127196
138000,-3.096853017807007,1782743017.6280942
138100,-1.6251531839370728,1782743023.438028
138200,-2.3423006534576416,1782743029.252232
138300,-1.7716478109359741,1782743034.8958826
138400,-5.261900901794434,1782743040.6558747
138500,-3.249562978744507,1782743046.7385695
138600,-3.056952953338623,1782743052.381971
138700,-5.217878341674805,1782743058.279846
138800,-3.135830879211426,1782743064.2417073
138900,-3.7627134323120117,1782743069.9750407
139000,-3.199955940246582,1782743075.7955837
139100,-2.802450180053711,1782743081.8721445
139200,-2.993920087814331,1782743087.5661905
139300,-3.583247184753418,1782743093.464428
139400,-4.775346755981445,1782743099.6428177
139500,-4.725869655609131,1782743105.3885264
139600,-6.630801200866699,1782743111.0958643
139700,-4.612642288208008,1782743116.9984682
139800,-5.248215675354004,1782743122.6612883
139900,-4.9794511795043945,1782743128.4991722
140000,-5.571450233459473,1782743134.248932
140100,-3.0419509410858154,1782743140.0706964
140200,-4.186830997467041,1782743145.8529487
140300,-3.1926774978637695,1782743151.4355962
140400,-5.665673732757568,1782743157.317754
140500,-4.68848991394043,1782743163.2181647
140600,-4.5413289070129395,1782743169.2070682
140700,-4.434682846069336,1782743174.9587464
140800,-5.019955635070801,1782743181.025316
140900,-6.160728454589844,1782743186.7556424
141000,-2.345689058303833,1782743192.4148214
141100,-5.299134254455566,1782743198.327728
141200,-5.6254119873046875,1782743204.1455772
141300,-6.0206403732299805,1782743210.1866727
141400,-5.868887901306152,1782743216.087338
141500,-8.084487915039062,1782743221.8135142
141600,-4.944531440734863,1782743227.502981
141700,-7.203592300415039,1782743233.4202278
141800,-5.0347580909729,1782743239.1586573
141900,-4.687074184417725,1782743244.9341135
142000,-5.0945940017700195,1782743250.6501598
142100,-5.902884483337402,1782743256.490395
142200,-4.77964973449707,1782743262.1552014
142300,-5.286416053771973,1782743268.0494556
142400,-4.5355224609375,1782743273.8539205
142500,-4.898926258087158,1782743280.0391212
142600,-4.4247517585754395,1782743285.6925805
142700,-7.462369918823242,1782743291.5092816
142800,-7.291459560394287,1782743297.3535752
142900,-7.054211139678955,1782743303.052355
143000,-5.487493991851807,1782743308.8289547
143100,-5.865327835083008,1782743314.8574874
143200,-5.580111026763916,1782743320.5298247
143300,-4.298945903778076,1782743326.5406065
143400,-1.9059526920318604,1782743332.2759635
143500,-3.250469207763672,1782743338.2696168
143600,-4.111368179321289,1782743344.1649337
143700,-1.4506072998046875,1782743349.8171198
143800,-2.9919724464416504,1782743355.4894004
143900,-0.25055378675460815,1782743361.182474
144000,-2.1813864707946777,1782743367.0095968
144100,0.490281879901886,1782743373.0525637
144200,-0.448086678981781,1782743378.9437711
144300,-0.5423998832702637,1782743384.632974
144400,-1.2125883102416992,1782743390.653086
144500,0.13105997443199158,1782743396.313944
144600,1.4641374349594116,1782743402.2578223
144700,1.1869640350341797,1782743407.929139
144800,0.9329675436019897,1782743413.594496
144900,0.04193057119846344,1782743419.307804
145000,-1.3856549263000488,1782743425.097961
145100,-4.120074272155762,1782743430.9995258
145200,-2.3369221687316895,1782743436.889635
145300,-1.2173882722854614,1782743442.546683
145400,-0.24785666167736053,1782743448.470321
145500,-1.5605052709579468,1782743454.1479518
145600,-3.4677844047546387,1782743459.8276918
145700,-2.613178253173828,1782743465.537572
145800,-4.528873443603516,1782743471.2725215
145900,-1.9641989469528198,1782743477.3351989
146000,-3.887564182281494,1782743482.8881912
146100,-5.4584150314331055,1782743488.4762897
146200,-4.6059370040893555,1782743494.3242278
146300,-4.18162727355957,1782743500.0909889
146400,-3.460318088531494,1782743505.8446376
146500,-3.3017232418060303,1782743511.7699082
146600,-6.302308082580566,1782743517.3897936
146700,-4.766327381134033,1782743523.283763
146800,-6.299924850463867,1782743529.244188
146900,-4.778429985046387,1782743534.9900954
147000,-6.9184465408325195,1782743540.848906
147100,-8.14083194732666,1782743546.5926878
147200,-4.967795372009277,1782743552.6506448
147300,-9.040315628051758,1782743558.5833623
147400,-6.947531700134277,1782743564.4397953
147500,-6.602191925048828,1782743570.3250256
147600,-8.58387565612793,1782743576.3414943
147700,-8.863349914550781,1782743582.1380312
147800,-8.182938575744629,1782743588.2095456
147900,-8.557788848876953,1782743594.3974028
148000,-6.596072196960449,1782743600.3079903
148100,-6.164923191070557,1782743606.2741542
148200,-6.600681781768799,1782743611.9962263
148300,-6.397463798522949,1782743617.7560713
148400,-5.91874885559082,1782743623.5241206
148500,-4.717072486877441,1782743629.6196585
148600,-5.1352314949035645,1782743635.5745788
148700,-6.596213340759277,1782743641.2790556
148800,-7.684664249420166,1782743647.25418
148900,-8.61439037322998,1782743653.238864
149000,-8.015216827392578,1782743659.0950062
149100,-5.950743198394775,1782743665.0124679
149200,-8.275543212890625,1782743670.782341
149300,-7.248380661010742,1782743676.5200648
149400,-8.53268051147461,1782743682.3338044
149500,-8.849725723266602,1782743687.9825747
149600,-9.152685165405273,1782743693.8377051
149700,-8.808382034301758,1782743699.6942859
149800,-9.551057815551758,1782743705.418457
149900,-7.61964750289917,1782743711.5091734
150000,-6.135624885559082,1782743717.467942
150100,-3.7737109661102295,1782743847.1237497
150200,-4.696369171142578,1782743852.811314
150300,-4.757879734039307,1782743858.5552578
150400,-2.6824889183044434,1782743864.4147222
150500,-4.503862380981445,1782743870.1017206
150600,-2.71488618850708,1782743876.0824113
150700,-1.2481811046600342,1782743881.9008045
150800,-3.0885767936706543,1782743887.8912828
150900,-0.4660532474517822,1782743893.6215923
151000,1.3998937606811523,1782743899.3689682
151100,-0.7861387133598328,1782743905.3172765
151200,1.434748649597168,1782743911.257954
151300,-0.767979621887207,1782743916.9222355
151400,-1.4874330759048462,1782743922.7054207
151500,-2.5211844444274902,1782743928.3578074
151600,-2.2030482292175293,1782743933.9374
151700,-3.960724115371704,1782743939.6685097
151800,-1.0905163288116455,1782743945.4355495
151900,0.7738557457923889,1782743951.2950733
152000,-1.6063932180404663,1782743957.1937547
152100,-2.4446945190429688,1782743962.8645096
152200,-1.2701032161712646,1782743968.68698
152300,-0.6128286719322205,1782743974.7526174
152400,-1.2999415397644043,1782743980.5806358
152500,1.0230505466461182,1782743986.3782048
152600,-2.0622568130493164,1782743992.094049
152700,-1.2405929565429688,1782743997.6493976
152800,-2.2301979064941406,1782744003.3225117
152900,-2.9660398960113525,1782744009.1537182
153000,-2.862636089324951,1782744014.9323468
153100,-5.421164512634277,1782744020.8515902
153200,-2.33158540725708,1782744026.522406
153300,-3.3357648849487305,1782744032.256225
153400,-4.890757083892822,1782744037.8771641
153500,-4.192742347717285,1782744043.6379697
153600,-5.385623931884766,1782744049.4789689
153700,-3.2578282356262207,1782744055.336189
153800,-3.857668399810791,1782744060.9718528
153900,-3.688448905944824,1782744066.674557
154000,-3.8714122772216797,1782744072.4259133
154100,-2.8889355659484863,1782744078.2964025
154200,-4.122499942779541,1782744084.0820189
154300,-0.12337884306907654,1782744089.9001908
154400,-3.142477035522461,1782744095.776478
154500,-3.852786064147949,1782744101.5426888
154600,-4.259366989135742,1782744107.278124
154700,-3.8027758598327637,1782744112.905548
154800,-5.332106113433838,1782744118.714922
154900,-4.7526326179504395,1782744124.409218
155000,-4.900043487548828,1782744130.1497047
155100,-4.257922172546387,1782744136.077553
155200,-3.448819875717163,1782744141.9146755
155300,-2.3377838134765625,1782744148.027135
155400,-1.5856502056121826,1782744153.8880591
155500,-4.236904144287109,1782744159.5001762
155600,-3.4026808738708496,1782744165.271549
155700,-4.805756568908691,1782744171.338724
155800,-5.264725685119629,1782744176.996501
155900,-5.686485290527344,1782744182.6681755
156000,-5.345178604125977,1782744188.4791677
156100,-7.08629035949707,1782744194.2262604
156200,-4.6319403648376465,1782744200.225517
156300,-5.1502532958984375,1782744206.0025911
156400,-7.093301773071289,1782744211.7942088
156500,-4.936141014099121,1782744217.421928
156600,-2.113335132598877,1782744223.1361194
156700,-4.6736273765563965,1782744228.9358864
156800,-2.8940110206604004,1782744234.7774606
156900,-2.547402858734131,1782744240.4483821
157000,-3.2993412017822266,1782744246.079033
157100,-1.4795191287994385,1782744252.0459802
157200,-3.23832631111145,1782744257.574793
157300,-1.2404745817184448,1782744263.2506242
157400,-0.7446250319480896,1782744269.1333294
157500,-1.6598966121673584,1782744274.6869178
157600,-0.3495941460132599,1782744280.6405823
157700,0.5516171455383301,1782744286.469366
157800,-0.8477746248245239,1782744292.099161
157900,-0.9119565486907959,1782744297.9058554
158000,-0.6974462866783142,1782744303.7173972
158100,-3.7875726222991943,1782744309.6300116
158200,-3.2095961570739746,1782744315.4860144
158300,-1.061041235923767,1782744321.2362974
158400,-2.837749481201172,1782744327.0257244
158500,-2.4703495502471924,1782744332.8858812
158600,-2.484779119491577,1782744338.5724635
158700,-0.399509072303772,1782744344.3310602
158800,-3.1621546745300293,1782744350.0699046
158900,-1.898594617843628,1782744355.7493083
159000,2.3476085662841797,1782744361.641173
159100,-0.5401771664619446,1782744367.2373056
159200,-0.11872231960296631,1782744373.1547222
159300,-0.7326067686080933,1782744379.0409513
159400,0.3877840042114258,1782744384.7323503
159500,0.9872307777404785,1782744390.415797
159600,-0.2707681953907013,1782744396.2424438
159700,1.7814452648162842,1782744401.9832716
159800,-1.128186583518982,1782744407.8429775
159900,-1.1929149627685547,1782744413.5940247
160000,-1.7007884979248047,1782744419.5962756
160100,-1.3336670398712158,1782744425.5114596
160200,0.5221515893936157,1782744431.2771075
160300,1.606144666671753,1782744437.161929
160400,-1.2849160432815552,1782744443.0821612
160500,-0.577436089515686,1782744448.949706
160600,0.7257637977600098,1782744454.6195087
160700,-0.7043112516403198,1782744460.3325207
160800,2.5409188270568848,1782744466.3098032
160900,0.2912053167819977,1782744472.3046465
161000,1.3615390062332153,1782744478.236189
161100,2.3070690631866455,1782744484.0180738
161200,1.7982789278030396,1782744489.6791306
161300,1.3978266716003418,1782744495.6943526
161400,-0.6285219192504883,1782744501.6531599
161500,0.3772276043891907,1782744507.2845032
161600,0.8773188591003418,1782744513.1077666
161700,0.02895495295524597,1782744518.972045
161800,1.185375690460205,1782744524.683433
161900,-0.12166905403137207,1782744530.4328663
162000,-1.5950775146484375,1782744536.0910938
162100,-2.904676914215088,1782744541.8016856
162200,-0.3110053539276123,1782744547.644415
162300,-0.6098172664642334,1782744553.4447582
162400,-3.3402023315429688,1782744559.4079142
162500,-0.9718030095100403,1782744565.523391
162600,-4.936362266540527,1782744571.5021772
162700,-3.21347713470459,1782744577.2841063
162800,-3.283820867538452,1782744583.1283715
162900,0.5286683440208435,1782744589.021651
163000,-0.6409223079681396,1782744594.7653975
163100,-3.640928268432617,1782744600.6951652
163200,-2.3308472633361816,1782744606.6136997
163300,-4.489617824554443,1782744612.6165287
163400,-1.37697434425354,1782744618.398534
163500,-1.7009146213531494,1782744624.3355021
163600,-2.5445666313171387,1782744630.0570195
163700,-4.072445392608643,1782744636.0872428
163800,-1.6252291202545166,1782744641.8465307
163900,-1.5601041316986084,1782744647.585875
164000,-4.940055847167969,1782744653.4842558
164100,-3.0814428329467773,1782744659.281459
164200,-0.5861207842826843,1782744665.0874639
164300,-4.2382001876831055,1782744671.0103855
164400,-3.944868326187134,1782744676.852109
164500,-3.9793262481689453,1782744682.6030724
164600,-4.085460186004639,1782744688.6662693
164700,-3.73689603805542,1782744694.4359982
164800,-3.7168869972229004,1782744700.3605456
164900,-4.1107964515686035,1782744706.183878
165000,-3.810318946838379,1782744711.8651779
165100,-4.869356155395508,1782744717.723898
165200,-3.986980676651001,1782744723.653305
165300,-4.310972213745117,1782744729.6501598
165400,-5.395281791687012,1782744735.6492572
165500,-5.5037994384765625,1782744741.354197
165600,-6.832054615020752,1782744747.313654
165700,-3.0826416015625,1782744753.2479825
165800,-5.623441696166992,1782744759.5287278
165900,-4.487919807434082,1782744765.422266
166000,-4.995881080627441,1782744771.4711697
166100,-4.8552327156066895,1782744777.3429234
166200,-5.572017669677734,1782744783.422238
166300,-7.661837577819824,1782744789.341985
166400,-6.557736873626709,1782744795.0561607
166500,-4.436177730560303,1782744801.186299
166600,-4.7222747802734375,1782744807.0021002
166700,-6.8824052810668945,1782744812.7030532
166800,-4.123256206512451,1782744818.6263444
166900,-6.164879322052002,1782744824.505033
167000,-5.457120895385742,1782744830.532983
167100,-3.2010562419891357,1782744836.3000412
167200,-7.246044158935547,1782744842.2165449
167300,-4.433446884155273,1782744847.82076
167400,-3.1779251098632812,1782744853.742688
167500,-3.197521209716797,1782744859.5193846
167600,-2.981621265411377,1782744865.4184294
167700,-2.936634063720703,1782744871.32393
167800,-5.676458358764648,1782744877.2639441
167900,-2.128113269805908,1782744883.2917259
168000,-1.982952356338501,1782744889.1710556
168100,-3.8951892852783203,1782744894.9529815
168200,-2.0577330589294434,1782744900.6775236
168300,-3.759742021560669,1782744906.6887782
168400,-1.9662981033325195,1782744912.417643
168500,-3.376840829849243,1782744918.3856544
168600,-2.665956974029541,1782744924.1050043
168700,-3.040828227996826,1782744929.9691844
168800,-3.8101894855499268,1782744935.8096724
168900,-4.248266220092773,1782744941.475866
169000,-3.278111696243286,1782744947.3127387
169100,-4.119787216186523,1782744953.0513399
169200,-5.780763626098633,1782744959.1011763
169300,-5.099203109741211,1782744964.8524065
169400,-3.9444801807403564,1782744970.9173038
169500,-2.845960855484009,1782744976.6809337
169600,-4.400186538696289,1782744982.613862
169700,-2.3194825649261475,1782744988.4401898
169800,-4.322992324829102,1782744994.3079584
169900,-4.563922882080078,1782745000.1214364
170000,-2.8563034534454346,1782745005.8963912
170100,-4.39457893371582,1782745011.9332488
170200,-3.0153048038482666,1782745017.7480254
170300,-5.911561012268066,1782745023.669373
170400,-5.07318115234375,1782745029.4707022
170500,-4.5955400466918945,1782745035.0955734
170600,-3.3174195289611816,1782745041.0304916
170700,-3.6927900314331055,1782745046.7419734
170800,-0.9238021373748779,1782745052.541381
170900,-4.768105983734131,1782745058.2517064
171000,-5.027728080749512,1782745064.3040564
171100,-2.6806492805480957,1782745070.0892699
171200,-4.2126665115356445,1782745076.1318407
171300,-4.824795722961426,1782745081.9848456
171400,-4.033962726593018,1782745087.6332445
171500,-1.9419524669647217,1782745093.5055315
171600,-2.2050764560699463,1782745099.2676673
171700,-2.062863349914551,1782745105.0964181
171800,-2.679306745529175,1782745110.976285
171900,-0.20097577571868896,1782745116.749214
172000,-2.679868221282959,1782745122.5823798
172100,0.3483065366744995,1782745128.4409897
172200,-1.2094165086746216,1782745134.3688087
172300,-3.950582981109619,1782745140.0926466
172400,-2.562570095062256,1782745145.9869165
172500,-3.84780216217041,1782745151.8671806
172600,-3.774637222290039,1782745157.6817312
172700,-5.906371116638184,1782745163.6064982
172800,-5.162675857543945,1782745169.3490212
172900,-4.089572906494141,1782745175.170429
173000,-5.331012725830078,1782745181.147959
173100,-5.084940433502197,1782745186.9110715
173200,-6.930067539215088,1782745192.7972693
173300,-2.983088970184326,1782745198.5366206
173400,-3.858419895172119,1782745204.2977574
173500,-4.62651252746582,1782745210.0152903
173600,-2.1612017154693604,1782745215.8803203
173700,-5.085906982421875,1782745221.5081275
173800,-4.545118808746338,1782745227.3189738
173900,-4.095274925231934,1782745233.2061703
174000,-2.147956371307373,1782745238.8677676
174100,-0.6902704238891602,1782745244.5404325
174200,-1.3548624515533447,1782745250.414321
174300,-2.389650344848633,1782745256.1771996
174400,-4.522225856781006,1782745262.1224976
174500,-2.7766857147216797,1782745267.7428863
174600,-3.8633852005004883,1782745273.7496822
174700,-2.358112096786499,1782745279.6235871
174800,-0.709147572517395,1782745285.5054424
174900,-0.7953345775604248,1782745291.3223
175000,-3.1591920852661133,1782745297.1374903
175100,-3.3008837699890137,1782745430.7441287
175200,-5.490725517272949,1782745436.4518747
175300,-3.968085765838623,1782745442.129985
175400,-0.782536506652832,1782745447.9042356
175500,-2.836984872817993,1782745453.5528998
175600,-2.515021800994873,1782745459.2528481
175700,-4.232787132263184,1782745465.0155754
175800,-5.175908088684082,1782745470.7516272
175900,-2.0595057010650635,1782745476.799823
176000,-3.867751359939575,1782745482.5692825
176100,-4.944064140319824,1782745488.417619
176200,-5.370475769042969,1782745494.0887434
176300,-4.592581748962402,1782745499.9685895
176400,-5.121870040893555,1782745505.6894143
176500,-5.860060691833496,1782745511.6543474
176600,-5.415843963623047,1782745517.4865782
176700,-4.944048881530762,1782745523.2040827
176800,-2.3556275367736816,1782745529.1019566
176900,-4.7373127937316895,1782745534.8570619
177000,-3.703596830368042,1782745540.6542451
177100,-4.515491008758545,1782745546.5291846
177200,-6.044723033905029,1782745552.3540337
177300,-5.242718696594238,1782745558.032729
177400,-5.417304039001465,1782745563.8431938
177500,-7.056164264678955,1782745569.4349463
177600,-5.882959365844727,1782745575.307466
177700,-7.272648334503174,1782745580.9403558
177800,-5.8512420654296875,1782745586.781651
177900,-4.7263689041137695,1782745592.6401854
178000,-6.555848121643066,1782745598.2772126
178100,-6.551815509796143,1782745604.0071967
178200,-6.6066155433654785,1782745609.9325132
178300,-5.468941688537598,1782745615.939321
178400,-4.2892913818359375,1782745621.7179778
178500,-5.695653438568115,1782745627.5344687
178600,-2.630890369415283,1782745633.4561868
178700,-7.246950149536133,1782745639.2070515
178800,-7.0590972900390625,1782745644.9330204
178900,-4.333462715148926,1782745650.6840324
179000,-4.079978942871094,1782745656.1993933
179100,-4.7250518798828125,1782745661.8898025
179200,-6.146410942077637,1782745667.6588368
179300,-6.594226837158203,1782745673.389053
179400,-3.2215094566345215,1782745679.2019606
179500,-3.454279899597168,1782745685.0782318
179600,-6.210624694824219,1782745690.8083444
179700,-6.141641139984131,1782745696.690491
179800,-5.069436073303223,1782745702.3516142
179900,-5.901866436004639,1782745708.014
180000,-5.23588228225708,1782745713.7592242
180100,-7.886553764343262,1782745719.442607
180200,-7.203259468078613,1782745725.2757316
180300,-5.134753227233887,1782745731.0683775
180400,-7.327793121337891,1782745736.6598632
180500,-4.856621265411377,1782745742.2939115
180600,-5.429542541503906,1782745748.0419228
180700,-7.553772449493408,1782745753.6651616
180800,-7.321453094482422,1782745759.301276
180900,-3.482027530670166,1782745765.161809
181000,-6.006406784057617,1782745771.1883347
181100,-7.163796424865723,1782745776.8271015
181200,-6.11096715927124,1782745782.7172425
181300,-5.330782890319824,1782745788.3742404
181400,-4.1705732345581055,1782745794.09853
181500,-2.2424585819244385,1782745800.098476
181600,-2.6907153129577637,1782745805.7857578
181700,-4.593132972717285,1782745811.740419
181800,-4.519185543060303,1782745817.5675788
181900,-2.760908842086792,1782745823.3860052
182000,-5.3739166259765625,1782745829.3339753
182100,-5.0486273765563965,1782745835.072896
182200,-1.6395152807235718,1782745840.7924173
182300,-4.283864974975586,1782745846.7412353
182400,-3.447922706604004,1782745852.6192868
182500,-3.2966573238372803,1782745858.2340927
182600,-0.5447741746902466,1782745863.9498148
182700,-1.788968801498413,1782745869.5505154
182800,-3.9574050903320312,1782745875.3552613
182900,-4.387929439544678,1782745881.1436212
183000,-4.869290351867676,1782745886.890407
183100,-4.643714427947998,1782745892.6127152
183200,-6.18179988861084,1782745898.3533762
183300,-5.288422107696533,1782745904.218938
183400,-6.739512920379639,1782745910.0661
183500,-4.08489990234375,1782745915.6444542
183600,-3.968648672103882,1782745921.3204648
183700,-3.3499724864959717,1782745926.9667413
183800,-2.3706603050231934,1782745932.627066
183900,-3.710024356842041,1782745938.6062245
184000,-2.8618545532226562,1782745944.5385256
184100,-2.2743849754333496,1782745950.1850843
184200,-4.673404693603516,1782745956.0828044
184300,-2.4217755794525146,1782745961.8422425
184400,-1.8228089809417725,1782745967.539072
184500,-0.6552015542984009,1782745973.23663
184600,-2.6859865188598633,1782745978.8930058
184700,-1.9190746545791626,1782745984.7681594
184800,-2.2355213165283203,1782745990.680757
184900,-2.685669422149658,1782745996.40505
185000,-2.799769401550293,1782746002.4611015
185100,-3.102181911468506,1782746008.4082842
185200,-3.428846836090088,1782746014.2848601
185300,-2.7154736518859863,1782746019.9550252
185400,-5.441878318786621,1782746025.871972
185500,-3.6605944633483887,1782746031.6816313
185600,-3.6295652389526367,1782746037.3084583
185700,-2.1975481510162354,1782746043.371749
185800,-3.2801671028137207,1782746049.3254004
185900,-4.322953224182129,1782746055.2389133
186000,-1.8210431337356567,1782746060.900125
186100,-4.369933128356934,1782746066.7537336
186200,-3.177854537963867,1782746072.5553334
186300,-3.225414752960205,1782746078.437101
186400,-4.8221259117126465,1782746084.4191225
186500,-4.182736396789551,1782746090.2208436
186600,-2.65962815284729,1782746096.2381995
186700,-3.441538095474243,1782746102.021974
186800,-3.4917311668395996,1782746107.6481874
186900,-3.9338021278381348,1782746113.5525522
187000,-3.4968180656433105,1782746119.495047
187100,-2.843808889389038,1782746125.5541847
187200,-3.4919116497039795,1782746131.243884
187300,-4.230233192443848,1782746137.2177556
187400,-3.4501609802246094,1782746143.0955787
187500,-4.367388725280762,1782746148.8961105
187600,-5.279330253601074,1782746154.5859609
187700,-5.284723281860352,1782746160.4663055
187800,-4.5904035568237305,1782746166.3230147
187900,-3.5518038272857666,1782746172.2502487
188000,-5.918036460876465,1782746178.084555
188100,-6.077609062194824,1782746183.902221
188200,-6.114206790924072,1782746189.783045
188300,-4.012470245361328,1782746195.7978623
188400,-1.9491249322891235,1782746201.7034857
188500,-2.1900014877319336,1782746207.675171
188600,-4.340335369110107,1782746213.3505218
188700,-4.898703575134277,1782746219.2468781
188800,-5.432877540588379,1782746224.9035592
188900,-0.988874077796936,1782746230.8024275
189000,-3.2520041465759277,1782746236.6470182
189100,-3.3865303993225098,1782746242.3293386
189200,-5.380140781402588,1782746248.2067297
189300,-5.1792893409729,1782746254.027552
189400,-8.63517951965332,1782746259.8159556
189500,-7.976118087768555,1782746265.4960663
189600,-8.828566551208496,1782746271.5072649
189700,-7.923331260681152,1782746277.3623548
189800,-4.310487747192383,1782746283.096853
189900,-4.799263954162598,1782746288.9142377
190000,-4.327744483947754,1782746294.7956529
190100,-3.367668628692627,1782746300.5310006
190200,-6.911276817321777,1782746306.5210674
190300,-8.081626892089844,1782746312.2890801
190400,-5.782965660095215,1782746317.9752407
190500,-7.2460198402404785,1782746323.81635
190600,-5.713515758514404,1782746329.9634588
190700,-5.427477836608887,1782746335.9713602
190800,-6.485269069671631,1782746341.7437036
190900,-8.681870460510254,1782746347.4398088
191000,-7.212813377380371,1782746353.0996017
191100,-5.854124069213867,1782746358.9382324
191200,-6.344919681549072,1782746364.6684625
191300,-7.554471015930176,1782746370.640778
191400,-7.941381454467773,1782746376.4313893
191500,-6.896282196044922,1782746382.2028315
191600,-6.215664386749268,1782746388.0655391
191700,-6.026764869689941,1782746393.7057068
191800,-4.396535873413086,1782746399.3605025
191900,-4.197109699249268,1782746405.1276002
192000,-4.855173587799072,1782746410.777148
192100,-5.51204776763916,1782746416.6405857
192200,-5.3151373863220215,1782746422.4355788
192300,-2.2613701820373535,1782746428.518529
192400,-3.9309747219085693,1782746434.4410398
192500,-2.351573944091797,1782746440.326372
192600,-3.8491899967193604,1782746446.234602
192700,-4.254485607147217,1782746452.1519597
192800,-5.070742607116699,1782746458.0044754
192900,-4.082346439361572,1782746463.998964
193000,-5.904913902282715,1782746469.9628565
193100,-3.4975287914276123,1782746475.6367922
193200,-5.738306045532227,1782746481.5706437
193300,-6.81481409072876,1782746487.5956025
193400,-3.2021331787109375,1782746493.28137
193500,-2.2016210556030273,1782746499.3183827
193600,-2.548766851425171,1782746505.0201695
193700,-4.531551837921143,1782746510.765333
193800,-6.316326141357422,1782746516.5825427
193900,-2.676910400390625,1782746522.417301
194000,-2.065516471862793,1782746528.4336174
194100,-3.7902286052703857,1782746534.3843446
194200,-4.315511703491211,1782746540.1657956
194300,-2.2403712272644043,1782746545.8388958
194400,-4.613308906555176,1782746551.4237719
194500,-4.094752311706543,1782746557.2594638
194600,-4.89223575592041,1782746562.937024
194700,-3.8923263549804688,1782746568.6544938
194800,-4.356821060180664,1782746574.3842545
194900,-2.704861879348755,1782746580.129528
195000,-2.142180919647217,1782746586.1156094
195100,-4.361250877380371,1782746591.9273899
195200,-3.555299758911133,1782746597.9902089
195300,-2.4073476791381836,1782746603.7500436
195400,-2.8319501876831055,1782746609.5217426
195500,-5.840533256530762,1782746615.5566459
195600,-4.8315863609313965,1782746621.2550292
195700,-5.015040397644043,1782746627.294353
195800,-5.510753631591797,1782746633.2235181
195900,-6.898390769958496,1782746638.9753232
196000,-5.088221549987793,1782746644.858765
196100,-5.917254447937012,1782746650.844206
196200,-4.067201614379883,1782746656.681587
196300,-4.141359329223633,1782746662.5555458
196400,-5.858388423919678,1782746668.2513618
196500,-5.607911586761475,1782746673.8766034
196600,-5.094152450561523,1782746679.9871218
196700,-3.290079116821289,1782746686.0499423
196800,-4.458853244781494,1782746691.8699877
196900,-5.770860195159912,1782746697.7103622
197000,-4.249904632568359,1782746703.6319718
197100,-4.791144371032715,1782746709.385083
197200,-6.028707027435303,1782746715.1310766
197300,-2.961555004119873,1782746720.9491975
197400,-3.0515594482421875,1782746726.7693532
197500,-0.631836473941803,1782746732.562552
197600,-3.621387004852295,1782746738.2971663
197700,-4.158453941345215,1782746744.1920798
197800,-3.621048927307129,1782746750.0523858
197900,-3.373694658279419,1782746755.7507956
198000,-2.9395408630371094,1782746761.5719109
198100,-0.4542887210845947,1782746767.2761948
198200,-1.530521273612976,1782746773.0547783
198300,-0.564083993434906,1782746778.8746102
198400,-4.6738057136535645,1782746784.537511
198500,-3.0070199966430664,1782746790.4157257
198600,-2.4428486824035645,1782746796.228198
198700,-3.604907751083374,1782746801.937605
198800,-3.835683822631836,1782746807.5959
198900,-3.227834939956665,1782746813.4089508
199000,-3.5746049880981445,1782746819.13514
199100,-4.506377220153809,1782746824.890868
199200,-4.117022514343262,1782746830.6486695
199300,-2.9302029609680176,1782746836.438771
199400,-3.036381959915161,1782746842.2978098
199500,-3.2331042289733887,1782746848.0407438
199600,-4.346230506896973,1782746854.0609193
199700,-4.099570274353027,1782746859.7285376
199800,-0.16506856679916382,1782746865.3894682
199900,-1.2214654684066772,1782746871.0773213
200000,-4.139523029327393,1782746876.867333
200100,3.2740020751953125,1782747043.5274339
200200,3.764272928237915,1782747049.265004
200300,4.754094123840332,1782747054.9676082
200400,4.631595611572266,1782747060.7530293
200500,3.3578619956970215,1782747066.3842902
200600,4.9874372482299805,1782747072.1876183
200700,2.6675779819488525,1782747077.7909808
200800,4.743442535400391,1782747083.558125
200900,3.6128921508789062,1782747089.266489
201000,1.6255078315734863,1782747094.9353547
201100,3.441462516784668,1782747100.4752038
201200,2.1756176948547363,1782747106.1399953
201300,1.351670265197754,1782747111.9410622
201400,1.7170560359954834,1782747117.7298915
201500,1.9008889198303223,1782747123.6949828
201600,0.05513298511505127,1782747129.6888084
201700,1.0793395042419434,1782747135.431147
201800,4.020877361297607,1782747141.073931
201900,4.421673774719238,1782747146.8447757
202000,3.0077929496765137,1782747152.5552058
202100,2.8774466514587402,1782747158.3010857
202200,2.2042388916015625,1782747164.182445
202300,3.309159517288208,1782747170.0211775
202400,1.3657417297363281,1782747175.6842895
202500,4.864212989807129,1782747181.561842
202600,7.395451545715332,1782747187.3568377
202700,6.002211570739746,1782747193.1762648
202800,6.4346771240234375,1782747198.8669138
202900,5.615748405456543,1782747204.6948392
203000,5.703749179840088,1782747210.5269673
203100,6.11398458480835,1782747216.303949
203200,7.070007801055908,1782747222.2358167
203300,5.389737129211426,1782747227.9406292
203400,8.175697326660156,1782747233.8438683
203500,5.233410835266113,1782747239.5696359
203600,2.649689197540283,1782747245.3605204
203700,6.980903625488281,1782747251.15731
203800,6.599789619445801,1782747256.875344
203900,7.037487030029297,1782747263.19269
204000,4.89154577255249,1782747269.0200617
204100,4.003206729888916,1782747274.832973
204200,4.376369476318359,1782747280.5537543
204300,3.478395462036133,1782747286.2925715
204400,3.0697884559631348,1782747292.125004
204500,2.9470937252044678,1782747297.9725845
204600,3.254333019256592,1782747303.77097
204700,3.266732931137085,1782747309.7681015
204800,4.114696502685547,1782747315.4174664
204900,3.6850082874298096,1782747321.0928476
205000,5.973571300506592,1782747326.6777499
205100,7.1687397956848145,1782747332.391001
205200,6.063006401062012,1782747338.0030599
205300,6.9414591789245605,1782747343.8427844
205400,6.043619155883789,1782747349.5477772
205500,6.217680931091309,1782747355.4047215
205600,7.2524566650390625,1782747360.994581
205700,5.098702430725098,1782747366.7201517
205800,6.2004241943359375,1782747372.4855154
205900,5.431751251220703,1782747378.255276
206000,3.8655776977539062,1782747383.9729521
206100,6.222033977508545,1782747389.884927
206200,4.909740447998047,1782747395.8979185
206300,7.965244770050049,1782747401.7837968
206400,8.189717292785645,1782747407.4339364
206500,8.141983985900879,1782747413.3535342
206600,3.01304292678833,1782747419.000213
206700,7.279916286468506,1782747424.7504196
206800,5.1503400802612305,1782747430.3842084
206900,4.460039138793945,1782747436.197241
207000,4.38950252532959,1782747442.0245676
207100,5.355769157409668,1782747447.8371377
207200,6.783568382263184,1782747453.6720927
207300,6.053452968597412,1782747459.4718328
207400,5.949449062347412,1782747465.453226
207500,4.396668434143066,1782747471.1371677
207600,5.918259143829346,1782747476.7530174
207700,3.815603494644165,1782747482.3781292
207800,3.5413594245910645,1782747487.996617
207900,4.237641334533691,1782747493.6930494
208000,4.901736736297607,1782747499.532568
208100,5.76287317276001,1782747505.1665535
208200,1.9434798955917358,1782747510.9914393
208300,4.969718933105469,1782747516.8573847
208400,2.7074851989746094,1782747522.432356
208500,3.8204376697540283,1782747528.2801347
208600,3.4784586429595947,1782747533.819923
208700,3.853677272796631,1782747539.6408243
208800,4.040892124176025,1782747545.2593029
208900,4.619225025177002,1782747550.95289
209000,4.204570770263672,1782747556.7767043
209100,3.081434726715088,1782747562.57516
209200,4.539705753326416,1782747568.404615
209300,4.432033538818359,1782747574.279525
209400,3.239387273788452,1782747579.919004
209500,4.779804229736328,1782747585.7529619
209600,4.716678142547607,1782747591.5506825
209700,3.4903221130371094,1782747597.197571
209800,3.528028726577759,1782747603.2168698
209900,4.140740871429443,1782747608.9107335
210000,5.22171688079834,1782747614.7584107
210100,5.187490463256836,1782747620.5095978
210200,3.232072353363037,1782747626.3773308
210300,2.930922269821167,1782747632.2205331
210400,4.340447902679443,1782747638.02548
210500,4.261805534362793,1782747643.752588
210600,2.194171905517578,1782747649.5653446
210700,4.299876689910889,1782747655.6100526
210800,4.920621871948242,1782747661.4914396
210900,6.24785041809082,1782747667.5584342
211000,5.476366996765137,1782747673.2707255
211100,4.636396408081055,1782747679.0199666
211200,3.62921142578125,1782747684.8715012
211300,4.7257819175720215,1782747690.8176455
211400,3.7455191612243652,1782747696.650835
211500,2.5368916988372803,1782747702.5911422
211600,2.140923023223877,1782747708.2925563
211700,2.603487491607666,1782747714.134513
211800,4.291741371154785,1782747719.7682354
211900,3.1130313873291016,1782747725.66081
212000,5.347990036010742,1782747731.397319
212100,5.637449264526367,1782747737.4687936
212200,3.018946886062622,1782747743.1506114
212300,4.784250259399414,1782747748.8612478
212400,4.929637908935547,1782747754.5282936
212500,4.92894172668457,1782747760.5034785
212600,1.119104027748108,1782747766.2033315
212700,2.823845863342285,1782747771.9561214
212800,2.5165319442749023,1782747777.7413561
212900,2.3513691425323486,1782747783.6944773
213000,5.347886562347412,1782747789.5064213
213100,4.285943984985352,1782747795.3859434
213200,5.553777694702148,1782747801.2998037
213300,5.281611442565918,1782747807.4155855
213400,4.512018203735352,1782747813.2517097
213500,6.346065998077393,1782747819.22253
213600,3.2050867080688477,1782747824.976358
213700,4.167208194732666,1782747830.903279
213800,4.009249687194824,1782747837.0288684
213900,0.9336113333702087,1782747842.765345
214000,-0.2862454652786255,1782747848.5101345
214100,4.624628067016602,1782747854.562577
214200,3.021148204803467,1782747860.3759112
214300,4.688013553619385,1782747866.2708406
214400,4.4594340324401855,1782747872.120553
214500,4.379462718963623,1782747878.1347964
214600,4.265594482421875,1782747884.0961149
214700,7.029771327972412,1782747890.3986416
214800,1.1514731645584106,1782747896.182073
214900,4.1733598709106445,1782747902.1173575
215000,5.382407188415527,1782747907.8251216
215100,0.8979464173316956,1782747913.8195143
215200,-0.45093411207199097,1782747919.7727914
215300,5.7722930908203125,1782747925.4973018
215400,4.301145553588867,1782747931.2771213
215500,3.5380382537841797,1782747937.037808
215600,4.036627769470215,1782747942.9263804
215700,2.9777607917785645,1782747948.8651235
215800,3.8257033824920654,1782747954.5040667
215900,2.986238479614258,1782747960.3397615
216000,2.496431589126587,1782747966.1718054
216100,4.880955696105957,1782747972.3020136
216200,0.5057435631752014,1782747978.274868
216300,4.34097957611084,1782747983.9980774
216400,1.1242698431015015,1782747989.8923512
216500,4.960079193115234,1782747995.6717365
216600,1.7862290143966675,1782748001.6885822
216700,0.9232513308525085,1782748007.6580586
216800,2.586710214614868,1782748013.5159068
216900,2.2561795711517334,1782748019.2545514
217000,4.656009674072266,1782748024.8700914
217100,2.9408349990844727,1782748030.4924583
217200,4.431331157684326,1782748036.4818776
217300,1.9930875301361084,1782748042.3033392
217400,0.8665013313293457,1782748048.0849352
217500,4.573200225830078,1782748053.8383243
217600,2.906453847885132,1782748059.601599
217700,5.039594650268555,1782748065.087252
217800,0.8191376328468323,1782748070.9771473
217900,2.4107513427734375,1782748076.9234834
218000,0.7731959223747253,1782748082.9027257
218100,2.5512046813964844,1782748089.2100918
218200,1.878147840499878,1782748094.9900033
218300,2.1103458404541016,1782748101.1707387
218400,1.605984091758728,1782748107.1286247
218500,2.20643949508667,1782748113.1845
218600,1.4084974527359009,1782748119.1718023
218700,3.252613067626953,1782748125.3796027
218800,4.023056983947754,1782748131.3876922
218900,4.67356538772583,1782748137.532632
219000,4.110109329223633,1782748143.8335998
219100,4.106318473815918,1782748149.81756
219200,2.7491636276245117,1782748155.8029354
219300,1.1890451908111572,1782748161.7963102
219400,3.049032211303711,1782748167.9655893
219500,3.5040063858032227,1782748174.090984
219600,2.3547310829162598,1782748180.2650335
219700,0.9275702238082886,1782748186.3192677
219800,3.3636679649353027,1782748192.5220551
219900,3.9042463302612305,1782748198.5774987
220000,1.8247437477111816,1782748204.704978
220100,0.7799749374389648,1782748210.8441088
220200,5.237460136413574,1782748216.9483266
220300,2.9125189781188965,1782748223.0267007
220400,2.0531821250915527,1782748229.0867126
220500,4.336997032165527,1782748235.0385382
220600,4.623347282409668,1782748241.1492105
220700,1.6189420223236084,1782748247.2055793
220800,3.3675143718719482,1782748253.3317304
220900,3.4588048458099365,1782748259.4454956
221000,1.8628969192504883,1782748265.5267134
221100,2.2719006538391113,1782748271.595992
221200,3.079572916030884,1782748277.456749
221300,2.4490344524383545,1782748283.3749638
221400,2.0670313835144043,1782748289.622227
221500,4.31032657623291,1782748295.8571007
221600,4.373727798461914,1782748302.011519
221700,0.1882539987564087,1782748308.1338716
221800,2.113205909729004,1782748314.1979308
221900,3.8510658740997314,1782748320.1273448
222000,2.118549346923828,1782748326.2102485
222100,4.607499599456787,1782748332.2100663
222200,3.52480149269104,1782748338.0798745
222300,3.408841848373413,1782748344.1596875
222400,6.120262622833252,1782748350.1018658
222500,4.045899391174316,1782748356.2709904
222600,1.785549283027649,1782748362.3178186
222700,4.460364818572998,1782748368.274329
222800,1.674001693725586,1782748374.2108004
222900,1.9450374841690063,1782748380.4634569
223000,1.8117347955703735,1782748386.3302102
223100,3.709944725036621,1782748392.5013201
223200,2.549644947052002,1782748398.6874096
223300,3.8293278217315674,1782748404.644842
223400,-1.615164041519165,1782748410.665762
223500,3.4954259395599365,1782748417.0097442
223600,0.22170361876487732,1782748422.9635878
223700,-0.13381999731063843,1782748429.2817755
223800,0.05342981219291687,1782748435.1617572
223900,3.446692705154419,1782748441.2022185
224000,2.7266604900360107,1782748447.0781984
224100,1.5822157859802246,1782748453.0695882
224200,2.0753555297851562,1782748459.0998006
224300,2.1773922443389893,1782748465.0229158
224400,3.0263335704803467,1782748471.0614717
224500,1.0475232601165771,1782748477.0527945
224600,3.3193140029907227,1782748483.1320012
224700,2.6818981170654297,1782748489.1804032
224800,2.4928135871887207,1782748495.170864
224900,1.3648518323898315,1782748501.0423977
225000,4.983827590942383,1782748507.057362
225100,3.6694772243499756,1782748627.8989396
225200,1.8274576663970947,1782748633.9308906
225300,1.9461898803710938,1782748640.25628
225400,3.5403401851654053,1782748646.158151
225500,2.4260365962982178,1782748652.3937879
225600,3.259472370147705,1782748658.389875
225700,3.7619900703430176,1782748664.1616995
225800,1.4013432264328003,1782748670.083115
225900,3.6567397117614746,1782748676.1908567
226000,0.5344493985176086,1782748682.1841676
226100,1.5369048118591309,1782748688.1667035
226200,0.43886011838912964,1782748694.2369397
226300,0.662110447883606,1782748700.5034125
226400,-0.23290276527404785,1782748706.4217892
226500,1.6063005924224854,1782748712.5079267
226600,-0.031571537256240845,1782748718.5249023
226700,2.533773899078369,1782748724.5002654
226800,1.3445181846618652,1782748730.3842587
226900,-1.1602476835250854,1782748736.6455927
227000,4.124351501464844,1782748742.5527287
227100,1.2959015369415283,1782748748.5440848
227200,1.7634916305541992,1782748754.671804
227300,2.7608039379119873,1782748760.7373276
227400,0.9874568581581116,1782748766.8108747
227500,0.7717961668968201,1782748772.7189157
227600,4.12824010848999,1782748779.0446932
227700,2.656898021697998,1782748785.0194657
227800,1.231058955192566,1782748791.0272167
227900,3.3714890480041504,1782748796.9733357
228000,2.193333625793457,1782748803.0009952
228100,0.3145906329154968,1782748809.1582658
228200,0.6343708038330078,1782748815.1912239
228300,-0.2177334427833557,1782748821.0765684
228400,0.8345403075218201,1782748827.1549494
228500,0.029314637184143066,1782748833.211047
228600,2.3114142417907715,1782748839.2572489
228700,1.0089592933654785,1782748845.210992
228800,4.474674701690674,1782748851.39816
228900,0.7926665544509888,1782748857.5379887
229000,0.6349452137947083,1782748863.716474
229100,0.35332056879997253,1782748869.7250233
229200,2.4912171363830566,1782748875.8295574
229300,-1.3978201150894165,1782748881.7618937
229400,1.7166420221328735,1782748887.8018343
229500,2.527109384536743,1782748894.0335944
229600,1.0010414123535156,1782748900.1569812
229700,3.061793088912964,1782748906.1869302
229800,4.582075119018555,1782748912.2459865
229900,2.8386716842651367,1782748918.40471
230000,5.883763313293457,1782748924.5428233
230100,1.3290661573410034,1782748930.5027115
230200,2.2667927742004395,1782748936.700861
230300,3.957174301147461,1782748942.7082188
230400,-0.05577316880226135,1782748948.625139
230500,1.4071507453918457,1782748954.8078175
230600,4.6613311767578125,1782748960.572448
230700,1.9423733949661255,1782748966.42392
230800,1.254089117050171,1782748972.5081637
230900,2.0140342712402344,1782748978.476602
231000,4.005239963531494,1782748984.4122803
231100,2.1489417552948,1782748990.7048385
231200,1.0507398843765259,1782748996.6217074
231300,-0.04497992992401123,1782749002.6708508
231400,1.2188160419464111,1782749008.7423162
231500,0.6870312690734863,1782749014.8211877
231600,0.14594143629074097,1782749021.0184863
231700,1.3534679412841797,1782749026.924562
231800,-0.4485628604888916,1782749033.1866174
231900,-1.6191990375518799,1782749039.2164502
232000,-0.8756837844848633,1782749045.1547494
232100,0.3521007299423218,1782749051.1833878
232200,-1.4683187007904053,1782749057.4250422
232300,1.8876758813858032,1782749063.418434
232400,0.7617594599723816,1782749069.3405538
232500,2.6010632514953613,1782749075.3877373
232600,1.5554529428482056,1782749081.3448813
232700,0.5953134298324585,1782749087.550237
232800,2.108386516571045,1782749093.5638125
232900,1.9996511936187744,1782749099.7005005
233000,0.09912765026092529,1782749105.485709
233100,0.6090450882911682,1782749111.7018518
233200,0.10428699851036072,1782749117.4854748
233300,-1.7072112560272217,1782749123.386667
233400,1.7043120861053467,1782749129.2581916
233500,0.5459306836128235,1782749135.1964004
233600,2.7968943119049072,1782749141.1798704
233700,1.2397505044937134,1782749147.196007
233800,2.491476535797119,1782749153.4680004
233900,-0.02401942014694214,1782749159.6188922
234000,1.25700044631958,1782749165.750727
234100,2.1611359119415283,1782749171.761692
234200,-0.5312719345092773,1782749177.6241932
234300,0.5609609484672546,1782749183.8038633
234400,2.7443127632141113,1782749189.9162617
234500,-0.8575318455696106,1782749195.904115
234600,0.8788856267929077,1782749201.8694355
234700,0.8108805418014526,1782749207.6940877
234800,1.126911997795105,1782749213.6786985
234900,0.038245201110839844,1782749219.6335557
235000,2.4428741931915283,1782749225.661111
235100,0.30422282218933105,1782749231.4385035
235200,-0.46285319328308105,1782749237.3904862
235300,-1.8058960437774658,1782749243.6842177
235400,1.5966240167617798,1782749249.6268213
235500,-0.7112007737159729,1782749255.5831559
235600,-0.09709995985031128,1782749261.6433296
235700,0.43652957677841187,1782749267.791727
235800,0.8897888660430908,1782749273.7726655
235900,-1.045751690864563,1782749279.9365664
236000,0.2022496461868286,1782749285.970439
236100,-1.038799524307251,1782749291.8031247
236200,0.4300982356071472,1782749297.7623127
236300,-0.7329918146133423,1782749303.6998925
236400,2.426637649536133,1782749309.786984
236500,0.7470656037330627,1782749315.6863728
236600,3.8686933517456055,1782749321.6516218
236700,1.847062349319458,1782749327.605747
236800,1.0850515365600586,1782749333.6156585
236900,-1.1578006744384766,1782749339.8369064
237000,-0.020157456398010254,1782749345.8862274
237100,-1.7778189182281494,1782749352.191297
237200,0.852684736251831,1782749358.3317964
237300,0.37475717067718506,1782749364.1834977
237400,-2.2816109657287598,1782749370.3017545
237500,-0.8293653726577759,1782749376.5230243
237600,-1.0297006368637085,1782749382.480065
237700,-1.1507141590118408,1782749388.5511668
237800,0.9646228551864624,1782749394.541516
237900,1.740897536277771,1782749400.6411572
238000,-0.9130281209945679,1782749406.4407878
238100,-0.5037410259246826,1782749412.8347993
238200,0.43947499990463257,1782749418.8718896
238300,-1.6947587728500366,1782749424.9503286
238400,-0.8513170480728149,1782749430.9403424
238500,1.4434633255004883,1782749436.9321213
238600,-0.4787713885307312,1782749442.9963965
238700,-1.800533413887024,1782749448.811262
238800,-0.23113760352134705,1782749454.906925
238900,0.06989860534667969,1782749460.9251559
239000,-2.8183116912841797,1782749466.7982666
239100,-0.9232767820358276,1782749472.8195853
239200,1.2082815170288086,1782749478.7984934
239300,0.42241382598876953,1782749484.8066678
239400,-0.10682576894760132,1782749490.8356605
239500,-0.3739001750946045,1782749497.0814748
239600,0.08823764324188232,1782749503.2704008
239700,0.6917819976806641,1782749509.383737
239800,0.8278645873069763,1782749515.5039473
239900,0.14013051986694336,1782749521.634874
240000,0.11965978145599365,1782749527.6267083
240100,2.9734504222869873,1782749533.5141108
240200,2.0532588958740234,1782749539.7697678
240300,0.270600825548172,1782749546.0398545
240400,-2.1798648834228516,1782749552.060385
240500,0.30922186374664307,1782749557.949271
240600,1.682136058807373,1782749563.9255662
240700,-0.782615602016449,1782749569.8273978
240800,2.585659980773926,1782749575.7253602
240900,2.508859872817993,1782749581.58949
241000,2.2832136154174805,1782749587.712874
241100,0.9792227149009705,1782749593.7709446
241200,2.3539254665374756,1782749599.549286
241300,1.2343809604644775,1782749605.5370882
241400,-0.6404039859771729,1782749611.5199132
241500,-1.863889455795288,1782749617.6260247
241600,1.9195523262023926,1782749623.5111759
241700,-2.0365707874298096,1782749629.3762515
241800,3.00176739692688,1782749635.28417
241900,2.2474966049194336,1782749641.1968455
242000,1.4985055923461914,1782749647.2673764
242100,2.1334455013275146,1782749653.3256743
242200,2.371508836746216,1782749659.1704717
242300,-1.0718547105789185,1782749665.1971815
242400,3.086392402648926,1782749671.096326
242500,0.703368604183197,1782749677.338589
242600,0.08871960639953613,1782749683.3570464
242700,1.531630516052246,1782749689.5225966
242800,2.280958890914917,1782749695.3875253
242900,1.921481728553772,1782749701.6391053
243000,-0.4015865921974182,1782749707.6684906
243100,0.6346840262413025,1782749713.670026
243200,1.426102638244629,1782749719.6281717
243300,-0.4141930639743805,1782749725.539465
243400,-0.3020879626274109,1782749731.8375142
243500,0.803576648235321,1782749737.6655602
243600,-0.2041143774986267,1782749743.9434724
243700,-0.6062701344490051,1782749749.8956215
243800,-0.4944290518760681,1782749755.793426
243900,0.14853233098983765,1782749762.0831761
244000,1.2524316310882568,1782749768.427986
244100,-1.0201184749603271,1782749774.5505748
244200,0.8964188098907471,1782749780.5115738
244300,-2.2594950199127197,1782749786.4768767
244400,-1.065042495727539,1782749792.7029514
244500,1.718243956565857,1782749798.910116
244600,2.32586407661438,1782749804.919552
244700,-1.0671379566192627,1782749810.8850284
244800,-1.1683810949325562,1782749816.9309874
244900,-0.9306519031524658,1782749822.8358757
245000,-0.1743004322052002,1782749829.0074606
245100,0.6306592226028442,1782749834.9727077
245200,-0.4052235186100006,1782749840.7969055
245300,-0.26922404766082764,1782749846.804425
245400,-0.2556036412715912,1782749852.9411616
245500,-1.4301033020019531,1782749859.0347466
245600,-1.0442290306091309,1782749864.982676
245700,-3.212110996246338,1782749871.0441144
245800,-2.509718418121338,1782749877.0095434
245900,-0.0199010968208313,1782749883.0065045
246000,-0.31733107566833496,1782749889.1402159
246100,-0.7927336692810059,1782749895.1540647
246200,-0.5092597007751465,1782749901.1292894
246300,-1.2305094003677368,1782749907.0449338
246400,0.5337603092193604,1782749913.104571
246500,-0.6282562017440796,1782749919.0304167
246600,0.7097606062889099,1782749925.0635564
246700,-0.04113131761550903,1782749930.9639814
246800,-0.6134020090103149,1782749937.1078305
246900,0.8797556757926941,1782749943.1412585
247000,-0.543459951877594,1782749949.2237198
247100,-0.3343791663646698,1782749955.2127647
247200,-1.2602567672729492,1782749961.3149796
247300,-0.6759921312332153,1782749967.2601047
247400,1.9885685443878174,1782749973.58311
247500,-1.2097711563110352,1782749979.4641287
247600,-0.8272116780281067,1782749985.403234
247700,-0.22908878326416016,1782749991.332191
247800,0.5534881353378296,1782749997.4903398
247900,1.3012452125549316,1782750003.3506982
248000,0.8726153373718262,1782750009.467221
248100,1.6481837034225464,1782750015.4123802
248200,0.24376055598258972,1782750021.6450045
248300,-0.7970343828201294,1782750027.8122182
248400,-0.8125470280647278,1782750033.9480793
248500,0.6885205507278442,1782750039.9871438
248600,0.9269555807113647,1782750045.836429
248700,-0.13320904970169067,1782750051.7826486
248800,2.975743293762207,1782750057.739718
248900,-1.029717206954956,1782750063.654253
249000,-1.7970763444900513,1782750069.7097204
249100,-0.7200464010238647,1782750075.7315605
249200,0.9985005855560303,1782750081.7517648
249300,-0.5920023918151855,1782750087.7645054
249400,0.1631244421005249,1782750093.7733467
249500,-1.4136245250701904,1782750099.8952632
249600,-2.506129741668701,1782750106.095107
249700,0.21181190013885498,1782750111.9599519
249800,-3.6846706867218018,1782750118.0184572
249900,1.6513352394104004,1782750123.954758
250000,1.6414153575897217,1782750129.8745873
250100,0.71434485912323,1782750291.9849389
250200,2.6578288078308105,1782750297.7180405
250300,-1.6760008335113525,1782750303.4483252
250400,2.7604188919067383,1782750309.300939
250500,2.227776527404785,1782750315.1431906
250600,1.4828964471817017,1782750321.109358
250700,0.9381619691848755,1782750327.1514122
250800,0.023945271968841553,1782750333.2224326
250900,1.6657054424285889,1782750339.5146375
251000,2.115196466445923,1782750345.4270906
251100,0.4692264795303345,1782750351.4393775
251200,0.922073245048523,1782750357.3038328
251300,0.23315289616584778,1782750363.230856
251400,0.9139432907104492,1782750369.2664807
251500,1.6391105651855469,1782750375.3588176
251600,0.7332989573478699,1782750381.2340841
251700,-3.296379566192627,1782750386.9340134
251800,-1.2343530654907227,1782750392.7228105
251900,-0.2191779613494873,1782750398.494362
252000,-1.3130033016204834,1782750404.5875223
252100,-1.4801206588745117,1782750410.399095
252200,-0.7160316109657288,1782750416.2344818
252300,-2.5488393306732178,1782750422.18444
252400,-1.0386065244674683,1782750428.280833
252500,-2.463303804397583,1782750434.1103797
252600,0.42849093675613403,1782750440.3861728
252700,-2.1350064277648926,1782750446.401735
252800,-3.3479790687561035,1782750452.1703973
252900,-0.7242900133132935,1782750458.3958538
253000,-0.9608685970306396,1782750464.3354235
253100,-1.9533367156982422,1782750470.1058328
253200,-3.108771562576294,1782750476.3842113
253300,-0.7159424424171448,1782750482.5342197
253400,-0.8984134793281555,1782750488.3598745
253500,-1.157102108001709,1782750494.3348794
253600,-4.501537322998047,1782750500.3098433
253700,-1.6244053840637207,1782750506.3016284
253800,-2.602569103240967,1782750512.4988508
253900,0.9733211994171143,1782750518.2591813
254000,-2.872641086578369,1782750524.2048004
254100,-0.20725400745868683,1782750530.0742707
254200,-0.362799733877182,1782750536.1968963
254300,0.37490883469581604,1782750542.0554073
254400,0.19700831174850464,1782750547.9384117
254500,-0.491629958152771,1782750553.7004786
254600,-0.8972387909889221,1782750559.5681443
254700,0.0681702196598053,1782750565.4481184
254800,0.8055436015129089,1782750571.5271468
254900,-0.41213327646255493,1782750577.4406564
255000,-0.013852894306182861,1782750583.7375245
255100,0.9901423454284668,1782750589.7775316
255200,-2.7055726051330566,1782750595.9698443
255300,2.666332960128784,1782750602.2071674
255400,-1.0163336992263794,1782750607.9727383
255500,0.80165034532547,1782750613.639998
255600,0.24141788482666016,1782750619.5662186
255700,-0.8999516367912292,1782750625.7875178
255800,0.6625188589096069,1782750631.6239707
255900,0.06023454666137695,1782750637.958008
256000,-0.15279445052146912,1782750644.1373014
256100,-0.6188437342643738,1782750650.2424664
256200,1.4985747337341309,1782750656.2697616
256300,0.44510161876678467,1782750662.2485862
256400,-2.1637306213378906,1782750668.4742608
256500,-0.7311526536941528,1782750674.3401458
256600,2.0757718086242676,1782750680.2062972
256700,-1.6762640476226807,1782750686.093272
256800,-0.8264266848564148,1782750692.01744
256900,1.2660874128341675,1782750697.927329
257000,0.6550661325454712,1782750703.7161553
257100,1.65142023563385,1782750709.7127182
257200,1.4606274366378784,1782750715.7363293
257300,0.12697450816631317,1782750721.689064
257400,-0.25778043270111084,1782750727.9307666
257500,0.6781846880912781,1782750733.7540603
257600,0.7716202735900879,1782750739.8008926
257700,1.9105571508407593,1782750745.9374208
257800,0.6962540745735168,1782750751.8261526
257900,0.6550544500350952,1782750757.7122285
258000,3.016171455383301,1782750763.5388844
258100,2.739950656890869,1782750769.9476082
258200,2.199986696243286,1782750776.1624362
258300,1.031439185142517,1782750782.1820958
258400,0.17005985975265503,1782750788.2393098
258500,1.708238124847412,1782750794.2757456
258600,3.105074405670166,1782750800.1581173
258700,3.112135887145996,1782750806.2766993
258800,1.2273998260498047,1782750812.5168571
258900,-1.228851318359375,1782750818.5649045
259000,-0.5952033400535583,1782750824.3199332
259100,1.2188475131988525,1782750830.3739467
259200,1.3359581232070923,1782750836.1323187
259300,-1.7922271490097046,1782750842.3837712
259400,-0.7631973624229431,1782750848.5473566
259500,-1.6075637340545654,1782750854.7559788
259600,0.07264947891235352,1782750860.461177
259700,-2.1302897930145264,1782750866.3196392
259800,1.507091999053955,1782750872.3547664
259900,0.6676907539367676,1782750878.0344043
260000,4.517805099487305,1782750883.9876032
260100,2.8412539958953857,1782750889.74631
260200,0.48751914501190186,1782750896.0694356
260300,0.87077397108078,1782750901.8411603
260400,-0.205940842628479,1782750907.8686543
260500,0.7835795283317566,1782750914.0859673
260600,0.46600639820098877,1782750919.9207685
260700,-1.5051698684692383,1782750925.8954668
260800,1.2362781763076782,1782750931.744194
260900,-0.544541597366333,1782750937.5377476
261000,2.2421138286590576,1782750943.275848
261100,0.37659788131713867,1782750949.936702
261200,0.1682094931602478,1782750955.9002836
261300,-0.31181949377059937,1782750961.6160908
261400,-2.256438732147217,1782750967.4712248
261500,-1.469714641571045,1782750973.1633556
261600,-0.9155807495117188,1782750979.390331
261700,-0.44880712032318115,1782750985.240522
261800,0.041614651679992676,1782750991.1440704
261900,1.230607032775879,1782750997.1539383
262000,1.9686894416809082,1782751002.7704346
262100,-0.8526596426963806,1782751008.6812122
262200,-1.2136672735214233,1782751014.9628122
262300,-1.2833300828933716,1782751020.642138
262400,0.10753321647644043,1782751026.6433709
262500,2.1872682571411133,1782751032.2059653
262600,0.7002553343772888,1782751038.0855012
262700,-1.12567138671875,1782751044.0618868
262800,-3.5666537284851074,1782751049.7210863
262900,-0.3061174750328064,1782751055.5700586
263000,-0.1486358940601349,1782751061.415372
263100,-1.623864769935608,1782751067.2175083
263200,-2.037639617919922,1782751073.3505094
263300,-2.558590888977051,1782751079.372916
263400,-0.3682267665863037,1782751085.224983
263500,-0.9316319823265076,1782751091.0721405
263600,-3.351560115814209,1782751096.7370229
263700,-1.33806312084198,1782751102.617998
263800,-0.21317702531814575,1782751108.5447843
263900,-1.1446280479431152,1782751114.1790023
264000,-1.0202380418777466,1782751120.2705498
264100,-3.148204803466797,1782751126.1072397
264200,-1.8793362379074097,1782751132.407488
264300,-0.9980541467666626,1782751138.654755
264400,-0.15551400184631348,1782751144.972074
264500,0.31055203080177307,1782751151.0692756
264600,0.12921983003616333,1782751157.383466
264700,-1.5693038702011108,1782751163.4862597
264800,-0.7243832349777222,1782751169.5549986
264900,-0.8232174515724182,1782751175.729418
265000,1.0863029956817627,1782751181.74829
265100,0.6225395202636719,1782751187.8355346
265200,-2.7862136363983154,1782751193.967641
265300,-1.8085980415344238,1782751200.1050487
265400,-2.0260186195373535,1782751206.107324
265500,-1.4707473516464233,1782751212.2554796
265600,-0.6798937916755676,1782751218.2905269
265700,-0.48202866315841675,1782751224.180316
265800,-0.9458525776863098,1782751230.327126
265900,-3.198533058166504,1782751236.2944765
266000,-4.414432525634766,1782751242.1618948
266100,-3.1844913959503174,1782751248.2069175
266200,-2.781442880630493,1782751254.1097567
266300,-1.8282793760299683,1782751260.0335314
266400,-1.5108373165130615,1782751266.1934774
266500,-0.30989181995391846,1782751272.2757623
266600,-1.3156306743621826,1782751278.2106109
266700,0.7815500497817993,1782751284.4444246
266800,-1.9921143054962158,1782751290.4879782
266900,-2.0039918422698975,1782751296.669409
267000,-0.9138954877853394,1782751303.0052917
267100,-1.724731683731079,1782751309.0036862
267200,-0.18643097579479218,1782751315.2928643
267300,1.1418477296829224,1782751321.2165656
267400,0.24712148308753967,1782751327.3181205
267500,-0.9427082538604736,1782751333.605597
267600,-0.7906779646873474,1782751339.8288388
267700,-1.0638506412506104,1782751345.9519153
267800,-0.8138073086738586,1782751351.9654922
267900,-0.9201802015304565,1782751358.2899394
268000,0.524173378944397,1782751364.4987664
268100,-1.7962112426757812,1782751370.5284035
268200,0.1594632863998413,1782751376.6904747
268300,0.47680169343948364,1782751382.651432
268400,-0.9046305418014526,1782751388.8598895
268500,0.5625988245010376,1782751394.9176767
268600,1.2739341259002686,1782751401.0265555
268700,-1.4468870162963867,1782751407.1438558
268800,-0.5787435173988342,1782751413.184622
268900,-0.3203277289867401,1782751419.51601
269000,-1.0076627731323242,1782751425.6303074
269100,0.2094932645559311,1782751431.7507358
269200,-0.7827494740486145,1782751437.6324332
269300,-1.9538989067077637,1782751443.6184218
269400,-1.1478010416030884,1782751449.8061757
269500,1.340608835220337,1782751456.1358118
269600,-3.024026870727539,1782751461.9507315
269700,-1.931286096572876,1782751467.9757397
269800,-1.5167365074157715,1782751474.218142
269900,-0.008834779262542725,1782751480.4822695
270000,-1.645723581314087,1782751486.4634993
270100,-1.1560771465301514,1782751492.4214396
270200,-0.9357531666755676,1782751498.5736248
270300,0.2066204696893692,1782751504.735004
270400,-1.714339017868042,1782751510.8098042
270500,-0.38490772247314453,1782751516.9272034
270600,-1.97943115234375,1782751523.1428258
270700,0.6273847222328186,1782751529.1753075
270800,-0.3154860734939575,1782751535.3983278
270900,1.0874006748199463,1782751541.3286922
271000,-0.7614182233810425,1782751547.6298459
271100,-1.532555341720581,1782751553.802568
271200,0.5402880907058716,1782751559.7089405
271300,-1.5954201221466064,1782751565.7553365
271400,0.5277777314186096,1782751571.8165092
271500,-1.5045578479766846,1782751578.096597
271600,-1.4860734939575195,1782751584.0309136
271700,0.29910939931869507,1782751590.283147
271800,1.3283379077911377,1782751596.215221
271900,-0.7247955799102783,1782751602.3919044
272000,-2.160142421722412,1782751608.4258292
272100,1.4666342735290527,1782751614.3699737
272200,0.896931529045105,1782751620.7067118
272300,-0.33283358812332153,1782751626.7779293
272400,-1.0275096893310547,1782751632.8370104
272500,-0.006500363349914551,1782751638.785116
272600,-2.2715232372283936,1782751645.089054
272700,-1.7576146125793457,1782751651.0197067
272800,-2.711970329284668,1782751657.1733785
272900,-1.419731616973877,1782751663.0656552
273000,0.14318516850471497,1782751669.173889
273100,1.331525444984436,1782751675.1219146
273200,-0.5745071768760681,1782751681.173491
273300,1.0644278526306152,1782751687.0902188
273400,1.2983890771865845,1782751693.2871058
273500,-0.17275577783584595,1782751699.1987302
273600,0.2759520411491394,1782751705.2334135
273700,1.15897798538208,1782751711.141294
273800,-0.6375982761383057,1782751717.2728746
273900,-0.7228273749351501,1782751723.3511205
274000,0.4369784891605377,1782751729.312996
274100,-1.7606066465377808,1782751735.5250523
274200,-0.8556599617004395,1782751741.6510801
274300,-0.15981900691986084,1782751747.5850496
274400,-0.01657158136367798,1782751753.6471393
274500,-1.0857048034667969,1782751759.4917495
274600,-0.5475115776062012,1782751765.4583476
274700,-1.8354324102401733,1782751771.453741
274800,-0.5365696549415588,1782751777.433737
274900,0.4869144856929779,1782751783.4552443
275000,1.2405611276626587,1782751789.5906978
275100,2.3991293907165527,1782751959.9548883
275200,0.8267921209335327,1782751965.9086237
275300,-0.37146449089050293,1782751972.1111896
275400,-1.9900668859481812,1782751978.1085157
275500,-1.1227548122406006,1782751984.263111
275600,-0.2917877733707428,1782751990.4864433
275700,-1.3584131002426147,1782751996.543301
275800,0.02771744132041931,1782752002.4417918
275900,-0.05682343244552612,1782752008.6175177
276000,1.4996135234832764,1782752014.6092496
276100,-0.16736316680908203,1782752020.5155077
276200,0.8601204752922058,1782752026.687042
276300,-0.07962808012962341,1782752032.6115546
276400,0.29862937331199646,1782752038.8196375
276500,0.9450979232788086,1782752044.8635757
276600,0.6991673111915588,1782752050.8194263
276700,-0.26558464765548706,1782752056.808751
276800,-0.7790032029151917,1782752062.697108
276900,1.7254351377487183,1782752068.6979084
277000,1.2357549667358398,1782752074.905164
277100,0.5412817001342773,1782752081.0057302
277200,2.0858969688415527,1782752086.9691234
277300,-0.9798799753189087,1782752093.1562662
277400,1.5836856365203857,1782752099.070434
277500,0.7828263640403748,1782752105.0747736
277600,1.4533631801605225,1782752111.18289
277700,-0.5849854350090027,1782752117.0950296
277800,-0.6271269917488098,1782752123.1873631
277900,0.0790662169456482,1782752129.1034608
278000,0.1478816568851471,1782752135.062252
278100,-0.8563303351402283,1782752141.1770592
278200,-1.7792437076568604,1782752147.0721173
278300,-0.8681012392044067,1782752153.3111908
278400,-0.18874919414520264,1782752159.528362
278500,-1.4562145471572876,1782752165.601595
278600,-1.2717175483703613,1782752171.5420926
278700,-0.5906073451042175,1782752177.7503302
278800,-0.2799380123615265,1782752183.6893177
278900,-1.3351656198501587,1782752189.9002116
279000,-2.0452914237976074,1782752196.0778716
279100,-4.02619743347168,1782752202.033003
279200,-3.3872628211975098,1782752208.0387797
279300,-2.490983009338379,1782752214.185513
279400,1.3955743312835693,1782752220.0644453
279500,0.08181619644165039,1782752226.2290952
279600,-1.1986147165298462,1782752232.10555
279700,-0.934083104133606,1782752238.0981612
279800,-1.1690771579742432,1782752244.0504158
279900,-0.5967146754264832,1782752250.1749256
280000,-0.08426883816719055,1782752256.2259233
280100,-0.9202767014503479,1782752262.283352
280200,-1.0529239177703857,1782752268.511398
280300,-1.3228143453598022,1782752274.5482605
280400,-3.9157724380493164,1782752280.640224
280500,-0.17320671677589417,1782752286.6659145
280600,-3.020679235458374,1782752292.9335318
280700,-0.9732649326324463,1782752299.0990782
280800,-0.2564607858657837,1782752305.0410075
280900,-0.3396420478820801,1782752311.2144253
281000,-1.1070501804351807,1782752317.3190274
281100,-1.1277401447296143,1782752323.3565907
281200,-2.737816333770752,1782752329.299191
281300,0.7549622058868408,1782752335.378322
281400,0.7265720367431641,1782752341.7178624
281500,0.18740513920783997,1782752347.6703167
281600,-1.7727177143096924,1782752353.6358488
281700,-0.9661515355110168,1782752359.7638521
281800,-2.0023789405822754,1782752365.6876907
281900,-1.9807462692260742,1782752371.7287378
282000,-2.807727336883545,1782752377.6820064
282100,-1.2131540775299072,1782752383.871389
282200,-2.617093563079834,1782752390.0840151
282300,-3.264324903488159,1782752396.28385
282400,-2.9551382064819336,1782752402.4937158
282500,-2.7592251300811768,1782752408.6253624
282600,-1.043736219406128,1782752414.619537
282700,-1.8168413639068604,1782752420.9468431
282800,-0.5791398286819458,1782752427.1018655
282900,0.19272512197494507,1782752433.109458
283000,-0.42975330352783203,1782752439.3950965
283100,-2.4119043350219727,1782752445.7334604
283200,-0.6056210398674011,1782752451.9210966
283300,-0.8015626072883606,1782752457.8316073
283400,0.5318874716758728,1782752463.9129045
283500,-1.9388697147369385,1782752470.06775
283600,-0.44194495677948,1782752476.3246543
283700,-0.18199406564235687,1782752482.7535899
283800,0.07637862861156464,1782752488.7106922
283900,-1.5995886325836182,1782752494.8824878
284000,0.13187572360038757,1782752500.856305
284100,0.19177961349487305,1782752506.9661767
284200,-0.7026443481445312,1782752512.99736
284300,0.39631569385528564,1782752519.2866383
284400,1.4290672540664673,1782752525.2967188
284500,0.5934852957725525,1782752531.5970256
284600,1.4426339864730835,1782752537.7536006
284700,0.1007281243801117,1782752543.9816527
284800,-1.6158010959625244,1782752550.2282414
284900,1.2635821104049683,1782752556.3885288
285000,1.2631120681762695,1782752562.725398
285100,-1.0266145467758179,1782752568.685109
285200,0.790574312210083,1782752574.8755481
285300,0.07768349349498749,1782752581.0694945
285400,-1.8747925758361816,1782752587.3634284
285500,-1.6704705953598022,1782752593.4056206
285600,1.2323672771453857,1782752599.3417382
285700,-1.9722492694854736,1782752605.3802032
285800,-1.7282947301864624,1782752611.373125
285900,-4.112630844116211,1782752617.283172
286000,-0.9268816709518433,1782752623.3084552
286100,-0.5917108654975891,1782752629.3650525
286200,0.35732510685920715,1782752635.6176124
286300,-2.6568498611450195,1782752641.7578518
286400,-2.5965793132781982,1782752647.8925693
286500,2.081244945526123,1782752654.0717351
286600,-0.8499610424041748,1782752660.143067
286700,-1.0749776363372803,1782752666.2743626
286800,0.5256980657577515,1782752672.275548
286900,0.5260453224182129,1782752678.4161108
287000,1.474227786064148,1782752684.5463564
287100,-1.1962560415267944,1782752690.462713
287200,-0.3986436724662781,1782752696.3911047
287300,-2.9214351177215576,1782752702.4578443
287400,0.7296175360679626,1782752708.729499
287500,-1.1100165843963623,1782752714.7357976
287600,0.2772318124771118,1782752720.7776403
287700,1.5403106212615967,1782752726.7992034
287800,-0.20740103721618652,1782752732.851421
287900,1.7666126489639282,1782752738.9049
288000,-0.9597474336624146,1782752744.8625374
288100,-2.123398780822754,1782752750.766364
288200,-2.8630435466766357,1782752756.706769
288300,-0.8489585518836975,1782752763.0096002
288400,-1.0928075313568115,1782752768.9763649
288500,-1.4598844051361084,1782752775.3873165
288600,-1.4949166774749756,1782752781.5264394
288700,-2.1938650608062744,1782752787.4843156
288800,-1.6028499603271484,1782752793.7374818
288900,-1.5850354433059692,1782752799.7223556
289000,-2.112635850906372,1782752805.9246864
289100,-0.04633994400501251,1782752812.1100533
289200,-0.2710171937942505,1782752818.3587408
289300,-1.7353160381317139,1782752824.652225
289400,-1.2156717777252197,1782752830.8690886
289500,-2.2428665161132812,1782752836.9489007
289600,0.17526406049728394,1782752843.2577837
289700,-0.07935652136802673,1782752849.4769483
289800,-1.029571771621704,1782752855.74311
289900,-1.7750451564788818,1782752861.88588
290000,-1.615192174911499,1782752867.8822086
290100,-2.3645267486572266,1782752874.0582645
290200,-2.8361072540283203,1782752880.2870018
290300,-1.6004111766815186,1782752886.6578941
290400,0.02292369306087494,1782752892.585016
290500,-2.18796968460083,1782752898.729972
290600,-1.2279847860336304,1782752904.7154448
290700,-1.334557294845581,1782752910.8004186
290800,-0.780992329120636,1782752916.785828
290900,-2.0701136589050293,1782752922.9676456
291000,-1.049741506576538,1782752929.0703146
291100,-1.4441616535186768,1782752935.1651485
291200,0.7728632688522339,1782752941.141417
291300,-2.6918792724609375,1782752947.2061837
291400,-1.8757237195968628,1782752953.3965185
291500,0.13675689697265625,1782752959.6154902
291600,-1.669740080833435,1782752965.6317322
291700,-0.716101884841919,1782752971.7112038
291800,-1.3837684392929077,1782752977.956196
291900,-2.4971532821655273,1782752983.97514
292000,-2.14396333694458,1782752989.9579287
292100,-3.0768585205078125,1782752996.1080172
292200,-3.6892428398132324,1782753002.5247626
292300,-1.8829400539398193,1782753008.5623956
292400,-3.0606689453125,1782753014.5316112
292500,-1.1863256692886353,1782753020.5780776
292600,-0.029311418533325195,1782753026.6875963
292700,-0.8835198879241943,1782753032.7033522
292800,-0.8092449903488159,1782753038.6426299
292900,-2.510105609893799,1782753044.8934948
293000,2.23716402053833,1782753050.9702063
293100,-0.5509010553359985,1782753057.006366
293200,-3.5263006687164307,1782753063.0184822
293300,-2.0157148838043213,1782753069.2331052
293400,-2.191279172897339,1782753075.2039382
293500,-4.7521538734436035,1782753081.2666938
293600,-3.5641982555389404,1782753087.3096755
293700,-3.119753360748291,1782753093.4927151
293800,0.28461337089538574,1782753099.7034538
293900,-0.48440220952033997,1782753105.9792957
294000,-1.779373288154602,1782753112.1731937
294100,0.16939589381217957,1782753118.3942106
294200,0.737144947052002,1782753124.5617323
294300,0.7132627964019775,1782753130.6629143
294400,1.5048980712890625,1782753137.0713797
294500,0.5034240484237671,1782753143.1914287
294600,0.7878984212875366,1782753149.291391
294700,-0.06553995609283447,1782753155.639457
294800,0.7164031267166138,1782753161.7903874
294900,-1.63040292263031,1782753167.9768715
295000,-0.362947940826416,1782753174.0546992
295100,-2.4275825023651123,1782753180.238004
295200,-1.9385933876037598,1782753186.2236307
295300,-0.104423888027668,1782753192.6078632
295400,-1.5437684059143066,1782753198.6393623
295500,-1.3501873016357422,1782753204.866712
295600,0.06314921379089355,1782753211.071783
295700,0.10427290201187134,1782753217.4220672
295800,1.0943095684051514,1782753223.5841415
295900,-0.03746974468231201,1782753229.9071941
296000,-1.0361878871917725,1782753235.8884337
296100,-0.25351470708847046,1782753242.236166
296200,-3.4524354934692383,1782753248.2466893
296300,-0.7163642048835754,1782753254.2201562
296400,0.25359398126602173,1782753260.2878566
296500,-1.790728211402893,1782753266.278551
296600,-2.219972610473633,1782753272.5071757
296700,0.2144034057855606,1782753278.7094078
296800,0.07235246896743774,1782753284.8255732
296900,1.6580536365509033,1782753291.2535453
297000,-1.9340959787368774,1782753297.41066
297100,0.6438689231872559,1782753303.7417405
297200,-2.199570417404175,1782753309.9756598
297300,-2.4912683963775635,1782753315.9698126
297400,-1.9576404094696045,1782753321.9755225
297500,-0.18545186519622803,1782753328.1406403
297600,0.3304433822631836,1782753334.2993867
297700,-0.28609490394592285,1782753340.381723
297800,-1.7798281908035278,1782753346.3859375
297900,-1.8989437818527222,1782753352.4621587
298000,-2.137845993041992,1782753358.5873647
298100,0.04766908288002014,1782753364.8886473
298200,-2.6232452392578125,1782753371.13162
298300,-2.8949780464172363,1782753377.298961
298400,-1.2690067291259766,1782753383.5352492
298500,-2.4900784492492676,1782753389.6160789
298600,-1.559403419494629,1782753395.737205
298700,-2.0951809883117676,1782753402.0466468
298800,-0.4386386275291443,1782753408.255446
298900,-2.8243980407714844,1782753414.3032267
299000,-2.7426857948303223,1782753420.2297983
299100,-0.5627592206001282,1782753426.136801
299200,-1.1730432510375977,1782753432.3097107
299300,-1.415811538696289,1782753438.2365122
299400,-1.682479977607727,1782753444.238613
299500,0.8552528023719788,1782753450.3386712
299600,-1.6066949367523193,1782753456.3603625
299700,-0.06740826368331909,1782753462.3666704
299800,2.5134174823760986,1782753468.2472754
299900,-0.5218327045440674,1782753474.1114197
300000,1.0863436460494995,1782753480.0899856
300100,5.131481170654297,1782753675.428343
300200,6.110245704650879,1782753681.5022607
300300,8.29842758178711,1782753687.7292295
300400,8.31285572052002,1782753693.7571332
300500,8.035898208618164,1782753699.8609173
300600,7.614346504211426,1782753705.9020655
300700,8.086091995239258,1782753712.2418015
300800,7.382142066955566,1782753718.2773063
300900,5.524107456207275,1782753724.5448308
301000,5.847772598266602,1782753730.6306381
301100,4.992134094238281,1782753736.8271887
301200,4.09332275390625,1782753742.9317589
301300,4.462576866149902,1782753748.8195083
301400,4.974153518676758,1782753754.8110013
301500,5.212569713592529,1782753760.7467778
301600,9.374530792236328,1782753766.8326278
301700,6.961349010467529,1782753772.8991785
301800,7.899020671844482,1782753778.8259354
301900,5.6563720703125,1782753784.7893014
302000,4.226522445678711,1782753791.0872264
302100,6.5567731857299805,1782753797.3481767
302200,5.189825057983398,1782753803.7157195
302300,5.599135398864746,1782753809.957422
302400,7.065193176269531,1782753816.0798144
302500,7.41749382019043,1782753822.175962
302600,5.992066860198975,1782753828.3673935
302700,5.37954568862915,1782807556.6757426
302800,4.696846961975098,1782807562.5537424
302900,3.332278251647949,1782807568.5443707
303000,5.272829532623291,1782807574.5091057
303100,4.39295768737793,1782807580.3718996
303200,5.077371597290039,1782807586.5932598
303300,4.926151275634766,1782807592.5186567
303400,6.6925506591796875,1782807598.4419458
303500,5.296962261199951,1782807604.258596
303600,5.674442291259766,1782807609.9802003
303700,5.42695426940918,1782807615.8784513
303800,6.6707611083984375,1782807621.8526344
303900,5.2736496925354,1782807627.7835898
304000,4.504026412963867,1782807633.507855
304100,5.541213035583496,1782807639.2424753
304200,6.71038293838501,1782807644.93078
304300,6.575745582580566,1782807650.6791377
304400,6.543639659881592,1782807656.6346412
304500,6.6317315101623535,1782807662.3958173
304600,7.06374979019165,1782807668.1869178
304700,4.878795623779297,1782807674.2766726
304800,4.511427402496338,1782807680.2719965
304900,3.8227005004882812,1782807685.9990728
305000,3.534937620162964,1782807691.982209
305100,5.439845085144043,1782807697.966906
305200,3.5281577110290527,1782807704.5557985
305300,6.622494697570801,1782807711.2188208
305400,4.191961288452148,1782807717.904687
305500,6.427494049072266,1782807724.4246237
305600,4.733273506164551,1782807731.1165311
305700,5.765194416046143,1782807737.8417544
305800,4.926456451416016,1782807744.7880526
305900,5.419352054595947,1782807751.4881642
306000,6.087602138519287,1782807758.3279698
306100,6.814545154571533,1782807764.8641038
306200,4.329764366149902,1782807771.458449
306300,5.5802178382873535,1782807778.0491571
306400,2.9563660621643066,1782807784.759236
306500,6.947381019592285,1782807791.388314
306600,7.51911735534668,1782807798.113441
306700,5.00762939453125,1782807804.6076286
306800,5.941793441772461,1782807811.2307684
306900,4.618353366851807,1782807818.0132499
307000,4.94411563873291,1782807824.7022288
307100,5.92136287689209,1782807830.8719692
307200,4.928765773773193,1782807837.0479102
307300,4.605881690979004,1782807843.2936904
307400,4.838115692138672,1782807849.421934
307500,2.265866756439209,1782807855.7236435
307600,3.724091053009033,1782807862.069672
307700,2.8992791175842285,1782807868.3068473
307800,4.617422103881836,1782807874.4030635
307900,3.781838893890381,1782807880.626494
308000,7.9951558113098145,1782807887.133094
308100,4.224011421203613,1782807893.2376103
308200,4.6263227462768555,1782807899.5758965
308300,5.891144275665283,1782807905.5993829
308400,5.844274997711182,1782807911.820617
308500,2.79293155670166,1782807917.974371
308600,6.101440906524658,1782807924.440272
308700,4.930708885192871,1782807930.717813
308800,3.9520156383514404,1782807937.0671325
308900,4.273314952850342,1782807943.8171442
309000,3.5101428031921387,1782807950.2628064
309100,4.247079849243164,1782807957.190295
309200,4.968964576721191,1782807963.3112187
309300,1.7789711952209473,1782807969.6487067
309400,5.394830703735352,1782807976.3718941
309500,3.493317127227783,1782807982.992868
309600,4.907621383666992,1782807989.6571612
309700,4.100028991699219,1782807996.2569468
309800,4.269998073577881,1782808002.8464108
309900,2.977428913116455,1782808009.3322537
310000,3.5199220180511475,1782808015.8964808
310100,1.2166507244110107,1782808022.3985257
310200,3.3989195823669434,1782808028.8483152
310300,2.8633008003234863,1782808035.1670253
310400,3.2190122604370117,1782808041.4369285
310500,2.856484889984131,1782808048.057548
310600,5.638266563415527,1782808054.8565364
310700,5.177630424499512,1782808061.4706116
310800,2.974189519882202,1782808068.0546145
310900,6.269555568695068,1782808074.6563666
311000,5.404521942138672,1782808081.146819
311100,2.532402992248535,1782808087.7937913
311200,1.5203115940093994,1782808094.0350478
311300,1.9147018194198608,1782808100.5256345
311400,5.199357986450195,1782808107.2554762
311500,3.1494059562683105,1782808113.9081671
311600,1.2163476943969727,1782808120.6646218
311700,3.6558589935302734,1782808127.4434342
311800,2.721679210662842,1782808134.1781745
311900,2.631732702255249,1782808140.6109207
312000,6.124929428100586,1782808147.3622837
312100,5.435666561126709,1782808153.873199
312200,3.9063494205474854,1782808160.5292122
312300,3.716798782348633,1782808166.5716572
312400,5.550527095794678,1782808173.204238
312500,2.776855230331421,1782808180.0039241
312600,3.4826560020446777,1782808186.6518202
312700,1.3396662473678589,1782808193.1840777
312800,4.437498569488525,1782808200.0043988
312900,1.8441598415374756,1782808206.7548633
313000,4.602749347686768,1782808213.3529146
313100,4.226889610290527,1782808220.1243901
313200,0.38775861263275146,1782808226.5914147
313300,5.157710552215576,1782808233.1189165
313400,3.7292051315307617,1782808239.7111585
313500,5.554300308227539,1782808246.1868153
313600,2.1089060306549072,1782808252.4670296
313700,4.220544338226318,1782808258.6732953
313800,4.154699802398682,1782808264.7706137
313900,3.6094672679901123,1782808270.7503028
314000,3.065857410430908,1782808276.7706885
314100,0.7355290651321411,1782808282.8991323
314200,4.010757923126221,1782808288.8825393
314300,2.394611358642578,1782808295.0839453
314400,3.9560561180114746,1782808301.3374507
314500,4.415425777435303,1782808307.4087217
314600,2.7255496978759766,1782808313.6516845
314700,1.8477263450622559,1782808319.7530077
314800,4.635934829711914,1782808325.8693984
314900,4.243448257446289,1782808332.0834136
315000,4.107410907745361,1782808338.1024425
315100,5.2522501945495605,1782808344.1893637
315200,3.318741798400879,1782808350.713269
315300,-0.4512631297111511,1782808357.2165308
315400,4.751344680786133,1782808363.7435102
315500,2.9704782962799072,1782808370.3687663
315600,3.7694032192230225,1782808376.816094
315700,2.689754009246826,1782808383.2883427
315800,2.0754566192626953,1782808389.891334
315900,3.857586622238159,1782808396.7064998
316000,2.4814462661743164,1782808403.385181
316100,1.7982959747314453,1782808409.6399748
316200,3.3895812034606934,1782808415.8004332
316300,3.766096353530884,1782808421.878683
316400,2.316092014312744,1782808428.6580236
316500,2.958279609680176,1782808435.4875774
316600,2.202853202819824,1782808442.0110633
316700,2.68125581741333,1782808448.2379181
316800,3.2973220348358154,1782808454.3524332
316900,-0.24145641922950745,1782808460.5533223
317000,3.347416400909424,1782808466.742165
317100,-1.986159324645996,1782808473.179221
317200,5.171093940734863,1782808479.4017777
317300,4.842894554138184,1782808485.609201
317400,4.977795600891113,1782808491.7895558
317500,2.3152530193328857,1782808498.0664654
317600,2.948910713195801,1782808504.1514204
317700,3.363720417022705,1782808510.4271066
317800,-0.013102546334266663,1782808516.731232
317900,2.5753672122955322,1782808522.8556032
318000,1.831732988357544,1782808529.2880075
318100,3.0276148319244385,1782808535.5445533
318200,2.8578906059265137,1782808541.6847105
318300,0.35068660974502563,1782808547.8505027
318400,2.1499223709106445,1782808554.0683541
318500,1.1380069255828857,1782808560.3094018
318600,2.6385464668273926,1782808566.4598048
318700,2.690321207046509,1782808572.89788
318800,2.0899715423583984,1782808579.0277915
318900,1.5889917612075806,1782808585.2738066
319000,2.5837390422821045,1782808591.473411
319100,2.826402187347412,1782808597.714999
319200,3.7119407653808594,1782808604.020459
319300,1.2985129356384277,1782808610.2744672
319400,0.9920731782913208,1782808616.4077928
319500,1.2027814388275146,1782808622.7341998
319600,2.756739377975464,1782808628.917054
319700,3.1177854537963867,1782808635.4544148
319800,1.8484933376312256,1782808641.7873704
319900,3.78068208694458,1782808648.1180637
320000,0.7418726086616516,1782808654.3249981
320100,3.531383991241455,1782808660.6858735
320200,2.005459785461426,1782808667.1747563
320300,0.43370285630226135,1782808673.2996926
320400,0.9965760707855225,1782808679.413195
320500,0.9841566681861877,1782808685.4754767
320600,1.8598413467407227,1782808691.677371
320700,0.9535760283470154,1782808697.9402187
320800,4.654571533203125,1782808704.0249338
320900,1.414814829826355,1782808710.2182155
321000,3.175236940383911,1782808716.3807056
321100,1.9148125648498535,1782808722.4517837
321200,2.7007293701171875,1782808728.7271447
321300,2.43538761138916,1782808734.7501037
321400,3.6578643321990967,1782808740.792632
321500,1.7124590873718262,1782808746.9155982
321600,-0.11562597751617432,1782808752.9182458
321700,0.6690717339515686,1782808758.9125092
321800,0.16749897599220276,1782808765.0902607
321900,-1.1728034019470215,1782808771.284762
322000,2.3411965370178223,1782808777.4582415
322100,-0.25596883893013,1782808783.6694767
322200,0.717837929725647,1782808789.9300048
322300,1.948809027671814,1782808796.3166885
322400,3.5899553298950195,1782808802.4753845
322500,1.4845393896102905,1782808808.923604
322600,2.199016809463501,1782808814.9461935
322700,2.280543088912964,1782808821.3420568
322800,2.140493869781494,1782808827.6493356
322900,1.9685255289077759,1782808833.9232461
323000,2.3050355911254883,1782808840.2494626
323100,4.7537689208984375,1782808846.4381196
323200,3.2090795040130615,1782808852.672815
323300,1.801990270614624,1782808859.0180283
323400,1.4534796476364136,1782808865.1856296
323500,0.9681325554847717,1782808871.4316883
323600,3.7419681549072266,1782808877.4396255
323700,1.7818663120269775,1782808883.8734217
323800,2.864398717880249,1782808890.0998192
323900,2.6038198471069336,1782808896.0723965
324000,0.7562236785888672,1782808902.266148
324100,1.632380723953247,1782808908.3467205
324200,1.606306791305542,1782808914.6362615
324300,1.5512869358062744,1782808920.6793425
324400,4.204262733459473,1782808926.9905398
324500,2.8151261806488037,1782808933.0606751
324600,3.2070789337158203,1782808939.0407243
324700,0.6476991176605225,1782808945.3444529
324800,-0.030240774154663086,1782808951.7143285
324900,2.441317558288574,1782808957.8287916
325000,2.43528413772583,1782808963.9558465
325100,2.1857216358184814,1782809125.6573217
325200,1.3190925121307373,1782809131.7587454
325300,0.34099051356315613,1782809138.179573
325400,1.4919865131378174,1782809144.477502
325500,0.7756111025810242,1782809150.5520954
325600,0.015728503465652466,1782809157.0221193
325700,1.6889212131500244,1782809163.352222
325800,4.315040111541748,1782809169.3940084
325900,1.3650531768798828,1782809175.6824765
326000,1.781104326248169,1782809181.7971656
326100,-0.44086000323295593,1782809188.1862316
326200,0.09364983439445496,1782809194.4067621
326300,2.2029333114624023,1782809200.6288736
326400,0.479275107383728,1782809206.6701102
326500,-0.4755217134952545,1782809213.0514388
326600,-2.604928493499756,1782809219.4544122
326700,-1.7437657117843628,1782809225.7577944
326800,1.662423849105835,1782809231.8722377
326900,-1.9522234201431274,1782809237.8828046
327000,-1.8622055053710938,1782809243.879835
327100,0.3794515132904053,1782809249.809139
327200,-2.024549961090088,1782809256.1294641
327300,2.7697815895080566,1782809262.3366532
327400,2.4514498710632324,1782809268.5724103
327500,2.646959066390991,1782809274.6001828
327600,0.5628033876419067,1782809280.7429283
327700,0.9674814939498901,1782809286.9617574
327800,0.2862101197242737,1782809293.0741801
327900,-0.32096633315086365,1782809299.3505526
328000,-0.3995179533958435,1782809305.6869314
328100,0.7029452919960022,1782809311.9013636
328200,-0.36766183376312256,1782809318.2408874
328300,-0.016660332679748535,1782809324.3415794
328400,-0.31713175773620605,1782809330.9501173
328500,-0.4484395682811737,1782809337.3789463
328600,0.14610302448272705,1782809343.530497
328700,1.7728451490402222,1782809349.7682438
328800,1.5324524641036987,1782809356.1577046
328900,-0.48160213232040405,1782809362.3465524
329000,-0.2645212411880493,1782809368.8061864
329100,-2.8696327209472656,1782809375.2731247
329200,-0.8314434289932251,1782809381.3686333
329300,-0.7706006765365601,1782809387.5853846
329400,-1.5302925109863281,1782809393.8776283
329500,-1.6537144184112549,1782809399.8662896
329600,-1.44260835647583,1782809405.929477
329700,0.9749209880828857,1782809412.0527804
329800,0.9366689920425415,1782809418.0492969
329900,-1.6476621627807617,1782809424.043867
330000,-1.2999632358551025,1782809430.2366083
330100,-0.8371902704238892,1782809436.4141338
330200,0.9808977842330933,1782809442.6205742
330300,-0.708060622215271,1782809448.8310325
330400,-0.04153166711330414,1782809454.9143016
330500,-0.49637946486473083,1782809460.987451
330600,-0.7394614815711975,1782809467.239448
330700,0.7098821401596069,1782809473.1644921
330800,1.6142405271530151,1782809479.2984934
330900,1.1635403633117676,1782809485.681819
331000,-0.8744939565658569,1782809491.8027027
331100,0.5981284379959106,1782809497.952309
331200,0.691714882850647,1782809503.9249313
331300,1.6249406337738037,1782809510.140865
331400,1.4114476442337036,1782809516.0867999
331500,-0.026027917861938477,1782809522.1686034
331600,-1.4011759757995605,1782809528.3860078
331700,-1.4132481813430786,1782809534.5739691
331800,-0.6395372152328491,1782809540.7554686
331900,-0.36936622858047485,1782809547.0064042
332000,-2.3154330253601074,1782809553.0288615
332100,-0.44966474175453186,1782809559.5486286
332200,0.20453134179115295,1782809565.6634922
332300,1.696962594985962,1782809571.8677855
332400,1.6645326614379883,1782809577.840638
332500,0.20085081458091736,1782809583.9634972
332600,2.490107297897339,1782809590.106941
332700,2.8815579414367676,1782809596.0925872
332800,3.2652628421783447,1782809602.3663535
332900,0.822069525718689,1782809608.3509674
333000,1.8592157363891602,1782809614.498059
333100,0.31426379084587097,1782809620.5733535
333200,1.9054666757583618,1782809626.6765652
333300,1.70302414894104,1782809632.7815096
333400,1.826724886894226,1782809638.9473722
333500,-0.7079505920410156,1782809645.3306425
333600,2.4033336639404297,1782809651.3159244
333700,2.974424362182617,1782809657.344063
333800,2.4015302658081055,1782809663.4561229
333900,1.4105032682418823,1782809669.4677715
334000,0.6314476728439331,1782809675.706502
334100,0.30544793605804443,1782809681.672368
334200,1.1582202911376953,1782809687.874538
334300,-1.177142858505249,1782809693.9310725
334400,0.2730485796928406,1782809699.9029286
334500,-0.8152757883071899,1782809706.1371439
334600,1.0703357458114624,1782809712.1163797
334700,3.716559410095215,1782809718.2374394
334800,1.7426972389221191,1782809724.2722383
334900,0.8450236916542053,1782809730.3229072
335000,2.0652170181274414,1782809736.523482
335100,1.3004649877548218,1782809742.7290022
335200,1.8958144187927246,1782809749.17542
335300,0.6867697238922119,1782809755.6226058
335400,1.4030624628067017,1782809761.9911654
335500,3.1394288539886475,1782809768.5382721
335600,-1.52656888961792,1782809775.0164301
335700,1.4516127109527588,1782809781.4826288
335800,0.8820040225982666,1782809788.0914903
335900,-1.657270908355713,1782809794.8238494
336000,-0.3653169572353363,1782809801.121897
336100,-1.3382279872894287,1782809807.5248034
336200,3.71431827545166,1782809813.759502
336300,3.2670857906341553,1782809820.2293983
336400,4.1606364250183105,1782809826.7936733
336500,1.5670679807662964,1782809833.4126265
336600,1.6856553554534912,1782809839.9107387
336700,1.4782650470733643,1782809846.4552407
336800,2.4636011123657227,1782809852.9208608
336900,2.932450294494629,1782809859.5545769
337000,0.7600040435791016,1782809866.18482
337100,1.5425302982330322,1782809872.6490393
337200,5.015990257263184,1782809879.2966018
337300,-0.18159306049346924,1782809885.8646142
337400,2.252408504486084,1782809892.482764
337500,4.247737407684326,1782809899.1307054
337600,-1.1350637674331665,1782809905.7534494
337700,3.121685266494751,1782809912.2987707
337800,2.1999313831329346,1782809918.9187813
337900,0.008621454238891602,1782809925.5157316
338000,0.10573534667491913,1782809932.326743
338100,2.725677251815796,1782809938.8912866
338200,0.7447329163551331,1782809945.4087253
338300,3.031209707260132,1782809951.868691
338400,2.400575876235962,1782809958.1122165
338500,0.297251433134079,1782809964.514593
338600,1.3525097370147705,1782809970.6208858
338700,2.0357370376586914,1782809977.1326334
338800,1.048546552658081,1782809983.6148114
338900,1.4511276483535767,1782809990.3139703
339000,0.5144810676574707,1782809996.8448284
339100,0.7817187309265137,1782810003.2396812
339200,1.0085035562515259,1782810009.8995266
339300,5.12093448638916,1782810016.7307434
339400,4.218991279602051,1782810023.2267048
339500,0.3583005666732788,1782810029.8345885
339600,5.073784828186035,1782810036.4085648
339700,0.1686726212501526,1782810043.1112614
339800,3.078878879547119,1782810049.7675352
339900,2.7454168796539307,1782810056.5155625
340000,0.9984822273254395,1782810062.980174
340100,0.7460721135139465,1782810069.7027843
340200,3.7101829051971436,1782810076.371412
340300,1.3655592203140259,1782810082.951923
340400,3.8656094074249268,1782810089.8638604
340500,1.9452332258224487,1782810096.6828964
340600,2.0374903678894043,1782810103.3342595
340700,2.0601468086242676,1782810109.834353
340800,0.40740591287612915,1782810116.4090636
340900,3.3989343643188477,1782810122.938402
341000,3.492889642715454,1782810129.3508894
341100,1.7943570613861084,1782810135.8790748
341200,1.5199428796768188,1782810142.725929
341300,2.261601209640503,1782810149.6745923
341400,2.3757715225219727,1782810156.5146227
341500,2.6032960414886475,1782810163.243859
341600,0.09376645088195801,1782810169.4486458
341700,5.262380599975586,1782810175.7667391
341800,3.32240629196167,1782810181.9162643
341900,3.2801618576049805,1782810188.090396
342000,2.8965559005737305,1782810194.2399814
342100,0.5298534631729126,1782810200.6311018
342200,3.2326807975769043,1782810206.8866196
342300,1.171185851097107,1782810213.1081154
342400,1.5663228034973145,1782810219.2405763
342500,2.1999752521514893,1782810225.713054
342600,-0.4163287878036499,1782810231.9385235
342700,1.0137885808944702,1782810238.220065
342800,3.5676069259643555,1782810245.0255902
342900,1.4581736326217651,1782810251.2528534
343000,-0.09517472982406616,1782810257.4004636
343100,-0.07806140184402466,1782810263.694345
343200,2.1106204986572266,1782810270.1389697
343300,2.216416835784912,1782810276.2633777
343400,2.454455852508545,1782810282.673435
343500,3.0632152557373047,1782810288.9973936
343600,1.1470024585723877,1782810295.3792436
343700,2.4321463108062744,1782810301.5367744
343800,0.37030160427093506,1782810307.7031434
343900,2.7679433822631836,1782810314.0198722
344000,1.811316728591919,1782810320.0528612
344100,1.0183584690093994,1782810326.282937
344200,0.24300014972686768,1782810332.438948
344300,1.5140712261199951,1782810338.5890844
344400,-0.9127383232116699,1782810344.7401693
344500,0.5220478773117065,1782810351.062984
344600,1.9667255878448486,1782810357.242912
344700,1.5792235136032104,1782810363.301816
344800,2.7789251804351807,1782810369.6319344
344900,3.0312881469726562,1782810376.0626018
345000,2.787680149078369,1782810382.0792606
345100,2.306593656539917,1782810388.4094229
345200,2.0876259803771973,1782810394.6332679
345300,4.346386432647705,1782810400.7947915
345400,1.9934806823730469,1782810406.848549
345500,3.975249767303467,1782810413.043474
345600,1.5679516792297363,1782810419.2049978
345700,3.1544086933135986,1782810425.2267435
345800,2.107372999191284,1782810431.4847934
345900,4.669715881347656,1782810437.6043444
346000,4.825166702270508,1782810443.795219
346100,3.178241014480591,1782810450.1284022
346200,2.4332356452941895,1782810456.152445
346300,3.6294522285461426,1782810462.2980945
346400,0.3954777717590332,1782810468.5477688
346500,2.53397798538208,1782810474.7145305
346600,1.2420681715011597,1782810480.9963448
346700,3.5762598514556885,1782810487.2247958
346800,0.2609903812408447,1782810493.539097
346900,1.1947660446166992,1782810499.7356465
347000,2.995210647583008,1782810506.1531453
347100,1.8612375259399414,1782810512.3156168
347200,0.8860039710998535,1782810518.817874
347300,3.3164448738098145,1782810524.9024043
347400,3.5435733795166016,1782810531.3527086
347500,2.5752501487731934,1782810537.58849
347600,2.459974765777588,1782810543.7831302
347700,1.6401618719100952,1782810549.992932
347800,0.44301944971084595,1782810556.0313296
347900,2.4125750064849854,1782810562.0880988
348000,3.0080666542053223,1782810568.4415066
348100,4.089081287384033,1782810574.579
348200,-0.627653956413269,1782810580.7658882
348300,1.3484244346618652,1782810587.1244235
348400,-0.23533028364181519,1782810593.2816792
348500,0.505001425743103,1782810599.4760697
348600,0.1851053684949875,1782810605.7210953
348700,1.3571349382400513,1782810611.9325957
348800,-1.0581865310668945,1782810618.037812
348900,0.7290310859680176,1782810624.2126162
349000,0.7139269113540649,1782810630.5175204
349100,1.1445403099060059,1782810636.7939517
349200,0.033192187547683716,1782810642.8892815
349300,2.394967794418335,1782810649.2829378
349400,1.7104909420013428,1782810655.615773
349500,1.6627848148345947,1782810661.7952042
349600,1.1895347833633423,1782810667.895779
349700,0.43195968866348267,1782810673.979216
349800,-0.2378195822238922,1782810679.9989297
349900,1.8544771671295166,1782810686.1041765
350000,1.808056354522705,1782810692.4330032
350100,3.0665743350982666,1782810852.4856126
350200,0.6870574355125427,1782810858.5908287
350300,1.5054740905761719,1782810864.668396
350400,2.146002769470215,1782810870.5761168
350500,-0.7143948078155518,1782810876.6998737
350600,1.9905778169631958,1782810882.8144724
350700,3.3927724361419678,1782810889.1613443
350800,0.7937212586402893,1782810895.2206442
350900,0.4051392674446106,1782810901.3387258
351000,0.7124364376068115,1782810907.5234034
351100,0.6616715788841248,1782810913.729582
351200,1.4530235528945923,1782810920.0664816
351300,1.9260170459747314,1782810926.1046534
351400,4.288257122039795,1782810932.3173382
351500,1.541949987411499,1782810938.5020754
351600,3.2771124839782715,1782810944.5236263
351700,1.5436067581176758,1782810950.7470763
351800,-0.07305096089839935,1782810957.0511458
351900,1.6190502643585205,1782810963.208089
352000,2.6826939582824707,1782810969.337223
352100,4.075716495513916,1782810975.6406355
352200,0.4401392340660095,1782810981.8493924
352300,0.85565584897995,1782810987.9047594
352400,-0.2522725760936737,1782810993.8825762
352500,0.7716490030288696,1782811000.1294951
352600,1.7901755571365356,1782811006.2939491
352700,0.27802205085754395,1782811012.7046409
352800,4.146283149719238,1782811019.024928
352900,0.17520684003829956,1782811025.0120301
353000,1.9658944606781006,1782811031.0702436
353100,3.29799222946167,1782811037.3889287
353200,-0.6904412508010864,1782811043.5202227
353300,0.37813839316368103,1782811049.98387
353400,1.9843641519546509,1782811056.016835
353500,-0.2836645841598511,1782811062.4000273
353600,2.0336527824401855,1782811068.5701115
353700,-1.3451685905456543,1782811074.7517343
353800,0.5379886627197266,1782811081.0481327
353900,-0.14382892847061157,1782811087.2385538
354000,-0.3556874990463257,1782811093.308116
354100,3.6489291191101074,1782811099.2186615
354200,-0.8427162170410156,1782811105.4391391
354300,1.568082332611084,1782811111.6831868
354400,0.6700272560119629,1782811117.8299782
354500,0.8383480310440063,1782811123.929511
354600,-1.7865142822265625,1782811130.036192
354700,-2.420531988143921,1782811136.1201189
354800,-1.253572702407837,1782811142.38634
354900,-1.3350166082382202,1782811148.67192
355000,0.1323985606431961,1782811155.171858
355100,2.089973211288452,1782811161.3512015
355200,-0.8566163778305054,1782811167.3393846
355300,1.6896594762802124,1782811173.3226173
355400,-0.9218780994415283,1782811179.3855853
355500,-0.6724535226821899,1782811185.4507973
355600,-3.512803792953491,1782811191.674283
355700,-1.9422523975372314,1782811197.6778655
355800,2.3771860599517822,1782811203.8010767
355900,0.08094972372055054,1782811209.8850846
356000,-0.762363612651825,1782811216.0661788
356100,1.1671278476715088,1782811222.102971
356200,2.5316078662872314,1782811228.3162937
356300,-0.39034077525138855,1782811234.7181597
356400,2.793717861175537,1782811240.9521368
356500,-0.26409655809402466,1782811247.027345
356600,0.0036177635192871094,1782811253.3725336
356700,0.6094099879264832,1782811259.5517325
356800,0.7604250907897949,1782811265.6597703
356900,2.3950068950653076,1782811272.078202
357000,-0.008930139243602753,1782811278.6478639
357100,0.9520914554595947,1782811284.7502782
357200,0.2287578135728836,1782811290.860996
357300,-1.0954896211624146,1782811297.0837204
357400,1.514556646347046,1782811303.073572
357500,-0.8991334438323975,1782811309.2155108
357600,0.077522873878479,1782811315.311119
357700,0.2490500509738922,1782811321.5991094
357800,0.3243589699268341,1782811327.7922645
357900,0.8085970878601074,1782811333.9617882
358000,-1.0279650688171387,1782811340.0245032
358100,1.9983124732971191,1782811346.3692997
358200,2.1954267024993896,1782811352.6164963
358300,1.0168311595916748,1782811358.8714087
358400,0.00014744699001312256,1782811365.0107963
358500,-0.11835777759552002,1782811371.1188393
358600,0.8456359505653381,1782811377.2744372
358700,-0.45423710346221924,1782811383.612926
358800,0.048946306109428406,1782811389.7139633
358900,-0.4077839255332947,1782811396.0333831
359000,1.4847050905227661,1782811402.2396326
359100,1.5420808792114258,1782811408.3455641
359200,-0.07477277517318726,1782811414.619545
359300,1.1807167530059814,1782811420.716308
359400,2.2500269412994385,1782811426.8753684
359500,1.951185941696167,1782811433.014146
359600,3.388733386993408,1782811439.5300162
359700,0.7716274261474609,1782811445.581474
359800,-0.17067617177963257,1782811452.1246066
359900,1.768275499343872,1782811458.1362777
360000,2.210350275039673,1782811464.4530153
360100,0.8285355567932129,1782811470.681469
360200,4.5579118728637695,1782811477.0958624
360300,2.1903786659240723,1782811483.352642
360400,1.7932841777801514,1782811489.4314036
360500,0.7365861535072327,1782811495.818726
360600,0.8747277855873108,1782811501.9312284
360700,2.321256399154663,1782811508.2000108
360800,3.6274588108062744,1782811514.2365289
360900,1.4151060581207275,1782811520.3554342
361000,1.0694334506988525,1782811526.4090137
361100,-0.0034896284341812134,1782811532.4841795
361200,-0.4273211359977722,1782811538.7688463
361300,2.6938681602478027,1782811545.1924994
361400,1.531623125076294,1782811551.191159
361500,-0.19225338101387024,1782811557.4159155
361600,1.4987717866897583,1782811563.419095
361700,0.7043218016624451,1782811569.5797045
361800,2.9088289737701416,1782811575.572758
361900,1.2519021034240723,1782811581.744967
362000,0.2667478322982788,1782811587.8110309
362100,0.41183072328567505,1782811594.0333314
362200,0.8975356221199036,1782811600.4943998
362300,1.309139609336853,1782811606.7181182
362400,2.3211162090301514,1782811612.7395778
362500,1.711345911026001,1782811619.0128691
362600,1.6029651165008545,1782811625.043988
362700,0.45566773414611816,1782811631.1571033
362800,0.9753382205963135,1782811637.5929506
362900,0.9921255707740784,1782811643.748906
363000,-0.33060067892074585,1782811649.8889968
363100,1.9923697710037231,1782811656.0663452
363200,0.5264864563941956,1782811662.7829006
363300,0.797348141670227,1782811668.8908112
363400,0.5252983570098877,1782811674.9755273
363500,1.6877225637435913,1782811681.2759378
363600,0.2937272787094116,1782811687.5753276
363700,3.016284942626953,1782811693.8251588
363800,0.7476559281349182,1782811699.9867845
363900,2.0217244625091553,1782811706.4064164
364000,2.795891284942627,1782811712.552754
364100,-0.8584729433059692,1782811718.7759824
364200,0.44485586881637573,1782811724.7799175
364300,0.08031338453292847,1782811731.2575178
364400,-0.2514779567718506,1782811737.2653143
364500,0.8537759184837341,1782811743.439955
364600,3.3115458488464355,1782811749.6034908
364700,1.0322754383087158,1782811755.7178545
364800,0.32160642743110657,1782811762.2078617
364900,3.4647698402404785,1782811768.5159125
365000,3.363765239715576,1782811775.1437185
365100,3.470686435699463,1782811781.2827983
365200,5.647951126098633,1782811787.6549654
365300,2.5138139724731445,1782811793.8258789
365400,0.18294596672058105,1782811799.8992682
365500,1.8961690664291382,1782811806.152653
365600,-0.8816512227058411,1782811812.280462
365700,0.985028088092804,1782811818.5623662
365800,-0.048967838287353516,1782811824.9246747
365900,2.143552541732788,1782811831.2632332
366000,1.7481768131256104,1782811837.3750243
366100,1.0948375463485718,1782811843.4952278
366200,3.5627565383911133,1782811849.5390394
366300,2.7685909271240234,1782811855.83926
366400,1.8804019689559937,1782811862.1065063
366500,1.3644664287567139,1782811868.4131305
366600,4.226499557495117,1782811874.5912845
366700,2.7341787815093994,1782811880.9928076
366800,1.4150652885437012,1782811887.3889377
366900,2.919833183288574,1782811893.4134579
367000,1.3886702060699463,1782811899.4527893
367100,4.260466575622559,1782811905.726631
367200,1.6164546012878418,1782811912.0009775
367300,1.8111755847930908,1782811918.0379179
367400,0.3009384870529175,1782811924.0627291
367500,4.150424957275391,1782811930.2375357
367600,2.389780044555664,1782811936.3092635
367700,2.9154717922210693,1782811942.533761
367800,3.399019241333008,1782811948.7006643
367900,1.5060951709747314,1782811955.084005
368000,1.706782341003418,1782811961.4758437
368100,-0.14670410752296448,1782811967.7056508
368200,3.265408515930176,1782811973.9049187
368300,-0.36701223254203796,1782811980.048678
368400,0.9762076139450073,1782811986.1462185
368500,-0.42748093605041504,1782811992.1562595
368600,0.4161110520362854,1782811998.2422097
368700,1.4523676633834839,1782812004.2855256
368800,1.8439288139343262,1782812010.5590682
368900,2.2591471672058105,1782812016.550244
369000,-1.050144910812378,1782812022.8604698
369100,1.6983637809753418,1782812028.8658795
369200,3.9697511196136475,1782812034.964152
369300,0.5916247367858887,1782812041.0273454
369400,2.841249704360962,1782812047.0083942
369500,-0.9967909455299377,1782812053.0395298
369600,-0.13727658987045288,1782812059.3002937
369700,0.8948647975921631,1782812065.340211
369800,2.1924374103546143,1782812071.5462966
369900,3.0925216674804688,1782812077.921238
370000,0.5662188529968262,1782812084.1009731
370100,-2.6145098209381104,1782812090.3237543
370200,2.1253113746643066,1782812096.638487
370300,2.851172924041748,1782812102.7240627
370400,1.0834544897079468,1782812108.7239
370500,-0.1288919448852539,1782812114.8525395
370600,1.9246195554733276,1782812120.9296799
370700,1.0512053966522217,1782812127.0546577
370800,2.5525379180908203,1782812133.4717267
370900,-0.3734946846961975,1782812139.6143544
371000,2.3611884117126465,1782812145.8832526
371100,1.1625795364379883,1782812151.9524271
371200,1.0443065166473389,1782812157.9111786
371300,0.08103477954864502,1782812163.9318068
371400,2.4599814414978027,1782812169.9564095
371500,1.9216161966323853,1782812176.2145846
371600,2.3593075275421143,1782812182.2538729
371700,1.156310796737671,1782812188.2589886
371800,-0.3077758550643921,1782812194.557824
371900,3.901749610900879,1782812200.768836
372000,-0.029097139835357666,1782812206.8469176
372100,0.6976317167282104,1782812213.0441267
372200,2.993720293045044,1782812219.477822
372300,3.980458974838257,1782812225.6739848
372400,0.7621946334838867,1782812231.9605665
372500,2.2480316162109375,1782812238.1833692
372600,1.156625747680664,1782812244.2698421
372700,0.4530194401741028,1782812250.4523566
372800,3.5431783199310303,1782812256.5027459
372900,0.8748272657394409,1782812262.8350513
373000,1.2178022861480713,1782812269.3414369
373100,3.298696517944336,1782812275.624893
373200,1.3936707973480225,1782812281.63748
373300,4.291174411773682,1782812287.8180869
373400,3.54618239402771,1782812294.0632682
373500,1.8958959579467773,1782812300.280551
373600,1.9290010929107666,1782812306.341962
373700,0.9699618816375732,1782812312.3397024
373800,0.8761684894561768,1782812318.5246427
373900,0.0006861686706542969,1782812324.6635218
374000,1.3909735679626465,1782812331.137244
374100,5.276721000671387,1782812337.605773
374200,2.7135367393493652,1782812343.7309232
374300,0.03811487555503845,1782812349.920696
374400,-1.2496850490570068,1782812356.0560753
374500,0.8737145662307739,1782812362.4013865
374600,0.06916570663452148,1782812368.762476
374700,-2.0223424434661865,1782812375.0064704
374800,-0.7262120842933655,1782812381.307688
374900,-0.520739734172821,1782812387.872281
375000,-0.0004032254219055176,1782812394.3623257
375100,-1.5889644622802734,1782812546.4295554
375200,-1.1521875858306885,1782812552.5321639
375300,0.18708711862564087,1782812558.981953
375400,1.3816341161727905,1782812565.1876915
375500,0.8173141479492188,1782812571.4930894
375600,-1.7761163711547852,1782812577.826763
375700,-1.830152153968811,1782812584.1239963
375800,-0.1213337779045105,1782812590.3644733
375900,-0.7250425815582275,1782812597.0310626
376000,-0.44659650325775146,1782812603.064013
376100,-2.2402310371398926,1782812609.1873689
376200,-0.5802398920059204,1782812615.4276085
376300,0.7779598236083984,1782812621.491651
376400,-0.6213794350624084,1782812627.9199061
376500,-0.6095917224884033,1782812634.1177657
376600,1.496309518814087,1782812640.4832559
376700,-0.021393656730651855,1782812646.7166407
376800,0.3044639825820923,1782812652.968296
376900,-2.5907697677612305,1782812659.1361635
377000,1.4180803298950195,1782812665.126541
377100,0.33631816506385803,1782812671.252086
377200,1.3934991359710693,1782812677.417319
377300,-0.32724374532699585,1782812683.3843517
377400,-3.2800889015197754,1782812689.7499983
377500,1.7773951292037964,1782812696.1262977
377600,0.6714963912963867,1782812702.5266976
377700,-0.9776542782783508,1782812708.9794698
377800,-0.09159272909164429,1782812715.0912354
377900,-0.8114722371101379,1782812721.0886045
378000,0.9865286350250244,1782812727.2312183
378100,0.7351235747337341,1782812733.567138
378200,2.9964261054992676,1782812739.752219
378300,-0.8783397078514099,1782812746.0014515
378400,2.451404094696045,1782812752.083335
378500,0.5254228115081787,1782812758.4485137
378600,0.9567863941192627,1782812764.5978053
378700,-2.034987688064575,1782812770.8977966
378800,1.5855650901794434,1782812777.23561
378900,2.213165044784546,1782812783.475385
379000,1.9207265377044678,1782812789.633169
379100,0.6511972546577454,1782812795.5661788
379200,0.7474151849746704,1782812801.766855
379300,-1.0088350772857666,1782812807.8092096
379400,1.3063220977783203,1782812813.9891849
379500,2.0773770809173584,1782812820.4369776
379600,1.4039729833602905,1782812826.616187
379700,-0.9106149077415466,1782812832.7846606
379800,0.7063643336296082,1782812838.9753659
379900,-0.7896932363510132,1782812845.3306766
380000,0.3963313102722168,1782812851.432494
380100,-0.8272526264190674,1782812857.6783338
380200,0.04316657781600952,1782812864.2242613
380300,3.3261396884918213,1782812870.480468
380400,0.5878115892410278,1782812876.767747
380500,2.1764020919799805,1782812883.0692809
380600,2.161787986755371,1782812889.0680676
380700,0.7663062810897827,1782812895.2367208
380800,-0.41654539108276367,1782812901.3182886
380900,2.1068835258483887,1782812907.6345968
381000,1.6726648807525635,1782812914.0780797
381100,0.6022254228591919,1782812920.445693
381200,-0.32683324813842773,1782812926.5196507
381300,-1.0398614406585693,1782812932.8751695
381400,1.3847825527191162,1782812939.0966618
381500,0.2664608955383301,1782812945.4653726
381600,1.5919582843780518,1782812951.6803613
381700,1.8978685140609741,1782812957.8240914
381800,0.5504739284515381,1782812963.8616378
381900,1.1047353744506836,1782812970.3381538
382000,3.152369976043701,1782812976.541046
382100,0.266707181930542,1782812982.6811876
382200,2.586057186126709,1782812989.028195
382300,2.8848791122436523,1782812995.0727992
382400,1.8690141439437866,1782813001.3977954
382500,1.9124419689178467,1782813007.617843
382600,1.2002283334732056,1782813013.6266196
382700,-0.7581932544708252,1782813019.7201138
382800,2.1029930114746094,1782813025.802513
382900,-0.5526421070098877,1782813031.8697078
383000,-1.2585103511810303,1782813038.089975
383100,1.430778980255127,1782813044.3120258
383200,-0.6936129927635193,1782813050.3992589
383300,1.5436875820159912,1782813056.8410258
383400,3.7588436603546143,1782813063.0295713
383500,1.7481153011322021,1782813069.1438248
383600,2.6265206336975098,1782813075.4239376
383700,1.7683717012405396,1782813081.3787704
383800,1.1104328632354736,1782813087.8959227
383900,-0.9399882555007935,1782813093.9847353
384000,-0.11980536580085754,1782813100.141279
384100,3.713137149810791,1782813106.3684285
384200,0.3470650911331177,1782813112.6078534
384300,-0.09011587500572205,1782813118.708915
384400,0.6962869763374329,1782813125.0186305
384500,-0.9002438187599182,1782813131.2866716
384600,-0.9892892837524414,1782813137.3011653
384700,-1.4532244205474854,1782813143.2640686
384800,-0.476348876953125,1782813149.1844227
384900,-3.43137264251709,1782813155.3658957
385000,-1.1498222351074219,1782813161.4293284
385100,-0.4843282997608185,1782813167.6532989
385200,-1.1833972930908203,1782813174.067884
385300,0.514070987701416,1782813180.099874
385400,-1.021585464477539,1782813186.102188
385500,-2.3778817653656006,1782813192.3425717
385600,-2.7943077087402344,1782813198.4847484
385700,-0.2002912163734436,1782813204.6863234
385800,-0.5426745414733887,1782813210.831145
385900,-4.799230575561523,1782813216.9536307
386000,-2.203084945678711,1782813223.1577852
386100,-1.5762861967086792,1782813229.2819276
386200,1.1891554594039917,1782813235.447917
386300,-0.48845726251602173,1782813241.4475765
386400,-0.8506534695625305,1782813247.466489
386500,-1.697953224182129,1782813253.7052126
386600,-1.9675885438919067,1782813259.6133192
386700,-2.255704879760742,1782813265.4730878
386800,1.6049410104751587,1782813271.7377126
386900,0.14056649804115295,1782813278.0235183
387000,1.6713796854019165,1782813284.1380343
387100,-0.7657361030578613,1782813290.1037686
387200,0.44844239950180054,1782813296.0251658
387300,1.3561666011810303,1782813301.9678113
387400,-1.493556261062622,1782813308.230618
387500,-0.14315824210643768,1782813314.6192563
387600,-2.4579737186431885,1782813320.7694917
387700,-0.8924174308776855,1782813326.8414917
387800,-1.5069197416305542,1782813332.9398308
387900,0.21252700686454773,1782813339.1508458
388000,0.371575266122818,1782813345.3029766
388100,-2.6242518424987793,1782813351.4464235
388200,0.010507941246032715,1782813357.4732194
388300,0.9549323320388794,1782813363.6937315
388400,2.6176745891571045,1782813369.905698
388500,2.246337890625,1782813375.8895533
388600,-1.1288950443267822,1782813382.135185
388700,-0.48170679807662964,1782813388.251721
388800,0.3660600781440735,1782813394.40123
388900,0.7422829866409302,1782813400.5832865
389000,2.0461933612823486,1782813406.6846912
389100,-0.26751214265823364,1782813412.7883797
389200,-0.4586976170539856,1782813418.9872735
389300,-1.0082474946975708,1782813424.8880897
389400,3.879765510559082,1782813431.3177202
389500,2.983248472213745,1782813437.401321
389600,-0.27515697479248047,1782813443.357161
389700,2.2434804439544678,1782813449.4393272
389800,2.720963478088379,1782813455.6208014
389900,1.8253276348114014,1782813461.5660093
390000,3.3125946521759033,1782813467.7107193
390100,4.097756385803223,1782813473.7888432
390200,3.1308751106262207,1782813479.9743931
390300,1.5880672931671143,1782813486.0519998
390400,1.4065372943878174,1782813492.2245858
390500,-0.4747304320335388,1782813498.3646362
390600,0.4867975413799286,1782813504.7005937
390700,-0.9760400652885437,1782813510.8476722
390800,-1.5961861610412598,1782813516.988896
390900,2.225206136703491,1782813523.0907724
391000,-0.7385749816894531,1782813529.3394592
391100,1.3264987468719482,1782813535.5190866
391200,-0.7843055725097656,1782813541.8630786
391300,-1.2512346506118774,1782813548.0315285
391400,-0.9592093229293823,1782813554.1784704
391500,1.1948342323303223,1782813560.2696152
391600,-2.0574517250061035,1782813566.6973076
391700,-0.7797383666038513,1782813572.870732
391800,1.5939662456512451,1782813578.88696
391900,1.0734820365905762,1782813585.1659033
392000,-1.335698127746582,1782813591.5052807
392100,-0.2577502727508545,1782813597.9779916
392200,-0.019009768962860107,1782813604.4820974
392300,0.9299243092536926,1782813610.648433
392400,4.149197101593018,1782813616.7672865
392500,2.7398297786712646,1782813622.8492076
392600,1.362053394317627,1782813628.898855
392700,0.675926923751831,1782813635.097808
392800,-3.0897061824798584,1782813641.1771479
392900,-0.263081431388855,1782813647.319624
393000,1.0018165111541748,1782813653.4018793
393100,-0.011515200138092041,1782813659.976575
393200,-0.9068463444709778,1782813666.277795
393300,0.06568917632102966,1782813672.5719163
393400,-0.0007594823837280273,1782813678.7234414
393500,-2.9925787448883057,1782813684.9654164
393600,1.3879003524780273,1782813691.0363255
393700,1.3590292930603027,1782813697.107284
393800,-0.15706931054592133,1782813703.3258486
393900,-1.7887217998504639,1782813709.444108
394000,-0.1250290870666504,1782813715.5458288
394100,0.4311649799346924,1782813721.7468307
394200,0.6205278635025024,1782813727.9718325
394300,-2.988142251968384,1782813734.0526216
394400,-2.0795466899871826,1782813740.3532856
394500,0.42820805311203003,1782813746.8615372
394600,-1.2213084697723389,1782813753.4046347
394700,-2.1584041118621826,1782813759.6460233
394800,-0.4704432785511017,1782813765.9205325
394900,1.428923487663269,1782813772.1164265
395000,-0.4847052991390228,1782813778.2358007
395100,-3.3759961128234863,1782813784.5541344
395200,-0.8590465784072876,1782813790.7344828
395300,0.7573957443237305,1782813797.1838524
395400,-1.1434998512268066,1782813803.2055123
395500,-0.1372813582420349,1782813809.2797148
395600,1.0051209926605225,1782813815.8408601
395700,-4.432990074157715,1782813822.0607793
395800,-1.9063514471054077,1782813828.647014
395900,-1.3085250854492188,1782813834.8217866
396000,-0.4442597031593323,1782813841.0200863
396100,-0.4047289788722992,1782813847.0428789
396200,-2.7057273387908936,1782813853.2412884
396300,-2.951293468475342,1782813859.3348346
396400,-1.5461221933364868,1782813865.632719
396500,-0.8687542676925659,1782813871.554639
396600,-3.4889955520629883,1782813877.8570604
396700,-0.8591870069503784,1782813884.189006
396800,-3.439419984817505,1782813890.1664686
396900,1.0985445976257324,1782813896.2916274
397000,-0.3221830725669861,1782813902.3390641
397100,0.19185739755630493,1782813908.708366
397200,-0.180801659822464,1782813915.0450144
397300,-2.856088161468506,1782813921.2304678
397400,-0.4353688359260559,1782813927.5499725
397500,-0.7196778059005737,1782813933.7975364
397600,1.6865618228912354,1782813940.0281808
397700,-3.2523064613342285,1782813946.4013617
397800,-1.1149365901947021,1782813952.4541242
397900,-2.4489693641662598,1782813958.5944276
398000,-2.6736748218536377,1782813964.6938677
398100,0.7286403775215149,1782813970.7471492
398200,-0.8827496767044067,1782813976.8420694
398300,-1.3740241527557373,1782813983.112334
398400,-0.2456134557723999,1782813989.3897047
398500,-1.277645468711853,1782813995.4700313
398600,-1.381622076034546,1782814001.563294
398700,0.06474912166595459,1782814007.6110535
398800,-2.2929980754852295,1782814013.898884
398900,-0.5528113842010498,1782814019.9059415
399000,-0.9111406207084656,1782814026.1451783
399100,-1.4895821809768677,1782814032.3907576
399200,-5.070693492889404,1782814038.3540387
399300,-3.424417495727539,1782814044.7908332
399400,1.2651482820510864,1782814051.0967293
399500,0.21628844738006592,1782814057.3591375
399600,-1.2920293807983398,1782814063.7493608
399700,-0.6120418906211853,1782814069.916683
399800,-0.8796772360801697,1782814076.0217714
399900,-0.12413355708122253,1782814082.2600136
400000,-0.7437708973884583,1782817827.0295804
400100,4.28599739074707,1782817985.8811555
400200,7.132501602172852,1782817991.7972686
400300,8.785537719726562,1782817997.719452
400400,9.836238861083984,1782818003.733165
400500,9.98782730102539,1782818009.9376144
400600,11.216426849365234,1782818015.9345188
400700,10.996841430664062,1782818021.907698
400800,10.213871002197266,1782818027.8930788
400900,10.824926376342773,1782818034.0158362
401000,9.65777587890625,1782818040.0061219
401100,8.817255973815918,1782818045.9972267
401200,8.001951217651367,1782818052.1342895
401300,7.789310455322266,1782818058.235015
401400,7.831371307373047,1782818064.1880178
401500,7.710474014282227,1782818070.3940396
401600,8.698053359985352,1782818076.2654889
401700,8.098100662231445,1782818082.2317035
401800,8.528993606567383,1782818088.037021
401900,10.211514472961426,1782818093.8823075
402000,6.222953796386719,1782818099.7406292
402100,8.217214584350586,1782818105.8772838
402200,7.85023307800293,1782818111.784378
402300,7.891841411590576,1782818117.6852353
402400,7.208895683288574,1782818123.6229725
402500,6.975185871124268,1782818129.5808444
402600,6.986722946166992,1782818135.6852462
402700,6.285612106323242,1782818141.6274974
402800,5.6876091957092285,1782818147.605549
402900,5.708374977111816,1782818153.5827072
403000,8.543373107910156,1782818159.739748
403100,7.632376194000244,1782818165.6373322
403200,9.556716918945312,1782818171.5348682
403300,5.810810089111328,1782818177.6360543
403400,6.349700450897217,1782818183.5631979
403500,5.448624134063721,1782818189.4631498
403600,5.153632164001465,1782818195.2860312
403700,3.80391788482666,1782818201.440302
403800,6.028133869171143,1782818207.4479396
403900,4.743109703063965,1782818213.3822753
404000,3.6950883865356445,1782818219.443937
404100,6.148098945617676,1782818225.4878933
404200,5.834334850311279,1782818231.4002018
404300,3.6422388553619385,1782818237.371258
404400,5.3055620193481445,1782818243.1819656
404500,4.935563564300537,1782818249.0237212
404600,3.2945969104766846,1782818254.990817
404700,3.3967857360839844,1782818260.9564126
404800,4.4540605545043945,1782818266.8667133
404900,5.9287872314453125,1782818272.7811112
405000,6.792804718017578,1782818279.0177283
405100,5.159821510314941,1782818285.0790193
405200,4.298644542694092,1782818291.0416389
405300,3.2576851844787598,1782818297.551287
405400,3.9420764446258545,1782818303.597777
405500,3.5260751247406006,1782818309.5276473
405600,4.320008754730225,1782818315.6509523
405700,1.1640853881835938,1782818321.8372881
405800,2.256441116333008,1782818327.8243024
405900,5.062583923339844,1782818333.740811
406000,3.0941710472106934,1782818339.920833
406100,5.099230766296387,1782818345.968865
406200,3.1194205284118652,1782818352.1177428
406300,2.0620951652526855,1782818358.0744555
406400,3.252960205078125,1782818364.3051264
406500,4.294171333312988,1782818370.3815262
406600,4.2620391845703125,1782818376.2196698
406700,3.3029465675354004,1782818382.1413944
406800,3.417588233947754,1782818388.1329935
406900,5.273372650146484,1782818394.2876837
407000,5.801251411437988,1782818400.327004
407100,1.894910454750061,1782818406.7831843
407200,4.165079116821289,1782818413.1827927
407300,6.677680492401123,1782818419.2846482
407400,4.765319347381592,1782818425.4123852
407500,4.526470184326172,1782818431.4166384
407600,5.737931251525879,1782818437.267788
407700,4.689003944396973,1782818443.3276126
407800,3.4279351234436035,1782818449.694087
407900,7.278483867645264,1782818455.7703552
408000,5.0012664794921875,1782818461.9685502
408100,4.501556873321533,1782818468.0698752
408200,3.598524808883667,1782818473.7689848
408300,4.083644866943359,1782818479.759933
408400,3.889491081237793,1782818485.8868773
408500,7.068625450134277,1782818491.7640407
408600,4.921492576599121,1782818497.76018
408700,6.842764377593994,1782818503.7549849
408800,5.272557735443115,1782818509.6332316
408900,4.355175018310547,1782818515.737437
409000,6.679879188537598,1782818521.9264553
409100,0.324582576751709,1782818527.76439
409200,4.604898452758789,1782818533.828904
409300,3.629070281982422,1782818539.8181994
409400,4.341779708862305,1782818545.8618832
409500,5.4507927894592285,1782818552.085324
409600,4.5396504402160645,1782818558.1522121
409700,5.929090976715088,1782818564.0489645
409800,3.9268743991851807,1782818570.1764183
409900,4.9614739418029785,1782818576.1894736
410000,5.921929359436035,1782818582.2810435
410100,3.5210280418395996,1782818588.4026074
410200,6.410503387451172,1782818594.5236933
410300,3.859419822692871,1782818600.567756
410400,5.252017974853516,1782818606.4600015
410500,3.0114405155181885,1782818612.341462
410600,3.7606332302093506,1782818618.453232
410700,2.1010513305664062,1782818624.3809772
410800,2.9289965629577637,1782818630.2021356
410900,5.4842529296875,1782818636.4575915
411000,3.7973246574401855,1782818642.3347857
411100,4.437196731567383,1782818648.165267
411200,1.7571719884872437,1782818654.3021424
411300,6.009154796600342,1782818660.2901094
411400,4.744751930236816,1782818666.679872
411500,4.484380722045898,1782818673.168884
411600,2.0477795600891113,1782818679.5705113
411700,4.109174728393555,1782818685.9109373
411800,2.415921211242676,1782818692.0894403
411900,2.32714581489563,1782818698.3409653
412000,2.489044666290283,1782818704.3742943
412100,3.1967484951019287,1782818710.4052374
412200,3.734192371368408,1782818716.380766
412300,2.518336057662964,1782818722.6153703
412400,4.877840042114258,1782818728.979797
412500,4.4470953941345215,1782818735.2545881
412600,-0.11805905401706696,1782818741.878791
412700,1.735251784324646,1782818748.2718008
412800,1.646386742591858,1782818754.6689744
412900,5.8592681884765625,1782818761.0847368
413000,2.8511197566986084,1782818767.7999773
413100,-0.4934511184692383,1782818774.6071906
413200,3.7053565979003906,1782818781.1367486
413300,3.551791191101074,1782818787.5519722
413400,4.442013263702393,1782818793.9757583
413500,2.272613048553467,1782818800.3720555
413600,2.548443078994751,1782818806.8723454
413700,4.316584587097168,1782818813.2071006
413800,5.009976387023926,1782818819.4781673
413900,4.954311370849609,1782818825.9792552
414000,1.5391223430633545,1782818832.2500968
414100,3.085261106491089,1782818838.802981
414200,4.874872207641602,1782818845.3652375
414300,3.9256415367126465,1782818851.7718794
414400,2.282716751098633,1782818858.3245223
414500,6.130188465118408,1782818864.716771
414600,2.3362503051757812,1782818871.279028
414700,4.4644646644592285,1782818877.947429
414800,5.029468536376953,1782818884.3562095
414900,4.360208034515381,1782818890.846312
415000,4.642874717712402,1782818897.2858372
415100,2.755640745162964,1782818903.7401981
415200,1.907546043395996,1782818910.2871985
415300,4.758717060089111,1782818916.6932032
415400,4.318576335906982,1782818923.0951097
415500,3.612382650375366,1782818929.6590085
415600,2.718134641647339,1782818936.0242136
415700,3.489177942276001,1782818942.366767
415800,2.6614344120025635,1782818948.7192163
415900,2.7915682792663574,1782818955.0530443
416000,3.0733835697174072,1782818961.2398868
416100,2.3250694274902344,1782818967.860665
416200,1.8106931447982788,1782818974.3480048
416300,4.37418270111084,1782818980.7892408
416400,1.3717033863067627,1782818987.381934
416500,2.5996227264404297,1782818993.7266939
416600,3.081563949584961,1782818999.9730535
416700,2.3094348907470703,1782819006.1560962
416800,2.946291208267212,1782819012.0726488
416900,3.525733470916748,1782819018.137263
417000,1.360208511352539,1782819024.3730521
417100,1.1074175834655762,1782819030.7407215
417200,1.6200379133224487,1782819037.168562
417300,0.6561907529830933,1782819043.2265265
417400,1.139704942703247,1782819049.351919
417500,2.787036418914795,1782819055.2206314
417600,4.066539287567139,1782819061.3071215
417700,3.391385555267334,1782819067.385802
417800,0.6869798898696899,1782819073.7087622
417900,0.4658051133155823,1782819079.9688277
418000,0.05047672986984253,1782819086.4544618
418100,3.9166221618652344,1782819092.565374
418200,3.4116363525390625,1782819098.6745389
418300,3.2718231678009033,1782819104.463439
418400,2.348304271697998,1782819110.3821702
418500,3.9960832595825195,1782819116.6552198
418600,-0.1119723916053772,1782819122.5749285
418700,2.893389940261841,1782819128.570284
418800,2.255776882171631,1782819134.8358014
418900,3.418973207473755,1782819140.9396572
419000,3.7880942821502686,1782819146.9320164
419100,2.827585458755493,1782819153.0133607
419200,3.803880214691162,1782819159.1885726
419300,3.815749406814575,1782819165.049564
419400,-0.04515886306762695,1782819170.931919
419500,2.0431745052337646,1782819176.9148126
419600,1.3766148090362549,1782819183.0341587
419700,2.1666364669799805,1782819189.2707396
419800,0.11174458265304565,1782819195.350056
419900,1.5163352489471436,1782819201.193385
420000,0.9732187986373901,1782819207.0636811
420100,1.2664899826049805,1782819212.9350936
420200,0.7803503274917603,1782819218.7890787
420300,4.104593276977539,1782819225.0742412
420400,2.3054206371307373,1782819231.0930042
420500,5.564224720001221,1782819237.4643931
420600,4.103750228881836,1782819243.6280587
420700,3.804091453552246,1782819249.711958
420800,1.981637716293335,1782819255.689332
420900,3.0691049098968506,1782819261.796938
421000,1.1871716976165771,1782819267.8918984
421100,0.8017882108688354,1782819274.0984292
421200,1.4019502401351929,1782819280.1401892
421300,1.580993413925171,1782819286.041664
421400,-0.7896535396575928,1782819291.9851184
421500,1.9783241748809814,1782819298.1323812
421600,1.0245885848999023,1782819304.1238637
421700,-0.08887380361557007,1782819310.2513082
421800,3.2020180225372314,1782819316.6956532
421900,3.06754732131958,1782819322.7676587
422000,1.5084789991378784,1782819328.9334166
422100,1.7470757961273193,1782819335.0046647
422200,3.68243670463562,1782819340.9193525
422300,2.4083216190338135,1782819347.0519717
422400,-0.031229227781295776,1782819353.3120513
422500,0.31526893377304077,1782819359.3311794
422600,1.2804243564605713,1782819365.2601426
422700,2.674156904220581,1782819371.3248613
422800,4.379169464111328,1782819377.4451797
422900,3.058495044708252,1782819383.422767
423000,0.6289823055267334,1782819389.5658715
423100,4.270165920257568,1782819395.5698512
423200,2.7784106731414795,1782819401.6074617
423300,3.204517364501953,1782819407.4516172
423400,-0.2879234552383423,1782819413.5042963
423500,1.9089694023132324,1782819419.5191603
423600,0.781654953956604,1782819425.3169749
423700,1.6817090511322021,1782819431.0687213
423800,2.411329746246338,1782819437.1946063
423900,4.235954761505127,1782819443.1154912
424000,2.8932290077209473,1782819449.2299416
424100,2.85860013961792,1782819455.2996013
424200,3.3180060386657715,1782819461.4155998
424300,2.366896629333496,1782819467.6124134
424400,4.969099521636963,1782819473.8317635
424500,5.139218807220459,1782819479.7635355
424600,3.0179903507232666,1782819485.7080448
424700,2.854912757873535,1782819491.8471546
424800,3.3754777908325195,1782819497.814723
424900,1.6313639879226685,1782819503.8791795
425000,1.944952368736267,1782819509.8236084
425100,0.9193188548088074,1782819696.8032472
425200,0.8775779008865356,1782819702.8069134
425300,3.763104200363159,1782819708.5805974
425400,0.937471330165863,1782819714.339047
425500,1.3584133386611938,1782819720.2512312
425600,1.8133000135421753,1782819726.051074
425700,3.6242122650146484,1782819732.187052
425800,-0.4187650680541992,1782819738.1551125
425900,2.107475757598877,1782819744.086742
426000,2.8564321994781494,1782819750.0997996
426100,3.882822275161743,1782819756.0020492
426200,0.2550462484359741,1782819762.1733067
426300,3.2216262817382812,1782819768.034677
426400,0.9685261845588684,1782819774.1448708
426500,3.2978572845458984,1782819780.1524405
426600,2.815585136413574,1782819786.06176
426700,2.3536243438720703,1782819792.1957781
426800,0.4344027638435364,1782819798.1207795
426900,2.3850808143615723,1782819804.1891174
427000,1.63418447971344,1782819810.2939548
427100,0.3532800078392029,1782819816.1731696
427200,0.6331072449684143,1782819822.0347826
427300,1.367936372756958,1782819828.2046835
427400,3.656862258911133,1782819834.3030274
427500,4.360142707824707,1782819840.5055616
427600,0.28921380639076233,1782819846.5502412
427700,2.0459330081939697,1782819852.4779196
427800,3.095182418823242,1782819858.432139
427900,2.1612424850463867,1782819864.488774
428000,2.100980758666992,1782819870.282996
428100,0.42790573835372925,1782819876.1211226
428200,-1.2589777708053589,1782819882.216105
428300,-0.6010180711746216,1782819888.0013728
428400,-1.719710111618042,1782819893.908141
428500,1.4612700939178467,1782819899.929436
428600,2.5969600677490234,1782819905.74913
428700,1.4810678958892822,1782819911.5166407
428800,0.811658501625061,1782819917.575273
428900,-1.2013968229293823,1782819923.6852462
429000,1.1998275518417358,1782819929.6031566
429100,0.5281492471694946,1782819935.6217375
429200,3.471855640411377,1782819941.7653606
429300,3.26947021484375,1782819947.6028545
429400,1.839627981185913,1782819953.3635268
429500,1.860979437828064,1782819959.3869567
429600,1.7488183975219727,1782819965.2205868
429700,2.4133145809173584,1782819971.138484
429800,-0.10551261901855469,1782819977.3383183
429900,0.33633944392204285,1782819983.1751056
430000,2.337709903717041,1782819989.1564043
430100,3.3479714393615723,1782819995.330797
430200,2.3619556427001953,1782820001.478877
430300,1.6701569557189941,1782820007.5397048
430400,1.7451210021972656,1782820013.407072
430500,0.39846599102020264,1782820019.4914849
430600,2.233182907104492,1782820025.5143898
430700,3.5743865966796875,1782820031.5870783
430800,1.0737690925598145,1782820037.4539602
430900,2.786179780960083,1782820043.3102844
431000,-0.4634188115596771,1782820049.430292
431100,2.037813901901245,1782820055.6218777
431200,0.6980929970741272,1782820061.652309
431300,3.286773920059204,1782820067.5635886
431400,3.5945863723754883,1782820073.5162022
431500,0.5496823191642761,1782820079.5359738
431600,3.124850273132324,1782820085.917826
431700,-0.2935183048248291,1782820091.958068
431800,2.5286905765533447,1782820097.9040413
431900,1.8866469860076904,1782820103.8962827
432000,2.0108776092529297,1782820110.0475204
432100,-0.06321179866790771,1782820116.0292623
432200,4.363798141479492,1782820122.1050746
432300,2.698371171951294,1782820128.1471996
432400,-0.2946913540363312,1782820134.1505098
432500,-0.32460933923721313,1782820140.273966
432600,0.541007399559021,1782820146.462006
432700,2.493497371673584,1782820152.5170238
432800,-0.6647416353225708,1782820158.4659429
432900,-1.8209328651428223,1782820164.4244213
433000,-0.5954940915107727,1782820170.4060404
433100,1.807511806488037,1782820176.664335
433200,0.9281685948371887,1782820182.5965724
433300,0.9375584125518799,1782820188.5432396
433400,2.782452344894409,1782820194.5489137
433500,2.10536527633667,1782820200.7816973
433600,3.365780830383301,1782820206.8712423
433700,0.19890272617340088,1782820213.1856256
433800,2.967352867126465,1782820219.254382
433900,1.6157541275024414,1782820225.0593176
434000,-0.9835052490234375,1782820231.2695806
434100,0.3783963620662689,1782820237.3204517
434200,2.0550708770751953,1782820243.3036232
434300,0.8689836859703064,1782820249.4708605
434400,1.2929250001907349,1782820255.5122874
434500,2.331747531890869,1782820261.3726034
434600,0.2641373872756958,1782820267.2522118
434700,3.5002031326293945,1782820273.4987817
434800,4.01032018661499,1782820279.6022556
434900,0.45099103450775146,1782820285.5812948
435000,3.903158664703369,1782820291.7005208
435100,4.742889881134033,1782820297.7882133
435200,5.205224990844727,1782820303.8802967
435300,3.1716232299804688,1782820310.11307
435400,2.178713321685791,1782820316.267902
435500,4.391698837280273,1782820322.4382825
435600,4.514782905578613,1782820328.7031016
435700,2.8130321502685547,1782820334.8546622
435800,4.273584365844727,1782820340.9170916
435900,0.08713668584823608,1782820346.9006531
436000,-0.20490849018096924,1782820352.7824693
436100,2.336958885192871,1782820358.7152636
436200,1.6207287311553955,1782820364.8400648
436300,2.929293632507324,1782820370.8931901
436400,2.6702065467834473,1782820376.9570293
436500,1.8088866472244263,1782820382.9575183
436600,2.741290807723999,1782820389.188577
436700,1.6445386409759521,1782820395.0816398
436800,2.2847206592559814,1782820401.0592215
436900,1.3090922832489014,1782820407.23928
437000,4.382434368133545,1782820413.4320607
437100,0.2464083731174469,1782820419.5641434
437200,0.013439878821372986,1782820425.606964
437300,0.7827112078666687,1782820431.568018
437400,0.9155906438827515,1782820437.8391821
437500,2.2191662788391113,1782820443.9847448
437600,0.813248872756958,1782820450.1558223
437700,1.958100438117981,1782820456.0733864
437800,3.9376769065856934,1782820461.9564967
437900,4.049955368041992,1782820468.0095294
438000,0.9438879489898682,1782820474.0005808
438100,3.5278172492980957,1782820479.940133
438200,4.532890796661377,1782820485.903011
438300,3.909450054168701,1782820491.6572595
438400,3.3686957359313965,1782820497.4491594
438500,3.709071159362793,1782820503.3714824
438600,2.042328119277954,1782820509.3732364
438700,4.74622917175293,1782820515.483778
438800,2.0461111068725586,1782820521.3076632
438900,2.682279109954834,1782820527.2254205
439000,3.5487008094787598,1782820533.2047467
439100,-0.45661461353302,1782820539.2008781
439200,3.3896844387054443,1782820545.3247855
439300,4.0990071296691895,1782820551.1495655
439400,2.2994563579559326,1782820557.1989105
439500,4.016257286071777,1782820563.0016732
439600,5.993262767791748,1782820568.7924757
439700,3.359750747680664,1782820574.9893334
439800,5.213091850280762,1782820581.0128558
439900,3.3642513751983643,1782820586.9547014
440000,3.167008876800537,1782820592.883666
440100,3.68546724319458,1782820598.7546628
440200,2.2435898780822754,1782820604.606473
440300,1.2331938743591309,1782820610.6223826
440400,1.6490426063537598,1782820616.5930395
440500,0.3287832736968994,1782820622.6702826
440600,3.2014334201812744,1782820628.5122423
440700,3.4761857986450195,1782820634.267411
440800,0.9373253583908081,1782820640.1706073
440900,2.02048659324646,1782820646.0983741
441000,4.066780090332031,1782820652.2085814
441100,5.637406349182129,1782820658.1769812
441200,2.6813549995422363,1782820664.0367982
441300,6.987240791320801,1782820669.877369
441400,4.792879581451416,1782820675.6063502
441500,0.7563589215278625,1782820681.4496787
441600,3.221085548400879,1782820687.5109634
441700,2.181365489959717,1782820693.548485
441800,0.2105446457862854,1782820699.5038617
441900,-0.0031958818435668945,1782820705.553117
442000,1.143049716949463,1782820711.5678
442100,2.3765218257904053,1782820717.482574
442200,3.968510150909424,1782820723.4410915
442300,5.213463306427002,1782820729.3866656
442400,2.3281240463256836,1782820735.1499202
442500,2.1576476097106934,1782820740.8704734
442600,3.0809733867645264,1782820746.7264154
442700,2.8685970306396484,1782820752.4918828
442800,4.667974948883057,1782820758.2845833
442900,2.6396842002868652,1782820764.2492008
443000,-0.6257599592208862,1782820770.1798072
443100,3.648723840713501,1782820776.3272593
443200,0.5412652492523193,1782820782.219378
443300,2.642498016357422,1782820788.2434957
443400,2.503042697906494,1782820794.1692364
443500,3.95255184173584,1782820800.0570755
443600,2.0577268600463867,1782820806.0087924
443700,2.1938118934631348,1782820812.1086428
443800,3.1317338943481445,1782820817.7740278
443900,1.596633791923523,1782820823.7938921
444000,1.295359492301941,1782820829.7022321
444100,2.2921714782714844,1782820835.4482172
444200,0.7085590362548828,1782820841.2975512
444300,3.318547248840332,1782820847.366086
444400,1.1413631439208984,1782820853.2861774
444500,1.8255913257598877,1782820859.145749
444600,-0.06426995992660522,1782820865.1544583
444700,3.7209174633026123,1782820871.2973173
444800,3.342710494995117,1782820877.164705
444900,1.859999179840088,1782820883.0170565
445000,2.104339599609375,1782820889.2008274
445100,3.6078977584838867,1782820895.298968
445200,4.641397953033447,1782820901.2250273
445300,2.6409382820129395,1782820907.24269
445400,2.222498655319214,1782820913.3861837
445500,1.8581697940826416,1782820919.3336015
445600,1.5241479873657227,1782820925.4223487
445700,2.478565216064453,1782820931.20871
445800,4.969185829162598,1782820937.275311
445900,2.1171302795410156,1782820943.2439919
446000,2.6161041259765625,1782820949.3866756
446100,2.2953362464904785,1782820955.334416
446200,1.245323657989502,1782820961.5090783
446300,1.4742006063461304,1782820967.4412787
446400,1.1633270978927612,1782820973.5372663
446500,3.1321117877960205,1782820979.6230896
446600,3.508197069168091,1782820985.634281
446700,-0.5476573705673218,1782820991.8904023
446800,1.2430644035339355,1782820997.8036082
446900,3.3324220180511475,1782821003.8540356
447000,3.9129538536071777,1782821009.706173
447100,3.548569679260254,1782821015.7737987
447200,-0.43726134300231934,1782821021.7443109
447300,4.510213851928711,1782821027.8062675
447400,3.485464334487915,1782821034.0292997
447500,2.16003155708313,1782821040.0078073
447600,1.9470027685165405,1782821045.967146
447700,0.7504806518554688,1782821051.983111
447800,4.395886421203613,1782821057.9938962
447900,1.0651271343231201,1782821064.0484245
448000,3.2072744369506836,1782821069.89851
448100,2.125141143798828,1782821076.1177256
448200,1.491419792175293,1782821082.2378561
448300,3.574385166168213,1782821088.3111405
448400,4.685774803161621,1782821094.547048
448500,4.881723403930664,1782821100.7796314
448600,1.132478952407837,1782821106.8564308
448700,3.442091464996338,1782821113.0748034
448800,4.215108871459961,1782821119.002104
448900,5.241274356842041,1782821125.1691453
449000,2.2201972007751465,1782821131.297696
449100,1.6324269771575928,1782821137.0924718
449200,4.140826225280762,1782821142.878392
449300,0.18152499198913574,1782821148.622171
449400,0.6366952657699585,1782821154.4263883
449500,3.705268383026123,1782821160.3988757
449600,3.0745182037353516,1782821166.3366046
449700,2.444908380508423,1782821172.2376916
449800,2.2638673782348633,1782821178.2708135
449900,2.862433433532715,1782821184.2685878
450000,2.9785776138305664,1782821190.3085027
450100,4.342136859893799,1782821323.6295865
450200,2.8896520137786865,1782821329.6969934
450300,4.599974155426025,1782821335.6840963
450400,2.457876682281494,1782821341.7225008
450500,0.554768979549408,1782821347.7468073
450600,2.238248586654663,1782821353.5637946
450700,4.063379764556885,1782821359.4684315
450800,4.1534552574157715,1782821365.2172613
450900,3.3562843799591064,1782821371.15693
451000,4.873915195465088,1782821377.4144387
451100,1.0080457925796509,1782821383.5329306
451200,3.353332996368408,1782821389.6142178
451300,3.543212890625,1782821395.6198454
451400,2.639049768447876,1782821401.5690496
451500,3.9669995307922363,1782821407.452423
451600,2.152101516723633,1782821413.6930125
451700,2.7744083404541016,1782821419.4663255
451800,3.349513053894043,1782821425.3713248
451900,2.7359495162963867,1782821431.4849477
452000,3.3053154945373535,1782821437.2862017
452100,0.8748867511749268,1782821443.0417376
452200,5.669167518615723,1782821448.9314697
452300,3.5612847805023193,1782821454.6733751
452400,2.838207244873047,1782821460.3509405
452500,2.5304815769195557,1782821466.2995698
452600,3.050450325012207,1782821471.9926467
452700,3.6020445823669434,1782821477.8345492
452800,7.0984930992126465,1782821483.9255626
452900,3.424635887145996,1782821489.8527274
453000,3.019958972930908,1782821495.7574413
453100,3.4155287742614746,1782821501.7332065
453200,4.574129104614258,1782821507.8652399
453300,3.5934932231903076,1782821513.9554532
453400,2.396770715713501,1782821519.943111
453500,5.140223026275635,1782821525.7219732
453600,5.606116771697998,1782821531.9496958
453700,3.8582231998443604,1782821537.8952322
453800,5.1943559646606445,1782821543.9175603
453900,2.368738889694214,1782821549.645172
454000,5.402553558349609,1782821555.7780309
454100,7.02369499206543,1782821561.8504133
454200,3.887819290161133,1782821568.02525
454300,5.565983772277832,1782821574.0697007
454400,6.361435890197754,1782821580.249201
454500,4.320346355438232,1782821586.2367914
454600,4.77874231338501,1782821592.2415116
454700,3.0655221939086914,1782821598.3729913
454800,5.376660346984863,1782821604.404889
454900,7.391699314117432,1782821610.3981717
455000,5.301568984985352,1782821616.4975114
455100,5.676721572875977,1782821622.4673526
455200,5.742367744445801,1782821628.6980472
455300,4.566344738006592,1782821634.840722
455400,5.960937023162842,1782821640.990563
455500,-0.21358945965766907,1782821647.2104948
455600,3.804157018661499,1782821653.2386703
455700,2.018554210662842,1782821659.3577104
455800,5.90994119644165,1782821665.3050113
455900,4.755243301391602,1782821671.3599126
456000,1.935282588005066,1782821677.3395238
456100,3.6367602348327637,1782821683.4476159
456200,1.6946219205856323,1782821689.3489802
456300,4.526510715484619,1782821695.271321
456400,3.037220001220703,1782821700.9672205
456500,2.9402146339416504,1782821706.9702926
456600,2.188500165939331,1782821712.8549776
456700,2.4930403232574463,1782821718.8026216
456800,1.2186057567596436,1782821724.8249125
456900,3.928250789642334,1782821730.9439807
457000,5.922610282897949,1782821736.8747976
457100,5.500425338745117,1782821742.9419756
457200,3.1957802772521973,1782821748.955065
457300,3.8544909954071045,1782821755.0862827
457400,3.865734577178955,1782821760.815602
457500,4.224427700042725,1782821766.7128766
457600,4.99678373336792,1782821772.6022723
457700,3.448509931564331,1782821778.5748289
457800,3.8990583419799805,1782821784.2593584
457900,5.310049533843994,1782821790.033999
458000,-0.47080230712890625,1782821796.066219
458100,2.90468692779541,1782821801.9189308
458200,3.6738967895507812,1782821807.6927447
458300,5.013607978820801,1782821813.5349867
458400,6.3659772872924805,1782821819.5485685
458500,3.1286368370056152,1782821825.6210668
458600,6.534453392028809,1782821831.747392
458700,6.144618988037109,1782821837.6494231
458800,3.4705090522766113,1782821843.604018
458900,6.066061496734619,1782821849.4981
459000,3.002251148223877,1782821855.73419
459100,2.3100688457489014,1782821861.9422915
459200,3.717430591583252,1782821867.8754075
459300,3.687180757522583,1782821874.0068712
459400,3.9441709518432617,1782821880.0124536
459500,6.879836082458496,1782821885.749391
459600,4.690113067626953,1782821891.441262
459700,3.217421531677246,1782821897.5627546
459800,3.793184757232666,1782821903.3015811
459900,5.104921340942383,1782821909.1038125
460000,5.958914756774902,1782821915.096231
460100,5.1945719718933105,1782821920.7405646
460200,4.767178535461426,1782821926.7038407
460300,5.167737007141113,1782821932.5377996
460400,4.864302635192871,1782821938.4139419
460500,4.585607528686523,1782821944.3909116
460600,3.1710712909698486,1782821950.4522636
460700,3.4350552558898926,1782821956.2180715
460800,3.833857297897339,1782821962.3021474
460900,5.237706184387207,1782821968.2077098
461000,6.101762771606445,1782821974.268621
461100,5.825586318969727,1782821980.4497387
461200,6.368358612060547,1782821986.3005123
461300,2.7663683891296387,1782821992.27271
461400,3.5033507347106934,1782821998.2564275
461500,4.190547943115234,1782822004.2533026
461600,3.3335182666778564,1782822010.0871303
461700,2.99509596824646,1782822016.101925
461800,3.471165180206299,1782822021.9787693
461900,2.767652750015259,1782822027.9936123
462000,3.894650936126709,1782822033.9719634
462100,4.0546112060546875,1782822040.0498145
462200,4.9964704513549805,1782822045.8069682
462300,3.8177294731140137,1782822051.6011631
462400,4.240532875061035,1782822057.7060165
462500,5.008782386779785,1782822063.8476412
462600,4.397685527801514,1782822069.9797027
462700,5.68280029296875,1782822075.9551284
462800,4.7479658126831055,1782822082.0807848
462900,5.058898448944092,1782822087.956567
463000,5.631682395935059,1782822094.0204213
463100,4.214455604553223,1782822099.9340634
463200,4.37760591506958,1782822105.9710429
463300,5.301950931549072,1782822112.101866
463400,5.567485809326172,1782822117.971122
463500,1.7165828943252563,1782822123.7474878
463600,2.714254856109619,1782822129.6062138
463700,5.967683792114258,1782822135.4930503
463800,3.954379081726074,1782822141.3291583
463900,2.309735059738159,1782822147.2696083
464000,3.452859401702881,1782822153.29178
464100,5.320366859436035,1782822159.267679
464200,1.950883150100708,1782822165.2652173
464300,6.019501209259033,1782822171.098526
464400,2.3969900608062744,1782822177.0951211
464500,2.38249135017395,1782822183.2472892
464600,2.450179100036621,1782822189.3263993
464700,1.3267947435379028,1782822195.3347428
464800,1.8510819673538208,1782822201.5022812
464900,2.3740789890289307,1782822207.4184515
465000,3.665658950805664,1782822213.6425128
465100,3.5436105728149414,1782822219.5471747
465200,3.5608015060424805,1782822225.3296242
465300,4.197103977203369,1782822231.0639005
465400,3.6792678833007812,1782822237.1499362
465500,5.791732311248779,1782822243.2282736
465600,6.1805806159973145,1782822249.2041886
465700,3.4437177181243896,1782822255.1788034
465800,4.271642684936523,1782822261.155044
465900,2.9337687492370605,1782822267.164643
466000,6.6475982666015625,1782822273.2652302
466100,6.893597602844238,1782822279.4461746
466200,2.383770704269409,1782822285.4850204
466300,3.601612091064453,1782822291.4475527
466400,3.5677177906036377,1782822297.2674012
466500,5.367648124694824,1782822303.0419905
466600,3.8344244956970215,1782822308.8042724
466700,4.954288482666016,1782822314.6808197
466800,3.3481216430664062,1782822320.72554
466900,2.8394317626953125,1782822326.687353
467000,2.5306332111358643,1782822332.8272955
467100,1.5979838371276855,1782822338.7167442
467200,3.411546230316162,1782822344.6997743
467300,3.1356167793273926,1782822350.5414886
467400,3.0327022075653076,1782822356.4525375
467500,3.2168169021606445,1782822362.316447
467600,4.185076713562012,1782822368.271251
467700,3.8868660926818848,1782822374.3217623
467800,4.0623273849487305,1782822380.2169192
467900,1.8205163478851318,1782822386.0833533
468000,2.06693959236145,1782822392.1877391
468100,1.801095724105835,1782822398.1975367
468200,0.48769253492355347,1782822404.2582786
468300,1.2394689321517944,1782822410.3215547
468400,3.1421661376953125,1782822416.220927
468500,2.7639498710632324,1782822421.9377444
468600,2.2251009941101074,1782822428.0677295
468700,2.5530104637145996,1782822434.0203047
468800,0.7598410844802856,1782822439.877777
468900,2.7180442810058594,1782822445.7627847
469000,2.672290086746216,1782822451.6425874
469100,1.7981936931610107,1782822457.6060407
469200,3.0524659156799316,1782822463.7256293
469300,4.625495910644531,1782822469.7864761
469400,1.4222571849822998,1782822475.6223667
469500,1.9518985748291016,1782822481.6065958
469600,0.8324190974235535,1782822487.5770633
469700,3.965081214904785,1782822493.8064249
469800,2.8710336685180664,1782822499.8642404
469900,1.5329937934875488,1782822506.0016162
470000,3.406991958618164,1782822511.9262457
470100,3.4075746536254883,1782822518.231533
470200,2.2763655185699463,1782822524.2211099
470300,0.30120551586151123,1782822530.2596428
470400,3.1276166439056396,1782822536.3602912
470500,1.030808687210083,1782822542.33962
470600,1.3521995544433594,1782822548.4145193
470700,1.2698131799697876,1782822554.5793433
470800,4.671065330505371,1782822560.6603653
470900,1.9890143871307373,1782822566.6540499
471000,3.6193344593048096,1782822572.8308253
471100,2.155137062072754,1782822578.8647962
471200,2.018247365951538,1782822584.8266976
471300,3.4461331367492676,1782822591.1264906
471400,2.0824222564697266,1782822597.3798366
471500,1.91811203956604,1782822603.316632
471600,0.8641586303710938,1782822609.1732066
471700,1.622468113899231,1782822615.6192622
471800,2.147157669067383,1782822621.4900253
471900,3.810762643814087,1782822627.2681196
472000,0.7850351333618164,1782822633.7016013
472100,1.78609037399292,1782822639.788217
472200,2.536935806274414,1782822645.754214
472300,2.57488751411438,1782822652.0208125
472400,2.506321430206299,1782822658.2400584
472500,4.148300647735596,1782822664.103629
472600,1.4981200695037842,1782822670.0846019
472700,3.487610101699829,1782822676.1244314
472800,2.9573330879211426,1782822682.030803
472900,4.830609321594238,1782822687.9714384
473000,3.6865196228027344,1782822694.057815
473100,2.0699119567871094,1782822700.0388288
473200,1.59824800491333,1782822706.1360426
473300,1.7832579612731934,1782822712.3534803
473400,4.554344654083252,1782822718.4280145
473500,3.522846221923828,1782822724.4388342
473600,2.161180257797241,1782822730.488153
473700,2.027024507522583,1782822736.3661582
473800,0.8122830390930176,1782822742.4372482
473900,2.314495801925659,1782822748.6880486
474000,6.713745594024658,1782822754.893587
474100,3.6339449882507324,1782822760.9355288
474200,3.523343324661255,1782822766.9730372
474300,3.5303947925567627,1782822773.131637
474400,3.41473388671875,1782822779.0414922
474500,1.8361390829086304,1782822784.987593
474600,3.9915385246276855,1782822790.8815758
474700,5.886090278625488,1782822796.8264158
474800,2.8863296508789062,1782822802.9735284
474900,2.0583300590515137,1782822808.925001
475000,2.536656141281128,1782822814.9976368
475100,3.3239259719848633,1782822957.8407145
475200,2.116220235824585,1782822963.614618
475300,0.5897867679595947,1782822969.3986907
475400,4.978221893310547,1782822975.3472128
475500,3.1764869689941406,1782822981.1123772
475600,2.29123592376709,1782822987.3556333
475700,3.3999745845794678,1782822993.5327778
475800,2.684359550476074,1782822999.4950173
475900,3.2572853565216064,1782823005.5368657
476000,4.2518086433410645,1782823011.682876
476100,6.26760196685791,1782823017.7811255
476200,0.21400761604309082,1782823023.740574
476300,2.49686861038208,1782823029.9151216
476400,6.004092216491699,1782823036.0730655
476500,0.029304027557373047,1782823042.097254
476600,1.9023244380950928,1782823048.0635204
476700,1.5199161767959595,1782823054.206212
476800,2.977691650390625,1782823060.284828
476900,2.360069513320923,1782823066.2026162
477000,3.079923629760742,1782823072.161151
477100,3.248734951019287,1782823078.0423536
477200,1.2422617673873901,1782823083.9065008
477300,2.950920581817627,1782823089.9837747
477400,1.8332289457321167,1782823095.805549
477500,1.7894341945648193,1782823102.12855
477600,1.3175652027130127,1782823108.0423684
477700,-1.0414838790893555,1782823114.110791
477800,3.409449338912964,1782823119.9380295
477900,1.303857445716858,1782823125.8622127
478000,2.7261948585510254,1782823131.9680376
478100,3.013770580291748,1782823137.8738112
478200,3.8865795135498047,1782823143.674755
478300,2.3591818809509277,1782823149.916182
478400,1.5238914489746094,1782823156.129318
478500,3.090092182159424,1782823162.1827211
478600,3.67258358001709,1782823168.1704826
478700,4.4967732429504395,1782823174.275631
478800,3.8062782287597656,1782823180.3699744
478900,2.9031922817230225,1782823186.6184487
479000,5.163779258728027,1782823192.6150432
479100,4.430792331695557,1782823198.5534487
479200,3.6244046688079834,1782823204.61917
479300,4.851681709289551,1782823210.3983877
479400,2.8474230766296387,1782823216.4617643
479500,5.000159740447998,1782823222.3848593
479600,5.130344390869141,1782823228.5093467
479700,1.354292392730713,1782823234.3670096
479800,1.1317558288574219,1782823240.2602296
479900,3.9398951530456543,1782823246.4397619
480000,0.5743792057037354,1782823252.5556817
480100,3.8787453174591064,1782823258.5606658
480200,5.586371421813965,1782823264.8011107
480300,3.601989269256592,1782823270.9029913
480400,2.8220324516296387,1782823276.842379
480500,3.713033676147461,1782823282.7053714
480600,4.585169792175293,1782823288.5052145
480700,3.4197750091552734,1782823294.4135935
480800,3.7398462295532227,1782823300.4062512
480900,2.9790854454040527,1782823306.5890305
481000,3.664245128631592,1782823312.7619107
481100,2.884126901626587,1782823318.8809857
481200,2.2908453941345215,1782823324.8001118
481300,5.316632270812988,1782823330.8215644
481400,3.039595127105713,1782823336.7930605
481500,3.0856943130493164,1782823343.066644
481600,2.0365123748779297,1782823348.9539297
481700,3.0516395568847656,1782823355.2339563
481800,2.2722740173339844,1782823361.2687092
481900,1.6381253004074097,1782823367.4634128
482000,0.04830276966094971,1782823373.617197
482100,-1.2166944742202759,1782823379.5489159
482200,2.602996826171875,1782823385.71957
482300,2.1655831336975098,1782823391.5157712
482400,2.6536483764648438,1782823397.379561
482500,1.7687206268310547,1782823403.4699697
482600,3.759817361831665,1782823409.3457031
482700,2.2738213539123535,1782823415.2276876
482800,1.96254563331604,1782823421.1435552
482900,5.210648059844971,1782823427.217775
483000,3.9559457302093506,1782823433.2170799
483100,3.640625,1782823439.2320333
483200,5.990190505981445,1782823445.3705068
483300,3.8612804412841797,1782823451.6821487
483400,6.192895412445068,1782823457.573694
483500,3.3824429512023926,1782823463.8054261
483600,2.5259461402893066,1782823469.8509076
483700,0.9329879283905029,1782823475.8643706
483800,2.4472575187683105,1782823481.8747277
483900,4.2745466232299805,1782823488.1254416
484000,4.127518653869629,1782823494.1444442
484100,2.6799449920654297,1782823500.1831698
484200,2.7858951091766357,1782823506.4746926
484300,3.494319438934326,1782823512.6112564
484400,2.242300033569336,1782823518.5192754
484500,1.9085631370544434,1782823524.668935
484600,5.953549385070801,1782823530.8818197
484700,5.775659561157227,1782823536.8993142
484800,2.7760839462280273,1782823543.0411596
484900,2.7110164165496826,1782823549.0089386
485000,1.2964540719985962,1782823555.0158014
485100,3.404315233230591,1782823561.0623872
485200,4.062439918518066,1782823567.1529775
485300,4.672974109649658,1782823573.2356534
485400,2.188474416732788,1782823579.2258198
485500,4.866888523101807,1782823585.1789353
485600,3.647796154022217,1782823591.1091285
485700,4.007174968719482,1782823597.1842191
485800,2.6209535598754883,1782823603.304139
485900,2.6656737327575684,1782823609.1142278
486000,3.6193785667419434,1782823615.0797722
486100,3.5762064456939697,1782823621.284097
486200,4.651589870452881,1782823627.4622808
486300,-0.4842461943626404,1782823633.5988247
486400,3.4700655937194824,1782823639.538584
486500,1.9815219640731812,1782823645.4260254
486600,3.85372257232666,1782823651.2338653
486700,1.7003002166748047,1782823657.3707285
486800,4.7199602127075195,1782823663.3271465
486900,3.009936571121216,1782823669.1926703
487000,3.0377016067504883,1782823675.517494
487100,3.1061205863952637,1782823681.6212506
487200,2.3283815383911133,1782823687.5756342
487300,3.1791086196899414,1782823693.678976
487400,3.6416659355163574,1782823699.5334733
487500,2.494793176651001,1782823705.427006
487600,3.287639856338501,1782823711.2890427
487700,-0.060461461544036865,1782823717.1235738
487800,3.6035585403442383,1782823723.1880083
487900,1.9879424571990967,1782823729.233903
488000,2.5402495861053467,1782823735.275655
488100,4.69081974029541,1782823741.34134
488200,-0.0012671351432800293,1782823747.2385361
488300,2.573805332183838,1782823753.2823346
488400,4.642287254333496,1782823759.2859313
488500,2.2216219902038574,1782823765.3077798
488600,3.763644218444824,1782823771.3712335
488700,3.22965407371521,1782823777.5528476
488800,2.89176607131958,1782823783.7984126
488900,3.930669069290161,1782823789.6973379
489000,2.382643461227417,1782823795.937256
489100,2.1459479331970215,1782823801.9400434
489200,2.9204936027526855,1782823807.9039943
489300,3.1567623615264893,1782823814.1895158
489400,3.44569730758667,1782823820.1182876
489500,2.218305826187134,1782823826.421896
489600,4.125401496887207,1782823832.4424887
489700,2.801612615585327,1782823838.3920243
489800,1.7857723236083984,1782823844.3869271
489900,2.669353723526001,1782823850.5480316
490000,1.3430004119873047,1782823856.5061505
490100,1.1892147064208984,1782823862.6143644
490200,3.2867207527160645,1782823868.534021
490300,2.4264814853668213,1782823874.5349193
490400,4.019814968109131,1782823880.520932
490500,3.1724677085876465,1782823886.4755406
490600,4.517465591430664,1782823892.5040479
490700,3.1590285301208496,1782823898.6487944
490800,3.0294535160064697,1782823904.8405576
490900,2.1680009365081787,1782823910.8665
491000,6.485684871673584,1782823917.1284096
491100,4.219391345977783,1782823922.953828
491200,4.02889347076416,1782823928.9319024
491300,1.933406114578247,1782823934.7449994
491400,5.178168296813965,1782823940.5823898
491500,3.149505853652954,1782823946.7413795
491600,2.9061341285705566,1782823952.7648818
491700,2.095834732055664,1782823958.6884973
491800,5.010400772094727,1782823964.6955743
491900,1.22510826587677,1782823970.6677637
492000,5.563686847686768,1782823976.6339605
492100,2.419495105743408,1782823982.8179479
492200,3.0768518447875977,1782823989.0563385
492300,3.8464155197143555,1782823995.0108154
492400,2.5810489654541016,1782824001.1152604
492500,6.503262996673584,1782824007.082662
492600,3.4653098583221436,1782824013.0730135
492700,5.120635509490967,1782824019.0973735
492800,4.62947416305542,1782824024.9900143
492900,4.097247123718262,1782824031.2223642
493000,3.799160957336426,1782824037.2733252
493100,6.423047065734863,1782824043.3381908
493200,4.36756706237793,1782824049.2395642
493300,4.761104106903076,1782824055.12576
493400,3.714569568634033,1782824060.9740188
493500,3.0454652309417725,1782824066.8823247
493600,4.701361656188965,1782824072.9043992
493700,2.2822601795196533,1782824079.0214157
493800,4.523299694061279,1782824085.0254936
493900,4.1729326248168945,1782824091.072154
494000,2.7737343311309814,1782824097.0025942
494100,0.965196967124939,1782824103.175642
494200,3.5191075801849365,1782824109.088703
494300,4.087268829345703,1782824115.2443593
494400,4.8393707275390625,1782824121.497851
494500,4.9785566329956055,1782824127.582988
494600,6.621930122375488,1782824133.6974745
494700,4.029408931732178,1782824140.01828
494800,2.353053569793701,1782824146.149666
494900,5.615438461303711,1782824152.410106
495000,6.876673221588135,1782824158.470088
495100,2.7903246879577637,1782824164.5638638
495200,2.7949419021606445,1782824170.791371
495300,1.0557186603546143,1782824176.9047291
495400,2.6236579418182373,1782824182.8453345
495500,3.5655059814453125,1782824189.049247
495600,3.9733681678771973,1782824195.0171947
495700,5.660185813903809,1782824200.8922787
495800,3.284780502319336,1782824206.7410488
495900,4.4014058113098145,1782824212.9364746
496000,1.8536473512649536,1782824219.0049026
496100,5.839117050170898,1782824225.1053421
496200,4.218458652496338,1782824231.1078084
496300,5.200675964355469,1782824237.4187586
496400,3.1016459465026855,1782824243.4412854
496500,3.8859052658081055,1782824249.5604873
496600,6.3969926834106445,1782824255.4729848
496700,5.709078788757324,1782824261.3078167
496800,4.799931526184082,1782824267.2830236
496900,0.6427749991416931,1782824273.0890412
497000,4.115281581878662,1782824279.0375395
497100,5.512720108032227,1782824285.1441848
497200,4.779686450958252,1782824291.278892
497300,7.252664566040039,1782824297.4926689
497400,4.364323616027832,1782824303.447026
497500,6.074235916137695,1782824309.5961683
497600,3.008730411529541,1782824315.5357862
497700,3.9978506565093994,1782824321.640489
497800,4.410342216491699,1782824327.891908
497900,4.315408706665039,1782824334.100951
498000,4.456562042236328,1782824340.0206885
498100,4.415302276611328,1782824346.0826352
498200,2.1422135829925537,1782824352.203718
498300,2.6143076419830322,1782824358.4689102
498400,5.09812068939209,1782824364.6716638
498500,4.269325256347656,1782824370.793736
498600,1.7094825506210327,1782824376.6730664
498700,2.954448699951172,1782824382.8457816
498800,4.672114372253418,1782824388.7620404
498900,5.574852466583252,1782824394.9017928
499000,3.2500126361846924,1782824400.9291298
499100,5.3397932052612305,1782824406.931596
499200,2.7344672679901123,1782824413.1629348
499300,0.8002086877822876,1782824419.291431
499400,2.633101463317871,1782824425.352496
499500,4.826479911804199,1782824431.618066
499600,5.8621602058410645,1782824437.841831
499700,4.392818450927734,1782824443.8745208
499800,3.016223430633545,1782824450.2807317
499900,4.0648579597473145,1782824456.3265743
500000,5.113687515258789,1782824462.3657742
500100,4.39988899230957,1782824626.0010672
500200,5.057856559753418,1782824632.168155
500300,6.507098197937012,1782824638.2087953
500400,7.335635185241699,1782824644.2003436
500500,8.9634370803833,1782824650.2413404
500600,9.994982719421387,1782824656.1679354
500700,10.809137344360352,1782824662.2943683
500800,10.951678276062012,1782824668.3841755
500900,11.468545913696289,1782824674.286589
501000,12.242110252380371,1782824680.2408998
501100,11.991400718688965,1782824686.3903887
501200,11.18177604675293,1782824692.4122143
501300,12.23885726928711,1782824698.5926037
501400,13.029788970947266,1782824704.6062903
501500,9.462888717651367,1782824710.550199
501600,12.11669921875,1782824716.5101876
501700,13.072710037231445,1782824722.4514844
501800,10.7034912109375,1782824728.6009102
501900,9.390069961547852,1782824735.0678031
502000,8.318843841552734,1782824741.0607963
502100,11.470145225524902,1782824747.2174544
502200,11.92509651184082,1782824753.3480234
502300,10.564634323120117,1782824759.5180278
502400,10.973424911499023,1782824765.5547647
502500,10.213974952697754,1782824771.5249352
502600,9.491104125976562,1782824777.736921
502700,10.160348892211914,1782824784.0729628
502800,10.685432434082031,1782824790.4332445
502900,10.767051696777344,1782824796.2988477
503000,10.2845458984375,1782824802.2982888
503100,7.7889227867126465,1782824808.4752188
503200,9.094334602355957,1782824814.3745604
503300,7.671746253967285,1782824820.5492213
503400,7.856561660766602,1782824826.6443036
503500,9.028390884399414,1782824832.7636592
503600,8.473993301391602,1782824838.930142
503700,10.374064445495605,1782824845.1145353
503800,8.973711013793945,1782824851.1276739
503900,9.169157028198242,1782824857.1111631
504000,7.457535266876221,1782824863.138746
504100,8.653005599975586,1782824869.070232
504200,7.964816570281982,1782824875.2194514
504300,8.378663063049316,1782824881.318384
504400,8.115470886230469,1782824887.168454
504500,7.16806697845459,1782824893.255343
504600,6.933226108551025,1782824899.4523463
504700,5.79535436630249,1782824905.5965283
504800,6.500539302825928,1782824911.7999818
504900,6.39060640335083,1782824917.767791
505000,6.4765448570251465,1782824923.840464
505100,7.8034210205078125,1782824929.9382176
505200,7.21948766708374,1782824936.196457
505300,8.966639518737793,1782824942.115139
505400,7.462721824645996,1782824948.3291812
505500,7.151695251464844,1782824954.5170608
505600,7.33213472366333,1782824960.5191977
505700,8.294783592224121,1782824966.5979621
505800,8.206884384155273,1782824972.7561357
505900,5.236263275146484,1782824978.7641177
506000,6.694559097290039,1782824984.7105203
506100,5.254016876220703,1782824990.5658398
506200,5.1941633224487305,1782824996.7411225
506300,5.16643762588501,1782825002.6411724
506400,7.4861555099487305,1782825008.6674068
506500,7.879520416259766,1782825014.6957355
506600,7.2420654296875,1782825020.670518
506700,7.840181350708008,1782825026.8138247
506800,8.213379859924316,1782825032.9145687
506900,8.206027030944824,1782825038.8192484
507000,6.767258644104004,1782825044.9938586
507100,7.2158284187316895,1782825051.3039408
507200,5.753520965576172,1782825057.3687499
507300,2.792137622833252,1782825063.4838884
507400,5.300165176391602,1782825069.2506394
507500,6.970057487487793,1782825075.1542265
507600,3.751642942428589,1782825081.3782997
507700,7.742783546447754,1782825087.3844182
507800,7.393155097961426,1782825093.5163708
507900,6.38278865814209,1782825099.5005183
508000,5.36695671081543,1782825105.5279284
508100,6.900874614715576,1782825111.4831529
508200,5.6801438331604,1782825117.8385923
508300,8.940433502197266,1782825124.080561
508400,7.057714462280273,1782825130.1147985
508500,6.080559730529785,1782825136.074759
508600,8.2669095993042,1782825142.3178413
508700,6.734772682189941,1782825148.2572083
508800,6.580174446105957,1782825154.439845
508900,5.792231559753418,1782825160.4338927
509000,7.249661922454834,1782825166.5930843
509100,7.266487121582031,1782825172.6354504
509200,8.234182357788086,1782825178.5965514
509300,4.8582916259765625,1782825184.5707085
509400,6.423863410949707,1782825190.522054
509500,5.869718551635742,1782825196.6041543
509600,7.340149879455566,1782825202.6698413
509700,7.193185329437256,1782825208.6897287
509800,8.800594329833984,1782825214.6174653
509900,7.676750183105469,1782825220.6643481
510000,7.717609405517578,1782825226.648173
510100,7.650564670562744,1782825232.732831
510200,9.478391647338867,1782825238.8670244
510300,6.990910530090332,1782825245.0021887
510400,8.153148651123047,1782825251.0716078
510500,7.831678867340088,1782825257.0491028
510600,5.333615779876709,1782825263.0870829
510700,6.6780805587768555,1782825269.3504353
510800,7.474970817565918,1782825275.2504117
510900,7.486246585845947,1782825281.5780492
511000,4.604442596435547,1782825287.4555564
511100,5.346278190612793,1782825293.4346232
511200,5.996316909790039,1782825299.4501753
511300,7.047116279602051,1782825305.4386911
511400,4.808793067932129,1782825311.4409459
511500,5.338024139404297,1782825317.618633
511600,5.729764938354492,1782825323.6172135
511700,3.420677423477173,1782825329.3607643
511800,5.1056976318359375,1782825335.2306516
511900,5.098602294921875,1782825341.2475624
512000,6.201981067657471,1782825347.0470097
512100,7.508742332458496,1782825353.0818295
512200,5.755642890930176,1782825358.875202
512300,6.530694961547852,1782825364.901587
512400,5.036508083343506,1782825370.866839
512500,3.4296622276306152,1782825376.7400377
512600,3.577914237976074,1782825382.5705526
512700,5.578764915466309,1782825388.48028
512800,5.376789093017578,1782825394.4382918
512900,2.4456191062927246,1782825400.5159013
513000,3.3991408348083496,1782825406.4792337
513100,8.37606430053711,1782825412.5952888
513200,5.620136260986328,1782825418.5567935
513300,5.929656982421875,1782825424.8167038
513400,4.9024128913879395,1782825430.748198
513500,8.432882308959961,1782825436.6077328
513600,7.070547103881836,1782825442.7501743
513700,7.592503070831299,1782825448.8984203
513800,5.6606268882751465,1782825454.922924
513900,5.285723686218262,1782825460.9855726
514000,4.815023422241211,1782825467.064831
514100,6.778594493865967,1782825473.053716
514200,4.998613357543945,1782825479.166384
514300,3.5539376735687256,1782825485.1750393
514400,3.174072265625,1782825491.1170022
514500,7.1015143394470215,1782825497.2499588
514600,5.08229923248291,1782825503.3214467
514700,5.882996559143066,1782825509.2873616
514800,4.4979634284973145,1782825515.1461313
514900,7.361579895019531,1782825521.1397495
515000,3.8922996520996094,1782825527.2414577
515100,5.498697280883789,1782825533.3504977
515200,0.5672429800033569,1782825539.3537385
515300,5.041896820068359,1782825545.182713
515400,6.114056587219238,1782825551.189848
515500,4.483388900756836,1782825557.2626922
515600,4.001400470733643,1782825563.360223
515700,5.352349281311035,1782825569.36021
515800,4.626481056213379,1782825575.3189907
515900,5.311041831970215,1782825581.404075
516000,4.451681137084961,1782825587.4433415
516100,2.4270215034484863,1782825593.453832
516200,4.714435577392578,1782825599.5132444
516300,6.294037342071533,1782825605.5724902
516400,5.102658271789551,1782825611.548994
516500,3.613996744155884,1782825617.451347
516600,2.9333178997039795,1782825623.383449
516700,3.9996120929718018,1782825629.7007983
516800,4.5515947341918945,1782825635.932554
516900,5.735652923583984,1782825642.159876
517000,3.3065788745880127,1782825648.315949
517100,2.8643107414245605,1782825654.4953327
517200,5.659279823303223,1782825660.4081187
517300,5.5655622482299805,1782825666.482164
517400,4.250118732452393,1782825672.3892648
517500,3.5597777366638184,1782825678.5030982
517600,3.605128765106201,1782825684.4474645
517700,5.192573547363281,1782825690.6469722
517800,4.482865333557129,1782825696.699894
517900,5.632598876953125,1782825702.9307828
518000,3.27238130569458,1782825709.0957367
518100,3.81691837310791,1782825715.1528463
518200,2.8315999507904053,1782825721.1709514
518300,3.7792797088623047,1782825727.0961766
518400,3.318270206451416,1782825733.0843108
518500,2.4592232704162598,1782825739.2149582
518600,5.439397811889648,1782825745.5640426
518700,5.246905326843262,1782825751.5078814
518800,2.1555302143096924,1782825757.5890427
518900,4.6431989669799805,1782825763.687211
519000,4.043399810791016,1782825769.7695332
519100,2.2982349395751953,1782825775.6323035
519200,2.0248773097991943,1782825781.8011935
519300,2.6135149002075195,1782825787.8105347
519400,4.864933967590332,1782825793.9722042
519500,2.701002836227417,1782825800.028971
519600,4.110027313232422,1782825806.0764918
519700,4.67791223526001,1782825812.054965
519800,3.1249232292175293,1782825818.1628978
519900,5.172643184661865,1782825824.3147068
520000,2.627542018890381,1782825830.4296594
520100,3.2372097969055176,1782825836.4977229
520200,4.085254669189453,1782825842.3707604
520300,3.2812249660491943,1782825848.4047167
520400,6.5316267013549805,1782825854.2993355
520500,2.634856939315796,1782825860.496125
520600,3.7588984966278076,1782825866.5683787
520700,4.40351676940918,1782825872.562378
520800,2.5079267024993896,1782825878.6333566
520900,5.241987228393555,1782825884.601578
521000,6.28902530670166,1782825890.84939
521100,3.244049072265625,1782825896.880337
521200,4.419960975646973,1782825902.9730847
521300,5.05512809753418,1782825909.0322227
521400,5.660006523132324,1782825915.1286466
521500,4.467596054077148,1782825921.5776155
521600,4.0133185386657715,1782825927.5768747
521700,1.528337836265564,1782825933.6618896
521800,0.5685631036758423,1782825939.7865572
521900,1.3121464252471924,1782825945.799894
522000,3.922203540802002,1782825952.0227783
522100,4.574550151824951,1782825958.072024
522200,4.535416603088379,1782825963.889069
522300,2.7162604331970215,1782825970.0799341
522400,4.057272911071777,1782825976.1795664
522500,3.8539316654205322,1782825982.3324952
522600,5.4811482429504395,1782825988.2892199
522700,3.6003217697143555,1782825994.2686496
522800,3.3193130493164062,1782826000.3398771
522900,1.4014852046966553,1782826006.4175558
523000,1.7276232242584229,1782826012.3618314
523100,3.925084114074707,1782826018.1615343
523200,4.281886100769043,1782826024.1009421
523300,2.7848737239837646,1782826030.2549512
523400,3.886455535888672,1782826036.3094223
523500,2.427192449569702,1782826042.2936494
523600,3.765979766845703,1782826048.5323093
523700,4.2131218910217285,1782826054.635713
523800,1.1656416654586792,1782826060.5895894
523900,3.955003261566162,1782826066.7716832
524000,5.0594563484191895,1782826073.0491247
524100,5.06623649597168,1782826079.0393732
524200,1.5996532440185547,1782826085.0544243
524300,3.65665602684021,1782826090.9538755
524400,3.925830364227295,1782826097.056466
524500,6.3464460372924805,1782826103.1241014
524600,4.902217864990234,1782826109.0710182
524700,6.681793689727783,1782826115.3471897
524800,8.253318786621094,1782826121.340153
524900,3.857532501220703,1782826127.2925076
525000,7.451455116271973,1782826133.530532
525100,7.13866662979126,1782826259.3777707
525200,5.953983306884766,1782826265.1924186
525300,5.5854387283325195,1782826271.1469982
525400,6.916528701782227,1782826276.897866
525500,7.061491966247559,1782826282.7238023
525600,6.5207319259643555,1782826288.672181
525700,6.52369499206543,1782826294.574765
525800,8.611753463745117,1782826300.5191977
525900,8.34886360168457,1782826306.5241
526000,4.7525482177734375,1782826312.4693
526100,7.819647312164307,1782826318.4680588
526200,7.395431041717529,1782826324.6477444
526300,8.983797073364258,1782826330.7386835
526400,7.777011871337891,1782826336.5816321
526500,7.111685752868652,1782826342.7204142
526600,7.386567115783691,1782826348.741616
526700,6.59649658203125,1782826354.6860657
526800,7.15933084487915,1782826360.6963992
526900,7.645273685455322,1782826366.8838444
527000,6.246514320373535,1782826372.8313107
527100,6.327900409698486,1782826378.48112
527200,6.137468338012695,1782826384.3149765
527300,8.008967399597168,1782826389.990393
527400,5.370070457458496,1782826395.6997843
527500,3.2463083267211914,1782826401.525531
527600,6.540759086608887,1782826407.2817695
527700,4.458044052124023,1782826413.0658982
527800,4.82062292098999,1782826418.8209646
527900,6.540205955505371,1782826424.6272295
528000,7.434069633483887,1782826430.298909
528100,7.62667989730835,1782826436.1326165
528200,4.644412994384766,1782826441.7409139
528300,4.267937660217285,1782826447.2836063
528400,6.773466110229492,1782826453.0258646
528500,5.904484272003174,1782826459.07919
528600,5.526123046875,1782826465.1162047
528700,4.63162899017334,1782826470.7539277
528800,5.827744007110596,1782826476.4629526
528900,6.778177738189697,1782826482.0783055
529000,5.353857040405273,1782826488.1963935
529100,1.5687050819396973,1782826493.8703659
529200,3.3856139183044434,1782826499.927976
529300,3.947139263153076,1782826505.7478864
529400,6.126213550567627,1782826511.7440448
529500,3.9959182739257812,1782826517.7426004
529600,6.3621745109558105,1782826523.9762886
529700,3.603762626647949,1782826530.16668
529800,5.2664995193481445,1782826536.4217305
529900,4.848640441894531,1782826542.716613
530000,4.39755392074585,1782826548.985209
530100,2.1356005668640137,1782826555.0409274
530200,4.413423538208008,1782826561.0658805
530300,5.779620170593262,1782826567.10653
530400,4.313345909118652,1782826573.1316144
530500,5.579926490783691,1782826579.2851298
530600,3.2080771923065186,1782826585.315499
530700,6.957730293273926,1782826591.526522
530800,6.930028915405273,1782826597.7235873
530900,3.7697958946228027,1782826603.5802462
531000,3.163142442703247,1782826609.423251
531100,4.397851467132568,1782826615.2612398
531200,6.528009414672852,1782826621.1356745
531300,5.503279685974121,1782826626.9423823
531400,6.420459747314453,1782826633.0976167
531500,3.778360605239868,1782826639.2538002
531600,7.088418960571289,1782826645.397421
531700,5.647065162658691,1782826651.5519683
531800,5.031673908233643,1782826657.692203
531900,5.426846504211426,1782826663.8802962
532000,3.6011765003204346,1782826669.8197763
532100,4.781886577606201,1782826675.926715
532200,4.019903182983398,1782826682.286495
532300,5.473364353179932,1782826688.4875026
532400,3.593106746673584,1782826694.651048
532500,4.712152004241943,1782826700.766391
532600,4.257386207580566,1782826706.9015825
532700,5.909214973449707,1782826712.9464922
532800,4.716729640960693,1782826719.0436387
532900,5.434394836425781,1782826725.2660587
533000,2.8041489124298096,1782826731.3598342
533100,2.268927574157715,1782826737.4350317
533200,2.405057907104492,1782826743.3781419
533300,4.188786506652832,1782826749.431925
533400,3.3697075843811035,1782826755.5184236
533500,4.267987251281738,1782826761.746833
533600,1.505157470703125,1782826767.510995
533700,3.239276885986328,1782826773.7011235
533800,3.5180225372314453,1782826779.6413908
533900,4.40679931640625,1782826785.9215527
534000,3.4958269596099854,1782826791.9933014
534100,2.0444436073303223,1782826798.0710115
534200,-0.7045075297355652,1782826804.1274407
534300,5.336859703063965,1782826810.3579493
534400,6.074288368225098,1782826816.2905755
534500,1.6741770505905151,1782826822.3811495
534600,4.74226188659668,1782826828.4045017
534700,2.6302387714385986,1782826834.19159
534800,3.893627166748047,1782826840.0490563
534900,2.1865482330322266,1782826845.9853525
535000,2.4557454586029053,1782826851.762727
535100,2.959752082824707,1782826857.873933
535200,3.4094796180725098,1782826863.738052
535300,5.725417613983154,1782826869.6587968
535400,5.542867660522461,1782826875.6038272
535500,0.936302900314331,1782826881.4301744
535600,2.9164702892303467,1782826887.3502636
535700,4.86565637588501,1782826893.316014
535800,2.7942473888397217,1782826899.1098175
535900,1.9847999811172485,1782826905.178551
536000,5.234610557556152,1782826911.1243966
536100,4.108492851257324,1782826917.1140573
536200,1.3506581783294678,1782826923.2598078
536300,2.580251693725586,1782826929.4252512
536400,3.472259521484375,1782826935.6776288
536500,0.10244995355606079,1782826941.8271031
536600,2.0271809101104736,1782826947.740749
536700,6.515439987182617,1782826953.765482
536800,2.395893096923828,1782826959.7115874
536900,4.520650863647461,1782826965.8936012
537000,2.435600519180298,1782826971.8624063
537100,1.0690100193023682,1782826977.8834515
537200,3.149897336959839,1782826983.9406352
537300,4.200538635253906,1782826990.048706
537400,1.5091639757156372,1782826995.9697232
537500,0.7856977581977844,1782827002.0411167
537600,4.130185127258301,1782827008.0145075
537700,3.4355053901672363,1782827014.178705
537800,2.5553011894226074,1782827020.181356
537900,2.524745464324951,1782827026.205935
538000,2.898405075073242,1782827032.1615303
538100,2.7454254627227783,1782827038.1075141
538200,2.512220859527588,1782827044.1247332
538300,1.8955761194229126,1782827050.35744
538400,6.616463661193848,1782827056.494966
538500,4.006333827972412,1782827062.4229357
538600,1.6078089475631714,1782827068.2915916
538700,1.4662891626358032,1782827074.3196425
538800,1.8304892778396606,1782827080.541343
538900,0.736251950263977,1782827086.8050516
539000,2.290592670440674,1782827092.8556187
539100,4.602235794067383,1782827099.1314778
539200,3.3256564140319824,1782827105.2704525
539300,2.163341760635376,1782827111.2041519
539400,4.062345504760742,1782827117.4374208
539500,3.167473077774048,1782827123.3615987
539600,2.85624098777771,1782827129.2142274
539700,4.776270389556885,1782827135.1950855
539800,4.3926615715026855,1782827141.2348592
539900,5.309451103210449,1782827146.9713154
540000,6.768751621246338,1782827153.055058
540100,6.047693252563477,1782827159.0734594
540200,4.600582122802734,1782827165.3418684
540300,3.6903626918792725,1782827171.3619576
540400,3.562826156616211,1782827177.5434837
540500,4.991783142089844,1782827183.7467525
540600,4.657778739929199,1782827189.7157435
540700,3.40547776222229,1782827195.7392893
540800,5.568447113037109,1782827201.6655147
540900,1.602898359298706,1782827207.972858
541000,4.192955017089844,1782827213.8748462
541100,3.7543563842773438,1782827220.0386772
541200,4.476496696472168,1782827226.3274305
541300,4.429975509643555,1782827232.3128207
541400,3.253406047821045,1782827238.426322
541500,4.891448020935059,1782827244.316465
541600,5.684836387634277,1782827250.4241714
541700,4.180167198181152,1782827256.5155625
541800,5.790896415710449,1782827262.4317777
541900,6.3152360916137695,1782827268.333719
542000,4.13499641418457,1782827274.1584342
542100,6.242753982543945,1782827280.3034532
542200,5.74534797668457,1782827286.4051387
542300,4.579806327819824,1782827292.5734005
542400,5.013810634613037,1782827298.6383898
542500,3.763292074203491,1782827304.7318897
542600,6.353837966918945,1782827310.8626912
542700,4.987689018249512,1782827316.8338614
542800,4.637243270874023,1782827322.907362
542900,3.2584848403930664,1782827329.1384325
543000,5.798393249511719,1782827335.1535788
543100,4.755185127258301,1782827341.0402935
543200,4.1625213623046875,1782827347.1064265
543300,3.0002355575561523,1782827353.153856
543400,3.350208282470703,1782827359.2290163
543500,2.7842965126037598,1782827365.489205
543600,3.1993541717529297,1782827371.387769
543700,3.691533327102661,1782827377.2705529
543800,5.4107584953308105,1782827383.3099895
543900,5.947032928466797,1782827389.6375325
544000,4.449365615844727,1782827395.6401732
544100,4.498929977416992,1782827402.02043
544200,5.461692810058594,1782827408.2256582
544300,5.334288597106934,1782827414.1812673
544400,3.8299195766448975,1782827420.0561273
544500,5.609109878540039,1782827426.2302637
544600,5.800806999206543,1782827432.1742384
544700,3.4563493728637695,1782827438.215049
544800,3.1947247982025146,1782827444.0696888
544900,4.006808757781982,1782827450.1947572
545000,5.874980926513672,1782827456.253736
545100,4.278595924377441,1782827462.3384237
545200,4.4932355880737305,1782827468.123012
545300,4.999723434448242,1782827474.077039
545400,4.185270309448242,1782827479.8871162
545500,5.1527509689331055,1782827485.9502094
545600,5.510581016540527,1782827491.7917335
545700,4.9868292808532715,1782827497.7659402
545800,4.19565486907959,1782827503.765455
545900,5.993284225463867,1782827509.7356417
546000,7.280800819396973,1782827515.8866124
546100,3.3864550590515137,1782827522.005926
546200,5.55020809173584,1782827527.964631
546300,1.944178581237793,1782827534.1223786
546400,4.143178939819336,1782827539.9729083
546500,4.965813636779785,1782827545.8740308
546600,4.095370769500732,1782827551.9690368
546700,5.2116594314575195,1782827557.9206605
546800,3.9198269844055176,1782827564.0570128
546900,3.8640220165252686,1782827570.0148954
547000,7.380237102508545,1782827576.0899067
547100,5.928953647613525,1782827581.8380432
547200,5.223859786987305,1782827587.8902318
547300,5.7420148849487305,1782827593.681684
547400,4.007338047027588,1782827599.698062
547500,4.512810707092285,1782827605.7699528
547600,2.2614798545837402,1782827611.7143767
547700,2.0705277919769287,1782827617.6655552
547800,1.4435815811157227,1782827623.7890804
547900,2.2020890712738037,1782827629.6939797
548000,3.1557774543762207,1782827635.7248335
548100,2.1030426025390625,1782827641.6316803
548200,1.7256697416305542,1782827647.7516198
548300,1.2136852741241455,1782827653.7875123
548400,1.4364149570465088,1782827660.1526175
548500,5.586292743682861,1782827666.3270006
548600,2.16855525970459,1782827672.2847483
548700,3.1624977588653564,1782827678.3703005
548800,3.419344902038574,1782827684.4926534
548900,3.6060612201690674,1782827690.4769847
549000,3.370920181274414,1782827696.6305404
549100,1.5284414291381836,1782827702.8135247
549200,3.7617833614349365,1782827708.8676345
549300,3.3957600593566895,1782827714.999678
549400,2.6582374572753906,1782827721.052019
549500,2.4088242053985596,1782827727.1210842
549600,5.916976451873779,1782827733.0914512
549700,4.325930118560791,1782827739.1624432
549800,3.2401540279388428,1782827744.9823499
549900,2.158851146697998,1782827751.0949116
550000,4.715625286102295,1782906987.3862393
550100,2.6462795734405518,1782907178.2806482
550200,1.0010833740234375,1782907184.5223944
550300,3.3293652534484863,1782907190.6761272
550400,3.5779216289520264,1782907197.1001992
550500,6.499342918395996,1782907203.3353345
550600,5.659915924072266,1782907209.5295513
550700,4.246759414672852,1782907215.8957148
550800,3.6225130558013916,1782907222.227972
550900,4.317948818206787,1782907228.4390335
551000,3.108567714691162,1782907234.766877
551100,6.099643230438232,1782907241.0334218
551200,6.078522682189941,1782907247.2656732
551300,3.4721670150756836,1782907253.5191326
551400,2.6563029289245605,1782907259.8345695
551500,3.977285385131836,1782907265.9404714
551600,0.343303382396698,1782907272.3733804
551700,0.7065870761871338,1782907278.6740742
551800,2.7807435989379883,1782907284.8973851
551900,3.981842041015625,1782907290.905154
552000,3.437199354171753,1782907297.1417105
552100,4.357345104217529,1782907303.3549562
552200,3.644684314727783,1782907309.2961776
552300,2.505657196044922,1782907315.6056752
552400,3.5803914070129395,1782907321.6259665
552500,3.4831156730651855,1782907327.9587464
552600,3.334658145904541,1782907333.911557
552700,2.388639450073242,1782907340.0896244
552800,5.617922782897949,1782907346.29225
552900,4.358544826507568,1782907352.4748871
553000,3.982623815536499,1782907358.773838
553100,3.345752477645874,1782907365.049002
553200,5.6475372314453125,1782907371.1578324
553300,3.5841236114501953,1782907377.3308272
553400,5.746750831604004,1782907383.4397726
553500,2.725754737854004,1782907389.5473351
553600,3.955291986465454,1782907395.8407674
553700,2.951547622680664,1782907401.9315498
553800,3.659303665161133,1782907408.0851552
553900,4.655112266540527,1782907414.361852
554000,3.9964373111724854,1782907420.6287234
554100,4.889891624450684,1782907426.5397918
554200,3.7853217124938965,1782907432.7090456
554300,4.543615341186523,1782907438.8662105
554400,3.9966776371002197,1782907445.034866
554500,3.196359157562256,1782907451.255502
554600,3.7185091972351074,1782907457.361558
554700,4.3090386390686035,1782907463.7172496
554800,3.4256374835968018,1782907470.108132
554900,4.601269721984863,1782907476.4727716
555000,6.315650463104248,1782907482.7493572
555100,3.4560041427612305,1782907488.8552396
555200,5.084965705871582,1782907495.1274137
555300,5.309285640716553,1782907501.2038798
555400,4.7204179763793945,1782907507.2508218
555500,4.625481605529785,1782907513.391558
555600,5.6120405197143555,1782907519.4762342
555700,4.933016777038574,1782907525.6518867
555800,5.244141578674316,1782907531.6796548
555900,4.5362348556518555,1782907537.9729714
556000,4.1448073387146,1782907544.0521445
556100,5.5482048988342285,1782907550.4468153
556200,6.078529357910156,1782907556.6109602
556300,3.851250648498535,1782907562.765466
556400,2.605926513671875,1782907568.8303792
556500,4.26595401763916,1782907575.0084846
556600,1.3400695323944092,1782907581.0758421
556700,3.6777563095092773,1782907587.1774647
556800,3.2648203372955322,1782907593.4947784
556900,3.2654058933258057,1782907599.6844816
557000,5.786454200744629,1782907605.9408882
557100,2.418649196624756,1782907612.2497678
557200,5.692743301391602,1782907618.4728534
557300,3.464447021484375,1782907624.43858
557400,4.996804714202881,1782907630.5809736
557500,4.665219306945801,1782907636.5574813
557600,3.711915969848633,1782907642.774185
557700,3.617008686065674,1782907649.0094087
557800,3.094557523727417,1782907655.2416685
557900,1.1004021167755127,1782907661.4676666
558000,2.244614839553833,1782907667.6887178
558100,3.222003936767578,1782907673.8753965
558200,6.645575523376465,1782907680.0722146
558300,5.567390441894531,1782907686.145866
558400,2.9674324989318848,1782907692.4385316
558500,4.153449058532715,1782907698.4848132
558600,6.405275821685791,1782907704.4879513
558700,3.6168031692504883,1782907710.5706882
558800,7.569375038146973,1782907717.0175943
558900,5.436805725097656,1782907723.1098437
559000,4.40635871887207,1782907729.290024
559100,5.906136989593506,1782907735.2674296
559200,5.013301372528076,1782907741.5301363
559300,7.242809295654297,1782907747.5433142
559400,4.865487098693848,1782907754.1255074
559500,3.6905672550201416,1782907760.3029127
559600,4.393381118774414,1782907766.498233
559700,5.468790054321289,1782907772.6319592
559800,4.729936122894287,1782907778.6525373
559900,4.950526237487793,1782907784.7374232
560000,3.287738561630249,1782907790.960068
560100,3.13993239402771,1782907796.9178648
560200,3.2315731048583984,1782907803.0539238
560300,2.5774240493774414,1782907809.2706912
560400,2.816366195678711,1782907815.3312652
560500,-0.09099584817886353,1782907821.6235452
560600,3.566603660583496,1782907827.7348866
560700,3.504613161087036,1782907833.760788
560800,5.473936557769775,1782907839.9245381
560900,4.654151439666748,1782907845.9441123
561000,5.957949638366699,1782907852.2710543
561100,3.0335371494293213,1782907858.3710873
561200,2.3186373710632324,1782907864.3073132
561300,4.344027042388916,1782907870.5505624
561400,4.789007186889648,1782907876.7252703
561500,2.9071226119995117,1782907882.9210877
561600,4.224125385284424,1782907889.1345778
561700,4.527731895446777,1782907895.292042
561800,7.2676777839660645,1782907901.4550073
561900,8.3253812789917,1782907907.7347236
562000,3.4707107543945312,1782907914.0482657
562100,7.0653839111328125,1782907920.1151032
562200,4.522519588470459,1782907926.4085202
562300,6.23629093170166,1782907932.4433343
562400,3.5135021209716797,1782907938.7320402
562500,2.921433448791504,1782907944.7672105
562600,2.838834285736084,1782907950.8727334
562700,3.1707911491394043,1782907957.5606031
562800,4.197445392608643,1782907963.8245413
562900,6.212969779968262,1782907970.1661117
563000,6.181491374969482,1782907976.3162856
563100,3.9614195823669434,1782907982.4418974
563200,6.005159854888916,1782907988.4721801
563300,3.60573148727417,1782907995.034942
563400,8.562461853027344,1782908001.5376852
563500,6.0284423828125,1782908007.7422407
563600,6.96049165725708,1782908014.1446157
563700,5.067296981811523,1782908020.4412963
563800,4.31984806060791,1782908026.6520185
563900,4.171103000640869,1782908033.1399274
564000,5.516176700592041,1782908039.2338326
564100,4.655160903930664,1782908045.4397542
564200,4.4523210525512695,1782908051.5997865
564300,3.8622002601623535,1782908057.9404385
564400,5.1399760246276855,1782908064.2444422
564500,5.8179850578308105,1782908070.5285373
564600,4.926975250244141,1782908076.772699
564700,6.6033124923706055,1782908083.066078
564800,4.636302947998047,1782908089.320471
564900,7.343995094299316,1782908095.5033224
565000,2.3352203369140625,1782908102.006611
565100,5.6080522537231445,1782908108.3693078
565200,5.733465194702148,1782908114.813101
565300,5.722433090209961,1782908121.0739038
565400,6.8527398109436035,1782908127.216056
565500,4.852556228637695,1782908133.2749333
565600,5.248552322387695,1782908139.2286446
565700,5.8356828689575195,1782908145.4837747
565800,5.564413547515869,1782908151.5093668
565900,6.967403411865234,1782908157.7357275
566000,4.6318488121032715,1782908164.1377301
566100,4.826053619384766,1782908170.3803582
566200,7.080565452575684,1782908176.5750124
566300,2.3940582275390625,1782908182.8096607
566400,4.517510890960693,1782908188.8554332
566500,3.018584728240967,1782908194.966592
566600,3.5067262649536133,1782908201.030494
566700,7.155412673950195,1782908207.0027325
566800,6.9078521728515625,1782908213.2696373
566900,4.862135887145996,1782908219.4092734
567000,3.3768794536590576,1782908225.6554015
567100,2.383802652359009,1782908231.570059
567200,3.622446298599243,1782908237.8261983
567300,3.5528321266174316,1782908244.0252128
567400,3.2216238975524902,1782908250.024887
567500,5.312034606933594,1782908256.1845222
567600,3.092552423477173,1782908262.6982331
567700,5.094491481781006,1782908268.8757668
567800,5.22634220123291,1782908275.2734973
567900,3.7814199924468994,1782908281.4964216
568000,4.368699550628662,1782908287.585298
568100,1.9726059436798096,1782908293.8176305
568200,2.374756336212158,1782908299.916899
568300,4.965122222900391,1782908305.9783456
568400,2.6765170097351074,1782908312.1481912
568500,3.9019083976745605,1782908318.3860123
568600,3.5898900032043457,1782908324.4597683
568700,5.302319526672363,1782908330.6135523
568800,4.230434417724609,1782908336.7039876
568900,4.268321990966797,1782908343.1264095
569000,4.526315689086914,1782908349.397439
569100,3.1231443881988525,1782908355.8714325
569200,5.087629318237305,1782908362.192656
569300,2.851013660430908,1782908368.3609848
569400,4.899334907531738,1782908374.6914115
569500,4.18703556060791,1782908380.7613854
569600,4.14725399017334,1782908387.1372128
569700,3.721801280975342,1782908393.0912879
569800,6.131348133087158,1782908399.4063375
569900,3.022101879119873,1782908405.852804
570000,4.773537635803223,1782908412.2210305
570100,4.226405620574951,1782908418.2823834
570200,5.411218643188477,1782908424.407786
570300,5.134799957275391,1782908430.5465872
570400,6.87211275100708,1782908436.5948331
570500,4.192312240600586,1782908442.6815898
570600,3.546358585357666,1782908448.8851297
570700,3.151944637298584,1782908455.1383882
570800,6.633997917175293,1782908461.3642647
570900,4.306617259979248,1782908467.5473268
571000,5.840986728668213,1782908474.1878567
571100,4.552424430847168,1782908480.250028
571200,4.493359565734863,1782908486.5294495
571300,3.9310011863708496,1782908492.8649142
571400,4.627514362335205,1782908499.2466214
571500,5.894035816192627,1782908505.320884
571600,4.472623825073242,1782908511.5089655
571700,5.714537620544434,1782908517.7046492
571800,5.619880199432373,1782908524.050425
571900,4.827513217926025,1782908530.3701203
572000,5.740354537963867,1782908536.5960894
572100,6.185415267944336,1782908543.0093205
572200,6.240363121032715,1782908549.4035287
572300,5.106286525726318,1782908555.5423748
572400,3.159560203552246,1782908562.0974333
572500,4.577458381652832,1782908568.3840609
572600,5.666072845458984,1782908574.5145073
572700,6.321068286895752,1782908580.7990365
572800,5.661747932434082,1782908586.8485365
572900,2.8828377723693848,1782908593.0523713
573000,3.831686019897461,1782908599.1688335
573100,4.041532516479492,1782908605.2129257
573200,2.7202813625335693,1782908611.2748485
573300,1.5312672853469849,1782908617.5364883
573400,4.98447322845459,1782908623.650889
573500,3.3392090797424316,1782908629.7073824
573600,5.466067314147949,1782908635.9676945
573700,3.2767932415008545,1782908642.0624282
573800,4.174752712249756,1782908648.4045494
573900,5.792132377624512,1782908654.3917534
574000,1.977752447128296,1782908660.665433
574100,1.9049317836761475,1782908666.8875694
574200,0.8641606569290161,1782908673.3371153
574300,2.419102191925049,1782908679.454128
574400,5.201533317565918,1782908685.62897
574500,2.729523181915283,1782908691.7922251
574600,3.230681896209717,1782908697.984805
574700,3.0386290550231934,1782908704.012493
574800,4.573287487030029,1782908710.1235683
574900,4.221127986907959,1782908716.3369086
575000,4.53567361831665,1782908722.3742576
575100,3.0966262817382812,1782908912.2134464
575200,4.948884010314941,1782908918.335748
575300,3.9121339321136475,1782908924.4167373
575400,3.6303513050079346,1782908930.4515674
575500,6.385330677032471,1782908936.6494353
575600,5.935964584350586,1782908942.8740897
575700,4.993697166442871,1782908948.9057574
575800,5.88360595703125,1782908955.1755912
575900,4.530377388000488,1782908961.3386497
576000,4.123675346374512,1782908967.4601285
576100,6.1045026779174805,1782908973.7947128
576200,1.7054452896118164,1782908979.9053242
576300,4.945331573486328,1782908986.4723134
576400,3.6157946586608887,1782908992.5502844
576500,3.4518396854400635,1782908998.8764532
576600,5.07541561126709,1782909005.1191487
576700,3.494596481323242,1782909011.2566662
576800,4.243818283081055,1782909017.3391654
576900,3.298933982849121,1782909023.4834464
577000,4.754190921783447,1782909029.6898875
577100,4.420685291290283,1782909036.0657094
577200,2.8279428482055664,1782909042.0051572
577300,5.754932403564453,1782909048.1519825
577400,3.536309003829956,1782909054.3925786
577500,5.018089294433594,1782909060.469684
577600,5.522031307220459,1782909066.5728834
577700,4.7142333984375,1782909072.9938607
577800,4.722757339477539,1782909079.0694072
577900,6.0168352127075195,1782909085.3568752
578000,6.0395965576171875,1782909091.754999
578100,5.757944107055664,1782909098.0022366
578200,3.498805284500122,1782909104.091291
578300,6.43995475769043,1782909110.447299
578400,5.83857536315918,1782909116.5227938
578500,3.1670360565185547,1782909122.4732668
578600,3.665022134780884,1782909128.4090736
578700,3.3742237091064453,1782909134.7356093
578800,3.432568311691284,1782909140.7918634
578900,5.011062145233154,1782909146.8178678
579000,6.644171714782715,1782909152.9137661
579100,6.486934661865234,1782909159.2006125
579200,5.960606575012207,1782909165.2856622
579300,7.3586015701293945,1782909171.6712902
579400,4.826936721801758,1782909178.1447017
579500,3.6969666481018066,1782909184.1695037
579600,5.224058151245117,1782909190.2339447
579700,5.279241561889648,1782909196.636227
579800,4.19802188873291,1782909202.7167158
579900,3.4115896224975586,1782909208.7686775
580000,6.6069135665893555,1782909214.9390244
580100,5.764759540557861,1782909221.0456715
580200,4.597915172576904,1782909227.104189
580300,5.015542984008789,1782909233.1852295
580400,4.177109718322754,1782909239.2307174
580500,5.630125522613525,1782909245.375056
580600,3.0402417182922363,1782909251.4134283
580700,3.8742713928222656,1782909257.4459543
580800,5.732266902923584,1782909263.5689175
580900,2.5584840774536133,1782909269.6406827
581000,4.699585437774658,1782909275.8698835
581100,3.7378921508789062,1782909282.0075204
581200,2.8943979740142822,1782909288.262728
581300,4.139102458953857,1782909294.3308392
581400,6.043106555938721,1782909300.319205
581500,4.853452205657959,1782909306.449085
581600,5.714890480041504,1782909312.5063658
581700,2.9781391620635986,1782909318.7183015
581800,4.899662017822266,1782909324.6504574
581900,6.304672718048096,1782909330.853
582000,7.508432865142822,1782909337.2719853
582100,6.463171005249023,1782909343.4112844
582200,5.567440986633301,1782909349.4609718
582300,4.826351642608643,1782909355.8514667
582400,5.507453918457031,1782909361.9305267
582500,4.909334659576416,1782909367.9652326
582600,5.3660173416137695,1782909374.1748238
582700,3.745093584060669,1782909380.2419472
582800,2.7201123237609863,1782909386.237394
582900,4.351846218109131,1782909392.3760116
583000,4.281532287597656,1782909398.6832955
583100,4.083346366882324,1782909404.8176882
583200,3.8751919269561768,1782909410.8783965
583300,4.200054168701172,1782909416.8950415
583400,3.799219846725464,1782909422.8990777
583500,5.561711311340332,1782909429.0432587
583600,4.310055732727051,1782909435.4085937
583700,5.143821716308594,1782909441.5989494
583800,5.217644214630127,1782909447.8035994
583900,2.1702535152435303,1782909454.0170727
584000,4.812767505645752,1782909460.18334
584100,3.9779880046844482,1782909466.6504915
584200,3.458463191986084,1782909472.9126668
584300,5.169880390167236,1782909479.2511506
584400,4.6341705322265625,1782909485.534984
584500,5.098045349121094,1782909492.1153283
584600,4.706439018249512,1782909498.5174196
584700,3.7257723808288574,1782909504.8797407
584800,4.402744293212891,1782909511.0204234
584900,1.3776602745056152,1782909517.4827473
585000,0.6631554961204529,1782909523.6422038
585100,2.6022701263427734,1782909530.1084971
585200,3.389425039291382,1782909536.2843585
585300,3.646277666091919,1782909542.6182947
585400,3.320949077606201,1782909548.8230734
585500,3.2269861698150635,1782909555.3496394
585600,2.0434117317199707,1782909561.574332
585700,1.1276061534881592,1782909567.8970032
585800,2.993685722351074,1782909574.0606093
585900,1.4329712390899658,1782909580.4431245
586000,3.3863844871520996,1782909586.5637825
586100,3.225687265396118,1782909592.6796288
586200,4.643835067749023,1782909598.7903314
586300,4.72710657119751,1782909604.8706555
586400,2.6663293838500977,1782909611.6167653
586500,3.667695999145508,1782909617.780308
586600,4.461076259613037,1782909623.929184
586700,3.625058174133301,1782909630.181351
586800,6.349491119384766,1782909636.3849547
586900,6.752994537353516,1782909642.5295534
587000,3.93514347076416,1782909649.0373113
587100,3.4181528091430664,1782909655.283287
587200,3.9977364540100098,1782909661.6833053
587300,3.6386656761169434,1782909668.0686567
587400,5.455002784729004,1782909674.2007291
587500,6.997570037841797,1782909680.56616
587600,5.149867534637451,1782909686.541857
587700,3.1835718154907227,1782909692.8093164
587800,3.321450710296631,1782909699.1804056
587900,4.2925543785095215,1782909705.5069237
588000,5.793509006500244,1782909711.887124
588100,3.647855520248413,1782909718.3039792
588200,3.401431083679199,1782909724.548065
588300,4.479475021362305,1782909730.7207477
588400,1.375271201133728,1782909736.9722688
588500,3.336940288543701,1782909743.4053068
588600,5.25206184387207,1782909749.6089807
588700,5.731744289398193,1782909756.0901709
588800,3.4089388847351074,1782909762.5331368
588900,1.9801267385482788,1782909768.4784749
589000,4.069903373718262,1782909774.3726351
589100,4.208493232727051,1782909780.772903
589200,4.948356628417969,1782909787.0465922
589300,2.638899564743042,1782909793.418942
589400,4.599228858947754,1782909800.0075574
589500,2.6439812183380127,1782909806.1255186
589600,2.4186525344848633,1782909812.3801727
589700,3.0788731575012207,1782909818.6700969
589800,2.964353561401367,1782909824.6971443
589900,3.4612302780151367,1782909830.9517567
590000,3.260756254196167,1782909837.1209023
590100,1.0358591079711914,1782909843.4804018
590200,3.320405960083008,1782909849.7465851
590300,3.859127998352051,1782909855.9430256
590400,4.329653739929199,1782909862.266748
590500,4.733356475830078,1782909868.6108782
590600,5.488271236419678,1782909874.791278
590700,5.378152847290039,1782909881.0052588
590800,0.6578111052513123,1782909887.179419
590900,6.138065338134766,1782909893.4280026
591000,3.865894317626953,1782909899.5929747
591100,3.5061917304992676,1782909905.7615745
591200,0.8594629168510437,1782909912.2772098
591300,5.975717544555664,1782909918.8395185
591400,6.059073448181152,1782909925.102883
591500,3.134190082550049,1782909931.168817
591600,-0.003168821334838867,1782909937.456712
591700,1.5686371326446533,1782909943.4887056
591800,2.318610429763794,1782909949.7294855
591900,5.85679292678833,1782909955.7645826
592000,0.8133995532989502,1782909962.0182555
592100,2.567293882369995,1782909968.1060483
592200,2.6481542587280273,1782909974.1991808
592300,2.8418326377868652,1782909980.4715064
592400,3.0897583961486816,1782909986.737268
592500,1.581456184387207,1782909992.9678786
592600,4.109418869018555,1782909999.0829809
592700,1.652239203453064,1782910005.2218745
592800,3.4523751735687256,1782910011.623645
592900,2.5709311962127686,1782910017.8179173
593000,5.023474216461182,1782910023.8973331
593100,4.898611068725586,1782910030.058921
593200,1.9206455945968628,1782910036.4217896
593300,4.335719585418701,1782910042.8074274
593400,3.784821033477783,1782910049.0756948
593500,-0.5495032668113708,1782910055.140789
593600,0.6816074848175049,1782910061.3750272
593700,3.3978490829467773,1782910067.5889115
593800,3.8920483589172363,1782910073.8377936
593900,2.3229727745056152,1782910079.908535
594000,2.3302388191223145,1782910086.1412194
594100,2.755540370941162,1782910092.6063342
594200,3.907292127609253,1782910098.8959942
594300,2.4586172103881836,1782910105.1705072
594400,4.495683670043945,1782910111.4965
594500,5.252498626708984,1782910118.0714395
594600,3.617198944091797,1782910124.4637887
594700,3.9732041358947754,1782910130.48029
594800,5.081448554992676,1782910136.387028
594900,3.6327052116394043,1782910142.4110377
595000,3.139277935028076,1782910148.6268454
595100,5.336273193359375,1782910155.0476751
595200,4.0488505363464355,1782910161.4032462
595300,3.310910940170288,1782910167.6540704
595400,2.410337448120117,1782910173.7678676
595500,5.376844882965088,1782910180.0389462
595600,3.229067802429199,1782910186.3454633
595700,2.0153496265411377,1782910192.65242
595800,2.903742790222168,1782910198.9417565
595900,1.6760772466659546,1782910205.2404752
596000,3.156984567642212,1782910211.5845327
596100,4.361342430114746,1782910218.1153803
596200,5.626893997192383,1782910224.591168
596300,5.3537163734436035,1782910230.7572613
596400,6.0266618728637695,1782910237.2858372
596500,5.40346622467041,1782910243.4311795
596600,4.227824687957764,1782910249.5368402
596700,5.738130569458008,1782910255.71908
596800,4.669016361236572,1782910262.0830665
596900,3.274435043334961,1782910268.3406985
597000,2.1579253673553467,1782910274.8390894
597100,4.526672840118408,1782910280.9980283
597200,6.121278762817383,1782910287.068112
597300,4.974523544311523,1782910293.432459
597400,5.8837056159973145,1782910299.4851458
597500,5.038693428039551,1782910305.674567
597600,5.565656661987305,1782910311.877719
597700,6.1140241622924805,1782910317.947946
597800,4.739720821380615,1782910324.4728813
597900,7.042662143707275,1782910330.6402571
598000,5.364349365234375,1782910337.0181015
598100,6.679035186767578,1782910343.3654242
598200,5.63542366027832,1782910350.0432658
598300,5.836596488952637,1782910356.3654313
598400,6.0167341232299805,1782910362.6429634
598500,7.153656959533691,1782910368.8985887
598600,4.5986247062683105,1782910375.0828283
598700,4.559221267700195,1782910381.5964863
598800,4.195295333862305,1782910387.738432
598900,3.742269277572632,1782910394.2258651
599000,4.479308128356934,1782910400.568175
599100,2.6691908836364746,1782910406.9550128
599200,5.175701141357422,1782910413.451728
599300,4.357905387878418,1782910419.6694095
599400,2.0093166828155518,1782910425.8268785
599500,4.223959922790527,1782910431.9272196
599600,2.7834300994873047,1782910438.3057115
599700,3.83201265335083,1782910444.7254083
599800,3.627251148223877,1782910451.0891821
599900,6.203742504119873,1782910457.256502
600000,5.027758598327637,1782911123.0417697
600100,2.6750121116638184,1782911280.737654
600200,5.720223426818848,1782911286.9686158
600300,3.430187702178955,1782911293.1538627
600400,1.678144097328186,1782911299.2574875
600500,0.9925025701522827,1782911305.195149
600600,3.27238130569458,1782911311.3687184
600700,4.152888774871826,1782911317.573693
600800,4.041466236114502,1782911323.8265338
600900,3.722954750061035,1782911329.8920715
601000,3.005579948425293,1782911336.0611827
601100,1.7257800102233887,1782911342.4719071
601200,3.4351556301116943,1782911348.7477167
601300,2.992464780807495,1782911355.200462
601400,6.637790679931641,1782911361.6598136
601500,4.067474365234375,1782911367.9424746
601600,3.708199977874756,1782911374.0185306
601700,3.5918796062469482,1782911380.1345985
601800,4.28140926361084,1782911386.3992417
601900,4.784425258636475,1782911392.5831323
602000,6.17304801940918,1782911399.0327015
602100,2.8911805152893066,1782911405.3693314
602200,2.9166135787963867,1782911411.9097643
602300,3.749459743499756,1782911418.2014427
602400,3.959484577178955,1782911424.5162866
602500,2.2680509090423584,1782911430.74759
602600,2.346189498901367,1782911436.81724
602700,3.238842487335205,1782911442.9390683
602800,3.665768623352051,1782911449.006715
602900,2.6524617671966553,1782911455.1525748
603000,2.1541569232940674,1782911461.3037336
603100,3.2298150062561035,1782911467.8334272
603200,5.892141342163086,1782911474.0370152
603300,4.578441619873047,1782911480.383776
603400,4.71656608581543,1782911486.7286322
603500,4.4867048263549805,1782911492.8127136
603600,2.6951727867126465,1782911499.0027747
603700,4.919858932495117,1782911505.4120767
603800,3.2147672176361084,1782911511.9012454
603900,3.7461776733398438,1782911518.1671772
604000,5.431193828582764,1782911524.3263366
604100,7.379839897155762,1782911530.7277865
604200,4.885645389556885,1782911536.98137
604300,5.016367435455322,1782911543.1809468
604400,3.1627402305603027,1782911549.545792
604500,4.81623649597168,1782911555.8431716
604600,4.1217193603515625,1782911561.9212842
604700,5.254945755004883,1782911568.284877
604800,4.370476722717285,1782911574.4360757
604900,5.895436763763428,1782911580.5823166
605000,4.9619245529174805,1782911586.9204636
605100,4.516845703125,1782911593.1557784
605200,4.960463047027588,1782911599.5210276
605300,3.488145351409912,1782911605.5656846
605400,3.24360728263855,1782911611.492846
605500,3.2025527954101562,1782911617.7205155
605600,2.7639293670654297,1782911623.7180126
605700,2.3852181434631348,1782911629.9170258
605800,5.373806476593018,1782911636.004946
605900,4.781776428222656,1782911642.198067
606000,3.3224568367004395,1782911648.2323544
606100,7.1092143058776855,1782911654.309826
606200,4.42440938949585,1782911660.3425767
606300,4.8582377433776855,1782911666.7223387
606400,4.595892429351807,1782911672.8045352
606500,4.736128807067871,1782911679.439569
606600,4.2136077880859375,1782911685.8896534
606700,5.013346195220947,1782911691.9395173
606800,4.280797481536865,1782911698.3383389
606900,3.8718695640563965,1782911704.650767
607000,4.8377275466918945,1782911710.7148392
607100,4.770737648010254,1782911716.9685764
607200,7.23622989654541,1782911723.2635639
607300,3.855393171310425,1782911729.406517
607400,4.644688606262207,1782911735.6905968
607500,5.458902359008789,1782911741.8495803
607600,5.027218818664551,1782911747.964568
607700,4.283638954162598,1782911753.9977047
607800,4.55816650390625,1782911760.3563948
607900,2.2235140800476074,1782911766.5042803
608000,2.953735113143921,1782911773.0355268
608100,5.871712684631348,1782911779.320412
608200,2.659817695617676,1782911785.5705147
608300,4.499102592468262,1782911792.1359615
608400,3.2021656036376953,1782911798.391485
608500,3.507838726043701,1782911804.6336236
608600,4.234871864318848,1782911810.7814076
608700,4.830493927001953,1782911817.1555507
608800,2.201214075088501,1782911823.1927245
608900,4.1733503341674805,1782911829.4648771
609000,3.8789048194885254,1782911835.5259478
609100,3.958836078643799,1782911841.5234852
609200,2.6529593467712402,1782911847.7722864
609300,4.112758159637451,1782911854.0425196
609400,3.190457344055176,1782911860.4257598
609500,3.1616711616516113,1782911866.833293
609600,1.6043646335601807,1782911873.0185995
609700,3.711564540863037,1782911879.173664
609800,3.507138729095459,1782911885.3682005
609900,4.060644149780273,1782911891.3472579
610000,2.9686384201049805,1782911897.4976728
610100,3.1392152309417725,1782911903.6303163
610200,5.353264808654785,1782911909.699981
610300,4.017106056213379,1782911916.0971901
610400,5.553323745727539,1782911922.0504618
610500,2.1345105171203613,1782911928.2409923
610600,3.53961443901062,1782911934.5048392
610700,4.974082946777344,1782911940.747506
610800,3.897752285003662,1782911946.9682455
610900,4.151606559753418,1782911953.045263
611000,4.602503299713135,1782911959.576521
611100,5.035549163818359,1782911965.9146888
611200,3.9005162715911865,1782911972.1601303
611300,6.0308098793029785,1782911978.0542805
611400,4.33786153793335,1782911984.3211415
611500,4.757894515991211,1782911990.5361586
611600,4.740571022033691,1782911996.7535625
611700,4.698855400085449,1782912002.8294265
611800,2.5809171199798584,1782912009.1099937
611900,4.405457973480225,1782912015.2970204
612000,3.796398162841797,1782912021.7930174
612100,4.226176738739014,1782912028.0805864
612200,3.638631820678711,1782912034.391195
612300,2.017962694168091,1782912040.6885612
612400,3.666830062866211,1782912047.105632
612500,2.8653407096862793,1782912053.6377356
612600,3.129037857055664,1782912059.870716
612700,3.2046380043029785,1782912066.1818342
612800,4.263073444366455,1782912072.356615
612900,2.304377794265747,1782912078.7345645
613000,0.7804995179176331,1782912084.8727775
613100,3.1340479850769043,1782912091.2261822
613200,1.2607349157333374,1782912097.4168692
613300,2.4731335639953613,1782912103.600349
613400,4.427764892578125,1782912110.022378
613500,3.988403797149658,1782912116.318129
613600,4.934010982513428,1782912122.586765
613700,2.7576537132263184,1782912129.1367176
613800,4.18077278137207,1782912135.4388776
613900,4.709357738494873,1782912141.9022453
614000,4.806486129760742,1782912148.0555372
614100,4.90252161026001,1782912154.3168848
614200,4.494153022766113,1782912160.5762923
614300,6.0863847732543945,1782912166.8362174
614400,6.288358211517334,1782912173.048021
614500,5.248749732971191,1782912179.4240396
614600,3.637859344482422,1782912185.851229
614700,3.5314218997955322,1782912192.2500203
614800,7.04086446762085,1782912198.5335293
614900,5.234084129333496,1782912204.8698454
615000,4.527205944061279,1782912211.1671662
615100,4.725191116333008,1782912217.446215
615200,3.804966926574707,1782912223.8722594
615300,4.872692584991455,1782912230.270614
615400,6.556339740753174,1782912236.5473049
615500,7.015446662902832,1782912242.9132762
615600,5.473233699798584,1782912249.1928332
615700,3.3496475219726562,1782912255.4834373
615800,3.7696869373321533,1782912261.704789
615900,6.207470893859863,1782912267.8131804
616000,5.50075626373291,1782912274.0066912
616100,5.0172014236450195,1782912280.064662
616200,4.064093589782715,1782912286.1473343
616300,4.049520969390869,1782912292.200951
616400,5.471784591674805,1782912298.185924
616500,2.407838821411133,1782912304.2388241
616600,2.2117385864257812,1782912310.630685
616700,2.2287235260009766,1782912317.0269096
616800,0.4883143901824951,1782912323.6593742
616900,0.6645615100860596,1782912330.0909276
617000,2.342278480529785,1782912336.2820559
617100,3.743765115737915,1782912342.420035
617200,4.423865795135498,1782912348.5875244
617300,2.185227155685425,1782912355.2068489
617400,4.072604656219482,1782912361.4102862
617500,4.555974960327148,1782912367.5643017
617600,3.063232183456421,1782912373.8155231
617700,3.34629487991333,1782912379.6086419
617800,3.858520030975342,1782912385.6447604
617900,2.0735132694244385,1782912391.6741107
618000,2.8985352516174316,1782912397.7972732
618100,5.306937217712402,1782912403.917487
618200,3.405597448348999,1782912410.114396
618300,5.722468376159668,1782912416.108539
618400,3.8252298831939697,1782912422.184386
618500,3.6032514572143555,1782912428.3178296
618600,4.216473579406738,1782912434.2630625
618700,4.123087406158447,1782912440.5591683
618800,3.887016773223877,1782912446.9008014
618900,4.737122058868408,1782912453.2158194
619000,2.5208535194396973,1782912459.3241336
619100,5.33730411529541,1782912465.5377083
619200,3.0680294036865234,1782912471.676109
619300,2.2018370628356934,1782912478.4883041
619400,6.3439202308654785,1782912484.8404636
619500,5.358335494995117,1782912491.2541497
619600,3.0172982215881348,1782912497.3515596
619700,3.8682940006256104,1782912503.362007
619800,3.370755434036255,1782912509.4818225
619900,5.048617362976074,1782912515.7084575
620000,5.011191368103027,1782912521.830923
620100,2.4531729221343994,1782912527.9421604
620200,2.362799644470215,1782912534.2017622
620300,-0.45331984758377075,1782912540.7170255
620400,3.251810073852539,1782912546.907874
620500,3.7223620414733887,1782912553.1753688
620600,3.1764402389526367,1782912559.6557667
620700,3.3534586429595947,1782912565.9733143
620800,1.8093154430389404,1782912572.1008806
620900,2.429936408996582,1782912578.336477
621000,3.2282838821411133,1782912584.4429939
621100,2.8504769802093506,1782912590.6695209
621200,1.5758715867996216,1782912597.2533803
621300,4.371719837188721,1782912603.6715589
621400,2.382162094116211,1782912610.1475337
621500,3.217790126800537,1782912616.3407118
621600,1.542663812637329,1782912622.5474
621700,4.837616443634033,1782912629.0918593
621800,1.694791316986084,1782912635.4570293
621900,2.7530040740966797,1782912641.8861303
622000,2.676638603210449,1782912648.423671
622100,3.2780544757843018,1782912654.6337054
622200,4.051997184753418,1782912661.2887132
622300,1.166649580001831,1782912667.6833217
622400,2.7122867107391357,1782912674.1253002
622500,2.494253158569336,1782912680.40951
622600,-0.01605832576751709,1782912686.766832
622700,1.7856521606445312,1782912692.861693
622800,2.024949789047241,1782912699.1516838
622900,2.0892882347106934,1782912705.584927
623000,2.0008738040924072,1782912711.746575
623100,0.8971721529960632,1782912786.884557
623200,1.3602133989334106,1782912793.0677018
623300,3.875159740447998,1782912799.292522
623400,3.3302924633026123,1782912805.5923786
623500,1.4421793222427368,1782912811.6344059
623600,5.878299236297607,1782912817.999542
623700,3.8750147819519043,1782912824.0421305
623800,3.1123270988464355,1782912830.0785933
623900,4.118107795715332,1782912836.4287558
624000,3.4558730125427246,1782912842.473759
624100,5.129483699798584,1782912848.733565
624200,4.814114570617676,1782912854.9379573
624300,0.903099536895752,1782912861.038535
624400,0.5019100904464722,1782912867.1339364
624500,3.341341495513916,1782912873.3158054
624600,6.411661148071289,1782912879.600074
624700,1.1645816564559937,1782912885.6108553
624800,2.0571398735046387,1782912891.518486
624900,3.0304555892944336,1782912897.7014425
625000,3.8708999156951904,1782912903.8478644
625100,1.8424763679504395,1782913094.6350052
625200,5.40849494934082,1782913100.4981713
625300,4.6812944412231445,1782913106.4803157
625400,2.323744297027588,1782913112.4383626
625500,4.761416912078857,1782913118.5280957
625600,3.8466362953186035,1782913124.764057
625700,3.3448143005371094,1782913130.742802
625800,2.884976387023926,1782913136.8477588
625900,2.6264162063598633,1782913142.9832695
626000,3.547879695892334,1782913149.197077
626100,3.254176139831543,1782913155.2736144
626200,1.5110547542572021,1782913161.452283
626300,2.1301300525665283,1782913167.7852056
626400,2.67990779876709,1782913173.8992257
626500,2.031397581100464,1782913180.261621
626600,0.15725183486938477,1782913186.773508
626700,3.0465035438537598,1782913193.1393514
626800,2.3667893409729004,1782913199.320121
626900,2.9621496200561523,1782913205.5217276
627000,1.2804677486419678,1782913211.8212454
627100,3.5864017009735107,1782913218.1861806
627200,3.026273250579834,1782913224.3367922
627300,2.694230079650879,1782913230.6406136
627400,4.680650234222412,1782913236.7742665
627500,2.656144380569458,1782913242.8973665
627600,4.312225818634033,1782913249.323244
627700,3.3020694255828857,1782913255.5486429
627800,4.557513236999512,1782913261.9167845
627900,2.9658284187316895,1782913268.157596
628000,3.0802903175354004,1782913274.4642775
628100,1.9320390224456787,1782913280.6129491
628200,4.831989765167236,1782913286.8783247
628300,4.509535789489746,1782913293.136711
628400,3.721116781234741,1782913299.3163207
628500,4.232712268829346,1782913305.6253479
628600,3.3797545433044434,1782913311.9320984
628700,4.842820167541504,1782913318.1185215
628800,2.885999917984009,1782913324.156142
628900,3.749460458755493,1782913330.3687365
629000,3.781379222869873,1782913336.6405976
629100,2.379507303237915,1782913342.8557925
629200,1.6935434341430664,1782913348.985371
629300,2.471038579940796,1782913355.1567833
629400,2.603363513946533,1782913361.4905145
629500,3.244553565979004,1782913367.8071096
629600,0.3652895987033844,1782913374.1554155
629700,0.7085087895393372,1782913380.5165212
629800,1.3230501413345337,1782913386.7169383
629900,1.2358243465423584,1782913392.6923175
630000,1.4483983516693115,1782913399.0685544
630100,1.8286018371582031,1782913405.523868
630200,2.1404340267181396,1782913411.873472
630300,2.8157577514648438,1782913418.032261
630400,2.6194369792938232,1782913424.1903086
630500,3.2483723163604736,1782913430.535571
630600,1.5043418407440186,1782913437.0898209
630700,0.4535806179046631,1782913443.55959
630800,3.2679152488708496,1782913449.9066935
630900,2.38222074508667,1782913456.1082566
631000,0.5871368646621704,1782913462.1759136
631100,2.0405256748199463,1782913468.3066947
631200,4.825772762298584,1782913474.4995918
631300,3.917982816696167,1782913480.7987313
631400,2.1277711391448975,1782913486.9832478
631500,3.943551778793335,1782913493.1974018
631600,4.14306116104126,1782913499.6598902
631700,2.787210464477539,1782913505.8511362
631800,3.2999372482299805,1782913511.9087646
631900,4.399822235107422,1782913518.119586
632000,3.796844005584717,1782913524.2738454
632100,6.438179016113281,1782913530.3306003
632200,3.5960636138916016,1782913536.746967
632300,3.1303768157958984,1782913542.7665532
632400,4.563329696655273,1782913549.2817047
632500,3.0765674114227295,1782913555.3528857
632600,3.033034324645996,1782913561.6137753
632700,1.9859066009521484,1782913567.8532622
632800,2.5788490772247314,1782913573.9025388
632900,4.483103275299072,1782913580.1556385
633000,3.644744396209717,1782913586.2468503
633100,3.610868215560913,1782913592.3154993
633200,2.6948084831237793,1782913598.6232884
633300,1.4960651397705078,1782913605.1386542
633400,1.8606624603271484,1782913611.435588
633500,1.906703233718872,1782913617.688387
633600,2.74710750579834,1782913623.9246428
633700,4.692796230316162,1782913630.1848125
633800,4.70927619934082,1782913636.4968836
633900,3.998772621154785,1782913642.553795
634000,3.9872095584869385,1782913648.8072608
634100,2.955174446105957,1782913655.1298058
634200,4.638851165771484,1782913661.2527921
634300,4.560545921325684,1782913667.427354
634400,3.5378429889678955,1782913673.7870724
634500,1.0697314739227295,1782913680.1282015
634600,1.3940924406051636,1782913686.3378518
634700,4.2856974601745605,1782913692.7322044
634800,1.2950031757354736,1782913698.86879
634900,3.7263731956481934,1782913705.0829182
635000,2.305556297302246,1782913711.4692802
635100,4.793402671813965,1782913718.0213974
635200,2.996034622192383,1782913724.265471
635300,2.4483020305633545,1782913730.5833378
635400,3.6816108226776123,1782913736.7890952
635500,5.532454490661621,1782913743.2623281
635600,1.1902501583099365,1782913749.675534
635700,3.1083133220672607,1782913755.873866
635800,4.665134429931641,1782913762.2228637
635900,4.648291110992432,1782913768.4133575
636000,2.326488733291626,1782913774.807799
636100,4.146169662475586,1782913781.1993124
636200,3.1393911838531494,1782913787.5294523
636300,5.220012664794922,1782913793.952731
636400,2.389157295227051,1782913800.0178218
636500,4.706141471862793,1782913806.0566432
636600,5.491726875305176,1782913812.2213798
636700,4.714788913726807,1782913818.2082005
636800,0.9507017731666565,1782913824.5218835
636900,2.3037309646606445,1782913830.746816
637000,4.058122634887695,1782913837.0434246
637100,3.780539035797119,1782913843.3382862
637200,4.239359378814697,1782913849.642914
637300,4.686063289642334,1782913855.7044616
637400,7.285773754119873,1782913862.0773828
637500,2.542733907699585,1782913868.086141
637600,4.859156608581543,1782913874.226758
637700,3.67047119140625,1782913880.6603758
637800,3.05890154838562,1782913886.7229447
637900,3.2106447219848633,1782913892.9632106
638000,4.283263683319092,1782913898.9613209
638100,1.9368597269058228,1782913905.080902
638200,5.236477851867676,1782913911.2662826
638300,4.013300895690918,1782913917.3938808
638400,4.594763278961182,1782913923.4715734
638500,5.879508972167969,1782913929.4943817
638600,3.242867946624756,1782913935.486354
638700,2.4956696033477783,1782913941.5757768
638800,3.110058546066284,1782913948.0496564
638900,1.7705271244049072,1782913954.3338845
639000,3.30887770652771,1782913960.5164204
639100,3.8615031242370605,1782913966.6411014
639200,3.846320867538452,1782913972.9434462
639300,2.772127151489258,1782913979.0711572
639400,2.3350067138671875,1782913985.3399696
639500,1.901322603225708,1782913991.5283613
639600,3.598677158355713,1782913997.6554625
639700,2.9564647674560547,1782914003.8821626
639800,2.477428436279297,1782914009.9915113
639900,3.435062885284424,1782914016.2918339
640000,1.88410222530365,1782914022.4922872
640100,2.5675809383392334,1782914028.803813
640200,5.303385257720947,1782914035.0108328
640300,3.0877175331115723,1782914041.2186303
640400,3.534025192260742,1782914047.557733
640500,4.652730464935303,1782914053.8372185
640600,4.062396049499512,1782914060.1055698
640700,4.605129241943359,1782914066.2742114
640800,3.4692490100860596,1782914072.7175555
640900,3.058350086212158,1782914078.6915765
641000,3.8379287719726562,1782914084.7777283
641100,3.1110761165618896,1782914090.9175072
641200,5.137001037597656,1782914097.2566242
641300,5.1770734786987305,1782914103.6222954
641400,6.464054584503174,1782914109.8013024
641500,2.4491329193115234,1782914116.040559
641600,4.05463171005249,1782914122.3287442
641700,3.8190360069274902,1782914128.4311948
641800,3.359302282333374,1782914134.6807778
641900,1.5972096920013428,1782914140.8321762
642000,2.185044765472412,1782914147.0168462
642100,3.082268238067627,1782914153.3445485
642200,3.2332231998443604,1782914159.8098154
642300,1.9989356994628906,1782914165.9881973
642400,4.392612457275391,1782914171.9956417
642500,2.0779550075531006,1782914178.2221959
642600,2.1015429496765137,1782914184.5063264
642700,3.794942617416382,1782914190.8915246
642800,3.147754192352295,1782914197.0385225
642900,3.503999710083008,1782914203.207759
643000,1.055619239807129,1782914209.3590405
643100,3.4109206199645996,1782914215.5829113
643200,5.292502403259277,1782914221.6957996
643300,4.763101100921631,1782914227.8892841
643400,4.392777442932129,1782914234.0358043
643500,2.098639488220215,1782914240.0202441
643600,3.591675281524658,1782914246.0626829
643700,4.876852035522461,1782914252.2431006
643800,3.652137279510498,1782914258.4054482
643900,4.674141883850098,1782914264.6028168
644000,4.550412178039551,1782914270.703679
644100,4.671282768249512,1782914276.8501537
644200,4.811055660247803,1782914283.1116252
644300,4.965285301208496,1782914289.1410086
644400,4.799851894378662,1782914295.3618813
644500,4.209964752197266,1782914301.4808023
644600,2.8758392333984375,1782914307.6453898
644700,4.403774261474609,1782914313.8894868
644800,3.8825736045837402,1782914320.1930234
644900,3.677663564682007,1782914326.2569277
645000,4.331806182861328,1782914332.4011378
645100,3.04052472114563,1782914338.4538352
645200,4.32772970199585,1782914344.7485144
645300,3.4318125247955322,1782914351.1869028
645400,1.3539860248565674,1782914357.226913
645500,3.7952616214752197,1782914363.4901726
645600,3.3796801567077637,1782914369.7145832
645700,4.854979038238525,1782914376.0069768
645800,2.7858033180236816,1782914382.2210786
645900,2.495076894760132,1782914388.4406009
646000,1.5995323657989502,1782914394.7387357
646100,2.7971513271331787,1782914400.8525343
646200,2.8837509155273438,1782914406.9869063
646300,4.188969612121582,1782914413.3681123
646400,3.7208251953125,1782914419.6427696
646500,0.5794768333435059,1782914425.7351406
646600,3.054069995880127,1782914431.8949852
646700,4.710302829742432,1782914438.0875316
646800,3.4374327659606934,1782914444.2412753
646900,4.995307922363281,1782914450.293371
647000,1.5897843837738037,1782914456.5875263
647100,1.5054419040679932,1782914463.0148542
647200,2.744849681854248,1782914469.0557437
647300,4.1075968742370605,1782914475.249488
647400,3.3925743103027344,1782914481.453765
647500,2.1163158416748047,1782914487.679331
647600,2.6156463623046875,1782914494.1581566
647700,2.6413891315460205,1782914500.2167253
647800,1.9802615642547607,1782914506.3402054
647900,-0.2700285315513611,1782914512.6872823
648000,1.64918851852417,1782914518.971211
648100,1.8491756916046143,1782914525.1537998
648200,3.3752474784851074,1782914531.3860016
648300,3.429208993911743,1782914537.4518096
648400,1.016329050064087,1782914543.6077917
648500,0.579246461391449,1782914549.7397292
648600,0.9098906517028809,1782914555.990393
648700,2.0232057571411133,1782914562.0790863
648800,0.802472710609436,1782914568.2892683
648900,2.379321336746216,1782914574.6384835
649000,2.5420427322387695,1782914580.9193943
649100,-0.5850368142127991,1782914587.2181063
649200,2.4652602672576904,1782914593.5048018
649300,1.4932678937911987,1782914599.7246435
649400,-1.4309191703796387,1782914606.0636075
649500,3.728790760040283,1782914612.1867507
649600,3.8141086101531982,1782914618.572263
649700,1.1854479312896729,1782914624.803505
649800,3.1594350337982178,1782914631.0836725
649900,2.1313726902008057,1782914637.348352
650000,1.1935794353485107,1782915643.7720706
650100,2.4480514526367188,1782915832.7623098
650200,1.2336664199829102,1782915838.895893
650300,3.986268997192383,1782915845.1226301
650400,1.5432276725769043,1782915851.0761986
650500,1.5042767524719238,1782915857.1016502
650600,1.5774173736572266,1782915863.284868
650700,3.7991414070129395,1782915869.4211621
650800,3.0409493446350098,1782915875.526369
650900,2.4121036529541016,1782916065.2257295
651000,3.278087854385376,1782916070.85684
651100,0.37609612941741943,1782916076.5225215
651200,2.2287347316741943,1782916082.1531138
651300,2.867156505584717,1782916087.828478
651400,1.5824041366577148,1782916093.725694
651500,1.1293723583221436,1782916100.199266
651600,3.6159207820892334,1782916106.5659645
651700,2.2490310668945312,1782916113.1215973
651800,0.6676375865936279,1782916119.5852787
651900,2.259373426437378,1782916126.4168775
652000,1.8177000284194946,1782916132.9054236
652100,-0.36304157972335815,1782916139.553632
652200,2.953510046005249,1782916146.4607542
652300,2.7974143028259277,1782916153.0462954
652400,-0.5405173301696777,1782916159.8243177
652500,2.1965057849884033,1782916166.356791
652600,3.282503843307495,1782916173.2151196
652700,2.7035021781921387,1782916179.7039897
652800,3.261415481567383,1782916186.1695745
652900,1.66669762134552,1782916192.557294
653000,3.396101236343384,1782916199.0138762
653100,2.580681562423706,1782916205.3813674
653200,1.2970948219299316,1782916212.1525893
653300,3.988821506500244,1782916218.5346825
653400,-1.0081149339675903,1782916225.3733683
653500,3.0461831092834473,1782916231.9274023
653600,1.9675285816192627,1782916238.5517392
653700,1.0789105892181396,1782916245.23888
653800,0.6869245767593384,1782916251.7332058
653900,3.3603951930999756,1782916258.2523127
654000,2.1694302558898926,1782916264.6952
654100,1.698503851890564,1782916271.5164614
654200,0.9467273950576782,1782916277.9688313
654300,2.0620787143707275,1782916284.4383876
654400,3.0704121589660645,1782916290.8386703
654500,0.8964415788650513,1782916297.2712626
654600,2.9028284549713135,1782916303.7803714
654700,4.907778263092041,1782916310.7138567
654800,4.087823867797852,1782916317.357214
654900,4.53173303604126,1782916324.1491156
655000,3.5025289058685303,1782916331.023971
655100,4.930748462677002,1782916337.5248907
655200,4.61883544921875,1782916344.0188835
655300,3.5065414905548096,1782916350.7793863
655400,4.046897888183594,1782916357.4011846
655500,4.13081169128418,1782916363.860562
655600,4.5330352783203125,1782916370.5872452
655700,3.0651755332946777,1782916377.287161
655800,3.473994731903076,1782916383.9932406
655900,3.870920419692993,1782916390.7065196
656000,2.559011936187744,1782916397.1774738
656100,6.256102561950684,1782916403.8523364
656200,5.026301383972168,1782916410.699735
656300,5.690130233764648,1782916417.2699902
656400,1.3642499446868896,1782916423.9181488
656500,4.957977294921875,1782916430.3842201
656600,2.6282732486724854,1782916436.7941053
656700,4.623884677886963,1782916443.5491495
656800,2.793208122253418,1782916450.0020552
656900,1.3838999271392822,1782916456.438955
657000,4.967493534088135,1782916463.2625575
657100,2.9251880645751953,1782916469.9689226
657200,4.224889278411865,1782916476.6868875
657300,1.5934934616088867,1782916483.315355
657400,2.4990720748901367,1782916489.978144
657500,3.731687068939209,1782916496.7134519
657600,3.6327457427978516,1782916503.2236316
657700,2.2776002883911133,1782916509.885116
657800,2.952981472015381,1782916516.535933
657900,0.33994758129119873,1782916523.0497062
658000,3.6548123359680176,1782916529.8351765
658100,3.062682867050171,1782916536.15031
658200,4.275259971618652,1782916542.839406
658300,3.1506237983703613,1782916549.3369448
658400,4.004177093505859,1782916556.222427
658500,1.7279161214828491,1782916562.8384333
658600,4.186142921447754,1782916569.5048018
658700,1.9976094961166382,1782916576.119943
658800,2.8673455715179443,1782916582.7458198
658900,3.8302173614501953,1782916589.297005
659000,4.907750129699707,1782916595.7983518
659100,4.8123931884765625,1782916602.4331787
659200,4.020910263061523,1782916608.6855683
659300,2.9250192642211914,1782916614.9025507
659400,2.87526273727417,1782916620.9373643
659500,3.5834975242614746,1782916627.1832328
659600,1.3046460151672363,1782916633.2881188
659700,4.603549957275391,1782916639.384875
659800,3.130885601043701,1782916645.8795192
659900,3.0048718452453613,1782916652.4457595
660000,3.81746244430542,1782916658.7290404
660100,1.808219313621521,1782916665.0023656
660200,3.9531846046447754,1782916670.9096758
660300,4.286360263824463,1782916676.9848216
660400,4.067934989929199,1782916683.2054036
660500,2.0420615673065186,1782916689.2574155
660600,5.022844314575195,1782916695.2348793
660700,1.9176737070083618,1782916701.5833933
660800,3.779635429382324,1782916707.6173384
660900,6.199621677398682,1782916713.87019
661000,4.95072603225708,1782916719.9986672
661100,5.234789848327637,1782916726.1928897
661200,3.0015885829925537,1782916732.2407775
661300,4.395740509033203,1782916738.308796
661400,3.800264835357666,1782916744.439721
661500,4.615217208862305,1782916750.5961823
661600,2.6171140670776367,1782916756.7777078
661700,3.644691228866577,1782916763.0176694
661800,4.311034202575684,1782916769.0411196
661900,3.770263910293579,1782916775.0146744
662000,4.609963893890381,1782916781.4333453
662100,5.191971302032471,1782916787.441569
662200,3.343702554702759,1782916793.6224732
662300,3.220236301422119,1782916799.754366
662400,5.410502910614014,1782916805.8363166
662500,6.9480509757995605,1782916811.693194
662600,7.209655284881592,1782916817.7527475
662700,3.437309503555298,1782916823.8736632
662800,5.866955757141113,1782916829.8626392
662900,4.673334121704102,1782916836.099302
663000,6.181623458862305,1782916842.1046033
663100,4.315603256225586,1782916848.3589382
663200,3.3044793605804443,1782916854.222171
663300,4.887273788452148,1782916860.2394366
663400,4.239920139312744,1782916866.4462216
663500,5.79331111907959,1782916872.4554636
663600,3.9008631706237793,1782916878.8830643
663700,2.882033348083496,1782916885.2294202
663800,4.919159889221191,1782916891.3166118
663900,4.7415771484375,1782916897.641332
664000,2.892197608947754,1782916903.9448354
664100,4.166568279266357,1782916910.2729352
664200,5.047807216644287,1782916916.4958286
664300,5.4161057472229,1782916922.7383313
664400,5.368814468383789,1782916928.8728733
664500,6.0887861251831055,1782916935.2001462
664600,4.185210227966309,1782916941.0675735
664700,3.3310155868530273,1782916947.078956
664800,2.319707155227661,1782916953.0406165
664900,3.3765013217926025,1782916958.9155684
665000,3.33597993850708,1782916965.201605
665100,4.28501558303833,1782916971.5467987
665200,4.711233139038086,1782916977.568761
665300,4.866901397705078,1782916983.5053804
665400,3.0606253147125244,1782916989.5740259
665500,5.182801723480225,1782916995.6897154
665600,3.1477723121643066,1782917001.8618605
665700,5.293686866760254,1782917007.8960311
665800,3.229994773864746,1782917014.1741714
665900,1.8030511140823364,1782917020.299021
666000,2.541975975036621,1782917026.9735563
666100,5.328405380249023,1782917033.4966502
666200,2.4043824672698975,1782917040.0543902
666300,4.435878753662109,1782917046.6971948
666400,3.5867362022399902,1782917053.376836
666500,4.480063438415527,1782917060.1517384
666600,4.088624954223633,1782917066.684507
666700,4.623680114746094,1782917073.2421532
666800,5.089717864990234,1782917079.808173
666900,5.068483829498291,1782917086.4242258
667000,3.7756104469299316,1782917093.2167795
667100,4.910181522369385,1782917099.8835974
667200,4.553091049194336,1782917106.511582
667300,3.716150999069214,1782917113.212757
667400,3.325228214263916,1782917119.6267307
667500,2.966336727142334,1782917126.1371608
667600,3.8268518447875977,1782917132.8341942
667700,4.965366840362549,1782917139.4143727
667800,3.844775915145874,1782917145.7850163
667900,2.8419666290283203,1782917152.247421
668000,2.8439173698425293,1782917158.9986644
668100,1.1770997047424316,1782917165.2523987
668200,3.2347888946533203,1782917171.3125718
668300,4.480520248413086,1782917177.4281998
668400,4.5453948974609375,1782917183.4494228
668500,4.6302876472473145,1782917189.7438817
668600,5.515185832977295,1782917195.7828329
668700,3.5762486457824707,1782917202.0863876
668800,1.7539818286895752,1782917208.1380687
668900,4.164178371429443,1782917214.4906209
669000,3.3248348236083984,1782917220.6199574
669100,3.570167064666748,1782917226.8839598
669200,1.349036693572998,1782917233.0516732
669300,2.7249298095703125,1782917239.0491252
669400,2.378563165664673,1782917245.0274498
669500,3.582005023956299,1782917251.305759
669600,4.071501731872559,1782917257.6883893
669700,4.942505359649658,1782917263.8537612
669800,3.330080032348633,1782917270.1818852
669900,4.351428985595703,1782917276.3143017
670000,3.5151004791259766,1782917282.4626536
670100,5.813088417053223,1782917288.6875017
670200,3.851681709289551,1782917294.6583083
670300,5.273705959320068,1782917300.7162473
670400,4.070672035217285,1782917306.9625318
670500,5.71940803527832,1782917312.853519
670600,5.94711971282959,1782917319.0547397
670700,5.624741554260254,1782917324.9153852
670800,5.368247032165527,1782917330.7960176
670900,2.8905625343322754,1782917336.7592404
671000,4.691815376281738,1782917342.831639
671100,4.021100997924805,1782917348.6972232
671200,4.10018253326416,1782917354.7038379
671300,6.803093433380127,1782917360.80105
671400,5.023326873779297,1782917367.2146661
671500,4.848836898803711,1782917373.365735
671600,5.340271949768066,1782917379.3039346
671700,3.275803327560425,1782917385.6174042
671800,6.116672992706299,1782917391.9806728
671900,4.018240451812744,1782917398.1150517
672000,4.370158672332764,1782917404.3033056
672100,5.751227855682373,1782917410.4179182
672200,3.885150671005249,1782917416.6533277
672300,4.70595645904541,1782917422.5381498
672400,3.214423656463623,1782917428.8483522
672500,4.651047229766846,1782917434.9364023
672600,5.272508144378662,1782917441.0922832
672700,5.733288288116455,1782917447.3799362
672800,5.3421173095703125,1782917453.4453387
672900,7.366952419281006,1782917459.6349072
673000,3.6697216033935547,1782917465.8487015
673100,5.913324356079102,1782917471.9396977
673200,2.593299388885498,1782917478.1396003
673300,4.37341833114624,1782917484.2451692
673400,6.529548645019531,1782917490.3690567
673500,5.039817810058594,1782917496.4402435
673600,5.161693572998047,1782917502.62457
673700,3.2060632705688477,1782917508.757734
673800,4.376947402954102,1782917514.7670546
673900,6.033150672912598,1782917521.2506878
674000,6.501429080963135,1782917527.6309102
674100,4.2117533683776855,1782917533.9371595
674200,5.3676300048828125,1782917540.208299
674300,3.7823965549468994,1782917546.3814418
674400,4.714834213256836,1782917552.7180045
674500,5.2334160804748535,1782917559.056646
674600,6.153078079223633,1782917565.2179127
674700,5.2899603843688965,1782917571.4892974
674800,3.4660279750823975,1782917577.6876059
674900,4.8080034255981445,1782917583.813528
675000,4.265914440155029,1782917589.9649844
675100,4.469111442565918,1782917768.5043368
675200,5.47476863861084,1782917774.5860386
675300,5.437747955322266,1782917780.65623
675400,4.099324703216553,1782917786.7610521
675500,5.055027961730957,1782917792.8625965
675600,5.375850677490234,1782917799.3069918
675700,2.570420265197754,1782917805.4862394
675800,4.738284111022949,1782917811.5628815
675900,4.288369655609131,1782917817.7760413
676000,2.224745035171509,1782917824.0229185
676100,5.478998184204102,1782917830.1211863
676200,3.184335947036743,1782917836.3957896
676300,3.4194531440734863,1782917842.4340081
676400,3.621522903442383,1782917848.6173575
676500,2.44710636138916,1782917854.89974
676600,4.016439437866211,1782917861.1414402
676700,2.6671042442321777,1782917867.0510285
676800,5.329204559326172,1782917873.2195184
676900,3.19364070892334,1782917879.6355808
677000,3.6915946006774902,1782917885.715096
677100,3.7907798290252686,1782917891.9535122
677200,4.083532333374023,1782917898.1914735
677300,4.401933670043945,1782917904.534084
677400,3.9564151763916016,1782917910.6607385
677500,6.013984680175781,1782917916.7511485
677600,4.879549980163574,1782917922.7820058
677700,4.290801048278809,1782917929.0732653
677800,3.545069694519043,1782917935.1549861
677900,4.578266143798828,1782917941.3857875
678000,4.519637107849121,1782917947.348678
678100,5.649966239929199,1782917953.430783
678200,4.3197479248046875,1782917959.554895
678300,5.057704925537109,1782917965.5564487
678400,6.611370086669922,1782917971.5719793
678500,5.450850963592529,1782917977.7074993
678600,5.02890682220459,1782917983.6721933
678700,3.477618932723999,1782917989.8111222
678800,6.344399452209473,1782917995.786739
678900,5.977649688720703,1782918002.0422196
679000,4.35764217376709,1782918008.236707
679100,4.972219944000244,1782918014.5064983
679200,6.854015827178955,1782918020.6901724
679300,4.2302775382995605,1782918026.871754
679400,4.321461200714111,1782918032.8884633
679500,4.6825032234191895,1782918039.0373359
679600,4.674054145812988,1782918045.1024263
679700,5.881974697113037,1782918051.2194228
679800,4.65831995010376,1782918057.461628
679900,1.8808544874191284,1782918063.691859
680000,2.236330986022949,1782918069.7841425
680100,4.232964515686035,1782918075.8347194
680200,3.8780338764190674,1782918081.8488069
680300,1.083461046218872,1782918087.830513
680400,2.954021453857422,1782918093.921353
680500,-0.4532843828201294,1782918099.8430316
680600,3.1635024547576904,1782918105.9662182
680700,3.0605850219726562,1782918111.8356848
680800,4.298840045928955,1782918117.7141216
680900,4.354006290435791,1782918123.8023455
681000,3.8208703994750977,1782918129.8430147
681100,4.283172607421875,1782918135.9179015
681200,3.8684241771698,1782918141.9791145
681300,2.0156829357147217,1782918148.075292
681400,2.0558438301086426,1782918154.3051288
681500,2.8713574409484863,1782918160.1005235
681600,1.8679431676864624,1782918166.3918786
681700,2.6394503116607666,1782918172.5426319
681800,2.6225357055664062,1782918178.8351145
681900,2.201359987258911,1782918184.8205557
682000,3.031205892562866,1782918191.0723317
682100,2.47009539604187,1782918197.046084
682200,2.395989418029785,1782918203.3075082
682300,2.8138227462768555,1782918209.3509958
682400,3.7822675704956055,1782918215.8365571
682500,3.6740708351135254,1782918222.0852723
682600,2.5402040481567383,1782918228.2001312
682700,3.7441091537475586,1782918234.373968
682800,2.162214517593384,1782918240.2906682
682900,3.1236488819122314,1782918246.4606154
683000,2.779374837875366,1782918252.4076867
683100,3.010606288909912,1782918258.3957517
683200,2.302556276321411,1782918264.4056525
683300,1.9756619930267334,1782918270.2873654
683400,3.044484853744507,1782918276.295603
683500,1.056488275527954,1782918282.468573
683600,3.4496092796325684,1782918288.4224992
683700,2.9076266288757324,1782918294.32888
683800,2.6291017532348633,1782918300.4037294
683900,2.1770095825195312,1782918306.4260564
684000,3.1323211193084717,1782918312.4489496
684100,3.2739040851593018,1782918318.662697
684200,3.009913921356201,1782918324.848594
684300,4.527335166931152,1782918330.8870962
684400,2.9474573135375977,1782918337.3166587
684500,3.723747730255127,1782918343.3584423
684600,4.660772800445557,1782918349.3404827
684700,0.6607629060745239,1782918355.467139
684800,2.9799625873565674,1782918361.8281121
684900,4.41193151473999,1782918367.866768
685000,2.9473700523376465,1782918374.1957104
685100,5.961390972137451,1782918380.3793032
685200,3.04870867729187,1782918386.5182114
685300,4.686025619506836,1782918392.593437
685400,4.1934003829956055,1782918398.8685462
685500,2.6820154190063477,1782918405.1934514
685600,2.702523708343506,1782918411.4310117
685700,5.021900653839111,1782918417.8726106
685800,2.2061879634857178,1782918424.0158749
685900,4.104557991027832,1782918430.4451187
686000,3.6927742958068848,1782918436.771956
686100,3.471024751663208,1782918443.1889696
686200,5.131348609924316,1782918449.4149823
686300,2.7305409908294678,1782918455.7014048
686400,1.3066397905349731,1782918461.8932712
686500,2.47328782081604,1782918468.214848
686600,6.070405960083008,1782918474.340152
686700,5.6246490478515625,1782918480.5794394
686800,6.038875579833984,1782918486.819438
686900,3.8998656272888184,1782918493.1268258
687000,4.082340717315674,1782918499.3116128
687100,4.831098556518555,1782918505.4332523
687200,5.633648872375488,1782918511.681568
687300,4.27811336517334,1782918517.998622
687400,3.6801493167877197,1782918524.134148
687500,5.547204971313477,1782918530.121679
687600,4.07253885269165,1782918536.3299158
687700,4.040716171264648,1782918542.5640118
687800,2.827402353286743,1782918548.4388285
687900,3.1803393363952637,1782918554.3920033
688000,4.9200758934021,1782918560.7789452
688100,1.5941345691680908,1782918566.840441
688200,1.7214418649673462,1782918572.9551368
688300,4.986056327819824,1782918579.1507356
688400,2.8059587478637695,1782918585.3024259
688500,2.658804416656494,1782918591.5505588
688600,3.7724719047546387,1782918597.5717385
688700,1.7159247398376465,1782918603.9796257
688800,3.726278781890869,1782918610.118744
688900,3.1999902725219727,1782918616.3850613
689000,5.064568519592285,1782918622.2956235
689100,5.110691070556641,1782918628.683074
689200,3.587233543395996,1782918634.8331888
689300,3.995912551879883,1782918641.0730488
689400,3.0745928287506104,1782918647.0148926
689500,2.9882771968841553,1782918653.2977588
689600,3.7574057579040527,1782918659.5339532
689700,2.846055507659912,1782918665.6096072
689800,6.707844257354736,1782918671.8663826
689900,3.9372599124908447,1782918677.945759
690000,1.4413868188858032,1782918684.020567
690100,4.429038047790527,1782918690.2507365
690200,3.86385440826416,1782918696.612804
690300,2.2215781211853027,1782918702.7688823
690400,4.539313793182373,1782918708.8467004
690500,4.520871162414551,1782918714.9788597
690600,4.99396276473999,1782918721.163955
690700,4.282825469970703,1782918727.4602964
690800,3.0050153732299805,1782918733.7442157
690900,3.710160970687866,1782918739.9265692
691000,4.100704193115234,1782918746.0940537
691100,3.0322980880737305,1782918752.3185194
691200,3.212482452392578,1782918758.40971
691300,3.203364849090576,1782918764.387824
691400,4.048673629760742,1782918770.7119865
691500,3.0343177318573,1782918776.7080867
691600,1.5563712120056152,1782918782.730872
691700,5.394214153289795,1782918788.940698
691800,4.130737781524658,1782918794.9817371
691900,5.011419296264648,1782918801.2601619
692000,2.307244062423706,1782918807.4141917
692100,2.7266483306884766,1782918813.3623464
692200,5.27781867980957,1782918819.3387258
692300,4.859539031982422,1782918825.4414496
692400,4.286228179931641,1782918831.4694014
692500,3.9742636680603027,1782918837.718243
692600,2.9845643043518066,1782918843.9719915
692700,6.587184906005859,1782918850.088292
692800,4.192292213439941,1782918856.361482
692900,3.037299633026123,1782918862.510562
693000,3.229907512664795,1782918868.6567369
693100,2.8446719646453857,1782918874.7154176
693200,3.5140695571899414,1782918880.950391
693300,3.910609245300293,1782918887.023347
693400,4.723547458648682,1782918893.2566562
693500,4.228170871734619,1782918899.3454418
693600,5.3924736976623535,1782918905.4958062
693700,3.0247926712036133,1782918911.70661
693800,6.013907432556152,1782918917.850873
693900,5.239678382873535,1782918924.1284473
694000,4.6322102546691895,1782918930.2978094
694100,4.505447864532471,1782918936.500114
694200,1.703753113746643,1782918942.6409492
694300,3.8082046508789062,1782918948.7482798
694400,4.817251205444336,1782918954.8575697
694500,5.438836574554443,1782918960.9404387
694600,2.936746120452881,1782918967.196509
694700,4.243776798248291,1782918973.2572637
694800,3.3375253677368164,1782918979.234655
694900,4.092486381530762,1782918985.3490953
695000,4.292283058166504,1782918991.4155009
695100,3.1850383281707764,1782918997.3794324
695200,3.8611128330230713,1782919003.5631535
695300,5.448318004608154,1782919009.6907742
695400,2.8214924335479736,1782919015.6186883
695500,6.138153076171875,1782919021.9332235
695600,5.685851573944092,1782919028.1053007
695700,4.188838481903076,1782919034.4696932
695800,4.772109031677246,1782919040.4766505
695900,3.9562716484069824,1782919046.585898
696000,2.326651096343994,1782919052.592378
696100,4.404952526092529,1782919058.6468925
696200,4.694333076477051,1782919065.0047112
696300,2.750664710998535,1782919071.266646
696400,3.455589532852173,1782919077.3311818
696500,3.3639235496520996,1782919083.3713565
696600,6.032498359680176,1782919089.405568
696700,2.4107887744903564,1782919095.6001644
696800,5.085206985473633,1782919101.9373372
696900,4.595372200012207,1782919107.9510174
697000,3.244154930114746,1782919114.0654075
697100,4.125583648681641,1782919120.116951
697200,3.1865038871765137,1782919126.5729709
697300,4.322796821594238,1782919132.752514
697400,1.829304575920105,1782919139.1213725
697500,3.9637107849121094,1782919145.3790145
697600,4.929560661315918,1782919151.44088
697700,2.3166186809539795,1782919157.7175665
697800,4.025321006774902,1782919163.665078
697900,4.71621036529541,1782919170.0930233
698000,6.764087677001953,1782919176.4118605
698100,6.0074615478515625,1782919182.42313
698200,5.731990337371826,1782919188.7483368
698300,3.0947277545928955,1782919195.140454
698400,2.163149356842041,1782919201.0762632
698500,2.6309659481048584,1782919207.2246084
698600,4.697967529296875,1782919213.4734223
698700,4.890283584594727,1782919219.8086255
698800,4.194687366485596,1782919226.0195298
698900,3.8725826740264893,1782919232.3121312
699000,4.034391403198242,1782919238.4154358
699100,4.436855316162109,1782919244.5681796
699200,2.2036666870117188,1782919250.7248774
699300,1.911841869354248,1782919256.9666626
699400,1.8504743576049805,1782919263.0539832
699500,2.7978134155273438,1782919269.1979825
699600,5.534084320068359,1782919275.3061268
699700,3.3484506607055664,1782919281.4345465
699800,1.4746050834655762,1782919287.5866003
699900,3.2756152153015137,1782919293.7475016
700000,4.591982841491699,1783345544.942712
700100,3.7540059089660645,1783345703.1881213
700200,4.163115978240967,1783345709.3313262
700300,3.2948312759399414,1783345715.529113
700400,6.097907543182373,1783345721.7147055
700500,2.3605363368988037,1783345728.196255
700600,3.764583110809326,1783345734.502584
700700,2.9462151527404785,1783345740.6221573
700800,4.305811882019043,1783345746.7975948
700900,3.80340576171875,1783345752.9346173
701000,4.975245475769043,1783345758.9504366
701100,5.278622150421143,1783345765.3999872
701200,2.9602017402648926,1783345771.4257011
701300,5.954639434814453,1783345777.5826256
701400,6.277760028839111,1783345783.7638261
701500,4.180107116699219,1783345790.1156
701600,3.8203155994415283,1783345796.112219
701700,1.5016340017318726,1783345802.3038619
701800,1.6413004398345947,1783345808.3777328
701900,4.062429904937744,1783345814.3372178
702000,6.161555290222168,1783345820.315754
702100,6.664667129516602,1783345826.5861914
702200,6.392569065093994,1783345832.70365
702300,7.071749687194824,1783345838.9727945
702400,4.046203136444092,1783345845.1959827
702500,6.227751731872559,1783345851.4968684
702600,5.376925468444824,1783345857.8017607
702700,5.0404205322265625,1783345864.0245442
702800,5.544981002807617,1783345870.0665154
702900,5.260417938232422,1783345876.174619
703000,2.8482017517089844,1783345882.2328491
703100,4.254703521728516,1783345888.4032915
703200,2.180954933166504,1783345894.4408534
703300,3.777052879333496,1783345900.7139702
703400,5.977379322052002,1783345907.0284126
703500,6.902770042419434,1783345913.2106633
703600,3.697073459625244,1783345919.374479
703700,4.771429538726807,1783345925.660169
703800,6.6918840408325195,1783345931.8005319
703900,4.6826300621032715,1783345938.0034268
704000,4.409987926483154,1783345944.0743
704100,4.026619911193848,1783345950.4752429
704200,3.5853536128997803,1783345956.5113733
704300,4.619743347167969,1783345962.6171486
704400,4.645502090454102,1783345968.8422692
704500,5.908683776855469,1783345974.863437
704600,5.47865104675293,1783345980.8875546
704700,3.122072696685791,1783345987.09066
704800,5.135349273681641,1783345993.2029843
704900,2.580442190170288,1783345999.4558113
705000,4.685095310211182,1783346005.7798786
705100,2.471182346343994,1783346012.1406844
705200,4.7734270095825195,1783346018.4571707
705300,1.3558053970336914,1783346024.7448351
705400,2.5092437267303467,1783346030.814424
705500,4.374780654907227,1783346036.9574265
705600,4.781485080718994,1783346043.2871737
705700,6.338363170623779,1783346049.4331076
705800,3.0954322814941406,1783346055.519126
705900,3.9515109062194824,1783346061.5908055
706000,2.3022847175598145,1783346067.7554789
706100,1.946738362312317,1783346073.979455
706200,5.055160045623779,1783346080.432449
706300,2.6048598289489746,1783346086.591832
706400,5.693744659423828,1783346092.8441534
706500,3.889204740524292,1783346098.884059
706600,5.793255805969238,1783346105.259846
706700,3.3957056999206543,1783346111.4314241
706800,3.672914981842041,1783346117.5336642
706900,5.11021614074707,1783346123.6507764
707000,4.994165420532227,1783346129.7551804
707100,5.023955345153809,1783346135.934767
707200,5.575070381164551,1783346142.331348
707300,3.7554798126220703,1783346148.7882526
707400,4.005214691162109,1783346155.219239
707500,2.471541404724121,1783346161.6922228
707600,3.001204013824463,1783346167.9954143
707700,2.6035633087158203,1783346174.160951
707800,2.3708724975585938,1783346180.3992782
707900,1.5599524974822998,1783346186.547937
708000,3.174100160598755,1783346192.8993037
708100,2.1583786010742188,1783346199.2656903
708200,3.9250905513763428,1783346205.37219
708300,4.141123294830322,1783346211.480575
708400,2.50473690032959,1783346217.6561832
708500,3.2378554344177246,1783346223.8077772
708600,5.998293876647949,1783346229.8950417
708700,2.8809945583343506,1783346236.1230853
708800,5.076756000518799,1783346242.1430497
708900,4.466894149780273,1783346248.3211293
709000,4.632265090942383,1783346254.652383
709100,2.9530978202819824,1783346260.997828
709200,5.009620666503906,1783346267.2858975
709300,3.533163547515869,1783346273.3799107
709400,3.69405460357666,1783346279.8505166
709500,4.079865455627441,1783346286.1906838
709600,5.270668983459473,1783346292.2822
709700,4.586931228637695,1783346298.45427
709800,3.6334822177886963,1783346304.7594628
709900,4.235294818878174,1783346310.8336065
710000,1.5769226551055908,1783346316.9204876
710100,6.368144989013672,1783346323.097334
710200,3.7392706871032715,1783346329.0574453
710300,1.9378465414047241,1783346335.067174
710400,3.937466859817505,1783346341.0652235
710500,4.167753219604492,1783346347.2118826
710600,4.279425621032715,1783346353.2699804
710700,4.152228355407715,1783346359.3458602
710800,3.2828080654144287,1783346365.5799334
710900,4.891551494598389,1783346371.6210995
711000,4.088428497314453,1783346378.030436
711100,2.8329403400421143,1783346384.3287938
711200,5.83905029296875,1783346390.5381532
711300,3.862584114074707,1783346396.6584463
711400,5.644777774810791,1783346402.8834927
711500,4.540002346038818,1783346409.0249045
711600,5.525180339813232,1783346415.231836
711700,6.149237632751465,1783346421.7017925
711800,4.104255676269531,1783346427.7900777
711900,4.7324628829956055,1783346433.9901652
712000,6.808635711669922,1783346440.2102726
712100,3.542126417160034,1783346446.3883915
712200,3.280330181121826,1783346452.5575242
712300,4.042531967163086,1783346458.8315883
712400,6.865488052368164,1783346465.0415537
712500,3.059816598892212,1783346471.1574817
712600,3.5409696102142334,1783346477.25809
712700,4.728612899780273,1783346483.5141058
712800,3.3439745903015137,1783346489.8103995
712900,4.37185525894165,1783346496.1684754
713000,3.375223159790039,1783346502.3527355
713100,3.886930227279663,1783346508.728331
713200,0.8016403913497925,1783346514.7739806
713300,2.727759838104248,1783346521.091861
713400,3.4361801147460938,1783346527.3586366
713500,4.85143518447876,1783346533.6538084
713600,3.8208045959472656,1783346539.8564441
713700,5.013941764831543,1783346545.9476314
713800,5.615163803100586,1783346552.3254974
713900,4.744462013244629,1783346558.4463804
714000,5.802821159362793,1783346564.68276
714100,3.1435956954956055,1783346570.6794136
714200,4.727182865142822,1783346576.806937
714300,3.6136913299560547,1783346582.9308975
714400,6.122220039367676,1783346589.119939
714500,5.083290100097656,1783346595.4210818
714600,5.24023962020874,1783346601.6209579
714700,1.2061245441436768,1783346607.6408653
714800,4.188903331756592,1783346613.9938586
714900,2.721637725830078,1783346620.0862305
715000,2.9405019283294678,1783346626.1683998
715100,6.664936542510986,1783346632.2372916
715200,3.782017230987549,1783346638.0898385
715300,4.323760509490967,1783346644.2477634
715400,3.2340664863586426,1783346650.3906736
715500,1.750854730606079,1783346656.6822872
715600,3.4838814735412598,1783346662.8514957
715700,2.502502679824829,1783346669.2142181
715800,3.848505973815918,1783346675.3182886
715900,4.911311149597168,1783346681.5384383
716000,4.304291725158691,1783346687.879306
716100,5.759407043457031,1783346694.141232
716200,4.579067707061768,1783346700.3236542
716300,1.8575414419174194,1783346706.5679677
716400,2.261345148086548,1783346712.5331457
716500,5.28147029876709,1783346718.7338867
716600,2.170761823654175,1783346725.0224707
716700,1.9511713981628418,1783346731.1235533
716800,3.316033363342285,1783346737.2887003
716900,4.738188743591309,1783346743.3052597
717000,2.1841230392456055,1783346749.4328623
717100,3.8884379863739014,1783346755.5480227
717200,1.9574640989303589,1783346761.960408
717300,2.09246563911438,1783346768.146836
717400,3.4648804664611816,1783346774.3488636
717500,1.2749379873275757,1783346780.4368937
717600,2.8644466400146484,1783346786.607656
717700,2.5512213706970215,1783346792.972261
717800,2.766476631164551,1783346799.214103
717900,1.2665987014770508,1783346805.5652585
718000,3.2316861152648926,1783346811.8295217
718100,1.2080786228179932,1783346817.941702
718200,1.6729884147644043,1783346823.72827
718300,0.4469611644744873,1783346829.8809354
718400,1.2939599752426147,1783346836.125309
718500,4.742031097412109,1783346842.332531
718600,2.302349090576172,1783346848.5325696
718700,1.51322340965271,1783346854.6088185
718800,3.067902088165283,1783346860.83244
718900,1.5122895240783691,1783346866.9712405
719000,3.557558536529541,1783346873.1340473
719100,5.341214179992676,1783346879.1627154
719200,1.5556905269622803,1783346885.6709132
719300,3.9456348419189453,1783346891.7523882
719400,3.088876724243164,1783346897.9172008
719500,5.927216053009033,1783346904.1568465
719600,3.7705469131469727,1783346910.3880727
719700,5.415216445922852,1783346916.6968105
719800,4.71174430847168,1783346923.0177748
719900,1.9352494478225708,1783346929.1155825
720000,4.699670314788818,1783346935.3889122
720100,4.767065525054932,1783346941.5894709
720200,2.500246047973633,1783346947.9354303
720300,2.455366849899292,1783346954.0998669
720400,5.113453388214111,1783346960.3465972
720500,2.9371471405029297,1783346966.4773035
720600,3.4983646869659424,1783346972.584874
720700,2.870957374572754,1783346978.6202047
720800,1.2987086772918701,1783346984.9016964
720900,4.094830513000488,1783346991.0706038
721000,4.206242561340332,1783346997.068219
721100,4.104578018188477,1783347003.0806544
721200,2.5502758026123047,1783347009.2518039
721300,4.6984734535217285,1783347015.2982533
721400,5.009607315063477,1783347021.2927668
721500,3.488154172897339,1783347027.44053
721600,1.532771348953247,1783347033.3675897
721700,3.1528449058532715,1783347039.5882668
721800,4.844910621643066,1783347045.5968485
721900,4.005988121032715,1783347051.9156141
722000,2.503551959991455,1783347058.0252075
722100,4.3549885749816895,1783347064.3003044
722200,4.06523323059082,1783347070.5123541
722300,2.395758867263794,1783347076.661455
722400,2.9379653930664062,1783347083.0055559
722500,1.7329752445220947,1783347089.2346168
722600,3.2397661209106445,1783347095.3141253
722700,4.734936237335205,1783347101.3555543
722800,2.1753358840942383,1783347107.4359946
722900,3.8291144371032715,1783347113.7024572
723000,3.148577928543091,1783347120.052511
723100,5.261953353881836,1783347126.2827034
723200,2.9331154823303223,1783347132.425035
723300,5.672419548034668,1783347138.5460508
723400,5.552950859069824,1783347144.7243805
723500,5.24790096282959,1783347150.991148
723600,5.452918529510498,1783347157.132067
723700,5.261589050292969,1783347163.4323237
723800,5.527157306671143,1783347169.7668557
723900,4.728714942932129,1783347176.0430539
724000,3.6471140384674072,1783347182.307793
724100,6.0376482009887695,1783347188.588942
724200,4.494111061096191,1783347194.6588423
724300,5.732498645782471,1783347201.0402513
724400,2.633352756500244,1783347207.1573386
724500,3.459139347076416,1783347213.3022523
724600,6.711105823516846,1783347219.4729016
724700,5.747658729553223,1783347225.755168
724800,7.228673458099365,1783347231.8362594
724900,6.634727478027344,1783347238.3021944
725000,6.047243118286133,1783347244.7253652
725100,6.328976154327393,1783347401.9087448
725200,2.5560085773468018,1783347408.0013006
725300,5.732013702392578,1783347414.046031
725400,3.9878766536712646,1783347420.4329288
725500,5.368905067443848,1783347426.594958
725600,6.088690280914307,1783347432.8113992
725700,5.898019790649414,1783347439.123877
725800,4.812229156494141,1783347445.2443087
725900,6.285031318664551,1783347451.4442496
726000,5.842160224914551,1783347457.595332
726100,4.350159168243408,1783347463.8942127
726200,3.177166700363159,1783347470.3720837
726300,6.042418479919434,1783347476.4819362
726400,4.770375728607178,1783347482.717233
726500,4.456199645996094,1783347488.8995016
726600,4.3459930419921875,1783347495.2242393
726700,3.018857955932617,1783347501.4902627
726800,4.239922523498535,1783347507.9157112
726900,5.21630859375,1783347514.0026116
727000,5.850291728973389,1783347520.323262
727100,3.896233558654785,1783347526.3897736
727200,2.3164310455322266,1783347532.746866
727300,5.500824928283691,1783347539.0937252
727400,3.649705648422241,1783347545.2204633
727500,4.518704414367676,1783347551.4947684
727600,2.929394006729126,1783347557.7012324
727700,3.7855992317199707,1783347563.924669
727800,5.702460289001465,1783347570.0219367
727900,2.6265738010406494,1783347576.3316596
728000,3.047077178955078,1783347582.4981065
728100,5.627840518951416,1783347588.6419122
728200,4.732870578765869,1783347594.858286
728300,5.479093074798584,1783347601.1480708
728400,2.686082601547241,1783347607.3336408
728500,2.8257384300231934,1783347613.6088524
728600,3.111011505126953,1783347619.7986705
728700,3.8651413917541504,1783347626.1084712
728800,1.4939022064208984,1783347632.6316235
728900,3.3466787338256836,1783347638.9198022
729000,3.359565258026123,1783347644.9850569
729100,3.915442705154419,1783347651.223073
729200,4.487914562225342,1783347657.2859786
729300,1.4700191020965576,1783347663.6731246
729400,3.8776237964630127,1783347669.7545981
729500,3.148015022277832,1783347675.89468
729600,5.723322868347168,1783347682.0833023
729700,2.924258232116699,1783347688.4859457
729800,2.9472601413726807,1783347694.757975
729900,4.309381008148193,1783347700.9031203
730000,4.148871421813965,1783347706.929305
730100,3.2690107822418213,1783347713.203634
730200,4.051220893859863,1783347719.308631
730300,2.8109865188598633,1783347725.7105286
730400,5.033285140991211,1783347731.7339027
730500,3.4451558589935303,1783347737.8045352
730600,4.248282432556152,1783347744.2354703
730700,3.5010275840759277,1783347750.3742027
730800,3.5000786781311035,1783347756.6389017
730900,1.6877892017364502,1783347762.6669497
731000,4.2430949211120605,1783347768.688685
731100,2.197927236557007,1783347774.823071
731200,1.8010239601135254,1783347781.0847676
731300,3.0945887565612793,1783347787.1572711
731400,2.4256186485290527,1783347793.2919822
731500,3.5209765434265137,1783347799.723548
731600,4.321879863739014,1783347805.9790027
731700,0.21269309520721436,1783347812.1457849
731800,1.675420880317688,1783347818.791805
731900,2.1179018020629883,1783347825.0918906
732000,2.248509168624878,1783347831.20437
732100,3.8999903202056885,1783347837.541566
732200,2.6756739616394043,1783347843.7535808
732300,3.3199875354766846,1783347849.4875057
732400,2.1513681411743164,1783347855.7186985
732500,4.394421577453613,1783347861.4375818
732600,4.032268524169922,1783347867.1795533
732700,2.5378198623657227,1783347873.519428
732800,1.46780264377594,1783347879.7492692
732900,1.7144607305526733,1783347885.6969078
733000,3.3620338439941406,1783347891.8957272
733100,-0.11855405569076538,1783347897.934787
733200,3.4849131107330322,1783347903.9913616
733300,2.6256000995635986,1783347910.0337446
733400,3.087329149246216,1783347916.0454302
733500,3.3656349182128906,1783347922.1729717
733600,2.0380444526672363,1783347928.0889869
733700,4.192090034484863,1783347934.0309997
733800,3.286128520965576,1783347940.1219769
733900,3.9451217651367188,1783347946.3094728
734000,4.773753643035889,1783347952.0814486
734100,3.117537021636963,1783347958.3003201
734200,3.2314579486846924,1783347964.6661124
734300,2.097180128097534,1783347970.749134
734400,1.2515857219696045,1783347976.7758024
734500,0.4829089641571045,1783347982.8710403
734600,3.146137237548828,1783347988.9018686
734700,2.6456215381622314,1783347994.9882145
734800,3.9319655895233154,1783348001.3224185
734900,0.11122503876686096,1783348007.3917058
735000,2.01902174949646,1783348013.6015162
735100,3.383004903793335,1783348019.6107945
735200,2.7753071784973145,1783348025.6093218
735300,4.102141380310059,1783348031.7724493
735400,2.2361655235290527,1783348037.972539
735500,1.5296645164489746,1783348044.2402763
735600,4.146096229553223,1783348050.6516404
735700,1.8011069297790527,1783348056.7335956
735800,3.9974288940429688,1783348062.9445665
735900,4.385180473327637,1783348068.9811401
736000,3.741549015045166,1783348075.159226
736100,4.075133323669434,1783348081.3552678
736200,0.7703499794006348,1783348087.3402328
736300,4.398689270019531,1783348093.5472264
736400,4.4593987464904785,1783348099.6455367
736500,4.378418445587158,1783348105.9204464
736600,5.2500319480896,1783348111.8828263
736700,4.587915420532227,1783348117.9497416
736800,3.8830020427703857,1783348124.1237435
736900,2.606045722961426,1783348130.3869612
737000,3.4137165546417236,1783348136.340678
737100,3.94816255569458,1783348142.4732518
737200,2.4914090633392334,1783348148.6120825
737300,4.127951622009277,1783348154.7458103
737400,4.12013578414917,1783348160.8783877
737500,4.872383117675781,1783348167.1956902
737600,3.647989511489868,1783348173.5226388
737700,4.285804748535156,1783348179.636541
737800,2.3627963066101074,1783348185.717945
737900,2.368380069732666,1783348191.742014
738000,4.006314754486084,1783348198.1253712
738100,3.518002510070801,1783348204.2516997
738200,3.5022013187408447,1783348210.306837
738300,1.6372570991516113,1783348216.6661305
738400,3.50301456451416,1783348222.7154503
738500,3.9171993732452393,1783348228.9436052
738600,0.9701724052429199,1783348235.0049336
738700,1.9372737407684326,1783348241.3532777
738800,2.8503026962280273,1783348247.5879304
738900,3.083097219467163,1783348253.6525793
739000,1.5071897506713867,1783348259.9910989
739100,1.5995937585830688,1783348266.0877464
739200,2.721602201461792,1783348272.2935305
739300,3.906827926635742,1783348278.4908493
739400,1.492504358291626,1783348284.6989155
739500,2.3620176315307617,1783348290.771659
739600,2.9151129722595215,1783348296.8619947
739700,2.9551286697387695,1783348303.1086714
739800,3.5010757446289062,1783348309.1370587
739900,2.365947961807251,1783348315.5401347
740000,1.853072166442871,1783348321.9154022
740100,1.0033729076385498,1783348328.188619
740200,1.7743293046951294,1783348334.2061841
740300,2.2963383197784424,1783348340.386197
740400,3.0185513496398926,1783348346.918523
740500,3.778489589691162,1783348353.306028
740600,3.349196195602417,1783348359.4817119
740700,3.081967830657959,1783348365.4767153
740800,6.637174606323242,1783348371.8703215
740900,5.993291854858398,1783348378.0012944
741000,2.1948153972625732,1783348384.4496388
741100,2.0694406032562256,1783348390.5710368
741200,2.611142635345459,1783348396.7201772
741300,4.0167236328125,1783348402.759232
741400,4.6701507568359375,1783348408.9907577
741500,4.288310527801514,1783348415.3436453
741600,1.9633188247680664,1783348421.4610827
741700,3.150078296661377,1783348428.0371828
741800,2.848966598510742,1783348434.2484426
741900,3.301781177520752,1783348440.530147
742000,3.895319938659668,1783348446.7570927
742100,3.3311595916748047,1783348453.0475147
742200,2.913628578186035,1783348459.1246946
742300,4.353941917419434,1783348465.4582896
742400,1.551225185394287,1783348471.587616
742500,5.122564315795898,1783348477.5880625
742600,5.079585075378418,1783348483.6709607
742700,1.9177559614181519,1783348490.035168
742800,4.161550521850586,1783348496.1352658
742900,-0.1710968017578125,1783348502.4795225
743000,2.902696132659912,1783348508.6998327
743100,4.7551164627075195,1783348514.892395
743200,2.2552847862243652,1783348520.902324
743300,1.1299848556518555,1783348527.0018587
743400,2.161006450653076,1783348533.0020862
743500,3.791590690612793,1783348539.1423368
743600,3.049243450164795,1783348545.321785
743700,6.040571212768555,1783348551.4492116
743800,4.535599708557129,1783348557.6355104
743900,6.581319332122803,1783348563.679684
744000,4.119826793670654,1783348570.243374
744100,5.953714370727539,1783348576.3653288
744200,3.8740270137786865,1783348582.8199756
744300,4.38962459564209,1783348589.1535444
744400,6.226151466369629,1783348595.3369632
744500,3.8869357109069824,1783348601.890923
744600,6.296106815338135,1783348608.1000226
744700,2.487821578979492,1783348614.6693544
744800,7.276398658752441,1783348620.8337734
744900,5.631970405578613,1783348627.0775554
745000,5.462181091308594,1783348633.4017909
745100,7.081769943237305,1783348639.4575589
745200,4.755080223083496,1783348645.734874
745300,4.196930408477783,1783348651.8963425
745400,5.770637512207031,1783348658.0526083
745500,5.465978622436523,1783348664.0848734
745600,5.2150373458862305,1783348670.1908703
745700,5.992586135864258,1783348676.390649
745800,5.5349531173706055,1783348682.854385
745900,2.0927231311798096,1783348689.1374557
746000,3.1567883491516113,1783348695.1075313
746100,4.33272647857666,1783348701.1515958
746200,6.133234024047852,1783348707.479458
746300,4.243401050567627,1783348713.5357647
746400,1.368938684463501,1783348719.6430194
746500,4.5264387130737305,1783348725.8771644
746600,3.4090778827667236,1783348731.933262
746700,7.060677528381348,1783348738.2517195
746800,4.613061904907227,1783348744.549368
746900,5.512703895568848,1783348750.6387663
747000,2.5012130737304688,1783348756.9855092
747100,5.094442367553711,1783348763.1570735
747200,4.627758026123047,1783348769.3579578
747300,5.692245006561279,1783348775.3829386
747400,5.687006950378418,1783348781.4864225
747500,4.683454513549805,1783348787.4050019
747600,4.765727996826172,1783348793.5789537
747700,6.182683944702148,1783348799.507326
747800,5.280725479125977,1783348805.4984543
747900,2.2995262145996094,1783348811.9970098
748000,4.786107540130615,1783348818.138615
748100,3.927539825439453,1783348824.4394722
748200,3.639944076538086,1783348830.5641065
748300,2.9418787956237793,1783348836.737099
748400,2.14284086227417,1783348843.1962523
748500,3.0365145206451416,1783348849.2396219
748600,5.075222969055176,1783348855.4189973
748700,5.115547180175781,1783348861.7453609
748800,5.237501621246338,1783348867.9602833
748900,5.2404279708862305,1783348874.2206492
749000,2.7222979068756104,1783348880.4038267
749100,4.039355278015137,1783348886.4698794
749200,3.430030345916748,1783348892.5793908
749300,2.551372766494751,1783348898.7253017
749400,1.2958438396453857,1783348904.916784
749500,3.7495663166046143,1783348911.0307727
749600,2.7689359188079834,1783348917.33777
749700,2.630960464477539,1783348923.420693
749800,4.903552055358887,1783348929.6446402
749900,4.472908973693848,1783348935.9661024
750000,2.5953257083892822,1783428747.025342
750100,1.8889179229736328,1783428905.5268605
750200,1.8624142408370972,1783428911.3247108
750300,2.6670684814453125,1783428917.197595
750400,2.0980732440948486,1783428922.9495268
750500,3.2471423149108887,1783428928.938146
750600,1.0255602598190308,1783428934.7889256
750700,4.981379508972168,1783428940.9829726
750800,5.037283897399902,1783428946.8263888
750900,4.850045680999756,1783428952.8573248
751000,4.06483793258667,1783428958.730888
751100,3.057857036590576,1783428965.0142128
751200,2.9725234508514404,1783428971.1663675
751300,4.180426120758057,1783428977.2024815
751400,5.897283554077148,1783428983.4727652
751500,4.088690280914307,1783428989.8117826
751600,0.7398406267166138,1783428995.9830966
751700,3.635612964630127,1783429002.0738704
751800,0.7841967940330505,1783429008.3503356
751900,2.472095012664795,1783429014.5321047
752000,3.2424752712249756,1783429020.8507595
752100,2.6115260124206543,1783429027.2631269
752200,3.6590211391448975,1783429033.4423707
752300,2.410568952560425,1783429039.9951515
752400,2.6395068168640137,1783429046.0671258
752500,0.28017663955688477,1783429052.5085099
752600,3.582693099975586,1783429058.910966
752700,3.814720630645752,1783429065.242141
752800,1.7468105554580688,1783429071.4195385
752900,3.0162150859832764,1783429077.8517382
753000,2.5250020027160645,1783429084.0870123
753100,2.917940616607666,1783429090.2060266
753200,3.422844886779785,1783429096.3126335
753300,4.741707801818848,1783429102.4467404
753400,2.5652072429656982,1783429108.5725205
753500,5.410240650177002,1783429114.8953855
753600,4.532003402709961,1783429121.2522483
753700,2.4820375442504883,1783429127.601036
753800,3.854897975921631,1783429133.9241493
753900,4.649458885192871,1783429140.0863757
754000,2.867645263671875,1783429146.5207224
754100,5.213092803955078,1783429152.5641057
754200,3.7201857566833496,1783429158.8468764
754300,2.06925106048584,1783429165.465183
754400,3.8662543296813965,1783429171.704801
754500,2.902834177017212,1783429177.9094515
754600,3.8962936401367188,1783429184.1609972
754700,3.4393231868743896,1783429190.22967
754800,3.3581817150115967,1783429196.6733418
754900,4.591079235076904,1783429202.6983545
755000,3.865941286087036,1783429209.0715244
755100,4.030118942260742,1783429215.3584065
755200,4.100065231323242,1783429221.871129
755300,3.085388660430908,1783429228.2541459
755400,2.254089832305908,1783429234.529985
755500,3.229823589324951,1783429240.8006423
755600,5.237766742706299,1783429247.2193525
755700,3.5819296836853027,1783429253.4622638
755800,2.612067222595215,1783429259.98957
755900,4.141407012939453,1783429266.1061149
756000,5.4524641036987305,1783429272.214585
756100,2.634697675704956,1783429278.8276317
756200,3.0667779445648193,1783429285.1160057
756300,4.508779525756836,1783429291.3161771
756400,4.341115951538086,1783429297.5383008
756500,3.0611231327056885,1783429304.2826946
756600,3.430838108062744,1783429310.4265997
756700,2.353891372680664,1783429316.7621002
756800,1.8589013814926147,1783429322.9477673
756900,3.225004196166992,1783429329.1313148
757000,4.908849716186523,1783429335.3822591
757100,4.736394882202148,1783429341.8380315
757200,4.344595909118652,1783429348.2431343
757300,3.850006103515625,1783429354.7440007
757400,2.3677546977996826,1783429360.9227536
757500,2.454281806945801,1783429367.3419213
757600,3.089726209640503,1783429373.3427289
757700,2.2308483123779297,1783429379.7800097
757800,3.305476188659668,1783429385.9178994
757900,3.80525279045105,1783429392.3227417
758000,1.332699179649353,1783429398.6418633
758100,3.8749992847442627,1783429404.6970627
758200,1.4846112728118896,1783429411.1822991
758300,2.8255906105041504,1783429417.4854312
758400,1.715050220489502,1783429423.6294763
758500,5.098169803619385,1783429430.099394
758600,4.875723838806152,1783429436.2827487
758700,4.347116947174072,1783429442.7202463
758800,6.68508243560791,1783429449.1092699
758900,2.0036849975585938,1783429455.4926572
759000,4.588106632232666,1783429461.7403278
759100,3.0080785751342773,1783429467.8621588
759200,3.0919418334960938,1783429474.1488883
759300,1.0900123119354248,1783429480.4409323
759400,2.180720567703247,1783429486.678979
759500,3.9054126739501953,1783429492.8075228
759600,4.270909309387207,1783429499.0613365
759700,2.3008148670196533,1783429505.2394807
759800,5.319805145263672,1783429511.578147
759900,3.1581673622131348,1783429517.8760846
760000,4.0163893699646,1783429524.1429522
760100,3.7776801586151123,1783429530.4441266
760200,3.4269886016845703,1783429536.8944335
760300,4.89885139465332,1783429543.3536205
760400,6.744235992431641,1783429549.6829226
760500,2.517899513244629,1783429555.7954283
760600,5.494545936584473,1783429562.160171
760700,2.57694149017334,1783429568.3046503
760800,1.8055940866470337,1783429574.460372
760900,3.5754923820495605,1783429580.8622515
761000,4.698108673095703,1783429586.9339297
761100,3.701087713241577,1783429593.0583565
761200,5.158354759216309,1783429599.288509
761300,6.168679237365723,1783429605.5519245
761400,3.632627248764038,1783429611.8356633
761500,5.423246383666992,1783429617.854768
761600,5.271939277648926,1783429624.2168117
761700,4.780030250549316,1783429630.4894269
761800,3.430379629135132,1783429636.611035
761900,4.187435626983643,1783429642.9652593
762000,6.822895050048828,1783429649.0710304
762100,4.967654705047607,1783429655.2931814
762200,6.120622634887695,1783429661.3920405
762300,5.572400093078613,1783429667.5751367
762400,3.4577815532684326,1783429673.6174002
762500,3.7253007888793945,1783429679.8958843
762600,7.69952392578125,1783429686.4315822
762700,4.1878662109375,1783429693.2185972
762800,3.0786166191101074,1783429699.5183067
762900,5.176253318786621,1783429705.8071156
763000,5.66334342956543,1783429712.119642
763100,3.399625062942505,1783429718.4726317
763200,3.716197967529297,1783429724.5433354
763300,5.660745620727539,1783429730.5847266
763400,4.967432022094727,1783429736.8483248
763500,5.024113655090332,1783429743.0071108
763600,7.549415111541748,1783429749.1109316
763700,5.487052917480469,1783429755.214294
763800,3.3495569229125977,1783429761.455943
763900,5.257485389709473,1783429767.7125754
764000,1.7038607597351074,1783429773.8819733
764100,1.3457084894180298,1783429780.2414424
764200,3.555330753326416,1783429786.7423582
764300,5.292603969573975,1783429793.0197647
764400,3.9971272945404053,1783429799.4830527
764500,4.80940055847168,1783429805.5330117
764600,5.233026504516602,1783429811.9755867
764700,2.937156915664673,1783429818.253819
764800,3.959313154220581,1783429824.505326
764900,3.5746347904205322,1783429830.7037494
765000,3.727280616760254,1783429836.9041119
765100,3.10097074508667,1783429843.1412644
765200,4.52709436416626,1783429849.5313907
765300,6.907708168029785,1783429855.6391397
765400,2.8553826808929443,1783429861.9446273
765500,5.157832145690918,1783429867.9684494
765600,5.229462623596191,1783429874.1891613
765700,5.698304176330566,1783429880.3670487
765800,6.984750747680664,1783429886.4039183
765900,4.218973636627197,1783429892.5379207
766000,3.748711585998535,1783429898.4788127
766100,5.120911598205566,1783429904.7196841
766200,5.456655502319336,1783429910.7000322
766300,5.765878677368164,1783429916.985019
766400,4.408327102661133,1783429922.9396698
766500,1.832617998123169,1783429929.3072722
766600,4.887633323669434,1783429935.4705257
766700,5.824027061462402,1783429941.495498
766800,5.850541114807129,1783429947.6841836
766900,5.703439712524414,1783429953.8753636
767000,2.123140335083008,1783429959.9827046
767100,2.6571414470672607,1783429966.3199186
767200,4.9453253746032715,1783429972.3014743
767300,5.421398162841797,1783429978.9095497
767400,4.2097086906433105,1783429984.920555
767500,6.9133758544921875,1783429991.040436
767600,6.389537334442139,1783429997.1241658
767700,5.087767124176025,1783430003.2600532
767800,4.108412742614746,1783430009.1067064
767900,6.507759094238281,1783430015.0211868
768000,5.815158843994141,1783430021.2152643
768100,4.825232982635498,1783430027.4026787
768200,4.2994160652160645,1783430033.4863777
768300,5.800690650939941,1783430039.6106575
768400,2.7691028118133545,1783430045.5303388
768500,5.8261942863464355,1783430051.827301
768600,5.648350715637207,1783430058.0057132
768700,4.915642738342285,1783430064.5276778
768800,3.1785361766815186,1783430071.0315657
768900,4.037296295166016,1783430077.4738047
769000,3.0218756198883057,1783430084.3828647
769100,4.438281059265137,1783430090.7757618
769200,3.517037868499756,1783430097.1838071
769300,2.7007193565368652,1783430103.73081
769400,3.682478189468384,1783430110.462572
769500,2.7964234352111816,1783430117.1706398
769600,4.2953715324401855,1783430123.8113766
769700,3.5810484886169434,1783430130.1750903
769800,3.562438488006592,1783430136.4695637
769900,5.573794364929199,1783430143.3178248
770000,4.975553512573242,1783430149.874493
770100,3.7301278114318848,1783430156.34479
770200,3.0393831729888916,1783430162.7143326
770300,5.1025872230529785,1783430169.1409209
770400,5.34160041809082,1783430175.6035163
770500,2.9226765632629395,1783430182.3262937
770600,7.290358543395996,1783430188.9353478
770700,5.97905158996582,1783430195.0911372
770800,1.6815003156661987,1783430201.367841
770900,5.482501983642578,1783430207.8133671
771000,2.3213276863098145,1783430213.9858003
771100,5.324862480163574,1783430220.2479756
771200,6.927831649780273,1783430226.6523666
771300,6.035423278808594,1783430233.012412
771400,4.261657238006592,1783430239.245125
771500,3.9544906616210938,1783430245.4660008
771600,6.002172946929932,1783430251.705006
771700,4.169033050537109,1783430258.231477
771800,4.682499408721924,1783430264.9903662
771900,4.564669609069824,1783430271.6356711
772000,5.900084495544434,1783430278.2621996
772100,7.997933387756348,1783430284.676318
772200,5.12125301361084,1783430291.3591986
772300,5.34417724609375,1783430297.5892289
772400,5.806039810180664,1783430304.098664
772500,2.2017853260040283,1783430310.7866764
772600,3.952228307723999,1783430317.6254091
772700,4.45911979675293,1783430324.4716377
772800,6.1400017738342285,1783430330.8877218
772900,2.623203754425049,1783430337.6595979
773000,4.645255088806152,1783430344.1287086
773100,5.129026412963867,1783430350.3801687
773200,3.823582172393799,1783430356.7213442
773300,4.699932098388672,1783430362.8291395
773400,2.331456184387207,1783430368.9199998
773500,5.2809295654296875,1783430375.2009308
773600,4.796576023101807,1783430381.7710588
773700,5.156184673309326,1783430387.735529
773800,3.81768536567688,1783430393.6625214
773900,4.4426116943359375,1783430399.9864533
774000,5.360281944274902,1783430406.5022323
774100,5.6378655433654785,1783430412.5747142
774200,5.772274017333984,1783430418.8019993
774300,5.015624523162842,1783430425.2555046
774400,3.628298282623291,1783430431.550795
774500,5.281460762023926,1783430438.2049243
774600,3.675720691680908,1783430444.99185
774700,3.681952953338623,1783430451.5290844
774800,5.665824890136719,1783430458.3057942
774900,5.695847511291504,1783430464.8642023
775000,2.636091470718384,1783430471.2267962
775100,2.093576192855835,1783430636.2698958
775200,5.638332366943359,1783430642.3450105
775300,5.006317138671875,1783430648.5017855
775400,4.246686935424805,1783430654.7641742
775500,2.9254889488220215,1783430660.9527485
775600,3.35282039642334,1783430667.072072
775700,4.483723163604736,1783430673.4989517
775800,5.38527774810791,1783430679.6465733
775900,6.173393726348877,1783430686.042162
776000,4.708479881286621,1783430692.128962
776100,5.421672821044922,1783430698.378983
776200,6.173042297363281,1783430704.9066641
776300,4.655675411224365,1783430711.3707457
776400,4.749401092529297,1783430717.6084902
776500,6.820589065551758,1783430723.638779
776600,3.612025737762451,1783430729.8812451
776700,3.685490131378174,1783430736.001107
776800,2.957066059112549,1783430742.1065297
776900,4.933795928955078,1783430748.3318121
777000,4.397156715393066,1783430754.4855874
777100,5.221429824829102,1783430760.762275
777200,4.482038974761963,1783430767.182844
777300,4.164031505584717,1783430773.087738
777400,4.535417556762695,1783430779.063288
777500,5.306690692901611,1783430785.3328967
777600,3.7474656105041504,1783430791.5412412
777700,5.9896392822265625,1783430797.5910583
777800,4.501599311828613,1783430803.8117228
777900,2.0712757110595703,1783430809.688043
778000,2.8264005184173584,1783430815.9040802
778100,3.511402130126953,1783430822.1680534
778200,5.7385125160217285,1783430828.2110333
778300,4.245719909667969,1783430834.11994
778400,4.072478294372559,1783430840.412615
778500,3.653846263885498,1783430846.5930078
778600,1.4505395889282227,1783430852.597202
778700,5.616869926452637,1783430858.8367267
778800,4.298686504364014,1783430864.7937274
778900,3.2259063720703125,1783430871.0993445
779000,5.1273064613342285,1783430877.3166728
779100,4.063229084014893,1783430883.3575838
779200,4.341490268707275,1783430889.4432645
779300,5.047714710235596,1783430895.5298948
779400,5.912372589111328,1783430901.937598
779500,3.8015859127044678,1783430908.092384
779600,3.2888946533203125,1783430914.2504041
779700,3.266345262527466,1783430920.3979952
779800,5.202393531799316,1783430926.778546
779900,1.657485008239746,1783430933.1438274
780000,4.894874095916748,1783430939.420149
780100,5.627053260803223,1783430945.4940972
780200,2.922117233276367,1783430951.4784508
780300,4.147976875305176,1783430957.9097204
780400,5.200124263763428,1783430964.3319483
780500,6.822232723236084,1783430970.5501914
780600,2.523130178451538,1783430976.5932727
780700,2.443361759185791,1783430982.894674
780800,2.9580142498016357,1783430989.4359713
780900,3.744540214538574,1783430995.8429074
781000,4.36069393157959,1783431002.232082
781100,4.112293243408203,1783431008.6037343
781200,3.7140297889709473,1783431014.9543183
781300,2.966952323913574,1783431021.0998497
781400,4.159966468811035,1783431027.486023
781500,4.230739593505859,1783431033.7359288
781600,2.9068832397460938,1783431040.0350149
781700,4.057476997375488,1783431046.2415962
781800,7.293697834014893,1783431052.4832275
781900,4.7863664627075195,1783431059.008553
782000,3.4170026779174805,1783431064.9322639
782100,4.163934707641602,1783431071.157709
782200,1.9279820919036865,1783431077.4999695
782300,6.618511199951172,1783431083.796534
782400,5.96160888671875,1783431090.2922313
782500,5.644102096557617,1783431096.750495
782600,5.193370342254639,1783431103.0187542
782700,4.230286121368408,1783431109.4594862
782800,4.669364929199219,1783431116.3012981
782900,4.074191093444824,1783431122.3533049
783000,5.222864151000977,1783431128.417511
783100,5.220962047576904,1783431134.5910456
783200,2.592674732208252,1783431140.861568
783300,2.7823846340179443,1783431147.3223977
783400,5.140021324157715,1783431153.2427175
783500,4.030793190002441,1783431159.2504566
783600,3.2712299823760986,1783431165.2311666
783700,4.710585594177246,1783431171.4750025
783800,4.742740631103516,1783431177.5523167
783900,4.413742542266846,1783431183.7024994
784000,3.3381354808807373,1783431190.158634
784100,3.165215015411377,1783431196.2406697
784200,6.978316783905029,1783431202.204159
784300,4.423027992248535,1783431208.2679517
784400,5.3345232009887695,1783431214.5098944
784500,0.5919249057769775,1783431220.6681964
784600,3.579019069671631,1783431226.773383
784700,4.571889877319336,1783431232.958223
784800,3.7323286533355713,1783431239.1698287
784900,3.8723764419555664,1783431245.474405
785000,0.5845763683319092,1783431251.7742612
785100,4.169390678405762,1783431258.1059153
785200,1.3262052536010742,1783431264.401598
785300,2.283609390258789,1783431270.656137
785400,2.261115789413452,1783431277.0461364
785500,3.7884106636047363,1783431283.1591957
785600,3.795257806777954,1783431289.5034115
785700,3.0173935890197754,1783431295.7450798
785800,1.5610685348510742,1783431301.78242
785900,1.2108443975448608,1783431308.0230587
786000,3.975642204284668,1783431314.2048109
786100,3.157136917114258,1783431320.5063474
786200,5.546422958374023,1783431326.7732973
786300,3.1313600540161133,1783431332.9510672
786400,3.5518205165863037,1783431339.096727
786500,0.7736529111862183,1783431345.2334282
786600,2.3769187927246094,1783431351.286341
786700,2.423187017440796,1783431357.4545455
786800,3.6356847286224365,1783431363.6870663
786900,3.376166820526123,1783431369.9615939
787000,3.0754306316375732,1783431376.2329366
787100,4.109224319458008,1783431382.456276
787200,2.2491683959960938,1783431388.569344
787300,3.2902073860168457,1783431394.7129607
787400,5.54819393157959,1783431400.786027
787500,1.701460599899292,1783431406.753285
787600,4.890996932983398,1783431413.4748013
787700,5.44758415222168,1783431419.6535735
787800,3.1131792068481445,1783431425.841809
787900,1.4898786544799805,1783431431.863624
788000,3.159973621368408,1783431438.154173
788100,4.413515090942383,1783431444.4348311
788200,4.318659782409668,1783431450.6599874
788300,2.699509859085083,1783431457.150572
788400,4.678682327270508,1783431463.1346219
788500,3.009209156036377,1783431469.3708098
788600,2.9044644832611084,1783431475.481338
788700,5.809770107269287,1783431481.683979
788800,3.9671530723571777,1783431487.793536
788900,3.370253562927246,1783431494.1361163
789000,3.31335711479187,1783431500.1748302
789100,1.6077324151992798,1783431506.420724
789200,2.505631685256958,1783431512.8123782
789300,4.871299743652344,1783431518.9467828
789400,3.460142135620117,1783431525.1923614
789500,1.7480411529541016,1783431531.3480392
789600,4.231083869934082,1783431537.5283444
789700,4.301253795623779,1783431543.8998778
789800,1.061165690422058,1783431550.0727046
789900,3.11895751953125,1783431556.182299
790000,1.0947849750518799,1783431562.3200366
790100,3.208881378173828,1783431568.4270868
790200,3.818709373474121,1783431574.847683
790300,3.3372931480407715,1783431581.0809894
790400,3.8312458992004395,1783431587.4355984
790500,3.0387182235717773,1783431593.6038764
790600,1.5964064598083496,1783431599.597478
790700,5.47847318649292,1783431605.84257
790800,4.3057355880737305,1783431611.8414223
790900,2.3892524242401123,1783431618.2243364
791000,4.6474809646606445,1783431624.447126
791100,3.20064115524292,1783431630.7689154
791200,4.854067802429199,1783431637.0760026
791300,5.007987022399902,1783431643.2193081
791400,5.653879165649414,1783431649.1127357
791500,6.306750297546387,1783431655.2818177
791600,5.594304084777832,1783431661.5839136
791700,4.881962776184082,1783431667.6418302
791800,2.9064781665802,1783431673.9199035
791900,4.629693031311035,1783431680.0605795
792000,3.992516279220581,1783431685.9899085
792100,5.164605617523193,1783431692.2326624
792200,3.407114267349243,1783431698.2927167
792300,4.172856330871582,1783431704.4340954
792400,5.02691650390625,1783431710.8083687
792500,1.7965818643569946,1783431716.9022222
792600,4.729361534118652,1783431723.225454
792700,5.4821672439575195,1783431729.2996101
792800,3.9331533908843994,1783431735.5512626
792900,3.7184252738952637,1783431741.5207949
793000,5.080192565917969,1783431747.5997996
793100,4.910550117492676,1783431753.776461
793200,3.464125156402588,1783431760.0283604
793300,3.415224552154541,1783431766.1156197
793400,4.217262268066406,1783431772.4998064
793500,4.085158824920654,1783431778.5851643
793600,3.0246541500091553,1783431784.914555
793700,5.503914833068848,1783431791.0780778
793800,3.8738694190979004,1783431797.2576244
793900,4.3568434715271,1783431803.6627622
794000,3.711094379425049,1783431810.1506104
794100,5.13727331161499,1783431816.581515
794200,4.041252613067627,1783431822.6315193
794300,1.947791337966919,1783431828.8149674
794400,3.2495062351226807,1783431835.1610727
794500,2.7279305458068848,1783431841.2800827
794600,3.772139549255371,1783431847.5973787
794700,3.1625285148620605,1783431853.8515716
794800,6.090392112731934,1783431859.9672964
794900,3.693450450897217,1783431866.4113462
795000,7.0398969650268555,1783431872.6926007
795100,1.2074604034423828,1783431878.8347533
795200,2.0668532848358154,1783431885.0520797
795300,3.6345314979553223,1783431891.1995306
795400,3.0959253311157227,1783431897.4609241
795500,3.6062066555023193,1783431903.935786
795600,3.5116453170776367,1783431910.2579005
795700,3.6174402236938477,1783431916.2690942
795800,2.902353525161743,1783431922.3747542
795900,4.906172275543213,1783431928.5941887
796000,4.206813812255859,1783431934.7187603
796100,4.804950714111328,1783431940.9747782
796200,2.877872943878174,1783431947.1951542
796300,3.8242244720458984,1783431953.346773
796400,1.6038874387741089,1783431959.8083527
796500,4.418346405029297,1783431966.019288
796600,2.584874391555786,1783431972.3928754
796700,2.8719611167907715,1783431978.6919763
796800,3.903240442276001,1783431984.8095298
796900,3.8195455074310303,1783431991.1986573
797000,2.3989791870117188,1783431997.534378
797100,4.525443077087402,1783432003.9598365
797200,5.209136962890625,1783432010.3183665
797300,0.9045859575271606,1783432016.778907
797400,6.703032493591309,1783432022.8438213
797500,6.423936367034912,1783432028.9194906
797600,2.725037097930908,1783432035.3583567
797700,3.8363969326019287,1783432041.344255
797800,4.132368564605713,1783432047.755574
797900,6.3565354347229,1783432053.8080697
798000,2.392124652862549,1783432060.0085192
798100,4.369013786315918,1783432066.21389
798200,2.3701863288879395,1783432072.297975
798300,4.206484794616699,1783432078.5303204
798400,5.262271881103516,1783432084.629341
798500,4.240170001983643,1783432090.8787382
798600,5.919122219085693,1783432097.1827397
798700,4.169051170349121,1783432103.2674243
798800,5.83474063873291,1783432109.5439775
798900,5.958920478820801,1783432115.8919508
799000,3.8655147552490234,1783432122.1820436
799100,4.408329010009766,1783432128.5941536
799200,2.550196647644043,1783432134.8193252
799300,2.549732208251953,1783432141.1249335
799400,3.957982063293457,1783432147.2118182
799500,2.9043993949890137,1783432153.6431866
799600,3.6396894454956055,1783432159.938047
799700,4.2154011726379395,1783432166.4313674
799800,2.896730422973633,1783432172.5170918
799900,4.283905982971191,1783432179.0439835
800000,4.8655781745910645,1783432185.1923597
800100,4.1726484298706055,1783432350.8886664
800200,2.554814577102661,1783432357.2208135
800300,3.7913424968719482,1783432363.4034972
800400,0.15626966953277588,1783432369.4607294
800500,3.683610439300537,1783432375.5472596
800600,1.2417263984680176,1783432381.8762789
800700,3.6823456287384033,1783432387.9917572
800800,2.85959529876709,1783432394.2163281
800900,5.305103302001953,1783432400.6021802
801000,2.6539275646209717,1783432406.9143507
801100,2.1869826316833496,1783432413.0527456
801200,3.9703705310821533,1783432419.2301087
801300,2.0497801303863525,1783432425.3951771
801400,3.9010472297668457,1783432431.5812368
801500,3.420259714126587,1783432437.8423355
801600,1.1315116882324219,1783432443.989839
801700,3.449063777923584,1783432450.272484
801800,4.5873541831970215,1783432456.4624743
801900,2.535538673400879,1783432462.8666139
802000,3.2781267166137695,1783432469.092847
802100,4.824318885803223,1783432475.3474696
802200,2.2789618968963623,1783432481.530681
802300,3.6110458374023438,1783432487.6508136
802400,3.968501329421997,1783432494.0450792
802500,2.49176025390625,1783432500.3477883
802600,4.089906215667725,1783432506.3788486
802700,4.468613624572754,1783432512.6024916
802800,1.9746825695037842,1783432518.8385255
802900,4.587650299072266,1783432525.2824464
803000,3.6634597778320312,1783432531.4440625
803100,2.6499433517456055,1783432537.8245676
803200,3.286874294281006,1783432544.2973604
803300,3.6122775077819824,1783432550.7523563
803400,3.0642032623291016,1783432556.8825731
803500,3.9370460510253906,1783432563.3419526
803600,2.933823585510254,1783432569.7912498
803700,3.7332377433776855,1783432576.249103
803800,2.01859712600708,1783432582.6147783
803900,1.1402719020843506,1783432589.00179
804000,4.735629081726074,1783432595.1332757
804100,2.0427863597869873,1783432601.2199583
804200,3.131992816925049,1783432607.5196419
804300,1.9318954944610596,1783432613.9983766
804400,5.1765570640563965,1783432620.288243
804500,6.309893608093262,1783432626.6183941
804600,4.1346940994262695,1783432632.80961
804700,5.211329460144043,1783432639.1651924
804800,2.977609157562256,1783432645.712701
804900,4.502499103546143,1783432651.9300501
805000,3.32120418548584,1783432658.3872745
805100,2.6095097064971924,1783432664.4760554
805200,1.370375633239746,1783432670.557898
805300,5.355691909790039,1783432676.7671351
805400,6.329257011413574,1783432682.9795797
805500,3.9624533653259277,1783432689.3097274
805600,5.4614410400390625,1783432695.9558997
805700,4.356662750244141,1783432701.6434402
805800,4.716006755828857,1783432707.5156183
805900,3.6869635581970215,1783432713.4284232
806000,4.168020248413086,1783432719.1952975
806100,3.968111276626587,1783432724.9295642
806200,5.459502696990967,1783432731.148076
806300,2.89399790763855,1783432737.2152796
806400,4.8083624839782715,1783432743.384473
806500,3.2220730781555176,1783432749.637759
806600,-0.5067428350448608,1783432755.7606528
806700,4.476068496704102,1783432762.013092
806800,4.985639572143555,1783432768.1576135
806900,4.189982891082764,1783432774.479864
807000,4.317730903625488,1783432780.5072076
807100,4.739101409912109,1783432786.639633
807200,3.5869877338409424,1783432793.0487177
807300,5.763367176055908,1783432799.0747466
807400,4.148685932159424,1783432805.308339
807500,4.325626850128174,1783432811.4667633
807600,4.747836112976074,1783432817.8736968
807700,5.534258842468262,1783432823.976658
807800,1.9782744646072388,1783432830.0914562
807900,5.074686527252197,1783432836.0775356
808000,3.670969009399414,1783432842.3976269
808100,1.9981143474578857,1783432848.4118526
808200,5.267560005187988,1783432854.8036306
808300,3.9313840866088867,1783432861.127892
808400,3.4392685890197754,1783432867.4143386
808500,4.16428279876709,1783432873.6073883
808600,3.732269763946533,1783432879.727575
808700,2.81435227394104,1783432886.194114
808800,4.852413654327393,1783432892.414991
808900,2.9484915733337402,1783432898.6204195
809000,2.3965277671813965,1783432905.1358743
809100,6.660027027130127,1783432911.4020007
809200,4.642489433288574,1783432917.860856
809300,5.991633415222168,1783432924.1301332
809400,3.359339952468872,1783432930.132167
809500,6.013094902038574,1783432936.5277379
809600,4.629816055297852,1783432942.9024022
809700,7.382208824157715,1783432949.1231449
809800,4.921998023986816,1783432955.644686
809900,5.353188991546631,1783432961.8836527
810000,3.6994338035583496,1783432968.0850372
810100,3.8235063552856445,1783432974.352636
810200,5.108689785003662,1783432980.585057
810300,3.975175380706787,1783432986.642566
810400,3.6695504188537598,1783432992.8952627
810500,5.429821491241455,1783432999.1194053
810600,4.844550132751465,1783433005.1743412
810700,3.4441275596618652,1783433011.6688735
810800,4.938241958618164,1783433017.743961
810900,2.778588056564331,1783433024.245568
811000,5.516078948974609,1783433030.3292422
811100,2.688833475112915,1783433036.7430818
811200,4.893790245056152,1783433043.1352165
811300,4.21798849105835,1783433049.4812663
811400,2.6055989265441895,1783433055.928954
811500,4.833096027374268,1783433062.1218488
811600,4.643276214599609,1783433068.8479986
811700,3.3589799404144287,1783433075.0021281
811800,4.846080780029297,1783433081.2443373
811900,3.379514455795288,1783433087.3129935
812000,2.402301788330078,1783433093.3819346
812100,3.599903106689453,1783433100.0040715
812200,3.958418130874634,1783433106.0285947
812300,5.471886157989502,1783433112.2597704
812400,4.412858009338379,1783433118.605207
812500,3.1879963874816895,1783433124.5893521
812600,6.414131164550781,1783433131.2371943
812700,6.323875904083252,1783433137.5291655
812800,5.377285003662109,1783433143.8894665
812900,5.046534538269043,1783433150.0832543
813000,5.147910118103027,1783433156.3627906
813100,4.948369026184082,1783433162.7168024
813200,5.1236677169799805,1783433168.9490871
813300,6.443309783935547,1783433175.1257334
813400,6.244989395141602,1783433181.241827
813500,2.9707705974578857,1783433187.4303973
813600,3.154024124145508,1783433193.5291955
813700,2.031402587890625,1783433199.568802
813800,6.233941555023193,1783433205.8815956
813900,1.8212831020355225,1783433212.1930625
814000,4.229317665100098,1783433218.6988063
814100,4.62933349609375,1783433225.2894182
814200,3.086848258972168,1783433231.6387608
814300,4.403600215911865,1783433237.6107633
814400,-0.6679657101631165,1783433243.6944604
814500,2.7179458141326904,1783433249.7253618
814600,3.9092235565185547,1783433255.9948123
814700,4.197956085205078,1783433262.3813748
814800,4.062172889709473,1783433268.5419388
814900,3.4002838134765625,1783433274.8697944
815000,3.5211524963378906,1783433281.3302402
815100,5.473020076751709,1783433287.6696906
815200,4.147941589355469,1783433293.8691177
815300,4.072253227233887,1783433299.9886777
815400,4.037614822387695,1783433306.2570465
815500,5.206915855407715,1783433312.871819
815600,6.515392780303955,1783433318.8703716
815700,3.3578381538391113,1783433325.2902918
815800,4.39948034286499,1783433331.2558174
815900,3.5085291862487793,1783433337.6433938
816000,1.3447563648223877,1783433343.7569406
816100,2.169715166091919,1783433350.3235044
816200,5.465566635131836,1783433356.601145
816300,4.004477024078369,1783433362.8911755
816400,1.1400083303451538,1783433369.1340814
816500,4.066426753997803,1783433375.193274
816600,2.9778800010681152,1783433381.6421297
816700,5.399328231811523,1783433387.8183856
816800,5.469263553619385,1783433394.137236
816900,4.847266674041748,1783433400.5981286
817000,4.275112152099609,1783433406.8434296
817100,7.041788101196289,1783433413.0458772
817200,3.8475546836853027,1783433419.1641097
817300,2.681609869003296,1783433425.329367
817400,4.112974643707275,1783433431.4653513
817500,3.3657546043395996,1783433437.6597602
817600,6.3060712814331055,1783433443.8289502
817700,2.5842628479003906,1783433449.8545277
817800,0.9574177861213684,1783433456.1444201
817900,4.747323036193848,1783433462.419339
818000,5.360784530639648,1783433468.625239
818100,5.7215118408203125,1783433474.8060043
818200,4.208474636077881,1783433481.0731359
818300,4.664772033691406,1783433487.4383526
818400,3.7895679473876953,1783433493.8472269
818500,7.604480743408203,1783433500.1443267
818600,3.942500591278076,1783433506.7443075
818700,3.720437526702881,1783433512.8907635
818800,2.871091842651367,1783433519.173776
818900,3.7189087867736816,1783433525.2070332
819000,3.0397167205810547,1783433531.713895
819100,3.7792327404022217,1783433537.8975995
819200,4.8669304847717285,1783433544.021018
819300,5.748085021972656,1783433550.265218
819400,2.497990369796753,1783433556.7591085
819500,5.746110916137695,1783433563.0448666
819600,4.662464618682861,1783433569.549518
819700,3.7326278686523438,1783433575.8329256
819800,3.605901002883911,1783433582.3522558
819900,3.4037163257598877,1783433588.9176397
820000,4.049633026123047,1783433595.4722679
820100,4.054415702819824,1783433601.62269
820200,3.8227744102478027,1783433607.9163861
820300,3.786196708679199,1783433614.132813
820400,2.057034969329834,1783433620.524199
820500,1.3455270528793335,1783433627.25396
820600,4.174513816833496,1783433633.4843438
820700,3.8838045597076416,1783433639.9925122
820800,3.7762293815612793,1783433646.4936583
820900,4.800365447998047,1783433652.829104
821000,5.221470832824707,1783433658.915409
821100,5.062483787536621,1783433665.4626255
821200,3.6661505699157715,1783433671.6983154
821300,4.8349714279174805,1783433678.1557758
821400,2.6994972229003906,1783433684.2948394
821500,2.100926637649536,1783433690.7917464
821600,5.6240081787109375,1783433697.163178
821700,1.8985700607299805,1783433703.4992301
821800,2.532536029815674,1783433709.9261808
821900,2.9334726333618164,1783433716.331873
822000,4.139336585998535,1783433722.493306
822100,3.626422882080078,1783433728.7205043
822200,4.103719234466553,1783433734.9769464
822300,1.7774198055267334,1783433741.0801678
822400,4.232278823852539,1783433747.612965
822500,1.8353066444396973,1783433753.6820414
822600,3.4707868099212646,1783433760.0872161
822700,2.0394039154052734,1783433766.3531313
822800,3.090693235397339,1783433772.5302794
822900,0.009704947471618652,1783433778.866928
823000,0.7511777281761169,1783433785.1153357
823100,2.359267473220825,1783433791.6009734
823200,3.794837713241577,1783433797.877369
823300,4.728448390960693,1783433804.416699
823400,7.001765251159668,1783433810.7049673
823500,6.494069576263428,1783433816.853099
823600,4.983673095703125,1783433823.1309867
823700,4.651162147521973,1783433829.2560716
823800,4.329531669616699,1783433835.752034
823900,2.3202455043792725,1783433842.2871451
824000,1.3896682262420654,1783433848.520494
824100,5.035178184509277,1783433854.7381463
824200,4.271255970001221,1783433861.2686296
824300,0.3742479681968689,1783433867.5036476
824400,2.6989526748657227,1783433873.9953182
824500,2.1653292179107666,1783433880.4106977
824600,1.4906530380249023,1783433886.7996724
824700,0.4946768283843994,1783433892.980546
824800,2.2100892066955566,1783433899.4059718
824900,0.9463726282119751,1783433905.8052726
825000,1.9448466300964355,1783433911.9283364
825100,2.657442569732666,1783434098.9093912
825200,4.395188808441162,1783434104.9316018
825300,3.4134600162506104,1783434110.9717114
825400,3.4978208541870117,1783434117.0464902
825500,3.154247760772705,1783434123.082054
825600,5.519296646118164,1783434129.2664487
825700,4.733186721801758,1783434135.4404676
825800,3.7416815757751465,1783434141.831304
825900,3.234994888305664,1783434148.2166762
826000,2.003800868988037,1783434154.2942412
826100,3.221614360809326,1783434160.4844856
826200,2.9749841690063477,1783434166.7788005
826300,5.888825416564941,1783434172.9298882
826400,3.929103374481201,1783434179.2241197
826500,5.335188388824463,1783434185.6751144
826600,2.00400447845459,1783434192.2330856
826700,1.4139877557754517,1783434198.3951163
826800,3.6245064735412598,1783434204.6003659
826900,4.644763946533203,1783434210.7312267
827000,5.363999366760254,1783434216.9659874
827100,5.138412952423096,1783434223.214228
827200,0.6028185486793518,1783434229.5195174
827300,4.42725133895874,1783434235.9383342
827400,3.403883934020996,1783434242.3123178
827500,4.845362663269043,1783434248.7172127
827600,4.090266704559326,1783434254.9196022
827700,4.631753921508789,1783434261.0268896
827800,2.004455327987671,1783434267.3122942
827900,3.248847246170044,1783434273.5389218
828000,4.167416095733643,1783434279.708273
828100,2.1412296295166016,1783434285.9520876
828200,2.2896571159362793,1783434292.0906956
828300,3.851547956466675,1783434298.471613
828400,3.108773946762085,1783434304.6441412
828500,3.531238555908203,1783434310.8377478
828600,1.6574972867965698,1783434316.8966353
828700,2.4611763954162598,1783434323.1626973
828800,2.3428754806518555,1783434329.408632
828900,3.657924175262451,1783434335.9661844
829000,1.2781054973602295,1783434342.0713828
829100,3.2934741973876953,1783434348.4311905
829200,3.365061044692993,1783434354.719857
829300,4.0203857421875,1783434360.9272542
829400,6.010383129119873,1783434367.0422919
829500,2.678600311279297,1783434373.1197283
829600,3.328970432281494,1783434379.320324
829700,2.657773494720459,1783434385.467298
829800,1.7187355756759644,1783434391.6006386
829900,3.3929948806762695,1783434397.812319
830000,1.925810694694519,1783434403.9394841
830100,1.9220823049545288,1783434410.3322685
830200,3.9207892417907715,1783434416.670632
830300,1.9933264255523682,1783434423.1182585
830400,3.157905340194702,1783434429.3180258
830500,4.491910934448242,1783434435.3455706
830600,0.9888359904289246,1783434441.4683223
830700,2.263153553009033,1783434447.5957623
830800,2.4090726375579834,1783434454.314537
830900,4.554418563842773,1783434460.5745888
831000,2.208712339401245,1783434466.6579466
831100,2.0195083618164062,1783434472.8976479
831200,3.0401363372802734,1783434479.0163543
831300,4.594812870025635,1783434485.5177195
831400,4.2218523025512695,1783434491.663549
831500,4.129491806030273,1783434497.8644798
831600,6.01839017868042,1783434504.1357744
831700,3.662348747253418,1783434510.838182
831800,3.0934576988220215,1783434517.084334
831900,4.747457027435303,1783434523.5671215
832000,4.519993782043457,1783434530.1372335
832100,5.359316349029541,1783434536.4190254
832200,2.788233995437622,1783434542.8126984
832300,4.07346248626709,1783434549.0286517
832400,5.969193458557129,1783434555.301295
832500,2.7467265129089355,1783434561.431545
832600,2.140610694885254,1783434567.719264
832700,3.668735980987549,1783434573.9303772
832800,2.0111770629882812,1783434580.2890022
832900,4.35561466217041,1783434586.678782
833000,3.3668601512908936,1783434592.9331577
833100,3.125459671020508,1783434599.0152802
833200,1.4389638900756836,1783434605.1151373
833300,5.049692153930664,1783434611.202784
833400,4.485317230224609,1783434617.5490606
833500,4.505273818969727,1783434623.7745118
833600,2.364088535308838,1783434630.1783507
833700,3.939854860305786,1783434636.382033
833800,4.438206672668457,1783434642.5439363
833900,4.15731143951416,1783434648.9438663
834000,4.628262519836426,1783434655.2226918
834100,3.3551979064941406,1783434661.3776693
834200,4.971040725708008,1783434667.5700018
834300,2.1620590686798096,1783434673.7855763
834400,4.761212348937988,1783434680.008684
834500,3.191833019256592,1783434686.0611618
834600,2.034879207611084,1783434692.1943676
834700,3.002923011779785,1783434698.4381127
834800,2.0079362392425537,1783434704.7678523
834900,3.8198556900024414,1783434710.8888662
835000,5.547649383544922,1783434717.073518
835100,-0.22742074728012085,1783434723.134125
835200,1.6279945373535156,1783434729.4007065
835300,3.168257713317871,1783434735.4384277
835400,3.299527406692505,1783434741.639999
835500,3.1209335327148438,1783434747.9478648
835600,2.519287347793579,1783434754.0229619
835700,2.6160125732421875,1783434760.167653
835800,0.6819218397140503,1783434766.3831065
835900,1.5391288995742798,1783434772.5352
836000,0.6593376398086548,1783434778.5667303
836100,1.891268253326416,1783434784.8505023
836200,5.622490882873535,1783434791.1292162
836300,4.00786828994751,1783434797.2605093
836400,3.2911715507507324,1783434803.711447
836500,1.8603589534759521,1783434809.9651487
836600,1.8165241479873657,1783434816.3514237
836700,3.3270840644836426,1783434822.6678398
836800,4.09891939163208,1783434828.837083
836900,3.996314525604248,1783434835.4158974
837000,2.658484935760498,1783434841.8287795
837100,1.4019466638565063,1783434848.1445074
837200,2.4980320930480957,1783434854.4284775
837300,2.7638962268829346,1783434860.752795
837400,0.8527098894119263,1783434866.8873048
837500,3.6876611709594727,1783434873.2174459
837600,1.5640666484832764,1783434879.4993188
837700,4.0139899253845215,1783434885.7983294
837800,2.3276560306549072,1783434891.9672575
837900,3.616936206817627,1783434898.170558
838000,1.4992775917053223,1783434904.4534395
838100,2.2511746883392334,1783434910.96859
838200,1.6288683414459229,1783434917.2598667
838300,2.889983654022217,1783434923.7451313
838400,0.42048048973083496,1783434930.1187875
838500,4.584805011749268,1783434936.6440544
838600,2.782106399536133,1783434943.0444326
838700,3.303711175918579,1783434949.4449973
838800,-1.3291035890579224,1783434955.8810048
838900,1.8659374713897705,1783434962.3787315
839000,1.9890598058700562,1783434968.3959515
839100,1.2196993827819824,1783434974.6731296
839200,1.1339905261993408,1783434981.002122
839300,3.57271671295166,1783434987.5750585
839400,-1.1457324028015137,1783434994.2805555
839500,2.9582574367523193,1783435000.4955387
839600,3.476661205291748,1783435006.766701
839700,3.112917900085449,1783435013.4044733
839800,1.273350477218628,1783435019.5346766
839900,0.709744930267334,1783435025.8111658
840000,2.6862950325012207,1783435032.02602
840100,2.0362071990966797,1783435038.3790233
840200,1.490950345993042,1783435044.8701773
840300,4.281328201293945,1783435051.2575636
840400,3.040025234222412,1783435057.5702257
840500,3.8294119834899902,1783435063.953102
840600,3.1316394805908203,1783435070.0712183
840700,2.969228982925415,1783435076.3165462
840800,3.30930757522583,1783435082.7275004
840900,1.6863040924072266,1783435089.1290529
841000,4.056326389312744,1783435095.3855994
841100,3.169374942779541,1783435101.6282232
841200,2.5308327674865723,1783435107.9319437
841300,2.516566038131714,1783435114.4931977
841400,2.2706971168518066,1783435120.699223
841500,4.347820281982422,1783435126.9200084
841600,-0.5494976043701172,1783435133.175603
841700,5.03533411026001,1783435139.6831589
841800,3.6741790771484375,1783435145.8263323
841900,2.6499314308166504,1783435152.548195
842000,4.8297271728515625,1783435159.0626483
842100,-0.15047313272953033,1783435165.420349
842200,3.8109323978424072,1783435171.5959353
842300,3.620105266571045,1783435178.1294956
842400,2.7243847846984863,1783435184.3180788
842500,2.577622175216675,1783435190.4978352
842600,2.0765810012817383,1783435196.8249645
842700,3.4457149505615234,1783435203.2689683
842800,4.400122165679932,1783435209.486364
842900,4.774766445159912,1783435215.6765847
843000,2.4742300510406494,1783435222.1159225
843100,1.8578531742095947,1783435228.747859
843200,3.894622564315796,1783435235.1306171
843300,2.8337738513946533,1783435241.3179712
843400,0.6046148538589478,1783435247.5193422
843500,1.8040156364440918,1783435253.7591434
843600,5.267717361450195,1783435259.942874
843700,2.3998239040374756,1783435266.1261272
843800,3.9618117809295654,1783435272.4638677
843900,3.0181586742401123,1783435278.7126846
844000,4.144042491912842,1783435285.5122864
844100,1.7419260740280151,1783435291.887451
844200,3.4027233123779297,1783435298.0167103
844300,2.3069546222686768,1783435304.2923434
844400,1.296299934387207,1783435310.3404565
844500,1.7205560207366943,1783435316.576629
844600,2.5108120441436768,1783435322.8890293
844700,3.2838635444641113,1783435329.1492403
844800,2.320786952972412,1783435335.431144
844900,1.9818527698516846,1783435341.7038615
845000,1.2666220664978027,1783435348.0984073
845100,2.058488607406616,1783435354.411371
845200,2.114881992340088,1783435360.6861603
845300,1.47384774684906,1783435367.014443
845400,-0.3405703008174896,1783435373.349487
845500,-0.13241922855377197,1783435379.4637887
845600,3.050250768661499,1783435385.674596
845700,2.219210624694824,1783435392.0898237
845800,3.060023784637451,1783435398.1636808
845900,2.897094488143921,1783435404.3803756
846000,3.0568883419036865,1783435410.4391203
846100,1.8751007318496704,1783435416.5354772
846200,2.3349037170410156,1783435422.7837274
846300,0.8999600410461426,1783435428.8654315
846400,-0.003662407398223877,1783435435.160589
846500,3.314587354660034,1783435441.4878635
846600,0.3217167258262634,1783435447.5150769
846700,0.9580599069595337,1783435453.7349956
846800,1.340727686882019,1783435459.9928744
846900,3.9654533863067627,1783435466.0797458
847000,1.363652229309082,1783435472.3274689
847100,1.9516106843948364,1783435478.8065686
847200,2.9283828735351562,1783435485.084553
847300,0.08422327041625977,1783435491.2512207
847400,2.782136917114258,1783435497.6078112
847500,1.5789132118225098,1783435503.7481701
847600,2.1565232276916504,1783435510.1894195
847700,3.0142202377319336,1783435516.5300345
847800,3.282783031463623,1783435522.9758797
847900,2.8525867462158203,1783435529.1239023
848000,3.974557876586914,1783435535.3614058
848100,2.3282461166381836,1783435541.9134395
848200,2.774592876434326,1783435548.4611742
848300,2.576357364654541,1783435554.8276274
848400,2.836947202682495,1783435561.0736818
848500,3.7854862213134766,1783435567.5259461
848600,3.082876443862915,1783435573.7395968
848700,3.8336963653564453,1783435580.036709
848800,3.3292503356933594,1783435586.2912743
848900,4.6619157791137695,1783435592.6206348
849000,2.305457592010498,1783435598.9451444
849100,2.6643710136413574,1783435605.3650289
849200,3.8814854621887207,1783435611.8514922
849300,2.9017562866210938,1783435618.334587
849400,3.5388689041137695,1783435624.5206225
849500,3.1314291954040527,1783435630.7470794
849600,-0.19017276167869568,1783435637.325232
849700,1.7647130489349365,1783435643.5471694
849800,3.8105030059814453,1783435650.1123943
849900,1.051803708076477,1783435656.2943585
850000,3.4285049438476562,1783435662.628059
850100,3.4421470165252686,1783435832.578396
850200,3.026547908782959,1783435839.0373256
850300,1.112724781036377,1783435845.286606
850400,2.797523021697998,1783435851.7765133
850500,0.47959741950035095,1783435858.1059053
850600,3.1741535663604736,1783435864.3167424
850700,0.4889613389968872,1783435870.4369352
850800,0.5442444086074829,1783435876.8918052
850900,2.0642006397247314,1783435883.2999449
851000,2.224123954772949,1783435889.6783185
851100,4.493375778198242,1783435896.1310885
851200,1.3008073568344116,1783435902.5753198
851300,2.881474494934082,1783435908.918445
851400,3.0828447341918945,1783435915.0752406
851500,0.028185516595840454,1783435921.5431828
851600,2.3864641189575195,1783435927.9652398
851700,2.087651252746582,1783435934.331583
851800,2.465822696685791,1783435940.5999777
851900,3.594414234161377,1783435946.7981591
852000,0.8542091250419617,1783435953.056027
852100,3.2709662914276123,1783435959.2417026
852200,4.675584316253662,1783435965.5050988
852300,4.009513854980469,1783435971.6519854
852400,2.4557430744171143,1783435978.0029876
852500,1.2821648120880127,1783435984.354462
852600,4.069618225097656,1783435990.5641618
852700,2.7798912525177,1783435997.0089872
852800,1.2357325553894043,1783436003.1671426
852900,3.0876219272613525,1783436009.5628433
853000,1.6990416049957275,1783436015.7389417
853100,2.0173325538635254,1783436022.2004335
853200,3.1269402503967285,1783436028.6454136
853300,3.5980238914489746,1783436034.944743
853400,1.0962395668029785,1783436041.135511
853500,4.93582820892334,1783436047.557289
853600,3.8854997158050537,1783436053.832364
853700,3.6390628814697266,1783436060.1531644
853800,6.885979175567627,1783436066.7056582
853900,5.312375068664551,1783436072.960349
854000,3.7688181400299072,1783436079.4280941
854100,4.389217376708984,1783436085.4638796
854200,3.3067967891693115,1783436091.4766026
854300,5.360472679138184,1783436097.848817
854400,3.641132116317749,1783436104.0595667
854500,3.016265869140625,1783436110.1225657
854600,2.5226871967315674,1783436116.4587762
854700,3.680112361907959,1783436122.6397305
854800,2.423955202102661,1783436128.6848578
854900,4.054384231567383,1783436134.872219
855000,4.68895959854126,1783436140.9484437
855100,4.323526382446289,1783436147.1162848
855200,2.8862080574035645,1783436153.332895
855300,5.287610054016113,1783436159.455915
855400,4.636989116668701,1783436165.6361406
855500,1.007102608680725,1783436171.898871
855600,4.886436939239502,1783436178.3344057
855700,5.025211334228516,1783436184.4967806
855800,2.774536609649658,1783436190.768801
855900,3.842320442199707,1783436197.1458905
856000,4.118549823760986,1783436203.3717058
856100,3.3671867847442627,1783436209.4620125
856200,3.921128273010254,1783436215.4518766
856300,4.673590183258057,1783436221.9808223
856400,2.488391637802124,1783436228.4665337
856500,4.571043968200684,1783436234.7028077
856600,5.193478584289551,1783436240.862825
856700,3.866948127746582,1783436247.4879122
856800,5.299744606018066,1783436253.873916
856900,3.403165340423584,1783436260.136855
857000,2.916565418243408,1783436266.4621959
857100,3.1041059494018555,1783436272.6272173
857200,3.9970598220825195,1783436279.2964568
857300,4.357456207275391,1783436285.5305173
857400,3.790421485900879,1783436291.8190613
857500,4.146178245544434,1783436298.2244325
857600,3.9960556030273438,1783436304.6953683
857700,1.6470017433166504,1783436311.0298738
857800,4.161430835723877,1783436317.3997574
857900,3.316070318222046,1783436323.6446006
858000,3.9934945106506348,1783436330.053527
858100,2.70100474357605,1783436336.3051398
858200,3.4261903762817383,1783436342.9227538
858300,2.209766387939453,1783436349.4637313
858400,6.477231979370117,1783436355.5677185
858500,4.583242416381836,1783436361.9409947
858600,2.655841827392578,1783436368.1739118
858700,4.74948787689209,1783436374.499057
858800,4.727625846862793,1783436381.2248678
858900,3.9885687828063965,1783436387.6808007
859000,5.86466121673584,1783436393.9595618
859100,3.5964741706848145,1783436400.1705992
859200,1.8632471561431885,1783436406.4689443
859300,4.4863739013671875,1783436413.042971
859400,2.5149648189544678,1783436419.345333
859500,3.955636739730835,1783436425.682748
859600,5.089531421661377,1783436432.168494
859700,4.076000690460205,1783436438.2374518
859800,1.4121676683425903,1783436444.4311137
859900,3.9593653678894043,1783436450.8584535
860000,3.6492884159088135,1783436457.259188
860100,2.819021224975586,1783436463.5376852
860200,4.040102958679199,1783436469.9370716
860300,5.277312278747559,1783436476.251836
860400,0.5261454582214355,1783436482.435508
860500,6.136513710021973,1783436488.844428
860600,3.7600879669189453,1783436495.2737489
860700,6.198427200317383,1783436501.5849125
860800,5.674647808074951,1783436507.9819276
860900,1.8655121326446533,1783436514.0989933
861000,2.705962896347046,1783436520.623919
861100,2.974214553833008,1783436527.0195546
861200,3.5638163089752197,1783436533.077289
861300,7.335417747497559,1783436539.379609
861400,6.883489608764648,1783436545.4837327
861500,4.933350563049316,1783436551.6868007
861600,3.4739162921905518,1783436558.027522
861700,0.8656963109970093,1783436564.0910406
861800,2.566972255706787,1783436570.1525764
861900,6.7809062004089355,1783436576.3316705
862000,5.50580358505249,1783436582.8563993
862100,5.008853912353516,1783436588.9208512
862200,4.949136734008789,1783436595.18645
862300,3.317883014678955,1783436601.2242014
862400,3.740142345428467,1783436607.811576
862500,3.595951795578003,1783436614.0653844
862600,2.9077048301696777,1783436620.1840773
862700,4.945413112640381,1783436626.6401258
862800,5.161891937255859,1783436632.9361968
862900,2.871828079223633,1783436639.1175103
863000,4.127834796905518,1783436645.4826283
863100,1.481795072555542,1783436651.9498124
863200,2.8589396476745605,1783436658.633409
863300,1.9421665668487549,1783436664.8187416
863400,3.97409725189209,1783436671.2375796
863500,2.088862895965576,1783436677.3481176
863600,0.908501386642456,1783436683.569824
863700,2.228043556213379,1783436689.686018
863800,2.9059228897094727,1783436695.8390882
863900,1.8095290660858154,1783436701.9947712
864000,1.6756994724273682,1783436708.3273385
864100,4.775453090667725,1783436714.219951
864200,4.6123223304748535,1783436720.499862
864300,5.57493782043457,1783436726.6685767
864400,4.411850929260254,1783436732.8675802
864500,3.958141565322876,1783436738.9827993
864600,4.317566394805908,1783436745.2163105
864700,4.17333459854126,1783436751.3248441
864800,2.566593885421753,1783436757.3556795
864900,2.559574604034424,1783436763.4256155
865000,4.925328731536865,1783436769.7322762
865100,4.890350818634033,1783436775.6600883
865200,4.930856227874756,1783436782.1125565
865300,0.7894765734672546,1783436788.407435
865400,3.465250015258789,1783436794.5792055
865500,5.253391265869141,1783436800.6588373
865600,5.037088394165039,1783436806.9377363
865700,6.428389072418213,1783436812.9580035
865800,3.6119513511657715,1783436819.0803518
865900,3.2937614917755127,1783436825.5119247
866000,5.054654598236084,1783436831.6114583
866100,2.42757511138916,1783436838.0366235
866200,5.39647102355957,1783436844.105672
866300,3.131986618041992,1783436850.196886
866400,4.602169036865234,1783436856.5661783
866500,2.4996438026428223,1783436862.833444
866600,3.207528591156006,1783436869.2681274
866700,3.961336135864258,1783436875.6504552
866800,3.477144479751587,1783436881.7809298
866900,3.8923168182373047,1783436888.6225538
867000,6.314619064331055,1783436894.7681117
867100,4.810382843017578,1783436901.2288992
867200,1.1776080131530762,1783436907.5123286
867300,4.10506010055542,1783436913.9626255
867400,2.8863062858581543,1783436920.1854112
867500,3.253767967224121,1783436926.4585905
867600,4.86578893661499,1783436932.975112
867700,0.3713180422782898,1783436939.5032525
867800,4.096123695373535,1783436945.7269847
867900,3.4776875972747803,1783436952.1811745
868000,3.8787059783935547,1783436958.5829935
868100,3.0336248874664307,1783436964.7748027
868200,3.709656000137329,1783436971.2766638
868300,6.095851898193359,1783436977.6889873
868400,5.486026287078857,1783436983.9528198
868500,4.858942985534668,1783436990.394829
868600,5.412879943847656,1783436996.8072467
868700,5.082427978515625,1783437002.8954725
868800,2.3057572841644287,1783437009.3567955
868900,4.8648529052734375,1783437015.6466675
869000,5.153957843780518,1783437022.0638955
869100,2.2594473361968994,1783437028.307353
869200,5.145292282104492,1783437034.660112
869300,2.8368992805480957,1783437040.8502233
869400,4.279908657073975,1783437047.17361
869500,5.026998519897461,1783437053.6004455
869600,3.9597373008728027,1783437060.1634123
869700,5.808657169342041,1783437066.5047088
869800,4.8647141456604,1783437072.9654446
869900,3.502117156982422,1783437079.2976286
870000,-2.7204232215881348,1783437085.7920542
870100,4.757098197937012,1783437091.8984103
870200,5.265606880187988,1783437098.252345
870300,4.02266788482666,1783437104.456661
870400,1.3304988145828247,1783437110.9150481
870500,2.816786289215088,1783437117.3392456
870600,4.923974990844727,1783437123.6839032
870700,4.194931983947754,1783437129.827693
870800,4.705757141113281,1783437136.0306358
870900,5.505019187927246,1783437142.2760105
871000,5.440010070800781,1783437148.5610268
871100,1.8728736639022827,1783437155.1244082
871200,2.344888210296631,1783437161.6603575
871300,3.2450742721557617,1783437167.7902613
871400,2.629941463470459,1783437174.183164
871500,1.574989914894104,1783437180.4543307
871600,5.492399215698242,1783437186.93797
871700,4.699335098266602,1783437193.3432174
871800,3.0093140602111816,1783437199.954563
871900,-0.16518080234527588,1783437206.2639227
872000,5.250509738922119,1783437212.4362228
872100,3.133030414581299,1783437219.1008372
872200,1.4264931678771973,1783437225.6160166
872300,5.300641059875488,1783437231.9214451
872400,4.267143249511719,1783437238.3846228
872500,3.6112210750579834,1783437244.7691524
872600,6.025486946105957,1783437251.1794279
872700,4.778318881988525,1783437257.4975722
872800,2.752882957458496,1783437263.9876027
872900,4.132418632507324,1783437270.2521467
873000,5.553866863250732,1783437276.3608239
873100,4.068271636962891,1783437282.3976963
873200,5.458616256713867,1783437288.802926
873300,3.6933212280273438,1783437295.274111
873400,4.415929794311523,1783437301.694024
873500,2.827134847640991,1783437307.9388232
873600,5.70909309387207,1783437313.9959369
873700,4.107171535491943,1783437320.2434225
873800,3.7753031253814697,1783437326.3154485
873900,3.9172186851501465,1783437332.608452
874000,1.9133707284927368,1783437338.8506227
874100,5.2642717361450195,1783437345.0352943
874200,3.517245292663574,1783437351.2959852
874300,4.4591522216796875,1783437357.5814574
874400,4.694009780883789,1783437363.7945912
874500,5.119710445404053,1783437370.1592622
874600,4.353215217590332,1783437376.664465
874700,3.7992687225341797,1783437383.0603096
874800,4.739646911621094,1783437389.5147126
874900,5.706952095031738,1783437395.9013088
875000,7.105493068695068,1783437402.3450136
875100,4.313053607940674,1783437557.084311
875200,5.263285160064697,1783437563.2681687
875300,2.896433115005493,1783437569.7345614
875400,4.784830093383789,1783437576.1167557
875500,3.885836124420166,1783437582.3051636
875600,2.0240280628204346,1783437588.7183442
875700,1.3615875244140625,1783437594.9546204
875800,2.9737682342529297,1783437601.328761
875900,0.4127851724624634,1783437607.6679404
876000,3.7425990104675293,1783437613.8799956
876100,2.451671600341797,1783437620.2589593
876200,0.018552839756011963,1783437626.58624
876300,2.5553784370422363,1783437633.030043
876400,2.6962811946868896,1783437639.5290225
876500,3.2284278869628906,1783437645.7421522
876600,4.597113609313965,1783437652.1005237
876700,6.50430965423584,1783437658.6499803
876800,3.0063059329986572,1783437664.8566868
876900,4.063114643096924,1783437671.369618
877000,4.219866752624512,1783437677.6670265
877100,2.37933087348938,1783437684.0843232
877200,2.4244675636291504,1783437690.6759946
877300,4.029806613922119,1783437696.9146662
877400,4.880120277404785,1783437703.6831822
877500,2.9815828800201416,1783437710.191817
877600,5.55473518371582,1783437716.3174095
877700,3.088963508605957,1783437722.7558868
877800,3.9645330905914307,1783437728.8187242
877900,4.866868019104004,1783437735.2235694
878000,3.554938316345215,1783437741.326698
878100,5.147095680236816,1783437747.428032
878200,3.225477695465088,1783437753.6983259
878300,2.483743667602539,1783437760.017841
878400,2.504329204559326,1783437766.3843508
878500,4.017275810241699,1783437772.6483722
878600,3.27809476852417,1783437778.792731
878700,4.38422966003418,1783437784.967436
878800,5.275416374206543,1783437791.2062764
878900,2.796975612640381,1783437797.527492
879000,5.10698127746582,1783437803.7589953
879100,5.197619915008545,1783437810.2400353
879200,4.581499099731445,1783437816.4291599
879300,1.474696397781372,1783437822.8840911
879400,3.0112152099609375,1783437828.9469745
879500,3.9376373291015625,1783437835.2347174
879600,2.706292152404785,1783437841.4270687
879700,5.144103527069092,1783437847.7198644
879800,4.41807746887207,1783437854.0992472
879900,4.65852689743042,1783437860.3707805
880000,2.9365735054016113,1783437866.6198714
880100,1.628302812576294,1783437872.963171
880200,2.217068672180176,1783437879.7283366
880300,2.2418041229248047,1783437886.1457498
880400,4.565719127655029,1783437892.3018312
880500,3.8187646865844727,1783437898.772579
880600,6.508752346038818,1783437904.9369905
880700,4.679985523223877,1783437911.183438
880800,4.193768501281738,1783437917.4876595
880900,1.8296452760696411,1783437923.8403993
881000,4.299753189086914,1783437930.0304449
881100,3.5382609367370605,1783437936.4651735
881200,2.456000566482544,1783437942.6594832
881300,3.527705669403076,1783437949.0785422
881400,3.111766815185547,1783437955.3621333
881500,3.326087236404419,1783437961.622738
881600,2.46059250831604,1783437967.7644281
881700,0.5791679620742798,1783437974.093979
881800,3.8159685134887695,1783437980.4091914
881900,0.734086275100708,1783437986.7982564
882000,3.0293946266174316,1783437993.1286404
882100,1.0661946535110474,1783437999.4800477
882200,3.4210238456726074,1783438005.6232173
882300,2.8093109130859375,1783438011.967729
882400,4.868797302246094,1783438018.214296
882500,4.298586845397949,1783438024.3742633
882600,3.0504722595214844,1783438030.9622607
882700,3.9760708808898926,1783438037.1191058
882800,3.3776369094848633,1783438043.4790778
882900,-0.16470009088516235,1783438049.7053206
883000,1.931946039199829,1783438055.797254
883100,3.698126792907715,1783438062.0462415
883200,4.349862098693848,1783438068.6165793
883300,4.895923614501953,1783438074.9568117
883400,2.6741960048675537,1783438081.654786
883500,4.373476028442383,1783438087.8855147
883600,3.3544228076934814,1783438094.3791938
883700,2.2876181602478027,1783438100.7112257
883800,2.7769575119018555,1783438106.917128
883900,1.9709372520446777,1783438113.1410694
884000,2.9071593284606934,1783438119.5046604
884100,3.7628116607666016,1783438125.8416004
884200,4.355666160583496,1783438132.1172652
884300,3.5250000953674316,1783438138.4953284
884400,3.3709981441497803,1783438144.5867348
884500,1.694653034210205,1783438150.8185458
884600,2.5176563262939453,1783438157.361874
884700,5.75302791595459,1783438163.8049173
884800,1.178761601448059,1783438170.4501677
884900,2.880549907684326,1783438176.7282395
885000,2.5996742248535156,1783438183.0109882
885100,3.173496723175049,1783438189.3507462
885200,1.2463387250900269,1783438195.5195568
885300,2.37730073928833,1783438201.6987772
885400,2.060190200805664,1783438208.1443603
885500,2.8355000019073486,1783438214.562927
885600,3.2150676250457764,1783438220.9653687
885700,4.387426853179932,1783438227.3490853
885800,4.916621208190918,1783438233.5325606
885900,4.017703533172607,1783438239.9640353
886000,3.2616453170776367,1783438246.2268236
886100,3.8732569217681885,1783438252.6003382
886200,-0.5371822118759155,1783438259.1616511
886300,2.7698967456817627,1783438265.2301195
886400,2.985408306121826,1783438271.5718164
886500,3.7520570755004883,1783438277.6843488
886600,2.9448609352111816,1783438283.8477685
886700,1.257241129875183,1783438290.0242977
886800,4.484838485717773,1783438296.4239483
886900,2.7429797649383545,1783438302.7463958
887000,3.5767104625701904,1783438308.729247
887100,2.6096832752227783,1783438315.109114
887200,1.069756031036377,1783438321.592551
887300,0.7352970838546753,1783438327.8435552
887400,1.8853020668029785,1783438334.067007
887500,1.3970448970794678,1783438340.6152945
887600,2.4401304721832275,1783438346.9442506
887700,4.269122123718262,1783438353.145011
887800,2.070533275604248,1783438359.4340181
887900,4.367478847503662,1783438365.639983
888000,2.5684711933135986,1783438371.9009178
888100,3.8843541145324707,1783438378.32694
888200,3.1315784454345703,1783438384.4876177
888300,2.894537925720215,1783438390.6911469
888400,3.62248158454895,1783438396.9974499
888500,1.7135088443756104,1783438403.1848788
888600,4.366859436035156,1783438409.4579043
888700,4.5252790451049805,1783438415.6691964
888800,2.3981456756591797,1783438421.928588
888900,3.7808611392974854,1783438428.3418076
889000,3.1032423973083496,1783438434.5148375
889100,0.22065454721450806,1783438441.0024168
889200,3.6849706172943115,1783438447.2290494
889300,4.352612495422363,1783438453.435446
889400,3.208465576171875,1783438459.785724
889500,4.3781280517578125,1783438466.1218424
889600,3.4371776580810547,1783438472.3966138
889700,4.444772720336914,1783438478.674901
889800,-1.217651128768921,1783438485.2973816
889900,2.537543296813965,1783438491.4031816
890000,0.39890342950820923,1783438497.7449658
890100,2.7352728843688965,1783438504.0412586
890200,3.2694411277770996,1783438510.6261532
890300,5.232597827911377,1783438516.9125843
890400,3.932610034942627,1783438523.320744
890500,2.2984776496887207,1783438529.530634
890600,4.435681343078613,1783438535.9739106
890700,3.9363625049591064,1783438542.4552865
890800,2.794078826904297,1783438548.820359
890900,0.19108946621418,1783438555.1269395
891000,4.658888339996338,1783438561.3351166
891100,4.33816385269165,1783438567.4683065
891200,5.612453460693359,1783438573.7202146
891300,2.245591640472412,1783438579.9516637
891400,4.067737579345703,1783438586.0291133
891500,3.5982048511505127,1783438592.2107265
891600,2.9020333290100098,1783438598.4623861
891700,3.404545783996582,1783438604.5862935
891800,3.6766700744628906,1783438610.6596496
891900,1.8746747970581055,1783438616.9420366
892000,0.5240333080291748,1783438622.96584
892100,1.0998766422271729,1783438629.1455574
892200,1.0740323066711426,1783438635.6561582
892300,2.287874698638916,1783438641.8646343
892400,4.880816459655762,1783438648.1964505
892500,4.776935577392578,1783438654.1856964
892600,4.879894256591797,1783438660.375238
892700,5.2452521324157715,1783438666.816335
892800,3.6250171661376953,1783438672.9616802
892900,3.6113641262054443,1783438679.0664032
893000,2.4986181259155273,1783438685.2615476
893100,2.992914915084839,1783438691.3823407
893200,4.620611667633057,1783438697.5992525
893300,0.9038301110267639,1783438703.597547
893400,3.4381916522979736,1783438709.715595
893500,5.708712100982666,1783438716.3007913
893600,5.127221584320068,1783438722.557519
893700,6.545827865600586,1783438728.8556824
893800,5.109989166259766,1783438734.9753473
893900,4.8037638664245605,1783438741.2642317
894000,7.544038772583008,1783438747.3059566
894100,4.657215118408203,1783438753.2676525
894200,5.411787033081055,1783438759.4111023
894300,5.204580307006836,1783438765.5505912
894400,4.866165637969971,1783438771.8177822
894500,2.928569793701172,1783438778.0966184
894600,5.678915500640869,1783438784.3322325
894700,7.077683448791504,1783438790.5669193
894800,3.9542508125305176,1783438797.0126495
894900,1.8660517930984497,1783438803.0884073
895000,5.3218183517456055,1783438809.2137678
895100,2.0768537521362305,1783438815.5913885
895200,3.7854607105255127,1783438821.6888072
895300,6.2308759689331055,1783438827.9974747
895400,3.1465394496917725,1783438834.5287862
895500,6.096002578735352,1783438841.3582547
895600,5.259617805480957,1783438847.8190124
895700,3.6861445903778076,1783438854.5840452
895800,2.4550528526306152,1783438861.0978737
895900,6.008628845214844,1783438867.3728228
896000,3.978461265563965,1783438873.4928405
896100,2.7952218055725098,1783438879.8161345
896200,5.345989227294922,1783438885.958497
896300,3.948955535888672,1783438892.331971
896400,4.160921096801758,1783438898.3842134
896500,4.815070152282715,1783438904.6504781
896600,4.934498310089111,1783438910.9303668
896700,3.0499050617218018,1783438917.5344753
896800,4.519486427307129,1783438923.992977
896900,3.413954257965088,1783438930.155736
897000,6.630151271820068,1783438936.555204
897100,3.6406779289245605,1783438942.7067983
897200,4.428963661193848,1783438948.9794407
897300,3.5198798179626465,1783438955.1332939
897400,7.023810386657715,1783438961.2350366
897500,5.014655113220215,1783438967.6627326
897600,6.677372455596924,1783438974.0432484
897700,3.397228240966797,1783438980.4297378
897800,1.8388745784759521,1783438986.8063815
897900,1.5110507011413574,1783438993.0686045
898000,3.7005228996276855,1783438999.3552916
898100,2.8921844959259033,1783439005.63342
898200,3.0448269844055176,1783439011.8193784
898300,5.686162948608398,1783439018.0745754
898400,6.900073051452637,1783439024.4462414
898500,3.7622838020324707,1783439030.7921996
898600,4.800463676452637,1783439036.975019
898700,8.144197463989258,1783439043.047923
898800,3.2480783462524414,1783439049.1944003
898900,2.932262420654297,1783439055.363283
899000,1.3669027090072632,1783439061.4972064
899100,2.953104257583618,1783439067.7611175
899200,1.214714765548706,1783439073.9151108
899300,5.371850967407227,1783439080.2330034
899400,3.183593988418579,1783439086.4540439
899500,2.223778486251831,1783439092.6149223
899600,3.7792563438415527,1783439099.0226438
899700,1.91200852394104,1783439105.416355
899800,2.8403048515319824,1783439111.5159664
899900,4.147050857543945,1783439117.7503695
900000,2.55112624168396,1783514260.0527797
900100,1.6691120862960815,1783514432.2462928
900200,1.7537236213684082,1783514438.3636093
900300,1.9038362503051758,1783514444.5974307
900400,5.119261741638184,1783514450.7286596
900500,3.789949893951416,1783514456.9568279
900600,3.6827492713928223,1783514463.0624533
900700,3.2589478492736816,1783514469.4000494
900800,3.4481449127197266,1783514475.5113397
900900,3.064948081970215,1783514481.5864983
901000,3.933987617492676,1783514487.641441
901100,4.145188331604004,1783514493.708023
901200,4.323647499084473,1783514500.0992444
901300,1.9432902336120605,1783514506.1844363
901400,4.1320905685424805,1783514512.244711
901500,5.470490455627441,1783514518.329404
901600,0.9913309812545776,1783514524.5317986
901700,3.921431303024292,1783514530.5088952
901800,4.509248733520508,1783514536.5555928
901900,6.405003547668457,1783514542.7764993
902000,3.040713310241699,1783514549.1019728
902100,4.41536808013916,1783514555.3038747
902200,2.4712767601013184,1783514561.371861
902300,3.66843318939209,1783514567.5115592
902400,3.9043776988983154,1783514573.8006382
902500,2.352137804031372,1783514579.9565783
902600,3.2639942169189453,1783514586.2819111
902700,4.59285306930542,1783514592.4087145
902800,4.604504585266113,1783514598.6220477
902900,2.801129102706909,1783514604.9497008
903000,3.006182909011841,1783514611.22174
903100,6.26474666595459,1783514617.3874934
903200,4.313740253448486,1783514623.8899033
903300,1.0794333219528198,1783514629.9744701
903400,4.784554958343506,1783514635.9693274
903500,2.641444683074951,1783514642.3678238
903600,4.142770290374756,1783514648.5088952
903700,4.190703868865967,1783514654.6656091
903800,2.244593858718872,1783514661.1050453
903900,4.219932556152344,1783514667.3870027
904000,1.5863301753997803,1783514673.6765113
904100,5.603427886962891,1783514679.8175473
904200,3.524188995361328,1783514685.9032216
904300,1.7433013916015625,1783514692.2848568
904400,5.394993305206299,1783514698.3891158
904500,4.938187122344971,1783514704.6246731
904600,3.4062273502349854,1783514710.6739292
904700,4.618433952331543,1783514716.8053536
904800,2.4019205570220947,1783514723.0273008
904900,3.834963321685791,1783514729.2493217
905000,3.6615114212036133,1783514735.343816
905100,4.141761779785156,1783514741.7388172
905200,4.581982612609863,1783514747.82965
905300,3.373260974884033,1783514754.036137
905400,4.74967622756958,1783514760.2352686
905500,5.273317337036133,1783514766.2976658
905600,2.956869125366211,1783514772.6216357
905700,1.6311213970184326,1783514778.784968
905800,3.5077338218688965,1783514784.8091464
905900,4.401611328125,1783514791.1779723
906000,5.480815887451172,1783514797.5671778
906100,2.5131759643554688,1783514803.7676904
906200,3.4487860202789307,1783514809.9096804
906300,4.045799732208252,1783514815.992235
906400,2.592716932296753,1783514822.128347
906500,3.3462674617767334,1783514828.3461182
906600,4.022866725921631,1783514834.452121
906700,4.441080093383789,1783514840.7326434
906800,5.097894191741943,1783514846.9979386
906900,4.571652412414551,1783514853.1805768
907000,4.803255558013916,1783514859.3855
907100,5.665718078613281,1783514865.6280768
907200,2.9927735328674316,1783514871.6761985
907300,5.429389953613281,1783514877.6788995
907400,5.799272537231445,1783514883.880208
907500,5.161036014556885,1783514890.1021085
907600,6.475902080535889,1783514896.1028407
907700,2.8579795360565186,1783514902.2171285
907800,2.2100107669830322,1783514908.1771035
907900,4.644004821777344,1783514914.1514199
908000,4.245735168457031,1783514920.193433
908100,3.4659414291381836,1783514926.4131143
908200,3.0652647018432617,1783514932.7545764
908300,5.007632732391357,1783514938.92509
908400,5.297290802001953,1783514945.121823
908500,1.665827751159668,1783514951.277126
908600,1.4090017080307007,1783514957.268759
908700,4.520327568054199,1783514963.4382184
908800,0.20463252067565918,1783514969.658602
908900,2.9466054439544678,1783514975.8387482
909000,4.2454833984375,1783514982.0330899
909100,4.834361553192139,1783514988.2261384
909200,5.384350776672363,1783514994.4792664
909300,3.9870963096618652,1783515000.6985734
909400,2.326242685317993,1783515006.7987566
909500,2.8426120281219482,1783515012.8239708
909600,5.457756042480469,1783515019.0968947
909700,3.0638272762298584,1783515025.1829922
909800,5.31221866607666,1783515031.2739353
909900,4.458217620849609,1783515037.4563758
910000,4.533683776855469,1783515043.616675
910100,3.579685688018799,1783515049.6818585
910200,2.2797489166259766,1783515055.8246367
910300,2.0666983127593994,1783515061.9458508
910400,2.831394672393799,1783515068.4326594
910500,3.5944769382476807,1783515074.4915724
910600,3.7984070777893066,1783515080.9460173
910700,1.893226981163025,1783515087.0017014
910800,1.6567189693450928,1783515093.2642214
910900,3.5447707176208496,1783515099.3469927
911000,4.4409050941467285,1783515105.3093069
911100,5.50065803527832,1783515111.374611
911200,3.4586944580078125,1783515117.5554144
911300,2.977248191833496,1783515123.6162777
911400,5.867597579956055,1783515129.811305
911500,2.645350694656372,1783515135.9491005
911600,2.322561740875244,1783515142.0908139
911700,4.106576919555664,1783515148.1510704
911800,7.729694366455078,1783515154.3921452
911900,3.64501953125,1783515160.5264695
912000,5.055739402770996,1783515166.7192087
912100,4.4818830490112305,1783515173.0230467
912200,6.804309368133545,1783515179.445899
912300,4.00648307800293,1783515185.506841
912400,4.840712070465088,1783515191.693914
912500,5.599763870239258,1783515198.10951
912600,5.809998512268066,1783515204.235686
912700,6.157505035400391,1783515210.2005339
912800,5.478690147399902,1783515216.5078497
912900,2.8832592964172363,1783515222.7789164
913000,6.670773506164551,1783515228.7689335
913100,5.113004684448242,1783515234.8778667
913200,-0.15249726176261902,1783515241.1435113
913300,1.246722936630249,1783515247.318742
913400,1.8534687757492065,1783515253.5700881
913500,-1.288720726966858,1783515259.6107197
913600,-0.6752815842628479,1783515265.78036
913700,0.9264475107192993,1783515271.9631472
913800,4.126535415649414,1783515278.1781254
913900,3.8544063568115234,1783515284.3501225
914000,2.4179863929748535,1783515290.4543164
914100,7.030694484710693,1783515296.5350502
914200,3.2497475147247314,1783515302.8660288
914300,5.978757858276367,1783515309.0425162
914400,5.534333229064941,1783515315.0850196
914500,2.763472557067871,1783515321.4025354
914600,3.245114803314209,1783515327.7692246
914700,3.187225341796875,1783515333.9316552
914800,5.83253288269043,1783515340.161071
914900,-0.045053720474243164,1783515346.388734
915000,3.77632999420166,1783515352.789039
915100,6.755795478820801,1783515358.9277964
915200,3.7606987953186035,1783515365.270064
915300,3.9658424854278564,1783515371.3697512
915400,3.8571338653564453,1783515377.4906101
915500,5.118407249450684,1783515383.5952852
915600,5.1404619216918945,1783515389.8783834
915700,3.9490015506744385,1783515395.8987246
915800,2.1747212409973145,1783515402.2036493
915900,4.51509952545166,1783515408.6907353
916000,2.0659971237182617,1783515414.8811939
916100,3.4273838996887207,1783515420.9896443
916200,4.144842147827148,1783515427.360638
916300,5.049004554748535,1783515433.4587321
916400,3.571376085281372,1783515439.6356723
916500,2.7354302406311035,1783515445.9446158
916600,4.928739547729492,1783515452.27751
916700,1.3142287731170654,1783515458.4602776
916800,1.5404608249664307,1783515464.5464683
916900,2.729689359664917,1783515471.0004463
917000,1.3166759014129639,1783515477.1405985
917100,2.670116901397705,1783515483.5545068
917200,4.580937385559082,1783515489.9371078
917300,1.4714159965515137,1783515496.0176742
917400,4.164728164672852,1783515502.1681879
917500,3.427668809890747,1783515508.712437
917600,5.037325859069824,1783515514.8794615
917700,4.213791370391846,1783515521.3038673
917800,1.3987869024276733,1783515527.5108762
917900,3.66352915763855,1783515533.6131425
918000,3.0527565479278564,1783515539.8682148
918100,0.5249494314193726,1783515545.971779
918200,3.145190954208374,1783515552.0582528
918300,3.875298500061035,1783515558.5284953
918400,2.6721930503845215,1783515564.746618
918500,3.0799169540405273,1783515570.8787568
918600,5.0439653396606445,1783515577.142199
918700,4.536582946777344,1783515583.600984
918800,5.265241622924805,1783515589.6403162
918900,3.3528494834899902,1783515595.6338582
919000,3.612848997116089,1783515601.6889205
919100,3.972975015640259,1783515607.7220302
919200,4.064407825469971,1783515613.7541397
919300,2.239946126937866,1783515619.9179118
919400,3.9170334339141846,1783515625.8797596
919500,3.668015480041504,1783515632.1421099
919600,1.0914891958236694,1783515638.2878246
919700,1.4957160949707031,1783515644.270594
919800,2.7062597274780273,1783515650.5203605
919900,2.280045986175537,1783515656.6829906
920000,1.6218922138214111,1783515662.9211302
920100,3.876725435256958,1783515669.0855463
920200,1.7523995637893677,1783515675.4589045
920300,4.030515193939209,1783515681.4940293
920400,4.705804824829102,1783515687.5771043
920500,4.4580183029174805,1783515693.9362068
920600,4.175545692443848,1783515700.2437887
920700,5.128030776977539,1783515706.6446836
920800,4.868651390075684,1783515712.914816
920900,3.456810712814331,1783515719.1435988
921000,4.686575889587402,1783515725.4488606
921100,0.4989500045776367,1783515731.7069423
921200,2.4043283462524414,1783515738.0656137
921300,1.3567593097686768,1783515744.306262
921400,3.853386878967285,1783515750.529887
921500,3.473872184753418,1783515756.6332324
921600,2.7276992797851562,1783515762.5944726
921700,2.359311103820801,1783515768.6001012
921800,1.3281785249710083,1783515774.764149
921900,-8.505880355834961,1783515780.753806
922000,2.6990203857421875,1783515786.9659758
922100,3.821122169494629,1783515793.0015244
922200,3.1658732891082764,1783515799.4541762
922300,2.16066575050354,1783515805.688973
922400,1.103021264076233,1783515811.7754238
922500,4.255891799926758,1783515817.9922824
922600,4.663750648498535,1783515824.17094
922700,5.384814262390137,1783515830.1922967
922800,4.1458940505981445,1783515836.2851741
922900,4.846507549285889,1783515842.6298068
923000,-2.4431283473968506,1783515848.9378283
923100,4.130877494812012,1783515855.0451412
923200,4.042886257171631,1783515861.260636
923300,3.2266530990600586,1783515867.2519667
923400,3.037036657333374,1783515873.2883563
923500,2.4399189949035645,1783515879.5028706
923600,5.589929103851318,1783515885.7185557
923700,0.9469577074050903,1783515891.6993628
923800,1.1530909538269043,1783515897.864519
923900,4.773330211639404,1783515903.8205516
924000,2.3861684799194336,1783515909.9627202
924100,1.943877935409546,1783515915.9456036
924200,3.455592393875122,1783515922.009183
924300,4.80091667175293,1783515928.2834535
924400,3.4064230918884277,1783515934.4228637
924500,5.33857536315918,1783515940.9144258
924600,-0.471962571144104,1783515947.0596278
924700,3.0238239765167236,1783515953.126038
924800,1.0521986484527588,1783515959.4496665
924900,3.9819908142089844,1783515965.4918478
925000,2.3105506896972656,1783515971.7933695
925100,4.229938507080078,1783516125.8674192
925200,3.2274389266967773,1783516131.9233398
925300,2.4932174682617188,1783516138.0887365
925400,1.7455415725708008,1783516144.3571742
925500,3.9703612327575684,1783516150.3912768
925600,3.1144208908081055,1783516156.5983064
925700,2.985294818878174,1783516162.9632554
925800,2.3827064037323,1783516169.181548
925900,3.98078989982605,1783516175.247448
926000,3.9944040775299072,1783516181.2052379
926100,2.997314453125,1783516187.3831127
926200,4.6445746421813965,1783516193.631059
926300,1.711883783340454,1783516199.7169757
926400,3.59096097946167,1783516205.9094348
926500,1.238843560218811,1783516211.8638153
926600,0.614228367805481,1783516217.8410544
926700,3.8467373847961426,1783516223.9675546
926800,1.118971586227417,1783516230.1430535
926900,4.696066379547119,1783516236.286596
927000,4.47188138961792,1783516242.250595
927100,1.9666242599487305,1783516248.4491272
927200,5.250700950622559,1783516254.6422923
927300,1.5362377166748047,1783516260.704193
927400,4.487928867340088,1783516267.1099231
927500,3.460646867752075,1783516273.129906
927600,1.9555974006652832,1783516279.2507002
927700,3.910475015640259,1783516285.2232997
927800,3.807048797607422,1783516291.2128465
927900,2.16949462890625,1783516297.2808244
928000,-3.132756471633911,1783516303.5773773
928100,-0.3180965185165405,1783516309.6323144
928200,0.8740706443786621,1783516315.5713904
928300,1.0586929321289062,1783516321.53812
928400,0.1442229151725769,1783516327.5463684
928500,4.372108459472656,1783516333.402407
928600,1.8333649635314941,1783516339.5741258
928700,4.947606563568115,1783516345.6878653
928800,2.3020169734954834,1783516351.86201
928900,1.553881049156189,1783516357.9438918
929000,1.2170861959457397,1783516364.061048
929100,0.8362327814102173,1783516370.0887344
929200,5.264775276184082,1783516376.217715
929300,4.406157493591309,1783516382.3457408
929400,1.5233415365219116,1783516388.6310105
929500,3.082228660583496,1783516394.7149985
929600,4.809037685394287,1783516400.8143415
929700,2.2396349906921387,1783516406.9814074
929800,1.9742505550384521,1783516413.1636908
929900,2.7056946754455566,1783516419.2028139
930000,3.7237136363983154,1783516425.464462
930100,3.014235496520996,1783516431.6673117
930200,3.3740522861480713,1783516437.6735759
930300,0.9678861498832703,1783516443.6722162
930400,2.1297860145568848,1783516449.64556
930500,3.920389175415039,1783516455.8029683
930600,3.5290775299072266,1783516461.8478305
930700,3.640878438949585,1783516467.8670125
930800,2.656726360321045,1783516474.2325075
930900,2.8368868827819824,1783516480.2148669
931000,0.0661172866821289,1783516486.1696255
931100,2.4007036685943604,1783516492.2123477
931200,4.951430320739746,1783516498.4338033
931300,5.7835259437561035,1783516504.4327726
931400,2.074193000793457,1783516510.619485
931500,4.825279235839844,1783516516.7080297
931600,3.3910112380981445,1783516522.754762
931700,4.843206882476807,1783516529.036847
931800,4.588496685028076,1783516535.2727747
931900,5.385858535766602,1783516541.548938
932000,3.592604637145996,1783516547.7329237
932100,4.108099937438965,1783516553.8569763
932200,5.810707092285156,1783516559.9047296
932300,3.390852451324463,1783516566.194038
932400,5.099445343017578,1783516572.7658
932500,5.160810947418213,1783516578.93409
932600,5.388530731201172,1783516585.245857
932700,5.075430393218994,1783516591.384319
932800,5.732810020446777,1783516597.56007
932900,2.9484949111938477,1783516603.7618153
933000,5.511547088623047,1783516609.9795604
933100,2.263838768005371,1783516615.9522238
933200,3.126089572906494,1783516622.0953274
933300,3.195712089538574,1783516628.3522255
933400,2.3601174354553223,1783516634.399445
933500,2.4620766639709473,1783516640.6006157
933600,1.9004614353179932,1783516646.7953062
933700,2.684974193572998,1783516652.8647044
933800,3.172311305999756,1783516659.2000225
933900,1.9822713136672974,1783516665.6171467
934000,1.616883635520935,1783516671.7041438
934100,3.790142297744751,1783516677.898897
934200,4.965838432312012,1783516684.3167574
934300,2.956791877746582,1783516690.6840694
934400,2.9473297595977783,1783516696.7271981
934500,4.582304000854492,1783516702.7680783
934600,1.6774476766586304,1783516709.0353417
934700,3.430509090423584,1783516715.3165102
934800,2.164339303970337,1783516721.3947353
934900,4.490604400634766,1783516727.57071
935000,5.022585391998291,1783516733.6583707
935100,4.05920934677124,1783516739.7859614
935200,0.07665979862213135,1783516746.2415733
935300,-0.7521644830703735,1783516752.2930288
935400,2.44174861907959,1783516758.5390968
935500,3.1829047203063965,1783516764.5642662
935600,4.975058078765869,1783516770.7922637
935700,3.3569955825805664,1783516777.1077104
935800,3.3549342155456543,1783516783.0989933
935900,3.265040636062622,1783516789.173616
936000,2.384160041809082,1783516795.4173083
936100,5.610525131225586,1783516801.675113
936200,3.3051514625549316,1783516807.7213566
936300,1.125141978263855,1783516813.722825
936400,-0.13182497024536133,1783516820.263317
936500,1.2926068305969238,1783516826.3903873
936600,0.755871057510376,1783516832.429569
936700,2.1416399478912354,1783516838.6825294
936800,2.1380865573883057,1783516845.083164
936900,-0.26719653606414795,1783516851.4003568
937000,3.272447347640991,1783516857.434175
937100,1.695389747619629,1783516863.4078007
937200,3.2475829124450684,1783516869.4828985
937300,1.7391738891601562,1783516875.8413842
937400,3.5558629035949707,1783516881.8498237
937500,2.222649574279785,1783516888.0245311
937600,0.9814774394035339,1783516894.0551631
937700,3.598965644836426,1783516900.3379931
937800,3.844423294067383,1783516906.657423
937900,5.800909519195557,1783516912.8477376
938000,5.286344528198242,1783516918.9542658
938100,4.242690563201904,1783516925.1058848
938200,1.303475260734558,1783516931.187526
938300,3.650388479232788,1783516937.4236891
938400,2.5283355712890625,1783516943.47718
938500,0.3360334634780884,1783516949.679777
938600,6.14619779586792,1783516955.7806873
938700,2.687512159347534,1783516962.102554
938800,0.2800142467021942,1783516968.168608
938900,4.856409072875977,1783516974.2945397
939000,-0.15400725603103638,1783516980.5363173
939100,3.0473551750183105,1783516986.6203241
939200,3.8368897438049316,1783516992.6699765
939300,2.930011749267578,1783516998.9849336
939400,2.9551281929016113,1783517005.0477993
939500,4.561741828918457,1783517011.1827953
939600,2.470176935195923,1783517017.246305
939700,-0.06854891777038574,1783517023.546965
939800,3.6278882026672363,1783517029.8989735
939900,2.5530169010162354,1783517035.9614675
940000,0.48565661907196045,1783517042.061002
940100,2.7749643325805664,1783517048.166371
940200,4.299590110778809,1783517054.3297353
940300,4.298277854919434,1783517060.6543806
940400,0.8397332429885864,1783517066.8565035
940500,-1.1990127563476562,1783517072.9603806
940600,0.7437062859535217,1783517079.1803455
940700,2.4021382331848145,1783517085.3041203
940800,1.574411392211914,1783517091.8455887
940900,3.8112125396728516,1783517098.0453038
941000,4.525130271911621,1783517104.1818697
941100,3.4514875411987305,1783517110.311911
941200,2.7200722694396973,1783517116.5214314
941300,5.04514217376709,1783517122.4218514
941400,4.535445213317871,1783517128.5425324
941500,3.0360989570617676,1783517134.5523124
941600,4.633977890014648,1783517140.4746377
941700,2.9868714809417725,1783517146.4984837
941800,5.175373077392578,1783517152.7128649
941900,3.419996976852417,1783517158.98517
942000,0.14555609226226807,1783517165.240741
942100,3.871879816055298,1783517171.2982252
942200,4.62332010269165,1783517177.3886592
942300,0.9751137495040894,1783517183.3032348
942400,2.7039027214050293,1783517189.401846
942500,2.732450008392334,1783517195.4502354
942600,1.7275397777557373,1783517201.3761904
942700,1.0698411464691162,1783517207.2825196
942800,2.2943296432495117,1783517213.393236
942900,2.023547649383545,1783517219.549366
943000,5.14739465713501,1783517225.7842329
943100,2.0927507877349854,1783517231.9977906
943200,0.28735092282295227,1783517238.266944
943300,2.6277379989624023,1783517244.3716836
943400,2.4602060317993164,1783517250.483855
943500,-0.38476115465164185,1783517256.449589
943600,1.8129698038101196,1783517262.5036266
943700,2.9119668006896973,1783517268.7347915
943800,2.058872938156128,1783517274.9052215
943900,2.7257204055786133,1783517281.2131505
944000,4.3835859298706055,1783517287.2625852
944100,1.8964228630065918,1783517293.5349126
944200,5.510146141052246,1783517299.5369453
944300,4.683325290679932,1783517305.346847
944400,1.013054609298706,1783517311.4480853
944500,-0.6701910495758057,1783517317.3244176
944600,3.136338710784912,1783517323.306655
944700,1.5340588092803955,1783517329.4659042
944800,2.3368823528289795,1783517335.2228978
944900,2.7036807537078857,1783517341.1364045
945000,-0.44322705268859863,1783517347.3503058
945100,2.5855557918548584,1783517353.179544
945200,0.7646756172180176,1783517359.4404593
945300,5.155826091766357,1783517365.3701587
945400,2.959505319595337,1783517371.2027073
945500,3.139007568359375,1783517377.181768
945600,4.353842735290527,1783517383.1821513
945700,2.4718706607818604,1783517389.2331288
945800,2.0189225673675537,1783517395.1702266
945900,2.8617544174194336,1783517400.9887874
946000,2.9656081199645996,1783517406.8800514
946100,3.7144358158111572,1783517412.771492
946200,5.275326251983643,1783517418.7228763
946300,2.349477767944336,1783517424.846446
946400,4.7561140060424805,1783517430.8100991
946500,1.4814765453338623,1783517436.7020655
946600,2.982858896255493,1783517442.8028936
946700,-0.38883498311042786,1783517448.8696215
946800,0.3494550585746765,1783517454.9068475
946900,2.7454235553741455,1783517461.052391
947000,3.310664176940918,1783517466.926845
947100,4.750827312469482,1783517472.9939668
947200,5.364993095397949,1783517478.8490973
947300,5.294395446777344,1783517484.9216864
947400,0.5284295082092285,1783517490.984212
947500,-1.7888773679733276,1783517496.9134638
947600,1.4529917240142822,1783517502.8301833
947700,2.9880542755126953,1783517508.7892053
947800,3.5052642822265625,1783517514.6741571
947900,5.374904155731201,1783517520.8692224
948000,5.058893203735352,1783517526.9460313
948100,4.30722188949585,1783517533.059958
948200,3.624382972717285,1783517539.0611982
948300,4.163203239440918,1783517544.9182642
948400,-0.3299095630645752,1783517550.9695575
948500,2.3401031494140625,1783517556.923644
948600,1.639358401298523,1783517563.1349537
948700,1.9829919338226318,1783517569.079821
948800,3.323519229888916,1783517575.1681406
948900,5.121435642242432,1783517581.2120833
949000,2.7605342864990234,1783517587.2222893
949100,4.542904853820801,1783517593.0736504
949200,2.4835028648376465,1783517599.45215
949300,3.965574026107788,1783517605.364658
949400,3.531099557876587,1783517611.260058
949500,1.2910666465759277,1783517617.5625565
949600,4.194950103759766,1783517623.3782358
949700,3.6038994789123535,1783517629.3800342
949800,4.048540115356445,1783517635.342478
949900,2.523465871810913,1783517641.2302043
950000,2.052772283554077,1783517647.1050427
950100,2.5207128524780273,1783517805.4718745
950200,2.6913204193115234,1783517811.5542042
950300,1.595754623413086,1783517817.4491243
950400,4.869743824005127,1783517823.3919582
950500,2.433640480041504,1783517829.483058
950600,0.6566512584686279,1783517835.5490823
950700,2.6799092292785645,1783517841.7563834
950800,2.859828472137451,1783517847.712758
950900,1.520918607711792,1783517853.762855
951000,0.6362737417221069,1783517859.6422956
951100,2.1014747619628906,1783517865.9337752
951200,-2.6220381259918213,1783517872.1463091
951300,0.10020917654037476,1783517878.044682
951400,2.518428325653076,1783517884.0835288
951500,2.4401354789733887,1783517890.1845617
951600,-0.695864200592041,1783517896.0506816
951700,1.597811222076416,1783517901.9842935
951800,2.901698589324951,1783517907.9498055
951900,5.055867671966553,1783517913.995798
952000,2.3628287315368652,1783517919.8073843
952100,3.867509365081787,1783517925.880424
952200,0.41400033235549927,1783517932.0215733
952300,1.686153769493103,1783517938.0039043
952400,1.5082480907440186,1783517944.2647066
952500,-1.6643781661987305,1783517950.102531
952600,-2.441715717315674,1783517956.351877
952700,1.8990652561187744,1783517962.2325926
952800,-0.19992411136627197,1783517968.5343516
952900,2.158064365386963,1783517974.548234
953000,0.2418152093887329,1783517980.5419219
953100,0.8776016235351562,1783517986.446028
953200,-0.42400336265563965,1783517992.6409597
953300,-1.6845426559448242,1783517998.7029555
953400,2.150247097015381,1783518004.736455
953500,3.5651087760925293,1783518010.7873757
953600,2.568971872329712,1783518016.8000293
953700,2.5651655197143555,1783518022.6813974
953800,4.8437299728393555,1783518028.6129293
953900,2.7976841926574707,1783518034.577808
954000,3.720170497894287,1783518040.6117573
954100,1.8953680992126465,1783518046.462427
954200,3.8649697303771973,1783518052.4463005
954300,1.9429497718811035,1783518058.5209723
954400,3.5794756412506104,1783518064.4526193
954500,3.305906057357788,1783518070.747432
954600,3.258655548095703,1783518076.786099
954700,1.2855215072631836,1783518082.7259393
954800,2.7606470584869385,1783518088.7919793
954900,1.8682385683059692,1783518094.8331711
955000,1.9729561805725098,1783518100.8926742
955100,2.715472459793091,1783518107.159347
955200,5.892875671386719,1783518113.031014
955300,2.4620440006256104,1783518119.1801004
955400,4.363441467285156,1783518125.2439554
955500,-0.41847503185272217,1783518131.412733
955600,1.095389723777771,1783518137.6329331
955700,0.4263441562652588,1783518143.6973243
955800,1.78680419921875,1783518149.7636375
955900,3.5914697647094727,1783518156.0017056
956000,1.0150796175003052,1783518162.3250108
956100,3.8641645908355713,1783518168.4277449
956200,2.244295597076416,1783518174.2846832
956300,2.2482717037200928,1783518180.4542627
956400,2.1375296115875244,1783518186.605653
956500,2.4640846252441406,1783518192.7654202
956600,0.6299524307250977,1783518199.1225233
956700,0.26947838068008423,1783518205.361718
956800,3.1892809867858887,1783518211.4187596
956900,-0.3871306777000427,1783518217.7567677
957000,-0.9859573841094971,1783518224.0832503
957100,1.2267032861709595,1783518230.360154
957200,0.9143291711807251,1783518236.8923156
957300,1.0726755857467651,1783518243.2604587
957400,3.5572056770324707,1783518249.377099
957500,1.6600428819656372,1783518255.548132
957600,1.264453649520874,1783518261.987267
957700,3.523643732070923,1783518268.0844944
957800,2.337308168411255,1783518274.1759193
957900,3.4042866230010986,1783518280.4755368
958000,4.887696743011475,1783518286.558556
958100,3.697007656097412,1783518292.8137407
958200,3.6477396488189697,1783518299.0073123
958300,-0.04931628704071045,1783518305.0491717
958400,3.735889434814453,1783518311.084786
958500,0.7695014476776123,1783518317.272523
958600,3.1918411254882812,1783518323.2162242
958700,2.420436143875122,1783518329.2368093
958800,0.9061843156814575,1783518335.4596002
958900,1.7749278545379639,1783518341.659211
959000,2.229680061340332,1783518347.973201
959100,1.8413262367248535,1783518354.1904094
959200,2.9472341537475586,1783518360.2880244
959300,4.6790008544921875,1783518366.5973506
959400,2.249636173248291,1783518372.7004516
959500,3.4878220558166504,1783518378.7705965
959600,3.3991470336914062,1783518384.861744
959700,2.2424569129943848,1783518390.9904065
959800,4.002285003662109,1783518397.0594056
959900,3.5755715370178223,1783518403.270212
960000,0.7642436027526855,1783518409.544539
960100,2.649935722351074,1783518415.8333848
960200,3.1305277347564697,1783518422.093594
960300,2.1107888221740723,1783518428.1744003
960400,1.549570083618164,1783518434.6134803
960500,2.8543787002563477,1783518441.009671
960600,0.11256195604801178,1783518447.160344
960700,2.1601364612579346,1783518453.307468
960800,1.9205951690673828,1783518459.482534
960900,1.8547344207763672,1783518465.7140164
961000,2.6265878677368164,1783518471.8531725
961100,1.5185734033584595,1783518477.8548985
961200,2.6317520141601562,1783518484.2821286
961300,4.13256311416626,1783518490.396868
961400,2.3017117977142334,1783518496.5115643
961500,2.0326333045959473,1783518502.521006
961600,2.9483957290649414,1783518508.6778762
961700,4.222253799438477,1783518514.964965
961800,2.8040096759796143,1783518521.4449837
961900,2.4150967597961426,1783518527.645999
962000,0.7572701573371887,1783518533.7918923
962100,0.7242927551269531,1783518539.8548608
962200,2.112513542175293,1783518546.016998
962300,-1.3238754272460938,1783518552.0433495
962400,-0.11711232364177704,1783518558.3242855
962500,2.5322623252868652,1783518564.7078757
962600,3.0983002185821533,1783518570.6467648
962700,2.223245143890381,1783518576.653071
962800,3.3420002460479736,1783518582.6470244
962900,2.0609490871429443,1783518588.8173523
963000,3.2821857929229736,1783518595.0011156
963100,3.542480230331421,1783518601.389843
963200,-0.878002941608429,1783518607.6507952
963300,3.427863121032715,1783518613.7646968
963400,0.7968315482139587,1783518619.9486413
963500,1.1211735010147095,1783518625.9951499
963600,3.153576374053955,1783518632.1149833
963700,3.9715065956115723,1783518638.1125202
963800,0.9639139175415039,1783518644.3794935
963900,3.2902028560638428,1783518650.6088927
964000,3.752964735031128,1783518656.9084222
964100,3.23576021194458,1783518663.2840393
964200,0.5498325824737549,1783518669.8105202
964300,2.9087142944335938,1783518676.3127935
964400,2.223649501800537,1783518682.4214463
964500,4.076349258422852,1783518688.507705
964600,3.6068344116210938,1783518694.7461689
964700,0.606764554977417,1783518701.0208213
964800,3.1783699989318848,1783518707.1027184
964900,3.197787284851074,1783518713.3369415
965000,5.258940696716309,1783518719.6124856
965100,3.3775534629821777,1783518725.9881084
965200,2.7290172576904297,1783518732.0560226
965300,4.90857458114624,1783518738.3893228
965400,2.848480224609375,1783518744.444496
965500,5.550729751586914,1783518750.7839284
965600,4.346212387084961,1783518757.0449
965700,2.6559128761291504,1783518763.1670582
965800,3.3873958587646484,1783518769.233351
965900,1.3633016347885132,1783518775.2065437
966000,-0.026979833841323853,1783518781.3966687
966100,0.13023483753204346,1783518787.6704886
966200,2.5147132873535156,1783518793.7541795
966300,0.40804529190063477,1783518799.9039152
966400,3.1528592109680176,1783518806.221096
966500,2.0670220851898193,1783518812.5666862
966600,3.8210902214050293,1783518818.9183846
966700,-0.9650252461433411,1783518825.2649477
966800,0.42569831013679504,1783518831.3196933
966900,2.2400240898132324,1783518837.3739862
967000,0.3495669364929199,1783518843.6375456
967100,1.7365046739578247,1783518849.8927715
967200,1.8608119487762451,1783518856.0495799
967300,2.563326120376587,1783518862.0700276
967400,-1.3801440000534058,1783518868.3113472
967500,4.948838233947754,1783518874.6542478
967600,-0.27518388628959656,1783518881.0144982
967700,0.37944281101226807,1783518887.2947772
967800,-1.1062959432601929,1783518893.7783465
967900,1.7797045707702637,1783518900.029728
968000,2.5478968620300293,1783518906.3318639
968100,3.441951036453247,1783518912.5509708
968200,2.166067123413086,1783518918.8824391
968300,3.630124092102051,1783518925.344034
968400,2.301332950592041,1783518931.766219
968500,2.0344085693359375,1783518938.176175
968600,4.503588676452637,1783518944.392425
968700,5.380221366882324,1783518950.4163263
968800,4.8086652755737305,1783518956.6333892
968900,3.971566677093506,1783518962.739512
969000,4.15691614151001,1783518968.9681008
969100,3.5739457607269287,1783518975.1332374
969200,5.411945819854736,1783518981.2341955
969300,2.6351687908172607,1783518987.4642425
969400,-2.7363452911376953,1783518993.5344267
969500,0.1802126169204712,1783518999.7980025
969600,3.8748393058776855,1783519005.8620517
969700,3.676445960998535,1783519011.9945767
969800,3.4288225173950195,1783519018.164913
969900,-0.30070143938064575,1783519024.1586125
970000,1.1360795497894287,1783519030.5013568
970100,3.1176369190216064,1783519036.6132786
970200,1.617173671722412,1783519043.1109602
970300,2.511631965637207,1783519049.2983935
970400,0.24939531087875366,1783519055.3141482
970500,3.1698861122131348,1783519061.3121552
970600,1.954918384552002,1783519067.318234
970700,3.299027919769287,1783519073.7085695
970800,1.5344126224517822,1783519079.646945
970900,1.3340132236480713,1783519085.9181008
971000,3.016603469848633,1783519091.9728267
971100,2.322997570037842,1783519098.1746917
971200,1.5502138137817383,1783519104.4238687
971300,-2.5377771854400635,1783519110.3857598
971400,3.9218454360961914,1783519116.4630866
971500,4.4163665771484375,1783519122.4641962
971600,2.3570809364318848,1783519128.938818
971700,1.9283192157745361,1783519135.218928
971800,1.0082736015319824,1783519141.5306113
971900,-2.9742863178253174,1783519147.644893
972000,5.346012115478516,1783519153.7616494
972100,3.763573169708252,1783519159.9700065
972200,5.039771556854248,1783519166.0842748
972300,4.099203109741211,1783519172.35366
972400,0.5973513126373291,1783519178.5131493
972500,2.962355136871338,1783519184.4954636
972600,-0.5129013061523438,1783519190.460706
972700,-0.16108250617980957,1783519196.638719
972800,1.5571849346160889,1783519202.60981
972900,1.9163792133331299,1783519208.647247
973000,0.49819648265838623,1783519214.8767383
973100,1.7918672561645508,1783519220.9952674
973200,2.025139808654785,1783519227.0492449
973300,2.6581432819366455,1783519233.0298307
973400,2.664872884750366,1783519239.263861
973500,3.8959743976593018,1783519245.3921497
973600,3.358246326446533,1783519251.486256
973700,0.922424852848053,1783519257.756153
973800,3.951770305633545,1783519263.9360318
973900,2.9720230102539062,1783519270.1603458
974000,-0.20119738578796387,1783519276.5134883
974100,4.562005996704102,1783519282.6531906
974200,4.399229526519775,1783519288.7772129
974300,3.3338570594787598,1783519294.9981987
974400,-0.35610431432724,1783519301.0637507
974500,3.4714410305023193,1783519307.4938252
974600,5.288832664489746,1783519313.6928775
974700,2.493889808654785,1783519319.845291
974800,3.513430595397949,1783519325.9857588
974900,1.7307345867156982,1783519332.222181
975000,2.839158296585083,1783519338.4784832
975100,3.3774752616882324,1783519497.398107
975200,3.717500686645508,1783519503.5850356
975300,2.080319404602051,1783519509.8116589
975400,-2.169942855834961,1783519516.2063498
975500,1.2652045488357544,1783519522.3990834
975600,-0.307672917842865,1783519528.4080973
975700,1.7817538976669312,1783519534.7345586
975800,1.8791532516479492,1783519540.9559393
975900,0.3433162569999695,1783519547.4513326
976000,0.8971340656280518,1783519553.7137291
976100,0.6998807191848755,1783519559.8954506
976200,0.2600982189178467,1783519566.1403842
976300,-0.8605039119720459,1783519572.3062775
976400,1.6863415241241455,1783519578.4478238
976500,1.059116005897522,1783519584.817197
976600,-0.31195759773254395,1783519591.4457414
976700,0.890437662601471,1783519597.733061
976800,2.9654674530029297,1783519603.8776007
976900,2.9611127376556396,1783519610.2068021
977000,1.442380428314209,1783519616.5794122
977100,1.3329991102218628,1783519622.746388
977200,2.888537883758545,1783519628.8691442
977300,4.541351318359375,1783519635.1721961
977400,-0.48092806339263916,1783519641.3768601
977500,0.6784958839416504,1783519647.523496
977600,3.057549238204956,1783519653.9180264
977700,1.8344351053237915,1783519659.943473
977800,2.8605852127075195,1783519666.1622777
977900,1.0332458019256592,1783519672.1891298
978000,1.3583121299743652,1783519678.1411462
978100,-1.2845737934112549,1783519684.2548897
978200,-0.6569616794586182,1783519690.3779922
978300,2.2470574378967285,1783519696.712777
978400,2.9823288917541504,1783519702.9091425
978500,3.0336737632751465,1783519709.3458853
978600,4.119499206542969,1783519715.6979103
978700,3.5149178504943848,1783519721.875867
978800,2.243422269821167,1783519728.337838
978900,2.9518210887908936,1783519734.647755
979000,3.2148141860961914,1783519741.1163828
979100,2.536722183227539,1783519747.7804275
979200,4.323420524597168,1783519754.161335
979300,2.959320545196533,1783519760.7617738
979400,4.901410102844238,1783519767.1704981
979500,0.9109822511672974,1783519773.5283616
979600,0.4161510765552521,1783519779.7071466
979700,-0.028150618076324463,1783519785.8875654
979800,3.746514320373535,1783519792.1539032
979900,3.323310375213623,1783519798.3054261
980000,0.7910365462303162,1783519804.3818479
980100,4.401658058166504,1783519810.4937468
980200,1.8948363065719604,1783519816.9731936
980300,4.066733360290527,1783519823.0751436
980400,1.089151382446289,1783519829.4164073
980500,1.7072675228118896,1783519835.7461271
980600,3.3286280632019043,1783519842.1743784
980700,2.3707594871520996,1783519848.2665384
980800,3.00724458694458,1783519854.4354906
980900,1.9667904376983643,1783519860.6812065
981000,1.9234238862991333,1783519866.8575728
981100,4.37372350692749,1783519873.2353864
981200,4.131317138671875,1783519879.3186417
981300,3.4825172424316406,1783519885.569843
981400,2.0910961627960205,1783519891.771987
981500,3.944387912750244,1783519897.9038985
981600,0.6370938420295715,1783519903.9270694
981700,-0.6789902448654175,1783519909.9613585
981800,2.4044220447540283,1783519916.2646525
981900,1.432976245880127,1783519922.2329752
982000,-0.6435508728027344,1783519928.4077544
982100,1.9093999862670898,1783519934.5563269
982200,3.5526514053344727,1783519940.6985297
982300,2.9662892818450928,1783519946.7319958
982400,4.125581741333008,1783519952.8854935
982500,3.1463661193847656,1783519959.1105232
982600,4.78881311416626,1783519965.3725305
982700,0.9008961319923401,1783519971.6370924
982800,5.897459983825684,1783519977.8312812
982900,2.665696382522583,1783519984.0794685
983000,-1.2934612035751343,1783519990.3370657
983100,4.7682294845581055,1783519996.3211555
983200,2.6253397464752197,1783520002.519509
983300,3.904350996017456,1783520008.6362803
983400,1.2955511808395386,1783520014.77789
983500,3.1714749336242676,1783520020.8946943
983600,3.4687881469726562,1783520026.8640885
983700,4.124154090881348,1783520033.2948742
983800,0.3387228846549988,1783520039.3274088
983900,4.973912239074707,1783520045.5531166
984000,3.5755503177642822,1783520051.6512554
984100,4.849305152893066,1783520058.0483778
984200,2.7351913452148438,1783520064.457852
984300,2.803812026977539,1783520070.645849
984400,4.817968845367432,1783520076.7427197
984500,4.141970634460449,1783520083.0040665
984600,2.0715742111206055,1783520089.375642
984700,3.523420810699463,1783520095.5256028
984800,1.3169852495193481,1783520101.725055
984900,3.938830852508545,1783520107.7453372
985000,4.520747184753418,1783520113.962716
985100,3.68611741065979,1783520120.223676
985200,4.436063766479492,1783520126.457148
985300,3.496318817138672,1783520132.6325803
985400,1.6451857089996338,1783520138.6587713
985500,-1.0092520713806152,1783520144.8995047
985600,-0.8808348178863525,1783520151.1637084
985700,3.1826155185699463,1783520157.587255
985800,1.168152928352356,1783520164.0185125
985900,1.6277101039886475,1783520170.1781085
986000,2.029583692550659,1783520176.6244197
986100,0.6588524580001831,1783520183.1021793
986200,3.514028310775757,1783520189.4637907
986300,0.7319431304931641,1783520196.0172908
986400,4.843791484832764,1783520202.3986895
986500,0.7710493803024292,1783520208.4692411
986600,2.4170656204223633,1783520214.4942925
986700,3.1723196506500244,1783520220.6553514
986800,2.5588412284851074,1783520226.8608532
986900,1.667970061302185,1783520232.901944
987000,3.2495129108428955,1783520239.0309525
987100,0.9325249195098877,1783520245.2107196
987200,3.1399896144866943,1783520251.5480142
987300,2.8552651405334473,1783520257.770546
987400,1.630067229270935,1783520263.8038375
987500,1.8133220672607422,1783520270.170805
987600,1.0336178541183472,1783520276.4945593
987700,4.534759044647217,1783520282.8126085
987800,1.1119259595870972,1783520289.448648
987900,2.3470864295959473,1783520295.6025167
988000,2.682706832885742,1783520301.8830116
988100,3.2846219539642334,1783520308.2155461
988200,4.4004974365234375,1783520314.2733016
988300,-1.2169196605682373,1783520320.4501574
988400,3.2246572971343994,1783520326.5121174
988500,4.308226585388184,1783520332.472555
988600,2.5201029777526855,1783520338.5196252
988700,4.545605659484863,1783520344.597726
988800,3.9274120330810547,1783520350.632015
988900,-0.03541058301925659,1783520356.7485964
989000,-2.899710178375244,1783520362.965812
989100,1.948755145072937,1783520369.2131975
989200,0.08023619651794434,1783520375.295659
989300,0.5772828459739685,1783520381.3971512
989400,2.0299904346466064,1783520387.7986286
989500,-0.2800407409667969,1783520393.8634338
989600,2.3532605171203613,1783520400.0621889
989700,2.473588466644287,1783520406.2004397
989800,3.096510410308838,1783520412.1599424
989900,4.7870564460754395,1783520418.3526883
990000,2.4714009761810303,1783520424.257925
990100,3.1907200813293457,1783520430.3145905
990200,1.5351848602294922,1783520436.6355844
990300,3.884352207183838,1783520442.9031446
990400,1.6717723608016968,1783520448.9450965
990500,3.426267623901367,1783520455.1302662
990600,2.9628076553344727,1783520461.1254258
990700,2.5641942024230957,1783520467.194773
990800,3.2199347019195557,1783520473.270014
990900,3.8329036235809326,1783520479.4886284
991000,2.833456516265869,1783520485.5032265
991100,2.4284098148345947,1783520491.744859
991200,2.940784454345703,1783520497.928995
991300,1.4410721063613892,1783520504.1132007
991400,3.2506558895111084,1783520510.0751586
991500,3.095642566680908,1783520516.4470692
991600,4.327729225158691,1783520522.458577
991700,2.470500946044922,1783520528.7203832
991800,2.995750665664673,1783520535.0123065
991900,2.2396793365478516,1783520541.0867722
992000,1.062563419342041,1783520547.2319214
992100,1.7104848623275757,1783520553.5039809
992200,2.575059175491333,1783520559.6452773
992300,1.8971853256225586,1783520565.820356
992400,3.265044689178467,1783520571.9285789
992500,2.399709939956665,1783520577.9703972
992600,4.227691650390625,1783520584.317671
992700,2.5228304862976074,1783520590.5610273
992800,0.43388521671295166,1783520596.6468315
992900,-0.5468341112136841,1783520602.929174
993000,5.738913536071777,1783520609.1804616
993100,2.6224470138549805,1783520615.462112
993200,3.5446972846984863,1783520621.5524843
993300,-0.2760968506336212,1783520627.7011166
993400,3.1943302154541016,1783520634.1459417
993500,4.464509963989258,1783520640.412312
993600,3.297041416168213,1783520646.4706216
993700,5.619861602783203,1783520652.6966763
993800,3.1368110179901123,1783520659.0107036
993900,4.647582054138184,1783520665.7477517
994000,5.878645896911621,1783520671.9421113
994100,3.500234365463257,1783520678.3755033
994200,4.961190223693848,1783520684.698828
994300,2.367549419403076,1783520690.9761837
994400,2.698660373687744,1783520697.517067
994500,2.6616382598876953,1783520703.8327794
994600,2.695014476776123,1783520710.0984292
994700,1.6648061275482178,1783520716.360779
994800,4.147475242614746,1783520722.7940197
994900,4.628152370452881,1783520729.0997632
995000,4.133479595184326,1783520735.3134625
995100,3.668243408203125,1783520741.669491
995200,3.09138560295105,1783520747.819356
995300,3.9964637756347656,1783520754.174371
995400,0.021735072135925293,1783520760.3337488
995500,-0.5266650915145874,1783520766.5764444
995600,-0.4071362614631653,1783520772.780392
995700,5.32848596572876,1783520778.969763
995800,3.4212474822998047,1783520785.2699192
995900,3.0286502838134766,1783520791.3893304
996000,1.772585391998291,1783520797.7744446
996100,2.214967727661133,1783520803.8390617
996200,3.964576005935669,1783520810.1199405
996300,3.1442432403564453,1783520816.496177
996400,4.613514423370361,1783520823.01295
996500,3.27191162109375,1783520829.2915776
996600,-2.5495238304138184,1783520835.4581776
996700,-2.911961555480957,1783520841.5274572
996800,-2.2966551780700684,1783520847.752572
996900,2.635382890701294,1783520854.0152717
997000,0.71992027759552,1783520860.2747698
997100,1.9957799911499023,1783520866.568789
997200,2.6254961490631104,1783520872.8086963
997300,4.492552280426025,1783520878.916199
997400,2.6377477645874023,1783520885.1198988
997500,3.3838624954223633,1783520891.373524
997600,1.399113416671753,1783520897.539986
997700,1.7641185522079468,1783520903.8812103
997800,1.091809630393982,1783520910.0177953
997900,6.37656831741333,1783520916.3275368
998000,2.478199005126953,1783520922.4605842
998100,2.066807985305786,1783520928.8341677
998200,4.8702216148376465,1783520934.8746753
998300,5.253082275390625,1783520940.9571247
998400,4.099359512329102,1783520947.060228
998500,4.887744426727295,1783520953.2482445
998600,1.3483103513717651,1783520959.4066868
998700,-0.05914829671382904,1783520965.576525
998800,-0.9540371298789978,1783520972.0431552
998900,4.099234104156494,1783520978.1085694
999000,1.2585322856903076,1783520984.489435
999100,3.2404961585998535,1783520990.3681917
999200,3.4810266494750977,1783520996.5111268
999300,1.8200421333312988,1783521002.6459105
999400,4.279244899749756,1783521008.7535405
999500,1.1578352451324463,1783521014.8720334
999600,2.517395496368408,1783521021.2005284
999700,1.046717882156372,1783521027.3269148
999800,3.3613102436065674,1783521033.508387
999900,5.795305252075195,1783521039.5300891
1000000,2.8927054405212402,1783524481.7276878
1000100,1.73613703250885,1783524644.2805076
1000200,4.355062484741211,1783524650.620771
1000300,4.486855506896973,1783524656.7554548
1000400,3.142642021179199,1783524662.9601822
1000500,-0.2890583872795105,1783524669.2776551
1000600,0.30931246280670166,1783524675.905683
1000700,1.4532965421676636,1783524682.110411
1000800,3.069775104522705,1783524688.2524555
1000900,2.8462586402893066,1783524694.6419852
1001000,-0.9126357436180115,1783524700.894202
1001100,3.3885934352874756,1783524707.2057762
1001200,0.14839400351047516,1783524713.4446676
1001300,0.3478441536426544,1783524719.9605355
1001400,1.3838388919830322,1783524726.1442604
1001500,0.6466580629348755,1783524732.146303
1001600,1.5436471700668335,1783524738.379651
1001700,-1.4816856384277344,1783524744.773972
1001800,2.493316650390625,1783524750.812414
1001900,-1.0921239852905273,1783524757.01987
1002000,1.711519479751587,1783524763.226673
1002100,1.4200221300125122,1783524769.7341878
1002200,2.1316239833831787,1783524776.1302505
1002300,-0.6047037839889526,1783524782.540208
1002400,0.03589475154876709,1783524788.913912
1002500,2.959667205810547,1783524795.1094131
1002600,-0.979792058467865,1783524801.3538513
1002700,0.656609058380127,1783524807.6522217
1002800,1.7266243696212769,1783524813.9095056
1002900,4.2224016189575195,1783524820.2678165
1003000,0.6413487195968628,1783524826.457488
1003100,-0.06609457731246948,1783524833.1973865
1003200,0.010353505611419678,1783524839.4892163
1003300,1.7051736116409302,1783524845.8097575
1003400,3.1771395206451416,1783524851.9768023
1003500,5.631345272064209,1783524858.376634
1003600,3.869485855102539,1783524864.7182913
1003700,1.8502331972122192,1783524871.463117
1003800,0.33317863941192627,1783524877.9674096
1003900,2.665113687515259,1783524884.3312607
1004000,2.242520332336426,1783524890.4389744
1004100,2.1525216102600098,1783524896.8205855
1004200,0.7265840172767639,1783524903.1369185
1004300,2.0380849838256836,1783524909.4988432
1004400,2.6574172973632812,1783524915.9138224
1004500,1.4328861236572266,1783524922.2292478
1004600,4.256204128265381,1783524928.5999663
1004700,0.028575003147125244,1783524934.7920682
1004800,0.7795302271842957,1783524941.199465
1004900,2.69533634185791,1783524947.3608108
1005000,0.0347445011138916,1783524953.5588973
1005100,6.144811630249023,1783524959.7529442
1005200,0.5365488529205322,1783524966.0531695
1005300,3.9200665950775146,1783524972.2200773
1005400,1.8697474002838135,1783524978.4148352
1005500,2.317783832550049,1783524984.653915
1005600,3.349029541015625,1783524990.8928533
1005700,3.1270804405212402,1783524996.9997933
1005800,1.7384288311004639,1783525003.3522718
1005900,3.019329071044922,1783525009.509734
1006000,2.189619302749634,1783525015.7543097
1006100,-0.3080894649028778,1783525021.955834
1006200,-0.5054914951324463,1783525028.3559525
1006300,4.1287078857421875,1783525034.5149255
1006400,4.481498718261719,1783525041.0017602
1006500,3.8903441429138184,1783525047.24927
1006600,0.2913849651813507,1783525053.2421985
1006700,4.378222942352295,1783525059.4594085
1006800,-0.6129677891731262,1783525065.759907
1006900,2.5982422828674316,1783525072.3645155
1007000,1.7979806661605835,1783525078.6774943
1007100,2.835015296936035,1783525084.863234
1007200,0.2687070369720459,1783525091.1870265
1007300,2.5961854457855225,1783525097.4339075
1007400,3.0527238845825195,1783525103.7427638
1007500,2.139887571334839,1783525110.0098095
1007600,6.158749580383301,1783525116.3360243
1007700,2.286052942276001,1783525122.4698553
1007800,3.248959541320801,1783525128.7437541
1007900,3.0653066635131836,1783525135.1218145
1008000,3.5565881729125977,1783525141.4845216
1008100,4.800201892852783,1783525147.826787
1008200,2.3414466381073,1783525154.1973267
1008300,1.8717520236968994,1783525160.5191534
1008400,-1.0943636894226074,1783525166.9432683
1008500,-0.014583110809326172,1783525173.3086298
1008600,2.35579776763916,1783525179.5331504
1008700,3.7118749618530273,1783525185.9707963
1008800,3.162588357925415,1783525192.265057
1008900,3.366755962371826,1783525198.7534132
1009000,1.8739120960235596,1783525205.1136253
1009100,1.26899254322052,1783525211.46724
1009200,1.3664125204086304,1783525218.1276636
1009300,0.1958887279033661,1783525224.5767598
1009400,0.91826993227005,1783525230.802745
1009500,1.488600730895996,1783525237.209149
1009600,-2.1459641456604004,1783525243.4735918
1009700,3.3923239707946777,1783525249.9960647
1009800,1.5833001136779785,1783525256.2282631
1009900,2.9215633869171143,1783525262.5601544
1010000,1.713397741317749,1783525268.6793005
1010100,3.148259162902832,1783525274.7027085
1010200,2.331329345703125,1783525280.8942354
1010300,1.4128849506378174,1783525286.9118397
1010400,1.510534405708313,1783525293.182595
1010500,1.4265964031219482,1783525299.3831594
1010600,3.8751320838928223,1783525305.7490578
1010700,2.7923808097839355,1783525311.8683023
1010800,2.516737699508667,1783525318.0858781
1010900,3.469176769256592,1783525324.212242
1011000,2.267306327819824,1783525330.5443206
1011100,0.6012930870056152,1783525336.8017592
1011200,3.052278995513916,1783525342.9215276
1011300,4.42016077041626,1783525349.0297012
1011400,5.213471412658691,1783525355.527425
1011500,2.401623487472534,1783525361.8909373
1011600,4.933229446411133,1783525368.2060485
1011700,2.0425925254821777,1783525374.3317883
1011800,5.157181739807129,1783525380.6733282
1011900,0.27261027693748474,1783525386.6130416
1012000,3.9544854164123535,1783525392.84721
1012100,5.286373138427734,1783525398.9968505
1012200,3.2242813110351562,1783525405.058911
1012300,3.1786680221557617,1783525411.0324953
1012400,2.774975061416626,1783525417.4804864
1012500,1.1713942289352417,1783525423.4190922
1012600,3.9389240741729736,1783525429.7589464
1012700,2.628157377243042,1783525435.7721894
1012800,3.568821907043457,1783525441.674096
1012900,0.8916710615158081,1783525447.6958308
1013000,0.8291243314743042,1783525453.8616002
1013100,4.049558162689209,1783525460.03082
1013200,4.108574867248535,1783525466.0032585
1013300,2.1958189010620117,1783525471.8304355
1013400,2.0829150676727295,1783525477.9227371
1013500,1.0029255151748657,1783525484.127965
1013600,1.8188364505767822,1783525490.0483422
1013700,-0.2715393304824829,1783525496.3157568
1013800,-0.1466386318206787,1783525502.5792005
1013900,2.687906503677368,1783525508.7216635
1014000,0.8733400106430054,1783525515.1334248
1014100,4.07153844833374,1783525521.4312553
1014200,3.868224620819092,1783525527.876655
1014300,4.470648765563965,1783525534.451006
1014400,2.430370807647705,1783525540.2517903
1014500,3.987387180328369,1783525546.557714
1014600,4.233328819274902,1783525552.687504
1014700,3.101750373840332,1783525558.6880338
1014800,1.4419018030166626,1783525565.1277852
1014900,4.612028121948242,1783525571.0757947
1015000,4.5109357833862305,1783525577.5714014
1015100,2.4278464317321777,1783525584.04711
1015200,3.807647228240967,1783525590.1310475
1015300,2.239365339279175,1783525596.4542296
1015400,2.8911385536193848,1783525602.2650435
1015500,2.503403663635254,1783525608.8523014
1015600,4.410467147827148,1783525614.811098
1015700,1.698272705078125,1783525620.990038
1015800,0.9488859176635742,1783525627.0465534
1015900,3.2053089141845703,1783525633.20073
1016000,3.8556623458862305,1783525639.472258
1016100,4.5537943840026855,1783525645.4134178
1016200,2.818683624267578,1783525651.5112126
1016300,3.1770453453063965,1783525657.5323884
1016400,0.8987177014350891,1783525663.6549625
1016500,2.303361415863037,1783525669.921191
1016600,2.431281089782715,1783525676.499369
1016700,-0.4462471902370453,1783525682.3932612
1016800,1.4201149940490723,1783525688.5777106
1016900,-0.011634349822998047,1783525694.5865607
1017000,0.879635214805603,1783525700.9685192
1017100,1.8435640335083008,1783525707.2766688
1017200,-0.13156980276107788,1783525713.4746757
1017300,3.335319757461548,1783525719.7919724
1017400,4.021091461181641,1783525725.9884398
1017500,1.7665619850158691,1783525732.2823942
1017600,3.3609251976013184,1783525738.6010427
1017700,3.9468300342559814,1783525744.8256686
1017800,1.6506240367889404,1783525751.3146794
1017900,3.756300926208496,1783525757.6832495
1018000,4.4658942222595215,1783525763.839685
1018100,2.0893759727478027,1783525769.873648
1018200,2.8440256118774414,1783525776.3456533
1018300,-0.7290307283401489,1783525782.5309258
1018400,4.513558864593506,1783525788.6899219
1018500,3.300034761428833,1783525794.7805715
1018600,3.385685443878174,1783525800.9011295
1018700,4.682973384857178,1783525807.113275
1018800,3.234344959259033,1783525813.4764113
1018900,4.678177833557129,1783525819.8143125
1019000,1.8534879684448242,1783525825.8776176
1019100,2.3808059692382812,1783525832.231229
1019200,2.193338632583618,1783525838.529254
1019300,-1.707240104675293,1783525844.6057763
1019400,1.50682532787323,1783526666.4240477
1019500,1.1418156623840332,1783526672.5483541
1019600,2.1674623489379883,1783526678.9159396
1019700,2.96372389793396,1783526685.347987
1019800,3.309764862060547,1783526692.0003345
1019900,-0.2020198106765747,1783526698.6106207
1020000,3.5541391372680664,1783526704.9442515
1020100,4.549100875854492,1783526711.4052217
1020200,3.0203676223754883,1783526717.8016858
1020300,0.9896395206451416,1783526724.047468
1020400,3.335380792617798,1783526730.125175
1020500,3.868002414703369,1783526736.3188806
1020600,2.8620972633361816,1783526742.514743
1020700,3.612640380859375,1783526748.6651196
1020800,1.4981577396392822,1783526754.757995
1020900,1.6885104179382324,1783526761.0188692
1021000,6.088027000427246,1783526767.0121906
1021100,3.0513575077056885,1783526773.2858002
1021200,-0.32579028606414795,1783526779.4121194
1021300,3.154448986053467,1783526785.588253
1021400,1.096691608428955,1783526791.78012
1021500,2.0668373107910156,1783526798.3644109
1021600,1.3737237453460693,1783526804.804223
1021700,3.4866890907287598,1783526811.0015414
1021800,3.975688934326172,1783526817.2670252
1021900,2.415503978729248,1783526823.2837126
1022000,0.8039429187774658,1783526829.6478786
1022100,0.8064129948616028,1783526836.107094
1022200,1.5911931991577148,1783526842.2261481
1022300,0.6527460813522339,1783526848.3070326
1022400,5.918351173400879,1783526854.305579
1022500,4.738779544830322,1783526860.3071685
1022600,2.805633306503296,1783526866.5104413
1022700,3.9335384368896484,1783526872.4452019
1022800,1.7171200513839722,1783526878.5148172
1022900,0.21549773216247559,1783526884.6271138
1023000,1.60093092918396,1783526890.7291248
1023100,2.767195224761963,1783526896.9771445
1023200,3.7418770790100098,1783526903.1212947
1023300,2.1714911460876465,1783526909.429839
1023400,2.1256964206695557,1783526915.7312095
1023500,1.827043056488037,1783526921.9875572
1023600,3.172640085220337,1783526928.2407234
1023700,0.3436499238014221,1783526934.5301917
1023800,2.50831937789917,1783526940.860418
1023900,0.39219075441360474,1783526947.113222
1024000,2.9293723106384277,1783526953.3173904
1024100,5.306909561157227,1783526959.4973192
1024200,3.1317052841186523,1783526965.6882114
1024300,5.758877754211426,1783526971.6677992
1024400,3.419088363647461,1783526977.9739473
1024500,4.461555004119873,1783526983.9646652
1024600,3.5714073181152344,1783526990.2013
1024700,1.0208927392959595,1783526996.1930346
1024800,3.6937060356140137,1783527002.2665722
1024900,2.5761055946350098,1783527008.3970208
1025000,0.14310944080352783,1783527014.4452107
1025100,2.0061073303222656,1783527168.3264837
1025200,2.7146875858306885,1783527174.379853
1025300,2.7605161666870117,1783527180.4389446
1025400,3.534747362136841,1783527186.6696327
1025500,1.7398372888565063,1783527192.6166146
1025600,1.346457839012146,1783527198.9911103
1025700,2.5555734634399414,1783527205.3327143
1025800,4.621477127075195,1783527211.3037949
1025900,2.668773889541626,1783527217.5569603
1026000,1.5509589910507202,1783527223.8790667
1026100,-1.5740437507629395,1783527230.1098475
1026200,-3.3845458030700684,1783527236.2529886
1026300,1.971611738204956,1783527242.462211
1026400,5.584346771240234,1783527248.4744456
1026500,2.8952529430389404,1783527254.693778
1026600,2.803708076477051,1783527260.817974
1026700,2.2161641120910645,1783527267.2164447
1026800,1.286866307258606,1783527273.6548913
1026900,1.8374903202056885,1783527279.6117468
1027000,0.4402717351913452,1783527285.8979082
1027100,2.0962414741516113,1783527292.1433074
1027200,2.4280927181243896,1783527298.492166
1027300,2.5996627807617188,1783527304.7692795
1027400,-0.10332268476486206,1783527310.8051624
1027500,3.3727798461914062,1783527317.0338993
1027600,2.2754786014556885,1783527323.2069488
1027700,0.8607895374298096,1783527329.6281562
1027800,0.5732581615447998,1783527335.8002286
1027900,1.4091534614562988,1783527342.2023535
1028000,2.8805768489837646,1783527348.6588342
1028100,1.554197072982788,1783527354.9944928
1028200,2.310161828994751,1783527361.3938725
1028300,2.3100600242614746,1783527367.5155516
1028400,3.8332386016845703,1783527373.6867971
1028500,2.877394199371338,1783527379.9694223
1028600,0.2778036594390869,1783527386.149916
1028700,4.604848861694336,1783527392.3910933
1028800,2.2661328315734863,1783527398.6858616
1028900,3.928312063217163,1783527404.9888177
1029000,5.329261302947998,1783527411.0886962
1029100,3.0367677211761475,1783527417.5282764
1029200,0.4569452702999115,1783527423.8201826
1029300,5.12178897857666,1783527429.933258
1029400,2.232638120651245,1783527435.9237773
1029500,3.1160964965820312,1783527442.2951314
1029600,3.3689606189727783,1783527448.6577432
1029700,0.40073877573013306,1783527454.8263192
1029800,4.726016521453857,1783527460.8995607
1029900,3.403597116470337,1783527467.4066174
1030000,4.64260196685791,1783527473.5950432
1030100,4.186923980712891,1783527479.8362122
1030200,4.350615501403809,1783527486.006809
1030300,2.297128677368164,1783527492.3711467
1030400,4.441082000732422,1783527498.438758
1030500,2.5546927452087402,1783527504.6582472
1030600,3.1442372798919678,1783527510.708712
1030700,4.4251909255981445,1783527516.9741306
1030800,4.081044673919678,1783527523.406798
1030900,5.763891220092773,1783527529.7981455
1031000,3.5246758460998535,1783527536.151017
1031100,3.5224828720092773,1783527542.4616172
1031200,2.9466593265533447,1783527548.6227863
1031300,1.6700280904769897,1783527554.9083693
1031400,2.0906596183776855,1783527561.1482375
1031500,4.322500228881836,1783527567.5101368
1031600,2.2612242698669434,1783527573.9788558
1031700,2.1146583557128906,1783527580.302769
1031800,-0.8636587858200073,1783527586.6034515
1031900,3.9185140132904053,1783527592.930676
1032000,4.356717109680176,1783527599.0850644
1032100,2.4576456546783447,1783527605.2105095
1032200,3.4191513061523438,1783527611.5720997
1032300,0.565024733543396,1783527617.7951853
1032400,2.5119802951812744,1783527624.0382743
1032500,4.320677757263184,1783527630.2333336
1032600,4.76021146774292,1783527636.7266366
1032700,3.6588921546936035,1783527643.1410012
1032800,3.2427196502685547,1783527649.5808847
1032900,3.117676258087158,1783527655.8703115
1033000,3.839189052581787,1783527662.0364099
1033100,3.9083502292633057,1783527668.2737813
1033200,2.805455446243286,1783527674.6008062
1033300,4.926143169403076,1783527680.8064666
1033400,5.283420562744141,1783527687.1501377
1033500,4.026623725891113,1783527693.133032
1033600,5.180735111236572,1783527699.0918612
1033700,4.382162094116211,1783527705.1953912
1033800,4.954092025756836,1783527711.4742734
1033900,1.910781741142273,1783527717.6272058
1034000,1.2516582012176514,1783527723.8986957
1034100,2.9893882274627686,1783527729.9724789
1034200,3.3971357345581055,1783527736.3615148
1034300,4.438742637634277,1783527742.7279074
1034400,5.46248197555542,1783527749.047511
1034500,0.29264694452285767,1783527755.3525784
1034600,1.9935044050216675,1783527761.6172163
1034700,3.0641720294952393,1783527768.052435
1034800,3.9161808490753174,1783527774.1847336
1034900,0.38673466444015503,1783527780.2275581
1035000,4.376534461975098,1783527786.3080451
1035100,4.5111494064331055,1783527792.5908155
1035200,1.1142046451568604,1783527798.8376765
1035300,3.858391284942627,1783527805.1360707
1035400,4.808474540710449,1783527811.5405586
1035500,3.6757707595825195,1783527817.5426574
1035600,4.577561378479004,1783527823.7438767
1035700,3.225271701812744,1783527830.0704634
1035800,3.0246503353118896,1783527836.199827
1035900,4.972138404846191,1783527842.4216158
1036000,3.4307141304016113,1783527848.6940982
1036100,3.6712679862976074,1783527854.9128401
1036200,1.3435394763946533,1783527861.085288
1036300,3.129739999771118,1783527867.1032436
1036400,3.9593255519866943,1783527873.3298185
1036500,2.6353535652160645,1783527879.5523536
1036600,3.2045223712921143,1783527885.7022367
1036700,3.753591299057007,1783527892.0868285
1036800,3.689422607421875,1783527898.188293
1036900,2.6762075424194336,1783527904.4164088
1037000,4.580080032348633,1783527910.6339595
1037100,4.233591079711914,1783527916.80093
1037200,4.284253120422363,1783527922.9014122
1037300,2.9050111770629883,1783527929.0136282
1037400,5.281579494476318,1783527935.3056395
1037500,2.902548313140869,1783527941.6772618
1037600,5.025392055511475,1783527947.9049714
1037700,4.138038635253906,1783527954.1543696
1037800,1.7861851453781128,1783527960.405614
1037900,4.716525077819824,1783527966.6025496
1038000,5.960909843444824,1783527973.0610268
1038100,6.647414207458496,1783527979.517217
1038200,4.953830718994141,1783527985.900467
1038300,2.8967344760894775,1783527992.30007
1038400,5.547563552856445,1783527998.3558364
1038500,1.7935694456100464,1783528004.5087872
1038600,2.7694389820098877,1783528010.8097231
1038700,5.9887285232543945,1783528017.025271
1038800,4.169095993041992,1783528023.3585684
1038900,3.0529637336730957,1783528029.4208863
1039000,5.488646030426025,1783528035.5727642
1039100,3.8216748237609863,1783528041.5994604
1039200,6.520072937011719,1783528047.700795
1039300,4.389131546020508,1783528053.8448994
1039400,2.67547607421875,1783528060.330807
1039500,4.172423839569092,1783528066.658782
1039600,2.944150447845459,1783528072.7278867
1039700,4.200828552246094,1783528078.8116477
1039800,5.7338762283325195,1783528084.9189382
1039900,3.2094826698303223,1783528091.2085333
1040000,1.329505443572998,1783528097.2670708
1040100,3.891219139099121,1783528103.4140227
1040200,4.309633255004883,1783528109.6042295
1040300,5.049950122833252,1783528115.9880598
1040400,4.5496506690979,1783528122.2590535
1040500,4.507287502288818,1783528128.5526032
1040600,3.3740477561950684,1783528134.9456108
1040700,5.683152675628662,1783528141.00907
1040800,4.02736759185791,1783528147.1448612
1040900,-1.2135381698608398,1783528153.2307968
1041000,3.008390188217163,1783528159.570281
1041100,3.8090415000915527,1783528165.7183535
1041200,5.283850193023682,1783528172.061611
1041300,4.912788391113281,1783528178.3059938
1041400,2.739880323410034,1783528184.593905
1041500,3.9863195419311523,1783528190.6923084
1041600,4.79176139831543,1783528196.7558134
1041700,3.9212310314178467,1783528203.0721712
1041800,4.158248424530029,1783528209.3502924
1041900,2.718717336654663,1783528215.3081357
1042000,3.754124402999878,1783528222.0091405
1042100,3.654021978378296,1783528228.4846396
1042200,2.739625930786133,1783528234.6476316
1042300,4.104116439819336,1783528240.6709635
1042400,2.206085681915283,1783528246.8919516
1042500,1.1797730922698975,1783528253.116408
1042600,3.9664864540100098,1783528259.4118514
1042700,4.1415696144104,1783528265.6485038
1042800,1.435874342918396,1783528271.9266121
1042900,0.7145389318466187,1783528278.1215358
1043000,1.0168850421905518,1783528284.449842
1043100,1.442739486694336,1783528290.7414718
1043200,0.20968127250671387,1783528297.0669904
1043300,0.9958884716033936,1783528303.369753
1043400,1.7947198152542114,1783528309.6130657
1043500,4.925373077392578,1783528315.7567008
1043600,1.464203953742981,1783528322.0552044
1043700,1.9956873655319214,1783528328.3569496
1043800,4.494434356689453,1783528334.4333549
1043900,3.463892698287964,1783528340.6101956
1044000,4.816150665283203,1783528346.987677
1044100,4.092710971832275,1783528353.016578
1044200,6.6559295654296875,1783528359.526662
1044300,7.537121772766113,1783528365.697314
1044400,4.3356194496154785,1783528372.0296414
1044500,4.183266639709473,1783528378.307455
1044600,3.7933831214904785,1783528384.5589204
1044700,6.325469017028809,1783528390.9792576
1044800,4.450203895568848,1783528397.051222
1044900,2.5407276153564453,1783528403.237803
1045000,2.6782565116882324,1783528409.4792593
1045100,3.3105673789978027,1783528415.6661284
1045200,4.648883819580078,1783528421.9878993
1045300,4.73229455947876,1783528427.9877727
1045400,3.8566179275512695,1783528434.006692
1045500,4.578267574310303,1783528440.0936015
1045600,4.364795684814453,1783528446.2904663
1045700,4.518712997436523,1783528452.5908194
1045800,0.19106844067573547,1783528458.8601868
1045900,1.0102379322052002,1783528465.3234906
1046000,3.9064793586730957,1783528471.5007818
1046100,4.425971508026123,1783528477.5233278
1046200,3.4130594730377197,1783528483.9914954
1046300,6.002236366271973,1783528490.033822
1046400,5.5974836349487305,1783528496.2481399
1046500,4.716311454772949,1783528502.410269
1046600,2.5768868923187256,1783528508.7389412
1046700,6.432319641113281,1783528514.8771062
1046800,4.103549957275391,1783528521.3144684
1046900,5.699335098266602,1783528527.5517368
1047000,5.087113380432129,1783528533.6187484
1047100,4.87005615234375,1783528539.8634617
1047200,2.957517623901367,1783528546.0298393
1047300,3.273327350616455,1783528552.434532
1047400,2.5686850547790527,1783528558.43826
1047500,3.833889961242676,1783528564.732743
1047600,3.84047532081604,1783528571.110761
1047700,4.41943359375,1783528577.3483002
1047800,4.036609649658203,1783528583.5213444
1047900,1.693904161453247,1783528589.6692228
1048000,3.079406261444092,1783528595.9955378
1048100,5.015096187591553,1783528602.301295
1048200,6.088874340057373,1783528608.5348613
1048300,5.9927754402160645,1783528614.9760914
1048400,1.2289735078811646,1783528621.139444
1048500,5.889835357666016,1783528627.2267692
1048600,4.039739608764648,1783528633.5121782
1048700,2.817204475402832,1783528639.540489
1048800,1.5344752073287964,1783528645.6365082
1048900,2.640523910522461,1783528651.6870031
1049000,3.4216723442077637,1783528657.856415
1049100,4.074530601501465,1783528663.931986
1049200,2.439119338989258,1783528669.9721103
1049300,2.9068620204925537,1783528676.110052
1049400,-1.439679741859436,1783528682.209356
1049500,3.087266445159912,1783528688.7575555
1049600,2.5151500701904297,1783528694.7631795
1049700,2.262808322906494,1783528700.9984338
1049800,-1.5556961297988892,1783528707.301254
1049900,3.7414331436157227,1783528713.5388992
1050000,3.2952239513397217,1783603952.4930367
1050100,3.8969054222106934,1783604104.1900187
1050200,1.269553780555725,1783604110.1610317
1050300,0.7194874882698059,1783604116.401539
1050400,3.1510818004608154,1783604122.4515738
1050500,2.738603115081787,1783604128.271167
1050600,5.023715019226074,1783604134.2498286
1050700,3.8620550632476807,1783604140.3900366
1050800,3.436295509338379,1783604146.5874949
1050900,2.6369645595550537,1783604152.7725904
1051000,2.5757522583007812,1783604158.8959262
1051100,3.9941086769104004,1783604165.2123585
1051200,2.8050451278686523,1783604171.5979779
1051300,3.801189422607422,1783604177.7812529
1051400,4.203014373779297,1783604183.759138
1051500,2.6914262771606445,1783604190.0657306
1051600,3.329108715057373,1783604196.2414956
1051700,1.8564198017120361,1783604202.4504023
1051800,3.9520320892333984,1783604208.5289898
1051900,2.986189842224121,1783604214.51683
1052000,4.536881923675537,1783604220.4351158
1052100,3.078761577606201,1783604226.5523674
1052200,5.3684186935424805,1783604232.6655502
1052300,3.251626491546631,1783604238.9003704
1052400,1.2949206829071045,1783604244.9176059
1052500,6.5009565353393555,1783604251.355106
1052600,2.7774579524993896,1783604257.445197
1052700,2.7811787128448486,1783604263.4159384
1052800,3.1180777549743652,1783604269.3235855
1052900,3.2053287029266357,1783604275.2663329
1053000,3.0451784133911133,1783604281.3448255
1053100,2.7986390590667725,1783604287.2533457
1053200,4.8632893562316895,1783604293.1392026
1053300,1.106419563293457,1783604299.168054
1053400,1.915306806564331,1783604305.2698033
1053500,-0.8413706421852112,1783604311.4074783
1053600,1.1235642433166504,1783604317.4596615
1053700,1.0914565324783325,1783604323.6428664
1053800,2.609135627746582,1783604329.874444
1053900,3.045741081237793,1783604335.8898745
1054000,3.7063279151916504,1783604341.9416628
1054100,3.3312222957611084,1783604348.168431
1054200,4.427001476287842,1783604354.5324197
1054300,5.742738246917725,1783604360.6109726
1054400,3.3797800540924072,1783604366.8335133
1054500,5.097649574279785,1783604372.902698
1054600,3.7411656379699707,1783604379.1788654
1054700,1.839274287223816,1783604385.4603658
1054800,0.6142712831497192,1783604391.4533503
1054900,3.8360188007354736,1783604397.491808
1055000,0.17087242007255554,1783604403.5577078
1055100,1.4069287776947021,1783604409.794915
1055200,0.9688920974731445,1783604416.042569
1055300,3.128822088241577,1783604422.240306
1055400,4.625261306762695,1783604428.4509003
1055500,4.551193714141846,1783604434.5401502
1055600,1.2360095977783203,1783604440.6983798
1055700,2.1177754402160645,1783604446.9593632
1055800,3.3638577461242676,1783604453.1892483
1055900,2.8312876224517822,1783604459.4122124
1056000,2.7362780570983887,1783604465.5416698
1056100,6.199051856994629,1783604471.6641855
1056200,4.930622100830078,1783604477.86176
1056300,4.740022659301758,1783604484.338974
1056400,5.831645965576172,1783604490.5164962
1056500,3.9574129581451416,1783604496.7756662
1056600,7.315971374511719,1783604502.8038483
1056700,3.476252555847168,1783604508.7971566
1056800,3.8128838539123535,1783604514.705864
1056900,2.487208843231201,1783604520.9257257
1057000,1.6371514797210693,1783604527.0925672
1057100,3.2971112728118896,1783604533.5423975
1057200,5.212180137634277,1783604539.8495257
1057300,5.257308006286621,1783604546.0345545
1057400,4.511611461639404,1783604552.218151
1057500,4.352300643920898,1783604558.4596825
1057600,3.7349514961242676,1783604564.6441317
1057700,2.8096585273742676,1783604570.8924687
1057800,4.144617080688477,1783604577.0065613
1057900,3.7157201766967773,1783604583.211773
1058000,6.362422466278076,1783604589.4121387
1058100,7.613865852355957,1783604595.7391117
1058200,5.562112808227539,1783604601.9584422
1058300,3.5250906944274902,1783604607.9648302
1058400,4.708282470703125,1783604614.0091615
1058500,4.716707229614258,1783604619.9454215
1058600,6.325190544128418,1783604626.0568895
1058700,4.186910629272461,1783604632.172168
1058800,4.1240386962890625,1783604638.197619
1058900,2.7503163814544678,1783604644.404021
1059000,2.8349764347076416,1783604650.5946014
1059100,4.337912082672119,1783604656.6851032
1059200,2.0279853343963623,1783604662.725485
1059300,5.181376934051514,1783604669.1479673
1059400,5.748713493347168,1783604675.1985564
1059500,3.885450601577759,1783604681.2056525
1059600,3.1368653774261475,1783604687.3854752
1059700,1.7014272212982178,1783604693.4847946
1059800,0.9177358150482178,1783604699.7069883
1059900,5.564758777618408,1783604705.822537
1060000,6.020366668701172,1783604712.0705214
1060100,3.509701728820801,1783604718.1960163
1060200,6.225253105163574,1783604724.469768
1060300,3.0115013122558594,1783604730.72569
1060400,1.600602626800537,1783604737.0202067
1060500,1.434474229812622,1783604743.037723
1060600,4.825438499450684,1783604749.3617642
1060700,4.518442153930664,1783604755.1931624
1060800,3.8365612030029297,1783604761.5055628
1060900,1.0999515056610107,1783604767.5452187
1061000,5.831705093383789,1783604773.8122017
1061100,4.367103099822998,1783604780.001122
1061200,4.791942596435547,1783604786.0691516
1061300,2.8443591594696045,1783604792.1495893
1061400,3.3610591888427734,1783604798.1477942
1061500,3.0639381408691406,1783604804.510802
1061600,5.196619987487793,1783604810.7494295
1061700,3.301521062850952,1783604817.039648
1061800,7.005299091339111,1783604823.125965
1061900,3.9129350185394287,1783604829.0613987
1062000,5.9402666091918945,1783604835.137262
1062100,5.3655195236206055,1783604841.1903694
1062200,3.5917835235595703,1783604847.167538
1062300,3.4487061500549316,1783604853.4690866
1062400,5.94827938079834,1783604859.4915805
1062500,3.8526744842529297,1783604865.524685
1062600,4.98892879486084,1783604871.6835139
1062700,4.9356889724731445,1783604877.743658
1062800,6.346044540405273,1783604884.1984687
1062900,5.1988444328308105,1783604890.5658882
1063000,5.573134422302246,1783604896.729516
1063100,5.344359397888184,1783604903.1929035
1063200,4.261620044708252,1783604909.316745
1063300,3.7252421379089355,1783604915.4429598
1063400,2.686507225036621,1783604921.3707936
1063500,2.1945371627807617,1783604927.728151
1063600,0.43785572052001953,1783604933.785604
1063700,3.473635196685791,1783604939.760944
1063800,1.2368381023406982,1783604945.7402856
1063900,1.2074823379516602,1783604951.924798
1064000,4.21518611907959,1783604957.8613048
1064100,4.176401138305664,1783604964.0276911
1064200,2.1124346256256104,1783604970.176735
1064300,1.011614203453064,1783604976.1257613
1064400,4.263879776000977,1783604982.3812919
1064500,3.106269598007202,1783604988.3192089
1064600,2.061056613922119,1783604994.5510988
1064700,2.020571231842041,1783605000.8891542
1064800,-0.5461108088493347,1783605007.0150201
1064900,3.536524534225464,1783605013.3147416
1065000,2.838571548461914,1783605019.3782027
1065100,4.119297504425049,1783605025.503577
1065200,3.3409204483032227,1783605031.5152705
1065300,3.003521680831909,1783605037.5679402
1065400,2.530142307281494,1783605043.833897
1065500,2.812455177307129,1783605050.25292
1065600,2.9041218757629395,1783605056.3173363
1065700,2.9116744995117188,1783605062.6849337
1065800,4.911118030548096,1783605068.9461088
1065900,2.3563218116760254,1783605075.2742631
1066000,1.7491064071655273,1783605081.5709941
1066100,3.262587070465088,1783605087.93737
1066200,3.561110734939575,1783605094.2494555
1066300,3.6729025840759277,1783605100.4913619
1066400,4.964441299438477,1783605106.6184354
1066500,4.189918041229248,1783605113.0021098
1066600,3.6670827865600586,1783605119.225517
1066700,3.795581340789795,1783605125.3841467
1066800,2.6240618228912354,1783605131.556664
1066900,4.1808576583862305,1783605137.9314873
1067000,3.5828351974487305,1783605144.419842
1067100,3.6917824745178223,1783605150.6102676
1067200,4.2917985916137695,1783605156.7794495
1067300,3.593937635421753,1783605163.3028114
1067400,3.601830244064331,1783605169.2851505
1067500,2.1839897632598877,1783605175.554545
1067600,5.035017013549805,1783605181.858095
1067700,2.4904870986938477,1783605187.9874039
1067800,4.519966125488281,1783605194.1176522
1067900,1.634894609451294,1783605200.3026454
1068000,1.4472830295562744,1783605206.6634552
1068100,-0.03504657745361328,1783605212.6615734
1068200,-0.07094955444335938,1783605218.7076588
1068300,3.4813385009765625,1783605224.7312315
1068400,0.8556898236274719,1783605230.9357367
1068500,4.7478227615356445,1783605237.2186053
1068600,2.3887453079223633,1783605243.5677464
1068700,3.788534641265869,1783605249.6546655
1068800,3.559736728668213,1783605255.7378485
1068900,3.072329044342041,1783605261.9301012
1069000,4.057755947113037,1783605267.9751604
1069100,2.4512698650360107,1783605274.0700438
1069200,2.647481918334961,1783605280.3384802
1069300,2.9134955406188965,1783605286.3834944
1069400,1.3375203609466553,1783605292.6810853
1069500,4.899248123168945,1783605299.0316882
1069600,6.686613082885742,1783605305.130088
1069700,3.2849268913269043,1783605311.5300105
1069800,2.5472750663757324,1783605317.7535655
1069900,-0.19283008575439453,1783605323.958954
1070000,4.9625020027160645,1783605330.0263875
1070100,3.0088698863983154,1783605336.10576
1070200,4.125030994415283,1783605342.4736218
1070300,4.796382904052734,1783605348.637622
1070400,2.4776499271392822,1783605354.7337143
1070500,0.5224072337150574,1783605360.8750753
1070600,4.211394309997559,1783605367.0691962
1070700,3.561941623687744,1783605373.221947
1070800,5.311504364013672,1783605379.4990132
1070900,3.9191031455993652,1783605385.6727555
1071000,3.819387912750244,1783605391.9396822
1071100,2.4887888431549072,1783605398.1198225
1071200,1.9828872680664062,1783605404.3434744
1071300,2.6181912422180176,1783605410.377369
1071400,5.110823154449463,1783605416.3830664
1071500,3.838521957397461,1783605422.433579
1071600,4.33996057510376,1783605428.6318672
1071700,4.28633451461792,1783605434.5387833
1071800,4.2667460441589355,1783605440.7807121
1071900,3.1015100479125977,1783605447.1214309
1072000,3.035728931427002,1783605453.2051132
1072100,3.6995794773101807,1783605459.4792101
1072200,2.5332188606262207,1783605465.752853
1072300,3.05645751953125,1783605472.0542533
1072400,3.1372809410095215,1783605478.0136654
1072500,0.31073784828186035,1783605484.1192253
1072600,0.8734132647514343,1783605490.2964723
1072700,2.9148035049438477,1783605496.5003102
1072800,3.9934725761413574,1783605502.6181054
1072900,2.5136878490448,1783605508.5392907
1073000,3.903095006942749,1783605514.6755526
1073100,0.455965131521225,1783605520.6895604
1073200,1.8504718542099,1783605526.8730254
1073300,3.978415012359619,1783605532.8330348
1073400,3.422769546508789,1783605538.910536
1073500,5.136043548583984,1783605545.0453453
1073600,4.184751510620117,1783605551.161267
1073700,2.7258005142211914,1783605557.181264
1073800,3.479649782180786,1783605563.3516355
1073900,4.774754047393799,1783605569.401226
1074000,3.999680995941162,1783605575.5980625
1074100,3.180267810821533,1783605581.9510276
1074200,1.290649652481079,1783605587.831425
1074300,5.051018714904785,1783605594.1346436
1074400,2.8004393577575684,1783605600.264456
1074500,4.534087657928467,1783605606.4482012
1074600,4.996694564819336,1783605612.8172328
1074700,6.129993438720703,1783605619.0063522
1074800,4.142282485961914,1783605625.293347
1074900,4.634016990661621,1783605631.4404387
1075000,3.905160427093506,1783605637.5858848
1075100,3.9543349742889404,1783605791.4217048
1075200,2.215639352798462,1783605797.5538828
1075300,5.106446743011475,1783605803.6583743
1075400,4.602850437164307,1783605809.7771916
1075500,4.7895188331604,1783605815.7262394
1075600,5.248480319976807,1783605821.8745792
1075700,5.9051079750061035,1783605828.0964854
1075800,5.140678405761719,1783605834.3274732
1075900,3.7717671394348145,1783605840.436983
1076000,1.2230517864227295,1783605846.554899
1076100,2.2768774032592773,1783605852.686471
1076200,5.019664287567139,1783605858.9922235
1076300,3.7994680404663086,1783605865.0035095
1076400,5.039775371551514,1783605871.3973286
1076500,5.946804046630859,1783605877.511843
1076600,1.847780704498291,1783605883.7044232
1076700,3.8590493202209473,1783605889.729091
1076800,4.9873528480529785,1783605896.078071
1076900,4.546866416931152,1783605902.2405968
1077000,2.6773910522460938,1783605908.2841978
1077100,3.1856372356414795,1783605914.3891747
1077200,2.5759408473968506,1783605920.599836
1077300,1.7337263822555542,1783605926.8786554
1077400,1.700754165649414,1783605932.994604
1077500,3.0328550338745117,1783605938.91086
1077600,4.506565093994141,1783605944.9522886
1077700,5.978580951690674,1783605951.1241846
1077800,3.3494873046875,1783605957.2231946
1077900,4.236431121826172,1783605963.3888278
1078000,4.5827178955078125,1783605969.4523797
1078100,3.779315710067749,1783605975.5910556
1078200,5.275040149688721,1783605981.7415938
1078300,3.257418394088745,1783605987.9219353
1078400,7.384970664978027,1783605994.08563
1078500,4.048775672912598,1783606000.1590781
1078600,0.21288859844207764,1783606006.09397
1078700,5.330556392669678,1783606012.0519857
1078800,4.444610595703125,1783606018.4083562
1078900,1.5858638286590576,1783606024.576219
1079000,4.199262619018555,1783606030.6028512
1079100,5.963990211486816,1783606036.8209245
1079200,2.5165152549743652,1783606042.8271928
1079300,4.264802932739258,1783606048.9054615
1079400,1.1215013265609741,1783606055.202713
1079500,6.202847480773926,1783606061.3008578
1079600,4.695804119110107,1783606067.4197907
1079700,6.822309494018555,1783606073.5774016
1079800,7.288435935974121,1783606079.838048
1079900,5.041592597961426,1783606086.0110953
1080000,5.027094841003418,1783606092.1242037
1080100,4.3495330810546875,1783606098.1865704
1080200,4.522970199584961,1783606104.2018473
1080300,4.254831314086914,1783606110.6677299
1080400,5.9813079833984375,1783606116.9721427
1080500,8.043561935424805,1783606123.2537053
1080600,3.2076990604400635,1783606129.6794243
1080700,6.569684028625488,1783606135.7369473
1080800,5.141030311584473,1783606142.0352614
1080900,6.527675628662109,1783606148.0978851
1081000,2.2439684867858887,1783606154.2080839
1081100,7.018689155578613,1783606160.2242742
1081200,4.715859889984131,1783606166.3528326
1081300,3.0431389808654785,1783606172.431176
1081400,2.6151132583618164,1783606178.7109215
1081500,3.342365264892578,1783606184.7931397
1081600,4.911586284637451,1783606190.9458206
1081700,5.084335803985596,1783606197.1103716
1081800,5.222110271453857,1783606203.220984
1081900,4.125720977783203,1783606209.5880516
1082000,7.30648136138916,1783606215.7433097
1082100,3.277735471725464,1783606222.1766772
1082200,4.148128509521484,1783606228.3304174
1082300,5.1136579513549805,1783606234.333239
1082400,4.645878314971924,1783606240.4908512
1082500,6.143073558807373,1783606246.7448418
1082600,4.453329086303711,1783606252.7449677
1082700,6.708779335021973,1783606259.1227713
1082800,4.7796783447265625,1783606265.1427147
1082900,4.49345588684082,1783606271.0326147
1083000,3.8399436473846436,1783606277.1494095
1083100,2.5495853424072266,1783606283.4505084
1083200,7.896046161651611,1783606289.4551666
1083300,6.830343246459961,1783606295.8723366
1083400,2.5063939094543457,1783606302.1018224
1083500,4.971790790557861,1783606308.0871959
1083600,3.9820146560668945,1783606314.2544067
1083700,2.3439598083496094,1783606320.4697785
1083800,4.303478240966797,1783606326.6088915
1083900,0.7956206798553467,1783606332.973037
1084000,3.4269165992736816,1783606339.09671
1084100,0.4425519108772278,1783606345.248134
1084200,3.3380208015441895,1783606351.568877
1084300,5.4496307373046875,1783606357.7453952
1084400,4.159221649169922,1783606363.914789
1084500,3.8790831565856934,1783606369.9479766
1084600,4.963131904602051,1783606375.9278734
1084700,3.530043125152588,1783606382.2003434
1084800,5.051900386810303,1783606388.3792775
1084900,4.7845659255981445,1783606394.498888
1085000,3.999098300933838,1783606401.0483031
1085100,4.641275405883789,1783606407.0556142
1085200,4.6803388595581055,1783606413.397288
1085300,5.22374963760376,1783606419.5992064
1085400,2.365483045578003,1783606426.174468
1085500,2.237638473510742,1783606432.6009681
1085600,2.2461276054382324,1783606438.5679688
1085700,1.3834048509597778,1783606444.629494
1085800,0.8272705674171448,1783606450.9361403
1085900,3.7476894855499268,1783606457.0997348
1086000,5.290766716003418,1783606463.196405
1086100,3.6074678897857666,1783606469.3119001
1086200,-1.5158699750900269,1783606475.505027
1086300,3.5460402965545654,1783606481.8244936
1086400,5.4031267166137695,1783606487.944364
1086500,5.136153697967529,1783606494.4445765
1086600,3.8313426971435547,1783606500.6275654
1086700,4.575831413269043,1783606506.8411274
1086800,4.478970050811768,1783606512.8364956
1086900,2.41398024559021,1783606518.9857824
1087000,3.2216410636901855,1783606525.384236
1087100,2.6618645191192627,1783606531.7739654
1087200,1.3611130714416504,1783606537.8481402
1087300,1.7101657390594482,1783606544.1461706
1087400,1.6678839921951294,1783606550.4084496
1087500,2.814361572265625,1783606556.585303
1087600,3.7080953121185303,1783606562.7737207
1087700,2.3253445625305176,1783606568.8761425
1087800,0.09112882614135742,1783606575.164114
1087900,3.2946293354034424,1783606581.3924325
1088000,-0.01795738935470581,1783606587.5674918
1088100,0.31922227144241333,1783606593.9718816
1088200,2.753389835357666,1783606600.0437155
1088300,1.982917308807373,1783606606.3242505
1088400,2.6569712162017822,1783606612.57188
1088500,0.29530322551727295,1783606618.7784374
1088600,3.2339630126953125,1783606625.1614416
1088700,2.913784980773926,1783606631.5792875
1088800,3.157444715499878,1783606637.733617
1088900,0.8747439384460449,1783606644.0734453
1089000,2.131725311279297,1783606650.4866545
1089100,2.817525863647461,1783606656.8672688
1089200,5.109134674072266,1783606663.1404934
1089300,1.9485130310058594,1783606669.4438367
1089400,3.85229754447937,1783606675.4498084
1089500,4.108114242553711,1783606681.7413077
1089600,2.816035747528076,1783606688.123098
1089700,3.2612850666046143,1783606694.4583402
1089800,4.397624492645264,1783606700.4726434
1089900,5.030860424041748,1783606706.4285674
1090000,3.5553600788116455,1783606712.6839948
1090100,4.108050346374512,1783606718.902467
1090200,6.613262176513672,1783606725.1781647
1090300,2.1557559967041016,1783606731.292477
1090400,3.753654956817627,1783606737.524468
1090500,2.8595638275146484,1783606743.8129008
1090600,4.682974815368652,1783606750.0107284
1090700,0.2852274179458618,1783606756.2175727
1090800,1.9864716529846191,1783606762.4609983
1090900,-1.2412171363830566,1783606768.5869262
1091000,4.224853992462158,1783606774.7491648
1091100,5.601262092590332,1783606780.9125226
1091200,6.069875717163086,1783606787.097122
1091300,4.155904293060303,1783606793.3180516
1091400,3.067772388458252,1783606799.6142793
1091500,4.156665802001953,1783606806.126336
1091600,1.655341386795044,1783606812.358634
1091700,3.6990392208099365,1783606818.5502992
1091800,5.3994221687316895,1783606824.6650789
1091900,6.245551109313965,1783606830.844117
1092000,5.155790328979492,1783606837.1374416
1092100,3.2169694900512695,1783606843.1595328
1092200,2.206641674041748,1783606849.202643
1092300,1.1824066638946533,1783606855.5202715
1092400,2.7076048851013184,1783606861.870525
1092500,2.4141499996185303,1783606867.9126792
1092600,3.135471820831299,1783606874.15826
1092700,1.4183176755905151,1783606880.5161405
1092800,1.586963415145874,1783606886.7221775
1092900,1.2823997735977173,1783606893.058191
1093000,4.335749626159668,1783606899.384304
1093100,3.5484890937805176,1783606905.7592854
1093200,1.3460240364074707,1783606911.8716288
1093300,4.9630303382873535,1783606917.9773195
1093400,2.1839146614074707,1783606924.0128856
1093500,4.411857604980469,1783606930.1184368
1093600,4.67382287979126,1783606936.322634
1093700,1.253309965133667,1783606942.5433407
1093800,5.814584255218506,1783606948.8906822
1093900,1.6604512929916382,1783606955.3588243
1094000,3.3934805393218994,1783606961.5986016
1094100,3.0596132278442383,1783606967.845694
1094200,3.4025402069091797,1783606974.0997138
1094300,4.363459587097168,1783606980.2806883
1094400,1.8655166625976562,1783606986.4075265
1094500,4.958127498626709,1783606992.6438286
1094600,3.358198642730713,1783606998.6367407
1094700,2.66119384765625,1783607004.6415858
1094800,3.5619916915893555,1783607010.9716797
1094900,4.395669460296631,1783607017.045991
1095000,3.26533842086792,1783607023.3893764
1095100,1.8429248332977295,1783607029.406894
1095200,3.6643295288085938,1783607035.4710214
1095300,5.662152290344238,1783607041.5939734
1095400,3.242889404296875,1783607047.5977206
1095500,4.498553276062012,1783607053.8152764
1095600,5.852291107177734,1783607060.026524
1095700,3.6193056106567383,1783607066.3623447
1095800,3.132098436355591,1783607072.5818741
1095900,2.322451591491699,1783607078.6527817
1096000,4.256627082824707,1783607084.9620116
1096100,5.63429069519043,1783607091.1920567
1096200,3.8131661415100098,1783607097.1215274
1096300,3.8713538646698,1783607103.135956
1096400,1.8454986810684204,1783607109.070209
1096500,1.7441450357437134,1783607115.3100271
1096600,2.260375499725342,1783607121.5654209
1096700,1.681404948234558,1783607127.8347478
1096800,1.7134463787078857,1783607133.923093
1096900,3.527266025543213,1783607139.9866648
1097000,2.2109320163726807,1783607146.1963108
1097100,4.083125114440918,1783607152.3770628
1097200,4.86455774307251,1783607158.5736516
1097300,8.057944297790527,1783607164.5927694
1097400,3.3750956058502197,1783607170.714549
1097500,4.593316078186035,1783607176.7212043
1097600,5.452419757843018,1783607182.7905405
1097700,4.720062255859375,1783607189.0892172
1097800,2.2733964920043945,1783607195.3237236
1097900,2.5376133918762207,1783607201.5551817
1098000,3.1927688121795654,1783607207.8619916
1098100,2.1072404384613037,1783607213.9101121
1098200,4.9626922607421875,1783607219.990946
1098300,1.2937562465667725,1783607226.22365
1098400,3.902111768722534,1783607232.376151
1098500,4.861271858215332,1783607238.4377003
1098600,3.398087739944458,1783607244.8084536
1098700,5.574273109436035,1783607251.0201337
1098800,5.639979362487793,1783607257.1099913
1098900,6.8229570388793945,1783607263.40904
1099000,3.665757179260254,1783607269.536287
1099100,4.692412853240967,1783607275.9582295
1099200,3.0709962844848633,1783607282.262862
1099300,0.804156482219696,1783607288.3202727
1099400,3.76428484916687,1783607294.5949743
1099500,2.5455641746520996,1783607300.8272927
1099600,1.7200607061386108,1783607306.9719846
1099700,2.85650634765625,1783607313.1340098
1099800,2.987748861312866,1783607319.4164393
1099900,2.5721285343170166,1783607325.580764
1100000,6.620372295379639,1783607331.900877
1100100,3.8194098472595215,1783607483.3933485
1100200,3.9797983169555664,1783607489.7026072
1100300,5.451054573059082,1783607495.8980343
1100400,3.334012508392334,1783607502.317546
1100500,4.329081058502197,1783607508.5034988
1100600,5.554933547973633,1783607514.9759524
1100700,5.3981428146362305,1783607521.1849613
1100800,5.365169525146484,1783607527.4358847
1100900,4.090095520019531,1783607533.721218
1101000,4.685117721557617,1783607539.8634472
1101100,4.862400054931641,1783607546.2029727
1101200,6.444578647613525,1783607552.3116446
1101300,5.079690933227539,1783607558.9665325
1101400,3.904547691345215,1783607565.0855954
1101500,5.5027570724487305,1783607571.2627397
1101600,4.990236282348633,1783607577.4366732
1101700,6.391955375671387,1783607583.528939
1101800,3.0044188499450684,1783607589.8238366
1101900,7.043367862701416,1783607596.1318398
1102000,5.149561882019043,1783607602.4162276
1102100,5.6164093017578125,1783607608.4538155
1102200,2.4250283241271973,1783607614.6952114
1102300,3.3495497703552246,1783607620.984612
1102400,4.303609848022461,1783607627.1326673
1102500,3.4563186168670654,1783607633.3272405
1102600,4.0747456550598145,1783607639.1952903
1102700,3.5118978023529053,1783607645.3967488
1102800,3.2541465759277344,1783607651.6074924
1102900,3.4132962226867676,1783607657.6667361
1103000,4.847437858581543,1783607663.6681232
1103100,2.5549371242523193,1783607670.0742118
1103200,2.771613359451294,1783607676.055488
1103300,4.4264397621154785,1783607682.1775434
1103400,4.273775577545166,1783607688.1956344
1103500,4.6460652351379395,1783607694.4217098
1103600,3.7400739192962646,1783607700.7758956
1103700,5.241647243499756,1783607707.007271
1103800,3.710684299468994,1783607713.016689
1103900,3.7058398723602295,1783607719.3553023
1104000,4.966428756713867,1783607725.494812
1104100,3.1373119354248047,1783607731.676658
1104200,5.068033218383789,1783607737.9659758
1104300,4.204837799072266,1783607743.8875883
1104400,3.497316360473633,1783607750.1337514
1104500,3.7374229431152344,1783607756.1582453
1104600,4.109695911407471,1783607762.4254541
1104700,2.7420387268066406,1783607768.5712993
1104800,3.9164862632751465,1783607774.8281267
1104900,1.6516189575195312,1783607781.110535
1105000,0.8411698341369629,1783607787.2861292
1105100,4.408641338348389,1783607793.627057
1105200,4.09409236907959,1783607799.9625554
1105300,6.208332538604736,1783607806.0953746
1105400,3.867150068283081,1783607812.2904046
1105500,3.212317943572998,1783607818.4147432
1105600,4.161171913146973,1783607824.6144884
1105700,2.4865808486938477,1783607830.7102377
1105800,3.553050994873047,1783607836.7660155
1105900,5.467581748962402,1783607842.880391
1106000,3.8553307056427,1783607848.8572578
1106100,2.845174789428711,1783607854.8240674
1106200,5.440801620483398,1783607860.8809404
1106300,2.7407028675079346,1783607867.0580404
1106400,4.784252643585205,1783607873.2772284
1106500,4.0042724609375,1783607879.5192537
1106600,3.5842442512512207,1783607885.6733236
1106700,4.8488850593566895,1783607891.9409819
1106800,4.934273719787598,1783607897.9280417
1106900,4.233272075653076,1783607904.1186528
1107000,3.8082120418548584,1783607910.0772958
1107100,5.384001731872559,1783607916.2903755
1107200,4.094976902008057,1783607922.6656353
1107300,4.80893087387085,1783607929.0898893
1107400,1.4707236289978027,1783607935.2713895
1107500,7.642967224121094,1783607941.292456
1107600,4.352731704711914,1783607947.4566076
1107700,5.042074203491211,1783607953.6247876
1107800,5.010335922241211,1783607959.8278215
1107900,2.7057833671569824,1783607966.0497627
1108000,2.074108123779297,1783607972.2120564
1108100,5.76072883605957,1783607978.3226779
1108200,4.139065265655518,1783607984.444645
1108300,5.058403015136719,1783607990.6216547
1108400,5.056171417236328,1783607996.7245543
1108500,2.4071178436279297,1783608003.0436854
1108600,2.6864230632781982,1783608009.2077205
1108700,7.76941442489624,1783608015.3264096
1108800,5.915346145629883,1783608021.3908696
1108900,3.945066452026367,1783608027.3758683
1109000,2.7934861183166504,1783608033.247741
1109100,4.355674743652344,1783608039.2190099
1109200,3.6470024585723877,1783608045.304914
1109300,4.049546241760254,1783608051.2954662
1109400,3.167039394378662,1783608057.4397867
1109500,4.716744899749756,1783608063.7453449
1109600,6.319945335388184,1783608069.8839219
1109700,2.784677505493164,1783608076.068519
1109800,3.7058398723602295,1783608082.3358698
1109900,4.881899833679199,1783608088.5390205
1110000,1.863433837890625,1783608094.6594334
1110100,2.027712821960449,1783608100.7225142
1110200,5.670524597167969,1783608107.0688245
1110300,3.7207634449005127,1783608113.1737552
1110400,4.303895950317383,1783608119.3858848
1110500,6.077216148376465,1783608125.4290712
1110600,4.756500244140625,1783608131.5492992
1110700,7.359422206878662,1783608137.6932874
1110800,6.205238342285156,1783608144.0040815
1110900,4.836156845092773,1783608150.1349638
1111000,3.3265717029571533,1783608156.3796942
1111100,2.0332114696502686,1783608162.4972486
1111200,4.860222816467285,1783608168.569899
1111300,3.209937572479248,1783608174.5927145
1111400,4.463131904602051,1783608180.8541303
1111500,4.176202774047852,1783608187.0069976
1111600,2.6604931354522705,1783608193.318269
1111700,1.8812782764434814,1783608199.6127727
1111800,2.4889204502105713,1783608205.8846679
1111900,3.0602498054504395,1783608211.924675
1112000,5.208505630493164,1783608218.2706325
1112100,3.4067728519439697,1783608224.4102275
1112200,3.4100053310394287,1783608230.8656878
1112300,4.711215496063232,1783608237.122309
1112400,4.38158655166626,1783608243.1761756
1112500,3.3371171951293945,1783608249.3696227
1112600,3.4131226539611816,1783608255.408601
1112700,7.635654449462891,1783608261.8447754
1112800,4.902123928070068,1783608268.052394
1112900,1.913619041442871,1783608274.2765448
1113000,4.748645782470703,1783608280.4746363
1113100,4.53643798828125,1783608286.5904033
1113200,3.359602451324463,1783608292.80389
1113300,4.452085494995117,1783608299.0790868
1113400,2.8081424236297607,1783608305.1734104
1113500,3.07090163230896,1783608311.3651211
1113600,3.7607734203338623,1783608317.5348272
1113700,3.7893476486206055,1783608323.567924
1113800,4.370243549346924,1783608329.9812064
1113900,1.777700424194336,1783608336.149948
1114000,3.8380517959594727,1783608342.5730107
1114100,5.365634918212891,1783608348.6075454
1114200,3.4571139812469482,1783608354.963044
1114300,2.632017135620117,1783608361.3299527
1114400,6.987266540527344,1783608367.550229
1114500,1.165348768234253,1783608373.7514153
1114600,2.1492812633514404,1783608379.9669006
1114700,2.4698877334594727,1783608386.079429
1114800,4.238536357879639,1783608392.2746851
1114900,5.48048210144043,1783608398.553484
1115000,4.771346092224121,1783608404.603768
1115100,4.3336286544799805,1783608410.8143566
1115200,3.14249849319458,1783608416.8456266
1115300,3.4312705993652344,1783608423.1522582
1115400,4.79775333404541,1783608429.4758482
1115500,4.334914207458496,1783608435.5543258
1115600,5.793299198150635,1783608441.7301111
1115700,3.5340967178344727,1783608447.7270997
1115800,5.017149448394775,1783608454.112377
1115900,3.6612558364868164,1783608460.2112741
1116000,5.254030227661133,1783608466.388759
1116100,7.114264488220215,1783608472.6710303
1116200,5.156347274780273,1783608478.7919006
1116300,6.757260322570801,1783608485.097357
1116400,4.675051689147949,1783608491.4849963
1116500,7.4962615966796875,1783608497.664522
1116600,5.748385429382324,1783608503.7679434
1116700,4.344839096069336,1783608510.0082233
1116800,4.696483135223389,1783608516.389687
1116900,1.3715474605560303,1783608522.7218118
1117000,3.0661258697509766,1783608528.9212894
1117100,3.800379514694214,1783608534.9566433
1117200,4.927834510803223,1783608541.347444
1117300,5.435141086578369,1783608547.6160676
1117400,5.474429130554199,1783608553.7347605
1117500,2.9275264739990234,1783608559.945527
1117600,1.3977446556091309,1783608566.1837325
1117700,5.251288414001465,1783608572.2477362
1117800,5.155534267425537,1783608578.5314457
1117900,4.034660339355469,1783608584.8868108
1118000,4.244417190551758,1783608591.1871638
1118100,3.272575616836548,1783608597.480533
1118200,3.1330738067626953,1783608603.4648235
1118300,3.665562391281128,1783608609.808781
1118400,4.0401153564453125,1783608615.8172245
1118500,3.709606409072876,1783608621.9487212
1118600,4.783503532409668,1783608628.0122871
1118700,1.8683313131332397,1783608634.0497837
1118800,1.630529522895813,1783608640.364179
1118900,4.294074058532715,1783608646.908479
1119000,-0.43943464756011963,1783608653.0668378
1119100,3.5764708518981934,1783608659.3071008
1119200,3.811941623687744,1783608665.4932628
1119300,1.8678059577941895,1783608671.4921565
1119400,4.0143866539001465,1783608677.694407
1119500,3.3761720657348633,1783608683.8454938
1119600,3.1614303588867188,1783608689.9782856
1119700,3.024900436401367,1783608696.0750713
1119800,4.6214799880981445,1783608702.086853
1119900,4.505925178527832,1783608708.2849336
1120000,2.1097159385681152,1783608714.6735113
1120100,5.285948753356934,1783608721.051859
1120200,3.8691534996032715,1783608727.534694
1120300,5.686367511749268,1783608733.7780604
1120400,3.370206832885742,1783608739.935619
1120500,4.726955413818359,1783608746.0400274
1120600,2.629453659057617,1783608752.11279
1120700,2.25846004486084,1783608758.5440829
1120800,4.154377460479736,1783608764.8092866
1120900,4.580076217651367,1783608770.802814
1121000,3.569688558578491,1783608776.865967
1121100,5.09993839263916,1783608783.086345
1121200,2.2540128231048584,1783608789.2320852
1121300,2.2132647037506104,1783608795.325703
1121400,2.476350784301758,1783608801.6109283
1121500,1.6523432731628418,1783608807.7613323
1121600,3.524214506149292,1783608813.9934528
1121700,3.715689182281494,1783608820.3183982
1121800,5.35994815826416,1783608826.4942558
1121900,3.9041783809661865,1783608832.592668
1122000,4.649938583374023,1783608838.6792064
1122100,2.21665096282959,1783608845.0246868
1122200,3.556077480316162,1783608851.057844
1122300,2.3042054176330566,1783608857.178826
1122400,1.7007968425750732,1783608863.445109
1122500,2.9021358489990234,1783608869.4603777
1122600,1.659143090248108,1783608875.6273715
1122700,4.418305397033691,1783608881.8143878
1122800,4.5768961906433105,1783608888.2773314
1122900,7.4683732986450195,1783608894.4847054
1123000,6.048636436462402,1783608900.6803026
1123100,4.4688286781311035,1783608906.8884523
1123200,4.501742839813232,1783608913.1509914
1123300,4.891661643981934,1783608919.3109267
1123400,3.5481796264648438,1783608925.4171228
1123500,-0.1116352379322052,1783608931.7188737
1123600,1.6232831478118896,1783608937.9459572
1123700,4.204773426055908,1783608944.1455078
1123800,4.712649345397949,1783608950.2934408
1123900,6.577767372131348,1783608956.5943718
1124000,4.81341552734375,1783608962.6762824
1124100,6.2568559646606445,1783608968.8913112
1124200,8.60616683959961,1783608975.2833319
1124300,5.058858871459961,1783608981.4731932
1124400,3.0260720252990723,1783608987.7862706
1124500,4.419245719909668,1783608994.0751085
1124600,5.502986431121826,1783609000.1681247
1124700,4.789112091064453,1783609006.1115882
1124800,3.9665722846984863,1783609012.0295799
1124900,5.617565155029297,1783609017.9968622
1125000,3.3329367637634277,1783609024.253228
1125100,6.008600234985352,1783609180.498589
1125200,6.062587738037109,1783609186.791386
1125300,5.777318000793457,1783609192.872839
1125400,5.809103012084961,1783609199.0768178
1125500,5.018950462341309,1783609205.2066777
1125600,3.631582260131836,1783609211.5815382
1125700,4.435705184936523,1783609217.6613953
1125800,3.3204336166381836,1783609223.654894
1125900,8.673480033874512,1783609229.8642974
1126000,5.712364196777344,1783609236.12235
1126100,3.8937549591064453,1783609242.267749
1126200,3.812836170196533,1783609248.5201185
1126300,3.4453845024108887,1783609254.7197585
1126400,3.838989734649658,1783609260.9900568
1126500,4.719527244567871,1783609267.241721
1126600,5.135531902313232,1783609273.3399782
1126700,4.24397611618042,1783609279.771523
1126800,4.7939863204956055,1783609285.8523257
1126900,1.4271212816238403,1783609292.0545669
1127000,4.470474720001221,1783609298.2010148
1127100,3.7271206378936768,1783609304.2544563
1127200,5.558871746063232,1783609310.238688
1127300,2.5555543899536133,1783609316.2090387
1127400,3.23454213142395,1783609322.314977
1127500,4.670929908752441,1783609328.3932061
1127600,6.0420403480529785,1783609334.4628267
1127700,5.307290554046631,1783609340.2717993
1127800,5.78940486907959,1783609346.7113369
1127900,4.46581506729126,1783609352.9062855
1128000,5.424283504486084,1783609358.9771986
1128100,3.977552890777588,1783609365.1567228
1128200,1.7075612545013428,1783609371.4755766
1128300,3.9730799198150635,1783609377.7891219
1128400,3.5680060386657715,1783609383.876495
1128500,2.692070960998535,1783609389.92443
1128600,3.952512264251709,1783609396.0082736
1128700,4.0366058349609375,1783609402.2544842
1128800,6.913666248321533,1783609408.5864706
1128900,4.006720542907715,1783609414.6220508
1129000,1.7993309497833252,1783609420.7750685
1129100,3.234536647796631,1783609427.0264878
1129200,5.200168132781982,1783609433.1971552
1129300,6.4037065505981445,1783609439.5244236
1129400,2.3120226860046387,1783609445.6599562
1129500,5.367431640625,1783609451.622724
1129600,5.414040565490723,1783609565.1017272
1129700,5.536746501922607,1783609571.4072852
1129800,4.516851902008057,1783609577.8909605
1129900,2.8380138874053955,1783609584.064138
1130000,2.735464096069336,1783609590.109617
1130100,2.1947920322418213,1783609596.5829813
1130200,3.839472770690918,1783609602.8558307
1130300,3.9022042751312256,1783609608.940972
1130400,1.92633056640625,1783609614.9939697
1130500,4.075613498687744,1783609621.2940745
1130600,6.678336143493652,1783609627.485123
1130700,3.9081273078918457,1783609633.5332
1130800,3.5540199279785156,1783609639.9593701
1130900,3.0256991386413574,1783609646.2012632
1131000,5.350785255432129,1783609652.588987
1131100,5.298560619354248,1783609658.7111654
1131200,4.219254016876221,1783609665.0166843
1131300,6.1508588790893555,1783609671.325252
1131400,4.896093368530273,1783609677.4536426
1131500,4.118332862854004,1783609683.6536932
1131600,3.993112802505493,1783609689.9637346
1131700,6.550290584564209,1783609696.0936007
1131800,4.1703104972839355,1783609702.273688
1131900,2.640087604522705,1783609708.4353468
1132000,3.591351270675659,1783609714.556523
1132100,4.664705753326416,1783609720.6372242
1132200,4.68663215637207,1783609726.867762
1132300,6.485281944274902,1783609733.0077288
1132400,6.7030348777771,1783609739.0222576
1132500,4.140012741088867,1783609745.1047208
1132600,5.410852432250977,1783609751.3836951
1132700,5.528502464294434,1783609757.485284
1132800,6.334433555603027,1783609763.5398269
1132900,7.204366683959961,1783609769.7361383
1133000,5.618907928466797,1783609775.9538867
1133100,4.435672760009766,1783609782.0771472
1133200,4.4690351486206055,1783609788.336119
1133300,7.333855628967285,1783609794.5274022
1133400,3.896629810333252,1783609800.5959773
1133500,4.088413238525391,1783609806.5639052
1133600,5.1763105392456055,1783609812.7005165
1133700,3.215951681137085,1783609818.6760244
1133800,5.271219253540039,1783609824.7953331
1133900,4.686494827270508,1783609830.903353
1134000,5.576488494873047,1783609837.131741
1134100,5.478395462036133,1783609843.257463
1134200,6.367035865783691,1783609849.486239
1134300,4.504504203796387,1783609855.9011376
1134400,6.899557113647461,1783609861.9281445
1134500,6.576662540435791,1783609868.2117112
1134600,7.340189456939697,1783609874.3519177
1134700,2.0444517135620117,1783609880.4351625
1134800,3.0799365043640137,1783609886.818218
1134900,2.966233015060425,1783609892.8508835
1135000,4.401406288146973,1783609899.2404056
1135100,6.131840229034424,1783609905.8668962
1135200,3.9535329341888428,1783609912.083308
1135300,2.4816431999206543,1783609918.311547
1135400,4.282513618469238,1783609924.517064
1135500,4.923662185668945,1783609930.820581
1135600,5.132218837738037,1783609936.8679235
1135700,3.651508331298828,1783609943.204899
1135800,4.7276201248168945,1783609949.3881357
1135900,5.405428409576416,1783609955.7508183
1136000,6.3328070640563965,1783609962.0643322
1136100,5.528139114379883,1783609968.5019116
1136200,3.9568817615509033,1783609974.691885
1136300,5.0514726638793945,1783609981.0448973
1136400,5.266899108886719,1783609987.141306
1136500,4.099810600280762,1783609993.2699587
1136600,4.120587348937988,1783610000.0187762
1136700,6.383771896362305,1783610006.145322
1136800,6.6946563720703125,1783610012.1123068
1136900,8.294587135314941,1783610018.1539552
1137000,6.766914367675781,1783610024.377797
1137100,1.9431809186935425,1783610030.6684272
1137200,3.6551156044006348,1783610036.7077868
1137300,4.836858749389648,1783610043.0029566
1137400,2.6015453338623047,1783610049.2297904
1137500,5.337031364440918,1783610055.3181767
1137600,2.0084619522094727,1783610061.4031684
1137700,4.203126907348633,1783610067.6643753
1137800,6.082324028015137,1783610073.7170074
1137900,2.9633803367614746,1783610079.8173559
1138000,4.087610244750977,1783610085.9709218
1138100,2.4819283485412598,1783610092.3600054
1138200,3.6749656200408936,1783610098.4176636
1138300,3.690396547317505,1783610104.6191087
1138400,3.152759075164795,1783610110.8276412
1138500,4.655955791473389,1783610117.0099127
1138600,4.627022743225098,1783610123.2415345
1138700,1.9627009630203247,1783610129.494771
1138800,5.373798847198486,1783610135.493196
1138900,4.130944728851318,1783610141.6521423
1139000,6.2884721755981445,1783610147.7764404
1139100,6.2931952476501465,1783610154.0058746
1139200,4.30644416809082,1783610160.011228
1139300,4.497646331787109,1783610166.0909333
1139400,6.475089073181152,1783610172.0762436
1139500,4.493609428405762,1783610178.292014
1139600,4.658299446105957,1783610184.2745998
1139700,4.711542129516602,1783610190.3271675
1139800,5.735467910766602,1783610196.522544
1139900,6.386549949645996,1783610202.6115875
1140000,4.491125583648682,1783610209.0727909
1140100,1.7668377161026,1783610215.076159
1140200,5.101178169250488,1783610221.2110014
1140300,5.630003929138184,1783610227.2343736
1140400,4.461811065673828,1783610233.6509151
1140500,4.599082946777344,1783610239.8224177
1140600,6.597687721252441,1783610245.8431334
1140700,5.477953910827637,1783610251.951929
1140800,4.4658308029174805,1783610258.088121
1140900,2.7671494483947754,1783610264.5369062
1141000,4.004884719848633,1783610270.7308712
1141100,5.541723251342773,1783610276.7331219
1141200,6.703226089477539,1783610282.6608841
1141300,6.777277946472168,1783610288.7458165
1141400,5.10542106628418,1783610294.7933412
1141500,5.579031467437744,1783610300.8915083
1141600,5.132584571838379,1783610307.123523
1141700,7.002596855163574,1783610313.224745
1141800,5.651532173156738,1783610319.412968
1141900,3.4788599014282227,1783610325.7510157
1142000,6.247888565063477,1783610332.0774584
1142100,6.732610702514648,1783610338.3084998
1142200,5.328529357910156,1783610344.40619
1142300,3.9457356929779053,1783610350.6672528
1142400,4.694619178771973,1783610356.7332659
1142500,3.1818482875823975,1783610362.8847265
1142600,2.48317551612854,1783610368.9750316
1142700,2.0745859146118164,1783610375.1459968
1142800,0.35243067145347595,1783610381.5545673
1142900,4.725893020629883,1783610387.6236734
1143000,4.969035625457764,1783610393.658897
1143100,1.8726320266723633,1783610399.723583
1143200,3.6012001037597656,1783610405.7173839
1143300,4.574021339416504,1783610411.836912
1143400,3.4722821712493896,1783610418.0922487
1143500,3.9803104400634766,1783610424.360676
1143600,3.657440423965454,1783610430.5204942
1143700,3.828587532043457,1783610436.8286512
1143800,3.075486660003662,1783610443.1192322
1143900,5.713498592376709,1783610449.271396
1144000,3.010669708251953,1783610455.3808615
1144100,4.812430381774902,1783610461.4227421
1144200,5.090668678283691,1783610467.693518
1144300,5.351746082305908,1783610473.7378273
1144400,4.299373626708984,1783610480.1378987
1144500,2.9918923377990723,1783610486.295461
1144600,5.468376636505127,1783610492.4862635
1144700,3.7469165325164795,1783610498.6091542
1144800,7.685368061065674,1783610504.7840476
1144900,7.832590103149414,1783610510.6918695
1145000,6.008261680603027,1783610516.878459
1145100,5.51826810836792,1783610523.1793563
1145200,5.504281044006348,1783610529.2895641
1145300,6.39449405670166,1783610535.569549
1145400,8.884721755981445,1783610541.7957609
1145500,7.082983016967773,1783610547.8835497
1145600,5.008057594299316,1783610554.0530663
1145700,6.612400531768799,1783610560.2558413
1145800,4.148235321044922,1783610566.3777237
1145900,5.481865882873535,1783610572.6073964
1146000,7.815192222595215,1783610578.7409544
1146100,5.646329879760742,1783610584.785853
1146200,4.49627685546875,1783610591.04812
1146300,6.366573333740234,1783610597.137044
1146400,5.920766830444336,1783610603.2715068
1146500,7.0833740234375,1783610609.3770459
1146600,4.5384955406188965,1783610615.560366
1146700,7.904627799987793,1783610621.7576451
1146800,7.776202201843262,1783610627.905243
1146900,4.769931316375732,1783610634.0689726
1147000,5.968240261077881,1783610640.4141297
1147100,5.521602630615234,1783610646.7533994
1147200,5.2178449630737305,1783610653.1456015
1147300,5.510504245758057,1783610659.1363509
1147400,7.4059953689575195,1783610665.601487
1147500,5.371857643127441,1783610671.8249938
1147600,6.209123611450195,1783610678.0581949
1147700,6.63436222076416,1783610684.1560323
1147800,5.457880973815918,1783610690.2272618
1147900,2.2972724437713623,1783610696.617585
1148000,5.066229343414307,1783610702.7052574
1148100,6.030525207519531,1783610708.6267197
1148200,3.515442371368408,1783610714.8148453
1148300,3.458738088607788,1783610721.097445
1148400,4.702244758605957,1783610727.1382864
1148500,2.362075090408325,1783610733.1067338
1148600,5.0623779296875,1783610739.2952566
1148700,3.7040300369262695,1783610745.51012
1148800,4.376153945922852,1783610752.0320368
1148900,4.008908271789551,1783610758.0098855
1149000,6.658599853515625,1783610764.082779
1149100,5.176671504974365,1783610770.3364737
1149200,6.770366668701172,1783610776.7866201
1149300,7.741011619567871,1783610783.142789
1149400,6.380341529846191,1783610789.338939
1149500,5.931123733520508,1783610795.8383207
1149600,6.158176422119141,1783610802.175621
1149700,6.349716663360596,1783610808.1063337
1149800,6.093274116516113,1783610814.3659596
1149900,6.7223052978515625,1783610820.5121675
1150000,5.129122734069824,1783940795.9599617
