step,value,wall_time
1000,0.9999000430107117,1782734197.3428664
1100,0.9899824261665344,1782734203.0674686
1200,0.9801480770111084,1782734208.8387167
1300,0.9704964756965637,1782734214.602182
1400,0.9609110355377197,1782734220.4332728
1500,0.9513885974884033,1782734226.1165588
1600,0.9419623613357544,1782734231.8079662
1700,0.9326320290565491,1782734237.430399
1800,0.9233646988868713,1782734243.2027316
1900,0.9141474962234497,1782734248.8778076
2000,0.9050694704055786,1782734254.5150108
2100,0.8960298299789429,1782734260.2839231
2200,0.887098491191864,1782734266.162213
2300,0.8793370127677917,1782734271.8128488
2400,0.871595025062561,1782734277.4050443
2500,0.8659859299659729,1782734283.3036869
2600,0.861221969127655,1782734288.830001
2700,0.8525579571723938,1782734294.6860945
2800,0.8435943126678467,1782734300.424966
2900,0.8349610567092896,1782734306.0721004
3000,0.8266081809997559,1782734311.8007812
3100,0.8181834816932678,1782734317.60949
3200,0.8097938299179077,1782734323.652928
3300,0.8014658689498901,1782734329.3266928
3400,0.7931101322174072,1782734334.9394076
3500,0.785044252872467,1782734340.6625679
3600,0.7770295143127441,1782734347.0757105
3700,0.7696501016616821,1782734352.898529
3800,0.7622657418251038,1782734358.6066606
3900,0.754662811756134,1782734364.274685
4000,0.7471523880958557,1782734370.1706662
4100,0.7396578192710876,1782734375.8611665
4200,0.7321755290031433,1782734381.548413
4300,0.7247686982154846,1782734387.5429819
4400,0.7175018787384033,1782734393.5186663
4500,0.7105442881584167,1782734399.7412972
4600,0.7036500573158264,1782734406.1226566
4700,0.6964181661605835,1782734412.3880286
4800,0.6897643208503723,1782734418.9907022
4900,0.6851723790168762,1782734425.4580696
5000,0.6787562370300293,1782734431.8722985
5100,0.6726334095001221,1782734438.36888
5200,0.6669308543205261,1782734444.9538558
5300,0.6605896949768066,1782734451.4202266
5400,0.653739333152771,1782734458.2870994
5500,0.6470833420753479,1782734464.8262196
5600,0.640201985836029,1782734471.431312
5700,0.633600652217865,1782734478.0727959
5800,0.6272556781768799,1782734484.3947065
5900,0.6211638450622559,1782734491.0349479
6000,0.6147117018699646,1782734497.4995058
6100,0.6083362102508545,1782734504.282449
6200,0.602161169052124,1782734510.8460846
6300,0.5964315533638,1782734517.3579607
6400,0.5906156897544861,1782734524.0511558
6500,0.5848420262336731,1782734530.4216409
6600,0.5788019895553589,1782734536.9244473
6700,0.5729087591171265,1782734543.344132
6800,0.5673165321350098,1782734550.1094885
6900,0.5624507665634155,1782734556.6812341
7000,0.5575865507125854,1782734563.16865
7100,0.5527403354644775,1782734569.6629138
7200,0.5474014282226562,1782734576.1572225
7300,0.5417852997779846,1782734582.5210245
7400,0.5363017320632935,1782734589.0666852
7500,0.5309743881225586,1782734595.4431393
7600,0.5255313515663147,1782734601.8129315
7700,0.5202388763427734,1782734607.9834816
7800,0.5154278874397278,1782734613.9503622
7900,0.5104367136955261,1782734620.3066983
8000,0.5053499937057495,1782734626.925706
8100,0.5005507469177246,1782734633.75124
8200,0.495684415102005,1782734639.7401292
8300,0.4910050332546234,1782734645.819073
8400,0.48657938838005066,1782734651.4752462
8500,0.48211410641670227,1782734657.3252177
8600,0.47729814052581787,1782734663.2981672
8700,0.4729691445827484,1782734669.5155501
8800,0.4689466655254364,1782734675.9361794
8900,0.4655904769897461,1782734682.42972
9000,0.46140962839126587,1782734688.856324
9100,0.457162469625473,1782734695.3135607
9200,0.4531107246875763,1782734701.907237
9300,0.4490501880645752,1782734707.771691
9400,0.4451691508293152,1782734713.718497
9500,0.44140610098838806,1782734719.7098293
9600,0.4374563694000244,1782734726.2677836
9700,0.4343002140522003,1782734732.8165963
9800,0.4303172826766968,1782734739.0238276
9900,0.42619943618774414,1782734745.267433
10000,0.4217633306980133,1782734751.5619974
10100,0.4176815152168274,1782734757.6736073
10200,0.4136583209037781,1782734764.2702956
10300,0.40964996814727783,1782734770.3057342
10400,0.40632691979408264,1782734776.7336292
10500,0.4024883508682251,1782734783.5059907
10600,0.39916473627090454,1782734789.8474736
10700,0.39551112055778503,1782734796.1775007
10800,0.3916199207305908,1782734802.6873744
10900,0.388185977935791,1782734809.2437127
11000,0.3848792314529419,1782734815.769087
11100,0.38141337037086487,1782734822.085252
11200,0.3775847256183624,1782734827.96891
11300,0.37400728464126587,1782734834.229145
11400,0.37028923630714417,1782734840.706044
11500,0.36665794253349304,1782734847.0510044
11600,0.3631519079208374,1782734853.5258422
11700,0.35960984230041504,1782734859.845816
11800,0.35622942447662354,1782734866.0378494
11900,0.3523499071598053,1782734872.658191
12000,0.34876587986946106,1782734879.1018262
12100,0.3453114628791809,1782734885.4674332
12200,0.34169861674308777,1782734892.0832021
12300,0.33830755949020386,1782734898.584778
12400,0.33477330207824707,1782734905.05895
12500,0.33122682571411133,1782734911.6478949
12600,0.32797712087631226,1782734918.2025666
12700,0.3248976171016693,1782734924.1657202
12800,0.3219766616821289,1782734930.7533076
12900,0.3190537393093109,1782734937.2799044
13000,0.3157649338245392,1782734943.8075328
13100,0.3128488063812256,1782734950.4392762
13200,0.31018251180648804,1782734956.7135584
13300,0.3077296316623688,1782734963.2558234
13400,0.30495521426200867,1782734969.764037
13500,0.30228230357170105,1782734976.28789
13600,0.2994731664657593,1782734982.835469
13700,0.29676318168640137,1782734989.5032353
13800,0.2946489453315735,1782734995.6706142
13900,0.292793333530426,1782735001.7031796
14000,0.2911028265953064,1782735008.1285427
14100,0.28937405347824097,1782735014.6610065
14200,0.2872897684574127,1782735021.1300528
14300,0.28467848896980286,1782735027.6840582
14400,0.28194791078567505,1782735033.9757545
14500,0.27919504046440125,1782735040.9234295
14600,0.27709516882896423,1782735047.427994
14700,0.27452024817466736,1782735054.0186694
14800,0.2722748816013336,1782735060.543114
14900,0.2700497508049011,1782735066.9486012
15000,0.26810669898986816,1782735073.3169816
15100,0.2667125165462494,1782735079.9934318
15200,0.2644883692264557,1782735086.4376214
15300,0.26254478096961975,1782735093.08476
15400,0.2607409954071045,1782735099.5254712
15500,0.2586410641670227,1782735106.0449686
15600,0.25655096769332886,1782735112.681588
15700,0.25418320298194885,1782735119.0584369
15800,0.25175854563713074,1782735125.5868838
15900,0.25019028782844543,1782735131.9233654
16000,0.24843861162662506,1782735138.7928855
16100,0.2458469569683075,1782735145.253351
16200,0.24354113638401031,1782735151.811727
16300,0.24152562022209167,1782735158.2845542
16400,0.23952311277389526,1782735164.8586974
16500,0.23737439513206482,1782735171.417547
16600,0.23555883765220642,1782735178.1112113
16700,0.23384332656860352,1782735184.5496047
16800,0.2315409779548645,1782735190.790573
16900,0.2292553186416626,1782735197.0449512
17000,0.22695909440517426,1782735203.5708902
17100,0.22420446574687958,1782735209.9816277
17200,0.222121462225914,1782735216.6049087
17300,0.2207004278898239,1782735222.809209
17400,0.2193480283021927,1782735229.4975033
17500,0.21781596541404724,1782735236.094208
17600,0.21669051051139832,1782735242.6264496
17700,0.21506665647029877,1782735249.0763757
17800,0.2133767455816269,1782735255.4860535
17900,0.21158865094184875,1782735261.9207764
18000,0.21002988517284393,1782735268.7509186
18100,0.20839184522628784,1782735275.627306
18200,0.2063823938369751,1782735282.218343
18300,0.2048945128917694,1782735288.757278
18400,0.20338590443134308,1782735295.1037407
18500,0.2017691433429718,1782735301.2489874
18600,0.1998538374900818,1782735307.7100277
18700,0.19820529222488403,1782735314.0877485
18800,0.19642150402069092,1782735320.817615
18900,0.19554176926612854,1782735327.4907737
19000,0.19442002475261688,1782735333.774927
19100,0.1934703141450882,1782735340.0179772
19200,0.19185036420822144,1782735346.6525104
19300,0.19022569060325623,1782735353.3009918
19400,0.18870191276073456,1782735359.884013
19500,0.18763522803783417,1782735366.4561462
19600,0.1863705813884735,1782735372.9775596
19700,0.18529094755649567,1782735379.4226387
19800,0.18436592817306519,1782735386.0212834
19900,0.1836765706539154,1782735392.6502967
20000,0.18226581811904907,1782735399.244255
20100,0.18139959871768951,1782735405.9782581
20200,0.17997123301029205,1782735412.683986
20300,0.1790541708469391,1782735419.356068
20400,0.17771923542022705,1782735425.6950274
20500,0.17699936032295227,1782735431.758378
20600,0.17566746473312378,1782735437.7771683
20700,0.17308121919631958,1782735444.5224762
20800,0.17186066508293152,1782735451.0528867
20900,0.17025204002857208,1782735457.6346579
21000,0.16801688075065613,1782735464.1264942
21100,0.16648884117603302,1782735470.3520522
21200,0.16484245657920837,1782735476.5084739
21300,0.1635935753583908,1782735482.3929138
21400,0.16253355145454407,1782735488.3105488
21500,0.16161581873893738,1782735494.439612
21600,0.1605619192123413,1782735500.4629138
21700,0.1588970571756363,1782735506.5017817
21800,0.15747778117656708,1782735512.552995
21900,0.1558372527360916,1782735518.9233506
22000,0.1550503969192505,1782735525.5084007
22100,0.15436549484729767,1782735531.8031042
22200,0.15403936803340912,1782735538.2381907
22300,0.15432240068912506,1782735544.7790916
22400,0.15512603521347046,1782735551.3036447
22500,0.15534169971942902,1782735557.5299306
22600,0.15626269578933716,1782735563.8108773
22700,0.15617921948432922,1782735570.1082008
22800,0.1555504947900772,1782735576.682698
22900,0.15507642924785614,1782735583.3015099
23000,0.15495215356349945,1782735590.0574005
23100,0.15482237935066223,1782735596.5361931
23200,0.15423904359340668,1782735603.2075489
23300,0.15353871881961823,1782735609.273523
23400,0.1527704894542694,1782735615.1285143
23500,0.1530243456363678,1782735620.7133865
23600,0.15295271575450897,1782735626.3305326
23700,0.1526930332183838,1782735631.9273996
23800,0.15284530818462372,1782735637.7160964
23900,0.1527201533317566,1782735643.6204922
24000,0.15163175761699677,1782735649.2771795
24100,0.1510700285434723,1782735655.15076
24200,0.15030385553836823,1782735661.117165
24300,0.1491234004497528,1782735666.9381442
24400,0.14785097539424896,1782735672.6840231
24500,0.14585214853286743,1782735678.4849155
24600,0.14433170855045319,1782735684.256962
24700,0.14333310723304749,1782735690.2067704
24800,0.14255574345588684,1782735695.9918854
24900,0.14198468625545502,1782735701.9099572
25000,0.14091773331165314,1782735707.7957094
25100,0.14137311279773712,1782735907.7086434
25200,0.1414463371038437,1782735913.6898603
25300,0.1428026407957077,1782735919.7179039
25400,0.14520202577114105,1782735925.8096328
25500,0.1477314680814743,1782735932.0943727
25600,0.14996404945850372,1782735937.9817247
25700,0.15206515789031982,1782735944.1701846
25800,0.15392006933689117,1782735950.3041284
25900,0.15462133288383484,1782735956.2487764
26000,0.15528236329555511,1782735962.410065
26100,0.15656279027462006,1782735968.2773252
26200,0.15760432183742523,1782735974.5794446
26300,0.15869492292404175,1782735980.641084
26400,0.1605488359928131,1782735986.9729886
26500,0.1619616001844406,1782735992.9336615
26600,0.16340014338493347,1782735999.1708632
26700,0.16450385749340057,1782736005.393685
26800,0.16585314273834229,1782736011.6761103
26900,0.16671022772789001,1782736017.8417928
27000,0.16758760809898376,1782736024.1157897
27100,0.16794750094413757,1782736030.250227
27200,0.168303981423378,1782736036.522406
27300,0.1686236560344696,1782736042.8143148
27400,0.16919361054897308,1782736048.9541311
27500,0.16925722360610962,1782736055.1412237
27600,0.16895413398742676,1782736061.21653
27700,0.16877755522727966,1782736067.656796
27800,0.1681266725063324,1782736073.7578974
27900,0.1681385040283203,1782736080.0394034
28000,0.16844049096107483,1782736086.28538
28100,0.16833841800689697,1782736092.3563468
28200,0.16902536153793335,1782736098.5949001
28300,0.16932104527950287,1782736104.8131297
28400,0.16946516931056976,1782736110.7559395
28500,0.16930165886878967,1782736116.8316052
28600,0.16943611204624176,1782736122.8446007
28700,0.16753263771533966,1782736128.84311
28800,0.1670055389404297,1782736134.9536002
28900,0.1659974306821823,1782736141.2890713
29000,0.1644110232591629,1782736147.1089528
29100,0.16249068081378937,1782736152.7766995
29200,0.16073156893253326,1782736158.5120554
29300,0.16064393520355225,1782736164.4080858
29400,0.16006503999233246,1782736170.0601337
29500,0.15918204188346863,1782736175.799195
29600,0.15807829797267914,1782736181.4966812
29700,0.15797816216945648,1782736187.1103928
29800,0.1584194153547287,1782736192.8541424
29900,0.15911473333835602,1782736198.8104014
30000,0.1600624918937683,1782736204.5565777
30100,0.16036590933799744,1782736210.6367335
30200,0.15990407764911652,1782736216.5612786
30300,0.1600358784198761,1782736222.2562287
30400,0.16064979135990143,1782736227.8208325
30500,0.1611865609884262,1782736233.5199296
30600,0.16063258051872253,1782736239.4634078
30700,0.1602725237607956,1782736245.1855202
30800,0.15962322056293488,1782736250.9186428
30900,0.15944084525108337,1782736256.821492
31000,0.1585608422756195,1782736262.5838492
31100,0.15805184841156006,1782736268.3245604
31200,0.157840296626091,1782736273.886408
31300,0.15783880650997162,1782736279.3507144
31400,0.15883801877498627,1782736285.1830888
31500,0.15937411785125732,1782736290.8995438
31600,0.15818744897842407,1782736296.7624013
31700,0.1580793559551239,1782736302.563672
31800,0.15866196155548096,1782736308.3601792
31900,0.15961813926696777,1782736314.0522058
32000,0.1605408489704132,1782736319.8210616
32100,0.1599487066268921,1782736325.80645
32200,0.1593787670135498,1782736331.447544
32300,0.15981316566467285,1782736337.3639808
32400,0.16093872487545013,1782736342.9950192
32500,0.16095580160617828,1782736348.6014872
32600,0.16048932075500488,1782736354.5363557
32700,0.16071569919586182,1782736360.3626974
32800,0.16232146322727203,1782736365.9190438
32900,0.16429047286510468,1782736371.942133
33000,0.16619925200939178,1782736377.509199
33100,0.16817133128643036,1782736383.1755562
33200,0.16845403611660004,1782736388.8996956
33300,0.16876114904880524,1782736394.527247
33400,0.1692240834236145,1782736400.2006395
33500,0.17087982594966888,1782736405.7074988
33600,0.17100335657596588,1782736411.2309678
33700,0.17133459448814392,1782736417.0130484
33800,0.17279553413391113,1782736422.7379353
33900,0.174263134598732,1782736428.3489413
34000,0.17630138993263245,1782736434.2515607
34100,0.17685744166374207,1782736439.9010136
34200,0.17732304334640503,1782736445.601879
34300,0.17741979658603668,1782736451.2928314
34400,0.17646750807762146,1782736456.920392
34500,0.1746426224708557,1782736462.8370633
34600,0.173515185713768,1782736468.4326973
34700,0.17294850945472717,1782736474.1095319
34800,0.17120245099067688,1782736479.684166
34900,0.16955652832984924,1782736485.4434354
35000,0.1685428023338318,1782736491.5238056
35100,0.1682613044977188,1782736497.2933822
35200,0.16794635355472565,1782736502.8074617
35300,0.16696450114250183,1782736508.4961376
35400,0.1672257035970688,1782736514.0993772
35500,0.16709715127944946,1782736519.6171236
35600,0.16738261282444,1782736525.2154105
35700,0.16631248593330383,1782736530.9659448
35800,0.16359488666057587,1782736536.6996791
35900,0.16234874725341797,1782736542.3776658
36000,0.16127502918243408,1782736548.1166875
36100,0.15938091278076172,1782736553.8377972
36200,0.15878057479858398,1782736559.5365536
36300,0.15905334055423737,1782736565.2283785
36400,0.1601531207561493,1782736571.1031542
36500,0.16128361225128174,1782736576.7268474
36600,0.16265328228473663,1782736582.4564745
36700,0.16328875720500946,1782736588.167216
36800,0.1632145345211029,1782736594.1351666
36900,0.16229136288166046,1782736599.630363
37000,0.1618724912405014,1782736605.555629
37100,0.16167902946472168,1782736611.2583969
37200,0.16194649040699005,1782736616.9827864
37300,0.1627272516489029,1782736622.8979297
37400,0.16453495621681213,1782736628.652044
37500,0.16587433218955994,1782736634.6256526
37600,0.16549502313137054,1782736640.2511625
37700,0.16513827443122864,1782736646.0868897
37800,0.16390381753444672,1782736651.9747949
37900,0.16266407072544098,1782736657.802939
38000,0.16061221063137054,1782736663.326059
38100,0.15950129926204681,1782736668.8441148
38200,0.15877506136894226,1782736674.6600082
38300,0.1580546349287033,1782736680.4949925
38400,0.15774564445018768,1782736686.1969976
38500,0.1579097956418991,1782736692.1386483
38600,0.15850675106048584,1782736697.7836974
38700,0.15927712619304657,1782736703.5710492
38800,0.1597379595041275,1782736709.3417969
38900,0.16034457087516785,1782736715.0264702
39000,0.15917493402957916,1782736721.085129
39100,0.15877528488636017,1782736726.806816
39200,0.15827521681785583,1782736732.5335338
39300,0.15884578227996826,1782736738.3425705
39400,0.15950915217399597,1782736743.9615386
39500,0.15926702320575714,1782736749.5158632
39600,0.15832149982452393,1782736755.3577302
39700,0.15749746561050415,1782736760.898114
39800,0.15775306522846222,1782736766.6489472
39900,0.15763504803180695,1782736772.2604017
40000,0.1583622843027115,1782736777.8941226
40100,0.15820656716823578,1782736783.598786
40200,0.15884548425674438,1782736789.3836396
40300,0.1600976586341858,1782736794.9894037
40400,0.16070127487182617,1782736800.6981862
40500,0.16088375449180603,1782736806.3841648
40600,0.16134366393089294,1782736811.8544989
40700,0.16033831238746643,1782736817.5348587
40800,0.1590861976146698,1782736823.0978484
40900,0.156928151845932,1782736829.0293405
41000,0.15483489632606506,1782736834.7577944
41100,0.15284398198127747,1782736840.418443
41200,0.15080958604812622,1782736846.0833519
41300,0.14905096590518951,1782736851.5423095
41400,0.14849640429019928,1782736857.2481446
41500,0.1488044112920761,1782736862.8231084
41600,0.15100669860839844,1782736868.5427659
41700,0.15287798643112183,1782736874.126367
41800,0.15348251163959503,1782736879.6920204
41900,0.15323159098625183,1782736885.3529508
42000,0.15393131971359253,1782736891.1893144
42100,0.1541018933057785,1782736896.9178042
42200,0.1547333002090454,1782736902.5396707
42300,0.15384605526924133,1782736908.1354287
42400,0.15284846723079681,1782736913.7083232
42500,0.1523885279893875,1782736919.5507586
42600,0.15154097974300385,1782736925.162989
42700,0.15046928822994232,1782736930.785923
42800,0.15010833740234375,1782736936.5912929
42900,0.14995644986629486,1782736942.383908
43000,0.1496831178665161,1782736948.0937145
43100,0.14936457574367523,1782736953.9753973
43200,0.15024752914905548,1782736959.6613598
43300,0.15064433217048645,1782736965.347915
43400,0.15257059037685394,1782736971.3076284
43500,0.1540985107421875,1782736976.9843223
43600,0.15573179721832275,1782736982.7984755
43700,0.15606003999710083,1782736988.5896716
43800,0.15584690868854523,1782736994.2058809
43900,0.15477651357650757,1782736999.850217
44000,0.15401895344257355,1782737005.432723
44100,0.1521821916103363,1782737011.0548017
44200,0.15098164975643158,1782737016.7992263
44300,0.15106578171253204,1782737022.492976
44400,0.15100225806236267,1782737028.2659562
44500,0.15066269040107727,1782737034.3528092
44600,0.1511952430009842,1782737039.9791574
44700,0.15145711600780487,1782737045.8277977
44800,0.15183156728744507,1782737051.44294
44900,0.15153780579566956,1782737057.075247
45000,0.150716170668602,1782737062.6881313
45100,0.15050895512104034,1782737068.9136279
45200,0.14887961745262146,1782737074.598002
45300,0.14804889261722565,1782737080.4164839
45400,0.14688529074192047,1782737086.271959
45500,0.14628922939300537,1782737091.9481404
45600,0.14497719705104828,1782737097.4715285
45700,0.143723264336586,1782737103.15418
45800,0.14321646094322205,1782737108.9257507
45900,0.14212048053741455,1782737114.6407745
46000,0.14139319956302643,1782737120.3854136
46100,0.1416201889514923,1782737126.0062134
46200,0.1418246179819107,1782737131.7766957
46300,0.1414015293121338,1782737137.5876918
46400,0.14047694206237793,1782737143.270241
46500,0.13985413312911987,1782737149.1055698
46600,0.14040033519268036,1782737154.9206727
46700,0.14066582918167114,1782737160.789331
46800,0.13997064530849457,1782737166.5659084
46900,0.13912378251552582,1782737172.2761483
47000,0.13759101927280426,1782737178.0032556
47100,0.13666120171546936,1782737183.7288022
47200,0.135287806391716,1782737189.5391502
47300,0.13386471569538116,1782737195.1767454
47400,0.13292920589447021,1782737201.2271862
47500,0.1319732815027237,1782737206.8767872
47600,0.13115695118904114,1782737212.4502163
47700,0.13098447024822235,1782737218.3855224
47800,0.13025347888469696,1782737223.9885738
47900,0.12955467402935028,1782737229.6543207
48000,0.12872600555419922,1782737235.4791913
48100,0.12769359350204468,1782737241.2839522
48200,0.12767170369625092,1782737247.0961998
48300,0.12767748534679413,1782737252.9781709
48400,0.1280267834663391,1782737258.7613063
48500,0.12934985756874084,1782737264.5607824
48600,0.12951967120170593,1782737270.1982996
48700,0.1307080239057541,1782737275.9663813
48800,0.132391095161438,1782737281.7699554
48900,0.13249234855175018,1782737287.7514114
49000,0.13234642148017883,1782737293.501593
49100,0.1321522444486618,1782737299.2164354
49200,0.13128434121608734,1782737305.1517751
49300,0.13088436424732208,1782737310.7989557
49400,0.13121862709522247,1782737316.5723903
49500,0.13111399114131927,1782737322.4559333
49600,0.13128957152366638,1782737328.3159087
49700,0.13136900961399078,1782737334.0207312
49800,0.13157208263874054,1782737339.8335235
49900,0.13063141703605652,1782737345.7625866
50000,0.1315344125032425,1782737351.6679132
50100,0.13161402940750122,1782737537.781105
50200,0.13106338679790497,1782737543.6192706
50300,0.13047851622104645,1782737549.4515548
50400,0.12937255203723907,1782737554.9713528
50500,0.12838980555534363,1782737560.6054356
50600,0.1280364990234375,1782737566.5440438
50700,0.1279088705778122,1782737572.157035
50800,0.12779784202575684,1782737578.0584536
50900,0.12750175595283508,1782737583.7709217
51000,0.12871508300304413,1782737589.5679429
51100,0.13032172620296478,1782737595.2709033
51200,0.13200072944164276,1782737601.2267904
51300,0.1340288370847702,1782737606.8282535
51400,0.1352357566356659,1782737612.6976707
51500,0.1351972222328186,1782737618.534183
51600,0.135531947016716,1782737624.2844985
51700,0.13595737516880035,1782737630.1009598
51800,0.13682636618614197,1782737635.7990694
51900,0.13742433488368988,1782737641.5923193
52000,0.13796405494213104,1782737647.4375262
52100,0.13870535790920258,1782737653.065348
52200,0.13788005709648132,1782737658.693781
52300,0.13766512274742126,1782737664.3035812
52400,0.1379404217004776,1782737670.1523871
52500,0.13738347589969635,1782737675.6975453
52600,0.13605959713459015,1782737681.462553
52700,0.1349373161792755,1782737687.1864898
52800,0.13413065671920776,1782737692.7589679
52900,0.13277782499790192,1782737698.5276976
53000,0.13086561858654022,1782737704.1152558
53100,0.12896251678466797,1782737709.71711
53200,0.12810595333576202,1782737715.3576066
53300,0.12751419842243195,1782737721.2256777
53400,0.1279934197664261,1782737726.934003
53500,0.1276952177286148,1782737732.6284268
53600,0.12743757665157318,1782737738.492241
53700,0.12748175859451294,1782737744.2926366
53800,0.1283164918422699,1782737750.11511
53900,0.12828904390335083,1782737755.998322
54000,0.1274934560060501,1782737761.7507365
54100,0.1269848346710205,1782737767.3338718
54200,0.1258205771446228,1782737772.923562
54300,0.12521536648273468,1782737778.4948852
54400,0.12488719075918198,1782737784.1904078
54500,0.12544161081314087,1782737790.1169567
54600,0.12554366886615753,1782737795.6718078
54700,0.12589821219444275,1782737801.599948
54800,0.1259581446647644,1782737807.381829
54900,0.12629784643650055,1782737812.837436
55000,0.12637844681739807,1782737818.6171362
55100,0.12700091302394867,1782737824.4354389
55200,0.12788935005664825,1782737830.175029
55300,0.12866689264774323,1782737836.0628273
55400,0.12910597026348114,1782737841.6190307
55500,0.12986207008361816,1782737847.486917
55600,0.1309293955564499,1782737853.379196
55700,0.13161024451255798,1782737859.2155287
55800,0.1322231888771057,1782737864.9193451
55900,0.13245077431201935,1782737870.5020175
56000,0.13253000378608704,1782737876.3002264
56100,0.134214848279953,1782737882.1779983
56200,0.1355457305908203,1782737887.7679553
56300,0.13680273294448853,1782737893.5506907
56400,0.1368802934885025,1782737899.2980013
56500,0.13640500605106354,1782737904.9552677
56600,0.13501818478107452,1782737910.7640398
56700,0.13348998129367828,1782737916.627621
56800,0.13286592066287994,1782737922.489214
56900,0.13252036273479462,1782737928.0080874
57000,0.13255558907985687,1782737933.9804292
57100,0.13294070959091187,1782737939.7378929
57200,0.13354390859603882,1782737945.3414667
57300,0.13391193747520447,1782737951.1953669
57400,0.13451918959617615,1782737956.8068275
57500,0.13569283485412598,1782737962.4707913
57600,0.13742411136627197,1782737968.2561018
57700,0.1390237808227539,1782737974.1169188
57800,0.14061443507671356,1782737980.002905
57900,0.14175760746002197,1782737985.6251113
58000,0.14330840110778809,1782737991.5635417
58100,0.14416146278381348,1782737997.1664734
58200,0.14482001960277557,1782738003.3835344
58300,0.14432097971439362,1782738009.1330533
58400,0.14370845258235931,1782738014.937932
58500,0.14402221143245697,1782738020.6046345
58600,0.14487501978874207,1782738026.3192322
58700,0.14508786797523499,1782738032.2587805
58800,0.1447216123342514,1782738037.8814805
58900,0.14324145019054413,1782738043.5434089
59000,0.1411898285150528,1782738049.282412
59100,0.13905932009220123,1782738054.9532447
59200,0.1370006948709488,1782738060.5265155
59300,0.13511206209659576,1782738066.2706103
59400,0.13374601304531097,1782738071.838122
59500,0.1327618509531021,1782738077.6325283
59600,0.13180963695049286,1782738083.4367883
59700,0.13067249953746796,1782738089.228111
59800,0.129784494638443,1782738095.0196533
59900,0.12874005734920502,1782738100.6529658
60000,0.12785297632217407,1782738106.3026454
60100,0.12731438875198364,1782738111.8211184
60200,0.12712706625461578,1782738117.5296974
60300,0.12749266624450684,1782738123.3163016
60400,0.1271694451570511,1782738128.8618615
60500,0.12678949534893036,1782738134.9254644
60600,0.12613661587238312,1782738140.7517877
60700,0.12585866451263428,1782738146.550924
60800,0.1261085867881775,1782738152.1050358
60900,0.12613776326179504,1782738157.8201008
61000,0.12665489315986633,1782738163.638697
61100,0.12735547125339508,1782738169.3537984
61200,0.12754401564598083,1782738175.1283472
61300,0.12806034088134766,1782738181.1692073
61400,0.12751367688179016,1782738186.9965935
61500,0.12773753702640533,1782738192.8390174
61600,0.12701109051704407,1782738198.453279
61700,0.12736132740974426,1782738204.1974573
61800,0.12704095244407654,1782738209.9556983
61900,0.12816627323627472,1782738215.911209
62000,0.12950488924980164,1782738221.6552665
62100,0.1304943859577179,1782738227.340985
62200,0.13097845017910004,1782738233.0640182
62300,0.13141195476055145,1782738238.7804444
62400,0.13152171671390533,1782738244.6277418
62500,0.13145534694194794,1782738250.4533968
62600,0.13030391931533813,1782738256.293731
62700,0.13027037680149078,1782738262.1941714
62800,0.13135014474391937,1782738267.968523
62900,0.13214364647865295,1782738273.7032204
63000,0.1322864145040512,1782738279.343941
63100,0.1319415122270584,1782738285.0907238
63200,0.1316068470478058,1782738290.7921014
63300,0.13126249611377716,1782738296.4287195
63400,0.13201403617858887,1782738302.119096
63500,0.1322205811738968,1782738307.9019694
63600,0.13320505619049072,1782738313.7924101
63700,0.1333923637866974,1782738319.6161962
63800,0.1342521607875824,1782738325.5351532
63900,0.1344057023525238,1782738331.2937524
64000,0.13489215075969696,1782738336.91718
64100,0.13553257286548615,1782738342.6340573
64200,0.13530977070331573,1782738348.3305466
64300,0.1352134644985199,1782738354.1009796
64400,0.13558219373226166,1782738359.9923408
64500,0.13594529032707214,1782738365.6857297
64600,0.13552191853523254,1782738371.406903
64700,0.13584886491298676,1782738377.2892807
64800,0.13538743555545807,1782738382.964492
64900,0.1338428258895874,1782738388.5167909
65000,0.13262173533439636,1782738394.2771916
65100,0.1317550092935562,1782738400.13505
65200,0.13182461261749268,1782738406.0288455
65300,0.13079945743083954,1782738411.8110032
65400,0.13044001162052155,1782738417.574462
65500,0.12928806245326996,1782738423.261626
65600,0.12826350331306458,1782738429.1924698
65700,0.12841610610485077,1782738434.9102526
65800,0.1291290819644928,1782738440.67295
65900,0.1302204430103302,1782738446.3732176
66000,0.13128474354743958,1782738452.3181767
66100,0.13227492570877075,1782738458.291601
66200,0.13310734927654266,1782738463.9158866
66300,0.13444054126739502,1782738469.942034
66400,0.13580815494060516,1782738475.8249395
66500,0.1368771344423294,1782738481.561898
66600,0.1370815634727478,1782738487.1994958
66700,0.1373923420906067,1782738493.071873
66800,0.13714519143104553,1782738498.5579655
66900,0.13784974813461304,1782738504.4456143
67000,0.1385912001132965,1782738510.3247235
67100,0.13904701173305511,1782738516.2532034
67200,0.13899897038936615,1782738522.0240376
67300,0.1384197175502777,1782738527.7349677
67400,0.138002410531044,1782738533.7144737
67500,0.13850215077400208,1782738539.3409195
67600,0.14030368626117706,1782738545.3666852
67700,0.14169998466968536,1782738551.1203332
67800,0.14187157154083252,1782738557.2605624
67900,0.14244547486305237,1782738562.790025
68000,0.1428898721933365,1782738568.7373264
68100,0.14371569454669952,1782738574.505964
68200,0.14492405951023102,1782738580.3110473
68300,0.14353930950164795,1782738586.1158986
68400,0.14261241257190704,1782738592.0172522
68500,0.1425100415945053,1782738597.711968
68600,0.14141321182250977,1782738603.5653005
68700,0.13944600522518158,1782738609.190616
68800,0.1377827227115631,1782738614.8550534
68900,0.13596193492412567,1782738620.984111
69000,0.13515245914459229,1782738626.5684662
69100,0.13421155512332916,1782738632.1913502
69200,0.1335795372724533,1782738637.870471
69300,0.1328607052564621,1782738643.6094036
69400,0.13226541876792908,1782738649.0604553
69500,0.13183261454105377,1782738655.0170355
69600,0.1320451945066452,1782738661.0950532
69700,0.1327200084924698,1782738666.974582
69800,0.1327112764120102,1782738672.6539478
69900,0.13274268805980682,1782738678.4605758
70000,0.13337589800357819,1782738684.282018
70100,0.13366201519966125,1782738690.2151756
70200,0.13432712852954865,1782738696.160056
70300,0.1338745504617691,1782738702.0658026
70400,0.1338089406490326,1782738707.794808
70500,0.13458238542079926,1782738713.7366834
70600,0.13525629043579102,1782738719.4209776
70700,0.13553689420223236,1782738725.0540588
70800,0.1359148621559143,1782738730.9737344
70900,0.13576938211917877,1782738736.875928
71000,0.13491202890872955,1782738742.55047
71100,0.13334336876869202,1782738748.300385
71200,0.13230562210083008,1782738753.9057264
71300,0.13244152069091797,1782738759.622579
71400,0.1314011961221695,1782738765.6029217
71500,0.1311582326889038,1782738771.4563823
71600,0.1310063749551773,1782738777.2763734
71700,0.13096585869789124,1782738783.2873995
71800,0.1311190277338028,1782738789.256905
71900,0.13032346963882446,1782738795.0533457
72000,0.1301773190498352,1782738800.6633244
72100,0.13088193535804749,1782738806.6532247
72200,0.13091257214546204,1782738812.4407609
72300,0.1308082789182663,1782738818.3598344
72400,0.13054127991199493,1782738824.2170632
72500,0.13092970848083496,1782738830.2302277
72600,0.13134251534938812,1782738836.0847456
72700,0.13190849125385284,1782738841.9163036
72800,0.13210329413414001,1782738847.884316
72900,0.13189540803432465,1782738853.5029945
73000,0.13176216185092926,1782738859.2640307
73100,0.13212992250919342,1782738864.973069
73200,0.13412387669086456,1782738870.735824
73300,0.13545946776866913,1782738876.4069583
73400,0.1356636881828308,1782738882.308065
73500,0.13577879965305328,1782738887.9368336
73600,0.13563713431358337,1782738893.7228239
73700,0.1351158618927002,1782738899.6201606
73800,0.1350589096546173,1782738905.5160568
73900,0.13422147929668427,1782738911.3550813
74000,0.13323764503002167,1782738917.1581311
74100,0.13165448606014252,1782738922.834696
74200,0.1303129345178604,1782738928.5698123
74300,0.12902288138866425,1782738934.3714917
74400,0.1284497231245041,1782738940.3984396
74500,0.12799547612667084,1782738946.508569
74600,0.12794378399848938,1782738952.3971543
74700,0.12893866002559662,1782738958.2911947
74800,0.12878087162971497,1782738964.1036208
74900,0.12933674454689026,1782738969.702226
75000,0.12972694635391235,1782738975.5087705
75100,0.12911206483840942,1782739112.363088
75200,0.12944546341896057,1782739118.302675
75300,0.12968632578849792,1782739123.9562118
75400,0.12904620170593262,1782739130.0060995
75500,0.12767109274864197,1782739135.8758247
75600,0.12668398022651672,1782739141.5022428
75700,0.12527762353420258,1782739147.4495404
75800,0.12456439435482025,1782739153.3059382
75900,0.12450774013996124,1782739159.3309436
76000,0.12426548451185226,1782739165.157435
76100,0.1242043748497963,1782739171.19592
76200,0.12484803795814514,1782739177.0341063
76300,0.12628881633281708,1782739183.1570263
76400,0.12765870988368988,1782739188.8497598
76500,0.12937715649604797,1782739194.6822774
76600,0.1296217441558838,1782739200.7620192
76700,0.13001252710819244,1782739206.4621255
76800,0.1305505931377411,1782739212.120998
76900,0.13151776790618896,1782739217.9366815
77000,0.13246391713619232,1782739223.5704072
77100,0.1336565911769867,1782739229.487573
77200,0.1353069245815277,1782739235.1915662
77300,0.13687697052955627,1782739241.1330972
77400,0.13791510462760925,1782739246.9945977
77500,0.13921447098255157,1782739252.6221895
77600,0.13945354521274567,1782739258.2548573
77700,0.13934561610221863,1782739263.970464
77800,0.1400119662284851,1782739270.0259197
77900,0.1400822401046753,1782739276.0054739
78000,0.14031365513801575,1782739281.7294078
78100,0.13991086184978485,1782739287.6023915
78200,0.13936202228069305,1782739293.5666254
78300,0.13944314420223236,1782739299.3843594
78400,0.14044800400733948,1782739305.0090873
78500,0.14192819595336914,1782739310.9939873
78600,0.14315256476402283,1782739316.7644632
78700,0.14350584149360657,1782739322.7190263
78800,0.14416708052158356,1782739328.5496862
78900,0.14434681832790375,1782739334.2432528
79000,0.14535093307495117,1782739339.9616115
79100,0.14584919810295105,1782739345.9452963
79200,0.1479121744632721,1782739351.664861
79300,0.14957889914512634,1782739357.3997715
79400,0.15043292939662933,1782739363.121349
79500,0.1495783030986786,1782739368.9381511
79600,0.15042299032211304,1782739374.7544851
79700,0.1515849381685257,1782739380.5060802
79800,0.15313246846199036,1782739386.1941392
79900,0.15362919867038727,1782739392.0091166
80000,0.15434958040714264,1782739397.763092
80100,0.15416517853736877,1782739403.568917
80200,0.1541644036769867,1782739409.3227718
80300,0.15472888946533203,1782739414.9260252
80400,0.15554922819137573,1782739420.7209554
80500,0.15565921366214752,1782739426.3836792
80600,0.15620462596416473,1782739432.3645859
80700,0.15665726363658905,1782739438.1849747
80800,0.15690340101718903,1782739443.9595623
80900,0.15681205689907074,1782739449.7554116
81000,0.1565869152545929,1782739455.6337612
81100,0.15521377325057983,1782739461.434959
81200,0.1539226770401001,1782739467.27042
81300,0.15353550016880035,1782739473.1529808
81400,0.15259690582752228,1782739479.0105627
81500,0.15063641965389252,1782739484.795818
81600,0.14826467633247375,1782739490.579759
81700,0.14611698687076569,1782739496.3860044
81800,0.1446782797574997,1782739502.067131
81900,0.14378094673156738,1782739508.052887
82000,0.14303471148014069,1782739513.7620456
82100,0.14240165054798126,1782739519.5936866
82200,0.1420084685087204,1782739525.6230562
82300,0.14163929224014282,1782739531.222152
82400,0.14143621921539307,1782739537.017892
82500,0.1404210329055786,1782739542.7628877
82600,0.13976404070854187,1782739548.5887759
82700,0.1399587094783783,1782739554.3628068
82800,0.13998335599899292,1782739560.0698156
82900,0.13935378193855286,1782739565.7652762
83000,0.13798731565475464,1782739571.392944
83100,0.1368926465511322,1782739577.1417172
83200,0.13647803664207458,1782739582.9749115
83300,0.13642536103725433,1782739588.5911427
83400,0.1365301012992859,1782739594.1490734
83500,0.13591358065605164,1782739600.0205803
83600,0.1349881887435913,1782739605.6353545
83700,0.13458016514778137,1782739611.3744068
83800,0.13505324721336365,1782739617.0808825
83900,0.13589182496070862,1782739622.9826078
84000,0.1365704983472824,1782739628.6158748
84100,0.1381673812866211,1782739634.392194
84200,0.1388615220785141,1782739640.0610049
84300,0.13959011435508728,1782739645.976771
84400,0.13983774185180664,1782739651.7525582
84500,0.13958221673965454,1782739657.6964386
84600,0.1394190490245819,1782739663.4043007
84700,0.13987745344638824,1782739669.025428
84800,0.13992846012115479,1782739674.8256776
84900,0.14059452712535858,1782739680.7937262
85000,0.14131256937980652,1782739686.4529321
85100,0.14207801222801208,1782739692.1848307
85200,0.14239251613616943,1782739698.164463
85300,0.14228211343288422,1782739703.8241127
85400,0.1426984816789627,1782739709.7077763
85500,0.14337767660617828,1782739715.4572368
85600,0.14518927037715912,1782739721.2935696
85700,0.1469864845275879,1782739726.842187
85800,0.14711841940879822,1782739732.4881501
85900,0.14795905351638794,1782739738.4811392
86000,0.14843975007534027,1782739744.20563
86100,0.14988981187343597,1782739750.081161
86200,0.15009312331676483,1782739755.88711
86300,0.15041378140449524,1782739761.5976818
86400,0.15078313648700714,1782739767.3038802
86500,0.15046089887619019,1782739773.1406362
86600,0.15065278112888336,1782739778.8173072
86700,0.15076564252376556,1782739784.6380734
86800,0.1508924812078476,1782739790.817979
86900,0.15028555691242218,1782739796.4179566
87000,0.15026594698429108,1782739802.030704
87100,0.14914840459823608,1782739807.9169807
87200,0.14802919328212738,1782739813.5783184
87300,0.1476881504058838,1782739819.2845445
87400,0.14762289822101593,1782739825.1724467
87500,0.14753535389900208,1782739830.8211937
87600,0.14679168164730072,1782739836.680805
87700,0.14618892967700958,1782739842.3672726
87800,0.14606721699237823,1782739848.4005868
87900,0.14620235562324524,1782739854.0662482
88000,0.14691917598247528,1782739859.7528994
88100,0.14795875549316406,1782739865.4061728
88200,0.14828792214393616,1782739871.2422647
88300,0.14885284006595612,1782739877.0048177
88400,0.14910238981246948,1782739882.9938376
88500,0.14872483909130096,1782739888.668564
88600,0.14783614873886108,1782739894.2925837
88700,0.1477477252483368,1782739900.3478143
88800,0.1477772444486618,1782739905.9857595
88900,0.14656810462474823,1782739911.6406846
89000,0.1460089236497879,1782739917.2640526
89100,0.14480707049369812,1782739922.8312218
89200,0.14354829490184784,1782739928.654
89300,0.14403526484966278,1782739934.5491872
89400,0.14432337880134583,1782739940.221521
89500,0.14512647688388824,1782739945.868237
89600,0.1462721824645996,1782739951.8909707
89700,0.1469433605670929,1782739957.5682113
89800,0.14739549160003662,1782739963.5306265
89900,0.14819008111953735,1782739969.421286
90000,0.148259699344635,1782739975.2702806
90100,0.1486746370792389,1782739981.0207086
90200,0.14949311316013336,1782739986.803696
90300,0.15014787018299103,1782739992.417533
90400,0.14988774061203003,1782739998.198193
90500,0.14950121939182281,1782740004.060811
90600,0.14949896931648254,1782740009.8694265
90700,0.14925342798233032,1782740015.6375937
90800,0.15002307295799255,1782740021.4820094
90900,0.15005671977996826,1782740027.1902244
91000,0.15045732259750366,1782740033.1403916
91100,0.1501370668411255,1782740038.7862089
91200,0.15000766515731812,1782740044.7720692
91300,0.14893801510334015,1782740050.5097961
91400,0.14765122532844543,1782740056.1712813
91500,0.1459847241640091,1782740061.6762536
91600,0.14401623606681824,1782740067.2931993
91700,0.14228621125221252,1782740072.7843294
91800,0.1412637084722519,1782740078.4868588
91900,0.14044485986232758,1782740084.0981352
92000,0.14038360118865967,1782740089.7183297
92100,0.13991598784923553,1782740095.3527052
92200,0.13876241445541382,1782740100.936296
92300,0.13833121955394745,1782740106.6376033
92400,0.138152614235878,1782740112.6031199
92500,0.1384817361831665,1782740118.441934
92600,0.1389184594154358,1782740124.2355876
92700,0.13886918127536774,1782740130.0533965
92800,0.13891856372356415,1782740135.739115
92900,0.1394253969192505,1782740141.487053
93000,0.1403283327817917,1782740147.291547
93100,0.1406446248292923,1782740153.0068166
93200,0.14163333177566528,1782740158.9891996
93300,0.1427246630191803,1782740164.7509391
93400,0.1439603567123413,1782740170.373305
93500,0.14487282931804657,1782740175.8898337
93600,0.14564912021160126,1782740181.5693543
93700,0.14678038656711578,1782740187.516084
93800,0.14725063741207123,1782740193.1980615
93900,0.14810658991336823,1782740199.1874352
94000,0.14888915419578552,1782740204.9197457
94100,0.14901569485664368,1782740210.7530951
94200,0.1487119495868683,1782740216.4464033
94300,0.14950044453144073,1782740222.252123
94400,0.14974889159202576,1782740227.885034
94500,0.1498522311449051,1782740234.3108327
94600,0.1503497064113617,1782740239.962469
94700,0.15037794411182404,1782740245.6679153
94800,0.15011443197727203,1782740251.5759585
94900,0.14912448823451996,1782740257.3671417
95000,0.14824293553829193,1782740263.1507866
95100,0.14658431708812714,1782740268.8775496
95200,0.14575102925300598,1782740274.629487
95300,0.144517183303833,1782740280.2706492
95400,0.14361658692359924,1782740285.984376
95500,0.14196769893169403,1782740291.9709268
95600,0.14076174795627594,1782740297.6939569
95700,0.1397160142660141,1782740303.2838533
95800,0.1386529952287674,1782740308.9200044
95900,0.1360873132944107,1782740314.7359052
96000,0.1346774697303772,1782740320.5386047
96100,0.13390116393566132,1782740326.3341334
96200,0.13322658836841583,1782740332.1046915
96300,0.13272643089294434,1782740337.924657
96400,0.13187448680400848,1782740343.6007218
96500,0.13138312101364136,1782740349.5875916
96600,0.13037702441215515,1782740355.362606
96700,0.1305333971977234,1782740361.170733
96800,0.131057471036911,1782740366.780904
96900,0.13107523322105408,1782740372.489261
97000,0.13102063536643982,1782740378.298552
97100,0.13115975260734558,1782740384.2962477
97200,0.13139377534389496,1782740390.082529
97300,0.13172152638435364,1782740395.8207126
97400,0.13283228874206543,1782740402.0847466
97500,0.13416048884391785,1782740408.1366134
97600,0.13504458963871002,1782740413.901265
97700,0.13497956097126007,1782740419.696999
97800,0.13465234637260437,1782740425.6563609
97900,0.13510824739933014,1782740431.3193703
98000,0.13536755740642548,1782740437.2747777
98100,0.1363033801317215,1782740443.2151635
98200,0.1376110464334488,1782740448.9505465
98300,0.13868166506290436,1782740454.83655
98400,0.13943317532539368,1782740460.5588439
98500,0.13962337374687195,1782740466.4005425
98600,0.13893641531467438,1782740472.3704731
98700,0.1384606510400772,1782740478.124234
98800,0.13760608434677124,1782740483.9892268
98900,0.13601288199424744,1782740489.7432034
99000,0.1346876323223114,1782740495.713518
99100,0.13393491506576538,1782740501.433958
99200,0.1332353800535202,1782740507.3990533
99300,0.1332589089870453,1782740513.1936522
99400,0.1331971287727356,1782740518.871608
99500,0.13360002636909485,1782740524.776584
99600,0.13412772119045258,1782740530.4287522
99700,0.13552097976207733,1782740536.370253
99800,0.1372205913066864,1782740542.3497713
99900,0.13930641114711761,1782740548.2454426
100000,0.14087410271167755,1782740554.1893938
100100,0.1359138935804367,1782740701.830618
100200,0.13235054910182953,1782740707.5788798
100300,0.12985070049762726,1782740713.4380493
100400,0.12803050875663757,1782740719.3365166
100500,0.12638814747333527,1782740724.9812717
100600,0.12500184774398804,1782740730.6944788
100700,0.12389451265335083,1782740736.6179178
100800,0.1229514628648758,1782740742.3147738
100900,0.12201389670372009,1782740748.1859288
101000,0.12107018381357193,1782740753.8824143
101100,0.11980782449245453,1782740759.5765488
101200,0.11861792951822281,1782740765.4606595
101300,0.11727291345596313,1782740771.364805
101400,0.11611858010292053,1782740777.2145665
101500,0.11502806842327118,1782740783.063213
101600,0.113959901034832,1782740788.6978655
101700,0.11291120201349258,1782740794.35033
101800,0.11211097240447998,1782740800.1488497
101900,0.11133000999689102,1782740805.9729514
102000,0.11053847521543503,1782740811.79506
102100,0.10984645038843155,1782740817.5688317
102200,0.10918137431144714,1782740823.1619205
102300,0.10847021639347076,1782740828.8123107
102400,0.10779497027397156,1782740834.5447905
102500,0.1071493923664093,1782740840.1520662
102600,0.10663715749979019,1782740846.0162733
102700,0.10650996118783951,1782740851.690445
102800,0.10644453763961792,1782740857.4643114
102900,0.106134794652462,1782740863.2840347
103000,0.10598517209291458,1782740869.0440724
103100,0.10614203661680222,1782740874.7691436
103200,0.10648796707391739,1782740880.66486
103300,0.10638544708490372,1782740886.4558494
103400,0.10654490441083908,1782740892.6269171
103500,0.10665691643953323,1782740898.5781655
103600,0.10681390017271042,1782740904.3981626
103700,0.10688678175210953,1782740910.155224
103800,0.10727453976869583,1782740915.859178
103900,0.10739368945360184,1782740921.5707843
104000,0.10783702880144119,1782740927.427949
104100,0.10819365829229355,1782740933.21008
104200,0.10838532447814941,1782740939.016439
104300,0.10843093693256378,1782740945.1754348
104400,0.1084795817732811,1782740950.91151
104500,0.1084233969449997,1782740956.7873483
104600,0.10870228707790375,1782740962.514902
104700,0.1089811697602272,1782740968.3337948
104800,0.10909116268157959,1782740973.9809203
104900,0.10921873897314072,1782740979.7870631
105000,0.10932140797376633,1782740985.4446678
105100,0.1092289462685585,1782740991.170978
105200,0.10939785838127136,1782740996.9068384
105300,0.10961361229419708,1782741002.7712927
105400,0.1098015159368515,1782741008.7100627
105500,0.11016705632209778,1782741014.703463
105600,0.11064876616001129,1782741020.5103304
105700,0.11096198111772537,1782741026.4475176
105800,0.11145065724849701,1782741032.0627136
105900,0.11174232512712479,1782741037.7273314
106000,0.1117207482457161,1782741043.3486502
106100,0.11209988594055176,1782741049.182462
106200,0.11317859590053558,1782741054.7533
106300,0.11374204605817795,1782741060.4162297
106400,0.11431577056646347,1782741065.988677
106500,0.11584427207708359,1782741071.9277961
106600,0.1168827936053276,1782741077.658382
106700,0.11740697920322418,1782741083.3910801
106800,0.1179732009768486,1782741089.226841
106900,0.11923261731863022,1782741094.92966
107000,0.1203915923833847,1782741100.7959652
107100,0.1210375651717186,1782741106.5051162
107200,0.12153096497058868,1782741112.2365494
107300,0.12144693732261658,1782741117.8164105
107400,0.1213112473487854,1782741123.4399
107500,0.12049157917499542,1782741129.1870515
107600,0.11962621659040451,1782741135.0931175
107700,0.11988086253404617,1782741140.876288
107800,0.11984147876501083,1782741146.4518359
107900,0.12001438438892365,1782741152.28978
108000,0.12063076347112656,1782741158.1915257
108100,0.12125269323587418,1782741163.982568
108200,0.1215568482875824,1782741169.699993
108300,0.12221968173980713,1782741175.5180697
108400,0.12266568094491959,1782741181.24962
108500,0.12319935858249664,1782741186.9276104
108600,0.12417478859424591,1782741192.8643324
108700,0.1241932362318039,1782741198.6033597
108800,0.12406311184167862,1782741204.5664434
108900,0.12440089136362076,1782741210.4021385
109000,0.12454058229923248,1782741216.1158779
109100,0.1251695454120636,1782741221.8769038
109200,0.12563811242580414,1782741227.9830391
109300,0.12523292005062103,1782741233.7824292
109400,0.12498331815004349,1782741239.7023435
109500,0.1251126378774643,1782741245.373742
109600,0.12491994351148605,1782741251.1146212
109700,0.12479667365550995,1782741256.7656596
109800,0.12520723044872284,1782741262.5566845
109900,0.12575967609882355,1782741268.2075264
110000,0.1263154000043869,1782741274.0745704
110100,0.12634390592575073,1782741279.8393075
110200,0.1264640837907791,1782741285.606564
110300,0.12707488238811493,1782741291.6624048
110400,0.12775647640228271,1782741297.4406216
110500,0.12870639562606812,1782741303.272255
110600,0.12960027158260345,1782741309.070759
110700,0.12906694412231445,1782741314.7123234
110800,0.1286463588476181,1782741320.623994
110900,0.12925244867801666,1782741326.5098097
111000,0.13073650002479553,1782741332.41056
111100,0.13128706812858582,1782741338.292688
111200,0.13132193684577942,1782741344.0229437
111300,0.13096673786640167,1782741349.6777349
111400,0.1306450515985489,1782741355.421373
111500,0.12993791699409485,1782741361.225287
111600,0.12946465611457825,1782741366.9907143
111700,0.12841065227985382,1782741372.9317982
111800,0.12796758115291595,1782741378.5936382
111900,0.12788961827754974,1782741384.360211
112000,0.12804119288921356,1782741390.1021717
112100,0.12817974388599396,1782741395.9977098
112200,0.12825652956962585,1782741401.7167132
112300,0.12819881737232208,1782741407.6508656
112400,0.12769834697246552,1782741413.241495
112500,0.1270049661397934,1782741419.0711172
112600,0.12636739015579224,1782741424.887204
112700,0.126490518450737,1782741430.6214402
112800,0.12766887247562408,1782741436.602864
112900,0.1291787177324295,1782741442.4712276
113000,0.13026612997055054,1782741448.3785462
113100,0.13063068687915802,1782741454.3081064
113200,0.13113711774349213,1782741460.158824
113300,0.13118715584278107,1782741465.9055212
113400,0.13206785917282104,1782741471.7644951
113500,0.1321689486503601,1782741477.561154
113600,0.13230064511299133,1782741483.0915084
113700,0.13204003870487213,1782741488.9923868
113800,0.13201740384101868,1782741494.7522578
113900,0.13196979463100433,1782741500.5871754
114000,0.1316857933998108,1782741506.380157
114100,0.1315113753080368,1782741512.2754211
114200,0.13120253384113312,1782741517.9766123
114300,0.13058598339557648,1782741523.595215
114400,0.12946666777133942,1782741529.5196319
114500,0.12853728234767914,1782741535.1078076
114600,0.1272755116224289,1782741541.0282106
114700,0.12675116956233978,1782741546.799919
114800,0.12646476924419403,1782741552.7244072
114900,0.12609714269638062,1782741558.3690038
115000,0.12530218064785004,1782741564.1329358
115100,0.12480536848306656,1782741569.9788861
115200,0.12483696639537811,1782741575.7593532
115300,0.1246199682354927,1782741581.5053349
115400,0.12521252036094666,1782741587.3667333
115500,0.12621738016605377,1782741593.4331794
115600,0.1266518533229828,1782741599.26805
115700,0.12699316442012787,1782741605.0599551
115800,0.12762486934661865,1782741610.8109763
115900,0.12826313078403473,1782741616.571839
116000,0.1292291134595871,1782741622.4335706
116100,0.12967462837696075,1782741628.3316643
116200,0.129880890250206,1782741634.0774858
116300,0.12953731417655945,1782741639.719535
116400,0.12990117073059082,1782741645.5281851
116500,0.13108375668525696,1782741651.4193487
116600,0.13120107352733612,1782741657.5414195
116700,0.13116009533405304,1782741663.4218485
116800,0.13028056919574738,1782741669.215205
116900,0.12872429192066193,1782741674.8336728
117000,0.1272733360528946,1782741680.59538
117100,0.12647010385990143,1782741686.4306197
117200,0.12551969289779663,1782741692.2680259
117300,0.1251080483198166,1782741698.0508435
117400,0.12448043376207352,1782741703.64901
117500,0.12380152940750122,1782741709.7523105
117600,0.12405893951654434,1782741715.7056947
117700,0.12440468370914459,1782741721.406039
117800,0.1241845041513443,1782741727.1925209
117900,0.12332628667354584,1782741732.9168065
118000,0.12202835083007812,1782741738.5952146
118100,0.12122967839241028,1782741744.4845905
118200,0.12131815403699875,1782741750.2828908
118300,0.12182757258415222,1782741756.1954548
118400,0.12146880477666855,1782741761.8630826
118500,0.12050898373126984,1782741767.9368973
118600,0.11993912607431412,1782741773.7046719
118700,0.1203407421708107,1782741779.561576
118800,0.1218123808503151,1782741785.283994
118900,0.12267706543207169,1782741791.0576353
119000,0.12466993182897568,1782741796.7093635
119100,0.12617532908916473,1782741802.6191492
119200,0.1270466148853302,1782741808.551816
119300,0.12816794216632843,1782741814.2876346
119400,0.12904272973537445,1782741820.163978
119500,0.12978495657444,1782741825.9827874
119600,0.131435826420784,1782741831.8961513
119700,0.13286016881465912,1782741837.5950384
119800,0.134224072098732,1782741843.3888876
119900,0.1353621780872345,1782741849.1450608
120000,0.13595589995384216,1782741854.8922207
120100,0.13664938509464264,1782741860.6719322
120200,0.13709965348243713,1782741866.5438433
120300,0.13703148066997528,1782741872.4578173
120400,0.13685066998004913,1782741878.3987908
120500,0.13644346594810486,1782741884.0423322
120600,0.13609370589256287,1782741890.0414655
120700,0.13653670251369476,1782741895.7912734
120800,0.13708510994911194,1782741901.555244
120900,0.1370110660791397,1782741907.540826
121000,0.1368698924779892,1782741913.63219
121100,0.13692691922187805,1782741919.526346
121200,0.13662566244602203,1782741925.3953924
121300,0.13609322905540466,1782741931.1762216
121400,0.13527554273605347,1782741937.133719
121500,0.13352057337760925,1782741942.793026
121600,0.1311439722776413,1782741948.3598287
121700,0.12855695188045502,1782741954.605027
121800,0.1267772912979126,1782741960.3726416
121900,0.12497714161872864,1782741966.318922
122000,0.12395628541707993,1782741972.0479946
122100,0.12309873104095459,1782741977.9845378
122200,0.12221094220876694,1782741983.6379697
122300,0.12096351385116577,1782741989.3759122
122400,0.12002411484718323,1782741995.0263696
122500,0.11937247216701508,1782742000.9167647
122600,0.11858651041984558,1782742006.796395
122700,0.11797530204057693,1782742012.4158585
122800,0.11813899874687195,1782742018.428257
122900,0.11863888800144196,1782742024.0942433
123000,0.11925632506608963,1782742029.688641
123100,0.11942064762115479,1782742035.4711792
123200,0.11937423795461655,1782742041.2365117
123300,0.11869683116674423,1782742046.8373215
123400,0.11772682517766953,1782742052.6113193
123500,0.11693236231803894,1782742058.7321951
123600,0.1170487180352211,1782742064.7560809
123700,0.1173568069934845,1782742070.4413729
123800,0.11798854917287827,1782742076.3626685
123900,0.1188821941614151,1782742082.0898085
124000,0.11996252089738846,1782742088.011696
124100,0.12117549777030945,1782742093.6978476
124200,0.12242823839187622,1782742099.4390545
124300,0.12395182251930237,1782742105.2267878
124400,0.12530887126922607,1782742111.070872
124500,0.12620215117931366,1782742117.1285613
124600,0.1273968666791916,1782742122.9410696
124700,0.12854929268360138,1782742128.560713
124800,0.1294902116060257,1782742134.1313534
124900,0.13014425337314606,1782742139.8405485
125000,0.1309323012828827,1782742145.5619488
125100,0.13136443495750427,1782742271.68659
125200,0.1320509910583496,1782742277.7304688
125300,0.13266634941101074,1782742283.459184
125400,0.1333833485841751,1782742289.255754
125500,0.13395309448242188,1782742294.873445
125600,0.1351087987422943,1782742300.6373174
125700,0.13589754700660706,1782742306.318444
125800,0.13665667176246643,1782742311.9614518
125900,0.13741301000118256,1782742317.7888246
126000,0.13680441677570343,1782742323.6223805
126100,0.136490598320961,1782742329.5334983
126200,0.1359737664461136,1782742335.2361736
126300,0.13554437458515167,1782742341.1839414
126400,0.1360214501619339,1782742346.96201
126500,0.13636596500873566,1782742352.792372
126600,0.13684269785881042,1782742358.7954595
126700,0.13742367923259735,1782742364.5740013
126800,0.13842301070690155,1782742370.2986293
126900,0.13981512188911438,1782742376.0976245
127000,0.14035971462726593,1782742382.0704997
127100,0.14099043607711792,1782742387.8613634
127200,0.14143726229667664,1782742393.761803
127300,0.14117659628391266,1782742399.4126136
127400,0.14099536836147308,1782742405.1257036
127500,0.14025019109249115,1782742411.0763032
127600,0.14015352725982666,1782742416.9150023
127700,0.14033815264701843,1782742422.897386
127800,0.14059337973594666,1782742428.783363
127900,0.1414519101381302,1782742434.4178135
128000,0.14260876178741455,1782742440.044761
128100,0.14315956830978394,1782742445.5943666
128200,0.14377382397651672,1782742451.4304647
128300,0.14517426490783691,1782742457.3424294
128400,0.14566045999526978,1782742462.8826528
128500,0.14568038284778595,1782742468.733903
128600,0.14648309350013733,1782742474.5653906
128700,0.1464456170797348,1782742480.6773596
128800,0.1468232423067093,1782742486.406471
128900,0.1460007280111313,1782742492.076872
129000,0.14466463029384613,1782742497.973794
129100,0.14360833168029785,1782742503.6652248
129200,0.14272210001945496,1782742509.5180292
129300,0.14155761897563934,1782742515.2003505
129400,0.14104895293712616,1782742520.9909227
129500,0.14010901749134064,1782742526.8977132
129600,0.13935181498527527,1782742532.5181034
129700,0.13823924958705902,1782742538.4747736
129800,0.13663926720619202,1782742544.0186887
129900,0.13515733182430267,1782742549.632255
130000,0.13414177298545837,1782742555.3197634
130100,0.1333836019039154,1782742561.071552
130200,0.13267338275909424,1782742566.9161873
130300,0.13168515264987946,1782742572.7621572
130400,0.13105450570583344,1782742578.437206
130500,0.1301455795764923,1782742584.406593
130600,0.12930859625339508,1782742590.0308697
130700,0.1278686821460724,1782742595.9067874
130800,0.12607865035533905,1782742601.6020758
130900,0.12543237209320068,1782742607.3489604
131000,0.1251223385334015,1782742613.0657246
131100,0.12501773238182068,1782742619.0175567
131200,0.12385489791631699,1782742624.8808064
131300,0.12263872474431992,1782742630.6152256
131400,0.12141583859920502,1782742636.2896333
131500,0.12073347717523575,1782742642.2472837
131600,0.12015126645565033,1782742647.9375255
131700,0.11924395710229874,1782742653.9017923
131800,0.11903801560401917,1782742659.4806504
131900,0.11937098950147629,1782742665.172346
132000,0.11980080604553223,1782742671.0591514
132100,0.11951944977045059,1782742676.782431
132200,0.11919333040714264,1782742682.8013136
132300,0.11904465407133102,1782742688.4617178
132400,0.11906969547271729,1782742694.5125709
132500,0.11931288987398148,1782742700.279688
132600,0.11974754184484482,1782742706.3826103
132700,0.12010209262371063,1782742712.194224
132800,0.12062883377075195,1782742718.040924
132900,0.1210787296295166,1782742723.8359537
133000,0.12128689140081406,1782742729.7547333
133100,0.12179220467805862,1782742735.3389528
133200,0.12208472192287445,1782742740.9780574
133300,0.12231887876987457,1782742746.8838937
133400,0.12312306463718414,1782742752.470343
133500,0.1247197836637497,1782742758.1357324
133600,0.12694960832595825,1782742763.9504964
133700,0.1281977742910385,1782742769.8244872
133800,0.1292233169078827,1782742775.4613986
133900,0.13045130670070648,1782742781.1427577
134000,0.13149042427539825,1782742786.7375472
134100,0.13193662464618683,1782742792.449677
134200,0.13196218013763428,1782742798.0731516
134300,0.13152839243412018,1782742804.0101824
134400,0.1311885267496109,1782742809.5678053
134500,0.1312279999256134,1782742815.2801542
134600,0.1313631385564804,1782742821.16167
134700,0.13122418522834778,1782742827.0718133
134800,0.13108478486537933,1782742832.7623262
134900,0.13104435801506042,1782742838.6534247
135000,0.13076981902122498,1782742844.5034366
135100,0.1305665522813797,1782742850.3040955
135200,0.1311640739440918,1782742856.1619687
135300,0.1322108954191208,1782742861.8620703
135400,0.13291287422180176,1782742867.6153207
135500,0.13346223533153534,1782742873.525888
135600,0.13331612944602966,1782742879.19919
135700,0.13333363831043243,1782742884.9152412
135800,0.13323046267032623,1782742890.5838687
135900,0.13277782499790192,1782742896.454541
136000,0.1325683295726776,1782742902.3342524
136100,0.1312984824180603,1782742907.997885
136200,0.13010823726654053,1782742913.6724782
136300,0.1295839548110962,1782742919.3837316
136400,0.12924504280090332,1782742925.1692066
136500,0.12930665910243988,1782742931.1743171
136600,0.12979868054389954,1782742936.8170507
136700,0.12958160042762756,1782742942.4735212
136800,0.1285954862833023,1782742948.202332
136900,0.1277809739112854,1782742954.0586445
137000,0.12739761173725128,1782742959.6733832
137100,0.12673328816890717,1782742965.6440184
137200,0.12619313597679138,1782742971.2849028
137300,0.1254020631313324,1782742977.250443
137400,0.1257983148097992,1782742983.0429401
137500,0.12631288170814514,1782742988.7217176
137600,0.12659946084022522,1782742994.4551623
137700,0.12621434032917023,1782743000.175361
137800,0.12723679840564728,1782743006.0054543
137900,0.12818090617656708,1782743011.8126507
138000,0.12905383110046387,1782743017.6280842
138100,0.12958881258964539,1782743023.4380183
138200,0.12948404252529144,1782743029.2522228
138300,0.12905584275722504,1782743034.895847
138400,0.12941552698612213,1782743040.6558657
138500,0.1292220950126648,1782743046.7385595
138600,0.12940508127212524,1782743052.3819616
138700,0.12948055565357208,1782743058.2798364
138800,0.12907448410987854,1782743064.241698
138900,0.12775565683841705,1782743069.9750314
139000,0.12706682085990906,1782743075.795574
139100,0.12625829875469208,1782743081.8721344
139200,0.12559671700000763,1782743087.5661588
139300,0.12412231415510178,1782743093.464396
139400,0.12300851941108704,1782743099.642809
139500,0.1217329204082489,1782743105.3885171
139600,0.1203659325838089,1782743111.0958545
139700,0.11915693432092667,1782743116.9984584
139800,0.11844385415315628,1782743122.6612787
139900,0.11734138429164886,1782743128.4991627
140000,0.11635033041238785,1782743134.2489223
140100,0.11582037806510925,1782743140.0706868
140200,0.11571019142866135,1782743145.8529162
140300,0.11509832739830017,1782743151.4355638
140400,0.11451759934425354,1782743157.3177447
140500,0.11408117413520813,1782743163.218155
140600,0.11352181434631348,1782743169.2070587
140700,0.11269953846931458,1782743174.958737
140800,0.11262645572423935,1782743181.0253067
140900,0.11274176090955734,1782743186.7556329
141000,0.1129552349448204,1782743192.4148114
141100,0.11307273805141449,1782743198.3277128
141200,0.11305931210517883,1782743204.1455677
141300,0.11370798945426941,1782743210.1866593
141400,0.1146216094493866,1782743216.087328
141500,0.11542854458093643,1782743221.8135047
141600,0.11532489210367203,1782743227.5029714
141700,0.11587774753570557,1782743233.4202185
141800,0.1161639615893364,1782743239.158648
141900,0.1170867383480072,1782743244.9341037
142000,0.11832727491855621,1782743250.6501462
142100,0.11950092762708664,1782743256.4903853
142200,0.12035279721021652,1782743262.1551924
142300,0.12069301307201385,1782743268.049446
142400,0.12163222581148148,1782743273.8539107
142500,0.12300429493188858,1782743280.0391116
142600,0.12361901253461838,1782743285.6925712
142700,0.12373224645853043,1782743291.5092714
142800,0.12379615753889084,1782743297.3535652
142900,0.1233968436717987,1782743303.0523453
143000,0.12392827868461609,1782743308.828945
143100,0.1251305192708969,1782743314.8574777
143200,0.12559615075588226,1782743320.529815
143300,0.12598450481891632,1782743326.5405967
143400,0.12648700177669525,1782743332.2759492
143500,0.12723255157470703,1782743338.2695856
143600,0.12880288064479828,1782743344.164901
143700,0.12990987300872803,1782743349.8171098
143800,0.13029466569423676,1782743355.4893904
143900,0.13109582662582397,1782743361.1824646
144000,0.1317390501499176,1782743367.0095873
144100,0.13181935250759125,1782743373.0525537
144200,0.1314525604248047,1782743378.9437551
144300,0.13141874969005585,1782743384.6329641
144400,0.131084606051445,1782743390.6530764
144500,0.13115644454956055,1782743396.3139343
144600,0.13116563856601715,1782743402.257813
144700,0.13166318833827972,1782743407.9291291
144800,0.13218893110752106,1782743413.5944862
144900,0.13160847127437592,1782743419.3077927
145000,0.13171809911727905,1782743425.0979512
145100,0.13188998401165009,1782743430.9995167
145200,0.133154034614563,1782743436.8896255
145300,0.1348479688167572,1782743442.5466738
145400,0.1356375515460968,1782743448.4703107
145500,0.13551580905914307,1782743454.147942
145600,0.13566431403160095,1782743459.827654
145700,0.13574346899986267,1782743465.5375624
145800,0.13613510131835938,1782743471.2725122
145900,0.13671976327896118,1782743477.3351896
146000,0.13685883581638336,1782743482.8881817
146100,0.13704219460487366,1782743488.4762802
146200,0.13665632903575897,1782743494.324213
146300,0.13570834696292877,1782743500.0909562
146400,0.13550563156604767,1782743505.8446236
146500,0.13483826816082,1782743511.7698984
146600,0.13446106016635895,1782743517.389784
146700,0.13344396650791168,1782743523.2837532
146800,0.1325797140598297,1782743529.2441783
146900,0.13237962126731873,1782743534.9900856
147000,0.13169904053211212,1782743540.8488965
147100,0.13047070801258087,1782743546.5926778
147200,0.12948766350746155,1782743552.6506355
147300,0.1291804164648056,1782743558.5833302
147400,0.1276010423898697,1782743564.4397852
147500,0.1270502209663391,1782743570.325016
147600,0.1266176402568817,1782743576.3414848
147700,0.12563155591487885,1782743582.138022
147800,0.12446977943181992,1782743588.2095363
147900,0.12336362898349762,1782743594.3973935
148000,0.122527115046978,1782743600.3079808
148100,0.12208984792232513,1782743606.2741451
148200,0.12217076867818832,1782743611.9962168
148300,0.1225385069847107,1782743617.7560394
148400,0.12308957427740097,1782743623.5241103
148500,0.12385372072458267,1782743629.6196487
148600,0.12421698868274689,1782743635.5745692
148700,0.12403261661529541,1782743641.2790444
148800,0.12406349927186966,1782743647.2541707
148900,0.12410299479961395,1782743653.2388544
149000,0.12434131652116776,1782743659.0949965
149100,0.12502512335777283,1782743665.0124586
149200,0.12551641464233398,1782743670.7823317
149300,0.12657290697097778,1782743676.5200553
149400,0.12719084322452545,1782743682.333795
149500,0.12741003930568695,1782743687.982565
149600,0.12743471562862396,1782743693.8376951
149700,0.1286705583333969,1782743699.694253
149800,0.12940627336502075,1782743705.418425
149900,0.12981049716472626,1782743711.5091639
150000,0.13024625182151794,1782743717.4679325
150100,0.13089485466480255,1782743847.1237404
150200,0.13126946985721588,1782743852.8113043
150300,0.13199014961719513,1782743858.5552478
150400,0.13195490837097168,1782743864.4147127
150500,0.1325581818819046,1782743870.1017108
150600,0.132858008146286,1782743876.0824018
150700,0.13378503918647766,1782743881.9007719
150800,0.13437388837337494,1782743887.8912501
150900,0.1351415365934372,1782743893.6215827
151000,0.1358594447374344,1782743899.368959
151100,0.13622961938381195,1782743905.3172672
151200,0.1365043967962265,1782743911.2579446
151300,0.13752663135528564,1782743916.922226
151400,0.13900335133075714,1782743922.7054107
151500,0.14019663631916046,1782743928.3577976
151600,0.14072664082050323,1782743933.9373906
151700,0.1413329541683197,1782743939.6684957
151800,0.14180003106594086,1782743945.43554
151900,0.14188721776008606,1782743951.2950635
152000,0.1413944959640503,1782743957.1937451
152100,0.14164866507053375,1782743962.8645005
152200,0.14229732751846313,1782743968.6869707
152300,0.14226438105106354,1782743974.7525852
152400,0.14224191009998322,1782743980.5806262
152500,0.143233984708786,1782743986.3781955
152600,0.14448978006839752,1782743992.0940392
152700,0.1454351395368576,1782743997.649386
152800,0.14625653624534607,1782744003.3224797
152900,0.14638158679008484,1782744009.1537085
153000,0.14566421508789062,1782744014.9323378
153100,0.14491894841194153,1782744020.8515804
153200,0.14441311359405518,1782744026.5223963
153300,0.14361472427845,1782744032.2562158
153400,0.14345499873161316,1782744037.877132
153500,0.1422295719385147,1782744043.6379602
153600,0.14152087271213531,1782744049.4789593
153700,0.14181789755821228,1782744055.3361795
153800,0.14171849191188812,1782744060.9718354
153900,0.14143504202365875,1782744066.6745474
154000,0.1413223147392273,1782744072.4259036
154100,0.14167959988117218,1782744078.296393
154200,0.14100418984889984,1782744084.082009
154300,0.1405559480190277,1782744089.9001758
154400,0.13988858461380005,1782744095.7764683
154500,0.1390388309955597,1782744101.542679
154600,0.13871289789676666,1782744107.2781138
154700,0.13803443312644958,1782744112.9055383
154800,0.13726234436035156,1782744118.7149122
154900,0.13696369528770447,1782744124.4092083
155000,0.1375044286251068,1782744130.1496954
155100,0.13833317160606384,1782744136.0775437
155200,0.13789203763008118,1782744141.914666
155300,0.13627348840236664,1782744148.0271256
155400,0.13555045425891876,1782744153.8880496
155500,0.13431568443775177,1782744159.5001664
155600,0.13325680792331696,1782744165.2715394
155700,0.13228332996368408,1782744171.3387144
155800,0.13135124742984772,1782744176.9964688
155900,0.13131417334079742,1782744182.668166
156000,0.13041691482067108,1782744188.4791582
156100,0.12933805584907532,1782744194.2262511
156200,0.12844955921173096,1782744200.2255075
156300,0.12758415937423706,1782744206.002582
156400,0.12726923823356628,1782744211.7941992
156500,0.12669791281223297,1782744217.4218943
156600,0.12727706134319305,1782744223.1361098
156700,0.12738072872161865,1782744228.935877
156800,0.12769600749015808,1782744234.777451
156900,0.12852339446544647,1782744240.4483721
157000,0.1293562799692154,1782744246.0790231
157100,0.12999477982521057,1782744252.0459704
157200,0.1306862086057663,1782744257.5747838
157300,0.13164441287517548,1782744263.2506146
157400,0.132176473736763,1782744269.1332972
157500,0.13181376457214355,1782744274.6869085
157600,0.1318700909614563,1782744280.6405506
157700,0.13191764056682587,1782744286.4693565
157800,0.13256406784057617,1782744292.0991511
157900,0.13350006937980652,1782744297.905846
158000,0.1347394436597824,1782744303.7173877
158100,0.13638077676296234,1782744309.6300023
158200,0.13730435073375702,1782744315.486005
158300,0.1382555216550827,1782744321.2362878
158400,0.1394583135843277,1782744327.0257149
158500,0.1401771456003189,1782744332.8858716
158600,0.14043137431144714,1782744338.5724542
158700,0.1409359723329544,1782744344.3310502
158800,0.14139306545257568,1782744350.069895
158900,0.1421293318271637,1782744355.7492986
159000,0.1431480348110199,1782744361.6411636
159100,0.14355279505252838,1782744367.237296
159200,0.1440734714269638,1782744373.154713
159300,0.14434963464736938,1782744379.0409412
159400,0.14396895468235016,1782744384.7323172
159500,0.14385101199150085,1782744390.4157872
159600,0.14414051175117493,1782744396.2424343
159700,0.14404329657554626,1782744401.9832623
159800,0.14393046498298645,1782744407.8429682
159900,0.14369381964206696,1782744413.5940146
160000,0.14254450798034668,1782744419.5962656
160100,0.14175227284431458,1782744425.5114498
160200,0.14226016402244568,1782744431.277098
160300,0.1425238847732544,1782744437.1619189
160400,0.1427399069070816,1782744443.0821517
160500,0.1428184062242508,1782744448.9496965
160600,0.14287273585796356,1782744454.6194766
160700,0.14325295388698578,1782744460.332511
160800,0.1435958445072174,1782744466.3097937
160900,0.14360901713371277,1782744472.304637
161000,0.14374962449073792,1782744478.236179
161100,0.14413957297801971,1782744484.0180569
161200,0.1451692134141922,1782744489.6791213
161300,0.14600840210914612,1782744495.6943412
161400,0.14600923657417297,1782744501.6531508
161500,0.146466925740242,1782744507.2844715
161600,0.14743101596832275,1782744513.1077347
161700,0.14838847517967224,1782744518.9720356
161800,0.14895674586296082,1782744524.6834233
161900,0.14988787472248077,1782744530.4328341
162000,0.14992378652095795,1782744536.0910842
162100,0.15012814104557037,1782744541.8016756
162200,0.14959897100925446,1782744547.6444054
162300,0.14849700033664703,1782744553.4447484
162400,0.14842671155929565,1782744559.4079046
162500,0.1477350890636444,1782744565.5233812
162600,0.14666655659675598,1782744571.5021675
162700,0.14574778079986572,1782744577.284097
162800,0.14518146216869354,1782744583.128362
162900,0.1451648622751236,1782744589.0216415
163000,0.14500992000102997,1782744594.7653875
163100,0.14469793438911438,1782744600.6951554
163200,0.14445021748542786,1782744606.6136904
163300,0.1436888724565506,1782744612.616519
163400,0.1437309980392456,1782744618.398525
163500,0.14371922612190247,1782744624.3354926
163600,0.1434403508901596,1782744630.0570097
163700,0.14314930140972137,1782744636.0872335
163800,0.14315944910049438,1782744641.8465211
163900,0.1432693749666214,1782744647.585865
164000,0.14321672916412354,1782744653.4842463
164100,0.14339029788970947,1782744659.2814498
164200,0.14338642358779907,1782744665.0874543
164300,0.14275437593460083,1782744671.0103757
164400,0.1422247737646103,1782744676.8520765
164500,0.14228196442127228,1782744682.6030617
164600,0.14237767457962036,1782744688.6662595
164700,0.14238007366657257,1782744694.4359884
164800,0.14192962646484375,1782744700.3605344
164900,0.1412642002105713,1782744706.1838682
165000,0.14096543192863464,1782744711.8651679
165100,0.1406899243593216,1782744717.7238884
165200,0.14065022766590118,1782744723.6532953
165300,0.14043188095092773,1782744729.6501505
165400,0.14081302285194397,1782744735.6492474
165500,0.14083395898342133,1782744741.3541875
165600,0.1410609930753708,1782744747.3136451
165700,0.14100852608680725,1782744753.247973
165800,0.14090725779533386,1782744759.5286958
165900,0.14029216766357422,1782744765.4222562
166000,0.13904817402362823,1782744771.4711607
166100,0.13788624107837677,1782744777.342914
166200,0.13696332275867462,1782744783.4222288
166300,0.13600534200668335,1782744789.3419707
166400,0.1356634795665741,1782744795.0561514
166500,0.13584546744823456,1782744801.186289
166600,0.1355309784412384,1782744807.0020905
166700,0.13535815477371216,1782744812.7030442
166800,0.1357375979423523,1782744818.6263344
166900,0.13562829792499542,1782744824.5050232
167000,0.13540548086166382,1782744830.5329738
167100,0.13509930670261383,1782744836.3000317
167200,0.13399448990821838,1782744842.2165353
167300,0.1329106092453003,1782744847.8207502
167400,0.13256719708442688,1782744853.7426782
167500,0.1331833302974701,1782744859.519375
167600,0.13409042358398438,1782744865.41842
167700,0.13538695871829987,1782744871.32392
167800,0.13578595221042633,1782744877.2639344
167900,0.1360589563846588,1782744883.2916915
168000,0.13632917404174805,1782744889.1710458
168100,0.13633766770362854,1782744894.9529717
168200,0.13592970371246338,1782744900.6775138
168300,0.13624365627765656,1782744906.6887686
168400,0.13662207126617432,1782744912.4176335
168500,0.13732564449310303,1782744918.3856452
168600,0.1375676691532135,1782744924.1049945
168700,0.13837343454360962,1782744929.9691753
168800,0.13928402960300446,1782744935.8096302
168900,0.14007262885570526,1782744941.475855
169000,0.14111463725566864,1782744947.312729
169100,0.14165030419826508,1782744953.0513303
169200,0.14195726811885834,1782744959.1011672
169300,0.14312200248241425,1782744964.852397
169400,0.14324599504470825,1782744970.917272
169500,0.1427469700574875,1782744976.6809242
169600,0.14180490374565125,1782744982.6138525
169700,0.14161735773086548,1782744988.44018
169800,0.14168968796730042,1782744994.3079486
169900,0.14139486849308014,1782745000.1214266
170000,0.14175449311733246,1782745005.8963814
170100,0.14221300184726715,1782745011.9332387
170200,0.14326253533363342,1782745017.7480154
170300,0.14395815134048462,1782745023.6693635
170400,0.14455628395080566,1782745029.4706926
170500,0.14538003504276276,1782745035.0955641
170600,0.1460653692483902,1782745041.0304594
170700,0.14674320816993713,1782745046.7419639
170800,0.147324338555336,1782745052.541366
170900,0.14792729914188385,1782745058.251697
171000,0.14837807416915894,1782745064.304047
171100,0.14954037964344025,1782745070.08926
171200,0.14969541132450104,1782745076.1318314
171300,0.14981447160243988,1782745081.984836
171400,0.14962831139564514,1782745087.6332347
171500,0.14938506484031677,1782745093.5055218
171600,0.14937877655029297,1782745099.2676532
171700,0.14891701936721802,1782745105.0964088
171800,0.1488630324602127,1782745110.9762526
171900,0.14863330125808716,1782745116.7492046
172000,0.1482306569814682,1782745122.5823696
172100,0.14734996855258942,1782745128.44098
172200,0.1466808021068573,1782745134.368793
172300,0.14682665467262268,1782745140.0926368
172400,0.1457051783800125,1782745145.9869072
172500,0.1455231010913849,1782745151.867171
172600,0.14573796093463898,1782745157.6816986
172700,0.1447957307100296,1782745163.606488
172800,0.1438259780406952,1782745169.3490117
172900,0.14334112405776978,1782745175.170419
173000,0.14271415770053864,1782745181.1479492
173100,0.14214526116847992,1782745186.9110618
173200,0.14134778082370758,1782745192.7972596
173300,0.14066311717033386,1782745198.536611
173400,0.1395084261894226,1782745204.2977476
173500,0.13932573795318604,1782745210.0152779
173600,0.13881629705429077,1782745215.8802876
173700,0.13851606845855713,1782745221.508118
173800,0.13846218585968018,1782745227.3189638
173900,0.13838694989681244,1782745233.2061605
174000,0.13882143795490265,1782745238.867758
174100,0.13924504816532135,1782745244.5404232
174200,0.1398504376411438,1782745250.4143114
174300,0.13930721580982208,1782745256.1771898
174400,0.1384025365114212,1782745262.1224828
174500,0.1372969001531601,1782745267.7428768
174600,0.13653208315372467,1782745273.7496724
174700,0.13620658218860626,1782745279.6235776
174800,0.13629381358623505,1782745285.505429
174900,0.13689522445201874,1782745291.3222888
175000,0.13775122165679932,1782745297.1374807
175100,0.13891977071762085,1782745430.744119
175200,0.13989070057868958,1782745436.4518652
175300,0.140415221452713,1782745442.1299753
175400,0.14037296175956726,1782745447.904226
175500,0.14005498588085175,1782745453.5528903
175600,0.13996009528636932,1782745459.2528389
175700,0.14000892639160156,1782745465.0155644
175800,0.14050130546092987,1782745470.751617
175900,0.14111775159835815,1782745476.7998137
176000,0.14107510447502136,1782745482.5692732
176100,0.14110496640205383,1782745488.4176097
176200,0.1407558172941208,1782745494.0887334
176300,0.14094242453575134,1782745499.9685795
176400,0.1404809057712555,1782745505.6894045
176500,0.13980065286159515,1782745511.6543143
176600,0.13980042934417725,1782745517.486563
176700,0.13994471728801727,1782745523.2040734
176800,0.1393728405237198,1782745529.1019468
176900,0.138554647564888,1782745534.8570523
177000,0.13802330195903778,1782745540.6542354
177100,0.13790705800056458,1782745546.5291748
177200,0.13731105625629425,1782745552.3540008
177300,0.13701732456684113,1782745558.0327194
177400,0.1370287537574768,1782745563.8431842
177500,0.13704445958137512,1782745569.434937
177600,0.13716070353984833,1782745575.3074555
177700,0.13700740039348602,1782745580.9403434
177800,0.13768351078033447,1782745586.7816415
177900,0.13785509765148163,1782745592.6401756
178000,0.13746249675750732,1782745598.277203
178100,0.13692408800125122,1782745604.0071871
178200,0.13760952651500702,1782745609.9325032
178300,0.13727769255638123,1782745615.9393113
178400,0.13748525083065033,1782745621.7179675
178500,0.13756729662418365,1782745627.534459
178600,0.138133704662323,1782745633.4561772
178700,0.1380845159292221,1782745639.207042
178800,0.13828666508197784,1782745644.9330113
178900,0.13819630444049835,1782745650.6840224
179000,0.13803502917289734,1782745656.1993835
179100,0.1388392448425293,1782745661.8897884
179200,0.13900335133075714,1782745667.6588273
179300,0.13917891681194305,1782745673.3890436
179400,0.13956016302108765,1782745679.201951
179500,0.1407015025615692,1782745685.078222
179600,0.14140765368938446,1782745690.8083348
179700,0.14175041019916534,1782745696.6904812
179800,0.14169608056545258,1782745702.3515823
179900,0.14170357584953308,1782745708.0139904
180000,0.14209461212158203,1782745713.7592146
180100,0.1420886218547821,1782745719.442597
180200,0.14224974811077118,1782745725.2757223
180300,0.14291010797023773,1782745731.0683625
180400,0.14211952686309814,1782745736.659854
180500,0.1418214589357376,1782745742.2939017
180600,0.14111259579658508,1782745748.0419118
180700,0.14001227915287018,1782745753.6651523
180800,0.13983020186424255,1782745759.30126
180900,0.13903066515922546,1782745765.1617992
181000,0.13864010572433472,1782745771.1883254
181100,0.1371486932039261,1782745776.8270922
181200,0.13536418974399567,1782745782.7172322
181300,0.13438965380191803,1782745788.3742309
181400,0.13377998769283295,1782745794.0985198
181500,0.13326404988765717,1782745800.0984664
181600,0.13319449126720428,1782745805.7857242
181700,0.13352632522583008,1782745811.7403867
181800,0.13363954424858093,1782745817.5675697
181900,0.13400371372699738,1782745823.3859959
182000,0.1348831206560135,1782745829.3339653
182100,0.13480938971042633,1782745835.0728638
182200,0.1344701647758484,1782745840.7924078
182300,0.1346096247434616,1782745846.7412255
182400,0.13445936143398285,1782745852.6192772
182500,0.13417716324329376,1782745858.2340808
182600,0.13408944010734558,1782745863.9498055
182700,0.13364502787590027,1782745869.5505033
182800,0.13372768461704254,1782745875.3552523
182900,0.1337997317314148,1782745881.143612
183000,0.1342986524105072,1782745886.8903978
183100,0.13463515043258667,1782745892.6127055
183200,0.13528576493263245,1782745898.3533664
183300,0.1354188174009323,1782745904.2189283
183400,0.13596132397651672,1782745910.0660906
183500,0.1363610476255417,1782745915.6444442
183600,0.13695959746837616,1782745921.3204558
183700,0.13711199164390564,1782745926.9667087
183800,0.13705478608608246,1782745932.6270566
183900,0.13702858984470367,1782745938.606215
184000,0.13736487925052643,1782745944.5385158
184100,0.13738682866096497,1782745950.185052
184200,0.13853819668293,1782745956.0827947
184300,0.13861216604709625,1782745961.842233
184400,0.13876530528068542,1782745967.5390623
184500,0.13871344923973083,1782745973.23662
184600,0.13923950493335724,1782745978.892996
184700,0.13909126818180084,1782745984.76815
184800,0.13941806554794312,1782745990.6807475
184900,0.1396934986114502,1782745996.4050405
185000,0.14034631848335266,1782746002.4610918
185100,0.14109432697296143,1782746008.4082665
185200,0.14149366319179535,1782746014.2848501
185300,0.14196936786174774,1782746019.9550152
185400,0.1419326364994049,1782746025.8719618
185500,0.14204217493534088,1782746031.681621
185600,0.14219751954078674,1782746037.3084486
185700,0.14247696101665497,1782746043.3717394
185800,0.14275753498077393,1782746049.325391
185900,0.1432129293680191,1782746055.238904
186000,0.143387570977211,1782746060.9001153
186100,0.1428634077310562,1782746066.7537239
186200,0.1426575928926468,1782746072.5553236
186300,0.14199930429458618,1782746078.4370914
186400,0.14143694937229156,1782746084.4191127
186500,0.14099301397800446,1782746090.2208338
186600,0.14124612510204315,1782746096.23819
186700,0.1414177566766739,1782746102.0219643
186800,0.1417628675699234,1782746107.6481717
186900,0.14237995445728302,1782746113.5525205
187000,0.14357967674732208,1782746119.4950378
187100,0.14527149498462677,1782746125.5541725
187200,0.14644017815589905,1782746131.243874
187300,0.1474153995513916,1782746137.2177463
187400,0.14810341596603394,1782746143.095569
187500,0.1491442769765854,1782746148.8961012
187600,0.14933191239833832,1782746154.585929
187700,0.1496938019990921,1782746160.4662957
187800,0.14965499937534332,1782746166.323005
187900,0.15009167790412903,1782746172.250239
188000,0.1505517065525055,1782746178.0845423
188100,0.1508244425058365,1782746183.902212
188200,0.15057022869586945,1782746189.7830353
188300,0.15061378479003906,1782746195.7978292
188400,0.150236114859581,1782746201.703476
188500,0.15011662244796753,1782746207.6751614
188600,0.14958558976650238,1782746213.3505118
188700,0.14946213364601135,1782746219.2468655
188800,0.148942768573761,1782746224.9035492
188900,0.14873795211315155,1782746230.802418
189000,0.14938504993915558,1782746236.6469848
189100,0.14990481734275818,1782746242.3293285
189200,0.15042248368263245,1782746248.2067204
189300,0.15054908394813538,1782746254.0275424
189400,0.1502191126346588,1782746259.8159463
189500,0.14982259273529053,1782746265.4960566
189600,0.14949622750282288,1782746271.5072324
189700,0.14904972910881042,1782746277.3623388
189800,0.14891967177391052,1782746283.0968435
189900,0.14865607023239136,1782746288.9142282
190000,0.14823377132415771,1782746294.7956421
190100,0.14751243591308594,1782746300.5309694
190200,0.14727361500263214,1782746306.5210576
190300,0.14720438420772552,1782746312.2890704
190400,0.14684778451919556,1782746317.975231
190500,0.14702178537845612,1782746323.8163407
190600,0.14746512472629547,1782746329.963449
190700,0.148344486951828,1782746335.971328
190800,0.1483689248561859,1782746341.7436943
190900,0.14825056493282318,1782746347.439799
191000,0.14785972237586975,1782746353.099592
191100,0.14734219014644623,1782746358.9382231
191200,0.14707006514072418,1782746364.6684535
191300,0.14722566306591034,1782746370.6407683
191400,0.14735017716884613,1782746376.4313576
191500,0.14791272580623627,1782746382.2028222
191600,0.1488766372203827,1782746388.0655296
191700,0.14978651702404022,1782746393.7056973
191800,0.1509258896112442,1782746399.36047
191900,0.15091682970523834,1782746405.1275904
192000,0.1505815088748932,1782746410.7771153
192100,0.15027855336666107,1782746416.6405766
192200,0.1492537409067154,1782746422.435569
192300,0.14924262464046478,1782746428.5185196
192400,0.1495710015296936,1782746434.4410307
192500,0.14959366619586945,1782746440.3263605
192600,0.1496121734380722,1782746446.2345922
192700,0.14937180280685425,1782746452.1519501
192800,0.14890156686306,1782746458.0044658
192900,0.1477149873971939,1782746463.998954
193000,0.14695513248443604,1782746469.9628236
193100,0.1458095908164978,1782746475.6367826
193200,0.14479175209999084,1782746481.5706346
193300,0.14327020943164825,1782746487.595593
193400,0.14169131219387054,1782746493.2813556
193500,0.1412067413330078,1782746499.3183732
193600,0.13973799347877502,1782746505.0201602
193700,0.13839057087898254,1782746510.7653239
193800,0.13744980096817017,1782746516.5825326
193900,0.13686531782150269,1782746522.4172914
194000,0.13632389903068542,1782746528.4336083
194100,0.13554389774799347,1782746534.3843353
194200,0.1354939490556717,1782746540.1657856
194300,0.13496218621730804,1782746545.8388803
194400,0.13441544771194458,1782746551.4237618
194500,0.13339799642562866,1782746557.259448
194600,0.13183292746543884,1782746562.937014
194700,0.13066579401493073,1782746568.6544838
194800,0.12959207594394684,1782746574.384245
194900,0.12813414633274078,1782746580.1295142
195000,0.1270354688167572,1782746586.1155996
195100,0.12647049129009247,1782746591.9273803
195200,0.12636061012744904,1782746597.9901998
195300,0.12674804031848907,1782746603.750034
195400,0.12661625444889069,1782746609.521733
195500,0.1270577609539032,1782746615.5566368
195600,0.12779952585697174,1782746621.2550194
195700,0.12869462370872498,1782746627.2943432
195800,0.1292213499546051,1782746633.223509
195900,0.1294156163930893,1782746638.9753134
196000,0.12963555753231049,1782746644.8587554
196100,0.12918709218502045,1782746650.844196
196200,0.12927809357643127,1782746656.6815772
196300,0.12971161305904388,1782746662.5555363
196400,0.12973392009735107,1782746668.251352
196500,0.12954117357730865,1782746673.8765938
196600,0.12953509390354156,1782746679.987112
196700,0.12926307320594788,1782746686.049932
196800,0.1298249214887619,1782746691.8699784
196900,0.1302291452884674,1782746697.7103527
197000,0.13089488446712494,1782746703.631962
197100,0.13114212453365326,1782746709.385073
197200,0.13132213056087494,1782746715.1310663
197300,0.13203471899032593,1782746720.9491653
197400,0.13239805400371552,1782746726.769343
197500,0.1316765993833542,1782746732.5625424
197600,0.13077899813652039,1782746738.2971337
197700,0.13080622255802155,1782746744.1920705
197800,0.1312224119901657,1782746750.0523763
197900,0.13165000081062317,1782746755.750786
198000,0.13282498717308044,1782746761.5719013
198100,0.13270601630210876,1782746767.276185
198200,0.13223226368427277,1782746773.0547671
198300,0.132462278008461,1782746778.8745785
198400,0.13266603648662567,1782746784.537502
198500,0.13319991528987885,1782746790.415716
198600,0.13300728797912598,1782746796.2281878
198700,0.13363175094127655,1782746801.9375954
198800,0.13440242409706116,1782746807.595891
198900,0.13547784090042114,1782746813.4089413
199000,0.13676220178604126,1782746819.1351304
199100,0.13745476305484772,1782746824.8908362
199200,0.13820689916610718,1782746830.6486542
199300,0.13933110237121582,1782746836.4387605
199400,0.14030654728412628,1782746842.2977998
199500,0.14168070256710052,1782746848.0407343
199600,0.14311480522155762,1782746854.0609097
199700,0.14387129247188568,1782746859.7285285
199800,0.1441037356853485,1782746865.3894353
199900,0.14465218782424927,1782746871.0772886
200000,0.1447073370218277,1782746876.8673232
200100,0.13909974694252014,1782747043.527401
200200,0.13550299406051636,1782747049.2649946
200300,0.1329183429479599,1782747054.967599
200400,0.13076543807983398,1782747060.7530193
200500,0.12904229760169983,1782747066.3842807
200600,0.12729761004447937,1782747072.1876087
200700,0.1257753223180771,1782747077.790971
200800,0.1241944283246994,1782747083.5581155
200900,0.12277314811944962,1782747089.2664793
201000,0.1214766800403595,1782747094.9353395
201100,0.12015633285045624,1782747100.4751945
201200,0.11891712248325348,1782747106.139986
201300,0.1178198903799057,1782747111.9410524
201400,0.1168200820684433,1782747117.7298815
201500,0.11578495800495148,1782747123.694973
201600,0.11474879086017609,1782747129.6887991
201700,0.1136358454823494,1782747135.431138
201800,0.11261934787034988,1782747141.0739212
201900,0.11173702031373978,1782747146.8447661
202000,0.11086397618055344,1782747152.5551965
202100,0.10997425019741058,1782747158.3010762
202200,0.10914995521306992,1782747164.1824126
202300,0.10832931846380234,1782747170.0211678
202400,0.10758335888385773,1782747175.6842766
202500,0.10688752681016922,1782747181.5618322
202600,0.10621453076601028,1782747187.3568282
202700,0.10550057142972946,1782747193.1762547
202800,0.10485003143548965,1782747198.8669014
202900,0.10418936610221863,1782747204.6948302
203000,0.10360833257436752,1782747210.5269578
203100,0.10310472548007965,1782747216.3039396
203200,0.1027320921421051,1782747222.2358072
203300,0.10229320079088211,1782747227.9406197
203400,0.10175792127847672,1782747233.843859
203500,0.10163256525993347,1782747239.5696263
203600,0.10147177428007126,1782747245.360511
203700,0.10131960362195969,1782747251.1573002
203800,0.10125217586755753,1782747256.8753269
203900,0.10136052966117859,1782747263.1926804
204000,0.1014898270368576,1782747269.020052
204100,0.1014312133193016,1782747274.832963
204200,0.10127873718738556,1782747280.5537446
204300,0.10126551985740662,1782747286.2925622
204400,0.10118976980447769,1782747292.1249948
204500,0.10114249587059021,1782747297.972575
204600,0.10122167319059372,1782747303.7709386
204700,0.10128926485776901,1782747309.768092
204800,0.10171231627464294,1782747315.417457
204900,0.10182681679725647,1782747321.092838
205000,0.10225161164999008,1782747326.6777396
205100,0.10296980291604996,1782747332.3909914
205200,0.10339231789112091,1782747338.0030506
205300,0.10393583029508591,1782747343.8427746
205400,0.10433635860681534,1782747349.5477679
205500,0.10500385612249374,1782747355.404712
205600,0.10581502318382263,1782747360.9945717
205700,0.10655331611633301,1782747366.7201183
205800,0.10757265985012054,1782747372.485506
205900,0.10857325047254562,1782747378.2552662
206000,0.10942104458808899,1782747383.9729428
206100,0.11017169803380966,1782747389.884917
206200,0.11063684523105621,1782747395.897909
206300,0.11107010394334793,1782747401.7837827
206400,0.11179710924625397,1782747407.4339268
206500,0.11236326396465302,1782747413.3535247
206600,0.11322833597660065,1782747419.0002036
206700,0.11406157165765762,1782747424.75041
206800,0.11469006538391113,1782747430.3841758
206900,0.11538709700107574,1782747436.1972318
207000,0.1161634624004364,1782747442.0245576
207100,0.11683512479066849,1782747447.8371284
207200,0.1179923266172409,1782747453.672083
207300,0.11852506548166275,1782747459.4718237
207400,0.1194257065653801,1782747465.453216
207500,0.12054123729467392,1782747471.1371546
207600,0.1209062784910202,1782747476.753008
207700,0.12089706212282181,1782747482.3781154
207800,0.1207350566983223,1782747487.9966075
207900,0.12067169696092606,1782747493.69304
208000,0.12130828946828842,1782747499.532559
208100,0.12136849761009216,1782747505.166544
208200,0.12077364325523376,1782747510.9914296
208300,0.12085262686014175,1782747516.8573754
208400,0.120857372879982,1782747522.4323466
208500,0.12108941376209259,1782747528.2801015
208600,0.12132232636213303,1782747533.8199134
208700,0.121971994638443,1782747539.6408145
208800,0.12224530428647995,1782747545.259293
208900,0.12233079224824905,1782747550.9528804
209000,0.12248943746089935,1782747556.776695
209100,0.12299822270870209,1782747562.5751271
209200,0.12293682992458344,1782747568.4046056
209300,0.12218521535396576,1782747574.2795157
209400,0.12121303379535675,1782747579.9189944
209500,0.12128157168626785,1782747585.7529519
209600,0.12128651887178421,1782747591.550673
209700,0.12102937698364258,1782747597.1975386
209800,0.1211579367518425,1782747603.2168608
209900,0.12092456221580505,1782747608.910724
210000,0.12051422148942947,1782747614.7584014
210100,0.12020522356033325,1782747620.5095882
210200,0.120789535343647,1782747626.3773212
210300,0.12076900154352188,1782747632.2205238
210400,0.12072139233350754,1782747638.0254703
210500,0.1213182732462883,1782747643.7525785
210600,0.12136004120111465,1782747649.5653348
210700,0.12166708707809448,1782747655.6100428
210800,0.12245027720928192,1782747661.4914296
210900,0.12301681190729141,1782747667.5584023
211000,0.12391923367977142,1782747673.270716
211100,0.12404477596282959,1782747679.0199573
211200,0.12431327998638153,1782747684.8714917
211300,0.12474600970745087,1782747690.8176355
211400,0.12436144798994064,1782747696.6508257
211500,0.12394583225250244,1782747702.5911324
211600,0.12346635013818741,1782747708.292542
211700,0.12342849373817444,1782747714.1345034
211800,0.12372425198554993,1782747719.7682261
211900,0.12357870489358902,1782747725.6608002
212000,0.1233220174908638,1782747731.39731
212100,0.1230921596288681,1782747737.4687836
212200,0.12250835448503494,1782747743.1506016
212300,0.12236159294843674,1782747748.861238
212400,0.12192674726247787,1782747754.528282
212500,0.12212879955768585,1782747760.5034692
212600,0.12313148379325867,1782747766.2033222
212700,0.12464030086994171,1782747771.9561112
212800,0.12543874979019165,1782747777.7413464
212900,0.1262103170156479,1782747783.6944675
213000,0.1263105273246765,1782747789.5064116
213100,0.12678058445453644,1782747795.385934
213200,0.1279670149087906,1782747801.2997942
213300,0.12859782576560974,1782747807.415576
213400,0.1291811168193817,1782747813.2517
213500,0.12963439524173737,1782747819.22252
213600,0.13068804144859314,1782747824.9763474
213700,0.1323949545621872,1782747830.9032693
213800,0.13391007483005524,1782747837.0288367
213900,0.13473449647426605,1782747842.7653358
214000,0.13572104275226593,1782747848.5101244
214100,0.13668909668922424,1782747854.5625672
214200,0.13732904195785522,1782747860.375899
214300,0.13776206970214844,1782747866.270831
214400,0.1390042006969452,1782747872.1205406
214500,0.14017529785633087,1782747878.1347868
214600,0.14079010486602783,1782747884.096105
214700,0.14152351021766663,1782747890.3986323
214800,0.14205873012542725,1782747896.1820629
214900,0.14202482998371124,1782747902.1173472
215000,0.14147689938545227,1782747907.825112
215100,0.1408664733171463,1782747913.8195052
215200,0.140744149684906,1782747919.7727818
215300,0.1403677761554718,1782747925.4972923
215400,0.1389225274324417,1782747931.2771091
215500,0.1387631893157959,1782747937.0377984
215600,0.13853371143341064,1782747942.9263468
215700,0.13765312731266022,1782747948.865114
215800,0.13754530251026154,1782747954.504057
215900,0.13747066259384155,1782747960.3397517
216000,0.1374908983707428,1782747966.1717954
216100,0.1377195119857788,1782747972.3020043
216200,0.13740120828151703,1782747978.2748585
216300,0.1373242288827896,1782747983.9980679
216400,0.13731254637241364,1782747989.8923419
216500,0.1362559199333191,1782747995.6717272
216600,0.13482777774333954,1782748001.6885726
216700,0.13469426333904266,1782748007.6580265
216800,0.13522584736347198,1782748013.5158913
216900,0.1370607316493988,1782748019.2545416
217000,0.13718768954277039,1782748024.870082
217100,0.1372966170310974,1782748030.4924486
217200,0.13744176924228668,1782748036.4818678
217300,0.13715577125549316,1782748042.3033297
217400,0.13756044209003448,1782748048.084926
217500,0.13755029439926147,1782748053.8383145
217600,0.13726681470870972,1782748059.6015897
217700,0.13684771955013275,1782748065.0872426
217800,0.13631519675254822,1782748070.9771376
217900,0.135777547955513,1782748076.9234738
218000,0.13539829850196838,1782748082.902716
218100,0.135147362947464,1782748089.2100823
218200,0.13585300743579865,1782748094.9899938
218300,0.13581426441669464,1782748101.1707053
218400,0.13586512207984924,1782748107.128615
218500,0.1364925354719162,1782748113.1844904
218600,0.13697952032089233,1782748119.1717904
218700,0.13679811358451843,1782748125.3795915
218800,0.1368923932313919,1782748131.3876815
218900,0.13732536137104034,1782748137.5326002
219000,0.1380556970834732,1782748143.8335903
219100,0.13933078944683075,1782748149.8175282
219200,0.1400194615125656,1782748155.8029256
219300,0.14104309678077698,1782748161.796301
219400,0.14094670116901398,1782748167.9655795
219500,0.14056216180324554,1782748174.0909746
219600,0.14062637090682983,1782748180.2650213
219700,0.14076773822307587,1782748186.3192582
219800,0.14179348945617676,1782748192.5220454
219900,0.14289093017578125,1782748198.5774891
220000,0.1439610868692398,1782748204.7049682
220100,0.14466258883476257,1782748210.8440993
220200,0.14414942264556885,1782748216.9483168
220300,0.14356884360313416,1782748223.0266914
220400,0.14388041198253632,1782748229.0866985
220500,0.14414705336093903,1782748235.0385056
220600,0.14489321410655975,1782748241.149201
220700,0.1453757882118225,1782748247.2055645
220800,0.14716926217079163,1782748253.331721
220900,0.1485724002122879,1782748259.445486
221000,0.14920151233673096,1782748265.5266805
221100,0.14926879107952118,1782748271.5959823
221200,0.15012764930725098,1782748277.45674
221300,0.15043610334396362,1782748283.374954
221400,0.150340735912323,1782748289.6222172
221500,0.14922618865966797,1782748295.8570683
221600,0.1480596363544464,1782748302.0114865
221700,0.14821889996528625,1782748308.1338618
221800,0.14834456145763397,1782748314.1979213
221900,0.1480811983346939,1782748320.1273353
222000,0.1466866433620453,1782748326.2102153
222100,0.14673501253128052,1782748332.2100563
222200,0.14562998712062836,1782748338.0798657
222300,0.14390583336353302,1782748344.159678
222400,0.14291566610336304,1782748350.1018543
222500,0.1422567218542099,1782748356.2709806
222600,0.14229348301887512,1782748362.317809
222700,0.14220789074897766,1782748368.2743194
222800,0.14205536246299744,1782748374.2107909
222900,0.14183209836483002,1782748380.463447
223000,0.1410609930753708,1782748386.3302
223100,0.14083120226860046,1782748392.5013082
223200,0.14087273180484772,1782748398.6873999
223300,0.1408335417509079,1782748404.6448328
223400,0.14114493131637573,1782748410.6657524
223500,0.14108212292194366,1782748417.0097346
223600,0.1405409574508667,1782748422.9635775
223700,0.1407521665096283,1782748429.281766
223800,0.14072471857070923,1782748435.1617477
223900,0.14106233417987823,1782748441.2022088
224000,0.14124098420143127,1782748447.0781887
224100,0.14122171700000763,1782748453.0695782
224200,0.14191855490207672,1782748459.0997913
224300,0.14336296916007996,1782748465.0229063
224400,0.1442827731370926,1782748471.061462
224500,0.14503103494644165,1782748477.0527842
224600,0.1466149091720581,1782748483.1319916
224700,0.14772158861160278,1782748489.180394
224800,0.14837953448295593,1782748495.170854
224900,0.14977706968784332,1782748501.0423877
225000,0.14998400211334229,1782748507.0573528
225100,0.14976216852664948,1782748627.8989244
225200,0.15040305256843567,1782748633.930881
225300,0.15139153599739075,1782748640.2562706
225400,0.15235845744609833,1782748646.158141
225500,0.15236547589302063,1782748652.393778
225600,0.15224042534828186,1782748658.3898654
225700,0.15173035860061646,1782748664.16169
225800,0.1518692970275879,1782748670.0831053
225900,0.15250031650066376,1782748676.1908472
226000,0.1528306007385254,1782748682.1841526
226100,0.1534179300069809,1782748688.166694
226200,0.15350157022476196,1782748694.2369301
226300,0.153620645403862,1782748700.5034032
226400,0.15379080176353455,1782748706.4217794
226500,0.15388323366641998,1782748712.5079174
226600,0.15403035283088684,1782748718.5248926
226700,0.15266665816307068,1782748724.500256
226800,0.1510641723871231,1782748730.3842497
226900,0.15059003233909607,1782748736.645583
227000,0.15046687424182892,1782748742.5527189
227100,0.14946682751178741,1782748748.544075
227200,0.14807485044002533,1782748754.6717944
227300,0.1472952663898468,1782748760.737318
227400,0.14666995406150818,1782748766.810865
227500,0.14677424728870392,1782748772.7189057
227600,0.1464775800704956,1782748779.0446837
227700,0.14736782014369965,1782748785.0194561
227800,0.14804291725158691,1782748791.0272071
227900,0.14839613437652588,1782748796.973322
228000,0.14897039532661438,1782748803.0009856
228100,0.149845689535141,1782748809.1582563
228200,0.15026383101940155,1782748815.1911914
228300,0.15043926239013672,1782748821.0765586
228400,0.1510251760482788,1782748827.1549397
228500,0.15144968032836914,1782748833.2110147
228600,0.15107885003089905,1782748839.257239
228700,0.15029196441173553,1782748845.2109597
228800,0.15028077363967896,1782748851.3981504
228900,0.15052668750286102,1782748857.5379791
229000,0.15042118728160858,1782748863.7164648
229100,0.15036620199680328,1782748869.7250135
229200,0.15106934309005737,1782748875.829548
229300,0.15234316885471344,1782748881.7618842
229400,0.15293128788471222,1782748887.8018246
229500,0.1535327434539795,1782748894.033585
229600,0.1544853299856186,1782748900.1569717
229700,0.15611566603183746,1782748906.1869202
229800,0.15784184634685516,1782748912.2459538
229900,0.1594335436820984,1782748918.404701
230000,0.16100357472896576,1782748924.5428143
230100,0.16219903528690338,1782748930.5027018
230200,0.16277651488780975,1782748936.7008514
230300,0.16208092868328094,1782748942.7082095
230400,0.16176241636276245,1782748948.6251295
230500,0.16172941029071808,1782748954.8077857
230600,0.16167080402374268,1782748960.572438
230700,0.16252046823501587,1782748966.4239101
230800,0.1624937355518341,1782748972.5081542
230900,0.16280391812324524,1782748978.4765925
231000,0.16283762454986572,1782748984.4122689
231100,0.16326770186424255,1782748990.704829
231200,0.16401001811027527,1782748996.6216984
231300,0.16428375244140625,1782749002.6708407
231400,0.1636608988046646,1782749008.7423065
231500,0.16340188682079315,1782749014.8211544
231600,0.16360719501972198,1782749021.0184767
231700,0.16260312497615814,1782749026.924547
231800,0.16151142120361328,1782749033.186608
231900,0.16060277819633484,1782749039.2164407
232000,0.16042162477970123,1782749045.1547394
232100,0.15942680835723877,1782749051.1833777
232200,0.15923607349395752,1782749057.4250324
232300,0.15911126136779785,1782749063.4184244
232400,0.15888333320617676,1782749069.3405435
232500,0.1588505357503891,1782749075.3877044
232600,0.15864412486553192,1782749081.3448672
232700,0.15766867995262146,1782749087.5502274
232800,0.15649880468845367,1782749093.5638027
232900,0.15695053339004517,1782749099.700491
233000,0.1567555069923401,1782749105.4856992
233100,0.15683043003082275,1782749111.7018416
233200,0.1567360758781433,1782749117.4854648
233300,0.15572132170200348,1782749123.386653
233400,0.15574795007705688,1782749129.2581818
233500,0.15551497042179108,1782749135.1963682
233600,0.15486107766628265,1782749141.1798384
233700,0.15488415956497192,1782749147.1959748
233800,0.1548953503370285,1782749153.4679909
233900,0.15503835678100586,1782749159.618883
234000,0.15528972446918488,1782749165.7507174
234100,0.15521076321601868,1782749171.7616825
234200,0.15540048480033875,1782749177.6241837
234300,0.15548208355903625,1782749183.8038535
234400,0.15581820905208588,1782749189.9162521
234500,0.15622493624687195,1782749195.9041054
234600,0.15651670098304749,1782749201.8694265
234700,0.1564028263092041,1782749207.694056
234800,0.15544496476650238,1782749213.6786842
234900,0.15458981692790985,1782749219.6335456
235000,0.15394847095012665,1782749225.6611009
235100,0.15306542813777924,1782749231.4384937
235200,0.15171264111995697,1782749237.3904762
235300,0.15126027166843414,1782749243.684208
235400,0.15171317756175995,1782749249.626812
235500,0.1521003395318985,1782749255.5831466
235600,0.1526661217212677,1782749261.643297
235700,0.1528850495815277,1782749267.7917168
235800,0.1532607227563858,1782749273.7726538
235900,0.1529846340417862,1782749279.9365568
236000,0.1533537656068802,1782749285.9704242
236100,0.15347318351268768,1782749291.8031156
236200,0.15298117697238922,1782749297.7622802
236300,0.15219643712043762,1782749303.6998827
236400,0.15224666893482208,1782749309.7869744
236500,0.15144023299217224,1782749315.6863394
236600,0.15110886096954346,1782749321.6516118
236700,0.15104332566261292,1782749327.605737
236800,0.15120410919189453,1782749333.6156487
236900,0.15129128098487854,1782749339.8368964
237000,0.15046267211437225,1782749345.8862178
237100,0.15005967020988464,1782749352.1912875
237200,0.15000703930854797,1782749358.331787
237300,0.15045249462127686,1782749364.183488
237400,0.1507856249809265,1782749370.3017447
237500,0.1516508013010025,1782749376.523014
237600,0.15284763276576996,1782749382.4800549
237700,0.15377694368362427,1782749388.551157
237800,0.15404413640499115,1782749394.5415063
237900,0.15372097492218018,1782749400.6411474
238000,0.15387514233589172,1782749406.4407537
238100,0.15351806581020355,1782749412.8347893
238200,0.15370938181877136,1782749418.87188
238300,0.15327739715576172,1782749424.9503183
238400,0.15282860398292542,1782749430.940333
238500,0.15314459800720215,1782749436.9321125
238600,0.15329980850219727,1782749442.996387
238700,0.15341466665267944,1782749448.811252
238800,0.15329761803150177,1782749454.906916
238900,0.1533515453338623,1782749460.9251447
239000,0.15287259221076965,1782749466.7982574
239100,0.15322470664978027,1782749472.8195758
239200,0.15318822860717773,1782749478.7984834
239300,0.15297235548496246,1782749484.8066533
239400,0.15369488298892975,1782749490.8356287
239500,0.154330775141716,1782749497.081465
239600,0.15456624329090118,1782749503.2703915
239700,0.15467777848243713,1782749509.383724
239800,0.15465499460697174,1782749515.5039146
239900,0.15426215529441833,1782749521.6348646
240000,0.15375001728534698,1782749527.6266403
240100,0.1534188836812973,1782749533.514101
240200,0.15270915627479553,1782749539.7697577
240300,0.15199895203113556,1782749546.0398455
240400,0.1518271118402481,1782749552.060375
240500,0.1520078331232071,1782749557.9492383
240600,0.15163785219192505,1782749563.9255567
240700,0.15175622701644897,1782749569.827388
240800,0.15053293108940125,1782749575.7253504
240900,0.150025874376297,1782749581.5894797
241000,0.14972376823425293,1782749587.712842
241100,0.14916741847991943,1782749593.7709346
241200,0.14894448220729828,1782749599.5492754
241300,0.148748978972435,1782749605.5370786
241400,0.1485731601715088,1782749611.5199034
241500,0.14939452707767487,1782749617.6260147
241600,0.15078577399253845,1782749623.5111656
241700,0.15196441113948822,1782749629.3762417
241800,0.15154807269573212,1782749635.2841601
241900,0.15081752836704254,1782749641.196836
242000,0.15067145228385925,1782749647.267367
242100,0.15021872520446777,1782749653.3256643
242200,0.14998877048492432,1782749659.1704586
242300,0.15041352808475494,1782749665.197172
242400,0.15057331323623657,1782749671.096309
242500,0.15091420710086823,1782749677.3385744
242600,0.15075312554836273,1782749683.3570368
242700,0.15171398222446442,1782749689.5225868
242800,0.1523742973804474,1782749695.387493
242900,0.1532900035381317,1782749701.6390955
243000,0.15423913300037384,1782749707.6684813
243100,0.15535637736320496,1782749713.6700163
243200,0.1561054289340973,1782749719.628162
243300,0.15686804056167603,1782749725.5394554
243400,0.15717266499996185,1782749731.837504
243500,0.15790948271751404,1782749737.6655498
243600,0.15792816877365112,1782749743.9434502
243700,0.15741518139839172,1782749749.8956122
243800,0.15758629143238068,1782749755.7934163
243900,0.15740765631198883,1782749762.083167
244000,0.15730597078800201,1782749768.4279761
244100,0.156765416264534,1782749774.5505655
244200,0.1569880098104477,1782749780.5115643
244300,0.15725137293338776,1782749786.4768677
244400,0.15651805698871613,1782749792.702937
244500,0.15618237853050232,1782749798.9101062
244600,0.1563728004693985,1782749804.9195418
244700,0.15613768994808197,1782749810.8850183
244800,0.15512926876544952,1782749816.930978
244900,0.15483427047729492,1782749822.835865
245000,0.15499694645404816,1782749829.0074513
245100,0.15479202568531036,1782749834.9726982
245200,0.15424706041812897,1782749840.7968955
245300,0.15380054712295532,1782749846.8044155
245400,0.15378129482269287,1782749852.9411526
245500,0.15297195315361023,1782749859.0347373
245600,0.15233804285526276,1782749864.982666
245700,0.15066653490066528,1782749871.0441048
245800,0.14869987964630127,1782749877.0095336
245900,0.14683547616004944,1782749883.0064948
246000,0.1454516351222992,1782749889.1402063
246100,0.14481987059116364,1782749895.1540327
246200,0.14384670555591583,1782749901.1292803
246300,0.14283867180347443,1782749907.044924
246400,0.14197318255901337,1782749913.1045387
246500,0.1414956897497177,1782749919.030407
246600,0.14108805358409882,1782749925.063547
246700,0.14090971648693085,1782749930.9639716
246800,0.14081181585788727,1782749937.107821
246900,0.1411355584859848,1782749943.1412487
247000,0.14206944406032562,1782749949.22371
247100,0.1423996090888977,1782749955.212755
247200,0.14254051446914673,1782749961.3149683
247300,0.1426939219236374,1782749967.2600951
247400,0.14275220036506653,1782749973.583101
247500,0.1418713480234146,1782749979.4641192
247600,0.1412954032421112,1782749985.4032018
247700,0.14157362282276154,1782749991.3321815
247800,0.141726553440094,1782749997.4903305
247900,0.14215105772018433,1782750003.3506813
248000,0.14222723245620728,1782750009.4672115
248100,0.142630934715271,1782750015.4123702
248200,0.14319783449172974,1782750021.644995
248300,0.14399079978466034,1782750027.812209
248400,0.14471839368343353,1782750033.9480698
248500,0.14498315751552582,1782750039.9871335
248600,0.14496368169784546,1782750045.836419
248700,0.1448207050561905,1782750051.782633
248800,0.1444648653268814,1782750057.7397084
248900,0.14417792856693268,1782750063.6542432
249000,0.14477182924747467,1782750069.7097106
249100,0.14443321526050568,1782750075.7315512
249200,0.1445196270942688,1782750081.7517548
249300,0.14477276802062988,1782750087.7644958
249400,0.14518600702285767,1782750093.7733366
249500,0.14590947329998016,1782750099.8952308
249600,0.14675737917423248,1782750106.0950975
249700,0.1471996158361435,1782750111.9599197
249800,0.147009015083313,1782750118.0184476
249900,0.14668449759483337,1782750123.9547484
250000,0.14700350165367126,1782750129.874578
250100,0.14726810157299042,1782750291.984929
250200,0.14797580242156982,1782750297.718031
250300,0.14875078201293945,1782750303.4483151
250400,0.1492859274148941,1782750309.3009076
250500,0.14959560334682465,1782750315.143157
250600,0.15069566667079926,1782750321.1093488
250700,0.15129564702510834,1782750327.151402
250800,0.15145939588546753,1782750333.2224228
250900,0.1514250636100769,1782750339.5146282
251000,0.15177734196186066,1782750345.4270806
251100,0.15309153497219086,1782750351.4393682
251200,0.15477052330970764,1782750357.3038006
251300,0.15611273050308228,1782750363.2308464
251400,0.1567963808774948,1782750369.266471
251500,0.15782104432582855,1782750375.3588083
251600,0.15839701890945435,1782750381.2340746
251700,0.15903759002685547,1782750386.9340038
251800,0.15911337733268738,1782750392.7228012
251900,0.1589924395084381,1782750398.4943523
252000,0.15902063250541687,1782750404.5875125
252100,0.15871158242225647,1782750410.3990626
252200,0.15829011797904968,1782750416.2344725
252300,0.15828152000904083,1782750422.18443
252400,0.15797346830368042,1782750428.2808235
252500,0.15771211683750153,1782750434.1103697
252600,0.1577632576227188,1782750440.386163
252700,0.15765661001205444,1782750446.4017253
252800,0.15773442387580872,1782750452.170365
252900,0.1579618602991104,1782750458.395844
253000,0.15752512216567993,1782750464.335391
253100,0.15760493278503418,1782750470.105823
253200,0.15785594284534454,1782750476.3842018
253300,0.1575341373682022,1782750482.53421
253400,0.1570121794939041,1782750488.359865
253500,0.15686267614364624,1782750494.3348699
253600,0.15629608929157257,1782750500.3098338
253700,0.15567629039287567,1782750506.301619
253800,0.15500035881996155,1782750512.4988413
253900,0.15489238500595093,1782750518.2591712
254000,0.15418387949466705,1782750524.204791
254100,0.1537492722272873,1782750530.0742612
254200,0.15339379012584686,1782750536.1968868
254300,0.1525469273328781,1782750542.055398
254400,0.15241047739982605,1782750547.938402
254500,0.1517544835805893,1782750553.7004683
254600,0.1508883386850357,1782750559.5681343
254700,0.15104439854621887,1782750565.448108
254800,0.1512516587972641,1782750571.527137
254900,0.15059100091457367,1782750577.4406464
255000,0.15092672407627106,1782750583.737515
255100,0.15153905749320984,1782750589.7775218
255200,0.1524924784898758,1782750595.9698348
255300,0.1536523997783661,1782750602.2071579
255400,0.15423397719860077,1782750607.9727213
255500,0.1546521633863449,1782750613.6399887
255600,0.1559247076511383,1782750619.5662088
255700,0.15662026405334473,1782750625.787508
255800,0.15663540363311768,1782750631.6239572
255900,0.157053142786026,1782750637.9579983
256000,0.15754301846027374,1782750644.1372917
256100,0.15796741843223572,1782750650.2424521
256200,0.15907816588878632,1782750656.2697523
256300,0.15985427796840668,1782750662.2485764
256400,0.15989920496940613,1782750668.474251
256500,0.15891654789447784,1782750674.3401365
256600,0.15807709097862244,1782750680.2062871
256700,0.1573200523853302,1782750686.0932627
256800,0.1569095402956009,1782750692.0174305
256900,0.15612155199050903,1782750697.9273195
257000,0.15527939796447754,1782750703.716143
257100,0.1551993042230606,1782750709.7126858
257200,0.1539890468120575,1782750715.7363193
257300,0.15250401198863983,1782750721.6890314
257400,0.15108759701251984,1782750727.9307575
257500,0.15003971755504608,1782750733.7540507
257600,0.14966167509555817,1782750739.8008826
257700,0.14905472099781036,1782750745.9374115
257800,0.14846210181713104,1782750751.826143
257900,0.1475214809179306,1782750757.712196
258000,0.1470615267753601,1782750763.5388749
258100,0.1461346298456192,1782750769.947599
258200,0.1446603238582611,1782750776.162426
258300,0.14385513961315155,1782750782.1820865
258400,0.14419862627983093,1782750788.2392776
258500,0.14400532841682434,1782750794.2757359
258600,0.14355246722698212,1782750800.1581073
258700,0.14446336030960083,1782750806.2766857
258800,0.1442568451166153,1782750812.5168455
258900,0.14464768767356873,1782750818.5648952
259000,0.14532403647899628,1782750824.3199234
259100,0.14566439390182495,1782750830.3739371
259200,0.14619652926921844,1782750836.1323087
259300,0.1468105912208557,1782750842.383739
259400,0.14695610105991364,1782750848.547324
259500,0.14675377309322357,1782750854.7559695
259600,0.14683090150356293,1782750860.4611676
259700,0.14688660204410553,1782750866.31963
259800,0.14727681875228882,1782750872.3547568
259900,0.1474597156047821,1782750878.0343943
260000,0.14708390831947327,1782750883.9875937
260100,0.14710967242717743,1782750889.7463007
260200,0.14663973450660706,1782750896.069426
260300,0.14675891399383545,1782750901.841148
260400,0.1471804529428482,1782750907.8686442
260500,0.14858271181583405,1782750914.0859575
260600,0.14964935183525085,1782750919.9207592
260700,0.15116091072559357,1782750925.895457
260800,0.1526433229446411,1782750931.7441845
260900,0.15331335365772247,1782750937.537738
261000,0.15427733957767487,1782750943.2758384
261100,0.15469208359718323,1782750949.9366925
261200,0.15415765345096588,1782750955.9002743
261300,0.153593972325325,1782750961.6160815
261400,0.15297293663024902,1782750967.4712152
261500,0.1521369069814682,1782750973.1633463
261600,0.1517748236656189,1782750979.3902984
261700,0.15187540650367737,1782750985.2405128
261800,0.15228429436683655,1782750991.1440609
261900,0.15260906517505646,1782750997.1539283
262000,0.15288572013378143,1782751002.7704248
262100,0.15273095667362213,1782751008.68118
262200,0.15265211462974548,1782751014.9628022
262300,0.1520153284072876,1782751020.6421287
262400,0.15135996043682098,1782751026.6433613
262500,0.15139827132225037,1782751032.205956
262600,0.15193454921245575,1782751038.0854688
262700,0.15237049758434296,1782751044.0618775
262800,0.15264859795570374,1782751049.7210767
262900,0.1532401740550995,1782751055.5700488
263000,0.15407466888427734,1782751061.4153621
263100,0.15424685180187225,1782751067.2174985
263200,0.15412764251232147,1782751073.3504999
263300,0.1538611501455307,1782751079.3729062
263400,0.15320856869220734,1782751085.2249732
263500,0.15252821147441864,1782751091.0721312
263600,0.15170824527740479,1782751096.7370136
263700,0.15072105824947357,1782751102.6179886
263800,0.15054704248905182,1782751108.544775
263900,0.1507743000984192,1782751114.178993
264000,0.15005254745483398,1782751120.270535
264100,0.15002290904521942,1782751126.1072302
264200,0.150382861495018,1782751132.4074547
264300,0.1505238115787506,1782751138.6547396
264400,0.15084555745124817,1782751144.9720616
264500,0.15128114819526672,1782751151.0692658
264600,0.15189994871616364,1782751157.3834562
264700,0.15260671079158783,1782751163.4862497
264800,0.15219679474830627,1782751169.5549889
264900,0.15193180739879608,1782751175.7293854
265000,0.15176494419574738,1782751181.7482805
265100,0.1511029303073883,1782751187.8355246
265200,0.1512541025876999,1782751193.9676313
265300,0.15239214897155762,1782751200.1050394
265400,0.15354037284851074,1782751206.107314
265500,0.1543242484331131,1782751212.2554698
265600,0.15526671707630157,1782751218.2905178
265700,0.15534484386444092,1782751224.180306
265800,0.15519516170024872,1782751230.3270938
265900,0.15492384135723114,1782751236.2944667
266000,0.15460596978664398,1782751242.161885
266100,0.15425719320774078,1782751248.2069082
266200,0.15341320633888245,1782751254.1097472
266300,0.15244148671627045,1782751260.0335217
266400,0.1523565948009491,1782751266.1934671
266500,0.1525496393442154,1782751272.2757528
266600,0.1528974324464798,1782751278.2106016
266700,0.1532050222158432,1782751284.444415
266800,0.15383991599082947,1782751290.4879663
266900,0.15370585024356842,1782751296.6693993
267000,0.15321819484233856,1782751303.0052798
267100,0.1518157422542572,1782751309.0036767
267200,0.15044036507606506,1782751315.2928548
267300,0.14953850209712982,1782751321.216556
267400,0.14916549623012543,1782751327.318111
267500,0.14934293925762177,1782751333.6055877
267600,0.1494605541229248,1782751339.8288248
267700,0.14948152005672455,1782751345.9519038
267800,0.14989909529685974,1782751351.9654827
267900,0.1499423086643219,1782751358.2899244
268000,0.14960725605487823,1782751364.498757
268100,0.14906442165374756,1782751370.528394
268200,0.14829504489898682,1782751376.6904652
268300,0.1485387533903122,1782751382.6514227
268400,0.14804671704769135,1782751388.8598573
268500,0.1481170803308487,1782751394.917667
268600,0.14773480594158173,1782751401.0265462
268700,0.14772522449493408,1782751407.1438465
268800,0.14823602139949799,1782751413.1846123
268900,0.14891166985034943,1782751419.5160005
269000,0.1489974856376648,1782751425.630298
269100,0.14898240566253662,1782751431.7507265
269200,0.14873453974723816,1782751437.6324239
269300,0.14861924946308136,1782751443.6184125
269400,0.14842963218688965,1782751449.806166
269500,0.14855490624904633,1782751456.1358023
269600,0.1483290195465088,1782751461.9507217
269700,0.14868710935115814,1782751467.9757302
269800,0.14902691543102264,1782751474.218132
269900,0.14840245246887207,1782751480.4822598
270000,0.14756503701210022,1782751486.4634895
270100,0.14728471636772156,1782751492.4214303
270200,0.147577702999115,1782751498.5736086
270300,0.14777618646621704,1782751504.734994
270400,0.14733390510082245,1782751510.8097923
270500,0.14748474955558777,1782751516.9271936
270600,0.14834897220134735,1782751523.1428163
270700,0.14836083352565765,1782751529.175298
270800,0.14820782840251923,1782751535.3983183
270900,0.14888273179531097,1782751541.328682
271000,0.1492381989955902,1782751547.6298363
271100,0.1502453088760376,1782751553.8025582
271200,0.15104590356349945,1782751559.7089307
271300,0.15151718258857727,1782751565.7553265
271400,0.15220478177070618,1782751571.8164995
271500,0.1517396718263626,1782751578.0965643
271600,0.1516658067703247,1782751584.0309036
271700,0.1517648547887802,1782751590.2831378
271800,0.1522846221923828,1782751596.215211
271900,0.15227100253105164,1782751602.3918943
272000,0.15211494266986847,1782751608.4258199
272100,0.15212830901145935,1782751614.3699641
272200,0.15232928097248077,1782751620.7067022
272300,0.1523769199848175,1782751626.7779195
272400,0.15168699622154236,1782751632.8370006
272500,0.1514807939529419,1782751638.785106
272600,0.15145274996757507,1782751645.0890446
272700,0.15180397033691406,1782751651.0196972
272800,0.15137699246406555,1782751657.1733694
272900,0.1502160131931305,1782751663.0656455
273000,0.1497330367565155,1782751669.1738563
273100,0.1497228443622589,1782751675.1219046
273200,0.14958807826042175,1782751681.173459
273300,0.14948877692222595,1782751687.0902088
273400,0.14845512807369232,1782751693.2870963
273500,0.14825640618801117,1782751699.1987207
273600,0.14826655387878418,1782751705.2334037
273700,0.1486753672361374,1782751711.1412847
273800,0.14926232397556305,1782751717.272865
273900,0.14993594586849213,1782751723.351111
274000,0.15054255723953247,1782751729.3129864
274100,0.15057170391082764,1782751735.5250428
274200,0.150249183177948,1782751741.6510675
274300,0.1504625827074051,1782751747.5850403
274400,0.14995984733104706,1782751753.6471298
274500,0.14978623390197754,1782751759.49174
274600,0.15071478486061096,1782751765.458338
274700,0.15138721466064453,1782751771.4537315
274800,0.15132609009742737,1782751777.4337199
274900,0.15137359499931335,1782751783.455235
275000,0.15139153599739075,1782751789.590688
275100,0.15144464373588562,1782751959.9548786
275200,0.15196318924427032,1782751965.9086142
275300,0.15160362422466278,1782751972.1111798
275400,0.15157538652420044,1782751978.1085064
275500,0.15163441002368927,1782751984.2631009
275600,0.15130755305290222,1782751990.4864335
275700,0.15141044557094574,1782751996.5432913
275800,0.15193136036396027,1782752002.4417825
275900,0.15279224514961243,1782752008.6175084
276000,0.15330299735069275,1782752014.60924
276100,0.15406139194965363,1782752020.515498
276200,0.15521149337291718,1782752026.6870322
276300,0.15637332201004028,1782752032.6115448
276400,0.15618111193180084,1782752038.819628
276500,0.15630878508090973,1782752044.8635619
276600,0.1564292460680008,1782752050.819393
276700,0.15720652043819427,1782752056.8087416
276800,0.15769067406654358,1782752062.6970756
276900,0.15784646570682526,1782752068.6978984
277000,0.15727029740810394,1782752074.905154
277100,0.15707728266716003,1782752081.0057204
277200,0.1562441736459732,1782752086.9691138
277300,0.15603725612163544,1782752093.1562564
277400,0.15584099292755127,1782752099.0704248
277500,0.15616174042224884,1782752105.0747635
277600,0.15628325939178467,1782752111.1828802
277700,0.15648259222507477,1782752117.09502
277800,0.15653030574321747,1782752123.1873534
277900,0.1566026657819748,1782752129.1034467
278000,0.156344935297966,1782752135.0622394
278100,0.15636098384857178,1782752141.1770492
278200,0.15574291348457336,1782752147.0721076
278300,0.1558946818113327,1782752153.3111808
278400,0.15598508715629578,1782752159.5283525
278500,0.15586541593074799,1782752165.601585
278600,0.15580473840236664,1782752171.5420828
278700,0.15562213957309723,1782752177.7503207
278800,0.15584313869476318,1782752183.689308
278900,0.1559520810842514,1782752189.9001782
279000,0.15668882429599762,1782752196.0778575
279100,0.1574089378118515,1782752202.0329933
279200,0.15858285129070282,1782752208.0387702
279300,0.15853820741176605,1782752214.185503
279400,0.158176988363266,1782752220.064412
279500,0.15710648894309998,1782752226.2290857
279600,0.15686286985874176,1782752232.10554
279700,0.15636061131954193,1782752238.098151
279800,0.15599466860294342,1782752244.0504067
279900,0.15542753040790558,1782752250.174916
280000,0.1549222469329834,1782752256.225914
280100,0.1547350138425827,1782752262.2833424
280200,0.15545594692230225,1782752268.511366
280300,0.15589556097984314,1782752274.548251
280400,0.15648901462554932,1782752280.6402144
280500,0.15664619207382202,1782752286.6659052
280600,0.15605616569519043,1782752292.9335206
280700,0.15592363476753235,1782752299.0990686
280800,0.15625640749931335,1782752305.0409982
280900,0.15605428814888,1782752311.2144158
281000,0.1566314399242401,1782752317.319018
281100,0.15718646347522736,1782752323.3565814
281200,0.15789420902729034,1782752329.299182
281300,0.15821082890033722,1782752335.3783107
281400,0.15876276791095734,1782752341.7178483
281500,0.1583496481180191,1782752347.670307
281600,0.15833014249801636,1782752353.635839
281700,0.15822547674179077,1782752359.7638426
281800,0.1580512821674347,1782752365.687681
281900,0.15825022757053375,1782752371.7287242
282000,0.15788321197032928,1782752377.6819968
282100,0.15811225771903992,1782752383.8713794
282200,0.15866346657276154,1782752390.0840058
282300,0.1597837209701538,1782752396.2838404
282400,0.16039887070655823,1782752402.4937036
282500,0.16116845607757568,1782752408.6253529
282600,0.16179072856903076,1782752414.619527
282700,0.1615515500307083,1782752420.9468334
282800,0.16154086589813232,1782752427.101856
282900,0.1613331437110901,1782752433.1094482
283000,0.16101323068141937,1782752439.395087
283100,0.160683274269104,1782752445.7334507
283200,0.1602770984172821,1782752451.921087
283300,0.15904289484024048,1782752457.8315976
283400,0.15737973153591156,1782752463.912895
283500,0.15716344118118286,1782752470.06774
283600,0.15707865357398987,1782752476.3246448
283700,0.15707188844680786,1782752482.7535803
283800,0.15656177699565887,1782752488.7106824
283900,0.15620307624340057,1782752494.882478
284000,0.15599770843982697,1782752500.856295
284100,0.15520742535591125,1782752506.9661672
284200,0.1546364575624466,1782752512.9973502
284300,0.15484142303466797,1782752519.2866287
284400,0.15492981672286987,1782752525.2967093
284500,0.15436036884784698,1782752531.5970163
284600,0.15391993522644043,1782752537.7535908
284700,0.15411289036273956,1782752543.9816432
284800,0.1544225811958313,1782752550.2282288
284900,0.15459725260734558,1782752556.3885193
285000,0.1549348682165146,1782752562.7253883
285100,0.15504486858844757,1782752568.6850994
285200,0.15602688491344452,1782752574.8755357
285300,0.1563834697008133,1782752581.069485
285400,0.15706633031368256,1782752587.3634188
285500,0.15697842836380005,1782752593.4056106
285600,0.15707604587078094,1782752599.341729
285700,0.156900554895401,1782752605.3801935
285800,0.15774090588092804,1782752611.3731153
285900,0.15809117257595062,1782752617.2831624
286000,0.15842968225479126,1782752623.3084447
286100,0.1594284623861313,1782752629.365043
286200,0.15978090465068817,1782752635.6175807
286300,0.15957413613796234,1782752641.7578428
286400,0.1592542678117752,1782752647.8925593
286500,0.15917447209358215,1782752654.0717251
286600,0.15901510417461395,1782752660.1430573
286700,0.15896137058734894,1782752666.27435
286800,0.1585400402545929,1782752672.2755384
286900,0.1577477604150772,1782752678.4161015
287000,0.15690580010414124,1782752684.5463464
287100,0.15687426924705505,1782752690.4626803
287200,0.15565913915634155,1782752696.391095
287300,0.15453818440437317,1782752702.4578347
287400,0.1534980684518814,1782752708.7294898
287500,0.15315702557563782,1782752714.735788
287600,0.15264065563678741,1782752720.7776308
287700,0.15195225179195404,1782752726.7991936
287800,0.1524137407541275,1782752732.8514113
287900,0.15317407250404358,1782752738.9048865
288000,0.1532600224018097,1782752744.862528
288100,0.15439096093177795,1782752750.7663538
288200,0.1550317257642746,1782752756.706759
288300,0.15550166368484497,1782752763.0095909
288400,0.15638920664787292,1782752768.9763548
288500,0.1571389138698578,1782752775.3872845
288600,0.15793126821517944,1782752781.5264297
288700,0.1585783213376999,1782752787.4843054
288800,0.1590152233839035,1782752793.7374725
288900,0.15954963862895966,1782752799.72234
289000,0.1597784161567688,1782752805.9246764
289100,0.15990512073040009,1782752812.1100206
289200,0.15964438021183014,1782752818.3587306
289300,0.1590215265750885,1782752824.6522155
289400,0.1586296409368515,1782752830.869079
289500,0.15858319401741028,1782752836.9488912
289600,0.15887929499149323,1782752843.2577739
289700,0.16033655405044556,1782752849.4769385
289800,0.1605840027332306,1782752855.7431002
289900,0.16140811145305634,1782752861.8858697
290000,0.1619870364665985,1782752867.8821926
290100,0.16169323027133942,1782752874.058255
290200,0.16201640665531158,1782752880.286992
290300,0.16225948929786682,1782752886.6578846
290400,0.16299785673618317,1782752892.5850062
290500,0.1635327935218811,1782752898.7299626
290600,0.1632290631532669,1782752904.715435
290700,0.162714883685112,1782752910.800402
290800,0.1627933531999588,1782752916.7858183
290900,0.16293811798095703,1782752922.967636
291000,0.1629418283700943,1782752929.070305
291100,0.1632663607597351,1782752935.165139
291200,0.16327239573001862,1782752941.1414073
291300,0.16365131735801697,1782752947.206174
291400,0.1634659320116043,1782752953.3965087
291500,0.16330726444721222,1782752959.6154814
291600,0.1636318564414978,1782752965.6317227
291700,0.16371461749076843,1782752971.7111943
291800,0.16416330635547638,1782752977.9561858
291900,0.1645641028881073,1782752983.9751308
292000,0.16463321447372437,1782752989.9579196
292100,0.1650499701499939,1782752996.1080072
292200,0.16467314958572388,1782753002.5247533
292300,0.1649351269006729,1782753008.5623863
292400,0.1650369018316269,1782753014.531602
292500,0.16498242318630219,1782753020.5780678
292600,0.16486848890781403,1782753026.687587
292700,0.1652728021144867,1782753032.703343
292800,0.16478759050369263,1782753038.64262
292900,0.16446346044540405,1782753044.8934855
293000,0.16481010615825653,1782753050.9701738
293100,0.16508527100086212,1782753057.0063565
293200,0.1647258847951889,1782753063.0184727
293300,0.16338397562503815,1782753069.2330954
293400,0.1627272516489029,1782753075.2039285
293500,0.16205191612243652,1782753081.266684
293600,0.16109928488731384,1782753087.3096602
293700,0.16074521839618683,1782753093.4927056
293800,0.16045331954956055,1782753099.7034216
293900,0.15996000170707703,1782753105.979286
294000,0.15895535051822662,1782753112.1731842
294100,0.1577267348766327,1782753118.3942003
294200,0.15678516030311584,1782753124.5617232
294300,0.1554993987083435,1782753130.6629047
294400,0.1544911116361618,1782753137.0713472
294500,0.15476994216442108,1782753143.1914186
294600,0.15470172464847565,1782753149.2913816
294700,0.15428270399570465,1782753155.6394472
294800,0.15394684672355652,1782753161.7903776
294900,0.15394273400306702,1782753167.9768615
295000,0.15414316952228546,1782753174.0546618
295100,0.15399102866649628,1782753180.237994
295200,0.15406185388565063,1782753186.2236214
295300,0.15355172753334045,1782753192.607854
295400,0.1536889672279358,1782753198.639351
295500,0.15371371805667877,1782753204.8666964
295600,0.1541580706834793,1782753211.0717738
295700,0.15486179292201996,1782753217.4220576
295800,0.15530982613563538,1782753223.5841093
295900,0.15539541840553284,1782753229.907184
296000,0.1559041142463684,1782753235.8884234
296100,0.1553529053926468,1782753242.236156
296200,0.1541890799999237,1782753248.2466795
296300,0.15380319952964783,1782753254.2201207
296400,0.15303869545459747,1782753260.2878473
296500,0.1516568511724472,1782753266.2785177
296600,0.15091156959533691,1782753272.5071664
296700,0.15087099373340607,1782753278.7093983
296800,0.1514710634946823,1782753284.8255637
296900,0.15114723145961761,1782753291.253536
297000,0.15117065608501434,1782753297.4106507
297100,0.15137922763824463,1782753303.741731
297200,0.15133781731128693,1782753309.97565
297300,0.15125225484371185,1782753315.9698033
297400,0.151243656873703,1782753321.97549
297500,0.1516915112733841,1782753328.1406078
297600,0.15273071825504303,1782753334.299354
297700,0.1529754251241684,1782753340.3817127
297800,0.15382415056228638,1782753346.3859277
297900,0.1552436798810959,1782753352.4621434
298000,0.15611937642097473,1782753358.5873551
298100,0.15698584914207458,1782753364.888638
298200,0.15727896988391876,1782753371.1316104
298300,0.15711145102977753,1782753377.2989514
298400,0.15767411887645721,1782753383.5352163
298500,0.15814095735549927,1782753389.6160696
298600,0.15818004310131073,1782753395.7371957
298700,0.15819506347179413,1782753402.0466375
298800,0.15814819931983948,1782753408.255436
298900,0.1581149846315384,1782753414.3032174
299000,0.15734794735908508,1782753420.229789
299100,0.15645217895507812,1782753426.1367917
299200,0.15587148070335388,1782753432.309695
299300,0.15506628155708313,1782753438.2365024
299400,0.1542370617389679,1782753444.2386036
299500,0.1539575308561325,1782753450.3386567
299600,0.15331679582595825,1782753456.3603475
299700,0.1523716300725937,1782753462.3666577
299800,0.1516290307044983,1782753468.2472656
299900,0.15110084414482117,1782753474.1114097
300000,0.15103834867477417,1782753480.0899756
300100,0.14495421946048737,1782753675.4283333
300200,0.14117088913917542,1782753681.5022507
300300,0.13869066536426544,1782753687.7292202
300400,0.13661737740039825,1782753693.7571235
300500,0.13481460511684418,1782753699.8609076
300600,0.13292403519153595,1782753705.9020555
300700,0.13140428066253662,1782753712.2417698
300800,0.1299998164176941,1782753718.2772968
300900,0.12852145731449127,1782753724.5448213
301000,0.12707281112670898,1782753730.6306283
301100,0.12565097212791443,1782753736.8271792
301200,0.12425943464040756,1782753742.931749
301300,0.12290028482675552,1782753748.819499
301400,0.12157571315765381,1782753754.8109913
301500,0.12042288482189178,1782753760.7467685
301600,0.11950284242630005,1782753766.8326185
301700,0.11857553571462631,1782753772.899169
301800,0.11758167296648026,1782753778.8259256
301900,0.1166401281952858,1782753784.7892916
302000,0.11570765823125839,1782753791.087217
302100,0.11473699659109116,1782753797.348167
302200,0.11400280892848969,1782753803.7157094
302300,0.11338923126459122,1782753809.957412
302400,0.11277125775814056,1782753816.0798051
302500,0.11214548349380493,1782753822.1759524
302600,0.11164499074220657,1782753828.3673832
302700,0.1109212189912796,1782807556.6757314
302800,0.11021000146865845,1782807562.5537324
302900,0.1093921959400177,1782807568.5443535
303000,0.10851892828941345,1782807574.509096
303100,0.10793296247720718,1782807580.37189
303200,0.10726259648799896,1782807586.5932505
303300,0.10656388849020004,1782807592.5186245
303400,0.10596740990877151,1782807598.4419358
303500,0.10522885620594025,1782807604.2585635
303600,0.10468132793903351,1782807609.9801664
303700,0.1040455624461174,1782807615.878442
303800,0.10321252793073654,1782807621.852625
303900,0.10234595090150833,1782807627.7835796
304000,0.1016455590724945,1782807633.5078459
304100,0.10110526531934738,1782807639.2424614
304200,0.10059221088886261,1782807644.9307704
304300,0.09991518408060074,1782807650.6791282
304400,0.09936875849962234,1782807656.6346314
304500,0.09906360507011414,1782807662.3958075
304600,0.09880303591489792,1782807668.1869085
304700,0.09835818409919739,1782807674.2766628
304800,0.09799139946699142,1782807680.271987
304900,0.09749735891819,1782807685.9990602
305000,0.09695614129304886,1782807691.9821768
305100,0.09652897715568542,1782807697.966897
305200,0.09616922587156296,1782807704.5557888
305300,0.09589682519435883,1782807711.218811
305400,0.09553559869527817,1782807717.9046772
305500,0.09537655860185623,1782807724.424614
305600,0.09537240117788315,1782807731.1165218
305700,0.09510811418294907,1782807737.8417447
305800,0.09495922923088074,1782807744.788043
305900,0.09534209966659546,1782807751.4881546
306000,0.09569205343723297,1782807758.32796
306100,0.09629134088754654,1782807764.8640935
306200,0.09658972173929214,1782807771.4584386
306300,0.09751547127962112,1782807778.0491257
306400,0.09831678122282028,1782807784.7592266
306500,0.09872778505086899,1782807791.3883026
306600,0.09882758557796478,1782807798.1134317
306700,0.09937053173780441,1782807804.6076193
306800,0.0998401865363121,1782807811.2307591
306900,0.09997658431529999,1782807818.01324
307000,0.10039553046226501,1782807824.7022195
307100,0.10057532787322998,1782807830.8719373
307200,0.10088053345680237,1782807837.047901
307300,0.1012185737490654,1782807843.2936807
307400,0.10157101601362228,1782807849.421924
307500,0.10217346251010895,1782807855.7236345
307600,0.10305313766002655,1782807862.069663
307700,0.10401572287082672,1782807868.3068378
307800,0.1046113446354866,1782807874.4030542
307900,0.10514108836650848,1782807880.626461
308000,0.10609740763902664,1782807887.1330626
308100,0.10736890882253647,1782807893.2376003
308200,0.10866165906190872,1782807899.575887
308300,0.10949116200208664,1782807905.5993736
308400,0.11011290550231934,1782807911.8206077
308500,0.11078140884637833,1782807917.974339
308600,0.11124753952026367,1782807924.4402626
308700,0.1114431843161583,1782807930.7178032
308800,0.11201527714729309,1782807937.0671227
308900,0.11286380887031555,1782807943.8171346
309000,0.11348067969083786,1782807950.2627969
309100,0.11408223956823349,1782807957.1902857
309200,0.11461722105741501,1782807963.3112094
309300,0.11516845971345901,1782807969.648697
309400,0.1158367246389389,1782807976.3718848
309500,0.11646142601966858,1782807982.9928584
309600,0.11696603894233704,1782807989.6571512
309700,0.11752589792013168,1782807996.2569366
309800,0.11769845336675644,1782808002.8464012
309900,0.11823461204767227,1782808009.332244
310000,0.11914204806089401,1782808015.8964658
310100,0.11985979974269867,1782808022.3985107
310200,0.12105251848697662,1782808028.8483055
310300,0.12194342911243439,1782808035.167016
310400,0.12253500521183014,1782808041.4369192
310500,0.1234285905957222,1782808048.0575333
310600,0.12441308051347733,1782808054.8565266
310700,0.12476858496665955,1782808061.470602
310800,0.12511813640594482,1782808068.0545824
310900,0.1264224797487259,1782808074.6563575
311000,0.1279691457748413,1782808081.1468046
311100,0.1293065994977951,1782808087.7937813
311200,0.1303824633359909,1782808094.0350382
311300,0.13084471225738525,1782808100.525625
311400,0.1315164864063263,1782808107.2554665
311500,0.13156788051128387,1782808113.9081576
311600,0.1322958767414093,1782808120.6646059
311700,0.13255351781845093,1782808127.4434245
311800,0.1331224888563156,1782808134.178165
311900,0.1335752010345459,1782808140.6108887
312000,0.13341565430164337,1782808147.3622744
312100,0.13332092761993408,1782808153.873189
312200,0.13272930681705475,1782808160.5292025
312300,0.13169291615486145,1782808166.571648
312400,0.13120970129966736,1782808173.204205
312500,0.13080930709838867,1782808180.0039148
312600,0.13025270402431488,1782808186.651811
312700,0.13028115034103394,1782808193.1840684
312800,0.13001762330532074,1782808200.004389
312900,0.13020570576190948,1782808206.7548542
313000,0.13023410737514496,1782808213.3529053
313100,0.13033781945705414,1782808220.1243806
313200,0.13006198406219482,1782808226.5914052
313300,0.12999598681926727,1782808233.1189072
313400,0.12877202033996582,1782808239.7111487
313500,0.1279720962047577,1782808246.1868057
313600,0.12803228199481964,1782808252.46702
313700,0.12810355424880981,1782808258.673286
313800,0.12783250212669373,1782808264.7706044
313900,0.1279890090227127,1782808270.7502933
314000,0.12866903841495514,1782808276.770679
314100,0.12935513257980347,1782808282.8991225
314200,0.12995189428329468,1782808288.8825297
314300,0.1310192495584488,1782808295.083936
314400,0.1322234719991684,1782808301.3374174
314500,0.13379789888858795,1782808307.4087124
314600,0.13506142795085907,1782808313.6516755
314700,0.1355680227279663,1782808319.752998
314800,0.13511650264263153,1782808325.8693888
314900,0.13429509103298187,1782808332.0834038
315000,0.13442204892635345,1782808338.102433
315100,0.13493631780147552,1782808344.189354
315200,0.1343577355146408,1782808350.7132595
315300,0.13455966114997864,1782808357.2165208
315400,0.1346140205860138,1782808363.7435005
315500,0.13479071855545044,1782808370.3687568
315600,0.13534532487392426,1782808376.8160841
315700,0.13558179140090942,1782808383.2883327
315800,0.13574247062206268,1782808389.8913245
315900,0.13605283200740814,1782808396.7064903
316000,0.1372041404247284,1782808403.3851717
316100,0.13867904245853424,1782808409.6399658
316200,0.1394461840391159,1782808415.8004234
316300,0.1398743838071823,1782808421.8786733
316400,0.14049889147281647,1782808428.6580136
316500,0.14082863926887512,1782808435.487568
316600,0.14146824181079865,1782808442.0110538
316700,0.14168930053710938,1782808448.237909
316800,0.1415066421031952,1782808454.3524234
316900,0.14096589386463165,1782808460.5533128
317000,0.139936625957489,1782808466.7421556
317100,0.13892725110054016,1782808473.1792114
317200,0.1394834667444229,1782808479.401768
317300,0.13908198475837708,1782808485.6091692
317400,0.13797613978385925,1782808491.7895463
317500,0.13726593554019928,1782808498.066456
317600,0.1375178098678589,1782808504.1514103
317700,0.1376081109046936,1782808510.4270968
317800,0.1373492032289505,1782808516.7312226
317900,0.1381293386220932,1782808522.8555937
318000,0.1385233849287033,1782808529.2879977
318100,0.13993188738822937,1782808535.5445395
318200,0.14070098102092743,1782808541.684701
318300,0.14158125221729279,1782808547.8504932
318400,0.1419915407896042,1782808554.0683446
318500,0.1416289061307907,1782808560.3093922
318600,0.1413801610469818,1782808566.4597907
318700,0.1416594386100769,1782808572.8978703
318800,0.14248067140579224,1782808579.027736
318900,0.14202918112277985,1782808585.2737963
319000,0.14128167927265167,1782808591.473401
319100,0.14058758318424225,1782808597.7149894
319200,0.13993778824806213,1782808604.0204499
319300,0.1398932784795761,1782808610.274458
319400,0.1392563134431839,1782808616.4077833
319500,0.13902664184570312,1782808622.73419
319600,0.13910895586013794,1782808628.9170442
319700,0.1394203156232834,1782808635.454405
319800,0.14011061191558838,1782808641.7873554
319900,0.14033351838588715,1782808648.1180537
320000,0.14078068733215332,1782808654.3249648
320100,0.14130054414272308,1782808660.6858637
320200,0.14170071482658386,1782808667.1747408
320300,0.1427871137857437,1782808673.2996829
320400,0.14291499555110931,1782808679.4131856
320500,0.1432633101940155,1782808685.4754643
320600,0.14419764280319214,1782808691.6773617
320700,0.14455737173557281,1782808697.9402084
320800,0.14429941773414612,1782808704.0249245
320900,0.14388680458068848,1782808710.218206
321000,0.1431823968887329,1782808716.380696
321100,0.1439014971256256,1782808722.451774
321200,0.14433562755584717,1782808728.7271352
321300,0.14486847817897797,1782808734.7500944
321400,0.14535079896450043,1782808740.7926223
321500,0.1457974910736084,1782808746.9155657
321600,0.14613987505435944,1782808752.918236
321700,0.14754073321819305,1782808758.9124994
321800,0.14903244376182556,1782808765.0902512
321900,0.15045177936553955,1782808771.2847524
322000,0.15142911672592163,1782808777.458208
322100,0.15211622416973114,1782808783.6694672
322200,0.15239009261131287,1782808789.929972
322300,0.15262669324874878,1782808796.316679
322400,0.15203504264354706,1782808802.475352
322500,0.15101465582847595,1782808808.9235702
322600,0.1503767967224121,1782808814.9461837
322700,0.15050452947616577,1782808821.3420467
322800,0.1494079977273941,1782808827.649326
322900,0.14875496923923492,1782808833.9232361
323000,0.14855003356933594,1782808840.2494526
323100,0.14870606362819672,1782808846.4381099
323200,0.14873559772968292,1782808852.6728053
323300,0.14921635389328003,1782808859.018018
323400,0.14943049848079681,1782808865.18562
323500,0.14909625053405762,1782808871.4316783
323600,0.1496947705745697,1782808877.4396155
323700,0.15148507058620453,1782808883.873409
323800,0.1523425579071045,1782808890.0998096
323900,0.15345293283462524,1782808896.0723867
324000,0.15398810803890228,1782808902.2661383
324100,0.15411055088043213,1782808908.3467107
324200,0.1542324423789978,1782808914.636252
324300,0.15490564703941345,1782808920.679333
324400,0.1562868058681488,1782808926.99053
324500,0.1580887734889984,1782808933.0606658
324600,0.15855024755001068,1782808939.0407145
324700,0.1592043787240982,1782808945.3444433
324800,0.15996235609054565,1782808951.714319
324900,0.15985707938671112,1782808957.828782
325000,0.15948490798473358,1782808963.9558368
325100,0.16024640202522278,1782809125.657312
325200,0.16104979813098907,1782809131.7587352
325300,0.16125862300395966,1782809138.1795635
325400,0.16197030246257782,1782809144.4774926
325500,0.16209925711154938,1782809150.552086
325600,0.16236500442028046,1782809157.0221086
325700,0.1621457189321518,1782809163.352191
325800,0.16185474395751953,1782809169.3939984
325900,0.1613919883966446,1782809175.682467
326000,0.16103729605674744,1782809181.7971563
326100,0.16022999584674835,1782809188.186222
326200,0.1602572202682495,1782809194.4067526
326300,0.16087499260902405,1782809200.6288638
326400,0.16023756563663483,1782809206.6701007
326500,0.16035380959510803,1782809213.0514293
326600,0.16042813658714294,1782809219.4544024
326700,0.15984933078289032,1782809225.7577844
326800,0.15953609347343445,1782809231.8722258
326900,0.15876337885856628,1782809237.8827953
327000,0.15804290771484375,1782809243.8798249
327100,0.15771713852882385,1782809249.8091297
327200,0.15823185443878174,1782809256.1294544
327300,0.15848316252231598,1782809262.336643
327400,0.15814490616321564,1782809268.5724003
327500,0.15739350020885468,1782809274.600173
327600,0.1574711948633194,1782809280.742919
327700,0.15764500200748444,1782809286.9617481
327800,0.1581135392189026,1782809293.0741704
327900,0.15832401812076569,1782809299.350539
328000,0.15835310518741608,1782809305.6869218
328100,0.15829677879810333,1782809311.901354
328200,0.15797506272792816,1782809318.2408779
328300,0.15780727565288544,1782809324.34157
328400,0.15728576481342316,1782809330.9501078
328500,0.15695637464523315,1782809337.3789368
328600,0.15770825743675232,1782809343.5304646
328700,0.1580684632062912,1782809349.7682343
328800,0.15762516856193542,1782809356.1576948
328900,0.15662385523319244,1782809362.346539
329000,0.15619239211082458,1782809368.8061774
329100,0.1551075130701065,1782809375.273115
329200,0.15489065647125244,1782809381.368624
329300,0.15553952753543854,1782809387.585375
329400,0.1565656065940857,1782809393.8776193
329500,0.15718844532966614,1782809399.8662798
329600,0.15780144929885864,1782809405.929468
329700,0.15835510194301605,1782809412.0527709
329800,0.15915101766586304,1782809418.0492873
329900,0.15964829921722412,1782809424.0438578
330000,0.1589220017194748,1782809430.236599
330100,0.15842260420322418,1782809436.4141245
330200,0.1580054610967636,1782809442.6205573
330300,0.15785449743270874,1782809448.8310232
330400,0.15762045979499817,1782809454.9142923
330500,0.15756408870220184,1782809460.9874418
330600,0.15798236429691315,1782809467.2394385
330700,0.15805819630622864,1782809473.1644826
330800,0.157065287232399,1782809479.2984843
330900,0.15652069449424744,1782809485.6818058
331000,0.15675058960914612,1782809491.802693
331100,0.1573444902896881,1782809497.9522767
331200,0.15675468742847443,1782809503.9249218
331300,0.155831441283226,1782809510.1408556
331400,0.1555272489786148,1782809516.08679
331500,0.15507227182388306,1782809522.1685936
331600,0.15528655052185059,1782809528.385998
331700,0.15543831884860992,1782809534.5739596
331800,0.15565451979637146,1782809540.7554588
331900,0.15569519996643066,1782809547.0063944
332000,0.15555468201637268,1782809553.0288281
332100,0.15590126812458038,1782809559.5486188
332200,0.1555269956588745,1782809565.6634824
332300,0.15496471524238586,1782809571.8677714
332400,0.15451839566230774,1782809577.8406277
332500,0.15399162471294403,1782809583.9634874
332600,0.15291893482208252,1782809590.1069317
332700,0.1513257473707199,1782809596.0925775
332800,0.15044060349464417,1782809602.366344
332900,0.14944353699684143,1782809608.3509579
333000,0.14940133690834045,1782809614.498026
333100,0.1489277184009552,1782809620.5733442
333200,0.14862972497940063,1782809626.676555
333300,0.1479683518409729,1782809632.7815
333400,0.14787091314792633,1782809638.9473624
333500,0.14754408597946167,1782809645.3306274
333600,0.14712220430374146,1782809651.315915
333700,0.1463121920824051,1782809657.3440535
333800,0.14500144124031067,1782809663.456113
333900,0.14456084370613098,1782809669.4677393
334000,0.14498072862625122,1782809675.706492
334100,0.14543892443180084,1782809681.6723588
334200,0.1460157036781311,1782809687.8745282
334300,0.14660510420799255,1782809693.9310627
334400,0.14690758287906647,1782809699.9029188
334500,0.14716820418834686,1782809706.1371346
334600,0.14680472016334534,1782809712.11637
334700,0.1468525230884552,1782809718.2374299
334800,0.14699852466583252,1782809724.2722287
334900,0.14657475054264069,1782809730.3228748
335000,0.14686675369739532,1782809736.5234725
335100,0.14667442440986633,1782809742.7289882
335200,0.1462523490190506,1782809749.1754103
335300,0.14650316536426544,1782809755.6225965
335400,0.14644695818424225,1782809761.9911559
335500,0.1466015875339508,1782809768.5382626
335600,0.14733879268169403,1782809775.0164204
335700,0.1476881504058838,1782809781.482619
335800,0.14811672270298004,1782809788.0914807
335900,0.1482475996017456,1782809794.8238173
336000,0.14890806376934052,1782809801.1218874
336100,0.1498642861843109,1782809807.524794
336200,0.15024133026599884,1782809813.7594926
336300,0.14940868318080902,1782809820.2293885
336400,0.14978058636188507,1782809826.7936635
336500,0.15016242861747742,1782809833.4126172
336600,0.15049897134304047,1782809839.9107294
336700,0.15063397586345673,1782809846.4552305
336800,0.15053747594356537,1782809852.9208508
336900,0.15054956078529358,1782809859.5545673
337000,0.15100109577178955,1782809866.1848104
337100,0.15091553330421448,1782809872.6490295
337200,0.15045948326587677,1782809879.296534
337300,0.15016773343086243,1782809885.8646045
337400,0.15010914206504822,1782809892.4827545
337500,0.15016020834445953,1782809899.1306958
337600,0.1493070274591446,1782809905.75344
337700,0.1485423445701599,1782809912.2987604
337800,0.14795474708080292,1782809918.9187717
337900,0.14771120250225067,1782809925.515722
338000,0.14707987010478973,1782809932.3267326
338100,0.14633123576641083,1782809938.891277
338200,0.14559753239154816,1782809945.4087155
338300,0.14519721269607544,1782809951.8686786
338400,0.14451444149017334,1782809958.1121836
338500,0.14405131340026855,1782809964.5145822
338600,0.1435094028711319,1782809970.620876
338700,0.14382632076740265,1782809977.132601
338800,0.14380794763565063,1782809983.6148021
338900,0.14439445734024048,1782809990.3139613
339000,0.1455044448375702,1782809996.8448188
339100,0.14612486958503723,1782810003.2396715
339200,0.1465100198984146,1782810009.8995168
339300,0.14693164825439453,1782810016.7307334
339400,0.14650845527648926,1782810023.226695
339500,0.1463421732187271,1782810029.834579
339600,0.1465371698141098,1782810036.408555
339700,0.14665600657463074,1782810043.111252
339800,0.146332249045372,1782810049.7675257
339900,0.14624321460723877,1782810056.5155523
340000,0.1462475061416626,1782810062.980164
340100,0.14629624783992767,1782810069.7027743
340200,0.14674177765846252,1782810076.3714025
340300,0.14709295332431793,1782810082.9519134
340400,0.14717480540275574,1782810089.8638513
340500,0.1469874382019043,1782810096.6828868
340600,0.146707683801651,1782810103.33425
340700,0.14643241465091705,1782810109.834343
340800,0.14714893698692322,1782810116.4090543
340900,0.14766930043697357,1782810122.9383922
341000,0.14801064133644104,1782810129.3508801
341100,0.14844463765621185,1782810135.8790655
341200,0.14831620454788208,1782810142.7259192
341300,0.14870944619178772,1782810149.674583
341400,0.14936354756355286,1782810156.5146132
341500,0.1498933583498001,1782810163.2438493
341600,0.14994262158870697,1782810169.4486368
341700,0.15017907321453094,1782810175.7667294
341800,0.15007737278938293,1782810181.9162316
341900,0.15033704042434692,1782810188.0903814
342000,0.15017379820346832,1782810194.2399657
342100,0.14993320405483246,1782810200.631092
342200,0.14992153644561768,1782810206.88661
342300,0.1498548984527588,1782810213.108083
342400,0.14998003840446472,1782810219.2405665
342500,0.15068583190441132,1782810225.7130442
342600,0.1508222073316574,1782810231.938511
342700,0.15009883046150208,1782810238.2200553
342800,0.14945843815803528,1782810245.025581
342900,0.1491924375295639,1782810251.2528212
343000,0.14893104135990143,1782810257.400454
343100,0.14866547286510468,1782810263.6943355
343200,0.14802302420139313,1782810270.1389601
343300,0.14778576791286469,1782810276.2633684
343400,0.14779026806354523,1782810282.6734257
343500,0.14733977615833282,1782810288.9973617
343600,0.14711695909500122,1782810295.379234
343700,0.14735908806324005,1782810301.5367646
343800,0.14676599204540253,1782810307.703134
343900,0.14587144553661346,1782810314.019863
344000,0.1457129567861557,1782810320.0528514
344100,0.1446126252412796,1782810326.282927
344200,0.14390850067138672,1782810332.4389381
344300,0.1431521624326706,1782810338.5890749
344400,0.14256814122200012,1782810344.7401593
344500,0.1418779045343399,1782810351.0629745
344600,0.14159062504768372,1782810357.2429023
344700,0.14184297621250153,1782810363.301807
344800,0.14187543094158173,1782810369.631925
344900,0.14190252125263214,1782810376.062592
345000,0.14186328649520874,1782810382.0792513
345100,0.14163433015346527,1782810388.4094129
345200,0.14213134348392487,1782810394.6332583
345300,0.14337536692619324,1782810400.7947817
345400,0.14493116736412048,1782810406.8485365
345500,0.14642922580242157,1782810413.0434642
345600,0.14749784767627716,1782810419.2049885
345700,0.1492568701505661,1782810425.2267342
345800,0.1499728262424469,1782810431.4847836
345900,0.15059740841388702,1782810437.604334
346000,0.1513497531414032,1782810443.795187
346100,0.15249206125736237,1782810450.1283925
346200,0.15321649610996246,1782810456.1524355
346300,0.1540277898311615,1782810462.298085
346400,0.1544562429189682,1782810468.5477586
346500,0.1550363153219223,1782810474.7145212
346600,0.15539337694644928,1782810480.9963353
346700,0.15591049194335938,1782810487.2247858
346800,0.156779944896698,1782810493.5390651
346900,0.1570265144109726,1782810499.735635
347000,0.15734611451625824,1782810506.1531355
347100,0.15727415680885315,1782810512.315607
347200,0.15724976360797882,1782810518.817864
347300,0.15747863054275513,1782810524.9023943
347400,0.15803483128547668,1782810531.352699
347500,0.15870140492916107,1782810537.5884805
347600,0.15958407521247864,1782810543.7831204
347700,0.15958791971206665,1782810549.992922
347800,0.1598711758852005,1782810556.0313196
347900,0.16016662120819092,1782810562.0880878
348000,0.15937918424606323,1782810568.4414933
348100,0.15936927497386932,1782810574.578991
348200,0.15846744179725647,1782810580.7658787
348300,0.15766887366771698,1782810587.1244137
348400,0.15729889273643494,1782810593.2816699
348500,0.1568153351545334,1782810599.4760602
348600,0.1568254828453064,1782810605.721086
348700,0.15715156495571136,1782810611.932586
348800,0.15737104415893555,1782810618.0377798
348900,0.15810954570770264,1782810624.2126064
349000,0.15936213731765747,1782810630.5175104
349100,0.15981145203113556,1782810636.793942
349200,0.1591496616601944,1782810642.8892698
349300,0.15916484594345093,1782810649.2829282
349400,0.15976525843143463,1782810655.6157627
349500,0.15925332903862,1782810661.7951944
349600,0.1588497757911682,1782810667.8957696
349700,0.15857654809951782,1782810673.9792063
349800,0.15796658396720886,1782810679.9989202
349900,0.1573224812746048,1782810686.1041667
350000,0.15669143199920654,1782810692.4329932
350100,0.15519191324710846,1782810852.4856029
350200,0.15429243445396423,1782810858.5907967
350300,0.1530454456806183,1782810864.6683865
350400,0.15318410098552704,1782810870.5761065
350500,0.1537773460149765,1782810876.6998644
350600,0.15401211380958557,1782810882.8144627
350700,0.15420421957969666,1782810889.1613345
350800,0.15423132479190826,1782810895.2206352
350900,0.15456950664520264,1782810901.3387165
351000,0.15535393357276917,1782810907.523394
351100,0.15621338784694672,1782810913.729572
351200,0.15643039345741272,1782810920.0664487
351300,0.15600533783435822,1782810926.1046438
351400,0.15548014640808105,1782810932.3173058
351500,0.15502341091632843,1782810938.502066
351600,0.1537892073392868,1782810944.5236166
351700,0.1527019590139389,1782810950.747067
351800,0.15222951769828796,1782810957.0511358
351900,0.15247468650341034,1782810963.2080798
352000,0.15260839462280273,1782810969.3372138
352100,0.15317238867282867,1782810975.6406252
352200,0.1521470546722412,1782810981.8493826
352300,0.15142349898815155,1782810987.9047499
352400,0.15134355425834656,1782810993.8825653
352500,0.15196526050567627,1782811000.1294854
352600,0.15248286724090576,1782811006.2939398
352700,0.15363182127475739,1782811012.7046313
352800,0.15403278172016144,1782811019.024918
352900,0.1547800898551941,1782811025.0120206
353000,0.15526537597179413,1782811031.0702336
353100,0.155967578291893,1782811037.3889182
353200,0.15667179226875305,1782811043.520191
353300,0.15734831988811493,1782811049.9838598
353400,0.15740866959095,1782811056.0168233
353500,0.15741108357906342,1782811062.4000175
353600,0.15752145648002625,1782811068.5700798
353700,0.15766677260398865,1782811074.751725
353800,0.158036008477211,1782811081.048123
353900,0.15828776359558105,1782811087.2385385
354000,0.15855994820594788,1782811093.308106
354100,0.15911944210529327,1782811099.2186522
354200,0.15939737856388092,1782811105.4391298
354300,0.15916714072227478,1782811111.6831768
354400,0.15932051837444305,1782811117.8299685
354500,0.15933644771575928,1782811123.9294946
354600,0.15836232900619507,1782811130.0361826
354700,0.15790678560733795,1782811136.1201096
354800,0.15778449177742004,1782811142.3863301
354900,0.15751001238822937,1782811148.6719103
355000,0.15731418132781982,1782811155.1718485
355100,0.1573067307472229,1782811161.3511915
355200,0.15631870925426483,1782811167.33937
355300,0.15576878190040588,1782811173.3226078
355400,0.15566347539424896,1782811179.3855762
355500,0.15548771619796753,1782811185.4507878
355600,0.15451562404632568,1782811191.6742733
355700,0.15492601692676544,1782811197.677856
355800,0.15539878606796265,1782811203.8010674
355900,0.15545786917209625,1782811209.8850749
356000,0.15510115027427673,1782811216.066169
356100,0.15427149832248688,1782811222.102962
356200,0.15419624745845795,1782811228.3162837
356300,0.15473084151744843,1782811234.7181501
356400,0.15508106350898743,1782811240.9521275
356500,0.15482662618160248,1782811247.0273116
356600,0.1538623869419098,1782811253.372524
356700,0.15385301411151886,1782811259.5517228
356800,0.15289130806922913,1782811265.659761
356900,0.15285809338092804,1782811272.0781932
357000,0.1527627855539322,1782811278.647854
357100,0.1527649462223053,1782811284.7502685
357200,0.15247486531734467,1782811290.8609867
357300,0.15284153819084167,1782811297.083711
357400,0.15343204140663147,1782811303.0735621
357500,0.15421725809574127,1782811309.215501
357600,0.15440726280212402,1782811315.3111095
357700,0.15444877743721008,1782811321.5990999
357800,0.15498243272304535,1782811327.7922552
357900,0.15559878945350647,1782811333.9617558
358000,0.1563904583454132,1782811340.024494
358100,0.15708762407302856,1782811346.3692896
358200,0.15687625110149384,1782811352.616487
358300,0.157100647687912,1782811358.8713753
358400,0.157374769449234,1782811365.010787
358500,0.15712279081344604,1782811371.1188295
358600,0.15733951330184937,1782811377.274428
358700,0.15779444575309753,1782811383.6129167
358800,0.15857484936714172,1782811389.7139537
358900,0.16014042496681213,1782811396.0333734
359000,0.16143834590911865,1782811402.2396226
359100,0.1622733175754547,1782811408.345554
359200,0.16434164345264435,1782811414.619532
359300,0.16538062691688538,1782811420.7162988
359400,0.16588497161865234,1782811426.875357
359500,0.1666375696659088,1782811433.014136
359600,0.1677638292312622,1782811439.5300066
359700,0.16884930431842804,1782811445.5814645
359800,0.1698872447013855,1782811452.1245973
359900,0.1717103123664856,1782811458.1362681
360000,0.1727331280708313,1782811464.453006
360100,0.17322230339050293,1782811470.6814368
360200,0.1740158051252365,1782811477.0958302
360300,0.17421594262123108,1782811483.3526325
360400,0.17372728884220123,1782811489.4313715
360500,0.17293372750282288,1782811495.8187168
360600,0.17231278121471405,1782811501.9312184
360700,0.17169566452503204,1782811508.2000005
360800,0.1721535325050354,1782811514.2365196
360900,0.1718251258134842,1782811520.3554244
361000,0.17171859741210938,1782811526.4090035
361100,0.1714337021112442,1782811532.48417
361200,0.17149129509925842,1782811538.7688372
361300,0.1716146022081375,1782811545.1924896
361400,0.17067764699459076,1782811551.1911492
361500,0.16974075138568878,1782811557.4159052
361600,0.17006166279315948,1782811563.4190845
361700,0.17030730843544006,1782811569.5796947
361800,0.16945116221904755,1782811575.572749
361900,0.16901075839996338,1782811581.744958
362000,0.16897554695606232,1782811587.8109982
362100,0.16897892951965332,1782811594.0333214
362200,0.16874966025352478,1782811600.4943895
362300,0.1680665761232376,1782811606.7181087
362400,0.16773203015327454,1782811612.7395682
362500,0.16760490834712982,1782811619.0128596
362600,0.16743995249271393,1782811625.0439787
362700,0.16654914617538452,1782811631.1570706
362800,0.16575132310390472,1782811637.592941
362900,0.16539981961250305,1782811643.7488964
363000,0.16481910645961761,1782811649.8889868
363100,0.16392725706100464,1782811656.066336
363200,0.16384948790073395,1782811662.7828908
363300,0.1637023687362671,1782811668.8908017
363400,0.1635548174381256,1782811674.9755177
363500,0.1636413037776947,1782811681.2759237
363600,0.1631803959608078,1782811687.5753186
363700,0.16277936100959778,1782811693.8251266
363800,0.1618170291185379,1782811699.986775
363900,0.1624031364917755,1782811706.4064069
364000,0.1624223291873932,1782811712.5527446
364100,0.16252510249614716,1782811718.7759726
364200,0.1626429557800293,1782811724.7799082
364300,0.1623949408531189,1782811731.257508
364400,0.16222567856311798,1782811737.2653048
364500,0.1620073765516281,1782811743.4399455
364600,0.16134013235569,1782811749.603481
364700,0.16149161756038666,1782811755.7178452
364800,0.16174256801605225,1782811762.2078524
364900,0.16241441667079926,1782811768.5159032
365000,0.1628604382276535,1782811775.1437087
365100,0.16308657824993134,1782811781.2827878
365200,0.16336585581302643,1782811787.6549559
365300,0.16288183629512787,1782811793.8258657
365400,0.16269735991954803,1782811799.8992589
365500,0.16246297955513,1782811806.1526437
365600,0.16275615990161896,1782811812.280453
365700,0.1619996279478073,1782811818.562357
365800,0.16220563650131226,1782811824.9246647
365900,0.16226889193058014,1782811831.263224
366000,0.16223658621311188,1782811837.3750145
366100,0.162351593375206,1782811843.4952183
366200,0.1630409061908722,1782811849.53903
366300,0.16239026188850403,1782811855.8392503
366400,0.161097913980484,1782811862.1064966
366500,0.16063033044338226,1782811868.413121
366600,0.16054797172546387,1782811874.5912526
366700,0.1602112203836441,1782811880.992798
366800,0.15961912274360657,1782811887.388928
366900,0.15884335339069366,1782811893.413448
367000,0.15814577043056488,1782811899.4527798
367100,0.1567186862230301,1782811905.7266212
367200,0.15561071038246155,1782811912.0009677
367300,0.15463286638259888,1782811918.0379083
367400,0.1542155146598816,1782811924.0627198
367500,0.15520310401916504,1782811930.2375264
367600,0.15605449676513672,1782811936.309254
367700,0.15708108246326447,1782811942.5337512
367800,0.15752647817134857,1782811948.7006547
367900,0.15878331661224365,1782811955.08399
368000,0.15908028185367584,1782811961.475834
368100,0.15950223803520203,1782811967.7056413
368200,0.1598374843597412,1782811973.9049096
368300,0.15947401523590088,1782811980.0486681
368400,0.15950725972652435,1782811986.1461856
368500,0.15958069264888763,1782811992.15625
368600,0.1606837660074234,1782811998.2422006
368700,0.16138748824596405,1782812004.2855163
368800,0.16229838132858276,1782812010.5590584
368900,0.16326755285263062,1782812016.5502117
369000,0.16345526278018951,1782812022.86046
369100,0.16319125890731812,1782812028.86587
369200,0.16248205304145813,1782812034.9641428
369300,0.1616404950618744,1782812041.027336
369400,0.16192008554935455,1782812047.0083845
369500,0.16218255460262299,1782812053.03952
369600,0.16216205060482025,1782812059.300284
369700,0.1623101830482483,1782812065.340201
369800,0.1624351143836975,1782812071.5462868
369900,0.1632309854030609,1782812077.9212286
370000,0.16291354596614838,1782812084.100963
370100,0.1631426215171814,1782812090.3237443
370200,0.16402767598628998,1782812096.6384776
370300,0.16545642912387848,1782812102.7240531
370400,0.1662580370903015,1782812108.7238905
370500,0.16724437475204468,1782812114.8525302
370600,0.16820406913757324,1782812120.9296477
370700,0.16810165345668793,1782812127.0546486
370800,0.16929170489311218,1782812133.4717174
370900,0.1699463129043579,1782812139.614345
371000,0.17067527770996094,1782812145.883243
371100,0.1721910536289215,1782812151.952418
371200,0.17290613055229187,1782812157.9111679
371300,0.17363625764846802,1782812163.9317975
371400,0.17438983917236328,1782812169.9564
371500,0.17379522323608398,1782812176.2145746
371600,0.174748957157135,1782812182.2538633
371700,0.17404887080192566,1782812188.2589793
371800,0.17338111996650696,1782812194.5578146
371900,0.1734214723110199,1782812200.7688265
372000,0.17316919565200806,1782812206.846908
372100,0.17282690107822418,1782812213.0440946
372200,0.17283540964126587,1782812219.4778128
372300,0.17383675277233124,1782812225.6739755
372400,0.17327718436717987,1782812231.9605572
372500,0.17324861884117126,1782812238.1833591
372600,0.17243650555610657,1782812244.2698326
372700,0.1718388944864273,1782812250.452347
372800,0.1721484512090683,1782812256.5027359
372900,0.1726050078868866,1782812262.8350418
373000,0.17263850569725037,1782812269.3414276
373100,0.1726447343826294,1782812275.6248834
373200,0.17321527004241943,1782812281.6374698
373300,0.1737000048160553,1782812287.8180768
373400,0.17367736995220184,1782812294.0632582
373500,0.17394864559173584,1782812300.2805352
373600,0.17428015172481537,1782812306.3419523
373700,0.17452698945999146,1782812312.339692
373800,0.17431007325649261,1782812318.5246332
373900,0.17507897317409515,1782812324.663512
374000,0.17579446732997894,1782812331.1372342
374100,0.17602074146270752,1782812337.6057637
374200,0.17657458782196045,1782812343.7309139
374300,0.1765403300523758,1782812349.9206865
374400,0.17526556551456451,1782812356.0560427
374500,0.17495667934417725,1782812362.4013767
374600,0.17542524635791779,1782812368.7624662
374700,0.17567597329616547,1782812375.0064611
374800,0.1759629249572754,1782812381.307678
374900,0.17660018801689148,1782812387.8722665
375000,0.17660875618457794,1782812394.3623164
375100,0.17716443538665771,1782812546.429539
375200,0.1768115907907486,1782812552.5321546
375300,0.1769634336233139,1782812558.9819436
375400,0.17721354961395264,1782812565.1876817
375500,0.17658740282058716,1782812571.49308
375600,0.17513330280780792,1782812577.8267531
375700,0.17367316782474518,1782812584.1239865
375800,0.17291758954524994,1782812590.3644638
375900,0.17257298529148102,1782812597.0310304
376000,0.17211666703224182,1782812603.0640035
376100,0.17097343504428864,1782812609.1873598
376200,0.17108386754989624,1782812615.4275756
376300,0.1703554093837738,1782812621.491641
376400,0.1689864993095398,1782812627.9198964
376500,0.16855092346668243,1782812634.117756
376600,0.16788142919540405,1782812640.483246
376700,0.16750618815422058,1782812646.716631
376800,0.16681666672229767,1782812652.9682865
376900,0.16556818783283234,1782812659.136154
377000,0.16570642590522766,1782812665.1265316
377100,0.16547241806983948,1782812671.2520761
377200,0.1649019569158554,1782812677.4173098
377300,0.16353237628936768,1782812683.384342
377400,0.16343942284584045,1782812689.7499886
377500,0.16426147520542145,1782812696.126288
377600,0.16557350754737854,1782812702.526688
377700,0.1664857417345047,1782812708.97946
377800,0.16656748950481415,1782812715.0912254
377900,0.16746562719345093,1782812721.0885947
378000,0.16864122450351715,1782812727.2312086
378100,0.16834722459316254,1782812733.5671287
378200,0.1678793877363205,1782812739.7522078
378300,0.16829228401184082,1782812746.0014417
378400,0.16834701597690582,1782812752.0833256
378500,0.16851165890693665,1782812758.448504
378600,0.16796717047691345,1782812764.5977952
378700,0.1669062227010727,1782812770.897787
378800,0.16539205610752106,1782812777.2356007
378900,0.16393987834453583,1782812783.4753754
379000,0.162345290184021,1782812789.6331592
379100,0.16132019460201263,1782812795.5661685
379200,0.16084621846675873,1782812801.7668457
379300,0.16051289439201355,1782812807.8092
379400,0.16023951768875122,1782812813.9891524
379500,0.16086627542972565,1782812820.4369445
379600,0.16104736924171448,1782812826.6161773
379700,0.16193915903568268,1782812832.784651
379800,0.16229087114334106,1782812838.975356
379900,0.16260236501693726,1782812845.330667
380000,0.16259314119815826,1782812851.4324841
380100,0.1628398597240448,1782812857.678301
380200,0.16381411254405975,1782812864.224252
380300,0.16502752900123596,1782812870.4804587
380400,0.16471172869205475,1782812876.7677374
380500,0.16455593705177307,1782812883.069271
380600,0.16415435075759888,1782812889.0680351
380700,0.1635727733373642,1782812895.2367113
380800,0.1628369688987732,1782812901.3182783
380900,0.16225002706050873,1782812907.6345878
381000,0.16206291317939758,1782812914.0780673
381100,0.1622869372367859,1782812920.4456832
381200,0.16168540716171265,1782812926.5196414
381300,0.16149276494979858,1782812932.8751602
381400,0.1607314497232437,1782812939.0966518
381500,0.16108328104019165,1782812945.465363
381600,0.1612706035375595,1782812951.6803286
381700,0.16142934560775757,1782812957.8240814
381800,0.1622157096862793,1782812963.8616285
381900,0.16228275001049042,1782812970.338144
382000,0.1616380363702774,1782812976.5410366
382100,0.16126474738121033,1782812982.681178
382200,0.16195322573184967,1782812989.0281854
382300,0.16262131929397583,1782812995.0727897
382400,0.16313529014587402,1782813001.3977628
382500,0.163673996925354,1782813007.6178334
382600,0.164056196808815,1782813013.6266103
382700,0.16546408832073212,1782813019.7201042
382800,0.16558125615119934,1782813025.802503
382900,0.16528667509555817,1782813031.8696744
383000,0.1650642454624176,1782813038.0899436
383100,0.16670499742031097,1782813044.3120165
383200,0.16778698563575745,1782813050.399226
383300,0.16761568188667297,1782813056.8410163
383400,0.1679527759552002,1782813063.0295613
383500,0.16803304851055145,1782813069.1438146
383600,0.16730768978595734,1782813075.423928
383700,0.16695530712604523,1782813081.378761
383800,0.16642487049102783,1782813087.8959134
383900,0.16646002233028412,1782813093.9847178
384000,0.1661195158958435,1782813100.1412692
384100,0.16603544354438782,1782813106.3684182
384200,0.1662028729915619,1782813112.6078444
384300,0.16607192158699036,1782813118.708905
384400,0.16562426090240479,1782813125.0186212
384500,0.1655385047197342,1782813131.2866619
384600,0.16595450043678284,1782813137.3011498
384700,0.16557449102401733,1782813143.2640586
384800,0.1659223735332489,1782813149.184413
384900,0.16513924300670624,1782813155.365886
385000,0.1645154505968094,1782813161.4293184
385100,0.16381500661373138,1782813167.6532896
385200,0.16282270848751068,1782813174.067852
385300,0.16141153872013092,1782813180.0998645
385400,0.16099923849105835,1782813186.1021783
385500,0.16120316088199615,1782813192.3425617
385600,0.15997664630413055,1782813198.4847386
385700,0.15946440398693085,1782813204.6863136
385800,0.1593582034111023,1782813210.8311355
385900,0.15949781239032745,1782813216.9535985
386000,0.15901164710521698,1782813223.1577754
386100,0.15897640585899353,1782813229.2819183
386200,0.1590859591960907,1782813235.4479077
386300,0.1594977229833603,1782813241.4475396
386400,0.16011640429496765,1782813247.4664795
386500,0.16190288960933685,1782813253.7052033
386600,0.16280072927474976,1782813259.6133094
386700,0.16306878626346588,1782813265.473078
386800,0.16365522146224976,1782813271.7376804
386900,0.1632932871580124,1782813278.0234864
387000,0.1630607396364212,1782813284.1380243
387100,0.1631070077419281,1782813290.103736
387200,0.1640586256980896,1782813296.0251563
387300,0.16513332724571228,1782813301.9678018
387400,0.16536936163902283,1782813308.2306087
387500,0.16555377840995789,1782813314.6192462
387600,0.1654408723115921,1782813320.7694602
387700,0.16511936485767365,1782813326.8414822
387800,0.16500219702720642,1782813332.9398205
387900,0.16448457539081573,1782813339.1508362
388000,0.16375264525413513,1782813345.302967
388100,0.1639079749584198,1782813351.446414
388200,0.16306817531585693,1782813357.4732096
388300,0.16183200478553772,1782813363.693722
388400,0.16094805300235748,1782813369.9056883
388500,0.16012042760849,1782813375.889544
388600,0.158849835395813,1782813382.1351752
388700,0.15792442858219147,1782813388.2517054
388800,0.15674731135368347,1782813394.4012203
388900,0.15670068562030792,1782813400.5832767
389000,0.1562812775373459,1782813406.6846812
389100,0.1558782160282135,1782813412.78837
389200,0.15520669519901276,1782813418.9872572
389300,0.15473634004592896,1782813424.8880572
389400,0.15405139327049255,1782813431.3177102
389500,0.15430189669132233,1782813437.401311
389600,0.15354616940021515,1782813443.3571513
389700,0.15373902022838593,1782813449.4393125
389800,0.15400511026382446,1782813455.6207924
389900,0.1549457311630249,1782813461.566
390000,0.15591824054718018,1782813467.7107098
390100,0.1571643203496933,1782813473.7888334
390200,0.1579156368970871,1782813479.9743838
390300,0.15884843468666077,1782813486.0519905
390400,0.1587153524160385,1782813492.224576
390500,0.1588270217180252,1782813498.3646264
390600,0.1600550264120102,1782813504.7005842
390700,0.15977247059345245,1782813510.8476624
390800,0.15880967676639557,1782813516.988886
390900,0.15898029506206512,1782813523.0907636
391000,0.15884006023406982,1782813529.3394268
391100,0.15874509513378143,1782813535.5190766
391200,0.15942983329296112,1782813541.8630695
391300,0.16037294268608093,1782813548.0315187
391400,0.1610460728406906,1782813554.178461
391500,0.16237987577915192,1782813560.2696054
391600,0.163229838013649,1782813566.6972983
391700,0.16412793099880219,1782813572.870722
391800,0.1645253300666809,1782813578.886951
391900,0.16438935697078705,1782813585.1658936
392000,0.1649739295244217,1782813591.505271
392100,0.16554740071296692,1782813597.9779592
392200,0.1654060333967209,1782813604.4820874
392300,0.1659444123506546,1782813610.6484234
392400,0.16591709852218628,1782813616.7672768
392500,0.16711853444576263,1782813622.849198
392600,0.16773051023483276,1782813628.8988457
392700,0.16841116547584534,1782813635.0977983
392800,0.16899840533733368,1782813641.1771388
392900,0.1683274656534195,1782813647.3196142
393000,0.16856908798217773,1782813653.4018695
393100,0.16781602799892426,1782813659.9765654
393200,0.16676905751228333,1782813666.2777634
393300,0.16604235768318176,1782813672.5719068
393400,0.16552700102329254,1782813678.7234087
393500,0.16520774364471436,1782813684.9654064
393600,0.1651531606912613,1782813691.036316
393700,0.1662054806947708,1782813697.1072745
393800,0.1664358675479889,1782813703.3258386
393900,0.16713550686836243,1782813709.4440758
394000,0.16746048629283905,1782813715.5457962
394100,0.1681472510099411,1782813721.7468207
394200,0.16888026893138885,1782813727.9718232
394300,0.16944806277751923,1782813734.052611
394400,0.17046768963336945,1782813740.3532765
394500,0.1724008321762085,1782813746.861528
394600,0.17261773347854614,1782813753.404625
394700,0.17387574911117554,1782813759.6460135
394800,0.17474263906478882,1782813765.920523
394900,0.1753462553024292,1782813772.1164167
395000,0.1755700260400772,1782813778.2357917
395100,0.1754491776227951,1782813784.5541244
395200,0.17480452358722687,1782813790.734473
395300,0.1746119260787964,1782813797.1838431
395400,0.17493802309036255,1782813803.205499
395500,0.17519913613796234,1782813809.2797053
395600,0.1763547956943512,1782813815.8408508
395700,0.17648643255233765,1782813822.06077
395800,0.17693553864955902,1782813828.6470041
395900,0.17736175656318665,1782813834.821777
396000,0.17768742144107819,1782813841.0200763
396100,0.17668260633945465,1782813847.0428696
396200,0.1766839176416397,1782813853.2412784
396300,0.17608749866485596,1782813859.334825
396400,0.17549076676368713,1782813865.63271
396500,0.17599666118621826,1782813871.5546293
396600,0.17572030425071716,1782813877.8570504
396700,0.17577949166297913,1782813884.1889963
396800,0.17547573149204254,1782813890.166459
396900,0.17576996982097626,1782813896.2916145
397000,0.17605265974998474,1782813902.3390543
397100,0.17618097364902496,1782813908.708356
397200,0.17573852837085724,1782813915.0450046
397300,0.1748684048652649,1782813921.2304583
397400,0.17341937124729156,1782813927.549963
397500,0.17120292782783508,1782813933.7975264
397600,0.1699189841747284,1782813940.028171
397700,0.16910409927368164,1782813946.4013522
397800,0.16826386749744415,1782813952.4541147
397900,0.16690529882907867,1782813958.5944185
398000,0.16728980839252472,1782813964.6938584
398100,0.16612760722637177,1782813970.747117
398200,0.16511236131191254,1782813976.84206
398300,0.16469727456569672,1782813983.1123235
398400,0.16429907083511353,1782813989.389672
398500,0.16302470862865448,1782813995.4700215
398600,0.16293179988861084,1782814001.5632617
398700,0.163316011428833,1782814007.6110437
398800,0.16306842863559723,1782814013.8988743
398900,0.16300413012504578,1782814019.9059315
399000,0.16197721660137177,1782814026.1451693
399100,0.1607983261346817,1782814032.3907487
399200,0.1606924831867218,1782814038.3540294
399300,0.1602431833744049,1782814044.7908235
399400,0.1593664437532425,1782814051.0967193
399500,0.15896451473236084,1782814057.3591278
399600,0.15858279168605804,1782814063.7493517
399700,0.1581033319234848,1782814069.9166732
399800,0.15726715326309204,1782814076.0217593
399900,0.15577656030654907,1782814082.2600038
400000,0.15501196682453156,1782817827.0295694
400100,0.149164080619812,1782817985.8811214
400200,0.14591650664806366,1782817991.797259
400300,0.1439990997314453,1782817997.7194421
400400,0.1418076753616333,1782818003.7331548
400500,0.14008581638336182,1782818009.9376042
400600,0.1386149525642395,1782818015.9345088
400700,0.13714951276779175,1782818021.9076884
400800,0.1358037292957306,1782818027.8930693
400900,0.13467197120189667,1782818034.0158267
401000,0.13343346118927002,1782818040.006112
401100,0.13221459090709686,1782818045.9972167
401200,0.13084028661251068,1782818052.1342754
401300,0.12985770404338837,1782818058.2350047
401400,0.12926918268203735,1782818064.1879857
401500,0.12819832563400269,1782818070.3940296
401600,0.1273087114095688,1782818076.2654788
401700,0.12655414640903473,1782818082.2316942
401800,0.12595200538635254,1782818088.0370073
401900,0.12570549547672272,1782818093.8822975
402000,0.12523381412029266,1782818099.7406194
402100,0.12444844096899033,1782818105.8772743
402200,0.12361162155866623,1782818111.784368
402300,0.12273073941469193,1782818117.685221
402400,0.12228433042764664,1782818123.6229627
402500,0.12157484143972397,1782818129.5808346
402600,0.12117879837751389,1782818135.6852355
402700,0.12034165859222412,1782818141.627488
402800,0.1199202612042427,1782818147.6055338
402900,0.11884523928165436,1782818153.5826974
403000,0.11780036240816116,1782818159.7397385
403100,0.11737535893917084,1782818165.6373227
403200,0.11660171300172806,1782818171.5348365
403300,0.11581206321716309,1782818177.636023
403400,0.11590737104415894,1782818183.5631886
403500,0.11548970639705658,1782818189.46314
403600,0.11516640335321426,1782818195.2860215
403700,0.11448533087968826,1782818201.4402924
403800,0.11453160643577576,1782818207.44793
403900,0.11448797583580017,1782818213.382244
404000,0.11421229690313339,1782818219.4439275
404100,0.1141238585114479,1782818225.4878836
404200,0.11424699425697327,1782818231.400192
404300,0.1141495481133461,1782818237.3712487
404400,0.11409975588321686,1782818243.1819553
404500,0.11427295953035355,1782818249.0237114
404600,0.11397596448659897,1782818254.990807
404700,0.1135079562664032,1782818260.9564028
404800,0.11329128593206406,1782818266.866704
404900,0.11272389441728592,1782818272.781102
405000,0.11222091317176819,1782818279.0177183
405100,0.1122523620724678,1782818285.0790098
405200,0.11295687407255173,1782818291.0416074
405300,0.11297126114368439,1782818297.5512774
405400,0.11283004283905029,1782818303.5977643
405500,0.11276423186063766,1782818309.527638
405600,0.11224502325057983,1782818315.6509426
405700,0.11186938732862473,1782818321.8372786
405800,0.11178607493638992,1782818327.8242924
405900,0.11219220608472824,1782818333.7408013
406000,0.11229435354471207,1782818339.9208233
406100,0.11264273524284363,1782818345.9688554
406200,0.11320453137159348,1782818352.1177328
406300,0.11343967169523239,1782818358.0744457
406400,0.11470316350460052,1782818364.305116
406500,0.11543717980384827,1782818370.3815167
406600,0.1159868985414505,1782818376.2196603
406700,0.11609438061714172,1782818382.1413841
406800,0.11604487150907516,1782818388.1329842
406900,0.11713467538356781,1782818394.2876744
407000,0.11748451739549637,1782818400.3269944
407100,0.11779134720563889,1782818406.7831523
407200,0.11822964996099472,1782818413.182761
407300,0.11879084259271622,1782818419.2846384
407400,0.11934395879507065,1782818425.412376
407500,0.11989009380340576,1782818431.4166067
407600,0.12016020715236664,1782818437.2677565
407700,0.12069804966449738,1782818443.3276029
407800,0.12093410640954971,1782818449.694077
407900,0.12175367772579193,1782818455.7703457
408000,0.12218137085437775,1782818461.968535
408100,0.12229287624359131,1782818468.0698657
408200,0.12207888066768646,1782818473.7689748
408300,0.12154829502105713,1782818479.7599235
408400,0.12214633077383041,1782818485.8868678
408500,0.12294319272041321,1782818491.7640288
408600,0.12196137011051178,1782818497.76017
408700,0.12205102294683456,1782818503.754975
408800,0.12098828703165054,1782818509.633222
408900,0.12051919102668762,1782818515.7374275
409000,0.12059438228607178,1782818521.926445
409100,0.11987163871526718,1782818527.764373
409200,0.11963189393281937,1782818533.828889
409300,0.11926158517599106,1782818539.8181896
409400,0.11910507082939148,1782818545.8618712
409500,0.11930487304925919,1782818552.0853143
409600,0.11936014890670776,1782818558.1522021
409700,0.11998260766267776,1782818564.048955
409800,0.11994209885597229,1782818570.1764083
409900,0.12003748118877411,1782818576.1894634
410000,0.11941782385110855,1782818582.2810113
410100,0.1191253513097763,1782818588.4025977
410200,0.11941813677549362,1782818594.5236833
410300,0.12030967324972153,1782818600.5677464
410400,0.12057509273290634,1782818606.4599922
410500,0.12154392153024673,1782818612.341452
410600,0.1222587376832962,1782818618.453222
410700,0.1228344589471817,1782818624.3809671
410800,0.1227235198020935,1782818630.2021255
410900,0.12305847555398941,1782818636.457582
411000,0.12415795028209686,1782818642.3347762
411100,0.12506626546382904,1782818648.1652572
411200,0.1252906769514084,1782818654.3021324
411300,0.12571515142917633,1782818660.2901003
411400,0.12627153098583221,1782818666.6798623
411500,0.1258368045091629,1782818673.1688745
411600,0.125239297747612,1782818679.5705018
411700,0.12482964247465134,1782818685.9109259
411800,0.12481887638568878,1782818692.0894303
411900,0.12453413009643555,1782818698.3409557
412000,0.12397319823503494,1782818704.3742847
412100,0.12466618418693542,1782818710.4052281
412200,0.12499606609344482,1782818716.3807569
412300,0.12623433768749237,1782818722.615353
412400,0.12687087059020996,1782818728.9797876
412500,0.12862204015254974,1782818735.254578
412600,0.12920261919498444,1782818741.8787587
412700,0.12961633503437042,1782818748.2717915
412800,0.13010534644126892,1782818754.6689646
412900,0.13086947798728943,1782818761.084727
413000,0.1316157579421997,1782818767.7999673
413100,0.1322866678237915,1782818774.6071806
413200,0.13372056186199188,1782818781.1367385
413300,0.13300040364265442,1782818787.5519621
413400,0.13271953165531158,1782818793.9757485
413500,0.1328844130039215,1782818800.3720458
413600,0.13316120207309723,1782818806.872336
413700,0.1330881118774414,1782818813.2070909
413800,0.13340331614017487,1782818819.478134
413900,0.1337529718875885,1782818825.9792457
414000,0.13451515138149261,1782818832.2500653
414100,0.1354222297668457,1782818838.8029711
414200,0.136981800198555,1782818845.3652272
414300,0.13789935410022736,1782818851.77187
414400,0.13848434388637543,1782818858.3245106
414500,0.1389361023902893,1782818864.7167604
414600,0.1397136002779007,1782818871.2790184
414700,0.1394808143377304,1782818877.9474194
414800,0.13988740742206573,1782818884.3561997
414900,0.1399661749601364,1782818890.8463023
415000,0.14087578654289246,1782818897.2858276
415100,0.14156143367290497,1782818903.740188
415200,0.14207696914672852,1782818910.2871888
415300,0.14221110939979553,1782818916.6931932
415400,0.14328251779079437,1782818923.0950997
415500,0.14384332299232483,1782818929.6589987
415600,0.14544428884983063,1782818936.0241818
415700,0.14718413352966309,1782818942.366757
415800,0.14805111289024353,1782818948.7192068
415900,0.14839710295200348,1782818955.0530343
416000,0.1478283554315567,1782818961.239872
416100,0.14821340143680573,1782818967.8606555
416200,0.147639662027359,1782818974.3479946
416300,0.14721828699111938,1782818980.7892306
416400,0.1477542221546173,1782818987.3819244
416500,0.14736972749233246,1782818993.726684
416600,0.14798468351364136,1782818999.973041
416700,0.14863979816436768,1782819006.1560857
416800,0.14823919534683228,1782819012.0726388
416900,0.14880439639091492,1782819018.1372535
417000,0.14919304847717285,1782819024.3730402
417100,0.1491704285144806,1782819030.7407117
417200,0.14945708215236664,1782819037.1685522
417300,0.15113715827465057,1782819043.2265165
417400,0.15147647261619568,1782819049.3519092
417500,0.15113039314746857,1782819055.220621
417600,0.15131491422653198,1782819061.3071117
417700,0.1510394662618637,1782819067.3857918
417800,0.15038615465164185,1782819073.7087522
417900,0.1495143324136734,1782819079.968818
418000,0.14972397685050964,1782819086.454452
418100,0.1506207287311554,1782819092.5653641
418200,0.15159261226654053,1782819098.6745296
418300,0.15164919197559357,1782819104.463429
418400,0.15067793428897858,1782819110.3821604
418500,0.15002857148647308,1782819116.6552103
418600,0.14946173131465912,1782819122.5749192
418700,0.14937864243984222,1782819128.5702744
418800,0.15003101527690887,1782819134.8357916
418900,0.1493583619594574,1782819140.9396474
419000,0.14908938109874725,1782819146.9320064
419100,0.1481928676366806,1782819153.0133512
419200,0.1484253704547882,1782819159.188563
419300,0.14835268259048462,1782819165.0495543
419400,0.14769506454467773,1782819170.9319096
419500,0.14735853672027588,1782819176.914803
419600,0.14675676822662354,1782819183.0341487
419700,0.14609487354755402,1782819189.270724
419800,0.1460283249616623,1782819195.3500464
419900,0.14592915773391724,1782819201.1933749
420000,0.14528878033161163,1782819207.0636714
420100,0.14494159817695618,1782819212.935079
420200,0.1446775197982788,1782819218.789069
420300,0.14449989795684814,1782819225.0742316
420400,0.14512097835540771,1782819231.0929945
420500,0.14446181058883667,1782819237.4643838
420600,0.14303873479366302,1782819243.6280487
420700,0.14191485941410065,1782819249.7119484
420800,0.14052720367908478,1782819255.6893227
420900,0.14093579351902008,1782819261.7969282
421000,0.1411537528038025,1782819267.8918889
421100,0.14059750735759735,1782819274.098417
421200,0.14096228778362274,1782819280.1401794
421300,0.14054498076438904,1782819286.0416546
421400,0.13967697322368622,1782819291.9851084
421500,0.13965722918510437,1782819298.1323717
421600,0.14061233401298523,1782819304.1238542
421700,0.14077484607696533,1782819310.2512987
421800,0.14084404706954956,1782819316.6956437
421900,0.14082415401935577,1782819322.767649
422000,0.14042355120182037,1782819328.9334073
422100,0.13997428119182587,1782819335.0046546
422200,0.13988912105560303,1782819340.919343
422300,0.13981525599956512,1782819347.0519617
422400,0.14066411554813385,1782819353.3120415
422500,0.14067231118679047,1782819359.33117
422600,0.14222703874111176,1782819365.2601328
422700,0.14269797503948212,1782819371.3248513
422800,0.142601877450943,1782819377.44517
422900,0.14249898493289948,1782819383.4227521
423000,0.14244844019412994,1782819389.5658615
423100,0.14250870048999786,1782819395.5698414
423200,0.14192919433116913,1782819401.6074524
423300,0.14142166078090668,1782819407.4516075
423400,0.14187496900558472,1782819413.5042865
423500,0.14336223900318146,1782819419.5191505
423600,0.14390768110752106,1782819425.3169649
423700,0.1433669924736023,1782819431.0687115
423800,0.1439657360315323,1782819437.1945968
423900,0.14575254917144775,1782819443.1154816
424000,0.14605677127838135,1782819449.2299318
424100,0.14539311826229095,1782819455.2995918
424200,0.14562121033668518,1782819461.41559
424300,0.14612410962581635,1782819467.6124036
424400,0.14679057896137238,1782819473.8317528
424500,0.14691394567489624,1782819479.7635033
424600,0.1464867740869522,1782819485.708035
424700,0.14531433582305908,1782819491.8471446
424800,0.1449194997549057,1782819497.8147137
424900,0.1439826488494873,1782819503.8791695
425000,0.14392127096652985,1782819509.8235757
425100,0.14374695718288422,1782819696.8032374
425200,0.14411768317222595,1782819702.8069034
425300,0.14528661966323853,1782819708.5805876
425400,0.14548884332180023,1782819714.3390374
425500,0.1456274837255478,1782819720.2512214
425600,0.14563505351543427,1782819726.051064
425700,0.1451541930437088,1782819732.1870208
425800,0.14453943073749542,1782819738.1550808
425900,0.1438097208738327,1782819744.0867321
426000,0.14285722374916077,1782819750.0997899
426100,0.14252059161663055,1782819756.0020397
426200,0.14191916584968567,1782819762.1732898
426300,0.1419844627380371,1782819768.0346673
426400,0.14325901865959167,1782819774.1448555
426500,0.14536672830581665,1782819780.1524305
426600,0.14630693197250366,1782819786.0617504
426700,0.14684708416461945,1782819792.1957684
426800,0.14673006534576416,1782819798.1207695
426900,0.1470673829317093,1782819804.1891074
427000,0.1486036777496338,1782819810.2939448
427100,0.14799344539642334,1782819816.1731555
427200,0.14798687398433685,1782819822.0347733
427300,0.1480076014995575,1782819828.2046738
427400,0.1489044725894928,1782819834.3030176
427500,0.14878208935260773,1782819840.505552
427600,0.1487271785736084,1782819846.5502305
427700,0.14774371683597565,1782819852.4778872
427800,0.1469956785440445,1782819858.4321296
427900,0.14655515551567078,1782819864.4887648
428000,0.1467757523059845,1782819870.282986
428100,0.14615461230278015,1782819876.1211123
428200,0.14579527080059052,1782819882.216095
428300,0.14421197772026062,1782819888.0013635
428400,0.14352162182331085,1782819893.9081285
428500,0.14335311949253082,1782819899.9294035
428600,0.143138125538826,1782819905.7491198
428700,0.1424647718667984,1782819911.5166092
428800,0.14225724339485168,1782819917.575262
428900,0.14180722832679749,1782819923.6852367
429000,0.14242540299892426,1782819929.603147
429100,0.14216306805610657,1782819935.6217282
429200,0.14208558201789856,1782819941.7653508
429300,0.1419706493616104,1782819947.6028445
429400,0.14217224717140198,1782819953.3634956
429500,0.14265774190425873,1782819959.3869472
429600,0.14263439178466797,1782819965.2205768
429700,0.14191624522209167,1782819971.1384747
429800,0.14179879426956177,1782819977.3383086
429900,0.14289692044258118,1782819983.1750958
430000,0.14374640583992004,1782819989.1563942
430100,0.1445414274930954,1782819995.3307872
430200,0.1447935402393341,1782820001.4788675
430300,0.1440242975950241,1782820007.539695
430400,0.1440434455871582,1782820013.4070625
430500,0.14364708960056305,1782820019.491475
430600,0.14293166995048523,1782820025.51438
430700,0.1416693925857544,1782820031.587069
430800,0.14096078276634216,1782820037.4539506
430900,0.13986064493656158,1782820043.3102746
431000,0.13939499855041504,1782820049.4302824
431100,0.13955733180046082,1782820055.6218684
431200,0.13908126950263977,1782820061.6522985
431300,0.1385488659143448,1782820067.5635788
431400,0.13932982087135315,1782820073.5161703
431500,0.13984689116477966,1782820079.5359643
431600,0.13983435928821564,1782820085.917816
431700,0.13906745612621307,1782820091.9580586
431800,0.13890975713729858,1782820097.9040313
431900,0.13856804370880127,1782820103.8962727
432000,0.13867393136024475,1782820110.047511
432100,0.13890232145786285,1782820116.0292523
432200,0.13956888020038605,1782820122.1050649
432300,0.1408541053533554,1782820128.14719
432400,0.1407315582036972,1782820134.1504998
432500,0.1408594846725464,1782820140.273956
432600,0.1424024999141693,1782820146.4619966
432700,0.14350081980228424,1782820152.5170138
432800,0.1446496695280075,1782820158.4659333
432900,0.1450374871492386,1782820164.4244113
433000,0.14527343213558197,1782820170.4060307
433100,0.14547665417194366,1782820176.6643257
433200,0.14621242880821228,1782820182.5965629
433300,0.14614742994308472,1782820188.54323
433400,0.14598362147808075,1782820194.5489037
433500,0.1458856463432312,1782820200.7816658
433600,0.14623188972473145,1782820206.8712325
433700,0.14642204344272614,1782820213.1856158
433800,0.14705374836921692,1782820219.25437
433900,0.14678291976451874,1782820225.0593078
434000,0.14718160033226013,1782820231.2695708
434100,0.1485857516527176,1782820237.3204412
434200,0.14849840104579926,1782820243.3036125
434300,0.14927032589912415,1782820249.4708512
434400,0.14931301772594452,1782820255.512278
434500,0.14920209348201752,1782820261.3725781
434600,0.14899656176567078,1782820267.2522023
434700,0.14801667630672455,1782820273.498772
434800,0.14840193092823029,1782820279.6022458
434900,0.14805150032043457,1782820285.5812848
435000,0.14791572093963623,1782820291.7005112
435100,0.14809073507785797,1782820297.7882037
435200,0.14820915460586548,1782820303.8802865
435300,0.14827093482017517,1782820310.1130571
435400,0.1481562852859497,1782820316.2678926
435500,0.14824189245700836,1782820322.4382727
435600,0.1475864052772522,1782820328.7030923
435700,0.14718803763389587,1782820334.8546524
435800,0.14563827216625214,1782820340.9170818
435900,0.14470471441745758,1782820346.900643
436000,0.14416000247001648,1782820352.782459
436100,0.14413736760616302,1782820358.7152312
436200,0.14421029388904572,1782820364.8400545
436300,0.14482435584068298,1782820370.8931804
436400,0.14428845047950745,1782820376.9570193
436500,0.14364762604236603,1782820382.9575083
436600,0.14286471903324127,1782820389.1885676
436700,0.14227637648582458,1782820395.0816302
436800,0.14160706102848053,1782820401.0592122
436900,0.14183177053928375,1782820407.2392702
437000,0.1423284113407135,1782820413.432048
437100,0.14195296168327332,1782820419.5641336
437200,0.14204846322536469,1782820425.6069546
437300,0.14178597927093506,1782820431.5680084
437400,0.1420031189918518,1782820437.8391724
437500,0.14141252636909485,1782820443.9847353
437600,0.1400425285100937,1782820450.1558123
437700,0.13853012025356293,1782820456.073376
437800,0.13873586058616638,1782820461.956465
437900,0.1391194760799408,1782820468.0095115
438000,0.13885340094566345,1782820474.0005708
438100,0.13962075114250183,1782820479.9401233
438200,0.14074672758579254,1782820485.903001
438300,0.14143796265125275,1782820491.657228
438400,0.14148962497711182,1782820497.449147
438500,0.1417824625968933,1782820503.3714726
438600,0.14212386310100555,1782820509.3732271
438700,0.14255113899707794,1782820515.4837682
438800,0.14407867193222046,1782820521.3076532
438900,0.14367392659187317,1782820527.2254112
439000,0.14353206753730774,1782820533.2047367
439100,0.14437700808048248,1782820539.2008681
439200,0.14393830299377441,1782820545.3247757
439300,0.14430701732635498,1782820551.1495523
439400,0.14504924416542053,1782820557.1989005
439500,0.1458515226840973,1782820563.0016632
439600,0.1472485363483429,1782820568.792466
439700,0.14734958112239838,1782820574.989324
439800,0.14680127799510956,1782820581.0128243
439900,0.14637508988380432,1782820586.954692
440000,0.14590848982334137,1782820592.8836558
440100,0.14612403512001038,1782820598.7546527
440200,0.1450677216053009,1782820604.6064415
440300,0.14475226402282715,1782820610.622373
440400,0.14526143670082092,1782820616.5930297
440500,0.14528580009937286,1782820622.670273
440600,0.14632181823253632,1782820628.5122328
440700,0.1473042070865631,1782820634.2673798
440800,0.14902903139591217,1782820640.170597
440900,0.14994430541992188,1782820646.098342
441000,0.15089911222457886,1782820652.208572
441100,0.15154673159122467,1782820658.1769712
441200,0.1532692313194275,1782820664.036788
441300,0.15410356223583221,1782820669.8773594
441400,0.1545954942703247,1782820675.6063404
441500,0.15488748252391815,1782820681.449669
441600,0.15562409162521362,1782820687.5109537
441700,0.15616780519485474,1782820693.5484755
441800,0.15620416402816772,1782820699.5038521
441900,0.15677879750728607,1782820705.5531073
442000,0.1562277227640152,1782820711.5677905
442100,0.15604591369628906,1782820717.4825644
442200,0.15577073395252228,1782820723.441082
442300,0.15648746490478516,1782820729.3866556
442400,0.15664836764335632,1782820735.1499107
442500,0.15598437190055847,1782820740.8704424
442600,0.1558820605278015,1782820746.7264054
442700,0.15615320205688477,1782820752.4918733
442800,0.15718477964401245,1782820758.2845736
442900,0.15701711177825928,1782820764.2491906
443000,0.1564672887325287,1782820770.1797972
443100,0.15670642256736755,1782820776.3272498
443200,0.15660259127616882,1782820782.2193685
443300,0.15667717158794403,1782820788.243486
443400,0.15623614192008972,1782820794.1692264
443500,0.15633425116539001,1782820800.0570657
443600,0.15712659060955048,1782820806.0087826
443700,0.1561945080757141,1782820812.108633
443800,0.1553075760602951,1782820817.774018
443900,0.15570084750652313,1782820823.7938824
444000,0.15616975724697113,1782820829.7022223
444100,0.15590032935142517,1782820835.4482071
444200,0.15699687600135803,1782820841.2975135
444300,0.15808576345443726,1782820847.3660762
444400,0.15835009515285492,1782820853.2861676
444500,0.15957659482955933,1782820859.145739
444600,0.16005772352218628,1782820865.154448
444700,0.15967196226119995,1782820871.2973077
444800,0.15929165482521057,1782820877.164695
444900,0.1596028208732605,1782820883.017047
445000,0.15916059911251068,1782820889.2008178
445100,0.1590418964624405,1782820895.2989585
445200,0.16005493700504303,1782820901.2250178
445300,0.1608814299106598,1782820907.2426803
445400,0.16109828650951385,1782820913.3861737
445500,0.16193120181560516,1782820919.3335915
445600,0.162146657705307,1782820925.4223394
445700,0.1629919558763504,1782820931.2087007
445800,0.16337716579437256,1782820937.2753015
445900,0.1641513854265213,1782820943.2439597
446000,0.16463430225849152,1782820949.3866658
446100,0.1648554801940918,1782820955.3344064
446200,0.16405439376831055,1782820961.5090687
446300,0.1643541157245636,1782820967.441269
446400,0.1640373021364212,1782820973.5372562
446500,0.16349726915359497,1782820979.6230798
446600,0.16334286332130432,1782820985.6342711
446700,0.16373808681964874,1782820991.8903925
446800,0.16360735893249512,1782820997.8035982
446900,0.16278064250946045,1782821003.8540263
447000,0.16119596362113953,1782821009.7061634
447100,0.16145704686641693,1782821015.7737887
447200,0.16090483963489532,1782821021.7442956
447300,0.1598973572254181,1782821027.8062572
447400,0.15938501060009003,1782821034.02929
447500,0.16020871698856354,1782821040.0077977
447600,0.1618308275938034,1782821045.9671354
447700,0.1623426228761673,1782821051.9831014
447800,0.161902517080307,1782821057.9938867
447900,0.16029515862464905,1782821064.0484147
448000,0.1593586802482605,1782821069.8984997
448100,0.1593194603919983,1782821076.1177163
448200,0.15913136303424835,1782821082.2378466
448300,0.15846675634384155,1782821088.3111088
448400,0.15719375014305115,1782821094.5470378
448500,0.156687930226326,1782821100.7796214
448600,0.15520574152469635,1782821106.8564155
448700,0.15480972826480865,1782821113.0747912
448800,0.15531739592552185,1782821119.002094
448900,0.15400832891464233,1782821125.1691356
449000,0.15412266552448273,1782821131.297686
449100,0.15317581593990326,1782821137.0924559
449200,0.15252819657325745,1782821142.8783748
449300,0.15227565169334412,1782821148.6221611
449400,0.15193842351436615,1782821154.4263785
449500,0.15136706829071045,1782821160.3988662
449600,0.15058168768882751,1782821166.3365946
449700,0.14958932995796204,1782821172.2376819
449800,0.14999696612358093,1782821178.2708037
449900,0.14952707290649414,1782821184.268578
450000,0.15036651492118835,1782821190.3084908
450100,0.15116442739963531,1782821323.6295767
450200,0.15230029821395874,1782821329.6969836
450300,0.15138012170791626,1782821335.6840649
450400,0.15054050087928772,1782821341.7224915
450500,0.14984296262264252,1782821347.7467976
450600,0.14913135766983032,1782821353.5637853
450700,0.1479966789484024,1782821359.468421
450800,0.14608590304851532,1782821365.2172518
450900,0.14600889384746552,1782821371.1569204
451000,0.14508193731307983,1782821377.4144287
451100,0.14474773406982422,1782821383.532921
451200,0.14458335936069489,1782821389.6142077
451300,0.14340580999851227,1782821395.6198359
451400,0.14348584413528442,1782821401.5690393
451500,0.1429135501384735,1782821407.4524136
451600,0.14282697439193726,1782821413.6930027
451700,0.14354483783245087,1782821419.4663157
451800,0.14335580170154572,1782821425.3713152
451900,0.14391528069972992,1782821431.4849377
452000,0.1431943029165268,1782821437.286191
452100,0.1430743783712387,1782821443.0417283
452200,0.1423959881067276,1782821448.9314597
452300,0.14103415608406067,1782821454.6733654
452400,0.1392795741558075,1782821460.3509307
452500,0.13862696290016174,1782821466.2995598
452600,0.13903599977493286,1782821471.992637
452700,0.1383354663848877,1782821477.8345358
452800,0.1377221643924713,1782821483.9255524
452900,0.13722927868366241,1782821489.8527174
453000,0.13884121179580688,1782821495.7574313
453100,0.13845980167388916,1782821501.7331967
453200,0.1380878984928131,1782821507.86523
453300,0.13774459064006805,1782821513.9554434
453400,0.13687776029109955,1782821519.9431007
453500,0.13558433949947357,1782821525.721964
453600,0.13538984954357147,1782821531.949679
453700,0.13445104658603668,1782821537.895223
453800,0.13389648497104645,1782821543.91755
453900,0.1345517337322235,1782821549.6451626
454000,0.13383136689662933,1782821555.7780166
454100,0.13474570214748383,1782821561.850403
454200,0.1358734518289566,1782821568.0252404
454300,0.13702690601348877,1782821574.0696912
454400,0.1387626677751541,1782821580.2491915
454500,0.1391305774450302,1782821586.2367816
454600,0.14106376469135284,1782821592.2414792
454700,0.1416625827550888,1782821598.3729818
454800,0.14242547750473022,1782821604.4048796
454900,0.14401885867118835,1782821610.398162
455000,0.14476047456264496,1782821616.4975019
455100,0.1447276622056961,1782821622.4673429
455200,0.1443668156862259,1782821628.6980321
455300,0.14507630467414856,1782821634.840713
455400,0.1457487791776657,1782821640.9905534
455500,0.14626066386699677,1782821647.2104847
455600,0.1464739292860031,1782821653.2386603
455700,0.1469266414642334,1782821659.3577003
455800,0.14611458778381348,1782821665.3050017
455900,0.1459473967552185,1782821671.3599021
456000,0.1453072428703308,1782821677.3395143
456100,0.14530368149280548,1782821683.447606
456200,0.14547325670719147,1782821689.3489704
456300,0.14576610922813416,1782821695.2713113
456400,0.14533787965774536,1782821700.9672105
456500,0.14558205008506775,1782821706.9702828
456600,0.14587539434432983,1782821712.854968
456700,0.14598743617534637,1782821718.802612
456800,0.14712786674499512,1782821724.824903
456900,0.1473512202501297,1782821730.9439669
457000,0.1490045040845871,1782821736.8747873
457100,0.149375781416893,1782821742.941966
457200,0.15079252421855927,1782821748.9550557
457300,0.15014927089214325,1782821755.0862727
457400,0.14953191578388214,1782821760.8155925
457500,0.14980927109718323,1782821766.7128668
457600,0.14974001049995422,1782821772.6022623
457700,0.14921151101589203,1782821778.5748186
457800,0.14900009334087372,1782821784.2593484
457900,0.14785386621952057,1782821790.0339868
458000,0.1467200666666031,1782821796.0662088
458100,0.1461598426103592,1782821801.918921
458200,0.1456477791070938,1782821807.692735
458300,0.1462605595588684,1782821813.534977
458400,0.14684998989105225,1782821819.548559
458500,0.1472507268190384,1782821825.6210568
458600,0.1478041410446167,1782821831.7473822
458700,0.1489165723323822,1782821837.6494129
458800,0.15046581625938416,1782821843.6040082
458900,0.15011565387248993,1782821849.4980905
459000,0.15004533529281616,1782821855.7341802
459100,0.15024711191654205,1782821861.9422596
459200,0.14977535605430603,1782821867.8753974
459300,0.14899951219558716,1782821874.0068612
459400,0.14910708367824554,1782821880.0124443
459500,0.14957372844219208,1782821885.7493808
459600,0.14990276098251343,1782821891.4412515
459700,0.15124736726284027,1782821897.5627446
459800,0.15171892940998077,1782821903.3015714
459900,0.151095911860466,1782821909.1038027
460000,0.15101519227027893,1782821915.0962212
460100,0.15153203904628754,1782821920.740555
460200,0.1518034040927887,1782821926.7038305
460300,0.15186746418476105,1782821932.5377896
460400,0.1522015631198883,1782821938.413932
460500,0.15314501523971558,1782821944.390902
460600,0.15401236712932587,1782821950.4522316
460700,0.15416310727596283,1782821956.2180617
460800,0.15397320687770844,1782821962.3021328
460900,0.1545013189315796,1782821968.2077003
461000,0.15506094694137573,1782821974.2686114
461100,0.15566451847553253,1782821980.4497294
461200,0.15421360731124878,1782821986.3005025
461300,0.15359529852867126,1782821992.2726784
461400,0.1528860181570053,1782821998.2564175
461500,0.1514919400215149,1782822004.253293
461600,0.15095995366573334,1782822010.0871205
461700,0.15063761174678802,1782822016.1019151
461800,0.1502465009689331,1782822021.97876
461900,0.1517898589372635,1782822027.9936025
462000,0.15153959393501282,1782822033.9719536
462100,0.15149278938770294,1782822040.0498025
462200,0.15222099423408508,1782822045.8069367
462300,0.15235161781311035,1782822051.6011536
462400,0.15246619284152985,1782822057.706007
462500,0.152457132935524,1782822063.8476317
462600,0.1526753306388855,1782822069.9796927
462700,0.1530086249113083,1782822075.9551187
462800,0.153451606631279,1782822082.0807695
462900,0.1534322053194046,1782822087.9565575
463000,0.15408939123153687,1782822094.020412
463100,0.15434974431991577,1782822099.934054
463200,0.15486279129981995,1782822105.9710333
463300,0.15539993345737457,1782822112.101856
463400,0.1554425060749054,1782822117.971112
463500,0.15551723539829254,1782822123.7474782
463600,0.15549282729625702,1782822129.6062045
463700,0.1563844233751297,1782822135.4930403
463800,0.15592823922634125,1782822141.3291488
463900,0.15620659291744232,1782822147.269598
464000,0.15724992752075195,1782822153.2917702
464100,0.1580190658569336,1782822159.2676685
464200,0.15799686312675476,1782822165.2652075
464300,0.15790052711963654,1782822171.0985162
464400,0.15817783772945404,1782822177.0951107
464500,0.15764553844928741,1782822183.2472792
464600,0.15834642946720123,1782822189.3263893
464700,0.15771780908107758,1782822195.334733
464800,0.15774723887443542,1782822201.5022717
464900,0.15687322616577148,1782822207.4184422
465000,0.15737710893154144,1782822213.6425035
465100,0.15675514936447144,1782822219.5471652
465200,0.15754646062850952,1782822225.329614
465300,0.1573045551776886,1782822231.063891
465400,0.15744057297706604,1782822237.1499264
465500,0.1569993495941162,1782822243.2282636
465600,0.15731686353683472,1782822249.2041793
465700,0.1569499522447586,1782822255.1787705
465800,0.15727922320365906,1782822261.1550345
465900,0.1565900593996048,1782822267.164633
466000,0.15723268687725067,1782822273.2652206
466100,0.15646572411060333,1782822279.446165
466200,0.1554805040359497,1782822285.4850109
466300,0.15491607785224915,1782822291.4475155
466400,0.15387825667858124,1782822297.267392
466500,0.15315450727939606,1782822303.0419812
466600,0.15341651439666748,1782822308.8042629
466700,0.15331421792507172,1782822314.6808102
466800,0.15447773039340973,1782822320.7255285
466900,0.1555349975824356,1782822326.6873434
467000,0.15591345727443695,1782822332.8272817
467100,0.1571882963180542,1782822338.7167342
467200,0.1581607162952423,1782822344.6997643
467300,0.15925030410289764,1782822350.5414553
467400,0.15970373153686523,1782822356.4525282
467500,0.16067451238632202,1782822362.3164375
467600,0.16091962158679962,1782822368.2712412
467700,0.16156186163425446,1782822374.3217528
467800,0.16110439598560333,1782822380.2169096
467900,0.16130445897579193,1782822386.0833433
468000,0.16176176071166992,1782822392.1877291
468100,0.16291293501853943,1782822398.197527
468200,0.16420860588550568,1782822404.2582688
468300,0.16435712575912476,1782822410.3215406
468400,0.16447031497955322,1782822416.2209175
468500,0.16465240716934204,1782822421.9377344
468600,0.16517873108386993,1782822428.0677195
468700,0.1660129427909851,1782822434.0202947
468800,0.16630230844020844,1782822439.877767
468900,0.16602179408073425,1782822445.7627752
469000,0.1655520647764206,1782822451.6425776
469100,0.16569337248802185,1782822457.6060312
469200,0.16581016778945923,1782822463.7256198
469300,0.1664922833442688,1782822469.7864668
469400,0.16542364656925201,1782822475.6223567
469500,0.16576729714870453,1782822481.6065862
469600,0.16653776168823242,1782822487.5770535
469700,0.16621676087379456,1782822493.8064148
469800,0.16533330082893372,1782822499.8642309
469900,0.16404053568840027,1782822506.001607
470000,0.163307324051857,1782822511.9262357
470100,0.16292698681354523,1782822518.2315233
470200,0.16192397475242615,1782822524.2211003
470300,0.16070620715618134,1782822530.259633
470400,0.15994976460933685,1782822536.3602788
470500,0.16042731702327728,1782822542.339606
470600,0.15964704751968384,1782822548.4144876
470700,0.15878379344940186,1782822554.5793338
470800,0.1595383733510971,1782822560.6603553
470900,0.15979407727718353,1782822566.65404
471000,0.1595383584499359,1782822572.8308156
471100,0.15877540409564972,1782822578.8647866
471200,0.1591465324163437,1782822584.8266876
471300,0.15902046859264374,1782822591.1264808
471400,0.15884099900722504,1782822597.3798268
471500,0.15896743535995483,1782822603.3166225
471600,0.15977250039577484,1782822609.1731925
471700,0.1596720814704895,1782822615.6192524
471800,0.15924833714962006,1782822621.490013
471900,0.1596599668264389,1782822627.26811
472000,0.16096508502960205,1782822633.7015915
472100,0.16078464686870575,1782822639.788203
472200,0.1609337031841278,1782822645.7542048
472300,0.16224698722362518,1782822652.020798
472400,0.1622273474931717,1782822658.2400486
472500,0.16145960986614227,1782822664.103619
472600,0.16100262105464935,1782822670.0845923
472700,0.1597110778093338,1782822676.1244204
472800,0.15931306779384613,1782822682.030793
472900,0.15893962979316711,1782822687.9714284
473000,0.15878073871135712,1782822694.0578055
473100,0.15796612203121185,1782822700.0388167
473200,0.15737269818782806,1782822706.13601
473300,0.1556379646062851,1782822712.3534708
473400,0.1555236130952835,1782822718.4280045
473500,0.15423278510570526,1782822724.4388247
473600,0.15276473760604858,1782822730.4881432
473700,0.15232166647911072,1782822736.3661482
473800,0.1532680094242096,1782822742.4372163
473900,0.15372125804424286,1782822748.6880383
474000,0.15406657755374908,1782822754.8935778
474100,0.15360680222511292,1782822760.9355187
474200,0.1531975269317627,1782822766.9730053
474300,0.15414825081825256,1782822773.1316273
474400,0.1541726142168045,1782822779.0414822
474500,0.15383636951446533,1782822784.9875834
474600,0.15396307408809662,1782822790.881566
474700,0.1544632464647293,1782822796.8264053
474800,0.15396815538406372,1782822802.9735188
474900,0.15416429936885834,1782822808.9249914
475000,0.15374855697155,1782822814.9976268
475100,0.15426497161388397,1782822957.8407047
475200,0.15448008477687836,1782822963.614608
475300,0.1556054800748825,1782822969.3986807
475400,0.15690331161022186,1782822975.3472028
475500,0.15657468140125275,1782822981.1123455
475600,0.15629644691944122,1782822987.3556237
475700,0.15725035965442657,1782822993.532768
475800,0.15742111206054688,1782822999.495007
475900,0.1585596799850464,1782823005.5368562
476000,0.15820206701755524,1782823011.682866
476100,0.15888665616512299,1782823017.781116
476200,0.1582522690296173,1782823023.7405636
476300,0.15716969966888428,1782823029.9151115
476400,0.15646114945411682,1782823036.0730557
476500,0.15726414322853088,1782823042.0972445
476600,0.1562638133764267,1782823048.0635104
476700,0.1551620364189148,1782823054.2062023
476800,0.1556529849767685,1782823060.2848182
476900,0.1561146378517151,1782823066.2025843
477000,0.15646681189537048,1782823072.1611414
477100,0.1568671315908432,1782823078.042344
477200,0.15854573249816895,1782823083.9064913
477300,0.159926176071167,1782823089.983765
477400,0.1607201248407364,1782823095.8055346
477500,0.16018225252628326,1782823102.1285374
477600,0.1602049320936203,1782823108.0423539
477700,0.16021040081977844,1782823114.1107738
477800,0.16085569560527802,1782823119.9380198
477900,0.16165916621685028,1782823125.862203
478000,0.16179348528385162,1782823131.9680276
478100,0.1624196171760559,1782823137.8738012
478200,0.16242355108261108,1782823143.6747453
478300,0.16228705644607544,1782823149.9161716
478400,0.1617995947599411,1782823156.1293085
478500,0.1613461673259735,1782823162.1827111
478600,0.1614242047071457,1782823168.1704724
478700,0.16039587557315826,1782823174.2756178
478800,0.1602718085050583,1782823180.3699644
478900,0.1589338481426239,1782823186.618439
479000,0.15979257225990295,1782823192.6150331
479100,0.1591324359178543,1782823198.5534387
479200,0.1594364047050476,1782823204.6191607
479300,0.16001766920089722,1782823210.3983743
479400,0.16006796061992645,1782823216.4617548
479500,0.1598050445318222,1782823222.38485
479600,0.15945564210414886,1782823228.5093353
479700,0.15863527357578278,1782823234.3669996
479800,0.15828655660152435,1782823240.2602198
479900,0.15754537284374237,1782823246.4397302
480000,0.15688559412956238,1782823252.5556724
480100,0.15768791735172272,1782823258.560656
480200,0.1587049961090088,1782823264.801101
480300,0.15855509042739868,1782823270.902982
480400,0.15825116634368896,1782823276.8423696
480500,0.158072829246521,1782823282.7053618
480600,0.15911559760570526,1782823288.5052047
480700,0.16032786667346954,1782823294.4135616
480800,0.16098833084106445,1782823300.406242
480900,0.16233673691749573,1782823306.5890207
481000,0.16251513361930847,1782823312.7619011
481100,0.16243229806423187,1782823318.8809762
481200,0.16254620254039764,1782823324.8001015
481300,0.16160115599632263,1782823330.821526
481400,0.16177554428577423,1782823336.7930505
481500,0.16078276932239532,1782823343.0666342
481600,0.1601225882768631,1782823348.9539204
481700,0.16037580370903015,1782823355.2339463
481800,0.16054360568523407,1782823361.2686768
481900,0.1610025316476822,1782823367.4634
482000,0.16026844084262848,1782823373.6171875
482100,0.159388467669487,1782823379.5489066
482200,0.16002540290355682,1782823385.7195597
482300,0.16040538251399994,1782823391.5157614
482400,0.16167275607585907,1782823397.379548
482500,0.16221842169761658,1782823403.46996
482600,0.16198982298374176,1782823409.345693
482700,0.162369504570961,1782823415.2276783
482800,0.16270622611045837,1782823421.1435456
482900,0.16274480521678925,1782823427.2177649
483000,0.1621764898300171,1782823433.21707
483100,0.16236281394958496,1782823439.2320235
483200,0.1629682034254074,1782823445.370497
483300,0.16210438311100006,1782823451.6821387
483400,0.16152888536453247,1782823457.5736842
483500,0.1618584841489792,1782823463.8054163
483600,0.1615072637796402,1782823469.8508976
483700,0.16078421473503113,1782823475.8643613
483800,0.16112564504146576,1782823481.8747177
483900,0.16083161532878876,1782823488.1254096
484000,0.1602182686328888,1782823494.1444345
484100,0.1598494052886963,1782823500.1831598
484200,0.1600537747144699,1782823506.4746823
484300,0.15952324867248535,1782823512.6112468
484400,0.15965932607650757,1782823518.5192661
484500,0.1606275588274002,1782823524.6689255
484600,0.16023896634578705,1782823530.881788
484700,0.16020344197750092,1782823536.8993046
484800,0.15949301421642303,1782823543.0411499
484900,0.15835930407047272,1782823549.0089288
485000,0.15890862047672272,1782823555.0157917
485100,0.16007663309574127,1782823561.0623758
485200,0.15884524583816528,1782823567.152968
485300,0.15754066407680511,1782823573.2356434
485400,0.15712937712669373,1782823579.2258098
485500,0.15860354900360107,1782823585.1789217
485600,0.15892836451530457,1782823591.109119
485700,0.15986275672912598,1782823597.1842093
485800,0.15968161821365356,1782823603.3041296
485900,0.15913628041744232,1782823609.1142182
486000,0.15902037918567657,1782823615.0797625
486100,0.15960729122161865,1782823621.2840867
486200,0.15968197584152222,1782823627.4622705
486300,0.15838362276554108,1782823633.5987935
486400,0.1581031084060669,1782823639.538574
486500,0.15777990221977234,1782823645.4260154
486600,0.15641972422599792,1782823651.2338555
486700,0.155809685587883,1782823657.3707182
486800,0.15652501583099365,1782823663.327137
486900,0.15608566999435425,1782823669.1926608
487000,0.15520623326301575,1782823675.517484
487100,0.15563391149044037,1782823681.6212184
487200,0.1545114368200302,1782823687.5756247
487300,0.15450343489646912,1782823693.6789663
487400,0.15443924069404602,1782823699.5334635
487500,0.15455828607082367,1782823705.4269743
487600,0.1554439216852188,1782823711.2890108
487700,0.15614540874958038,1782823717.123564
487800,0.1565334051847458,1782823723.1879988
487900,0.1576608121395111,1782823729.233887
488000,0.1585838347673416,1782823735.275645
488100,0.15884006023406982,1782823741.3413298
488200,0.15865570306777954,1782823747.2385268
488300,0.1592484414577484,1782823753.2823248
488400,0.15851013362407684,1782823759.285899
488500,0.15834549069404602,1782823765.3077703
488600,0.15740489959716797,1782823771.371224
488700,0.15705697238445282,1782823777.552838
488800,0.15566343069076538,1782823783.7984025
488900,0.15508374571800232,1782823789.6973286
489000,0.15533973276615143,1782823795.9372468
489100,0.15601596236228943,1782823801.9400342
489200,0.1566893607378006,1782823807.9039845
489300,0.1556117832660675,1782823814.1895058
489400,0.155597522854805,1782823820.118277
489500,0.15619802474975586,1782823826.4218864
489600,0.15767411887645721,1782823832.442479
489700,0.15752358734607697,1782823838.3920147
489800,0.15790103375911713,1782823844.3869174
489900,0.15846990048885345,1782823850.548
490000,0.1598641723394394,1782823856.5061412
490100,0.1605905294418335,1782823862.6143546
490200,0.16139450669288635,1782823868.5340116
490300,0.16298748552799225,1782823874.534909
490400,0.16416049003601074,1782823880.5209224
490500,0.16378508508205414,1782823886.4755304
490600,0.16304659843444824,1782823892.5040154
490700,0.16354621946811676,1782823898.6487849
490800,0.16325882077217102,1782823904.8405476
490900,0.1622825711965561,1782823910.86649
491000,0.16198813915252686,1782823917.1283998
491100,0.16150136291980743,1782823922.9538186
491200,0.1614941954612732,1782823928.9318924
491300,0.161459282040596,1782823934.7449675
491400,0.16098643839359283,1782823940.58238
491500,0.1604032665491104,1782823946.74137
491600,0.16047774255275726,1782823952.7648718
491700,0.16056574881076813,1782823958.6884875
491800,0.16041116416454315,1782823964.695564
491900,0.16074316203594208,1782823970.667754
492000,0.1620035171508789,1782823976.633951
492100,0.16271445155143738,1782823982.8179166
492200,0.1637049913406372,1782823989.0563288
492300,0.16425220668315887,1782823995.0107822
492400,0.16322843730449677,1782824001.1152444
492500,0.16142679750919342,1782824007.0826526
492600,0.15958790481090546,1782824013.0730033
492700,0.15847155451774597,1782824019.0973637
492800,0.15785305202007294,1782824024.9900045
492900,0.1571814864873886,1782824031.2223506
493000,0.1563011258840561,1782824037.273316
493100,0.1558983027935028,1782824043.3381808
493200,0.15526024997234344,1782824049.2395546
493300,0.15568017959594727,1782824055.1257503
493400,0.1549030989408493,1782824060.974009
493500,0.1540408730506897,1782824066.8823152
493600,0.15324458479881287,1782824072.9043891
493700,0.1526024490594864,1782824079.0214062
493800,0.15271925926208496,1782824085.0254612
493900,0.15234200656414032,1782824091.072144
494000,0.15179337561130524,1782824097.002583
494100,0.15085017681121826,1782824103.1756325
494200,0.15127091109752655,1782824109.0886931
494300,0.15117287635803223,1782824115.2443268
494400,0.15026555955410004,1782824121.497841
494500,0.14980432391166687,1782824127.5829558
494600,0.14958389103412628,1782824133.6974652
494700,0.14887666702270508,1782824140.0182705
494800,0.14944607019424438,1782824146.1496336
494900,0.15074662864208221,1782824152.4100962
495000,0.15197253227233887,1782824158.4700785
495100,0.1523449569940567,1782824164.563854
495200,0.15374521911144257,1782824170.7913556
495300,0.15455204248428345,1782824176.9047189
495400,0.1551828533411026,1782824182.8453252
495500,0.15708445012569427,1782824189.0492363
495600,0.15762034058570862,1782824195.017185
495700,0.15737640857696533,1782824200.8922696
495800,0.1579718142747879,1782824206.7410164
495900,0.15802423655986786,1782824212.9364624
496000,0.1572253406047821,1782824219.0048928
496100,0.15782253444194794,1782824225.1053329
496200,0.15902194380760193,1782824231.1077976
496300,0.15987248718738556,1782824237.4187489
496400,0.15983177721500397,1782824243.4412754
496500,0.15892961621284485,1782824249.5604777
496600,0.15871691703796387,1782824255.4729717
496700,0.15942811965942383,1782824261.3078065
496800,0.16013966500759125,1782824267.283014
496900,0.15903612971305847,1782824273.089031
497000,0.15902799367904663,1782824279.037529
497100,0.15984725952148438,1782824285.144153
497200,0.15848243236541748,1782824291.278882
497300,0.1584429144859314,1782824297.492659
497400,0.15807922184467316,1782824303.4470162
497500,0.1584756076335907,1782824309.5961585
497600,0.158775195479393,1782824315.5357761
497700,0.1589505821466446,1782824321.640479
497800,0.1586640328168869,1782824327.891898
497900,0.15851520001888275,1782824334.1009417
498000,0.15870274603366852,1782824340.0206788
498100,0.15921494364738464,1782824346.0826259
498200,0.15906672179698944,1782824352.2037084
498300,0.1579362004995346,1782824358.468878
498400,0.15724369883537292,1782824364.671654
498500,0.15767690539360046,1782824370.7937262
498600,0.15752853453159332,1782824376.6730514
498700,0.15790900588035583,1782824382.845772
498800,0.15782031416893005,1782824388.7620301
498900,0.15838268399238586,1782824394.9017828
499000,0.15869133174419403,1782824400.92912
499100,0.15922081470489502,1782824406.931586
499200,0.16014596819877625,1782824413.1629252
499300,0.1610189974308014,1782824419.2914212
499400,0.16154924035072327,1782824425.3524861
499500,0.16200387477874756,1782824431.6180565
499600,0.16197791695594788,1782824437.8418212
499700,0.16381606459617615,1782824443.874511
499800,0.16468486189842224,1782824450.280722
499900,0.1649111807346344,1782824456.3265646
500000,0.16395747661590576,1782824462.3657646
500100,0.15812689065933228,1782824626.0010574
500200,0.15393829345703125,1782824632.1681452
500300,0.15076389908790588,1782824638.208763
500400,0.14797428250312805,1782824644.2003336
500500,0.14573539793491364,1782824650.2413306
500600,0.14383195340633392,1782824656.1679254
500700,0.14234820008277893,1782824662.2943585
500800,0.14078332483768463,1782824668.3841662
500900,0.13941361010074615,1782824674.2865791
501000,0.13807302713394165,1782824680.2408898
501100,0.1367313712835312,1782824686.3903792
501200,0.13543914258480072,1782824692.4122045
501300,0.13421030342578888,1782824698.592594
501400,0.13314370810985565,1782824704.6062813
501500,0.13176970183849335,1782824710.5501893
501600,0.13078661262989044,1782824716.5101779
501700,0.12993769347667694,1782824722.4514747
501800,0.1293489634990692,1782824728.6008997
501900,0.1285984069108963,1782824735.067788
502000,0.12797226011753082,1782824741.0607867
502100,0.12708339095115662,1782824747.217444
502200,0.12645047903060913,1782824753.3480136
502300,0.12523309886455536,1782824759.5180175
502400,0.12450699508190155,1782824765.5547552
502500,0.12397444248199463,1782824771.5249255
502600,0.12364277243614197,1782824777.7369065
502700,0.12306724488735199,1782824784.0729535
502800,0.12243901193141937,1782824790.4332342
502900,0.12179768830537796,1782824796.298816
503000,0.12139488756656647,1782824802.2982793
503100,0.1207275465130806,1782824808.4751868
503200,0.11970692127943039,1782824814.3745506
503300,0.11901012063026428,1782824820.549212
503400,0.11819425225257874,1782824826.6442935
503500,0.11748359352350235,1782824832.7636492
503600,0.11678139865398407,1782824838.9301322
503700,0.11597378551959991,1782824845.1145256
503800,0.11534592509269714,1782824851.127664
503900,0.11535371094942093,1782824857.1111526
504000,0.11504732817411423,1782824863.1387148
504100,0.11438283324241638,1782824869.070222
504200,0.11369895935058594,1782824875.219442
504300,0.11375576257705688,1782824881.318352
504400,0.11357294768095016,1782824887.1684444
504500,0.11285668611526489,1782824893.2553327
504600,0.113052599132061,1782824899.4523144
504700,0.11312615126371384,1782824905.5964968
504800,0.11311601102352142,1782824911.7999682
504900,0.11315088719129562,1782824917.7677808
505000,0.11318162828683853,1782824923.840454
505100,0.11367172002792358,1782824929.938208
505200,0.11488322168588638,1782824936.1964471
505300,0.11465170979499817,1782824942.115129
505400,0.11442521214485168,1782824948.3291717
505500,0.11429265886545181,1782824954.517051
505600,0.11433710902929306,1782824960.5191882
505700,0.11421340703964233,1782824966.5979528
505800,0.11450143158435822,1782824972.7561255
505900,0.11481616646051407,1782824978.7641077
506000,0.11496550589799881,1782824984.7105103
506100,0.11555583775043488,1782824990.5658302
506200,0.11550860106945038,1782824996.7411122
506300,0.11611035466194153,1782825002.6411624
506400,0.1156734824180603,1782825008.6673963
506500,0.11566052585840225,1782825014.695726
506600,0.11643508076667786,1782825020.6705086
506700,0.11657530069351196,1782825026.8138149
506800,0.11747509986162186,1782825032.914559
506900,0.11797122657299042,1782825038.8192387
507000,0.11921001225709915,1782825044.9938488
507100,0.12015710771083832,1782825051.303931
507200,0.12091477960348129,1782825057.3687177
507300,0.12133605778217316,1782825063.4838786
507400,0.12266957759857178,1782825069.2506297
507500,0.12363725900650024,1782825075.1542165
507600,0.12504497170448303,1782825081.37829
507700,0.12569564580917358,1782825087.384408
507800,0.12608648836612701,1782825093.5163608
507900,0.12677647173404694,1782825099.500509
508000,0.12691697478294373,1782825105.5279186
508100,0.12739242613315582,1782825111.4831429
508200,0.12791414558887482,1782825117.83856
508300,0.12744349241256714,1782825124.0805511
508400,0.12743398547172546,1782825130.1147888
508500,0.1281299740076065,1782825136.074727
508600,0.12934266030788422,1782825142.3178315
508700,0.1302523910999298,1782825148.257198
508800,0.13135850429534912,1782825154.4398355
508900,0.13150958716869354,1782825160.4338825
509000,0.13125216960906982,1782825166.593075
509100,0.13120849430561066,1782825172.6354403
509200,0.13131889700889587,1782825178.5965385
509300,0.13140155375003815,1782825184.5706987
509400,0.13143914937973022,1782825190.5220444
509500,0.13194479048252106,1782825196.604144
509600,0.13197888433933258,1782825202.669832
509700,0.13207568228244781,1782825208.6897187
509800,0.13206343352794647,1782825214.6174507
509900,0.13293860852718353,1782825220.664338
510000,0.13350623846054077,1782825226.6481402
510100,0.13378693163394928,1782825232.732821
510200,0.13344696164131165,1782825238.8670142
510300,0.13357341289520264,1782825245.0021763
510400,0.13421852886676788,1782825251.0715983
510500,0.13519570231437683,1782825257.049093
510600,0.13521279394626617,1782825263.0870724
510700,0.13593770563602448,1782825269.350426
510800,0.1369989812374115,1782825275.2504022
510900,0.13824278116226196,1782825281.5780165
511000,0.13852916657924652,1782825287.4555461
511100,0.13960573077201843,1782825293.4346137
511200,0.13944333791732788,1782825299.450165
511300,0.13921871781349182,1782825305.4386814
511400,0.14108702540397644,1782825311.4409366
511500,0.14191851019859314,1782825317.6186235
511600,0.14259876310825348,1782825323.617204
511700,0.14290620386600494,1782825329.3607545
511800,0.14237263798713684,1782825335.2306192
511900,0.1424032747745514,1782825341.2475524
512000,0.14117911458015442,1782825347.046978
512100,0.14045503735542297,1782825353.0818157
512200,0.14034558832645416,1782825358.8751926
512300,0.13901565968990326,1782825364.901577
512400,0.13816995918750763,1782825370.8668294
512500,0.13742557168006897,1782825376.7400281
512600,0.13727030158042908,1782825382.570531
512700,0.13685913383960724,1782825388.48027
512800,0.13661742210388184,1782825394.4382823
512900,0.1368485689163208,1782825400.515892
513000,0.13697990775108337,1782825406.479223
513100,0.13700824975967407,1782825412.595276
513200,0.13684891164302826,1782825418.5567832
513300,0.1366390883922577,1782825424.8166935
513400,0.13527189195156097,1782825430.7481885
513500,0.13502244651317596,1782825436.6077232
513600,0.13543860614299774,1782825442.7501647
513700,0.1359749436378479,1782825448.89841
513800,0.13619406521320343,1782825454.9229145
513900,0.137088805437088,1782825460.9855628
514000,0.1370629519224167,1782825467.0648215
514100,0.1383422315120697,1782825473.053706
514200,0.13844314217567444,1782825479.1663737
514300,0.13859544694423676,1782825485.1750295
514400,0.14014364778995514,1782825491.1169925
514500,0.14108408987522125,1782825497.2499495
514600,0.1409997045993805,1782825503.3214366
514700,0.14131541550159454,1782825509.2873516
514800,0.14257605373859406,1782825515.1460998
514900,0.1433415710926056,1782825521.1397402
515000,0.14415009319782257,1782825527.2414477
515100,0.14468714594841003,1782825533.350488
515200,0.14468273520469666,1782825539.3537285
515300,0.14508816599845886,1782825545.1827028
515400,0.1461559683084488,1782825551.1898386
515500,0.14536722004413605,1782825557.262683
515600,0.14517399668693542,1782825563.3602087
515700,0.14514805376529694,1782825569.3602006
515800,0.14468838274478912,1782825575.3189805
515900,0.14578531682491302,1782825581.4040656
516000,0.1463651955127716,1782825587.4433322
516100,0.14666593074798584,1782825593.453822
516200,0.14604774117469788,1782825599.513235
516300,0.1465432196855545,1782825605.5724804
516400,0.14758643507957458,1782825611.5489843
516500,0.14811086654663086,1782825617.4513366
516600,0.14870840311050415,1782825623.383439
516700,0.14811909198760986,1782825629.7007887
516800,0.14912675321102142,1782825635.9325402
516900,0.14861585199832916,1782825642.1598442
517000,0.1494247019290924,1782825648.315937
517100,0.14886993169784546,1782825654.4953234
517200,0.1484806388616562,1782825660.4081078
517300,0.1497345268726349,1782825666.4821546
517400,0.1495186984539032,1782825672.389251
517500,0.15020081400871277,1782825678.503066
517600,0.15015408396720886,1782825684.447455
517700,0.14958064258098602,1782825690.646962
517800,0.14835722744464874,1782825696.6998842
517900,0.14803752303123474,1782825702.9307728
518000,0.14794880151748657,1782825709.0957265
518100,0.1471584588289261,1782825715.152837
518200,0.14704377949237823,1782825721.1709414
518300,0.1483677625656128,1782825727.0961668
518400,0.14869026839733124,1782825733.084301
518500,0.14816215634346008,1782825739.2149482
518600,0.14865043759346008,1782825745.5640328
518700,0.14892297983169556,1782825751.5078714
518800,0.14880289137363434,1782825757.5890324
518900,0.1497780978679657,1782825763.687201
519000,0.14976941049098969,1782825769.7695234
519100,0.15024861693382263,1782825775.6322932
519200,0.15069298446178436,1782825781.801184
519300,0.1507004350423813,1782825787.8105028
519400,0.1502159684896469,1782825793.9721942
519500,0.1500142216682434,1782825800.028961
519600,0.14946453273296356,1782825806.0764823
519700,0.1487409621477127,1782825812.054955
519800,0.1482766717672348,1782825818.1628883
519900,0.14702118933200836,1782825824.314697
520000,0.14532242715358734,1782825830.4296494
520100,0.1445058435201645,1782825836.497713
520200,0.14395181834697723,1782825842.3707507
520300,0.14279553294181824,1782825848.4047067
520400,0.14284995198249817,1782825854.2993257
520500,0.14079345762729645,1782825860.4961152
520600,0.13982146978378296,1782825866.5683684
520700,0.13835205137729645,1782825872.562368
520800,0.13831618428230286,1782825878.633347
520900,0.13783887028694153,1782825884.601568
521000,0.13698408007621765,1782825890.8493803
521100,0.13626457750797272,1782825896.880327
521200,0.136960968375206,1782825902.973075
521300,0.13583526015281677,1782825909.032213
521400,0.13532084226608276,1782825915.1286368
521500,0.13486912846565247,1782825921.577606
521600,0.13460639119148254,1782825927.576865
521700,0.13556674122810364,1782825933.6618798
521800,0.1361413449048996,1782825939.786547
521900,0.13578036427497864,1782825945.799884
522000,0.13626453280448914,1782825952.022768
522100,0.13580183684825897,1782825958.0720143
522200,0.13587220013141632,1782825963.8890593
522300,0.13609352707862854,1782825970.0799184
522400,0.1355312615633011,1782825976.1795568
522500,0.13581660389900208,1782825982.332485
522600,0.13560278713703156,1782825988.28921
522700,0.1355353593826294,1782825994.2686164
522800,0.1352517455816269,1782826000.3398454
522900,0.134087935090065,1782826006.4175456
523000,0.13274408876895905,1782826012.361822
523100,0.13236017525196075,1782826018.1615245
523200,0.1320711225271225,1782826024.100932
523300,0.1318160593509674,1782826030.2549412
523400,0.13287854194641113,1782826036.3094122
523500,0.1329677551984787,1782826042.2936397
523600,0.13363662362098694,1782826048.5322993
523700,0.1338093876838684,1782826054.6356993
523800,0.13496582210063934,1782826060.5895798
523900,0.13609860837459564,1782826066.771651
524000,0.13742156326770782,1782826073.049115
524100,0.13828641176223755,1782826079.0393631
524200,0.1385190486907959,1782826085.0544143
524300,0.13828399777412415,1782826090.953866
524400,0.13950707018375397,1782826097.056456
524500,0.1392788290977478,1782826103.1240919
524600,0.13974303007125854,1782826109.0710084
524700,0.14249564707279205,1782826115.3471801
524800,0.14261046051979065,1782826121.3401432
524900,0.14198999106884003,1782826127.292498
525000,0.14158935844898224,1782826133.530522
525100,0.1417354792356491,1782826259.3777611
525200,0.14184024930000305,1782826265.1924088
525300,0.14217492938041687,1782826271.1469889
525400,0.1443192958831787,1782826276.8978562
525500,0.14477470517158508,1782826282.7237926
525600,0.1447739452123642,1782826288.672171
525700,0.1443464607000351,1782826294.5747554
525800,0.1444500982761383,1782826300.5191658
525900,0.14476357400417328,1782826306.52409
526000,0.14579874277114868,1782826312.4692903
526100,0.1452329307794571,1782826318.468049
526200,0.14595656096935272,1782826324.647735
526300,0.1467573344707489,1782826330.7386732
526400,0.14691241085529327,1782826336.5816221
526500,0.14724387228488922,1782826342.7204044
526600,0.14806491136550903,1782826348.741606
526700,0.14851778745651245,1782826354.6860561
526800,0.1488414704799652,1782826360.696389
526900,0.14912372827529907,1782826366.8838348
527000,0.149641752243042,1782826372.8313012
527100,0.1499151736497879,1782826378.4811106
527200,0.15006305277347565,1782826384.314963
527300,0.15101905167102814,1782826389.9903831
527400,0.15062884986400604,1782826395.6997745
527500,0.1510608196258545,1782826401.525521
527600,0.15057308971881866,1782826407.2817595
527700,0.15037742257118225,1782826413.065888
527800,0.15037329494953156,1782826418.8209546
527900,0.15020301938056946,1782826424.6272197
528000,0.1495472490787506,1782826430.2988992
528100,0.14915674924850464,1782826436.1326067
528200,0.14797145128250122,1782826441.7409043
528300,0.1478123962879181,1782826447.2835963
528400,0.1479792296886444,1782826453.0258543
528500,0.14806285500526428,1782826459.0791798
528600,0.1473657488822937,1782826465.1161954
528700,0.147567018866539,1782826470.753918
528800,0.1472008228302002,1782826476.4629433
528900,0.14656507968902588,1782826482.078296
529000,0.14562486112117767,1782826488.1963832
529100,0.1448337435722351,1782826493.8703566
529200,0.1440914422273636,1782826499.9279659
529300,0.14313438534736633,1782826505.7478766
529400,0.14280959963798523,1782826511.7440271
529500,0.1419287621974945,1782826517.7425904
529600,0.14085984230041504,1782826523.976279
529700,0.1400824338197708,1782826530.16667
529800,0.13998118042945862,1782826536.4217203
529900,0.13845893740653992,1782826542.7165806
530000,0.1385350376367569,1782826548.9851995
530100,0.1383146494626999,1782826555.040918
530200,0.13765816390514374,1782826561.065871
530300,0.13739866018295288,1782826567.1065202
530400,0.13754625618457794,1782826573.131605
530500,0.1370353400707245,1782826579.28512
530600,0.13643324375152588,1782826585.3154893
530700,0.13672596216201782,1782826591.526512
530800,0.1360951066017151,1782826597.7235773
530900,0.1369648277759552,1782826603.5802364
531000,0.13621529936790466,1782826609.4232192
531100,0.134579598903656,1782826615.2612295
531200,0.13380961120128632,1782826621.1356645
531300,0.1325409710407257,1782826626.942372
531400,0.13072793185710907,1782826633.097607
531500,0.13003605604171753,1782826639.2537901
531600,0.13011504709720612,1782826645.3974109
531700,0.13035066425800323,1782826651.551937
531800,0.12955699861049652,1782826657.692193
531900,0.1283961981534958,1782826663.880286
532000,0.1282333880662918,1782826669.8197663
532100,0.1279478222131729,1782826675.9267044
532200,0.12891194224357605,1782826682.2864635
532300,0.129640132188797,1782826688.487493
532400,0.12997274100780487,1782826694.6510384
532500,0.13135676085948944,1782826700.7663813
532600,0.1317906379699707,1782826706.9015493
532700,0.13200166821479797,1782826712.9464827
532800,0.1316777616739273,1782826719.0436294
532900,0.13231338560581207,1782826725.266049
533000,0.13365551829338074,1782826731.359824
533100,0.1348772644996643,1782826737.4350214
533200,0.1351453959941864,1782826743.3781319
533300,0.13587023317813873,1782826749.4319155
533400,0.13756470382213593,1782826755.518414
533500,0.13841983675956726,1782826761.7468233
533600,0.13914479315280914,1782826767.510985
533700,0.13963906466960907,1782826773.7011137
533800,0.14114120602607727,1782826779.641381
533900,0.14284706115722656,1782826785.921537
534000,0.1438155323266983,1782826791.9932861
534100,0.14397962391376495,1782826798.0710018
534200,0.14495092630386353,1782826804.1274312
534300,0.14533469080924988,1782826810.3579392
534400,0.1461048573255539,1782826816.2905362
534500,0.14536292850971222,1782826822.3811398
534600,0.1444624662399292,1782826828.4044921
534700,0.1445673555135727,1782826834.19158
534800,0.1452043652534485,1782826840.0490463
534900,0.14569233357906342,1782826845.9853427
535000,0.14668728411197662,1782826851.762717
535100,0.14594821631908417,1782826857.8739183
535200,0.1449071168899536,1782826863.7380419
535300,0.14524511992931366,1782826869.658787
535400,0.14493203163146973,1782826875.6038172
535500,0.1439891755580902,1782826881.4301643
535600,0.14276345074176788,1782826887.3502536
535700,0.14331553876399994,1782826893.316004
535800,0.1432504802942276,1782826899.1098073
535900,0.14258567988872528,1782826905.1785355
536000,0.14251618087291718,1782826911.1243868
536100,0.14158178865909576,1782826917.1140077
536200,0.14096543192863464,1782826923.2597983
536300,0.14075562357902527,1782826929.4252203
536400,0.14017003774642944,1782826935.677596
536500,0.139783576130867,1782826941.8270934
536600,0.14005780220031738,1782826947.740739
536700,0.14039933681488037,1782826953.7654715
536800,0.1407100260257721,1782826959.711578
536900,0.14045673608779907,1782826965.8935914
537000,0.1400555670261383,1782826971.8623965
537100,0.13943958282470703,1782826977.8834198
537200,0.13842050731182098,1782826983.9406252
537300,0.13797058165073395,1782826990.048696
537400,0.13699378073215485,1782826995.9696872
537500,0.1362728625535965,1782827002.041107
537600,0.13647109270095825,1782827008.0144975
537700,0.13765329122543335,1782827014.178695
537800,0.13797493278980255,1782827020.1813467
537900,0.13827267289161682,1782827026.2059255
538000,0.1384153664112091,1782827032.161521
538100,0.13855989277362823,1782827038.1075044
538200,0.1377447098493576,1782827044.1247234
538300,0.1381186842918396,1782827050.3574295
538400,0.13926032185554504,1782827056.4949338
538500,0.13911812007427216,1782827062.4229257
538600,0.13882242143154144,1782827068.291582
538700,0.13821010291576385,1782827074.319633
538800,0.13810157775878906,1782827080.541333
538900,0.13798649609088898,1782827086.8050416
539000,0.13672055304050446,1782827092.855609
539100,0.13551433384418488,1782827099.1314614
539200,0.13506390154361725,1782827105.2704427
539300,0.13523946702480316,1782827111.204142
539400,0.13427937030792236,1782827117.4373896
539500,0.13291537761688232,1782827123.3615885
539600,0.13309408724308014,1782827129.2142174
539700,0.13383187353610992,1782827135.1950755
539800,0.1328650563955307,1782827141.234848
539900,0.13324426114559174,1782827146.9713058
540000,0.13257291913032532,1782827153.0550263
540100,0.1329912692308426,1782827159.0734496
540200,0.1320166438817978,1782827165.3418581
540300,0.1316835582256317,1782827171.361948
540400,0.13196326792240143,1782827177.5434744
540500,0.1328117698431015,1782827183.7467434
540600,0.13342806696891785,1782827189.7157338
540700,0.1339532881975174,1782827195.7392795
540800,0.13498951494693756,1782827201.6655056
540900,0.13535860180854797,1782827207.9728484
541000,0.13443030416965485,1782827213.8748367
541100,0.13386376202106476,1782827220.0386667
541200,0.1334037333726883,1782827226.3274205
541300,0.13351531326770782,1782827232.3128107
541400,0.13307465612888336,1782827238.4263122
541500,0.132180318236351,1782827244.3164554
541600,0.13099811971187592,1782827250.4241614
541700,0.13107523322105408,1782827256.5155525
541800,0.13102920353412628,1782827262.4317682
541900,0.13113728165626526,1782827268.3337085
542000,0.13126534223556519,1782827274.1584241
542100,0.13225926458835602,1782827280.303421
542200,0.13287179172039032,1782827286.4051285
542300,0.1341658979654312,1782827292.5733902
542400,0.13433215022087097,1782827298.6383798
542500,0.13443391025066376,1782827304.73188
542600,0.13455654680728912,1782827310.8626814
542700,0.13375124335289001,1782827316.8338513
542800,0.13369014859199524,1782827322.9073517
542900,0.13288019597530365,1782827329.1384225
543000,0.13198278844356537,1782827335.1535692
543100,0.13108950853347778,1782827341.0402834
543200,0.13040997087955475,1782827347.1064167
543300,0.13022612035274506,1782827353.1538463
543400,0.1301683932542801,1782827359.2290065
543500,0.1301995813846588,1782827365.4891953
543600,0.13047350943088531,1782827371.3877597
543700,0.13145576417446136,1782827377.270539
543800,0.13167904317378998,1782827383.3099797
543900,0.1319134533405304,1782827389.6375227
544000,0.13234594464302063,1782827395.6401412
544100,0.1334063708782196,1782827402.0203984
544200,0.13311441242694855,1782827408.225648
544300,0.13330627977848053,1782827414.181258
544400,0.1335737109184265,1782827420.0560956
544500,0.1346140205860138,1782827426.230254
544600,0.13487738370895386,1782827432.1742284
544700,0.13526561856269836,1782827438.2150397
544800,0.13497908413410187,1782827444.0696793
544900,0.13430559635162354,1782827450.1947477
545000,0.13421465456485748,1782827456.2537265
545100,0.13510042428970337,1782827462.3384137
545200,0.13573873043060303,1782827468.1230025
545300,0.1363169550895691,1782827474.07703
545400,0.13725684583187103,1782827479.8871064
545500,0.1370553970336914,1782827485.9501996
545600,0.13604235649108887,1782827491.7917235
545700,0.13637979328632355,1782827497.7659304
545800,0.13605430722236633,1782827503.7654226
545900,0.13580113649368286,1782827509.735632
546000,0.1377643346786499,1782827515.8865998
546100,0.13708296418190002,1782827522.0058875
546200,0.13653425872325897,1782827527.9645984
546300,0.13669756054878235,1782827534.1223693
546400,0.1376207321882248,1782827539.9728982
546500,0.1391453593969345,1782827545.8740208
546600,0.14032253623008728,1782827551.9690273
546700,0.14182090759277344,1782827557.9206505
546800,0.14324620366096497,1782827564.0570033
546900,0.14401306211948395,1782827570.0148857
547000,0.14399053156375885,1782827576.089897
547100,0.14456982910633087,1782827581.838011
547200,0.1443694829940796,1782827587.890222
547300,0.14408628642559052,1782827593.6816742
547400,0.144871786236763,1782827599.6980495
547500,0.14527027308940887,1782827605.769943
547600,0.1447758823633194,1782827611.7143667
547700,0.14350268244743347,1782827617.6655407
547800,0.14366313815116882,1782827623.7890704
547900,0.1437932550907135,1782827629.6939702
548000,0.14344574511051178,1782827635.7248235
548100,0.14297279715538025,1782827641.6316702
548200,0.14320458471775055,1782827647.7516034
548300,0.14253868162631989,1782827653.7875025
548400,0.14235371351242065,1782827660.1526077
548500,0.14167676866054535,1782827666.3269691
548600,0.14083105325698853,1782827672.284739
548700,0.14119607210159302,1782827678.3702908
548800,0.14134283363819122,1782827684.4926436
548900,0.14197206497192383,1782827690.4769754
549000,0.1415596902370453,1782827696.6305087
549100,0.14186939597129822,1782827702.8135145
549200,0.14288437366485596,1782827708.8676248
549300,0.14379434287548065,1782827714.999664
549400,0.14474321901798248,1782827721.0520096
549500,0.14544527232646942,1782827727.1210678
549600,0.14486542344093323,1782827733.0914414
549700,0.1438598781824112,1782827739.1624334
549800,0.14227604866027832,1782827744.98234
549900,0.14112409949302673,1782827751.0948787
550000,0.14052815735340118,1782906987.3862283
550100,0.1408877819776535,1782907178.2806368
550200,0.1411573588848114,1782907184.5223844
550300,0.13957755267620087,1782907190.676118
550400,0.13913501799106598,1782907197.1001897
550500,0.13913246989250183,1782907203.3353202
550600,0.13948340713977814,1782907209.5295422
550700,0.13937494158744812,1782907215.8957055
550800,0.1392703652381897,1782907222.2279623
550900,0.14016401767730713,1782907228.4390242
551000,0.14144577085971832,1782907234.7668672
551100,0.14130789041519165,1782907241.0334117
551200,0.14248444139957428,1782907247.2656639
551300,0.14311635494232178,1782907253.5191004
551400,0.14236688613891602,1782907259.8345594
551500,0.14195264875888824,1782907265.9404619
551600,0.14239077270030975,1782907272.3733492
551700,0.14294159412384033,1782907278.6740646
551800,0.14303462207317352,1782907284.8973756
551900,0.14372028410434723,1782907290.9051437
552000,0.14460261166095734,1782907297.1417012
552100,0.1447409838438034,1782907303.3549464
552200,0.14379748702049255,1782907309.2961686
552300,0.14276123046875,1782907315.6056652
552400,0.14299482107162476,1782907321.625957
552500,0.14449745416641235,1782907327.9587371
552600,0.1444205343723297,1782907333.9115472
552700,0.14477062225341797,1782907340.089615
552800,0.14595168828964233,1782907346.2922406
552900,0.1460805982351303,1782907352.4748774
553000,0.14631356298923492,1782907358.7738283
553100,0.14774952828884125,1782907365.0489924
553200,0.14805519580841064,1782907371.1578233
553300,0.148591086268425,1782907377.330818
553400,0.1492752581834793,1782907383.439741
553500,0.14954330027103424,1782907389.5473254
553600,0.14907404780387878,1782907395.840758
553700,0.14921191334724426,1782907401.9315398
553800,0.14815273880958557,1782907408.0851462
553900,0.14781391620635986,1782907414.3618417
554000,0.14787830412387848,1782907420.6287143
554100,0.14660972356796265,1782907426.5397818
554200,0.14565254747867584,1782907432.7090335
554300,0.14482322335243225,1782907438.8662012
554400,0.14415065944194794,1782907445.0348568
554500,0.14401352405548096,1782907451.255493
554600,0.14426091313362122,1782907457.3615482
554700,0.14471976459026337,1782907463.7172344
554800,0.14525975286960602,1782907470.1081219
554900,0.14416441321372986,1782907476.472762
555000,0.14392563700675964,1782907482.749348
555100,0.14525200426578522,1782907488.85523
555200,0.1453353762626648,1782907495.127404
555300,0.14519064128398895,1782907501.2038703
555400,0.1447494626045227,1782907507.2507906
555500,0.14467771351337433,1782907513.3915482
555600,0.14470650255680084,1782907519.4762244
555700,0.14443960785865784,1782907525.6518743
555800,0.14338147640228271,1782907531.6796455
555900,0.1440458595752716,1782907537.9729624
556000,0.14339502155780792,1782907544.0521352
556100,0.14243219792842865,1782907550.446806
556200,0.1424189656972885,1782907556.6109507
556300,0.14292094111442566,1782907562.7654543
556400,0.14275282621383667,1782907568.8303697
556500,0.14235812425613403,1782907575.0084748
556600,0.1412854790687561,1782907581.0758321
556700,0.14052261412143707,1782907587.1774554
556800,0.13878357410430908,1782907593.4947689
556900,0.13867415487766266,1782907599.6844656
557000,0.1392279416322708,1782907605.9408784
557100,0.13854165375232697,1782907612.2497363
557200,0.13786540925502777,1782907618.472844
557300,0.13667404651641846,1782907624.4385705
557400,0.13597317039966583,1782907630.5809634
557500,0.13580916821956635,1782907636.5574715
557600,0.13448959589004517,1782907642.7741752
557700,0.1336638331413269,1782907649.0093987
557800,0.13392029702663422,1782907655.241659
557900,0.13383790850639343,1782907661.4676573
558000,0.1340123414993286,1782907667.6887083
558100,0.13458684086799622,1782907673.8753874
558200,0.13438843190670013,1782907680.072205
558300,0.13495147228240967,1782907686.1458566
558400,0.13590049743652344,1782907692.4385223
558500,0.1359635889530182,1782907698.4848034
558600,0.13615116477012634,1782907704.4879417
558700,0.13660970330238342,1782907710.5706556
558800,0.13635022938251495,1782907717.0175848
558900,0.13504816591739655,1782907723.1098344
559000,0.13408738374710083,1782907729.2900147
559100,0.1339491605758667,1782907735.26742
559200,0.1346970796585083,1782907741.5301268
559300,0.13526678085327148,1782907747.5433047
559400,0.13620050251483917,1782907754.1254976
559500,0.13593734800815582,1782907760.302903
559600,0.13631099462509155,1782907766.498224
559700,0.13636565208435059,1782907772.6319485
559800,0.13726763427257538,1782907778.6525276
559900,0.13784904778003693,1782907784.7374134
560000,0.13785497844219208,1782907790.9600587
560100,0.13840995728969574,1782907796.917855
560200,0.1385340392589569,1782907803.0539145
560300,0.13860546052455902,1782907809.270682
560400,0.1384773850440979,1782907815.3312554
560500,0.1384359449148178,1782907821.6235359
560600,0.13920097053050995,1782907827.734877
560700,0.13778932392597198,1782907833.7607787
560800,0.13739806413650513,1782907839.9245284
560900,0.13725341856479645,1782907845.9441032
561000,0.13714289665222168,1782907852.2710392
561100,0.13714034855365753,1782907858.3710775
561200,0.13664498925209045,1782907864.3073037
561300,0.13610292971134186,1782907870.5505524
561400,0.135618194937706,1782907876.7252605
561500,0.13427233695983887,1782907882.9210777
561600,0.13464266061782837,1782907889.1345658
561700,0.13546842336654663,1782907895.2920322
561800,0.13474345207214355,1782907901.4549978
561900,0.13513635098934174,1782907907.7347143
562000,0.13416995108127594,1782907914.0482342
562100,0.13382862508296967,1782907920.1150935
562200,0.13345500826835632,1782907926.4085107
562300,0.13285383582115173,1782907932.443325
562400,0.13190053403377533,1782907938.7320306
562500,0.1326492428779602,1782907944.7672007
562600,0.1322910487651825,1782907950.872724
562700,0.13185876607894897,1782907957.5605936
562800,0.13196547329425812,1782907963.824532
562900,0.13228963315486908,1782907970.1660318
563000,0.13227644562721252,1782907976.3162766
563100,0.1335647851228714,1782907982.4418879
563200,0.1337355226278305,1782907988.472171
563300,0.1338542252779007,1782907995.0349324
563400,0.13628078997135162,1782908001.537676
563500,0.13671891391277313,1782908007.7422314
563600,0.1367841511964798,1782908014.144584
563700,0.13753844797611237,1782908020.4412866
563800,0.13727732002735138,1782908026.652009
563900,0.13781489431858063,1782908033.1399167
564000,0.13865447044372559,1782908039.2338235
564100,0.1393263041973114,1782908045.4397447
564200,0.1390090137720108,1782908051.5997767
564300,0.13960474729537964,1782908057.9404292
564400,0.1390485018491745,1782908064.2444324
564500,0.13950444757938385,1782908070.5285275
564600,0.13997134566307068,1782908076.7726896
564700,0.13953572511672974,1782908083.066068
564800,0.1390334516763687,1782908089.320462
564900,0.1395927220582962,1782908095.5033128
565000,0.13990260660648346,1782908102.0066018
565100,0.1411411613225937,1782908108.369298
565200,0.14047612249851227,1782908114.8130693
565300,0.1404300332069397,1782908121.0738943
565400,0.141673281788826,1782908127.2160468
565500,0.1406746506690979,1782908133.2749214
565600,0.1425275355577469,1782908139.228635
565700,0.14287449419498444,1782908145.4837656
565800,0.14177681505680084,1782908151.5093572
565900,0.14097346365451813,1782908157.7357175
566000,0.1409721076488495,1782908164.1377203
566100,0.14059999585151672,1782908170.380349
566200,0.140513077378273,1782908176.5750027
566300,0.14128950238227844,1782908182.8096282
566400,0.14226296544075012,1782908188.8554235
566500,0.1423126608133316,1782908194.9665823
566600,0.1423673927783966,1782908201.0304844
566700,0.14289331436157227,1782908207.0027223
566800,0.1436087191104889,1782908213.269628
566900,0.14337371289730072,1782908219.409264
567000,0.14261427521705627,1782908225.655391
567100,0.14174027740955353,1782908231.5700495
567200,0.14232222735881805,1782908237.826189
567300,0.14258016645908356,1782908244.0252032
567400,0.14371879398822784,1782908250.0248709
567500,0.14345094561576843,1782908256.1845129
567600,0.14271008968353271,1782908262.6982234
567700,0.14394499361515045,1782908268.875735
567800,0.1444707065820694,1782908275.2734878
567900,0.14542169868946075,1782908281.4964118
568000,0.14569054543972015,1782908287.5852888
568100,0.1460404098033905,1782908293.8176205
568200,0.14593371748924255,1782908299.9168675
568300,0.14646533131599426,1782908305.978336
568400,0.1474510282278061,1782908312.1481817
568500,0.14761844277381897,1782908318.3860028
568600,0.14773675799369812,1782908324.4597588
568700,0.14855867624282837,1782908330.6135426
568800,0.14875935018062592,1782908336.7039783
568900,0.14928902685642242,1782908343.1263995
569000,0.1485423594713211,1782908349.3974292
569100,0.1486435830593109,1782908355.8714232
569200,0.14891177415847778,1782908362.1926467
569300,0.15063363313674927,1782908368.3609753
569400,0.15022903680801392,1782908374.6913798
569500,0.15101060271263123,1782908380.761376
569600,0.1505497246980667,1782908387.1372027
569700,0.15065811574459076,1782908393.0912778
569800,0.15014314651489258,1782908399.4063187
569900,0.15024368464946747,1782908405.8527727
570000,0.15164659917354584,1782908412.2210212
570100,0.15190230309963226,1782908418.2823741
570200,0.15110497176647186,1782908424.4077542
570300,0.1508202701807022,1782908430.546578
570400,0.1510399580001831,1782908436.5948236
570500,0.15143011510372162,1782908442.68158
570600,0.1510774791240692,1782908448.8851142
570700,0.15044809877872467,1782908455.1383767
570800,0.14954277873039246,1782908461.364255
570900,0.14803852140903473,1782908467.5472946
571000,0.14703905582427979,1782908474.1878471
571100,0.14608845114707947,1782908480.2500181
571200,0.1444467455148697,1782908486.52944
571300,0.14410951733589172,1782908492.8648825
571400,0.14549373090267181,1782908499.2466116
571500,0.14558550715446472,1782908505.3208745
571600,0.1449984908103943,1782908511.5089557
571700,0.14390315115451813,1782908517.7046394
571800,0.14430812001228333,1782908524.0504153
571900,0.14256462454795837,1782908530.3701108
572000,0.14179177582263947,1782908536.59608
572100,0.14080406725406647,1782908543.0093107
572200,0.1403166800737381,1782908549.4035194
572300,0.13975752890110016,1782908555.5423656
572400,0.13939452171325684,1782908562.0974238
572500,0.13817302882671356,1782908568.384051
572600,0.137146458029747,1782908574.5144973
572700,0.13801325857639313,1782908580.799027
572800,0.1376548558473587,1782908586.8485272
572900,0.1371593177318573,1782908593.0523612
573000,0.1372588872909546,1782908599.168824
573100,0.1378454864025116,1782908605.212916
573200,0.13802729547023773,1782908611.2748384
573300,0.13777433335781097,1782908617.5364563
573400,0.13807541131973267,1782908623.6508794
573500,0.1385549008846283,1782908629.7073731
573600,0.13910378515720367,1782908635.9676852
573700,0.1401142179965973,1782908642.0624187
573800,0.14018891751766205,1782908648.4045398
573900,0.14099301397800446,1782908654.391744
574000,0.14172981679439545,1782908660.6654234
574100,0.1424018293619156,1782908666.8875375
574200,0.14167484641075134,1782908673.3370829
574300,0.1422608196735382,1782908679.454119
574400,0.14360585808753967,1782908685.6289606
574500,0.14348092675209045,1782908691.7922158
574600,0.1437937170267105,1782908697.984795
574700,0.14279960095882416,1782908704.0124834
574800,0.14297068119049072,1782908710.1235588
574900,0.1429004669189453,1782908716.3368936
575000,0.14247488975524902,1782908722.3742485
575100,0.14232411980628967,1782908912.2134366
575200,0.14149686694145203,1782908918.3357384
575300,0.1405588984489441,1782908924.4167275
575400,0.13949602842330933,1782908930.451558
575500,0.13963158428668976,1782908936.649426
575600,0.1388864517211914,1782908942.87408
575700,0.14018632471561432,1782908948.9057474
575800,0.14083731174468994,1782908955.1755817
575900,0.14077620208263397,1782908961.3386402
576000,0.14001472294330597,1782908967.460119
576100,0.13961131870746613,1782908973.7946994
576200,0.13933852314949036,1782908979.9053144
576300,0.13966339826583862,1782908986.4723036
576400,0.1395179182291031,1782908992.5502748
576500,0.13995350897312164,1782908998.8764386
576600,0.1411677449941635,1782909005.119139
576700,0.14141851663589478,1782909011.2566566
576800,0.14263765513896942,1782909017.3391554
576900,0.14434786140918732,1782909023.483437
577000,0.14517182111740112,1782909029.6898553
577100,0.14537405967712402,1782909036.0656996
577200,0.14457735419273376,1782909042.0051477
577300,0.14436465501785278,1782909048.1519735
577400,0.1439174860715866,1782909054.392569
577500,0.14369234442710876,1782909060.4696743
577600,0.14325807988643646,1782909066.5728738
577700,0.1430325210094452,1782909072.9938512
577800,0.14253827929496765,1782909079.0693977
577900,0.14272864162921906,1782909085.3568656
578000,0.1433112621307373,1782909091.7549894
578100,0.1428787112236023,1782909098.0022273
578200,0.14358802139759064,1782909104.09126
578300,0.1441691517829895,1782909110.447284
578400,0.14338713884353638,1782909116.5227838
578500,0.1433856338262558,1782909122.4732575
578600,0.14315839111804962,1782909128.409064
578700,0.14230164885520935,1782909134.7355995
578800,0.1412188857793808,1782909140.7918541
578900,0.14094120264053345,1782909146.8178577
579000,0.14028532803058624,1782909152.9137568
579100,0.14034615457057953,1782909159.2005808
579200,0.13960742950439453,1782909165.2856526
579300,0.13874845206737518,1782909171.6712806
579400,0.13870131969451904,1782909178.144692
579500,0.13883830606937408,1782909184.169494
579600,0.13943234086036682,1782909190.2339356
579700,0.13856706023216248,1782909196.6362176
579800,0.13860495388507843,1782909202.7167058
579900,0.13904786109924316,1782909208.7686677
580000,0.13910458981990814,1782909214.939015
580100,0.1384255439043045,1782909221.0456617
580200,0.13629673421382904,1782909227.1041791
580300,0.1355070322751999,1782909233.1852198
580400,0.134573295712471,1782909239.230708
580500,0.13445185124874115,1782909245.375047
580600,0.1338709145784378,1782909251.4134192
580700,0.13416561484336853,1782909257.445922
580800,0.1341855674982071,1782909263.5689077
580900,0.13411805033683777,1782909269.640673
581000,0.13424335420131683,1782909275.869852
581100,0.13413845002651215,1782909282.0075114
581200,0.13421683013439178,1782909288.2627141
581300,0.13377563655376434,1782909294.3308296
581400,0.13485029339790344,1782909300.3191729
581500,0.1344168782234192,1782909306.4490755
581600,0.13384228944778442,1782909312.506354
581700,0.1336318403482437,1782909318.7182918
581800,0.13329073786735535,1782909324.650448
581900,0.13355553150177002,1782909330.8529859
582000,0.13301293551921844,1782909337.2719758
582100,0.13386182487010956,1782909343.411253
582200,0.13379180431365967,1782909349.4609623
582300,0.13372643291950226,1782909355.8514574
582400,0.13553494215011597,1782909361.930517
582500,0.13653138279914856,1782909367.9652228
582600,0.13633304834365845,1782909374.174814
582700,0.13605572283267975,1782909380.2419374
582800,0.136372372508049,1782909386.237385
582900,0.1356859803199768,1782909392.3760018
583000,0.13633006811141968,1782909398.683286
583100,0.1366695910692215,1782909404.8176792
583200,0.13759976625442505,1782909410.878387
583300,0.13811129331588745,1782909416.8950095
583400,0.13890951871871948,1782909422.8990395
583500,0.14051054418087006,1782909429.043226
583600,0.13973230123519897,1782909435.4085839
583700,0.14040040969848633,1782909441.5989401
583800,0.14114397764205933,1782909447.8035903
583900,0.1401647925376892,1782909454.0170631
584000,0.13994771242141724,1782909460.1833303
584100,0.1402481645345688,1782909466.650482
584200,0.14067859947681427,1782909472.9126575
584300,0.1419968605041504,1782909479.2511408
584400,0.14256243407726288,1782909485.5349746
584500,0.14380837976932526,1782909492.1153185
584600,0.1446237564086914,1782909498.5174103
584700,0.14596164226531982,1782909504.879731
584800,0.14746834337711334,1782909511.0204134
584900,0.1479053795337677,1782909517.482738
585000,0.1485222727060318,1782909523.6421947
585100,0.14916110038757324,1782909530.1084874
585200,0.1496271938085556,1782909536.284349
585300,0.15004883706569672,1782909542.6182847
585400,0.1505144238471985,1782909548.823064
585500,0.15065468847751617,1782909555.3496296
585600,0.15020054578781128,1782909561.5743182
585700,0.14899156987667084,1782909567.8969936
585800,0.14817406237125397,1782909574.0605927
585900,0.14746342599391937,1782909580.443093
586000,0.14761140942573547,1782909586.5637727
586100,0.14677953720092773,1782909592.679619
586200,0.14808373153209686,1782909598.7903214
586300,0.14758004248142242,1782909604.8706458
586400,0.14690400660037994,1782909611.6167552
586500,0.14633259177207947,1782909617.780298
586600,0.1463209092617035,1782909623.929152
586700,0.145968958735466,1782909630.1813412
586800,0.14568988978862762,1782909636.384945
586900,0.14643307030200958,1782909642.529544
587000,0.1459077000617981,1782909649.0373018
587100,0.14623671770095825,1782909655.2832773
587200,0.14688341319561005,1782909661.6832955
587300,0.14559607207775116,1782909668.0686471
587400,0.14473965764045715,1782909674.2007198
587500,0.14525508880615234,1782909680.5661507
587600,0.14483976364135742,1782909686.5418477
587700,0.14410223066806793,1782909692.8093069
587800,0.14371414482593536,1782909699.180396
587900,0.14421077072620392,1782909705.5069141
588000,0.143866628408432,1782909711.8871145
588100,0.14329421520233154,1782909718.3039477
588200,0.1443365514278412,1782909724.5480554
588300,0.14435997605323792,1782909730.7207384
588400,0.14408142864704132,1782909736.972254
588500,0.14365631341934204,1782909743.4052968
588600,0.1433369219303131,1782909749.6089714
588700,0.14355605840682983,1782909756.090161
588800,0.14336252212524414,1782909762.5331268
588900,0.143511563539505,1782909768.478465
589000,0.14401358366012573,1782909774.3726254
589100,0.1449260711669922,1782909780.7728932
589200,0.1460871547460556,1782909787.0465822
589300,0.14628678560256958,1782909793.4189322
589400,0.14593790471553802,1782909800.0075479
589500,0.14572684466838837,1782909806.125509
589600,0.1464271992444992,1782909812.380163
589700,0.1453305035829544,1782909818.6700876
589800,0.1445429027080536,1782909824.6971347
589900,0.14397309720516205,1782909830.9517472
590000,0.14454743266105652,1782909837.1208928
590100,0.1438361406326294,1782909843.4803922
590200,0.143299400806427,1782909849.7465758
590300,0.1435326635837555,1782909855.9430163
590400,0.14330215752124786,1782909862.2667382
590500,0.14449255168437958,1782909868.6108687
590600,0.14455729722976685,1782909874.7912679
590700,0.14576931297779083,1782909881.0052495
590800,0.14584441483020782,1782909887.1794097
590900,0.14707507193088531,1782909893.427993
591000,0.1477271169424057,1782909899.5929654
591100,0.14756493270397186,1782909905.7615647
591200,0.14806561172008514,1782909912.277178
591300,0.1484532505273819,1782909918.8394864
591400,0.14845407009124756,1782909925.1028738
591500,0.14820721745491028,1782909931.1688077
591600,0.14847996830940247,1782909937.4567018
591700,0.1478617936372757,1782909943.488696
591800,0.14845390617847443,1782909949.7294712
591900,0.14998941123485565,1782909955.764573
592000,0.1496046632528305,1782909962.018246
592100,0.14925925433635712,1782909968.1060352
592200,0.14910247921943665,1782909974.1991713
592300,0.14923353493213654,1782909980.4714973
592400,0.14888858795166016,1782909986.7372582
592500,0.1480899602174759,1782909992.967869
592600,0.14722959697246552,1782909999.0829709
592700,0.14724363386631012,1782910005.2218647
592800,0.14670132100582123,1782910011.6236358
592900,0.14615418016910553,1782910017.8179078
593000,0.14537522196769714,1782910023.8973236
593100,0.14602775871753693,1782910030.0589113
593200,0.14630387723445892,1782910036.42178
593300,0.1482120007276535,1782910042.8074179
593400,0.14882609248161316,1782910049.0756853
593500,0.1482216864824295,1782910055.1407795
593600,0.14783723652362823,1782910061.3750176
593700,0.14900244772434235,1782910067.5889022
593800,0.1486946940422058,1782910073.837784
593900,0.14876674115657806,1782910079.9085252
594000,0.14829640090465546,1782910086.1412096
594100,0.14881114661693573,1782910092.606324
594200,0.14922940731048584,1782910098.8959846
594300,0.15123789012432098,1782910105.1704972
594400,0.1519387662410736,1782910111.4964902
594500,0.1523304432630539,1782910118.07143
594600,0.15182453393936157,1782910124.4637797
594700,0.15235693752765656,1782910130.4802806
594800,0.1522851586341858,1782910136.3869963
594900,0.1528061032295227,1782910142.411028
595000,0.15212100744247437,1782910148.6268363
595100,0.1533098816871643,1782910155.0476656
595200,0.15399067103862762,1782910161.4032364
595300,0.15407653152942657,1782910167.6540563
595400,0.15318810939788818,1782910173.7678583
595500,0.1521020084619522,1782910180.0389366
595600,0.1516137421131134,1782910186.3454533
595700,0.15073317289352417,1782910192.6524103
595800,0.150842547416687,1782910198.9417467
595900,0.15199604630470276,1782910205.240465
596000,0.15330392122268677,1782910211.5845232
596100,0.15335936844348907,1782910218.1153708
596200,0.15395617485046387,1782910224.5911586
596300,0.15526223182678223,1782910230.7572517
596400,0.15467263758182526,1782910237.2858274
596500,0.15557067096233368,1782910243.43117
596600,0.15660323202610016,1782910249.5368304
596700,0.15614184737205505,1782910255.7190704
596800,0.15500198304653168,1782910262.0830572
596900,0.15487611293792725,1782910268.3406892
597000,0.15368026494979858,1782910274.8390799
597100,0.15342006087303162,1782910280.998019
597200,0.15379562973976135,1782910287.068102
597300,0.15207204222679138,1782910293.4324498
597400,0.1510785073041916,1782910299.485114
597500,0.14966709911823273,1782910305.6745348
597600,0.14981894195079803,1782910311.8777094
597700,0.14983461797237396,1782910317.9479363
597800,0.14865721762180328,1782910324.4728494
597900,0.14875413477420807,1782910330.6402478
598000,0.1483243852853775,1782910337.0180926
598100,0.14844147861003876,1782910343.3653922
598200,0.14910009503364563,1782910350.0432565
598300,0.14993782341480255,1782910356.3654215
598400,0.1496698409318924,1782910362.6429539
598500,0.14914433658123016,1782910368.8985567
598600,0.14863961935043335,1782910375.0828187
598700,0.149155393242836,1782910381.5964766
598800,0.15066246688365936,1782910387.7383997
598900,0.15098001062870026,1782910394.2258554
599000,0.1513385772705078,1782910400.5681646
599100,0.1522286981344223,1782910406.9550028
599200,0.15222427248954773,1782910413.4517179
599300,0.1532825529575348,1782910419.6694
599400,0.1534603089094162,1782910425.8268683
599500,0.1544434130191803,1782910431.9272096
599600,0.15347446501255035,1782910438.305702
599700,0.15326964855194092,1782910444.7253985
599800,0.15257516503334045,1782910451.0891724
599900,0.1517702341079712,1782910457.2564924
600000,0.15107186138629913,1782911123.041759
600100,0.1495281159877777,1782911280.7376428
600200,0.14811967313289642,1782911286.9686055
600300,0.14846161007881165,1782911293.153853
600400,0.1485077440738678,1782911299.2574782
600500,0.14886830747127533,1782911305.1951182
600600,0.14892886579036713,1782911311.3687088
600700,0.1489974707365036,1782911317.5736833
600800,0.1477459818124771,1782911323.8265243
600900,0.14788612723350525,1782911329.8920612
601000,0.146427720785141,1782911336.061173
601100,0.14509961009025574,1782911342.4718974
601200,0.1444932520389557,1782911348.747685
601300,0.14287909865379333,1782911355.2004492
601400,0.14378583431243896,1782911361.6598036
601500,0.1426912546157837,1782911367.942465
601600,0.1428225189447403,1782911374.018521
601700,0.1428639441728592,1782911380.1345887
601800,0.14355795085430145,1782911386.3992321
601900,0.14289738237857819,1782911392.583101
602000,0.1433870643377304,1782911399.0326912
602100,0.1415727734565735,1782911405.3693216
602200,0.14157477021217346,1782911411.9097543
602300,0.1414753794670105,1782911418.2014303
602400,0.13978463411331177,1782911424.516277
602500,0.13854244351387024,1782911430.747581
602600,0.13723380863666534,1782911436.8172245
602700,0.13633447885513306,1782911442.9390588
602800,0.1349046230316162,1782911449.0067058
602900,0.13509304821491241,1782911455.152565
603000,0.13398610055446625,1782911461.3037238
603100,0.1338624805212021,1782911467.8334117
603200,0.13437247276306152,1782911474.0370045
603300,0.13255780935287476,1782911480.3837662
603400,0.13228796422481537,1782911486.7286003
603500,0.13214045763015747,1782911492.8126824
603600,0.13198064267635345,1782911499.002765
603700,0.13248121738433838,1782911505.4120386
603800,0.13237527012825012,1782911511.9012136
603900,0.1310773491859436,1782911518.1671674
604000,0.1305619478225708,1782911524.3263268
604100,0.13024550676345825,1782911530.7277765
604200,0.13141889870166779,1782911536.981357
604300,0.13141857087612152,1782911543.180937
604400,0.13089366257190704,1782911549.5457826
604500,0.13102489709854126,1782911555.8431618
604600,0.1318233460187912,1782911561.9212515
604700,0.13200175762176514,1782911568.2848675
604800,0.13276877999305725,1782911574.4360666
604900,0.1337614506483078,1782911580.5823042
605000,0.1338965743780136,1782911586.920454
605100,0.1351144015789032,1782911593.1557686
605200,0.13594919443130493,1782911599.5210173
605300,0.13601751625537872,1782911605.5656722
605400,0.13535094261169434,1782911611.4928362
605500,0.13619950413703918,1782911617.7205064
605600,0.13690094649791718,1782911623.7180035
605700,0.13786634802818298,1782911629.917016
605800,0.13691823184490204,1782911636.0049365
605900,0.13649669289588928,1782911642.198057
606000,0.13693849742412567,1782911648.2323449
606100,0.13816462457180023,1782911654.3098164
606200,0.13778439164161682,1782911660.342567
606300,0.13704179227352142,1782911666.722329
606400,0.1372545212507248,1782911672.8045213
606500,0.13813182711601257,1782911679.4395595
606600,0.13795417547225952,1782911685.8896434
606700,0.1379581093788147,1782911691.9395077
606800,0.13674502074718475,1782911698.338307
606900,0.13723349571228027,1782911704.650757
607000,0.13687199354171753,1782911710.7148292
607100,0.13615722954273224,1782911716.9685664
607200,0.13715840876102448,1782911723.2635539
607300,0.1368287205696106,1782911729.4065073
607400,0.13714075088500977,1782911735.6905868
607500,0.1377306580543518,1782911741.8495708
607600,0.13846872746944427,1782911747.9645584
607700,0.14001496136188507,1782911753.9976952
607800,0.1406141072511673,1782911760.3563852
607900,0.14039695262908936,1782911766.5042703
608000,0.1423129141330719,1782911773.035517
608100,0.14207950234413147,1782911779.3204024
608200,0.14261262118816376,1782911785.5705051
608300,0.14468422532081604,1782911792.1359515
608400,0.1446407586336136,1782911798.3914752
608500,0.14429791271686554,1782911804.6336136
608600,0.14415423572063446,1782911810.7813978
608700,0.1453782171010971,1782911817.1555412
608800,0.14556561410427094,1782911823.1926923
608900,0.14527638256549835,1782911829.4648676
609000,0.14503687620162964,1782911835.5259387
609100,0.1450221687555313,1782911841.5234754
609200,0.1458316445350647,1782911847.7722769
609300,0.14569415152072906,1782911854.0425096
609400,0.144905224442482,1782911860.4257498
609500,0.14473892748355865,1782911866.8332837
609600,0.14530089497566223,1782911873.01859
609700,0.14541859924793243,1782911879.1736546
609800,0.1460539698600769,1782911885.3681908
609900,0.14653745293617249,1782911891.3472483
610000,0.14601534605026245,1782911897.4976635
610100,0.14512766897678375,1782911903.6303065
610200,0.14542080461978912,1782911909.699971
610300,0.1452602595090866,1782911916.0971806
610400,0.14449088275432587,1782911922.050452
610500,0.14358903467655182,1782911928.240983
610600,0.1426977515220642,1782911934.5048296
610700,0.14146095514297485,1782911940.747496
610800,0.1415848582983017,1782911946.9682357
610900,0.14052335917949677,1782911953.0452533
611000,0.14135810732841492,1782911959.5765119
611100,0.14151324331760406,1782911965.9146793
611200,0.14243818819522858,1782911972.1601205
611300,0.14415805041790009,1782911978.0542707
611400,0.1433611512184143,1782911984.3211317
611500,0.14316973090171814,1782911990.5361485
611600,0.14259310066699982,1782911996.753553
611700,0.14293405413627625,1782912002.829417
611800,0.14189471304416656,1782912009.1099842
611900,0.1407492756843567,1782912015.2970104
612000,0.1399582475423813,1782912021.7930076
612100,0.1406026929616928,1782912028.080571
612200,0.13956420123577118,1782912034.3911855
612300,0.1394953727722168,1782912040.6885517
612400,0.13988853991031647,1782912047.1056228
612500,0.13912636041641235,1782912053.6377256
612600,0.13734950125217438,1782912059.870707
612700,0.1358414739370346,1782912066.1818244
612800,0.13618479669094086,1782912072.3566055
612900,0.13551101088523865,1782912078.734533
613000,0.13572624325752258,1782912084.8727655
613100,0.13542920351028442,1782912091.2261724
613200,0.13567432761192322,1782912097.4168594
613300,0.1350209265947342,1782912103.600339
613400,0.1346929669380188,1782912110.0223684
613500,0.13380783796310425,1782912116.3181198
613600,0.13306178152561188,1782912122.5867555
613700,0.13352759182453156,1782912129.1367078
613800,0.13474468886852264,1782912135.4388454
613900,0.1341916173696518,1782912141.902236
614000,0.1339801400899887,1782912148.0555274
614100,0.1344541609287262,1782912154.3168752
614200,0.13466127216815948,1782912160.5762823
614300,0.13517920672893524,1782912166.836198
614400,0.13577882945537567,1782912173.0480113
614500,0.13662685453891754,1782912179.42403
614600,0.1366737186908722,1782912185.8512194
614700,0.13685818016529083,1782912192.250011
614800,0.1381111890077591,1782912198.5335195
614900,0.1372067928314209,1782912204.8698356
615000,0.13717371225357056,1782912211.1671565
615100,0.1370784491300583,1782912217.4462051
615200,0.13672886788845062,1782912223.8722498
615300,0.13746938109397888,1782912230.2706041
615400,0.13816910982131958,1782912236.547295
615500,0.13788636028766632,1782912242.9132664
615600,0.1384827196598053,1782912249.1928236
615700,0.1393725872039795,1782912255.4834268
615800,0.13934198021888733,1782912261.7047796
615900,0.13917061686515808,1782912267.8131711
616000,0.1394469439983368,1782912274.0066817
616100,0.13919736444950104,1782912280.0646522
616200,0.1390973925590515,1782912286.1473026
616300,0.1384328305721283,1782912292.2009413
616400,0.1388625055551529,1782912298.185915
616500,0.13826799392700195,1782912304.238814
616600,0.1379372477531433,1782912310.6306748
616700,0.1378363072872162,1782912317.0268981
616800,0.13724014163017273,1782912323.6593647
616900,0.13669756054878235,1782912330.090918
617000,0.13632285594940186,1782912336.2820387
617100,0.1371936798095703,1782912342.420025
617200,0.13791491091251373,1782912348.5875149
617300,0.13864679634571075,1782912355.206839
617400,0.13850697875022888,1782912361.410277
617500,0.13762371242046356,1782912367.5642924
617600,0.1368192881345749,1782912373.8155136
617700,0.13708697259426117,1782912379.6086318
617800,0.13668514788150787,1782912385.6447504
617900,0.135550394654274,1782912391.6741006
618000,0.13612550497055054,1782912397.7972639
618100,0.13776826858520508,1782912403.9174771
618200,0.13792163133621216,1782912410.1143868
618300,0.13773858547210693,1782912416.1085298
618400,0.13709652423858643,1782912422.1843534
618500,0.1367289274930954,1782912428.3178196
618600,0.1365952491760254,1782912434.263053
618700,0.13689014315605164,1782912440.5591369
618800,0.13744820654392242,1782912446.9007921
618900,0.13777925074100494,1782912453.215809
619000,0.13958030939102173,1782912459.324124
619100,0.13869254291057587,1782912465.5376985
619200,0.13754913210868835,1782912471.676093
619300,0.13723060488700867,1782912478.4882944
619400,0.13741394877433777,1782912484.8404539
619500,0.13673356175422668,1782912491.2541394
619600,0.13669058680534363,1782912497.3515499
619700,0.13614824414253235,1782912503.3619974
619800,0.1357468217611313,1782912509.481813
619900,0.13549108803272247,1782912515.7084267
620000,0.13579638302326202,1782912521.8309133
620100,0.13563752174377441,1782912527.9421291
620200,0.13496734201908112,1782912534.2017531
620300,0.13454613089561462,1782912540.7170155
620400,0.1343923658132553,1782912546.9078646
620500,0.13651201128959656,1782912553.175359
620600,0.13663238286972046,1782912559.6557348
620700,0.13688945770263672,1782912565.9733045
620800,0.13780614733695984,1782912572.1008706
620900,0.1378730684518814,1782912578.3364666
621000,0.1372404396533966,1782912584.442977
621100,0.13671760261058807,1782912590.669511
621200,0.13667002320289612,1782912597.2533708
621300,0.1388964205980301,1782912603.6715488
621400,0.1401539444923401,1782912610.1475239
621500,0.14090371131896973,1782912616.340702
621600,0.14206500351428986,1782912622.5473907
621700,0.14353494346141815,1782912629.0918481
621800,0.14331118762493134,1782912635.4570196
621900,0.1425996869802475,1782912641.8860986
622000,0.14162200689315796,1782912648.4236615
622100,0.14183509349822998,1782912654.6336956
622200,0.14094747602939606,1782912661.2887032
622300,0.140403151512146,1782912667.683312
622400,0.14037367701530457,1782912674.1252909
622500,0.14132572710514069,1782912680.4095001
622600,0.14053232967853546,1782912686.766801
622700,0.1404033899307251,1782912692.8616831
622800,0.14136533439159393,1782912699.1516523
622900,0.14113959670066833,1782912705.5849113
623000,0.14032414555549622,1782912711.7465653
623100,0.1396147757768631,1782912786.8845456
623200,0.13942982256412506,1782912793.0676684
623300,0.1398192197084427,1782912799.292512
623400,0.1401693969964981,1782912805.5923686
623500,0.14056627452373505,1782912811.634396
623600,0.1403641700744629,1782912817.9995322
623700,0.1410897672176361,1782912824.0421207
623800,0.1410611867904663,1782912830.0785835
623900,0.14005523920059204,1782912836.428746
624000,0.13979816436767578,1782912842.4737487
624100,0.14041337370872498,1782912848.7335553
624200,0.14011608064174652,1782912854.9379473
624300,0.13908666372299194,1782912861.038525
624400,0.14080317318439484,1782912867.1339266
624500,0.14029499888420105,1782912873.3157957
624600,0.1409776508808136,1782912879.600064
624700,0.13977278769016266,1782912885.610846
624800,0.14137807488441467,1782912891.5184765
624900,0.1423027515411377,1782912897.7014325
625000,0.140959694981575,1782912903.8478544
625100,0.13997837901115417,1782913094.6349728
625200,0.1397952437400818,1782913100.4981616
625300,0.13959695398807526,1782913106.4803054
625400,0.1386769562959671,1782913112.4383528
625500,0.13886737823486328,1782913118.5280862
625600,0.13907146453857422,1782913124.764047
625700,0.13899211585521698,1782913130.742792
625800,0.1377834528684616,1782913136.8477492
625900,0.13671404123306274,1782913142.9832594
626000,0.1368422508239746,1782913149.1970673
626100,0.1361975520849228,1782913155.2736046
626200,0.1352885663509369,1782913161.452273
626300,0.13466855883598328,1782913167.7851956
626400,0.13400250673294067,1782913173.899216
626500,0.1351965069770813,1782913180.2616115
626600,0.13525770604610443,1782913186.7734926
626700,0.13657543063163757,1782913193.139341
626800,0.13631348311901093,1782913199.3201108
626900,0.13586397469043732,1782913205.5217175
627000,0.13674338161945343,1782913211.821236
627100,0.13615630567073822,1782913218.1861706
627200,0.1358586549758911,1782913224.3367822
627300,0.1359778791666031,1782913230.6406035
627400,0.1364140659570694,1782913236.7742562
627500,0.13514572381973267,1782913242.8973563
627600,0.1348593533039093,1782913249.323234
627700,0.13483116030693054,1782913255.5486329
627800,0.13572590053081512,1782913261.9167745
627900,0.13509215414524078,1782913268.1575644
628000,0.13476437330245972,1782913274.4642673
628100,0.1350756585597992,1782913280.6129394
628200,0.13639625906944275,1782913286.878315
628300,0.1371392160654068,1782913293.1367006
628400,0.13595542311668396,1782913299.3163102
628500,0.13585533201694489,1782913305.625338
628600,0.13606739044189453,1782913311.9320886
628700,0.13622906804084778,1782913318.1185114
628800,0.13736975193023682,1782913324.1561325
628900,0.13866770267486572,1782913330.3687267
629000,0.13918659090995789,1782913336.6405878
629100,0.13971753418445587,1782913342.8557825
629200,0.14025777578353882,1782913348.9853609
629300,0.14068374037742615,1782913355.1567733
629400,0.14141708612442017,1782913361.4905047
629500,0.14206348359584808,1782913367.8070998
629600,0.14308248460292816,1782913374.1554053
629700,0.14491762220859528,1782913380.516511
629800,0.1452718824148178,1782913386.7169282
629900,0.145791158080101,1782913392.692305
630000,0.14791783690452576,1782913399.0685446
630100,0.14869585633277893,1782913405.5238588
630200,0.148805633187294,1782913411.873462
630300,0.14866340160369873,1782913418.032251
630400,0.14985541999340057,1782913424.190299
630500,0.14851991832256317,1782913430.5355613
630600,0.14697180688381195,1782913437.0898108
630700,0.14590364694595337,1782913443.5595803
630800,0.14637808501720428,1782913449.9066837
630900,0.14591161906719208,1782913456.1082466
631000,0.1460541933774948,1782913462.175904
631100,0.14524535834789276,1782913468.3066847
631200,0.14442865550518036,1782913474.499582
631300,0.14314155280590057,1782913480.7987213
631400,0.14284756779670715,1782913486.9832385
631500,0.1437019556760788,1782913493.1973922
631600,0.1439017951488495,1782913499.6598802
631700,0.14312410354614258,1782913505.8511262
631800,0.14119400084018707,1782913511.9087498
631900,0.13958990573883057,1782913518.1195757
632000,0.13914117217063904,1782913524.2738352
632100,0.13866989314556122,1782913530.33059
632200,0.13817238807678223,1782913536.7469573
632300,0.13852554559707642,1782913542.7665434
632400,0.13947278261184692,1782913549.2816947
632500,0.13907067477703094,1782913555.352874
632600,0.13816365599632263,1782913561.6137648
632700,0.13854604959487915,1782913567.8532524
632800,0.1394396722316742,1782913573.9025288
632900,0.1398947685956955,1782913580.1556287
633000,0.1394483596086502,1782913586.2468402
633100,0.1384848803281784,1782913592.3154893
633200,0.13858214020729065,1782913598.623255
633300,0.1397390365600586,1782913605.1386445
633400,0.13921935856342316,1782913611.4355774
633500,0.14006246626377106,1782913617.688377
633600,0.1404525637626648,1782913623.9246259
633700,0.14051561057567596,1782913630.184799
633800,0.13956883549690247,1782913636.4968736
633900,0.13885067403316498,1782913642.5537848
634000,0.1385849416255951,1782913648.8072507
634100,0.13845454156398773,1782913655.1297963
634200,0.14033156633377075,1782913661.2527816
634300,0.13986040651798248,1782913667.4273443
634400,0.13989661633968353,1782913673.7870631
634500,0.13934098184108734,1782913680.1281915
634600,0.13916254043579102,1782913686.337842
634700,0.1392708569765091,1782913692.732195
634800,0.14098964631557465,1782913698.8687804
634900,0.14171051979064941,1782913705.0829084
635000,0.1424809992313385,1782913711.46927
635100,0.14368171989917755,1782913718.021387
635200,0.1441771537065506,1782913724.2654607
635300,0.14465416967868805,1782913730.583328
635400,0.1437065154314041,1782913736.7890856
635500,0.14345815777778625,1782913743.2623057
635600,0.1431041806936264,1782913749.6755242
635700,0.14202791452407837,1782913755.8738558
635800,0.14319124817848206,1782913762.2228506
635900,0.1433287411928177,1782913768.4133475
636000,0.14413602650165558,1782913774.8077886
636100,0.14386118948459625,1782913781.199294
636200,0.1431407779455185,1782913787.5294418
636300,0.144982248544693,1782913793.952721
636400,0.1441177874803543,1782913800.017812
636500,0.14474236965179443,1782913806.0566328
636600,0.1465347409248352,1782913812.2213671
636700,0.14698581397533417,1782913818.2081683
636800,0.14718618988990784,1782913824.5218697
636900,0.14631547033786774,1782913830.746806
637000,0.14699356257915497,1782913837.043414
637100,0.14932629466056824,1782913843.3382757
637200,0.14954796433448792,1782913849.642904
637300,0.14947549998760223,1782913855.7044518
637400,0.15124723315238953,1782913862.077373
637500,0.15126466751098633,1782913868.0861316
637600,0.15378770232200623,1782913874.226748
637700,0.15566161274909973,1782913880.6603427
637800,0.15586639940738678,1782913886.722912
637900,0.1556771695613861,1782913892.9632008
638000,0.15545153617858887,1782913898.9613104
638100,0.15496398508548737,1782913905.080892
638200,0.15486013889312744,1782913911.2662725
638300,0.15398958325386047,1782913917.3938706
638400,0.1540478765964508,1782913923.4715412
638500,0.15327049791812897,1782913929.4943492
638600,0.15238526463508606,1782913935.486344
638700,0.15187968313694,1782913941.5757673
638800,0.1512315720319748,1782913948.0496461
638900,0.15199100971221924,1782913954.3338747
639000,0.15244530141353607,1782913960.51641
639100,0.15149584412574768,1782913966.6410913
639200,0.1510583907365799,1782913972.9434366
639300,0.150366872549057,1782913979.071147
639400,0.15061485767364502,1782913985.3399599
639500,0.1493547111749649,1782913991.5283508
639600,0.14906907081604004,1782913997.6554456
639700,0.1495560258626938,1782914003.882153
639800,0.14805717766284943,1782914009.9915009
639900,0.14762547612190247,1782914016.291824
640000,0.14798735082149506,1782914022.492277
640100,0.14833861589431763,1782914028.8038032
640200,0.14831387996673584,1782914035.0108232
640300,0.1475948691368103,1782914041.2186186
640400,0.1469281166791916,1782914047.5577228
640500,0.1462399661540985,1782914053.8372083
640600,0.1461276262998581,1782914060.105555
640700,0.14562490582466125,1782914066.2742012
640800,0.14469902217388153,1782914072.7175417
640900,0.14321766793727875,1782914078.6915662
641000,0.14299887418746948,1782914084.7777185
641100,0.14259326457977295,1782914090.9174974
641200,0.14262697100639343,1782914097.2566144
641300,0.14244204759597778,1782914103.6222854
641400,0.14175762236118317,1782914109.8012927
641500,0.14165028929710388,1782914116.0405276
641600,0.14050693809986115,1782914122.328734
641700,0.14112535119056702,1782914128.431185
641800,0.14175015687942505,1782914134.6807678
641900,0.14159046113491058,1782914140.8321607
642000,0.14296509325504303,1782914147.0168147
642100,0.14291530847549438,1782914153.344539
642200,0.14270734786987305,1782914159.8098056
642300,0.14285136759281158,1782914165.9881878
642400,0.14258165657520294,1782914171.995632
642500,0.14222079515457153,1782914178.2221813
642600,0.14071215689182281,1782914184.506293
642700,0.1391964703798294,1782914190.8915148
642800,0.1389371156692505,1782914197.0385125
642900,0.1391507089138031,1782914203.207749
643000,0.13796983659267426,1782914209.359031
643100,0.13648457825183868,1782914215.582901
643200,0.13746377825737,1782914221.6957898
643300,0.13721024990081787,1782914227.8892744
643400,0.1380743682384491,1782914234.0357943
643500,0.13767088949680328,1782914240.020212
643600,0.13733960688114166,1782914246.0626724
643700,0.13697782158851624,1782914252.2430906
643800,0.13676618039608002,1782914258.4054384
643900,0.13674423098564148,1782914264.6028063
644000,0.13547992706298828,1782914270.703669
644100,0.13587898015975952,1782914276.850144
644200,0.136775940656662,1782914283.1116152
644300,0.13660578429698944,1782914289.1409988
644400,0.13622114062309265,1782914295.3618712
644500,0.13712847232818604,1782914301.4807923
644600,0.1377539336681366,1782914307.64538
644700,0.13802744448184967,1782914313.8894765
644800,0.13754913210868835,1782914320.1930134
644900,0.13823162019252777,1782914326.2568958
645000,0.13815085589885712,1782914332.401128
645100,0.13839244842529297,1782914338.4538023
645200,0.13924796879291534,1782914344.7485044
645300,0.13978345692157745,1782914351.1868927
645400,0.13896074891090393,1782914357.2268806
645500,0.13829423487186432,1782914363.4901624
645600,0.1387753039598465,1782914369.714573
645700,0.13908854126930237,1782914376.006967
645800,0.13876082003116608,1782914382.2210686
645900,0.1379236876964569,1782914388.4405682
646000,0.137451171875,1782914394.738726
646100,0.1395748108625412,1782914400.8525243
646200,0.1421150118112564,1782914406.9868739
646300,0.14337635040283203,1782914413.368102
646400,0.14416398108005524,1782914419.64276
646500,0.1429329216480255,1782914425.7351305
646600,0.14376777410507202,1782914431.894975
646700,0.14405131340026855,1782914438.0875216
646800,0.1427788883447647,1782914444.2412658
646900,0.14204761385917664,1782914450.293361
647000,0.14188437163829803,1782914456.5875163
647100,0.14180563390254974,1782914463.0148444
647200,0.14217211306095123,1782914469.0557337
647300,0.14223667979240417,1782914475.2494783
647400,0.14193135499954224,1782914481.4537551
647500,0.14182943105697632,1782914487.679321
647600,0.14134475588798523,1782914494.1581469
647700,0.14154881238937378,1782914500.2167153
647800,0.1421806663274765,1782914506.3401957
647900,0.14241431653499603,1782914512.6872725
648000,0.1423950344324112,1782914518.9711788
648100,0.14194035530090332,1782914525.1537883
648200,0.14178968966007233,1782914531.385992
648300,0.1421045958995819,1782914537.4517996
648400,0.1413145214319229,1782914543.6077816
648500,0.14072762429714203,1782914549.7397192
648600,0.14006447792053223,1782914555.9903827
648700,0.13901983201503754,1782914562.0790765
648800,0.1390393078327179,1782914568.289258
648900,0.13856953382492065,1782914574.638474
649000,0.1377585232257843,1782914580.9193845
649100,0.13645680248737335,1782914587.2180965
649200,0.13531185686588287,1782914593.504792
649300,0.13604694604873657,1782914599.724634
649400,0.1361638307571411,1782914606.0635977
649500,0.13654190301895142,1782914612.1867406
649600,0.13648852705955505,1782914618.5722528
649700,0.13552677631378174,1782914624.803495
649800,0.1371624767780304,1782914631.0836627
649900,0.1382359266281128,1782914637.3483417
650000,0.13756129145622253,1782915643.77206
650100,0.13700170814990997,1782915832.7622988
650200,0.13637420535087585,1782915838.895883
650300,0.13531877100467682,1782915845.1226203
650400,0.13380376994609833,1782915851.0761893
650500,0.13275855779647827,1782915857.1016407
650600,0.1317852884531021,1782915863.2848585
650700,0.13064470887184143,1782915869.4211526
650800,0.13109859824180603,1782915875.5263593
650900,0.1297413408756256,1782916065.2257183
651000,0.13074719905853271,1782916070.85683
651100,0.13003408908843994,1782916076.5225122
651200,0.13046035170555115,1782916082.1531036
651300,0.13058146834373474,1782916087.8284683
651400,0.1312524974346161,1782916093.7256835
651500,0.13149243593215942,1782916100.1992564
651600,0.13243448734283447,1782916106.5659552
651700,0.13180501759052277,1782916113.1215875
651800,0.1321340948343277,1782916119.585269
651900,0.13215619325637817,1782916126.4168453
652000,0.13274329900741577,1782916132.905414
652100,0.13280746340751648,1782916139.553622
652200,0.13319028913974762,1782916146.4607446
652300,0.13330109417438507,1782916153.0462859
652400,0.13307814300060272,1782916159.824308
652500,0.13281284272670746,1782916166.3567812
652600,0.13330036401748657,1782916173.2151096
652700,0.13456588983535767,1782916179.70398
652800,0.13438580930233002,1782916186.1695418
652900,0.135336235165596,1782916192.557261
653000,0.13546735048294067,1782916199.0138667
653100,0.13577920198440552,1782916205.3813581
653200,0.1365099847316742,1782916212.1525798
653300,0.13769707083702087,1782916218.5346727
653400,0.13737700879573822,1782916225.373359
653500,0.13742591440677643,1782916231.9273927
653600,0.13849928975105286,1782916238.5517297
653700,0.13874562084674835,1782916245.2388473
653800,0.1385476291179657,1782916251.7331963
653900,0.13876019418239594,1782916258.2523031
654000,0.13851486146450043,1782916264.6951902
654100,0.13838641345500946,1782916271.5164516
654200,0.13714450597763062,1782916277.9688218
654300,0.13768669962882996,1782916284.4383774
654400,0.13864406943321228,1782916290.838661
654500,0.13855960965156555,1782916297.2712533
654600,0.13835029304027557,1782916303.7803617
654700,0.1369982212781906,1782916310.7138467
654800,0.13587182760238647,1782916317.3572044
654900,0.13475187122821808,1782916324.1491063
655000,0.1332954466342926,1782916331.0239394
655100,0.13440681993961334,1782916337.5248587
655200,0.134263813495636,1782916344.018874
655300,0.13458597660064697,1782916350.7793767
655400,0.13394136726856232,1782916357.401175
655500,0.1347334384918213,1782916363.8605525
655600,0.1348889023065567,1782916370.5872357
655700,0.13523316383361816,1782916377.287151
655800,0.13554596900939941,1782916383.9932082
655900,0.13547974824905396,1782916390.7065098
656000,0.13494841754436493,1782916397.1774423
656100,0.13653481006622314,1782916403.8523264
656200,0.13826899230480194,1782916410.6997256
656300,0.13910306990146637,1782916417.2699804
656400,0.1376754641532898,1782916423.9181395
656500,0.1371738612651825,1782916430.3842106
656600,0.13749510049819946,1782916436.7940955
656700,0.13932056725025177,1782916443.54914
656800,0.13910457491874695,1782916450.0020456
656900,0.1388024091720581,1782916456.4389458
657000,0.13882924616336823,1782916463.262548
657100,0.13856978714466095,1782916469.9689126
657200,0.13800960779190063,1782916476.6868775
657300,0.13907203078269958,1782916483.3153236
657400,0.1388861984014511,1782916489.9781346
657500,0.13771143555641174,1782916496.713442
657600,0.1364920437335968,1782916503.2236204
657700,0.1347140073776245,1782916509.8851068
657800,0.13313567638397217,1782916516.5359232
657900,0.1321786791086197,1782916523.0496967
658000,0.13269905745983124,1782916529.8351665
658100,0.1330922394990921,1782916536.150301
658200,0.13282367587089539,1782916542.8393967
658300,0.13237807154655457,1782916549.3369355
658400,0.1313897967338562,1782916556.2224174
658500,0.1304241269826889,1782916562.8384216
658600,0.12943941354751587,1782916569.5047703
658700,0.12909892201423645,1782916576.1199331
658800,0.12792515754699707,1782916582.7458105
658900,0.1266060471534729,1782916589.2969956
659000,0.12679442763328552,1782916595.7983422
659100,0.12691277265548706,1782916602.433169
659200,0.12693919241428375,1782916608.685559
659300,0.1279931217432022,1782916614.9025414
659400,0.12765027582645416,1782916620.937352
659500,0.12691444158554077,1782916627.183223
659600,0.1285766363143921,1782916633.2881086
659700,0.1290222704410553,1782916639.3848653
659800,0.12949182093143463,1782916645.8795092
659900,0.12959066033363342,1782916652.4457426
660000,0.1288917511701584,1782916658.7290306
660100,0.12848639488220215,1782916665.0023565
660200,0.128312349319458,1782916670.9096663
660300,0.1286037415266037,1782916676.9848115
660400,0.12865805625915527,1782916683.205394
660500,0.12930867075920105,1782916689.257406
660600,0.13003771007061005,1782916695.2348695
660700,0.12923207879066467,1782916701.5833836
660800,0.1282976269721985,1782916707.617329
660900,0.1288847178220749,1782916713.87018
661000,0.128352090716362,1782916719.9986577
661100,0.12919996678829193,1782916726.19288
661200,0.1289612501859665,1782916732.2407675
661300,0.12983965873718262,1782916738.3087864
661400,0.13038083910942078,1782916744.4397113
661500,0.1296154409646988,1782916750.596151
661600,0.1292453557252884,1782916756.777698
661700,0.12912839651107788,1782916763.0176601
661800,0.1287383884191513,1782916769.04111
661900,0.12822416424751282,1782916775.0146646
662000,0.12822537124156952,1782916781.4333358
662100,0.12768132984638214,1782916787.4415596
662200,0.12724754214286804,1782916793.6224415
662300,0.1276218593120575,1782916799.754356
662400,0.12853117287158966,1782916805.8363004
662500,0.12920963764190674,1782916811.693162
662600,0.12956207990646362,1782916817.7527378
662700,0.12957382202148438,1782916823.8736537
662800,0.13047488033771515,1782916829.86263
662900,0.13025522232055664,1782916836.0992925
663000,0.13036160171031952,1782916842.1045706
663100,0.13029932975769043,1782916848.3589282
663200,0.12885460257530212,1782916854.2221618
663300,0.1286858767271042,1782916860.2394238
663400,0.12809035181999207,1782916866.4462118
663500,0.12805895507335663,1782916872.4554536
663600,0.1272585242986679,1782916878.8830543
663700,0.12716570496559143,1782916885.229409
663800,0.12657538056373596,1782916891.3166022
663900,0.12722335755825043,1782916897.6413226
664000,0.12652170658111572,1782916903.944826
664100,0.12572051584720612,1782916910.2729023
664200,0.12554489076137543,1782916916.4958186
664300,0.12519927322864532,1782916922.738322
664400,0.12645994126796722,1782916928.8728635
664500,0.12718912959098816,1782916935.200134
664600,0.1277468502521515,1782916941.0675638
664700,0.12916061282157898,1782916947.078946
664800,0.13021551072597504,1782916953.0405853
664900,0.13116569817066193,1782916958.915554
665000,0.13077843189239502,1782916965.2015953
665100,0.13040226697921753,1782916971.5467665
665200,0.13053913414478302,1782916977.5687516
665300,0.12972429394721985,1782916983.505371
665400,0.12931612133979797,1782916989.574016
665500,0.1293436586856842,1782916995.6897056
665600,0.12929700314998627,1782917001.8618512
665700,0.12972477078437805,1782917007.8960216
665800,0.12947827577590942,1782917014.1741617
665900,0.13040471076965332,1782917020.2990088
666000,0.12980802357196808,1782917026.9735465
666100,0.1302260011434555,1782917033.4966407
666200,0.1312415599822998,1782917040.0543582
666300,0.13117927312850952,1782917046.697185
666400,0.13303548097610474,1782917053.3768263
666500,0.13362817466259003,1782917060.151729
666600,0.1324954777956009,1782917066.6844964
666700,0.1323760449886322,1782917073.2421436
666800,0.134360209107399,1782917079.8081634
666900,0.13431042432785034,1782917086.424216
667000,0.1332685351371765,1782917093.2167466
667100,0.13240717351436615,1782917099.8835876
667200,0.13199108839035034,1782917106.5115688
667300,0.1310192495584488,1782917113.2127435
667400,0.13063445687294006,1782917119.6267207
667500,0.1310974508523941,1782917126.1371508
667600,0.13203243911266327,1782917132.834184
667700,0.13158132135868073,1782917139.4143624
667800,0.13124239444732666,1782917145.7850065
667900,0.13038364052772522,1782917152.2474115
668000,0.12928329408168793,1782917158.9986546
668100,0.1282014399766922,1782917165.252389
668200,0.127216175198555,1782917171.3125596
668300,0.12623989582061768,1782917177.4281893
668400,0.12622717022895813,1782917183.4494133
668500,0.1267225593328476,1782917189.743872
668600,0.1258009374141693,1782917195.7828226
668700,0.12478827685117722,1782917202.0863774
668800,0.12391243875026703,1782917208.138059
668900,0.12387043237686157,1782917214.4906113
669000,0.12343896925449371,1782917220.6199253
669100,0.12328397482633591,1782917226.8839278
669200,0.12331446260213852,1782917233.0516632
669300,0.12366826832294464,1782917239.049116
669400,0.1231430247426033,1782917245.0274396
669500,0.1222490593791008,1782917251.3057494
669600,0.12206584215164185,1782917257.68838
669700,0.122123584151268,1782917263.8537512
669800,0.12326639890670776,1782917270.1818755
669900,0.12241951376199722,1782917276.3142917
670000,0.12192688882350922,1782917282.462622
670100,0.12101128697395325,1782917288.6874921
670200,0.1199350655078888,1782917294.658299
670300,0.12136002629995346,1782917300.7162378
670400,0.12042015790939331,1782917306.9625218
670500,0.12061779201030731,1782917312.8535092
670600,0.12126902490854263,1782917319.05473
670700,0.12009264528751373,1782917324.9153543
670800,0.11929090321063995,1782917330.7960076
670900,0.11903589218854904,1782917336.7592306
671000,0.11809968948364258,1782917342.8316293
671100,0.117293581366539,1782917348.6972134
671200,0.11675342917442322,1782917354.7038283
671300,0.11639150232076645,1782917360.8010378
671400,0.11629874259233475,1782917367.2146568
671500,0.116619773209095,1782917373.3657255
671600,0.11678299307823181,1782917379.3039243
671700,0.11658883839845657,1782917385.6173944
671800,0.11631471663713455,1782917391.9806635
671900,0.11619572341442108,1782917398.115038
672000,0.11733956634998322,1782917404.303296
672100,0.11766745895147324,1782917410.4179087
672200,0.11785888671875,1782917416.653318
672300,0.11778335273265839,1782917422.538118
672400,0.11806202679872513,1782917428.8483424
672500,0.11937525868415833,1782917434.9363923
672600,0.11986463516950607,1782917441.0922735
672700,0.12130077183246613,1782917447.3799264
672800,0.12225019186735153,1782917453.4453292
672900,0.12206415086984634,1782917459.6348975
673000,0.12199176847934723,1782917465.8486917
673100,0.12280093878507614,1782917471.9396818
673200,0.12378803640604019,1782917478.1395876
673300,0.12366482615470886,1782917484.2451596
673400,0.12429241091012955,1782917490.3690414
673500,0.12437613308429718,1782917496.4402335
673600,0.12431544065475464,1782917502.6245599
673700,0.1235821470618248,1782917508.7577245
673800,0.1230684220790863,1782917514.7670403
673900,0.12255001813173294,1782917521.2506778
674000,0.12148081511259079,1782917527.6309001
674100,0.1209450289607048,1782917533.93715
674200,0.12076295167207718,1782917540.2082677
674300,0.12066766619682312,1782917546.3814323
674400,0.12091758102178574,1782917552.7179947
674500,0.1209554448723793,1782917559.056636
674600,0.12119138985872269,1782917565.2178955
674700,0.12119769304990768,1782917571.4892874
674800,0.1209062784910202,1782917577.6875732
674900,0.12070348858833313,1782917583.8134966
675000,0.12086915969848633,1782917589.9649518
675100,0.12022709101438522,1782917768.5043263
675200,0.12010005861520767,1782917774.586029
675300,0.11972896009683609,1782917780.6562204
675400,0.11998571455478668,1782917786.761038
675500,0.12018854171037674,1782917792.8625872
675600,0.12019338458776474,1782917799.3069825
675700,0.11967314034700394,1782917805.4862072
675800,0.11949537694454193,1782917811.5628488
675900,0.11897455155849457,1782917817.7760313
676000,0.11809251457452774,1782917824.0229087
676100,0.11871363967657089,1782917830.1211762
676200,0.11727633327245712,1782917836.39578
676300,0.11688313633203506,1782917842.4339976
676400,0.11645931750535965,1782917848.6173482
676500,0.11609131097793579,1782917854.8997247
676600,0.11646346002817154,1782917861.1414306
676700,0.11643131077289581,1782917867.0510185
676800,0.11618952453136444,1782917873.219509
676900,0.11609598249197006,1782917879.6355712
677000,0.11793845891952515,1782917885.7150245
677100,0.11976753175258636,1782917891.9535024
677200,0.11981265991926193,1782917898.191442
677300,0.11984039843082428,1782917904.5340745
677400,0.11920808255672455,1782917910.6607287
677500,0.12055853754281998,1782917916.751139
677600,0.1213884949684143,1782917922.7819963
677700,0.12194439023733139,1782917929.0732558
677800,0.12171849608421326,1782917935.1549768
677900,0.1216188445687294,1782917941.3857777
678000,0.12095232307910919,1782917947.348668
678100,0.12087613344192505,1782917953.4307692
678200,0.12016046792268753,1782917959.5548851
678300,0.11919128894805908,1782917965.5564394
678400,0.1187119409441948,1782917971.5719693
678500,0.11807192862033844,1782917977.7074895
678600,0.11659831553697586,1782917983.6721838
678700,0.115193672478199,1782917989.8111124
678800,0.11377084255218506,1782917995.7867296
678900,0.11291247606277466,1782918002.04221
679000,0.11290210485458374,1782918008.2366974
679100,0.11225588619709015,1782918014.5064862
679200,0.11294497549533844,1782918020.690163
679300,0.11156842857599258,1782918026.8717403
679400,0.11068180203437805,1782918032.888454
679500,0.11034280061721802,1782918039.0373263
679600,0.10984474420547485,1782918045.1024163
679700,0.10944708436727524,1782918051.2194133
679800,0.10878750681877136,1782918057.4616182
679900,0.10882257670164108,1782918063.6918495
680000,0.1110583245754242,1782918069.784133
680100,0.11115443706512451,1782918075.8347096
680200,0.11138071864843369,1782918081.8487973
680300,0.1116037592291832,1782918087.830503
680400,0.11178239434957504,1782918093.9213436
680500,0.11298652738332748,1782918099.843022
680600,0.1135234385728836,1782918105.9662087
680700,0.11369595676660538,1782918111.8356755
680800,0.11459040641784668,1782918117.714111
680900,0.11580654233694077,1782918123.802336
681000,0.11624188721179962,1782918129.8430047
681100,0.11681696772575378,1782918135.917892
681200,0.11702271550893784,1782918141.9790998
681300,0.11760488897562027,1782918148.075283
681400,0.11748040467500687,1782918154.3051193
681500,0.11714725196361542,1782918160.100491
681600,0.11710187047719955,1782918166.3918467
681700,0.11734138429164886,1782918172.5426166
681800,0.11782263964414597,1782918178.8351042
681900,0.1172184944152832,1782918184.8205462
682000,0.11727006733417511,1782918191.0723221
682100,0.1176719218492508,1782918197.0460744
682200,0.117311030626297,1782918203.3074987
682300,0.11704777181148529,1782918209.350986
682400,0.11757943034172058,1782918215.8365476
682500,0.1184810996055603,1782918222.085263
682600,0.11811081320047379,1782918228.2001212
682700,0.1190648153424263,1782918234.373958
682800,0.11893404275178909,1782918240.2906582
682900,0.11878277361392975,1782918246.4606056
683000,0.11977358907461166,1782918252.4076772
683100,0.12029716372489929,1782918258.3957393
683200,0.12028683722019196,1782918264.4056427
683300,0.1203872561454773,1782918270.2873554
683400,0.12118098884820938,1782918276.2955704
683500,0.12112503498792648,1782918282.4685636
683600,0.12351343035697937,1782918288.4224663
683700,0.1241459921002388,1782918294.3288708
683800,0.12327548861503601,1782918300.4037197
683900,0.1231415867805481,1782918306.426039
684000,0.12231972813606262,1782918312.4489398
684100,0.122278593480587,1782918318.6626873
684200,0.12204582244157791,1782918324.8485842
684300,0.1231822595000267,1782918330.8870866
684400,0.12227733433246613,1782918337.316648
684500,0.12258584052324295,1782918343.3584106
684600,0.12193328887224197,1782918349.3404503
684700,0.12101062387228012,1782918355.4671063
684800,0.12174464017152786,1782918361.828102
684900,0.12256453931331635,1782918367.866758
685000,0.12238799780607224,1782918374.1956787
685100,0.12122280150651932,1782918380.3792937
685200,0.12035669386386871,1782918386.5182018
685300,0.12040244787931442,1782918392.593427
685400,0.1211048811674118,1782918398.8685365
685500,0.12184801697731018,1782918405.1934419
685600,0.12290723621845245,1782918411.431002
685700,0.12327294796705246,1782918417.8726008
685800,0.12298496812582016,1782918424.0158653
685900,0.12343606352806091,1782918430.4451087
686000,0.122989222407341,1782918436.771946
686100,0.1235228180885315,1782918443.1889603
686200,0.12351198494434357,1782918449.4149728
686300,0.12562666833400726,1782918455.701395
686400,0.12588317692279816,1782918461.8932612
686500,0.1252598762512207,1782918468.2148383
686600,0.12539030611515045,1782918474.3401425
686700,0.12578149139881134,1782918480.5794294
686800,0.12734359502792358,1782918486.8194284
686900,0.12812645733356476,1782918493.126816
687000,0.12813137471675873,1782918499.3116033
687100,0.12868443131446838,1782918505.4332423
687200,0.1289195865392685,1782918511.6815586
687300,0.12895552814006805,1782918517.9986124
687400,0.12981081008911133,1782918524.1341379
687500,0.13024091720581055,1782918530.121669
687600,0.1300095021724701,1782918536.329905
687700,0.13000577688217163,1782918542.5640018
687800,0.13008235394954681,1782918548.4388185
687900,0.1293954700231552,1782918554.3919935
688000,0.12856997549533844,1782918560.7789357
688100,0.1276354342699051,1782918566.8404307
688200,0.12666305899620056,1782918572.9551225
688300,0.12606611847877502,1782918579.1507256
688400,0.12545309960842133,1782918585.3024163
688500,0.12477406114339828,1782918591.5505488
688600,0.1247408390045166,1782918597.5717232
688700,0.12567365169525146,1782918603.9796162
688800,0.12644219398498535,1782918610.1187325
688900,0.12549881637096405,1782918616.3850513
689000,0.12467727065086365,1782918622.295614
689100,0.12467539310455322,1782918628.683064
689200,0.1237420067191124,1782918634.833179
689300,0.12287881225347519,1782918641.0730357
689400,0.12301406264305115,1782918647.014883
689500,0.1226060688495636,1782918653.2977488
689600,0.1220647320151329,1782918659.533943
689700,0.12140007317066193,1782918665.6095972
689800,0.1220303401350975,1782918671.8663728
689900,0.12132726609706879,1782918677.945749
690000,0.12072769552469254,1782918684.0205567
690100,0.12138640880584717,1782918690.250727
690200,0.12103202939033508,1782918696.612794
690300,0.12044335156679153,1782918702.7688725
690400,0.12116535753011703,1782918708.8466911
690500,0.1232825368642807,1782918714.9788477
690600,0.1241832971572876,1782918721.1639452
690700,0.12513728439807892,1782918727.460285
690800,0.12497008591890335,1782918733.7442062
690900,0.12425164133310318,1782918739.9265594
691000,0.12348786741495132,1782918746.0940392
691100,0.12393549084663391,1782918752.3185093
691200,0.1232430711388588,1782918758.4096777
691300,0.12317803502082825,1782918764.3878143
691400,0.12349346280097961,1782918770.7119765
691500,0.12303154170513153,1782918776.7080767
691600,0.12279446423053741,1782918782.7308617
691700,0.12392177432775497,1782918788.9406877
691800,0.12391427159309387,1782918794.9817271
691900,0.12413402646780014,1782918801.2601523
692000,0.12419132143259048,1782918807.4141598
692100,0.12400539219379425,1782918813.362337
692200,0.12380489706993103,1782918819.3387158
692300,0.12366939336061478,1782918825.4414403
692400,0.12361465394496918,1782918831.4693918
692500,0.12353946268558502,1782918837.7182333
692600,0.1233723983168602,1782918843.971959
692700,0.12376437336206436,1782918850.088282
692800,0.123591847717762,1782918856.3614726
692900,0.12403729557991028,1782918862.5105526
693000,0.12409695982933044,1782918868.6567268
693100,0.12480384111404419,1782918874.7154078
693200,0.12485706806182861,1782918880.9503813
693300,0.12525267899036407,1782918887.023337
693400,0.12570378184318542,1782918893.2566466
693500,0.12528547644615173,1782918899.3454323
693600,0.12507213652133942,1782918905.4957962
693700,0.12514296174049377,1782918911.7066004
693800,0.12431378662586212,1782918917.8508635
693900,0.12296080589294434,1782918924.1284368
694000,0.12082204967737198,1782918930.2977996
694100,0.11894780397415161,1782918936.500104
694200,0.11794400215148926,1782918942.6409347
694300,0.11731637269258499,1782918948.7482703
694400,0.1171051412820816,1782918954.8575602
694500,0.11718694865703583,1782918960.9404066
694600,0.11818884313106537,1782918967.196499
694700,0.11947603523731232,1782918973.257254
694800,0.1187581941485405,1782918979.2346432
694900,0.11909116059541702,1782918985.349063
695000,0.11914483457803726,1782918991.4154887
695100,0.11886818706989288,1782918997.3794227
695200,0.11906963586807251,1782919003.5631437
695300,0.1189759373664856,1782919009.690765
695400,0.11959575861692429,1782919015.618656
695500,0.12090910226106644,1782919021.9332135
695600,0.12054432928562164,1782919028.1052914
695700,0.1214398741722107,1782919034.4696834
695800,0.12160681933164597,1782919040.4766405
695900,0.1220957562327385,1782919046.5858881
696000,0.12178191542625427,1782919052.592368
696100,0.12172386050224304,1782919058.6468832
696200,0.12124641984701157,1782919065.0047014
696300,0.1221071407198906,1782919071.2666364
696400,0.12102242559194565,1782919077.3311725
696500,0.12142962962388992,1782919083.371345
696600,0.12164510041475296,1782919089.4055583
696700,0.12212929874658585,1782919095.6001544
696800,0.12231328338384628,1782919101.9373274
696900,0.12249971181154251,1782919107.9510078
697000,0.12338721752166748,1782919114.0653963
697100,0.1242898628115654,1782919120.116941
697200,0.12426017224788666,1782919126.5729609
697300,0.12438458204269409,1782919132.752504
697400,0.12424163520336151,1782919139.1213632
697500,0.12414548546075821,1782919145.3790045
697600,0.12320936471223831,1782919151.4408703
697700,0.12360987067222595,1782919157.7175567
697800,0.1247011050581932,1782919163.6650684
697900,0.12464302778244019,1782919170.092991
698000,0.1242908164858818,1782919176.4118505
698100,0.12333809584379196,1782919182.4231207
698200,0.12265229225158691,1782919188.748327
698300,0.12220209091901779,1782919195.1404445
698400,0.12246385216712952,1782919201.0762532
698500,0.12251026183366776,1782919207.2245994
698600,0.12282445281744003,1782919213.4734123
698700,0.12303552776575089,1782919219.808616
698800,0.12234131246805191,1782919226.0195203
698900,0.12305768579244614,1782919232.3121214
699000,0.12375295162200928,1782919238.415426
699100,0.12442560493946075,1782919244.5681472
699200,0.12567771971225739,1782919250.7248456
699300,0.12704482674598694,1782919256.9666529
699400,0.1279398649930954,1782919263.0539734
699500,0.12899209558963776,1782919269.1979704
699600,0.12886987626552582,1782919275.306117
699700,0.12862971425056458,1782919281.4345367
699800,0.12843717634677887,1782919287.58659
699900,0.12681502103805542,1782919293.7474918
700000,0.1256643533706665,1783345544.9427013
700100,0.12482116371393204,1783345703.188108
700200,0.12429244071245193,1783345709.331317
700300,0.12347718328237534,1783345715.5291033
700400,0.12357590347528458,1783345721.714696
700500,0.12367266416549683,1783345728.1962454
700600,0.12358851730823517,1783345734.5025694
700700,0.1236286461353302,1783345740.6221423
700800,0.12431221455335617,1783345746.7975855
700900,0.12382954359054565,1783345752.934608
701000,0.12303336709737778,1783345758.9504268
701100,0.12154838442802429,1783345765.3999555
701200,0.12071704119443893,1783345771.4256866
701300,0.12086722254753113,1783345777.582616
701400,0.11995460093021393,1783345783.763794
701500,0.11961021274328232,1783345790.115565
701600,0.11905506998300552,1783345796.1122093
701700,0.11787394434213638,1783345802.303852
701800,0.11897113919258118,1783345808.3777235
701900,0.11825945228338242,1783345814.337208
702000,0.11794155836105347,1783345820.3157444
702100,0.11767671257257462,1783345826.5861816
702200,0.11845356225967407,1783345832.7035756
702300,0.11782427132129669,1783345838.972785
702400,0.1173691675066948,1783345845.1959732
702500,0.11712582409381866,1783345851.496859
702600,0.11863056570291519,1783345857.8017511
702700,0.1197967529296875,1783345864.0245118
702800,0.12090308219194412,1783345870.066506
702900,0.12185949832201004,1783345876.1746094
703000,0.1222679540514946,1783345882.2328396
703100,0.12303239107131958,1783345888.403282
703200,0.1244630441069603,1783345894.440844
703300,0.12605735659599304,1783345900.7139385
703400,0.1261068880558014,1783345907.0284033
703500,0.12671323120594025,1783345913.2106538
703600,0.12772458791732788,1783345919.3744695
703700,0.1272374391555786,1783345925.6601598
703800,0.12567490339279175,1783345931.8005226
703900,0.12502650916576385,1783345938.003417
704000,0.12501263618469238,1783345944.0742676
704100,0.12412211298942566,1783345950.4752336
704200,0.12451020628213882,1783345956.5113633
704300,0.1243445873260498,1783345962.6171389
704400,0.12409160286188126,1783345968.8422372
704500,0.12332374602556229,1783345974.8634272
704600,0.12216561287641525,1783345980.8875444
704700,0.12144647538661957,1783345987.09065
704800,0.1212443932890892,1783345993.2029748
704900,0.12067531049251556,1783345999.455802
705000,0.12100594490766525,1783346005.779869
705100,0.12016169726848602,1783346012.1406746
705200,0.12000048160552979,1783346018.457161
705300,0.1194988489151001,1783346024.7448254
705400,0.11874718219041824,1783346030.8144145
705500,0.11808498948812485,1783346036.9574168
705600,0.11822838336229324,1783346043.2871642
705700,0.1189725324511528,1783346049.4330974
705800,0.11928601562976837,1783346055.5191166
705900,0.11970275640487671,1783346061.590796
706000,0.11926274746656418,1783346067.7554688
706100,0.12030212581157684,1783346073.9794452
706200,0.12095876038074493,1783346080.4324396
706300,0.12178082019090652,1783346086.591822
706400,0.12244893610477448,1783346092.8441436
706500,0.12242645770311356,1783346098.8840487
706600,0.1228865459561348,1783346105.2598364
706700,0.12219660729169846,1783346111.4314148
706800,0.12249615043401718,1783346117.5336545
706900,0.12282370775938034,1783346123.6507645
707000,0.1239701509475708,1783346129.7551708
707100,0.12386751919984818,1783346135.9347572
707200,0.12505923211574554,1783346142.3313339
707300,0.124302938580513,1783346148.7882433
707400,0.12429187446832657,1783346155.2192295
707500,0.1240973174571991,1783346161.692213
707600,0.12490580230951309,1783346167.9954047
707700,0.12539297342300415,1783346174.160941
707800,0.12698502838611603,1783346180.3992684
707900,0.12736284732818604,1783346186.5479274
708000,0.12784560024738312,1783346192.8992941
708100,0.1275683492422104,1783346199.26568
708200,0.12917862832546234,1783346205.3721802
708300,0.1290518343448639,1783346211.480565
708400,0.12881430983543396,1783346217.6561732
708500,0.128519207239151,1783346223.807768
708600,0.12965451180934906,1783346229.8950095
708700,0.13016274571418762,1783346236.1230755
708800,0.1322493553161621,1783346242.14304
708900,0.1325652152299881,1783346248.3211198
709000,0.13285207748413086,1783346254.6523716
709100,0.13337044417858124,1783346260.997819
709200,0.13375523686408997,1783346267.2858644
709300,0.13424573838710785,1783346273.379901
709400,0.1349790096282959,1783346279.8505068
709500,0.13523714244365692,1783346286.1906745
709600,0.13668256998062134,1783346292.2821903
709700,0.1377135068178177,1783346298.45426
709800,0.13725721836090088,1783346304.7594535
709900,0.13698366284370422,1783346310.833597
710000,0.1368839591741562,1783346316.9204776
710100,0.13698837161064148,1783346323.0973246
710200,0.13590151071548462,1783346329.0574358
710300,0.1350620687007904,1783346335.0671642
710400,0.13362906873226166,1783346341.0652137
710500,0.13232733309268951,1783346347.211873
710600,0.13195601105690002,1783346353.2699707
710700,0.1316460371017456,1783346359.3458507
710800,0.13092286884784698,1783346365.5799239
710900,0.13055124878883362,1783346371.62109
711000,0.13057106733322144,1783346378.0304263
711100,0.1309385895729065,1783346384.3287845
711200,0.1311161369085312,1783346390.5381432
711300,0.13050808012485504,1783346396.6584368
711400,0.13102763891220093,1783346402.8834832
711500,0.13009420037269592,1783346409.024895
711600,0.12934325635433197,1783346415.2318265
711700,0.12989383935928345,1783346421.7017827
711800,0.12966041266918182,1783346427.7900681
711900,0.12904050946235657,1783346433.9901552
712000,0.12764568626880646,1783346440.2102633
712100,0.12725934386253357,1783346446.3883588
712200,0.12734010815620422,1783346452.5575142
712300,0.1274673491716385,1783346458.831579
712400,0.12810519337654114,1783346465.041544
712500,0.12720975279808044,1783346471.1574724
712600,0.12659889459609985,1783346477.2580807
712700,0.12796422839164734,1783346483.514096
712800,0.12785343825817108,1783346489.8103895
712900,0.12813332676887512,1783346496.1684644
713000,0.12766049802303314,1783346502.3527033
713100,0.12817078828811646,1783346508.7283218
713200,0.12786458432674408,1783346514.7739708
713300,0.1267903745174408,1783346521.0918512
713400,0.1256011575460434,1783346527.3586245
713500,0.12456068396568298,1783346533.6537986
713600,0.12386757135391235,1783346539.8564343
713700,0.1226835548877716,1783346545.947622
713800,0.12274078279733658,1783346552.3254879
713900,0.12374604493379593,1783346558.4463685
714000,0.12531384825706482,1783346564.6827507
714100,0.12485905736684799,1783346570.6794038
714200,0.12393052130937576,1783346576.806927
714300,0.12465779483318329,1783346582.930888
714400,0.12492486834526062,1783346589.1199074
714500,0.12456290423870087,1783346595.4210727
714600,0.12365264445543289,1783346601.6209486
714700,0.12262003868818283,1783346607.6408556
714800,0.12239864468574524,1783346613.993849
714900,0.12144111841917038,1783346620.0862207
715000,0.121217280626297,1783346626.1683905
715100,0.1216602697968483,1783346632.237282
715200,0.12194181233644485,1783346638.089829
715300,0.1214442178606987,1783346644.2477531
715400,0.12106692045927048,1783346650.3906634
715500,0.12123898416757584,1783346656.6822767
715600,0.12129707634449005,1783346662.8514855
715700,0.12080689519643784,1783346669.2142086
715800,0.12037184834480286,1783346675.318257
715900,0.1190689280629158,1783346681.5384283
716000,0.11853523552417755,1783346687.8792963
716100,0.11906138062477112,1783346694.141222
716200,0.11796528846025467,1783346700.3236444
716300,0.117921844124794,1783346706.5679579
716400,0.11868709325790405,1783346712.5331075
716500,0.11868449300527573,1783346718.7338767
716600,0.11743094027042389,1783346725.022461
716700,0.11627690494060516,1783346731.1235437
716800,0.11535654217004776,1783346737.2886908
716900,0.11424170434474945,1783346743.3052504
717000,0.11489073187112808,1783346749.432852
717100,0.11520139127969742,1783346755.548013
717200,0.11513999104499817,1783346761.960399
717300,0.11482448875904083,1783346768.1468265
717400,0.11476597189903259,1783346774.3488536
717500,0.11444017291069031,1783346780.436884
717600,0.11517510563135147,1783346786.607646
717700,0.11601704359054565,1783346792.9722514
717800,0.115321584045887,1783346799.2140932
717900,0.11502617597579956,1783346805.565249
718000,0.1143050268292427,1783346811.8295121
718100,0.11493480950593948,1783346817.941692
718200,0.11451786756515503,1783346823.7282605
718300,0.11423084139823914,1783346829.8809216
718400,0.11399414390325546,1783346836.1252995
718500,0.11290326714515686,1783346842.3325214
718600,0.11305035650730133,1783346848.5325599
718700,0.11414635926485062,1783346854.6088088
718800,0.11343427002429962,1783346860.8324301
718900,0.11317373812198639,1783346866.9712305
719000,0.11286426335573196,1783346873.134038
719100,0.11397776007652283,1783346879.1627052
719200,0.1130094826221466,1783346885.6709034
719300,0.1123279333114624,1783346891.7523787
719400,0.11115166544914246,1783346897.9171913
719500,0.11046575754880905,1783346904.1568148
719600,0.10880611091852188,1783346910.3880408
719700,0.10807369649410248,1783346916.6968002
719800,0.10795062780380249,1783346923.0177653
719900,0.10845023393630981,1783346929.1155725
720000,0.10808425396680832,1783346935.3889024
720100,0.1080920621752739,1783346941.5894616
720200,0.10714706778526306,1783346947.9354181
720300,0.1064438596367836,1783346954.0998535
720400,0.10640744864940643,1783346960.3465874
720500,0.10575743764638901,1783346966.477294
720600,0.10620468854904175,1783346972.5848646
720700,0.1060139611363411,1783346978.6201954
720800,0.10578308999538422,1783346984.9016874
720900,0.10546088218688965,1783346991.070594
721000,0.10520633310079575,1783346997.0682094
721100,0.1044437438249588,1783347003.0806222
721200,0.10498961061239243,1783347009.2517943
721300,0.10518679022789001,1783347015.2982438
721400,0.10584013164043427,1783347021.2927573
721500,0.10595260560512543,1783347027.4405153
721600,0.10693323612213135,1783347033.3675802
721700,0.10861656069755554,1783347039.588257
721800,0.1088082417845726,1783347045.5968363
721900,0.10873754322528839,1783347051.9156046
722000,0.10880081355571747,1783347058.0251977
722100,0.10896529257297516,1783347064.3002944
722200,0.10873868316411972,1783347070.5123441
722300,0.1082223653793335,1783347076.6614454
722400,0.1085016205906868,1783347083.0055468
722500,0.10851256549358368,1783347089.2346077
722600,0.10970143228769302,1783347095.3141153
722700,0.11130375415086746,1783347101.3555443
722800,0.11171592026948929,1783347107.4359846
722900,0.11196582019329071,1783347113.7024472
723000,0.11170364171266556,1783347120.0525012
723100,0.1122066080570221,1783347126.2826939
723200,0.11174885183572769,1783347132.4250028
723300,0.11325979977846146,1783347138.546041
723400,0.1141914650797844,1783347144.7243707
723500,0.11512121558189392,1783347150.9911385
723600,0.11676152795553207,1783347157.1320574
723700,0.11692477762699127,1783347163.4323137
723800,0.11907196789979935,1783347169.7668388
723900,0.1203366369009018,1783347176.0430443
724000,0.12149011343717575,1783347182.3077826
724100,0.12256453931331635,1783347188.5889323
724200,0.12255781143903732,1783347194.6588326
724300,0.12248242646455765,1783347201.0402412
724400,0.1221684068441391,1783347207.1573288
724500,0.12223497778177261,1783347213.3022206
724600,0.12290550023317337,1783347219.472892
724700,0.12320399284362793,1783347225.755158
724800,0.12285839766263962,1783347231.8362496
724900,0.12193366885185242,1783347238.3021843
725000,0.12099114805459976,1783347244.7253559
725100,0.12030746042728424,1783347401.9087324
725200,0.1196962520480156,1783347408.0012908
725300,0.1195434182882309,1783347414.0460217
725400,0.11897514015436172,1783347420.4328966
725500,0.12008456140756607,1783347426.594926
725600,0.12049787491559982,1783347432.8113897
725700,0.1209976077079773,1783347439.1238678
725800,0.12166742980480194,1783347445.2442937
725900,0.12223273515701294,1783347451.4442365
726000,0.12290992587804794,1783347457.595322
726100,0.1225164532661438,1783347463.894203
726200,0.12198152393102646,1783347470.372074
726300,0.12121199071407318,1783347476.4819264
726400,0.12150060385465622,1783347482.7172232
726500,0.12118293344974518,1783347488.8994913
726600,0.12091893702745438,1783347495.2242274
726700,0.12113843858242035,1783347501.490253
726800,0.12022000551223755,1783347507.9156792
726900,0.11984528601169586,1783347514.002602
727000,0.11903194338083267,1783347520.3232527
727100,0.1183396652340889,1783347526.3897638
727200,0.11818371713161469,1783347532.7468562
727300,0.12062215805053711,1783347539.093716
727400,0.11981717497110367,1783347545.2204537
727500,0.12029100209474564,1783347551.4947364
727600,0.12132935225963593,1783347557.701223
727700,0.12123017013072968,1783347563.9246593
727800,0.1205451712012291,1783347570.0219269
727900,0.12061390280723572,1783347576.3316495
728000,0.12036128342151642,1783347582.4980967
728100,0.11978729814291,1783347588.6418796
728200,0.12027445435523987,1783347594.858276
728300,0.12088878452777863,1783347601.1480596
728400,0.12152253091335297,1783347607.3336308
728500,0.12294049561023712,1783347613.608843
728600,0.12354841083288193,1783347619.7986608
728700,0.12300273776054382,1783347626.1084611
728800,0.12253225594758987,1783347632.6316142
728900,0.121279776096344,1783347638.9197922
729000,0.12154925614595413,1783347644.9850469
729100,0.12323550879955292,1783347651.2230632
729200,0.12252465635538101,1783347657.2859669
729300,0.12095466256141663,1783347663.6731148
729400,0.1194998174905777,1783347669.7545886
729500,0.11823587864637375,1783347675.894648
729600,0.11773157864809036,1783347682.0832927
729700,0.11669337004423141,1783347688.4859362
729800,0.11711655557155609,1783347694.757965
729900,0.11749131977558136,1783347700.9031105
730000,0.11994149535894394,1783347706.9292958
730100,0.12021610885858536,1783347713.2036245
730200,0.12052988260984421,1783347719.308622
730300,0.11987097561359406,1783347725.710519
730400,0.11918145418167114,1783347731.7338927
730500,0.11880212277173996,1783347737.8045032
730600,0.11987122893333435,1783347744.2354603
730700,0.12061212211847305,1783347750.3741925
730800,0.12004672735929489,1783347756.6388922
730900,0.1193414032459259,1783347762.66694
731000,0.1196020320057869,1783347768.6886754
731100,0.1192190870642662,1783347774.8230608
731200,0.1189645305275917,1783347781.0847526
731300,0.11842241883277893,1783347787.1572614
731400,0.11882801353931427,1783347793.2919726
731500,0.11876272410154343,1783347799.7235382
731600,0.11843718588352203,1783347805.9789937
731700,0.11805051565170288,1783347812.145775
731800,0.11827168613672256,1783347818.7917955
731900,0.11955276876688004,1783347825.091881
732000,0.11991474032402039,1783347831.2043602
732100,0.11937933415174484,1783347837.5415566
732200,0.11846420913934708,1783347843.7535484
732300,0.12066363543272018,1783347849.487496
732400,0.1209106370806694,1783347855.7186892
732500,0.12044981122016907,1783347861.4375706
732600,0.1194085106253624,1783347867.1795437
732700,0.11857958883047104,1783347873.5194187
732800,0.11781025677919388,1783347879.7492597
732900,0.11724366992712021,1783347885.6968982
733000,0.11688892543315887,1783347891.8957176
733100,0.11649942398071289,1783347897.934777
733200,0.11552707850933075,1783347903.9913523
733300,0.115819051861763,1783347910.0337353
733400,0.11845692992210388,1783347916.045421
733500,0.11876745522022247,1783347922.172954
733600,0.11844370514154434,1783347928.0889773
733700,0.1186811774969101,1783347934.0309901
733800,0.11834289878606796,1783347940.121967
733900,0.11849754303693771,1783347946.3094633
734000,0.11768139898777008,1783347952.081439
734100,0.11665233969688416,1783347958.3003106
734200,0.1160004511475563,1783347964.6661024
734300,0.11552515625953674,1783347970.7491214
734400,0.11454320698976517,1783347976.7757926
734500,0.113869808614254,1783347982.8710306
734600,0.11487393826246262,1783347988.9018586
734700,0.11477968096733093,1783347994.988205
734800,0.11518529802560806,1783348001.3224092
734900,0.11417915672063828,1783348007.3916962
735000,0.11330989748239517,1783348013.6015065
735100,0.11223212629556656,1783348019.610785
735200,0.11130288243293762,1783348025.609312
735300,0.11068026721477509,1783348031.7724395
735400,0.11051583290100098,1783348037.9725292
735500,0.110614113509655,1783348044.240244
735600,0.11050155013799667,1783348050.6516309
735700,0.11088777333498001,1783348056.733586
735800,0.11067000776529312,1783348062.944557
735900,0.10986952483654022,1783348068.9811256
736000,0.10892852395772934,1783348075.159212
736100,0.10889662802219391,1783348081.3552585
736200,0.10909837484359741,1783348087.3402236
736300,0.11066829413175583,1783348093.547217
736400,0.11077948659658432,1783348099.6455243
736500,0.1101866215467453,1783348105.9204366
736600,0.10948341339826584,1783348111.8828168
736700,0.11027655750513077,1783348117.9497316
736800,0.10971222817897797,1783348124.1237338
736900,0.11012732237577438,1783348130.3869517
737000,0.11130893230438232,1783348136.340668
737100,0.11137328296899796,1783348142.4732418
737200,0.11192455887794495,1783348148.6120727
737300,0.11332497000694275,1783348154.7457774
737400,0.11405599117279053,1783348160.878378
737500,0.11342239379882812,1783348167.195681
737600,0.1140052005648613,1783348173.5226293
737700,0.11321976035833359,1783348179.6365306
737800,0.1123446524143219,1783348185.7179353
737900,0.11172159761190414,1783348191.7420042
738000,0.11120256036520004,1783348198.1253617
738100,0.11115148663520813,1783348204.2516897
738200,0.11127499490976334,1783348210.3068278
738300,0.11086025089025497,1783348216.6661212
738400,0.1112719476222992,1783348222.715441
738500,0.11143384128808975,1783348228.9435904
738600,0.11219589412212372,1783348235.004924
738700,0.11204350739717484,1783348241.3532681
738800,0.11119474470615387,1783348247.587921
738900,0.11237315088510513,1783348253.6525695
739000,0.11168543249368668,1783348259.991089
739100,0.11125367134809494,1783348266.0877366
739200,0.11109788715839386,1783348272.2935207
739300,0.11054962128400803,1783348278.4908392
739400,0.11085379868745804,1783348284.6989052
739500,0.11132315546274185,1783348290.7716496
739600,0.11080867052078247,1783348296.8619847
739700,0.11131037026643753,1783348303.1086624
739800,0.11084263026714325,1783348309.1370492
739900,0.11149892210960388,1783348315.5401216
740000,0.11135469377040863,1783348321.9153697
740100,0.11146628856658936,1783348328.1886098
740200,0.11299525946378708,1783348334.2061696
740300,0.1149359866976738,1783348340.3861876
740400,0.11608012765645981,1783348346.9184916
740500,0.11829960346221924,1783348353.3060184
740600,0.1185346394777298,1783348359.481702
740700,0.11859731376171112,1783348365.4767025
740800,0.11922252923250198,1783348371.870289
740900,0.12021889537572861,1783348378.0012846
741000,0.12073437124490738,1783348384.4496298
741100,0.12166748940944672,1783348390.5710275
741200,0.12268689274787903,1783348396.720167
741300,0.12365158647298813,1783348402.7592223
741400,0.12389478087425232,1783348408.9907238
741500,0.12288206070661545,1783348415.343636
741600,0.1226935014128685,1783348421.461073
741700,0.1222500205039978,1783348428.0371733
741800,0.12336798012256622,1783348434.248433
741900,0.12369103729724884,1783348440.5301368
742000,0.1233174279332161,1783348446.75708
742100,0.1221960037946701,1783348453.0474823
742200,0.12094620615243912,1783348459.1246848
742300,0.11977978050708771,1783348465.45828
742400,0.11883515119552612,1783348471.5876064
742500,0.11949431896209717,1783348477.5880527
742600,0.12008299678564072,1783348483.670951
742700,0.11920458823442459,1783348490.0351586
742800,0.11828679591417313,1783348496.1352344
742900,0.11703239381313324,1783348502.4795127
743000,0.11746477335691452,1783348508.6997583
743100,0.11858996003866196,1783348514.892385
743200,0.11761363595724106,1783348520.9023144
743300,0.11668435484170914,1783348527.0018492
743400,0.11704146862030029,1783348533.0020761
743500,0.11612183600664139,1783348539.1423268
743600,0.1157182827591896,1783348545.3217757
743700,0.11450798809528351,1783348551.4492018
743800,0.11394919455051422,1783348557.6355011
743900,0.11549150198698044,1783348563.6796746
744000,0.11580482870340347,1783348570.2433643
744100,0.11697856336832047,1783348576.365319
744200,0.11735738813877106,1783348582.819944
744300,0.11711543053388596,1783348589.1535347
744400,0.11726827919483185,1783348595.3369303
744500,0.11655201762914658,1783348601.8909132
744600,0.11511227488517761,1783348608.1000125
744700,0.11576637625694275,1783348614.6693425
744800,0.11625391989946365,1783348620.8337638
744900,0.11505535989999771,1783348627.0775456
745000,0.11494661867618561,1783348633.4017816
745100,0.1146363765001297,1783348639.457549
745200,0.11468268185853958,1783348645.7348642
745300,0.1145511046051979,1783348651.8963325
745400,0.11415425688028336,1783348658.0525947
745500,0.11481934040784836,1783348664.0848637
745600,0.11516495048999786,1783348670.1908603
745700,0.1149880662560463,1783348676.3906395
745800,0.11413057893514633,1783348682.8543527
745900,0.11360802501440048,1783348689.1374462
746000,0.11456047743558884,1783348695.107517
746100,0.11525394022464752,1783348701.1515863
746200,0.11485783010721207,1783348707.4794488
746300,0.11386259645223618,1783348713.5357552
746400,0.1131686195731163,1783348719.64301
746500,0.11296654492616653,1783348725.8771544
746600,0.11325010657310486,1783348731.933252
746700,0.11386338621377945,1783348738.25171
746800,0.11410407721996307,1783348744.549358
746900,0.11451191455125809,1783348750.6387568
747000,0.11538594216108322,1783348756.9854994
747100,0.11625145375728607,1783348763.1570637
747200,0.11619209498167038,1783348769.3579473
747300,0.11681473255157471,1783348775.3829288
747400,0.11618001759052277,1783348781.486413
747500,0.11631643772125244,1783348787.404992
747600,0.11729419976472855,1783348793.5789444
747700,0.11813384294509888,1783348799.5073166
747800,0.11730373650789261,1783348805.4984422
747900,0.11720879375934601,1783348811.9969997
748000,0.11826807260513306,1783348818.138605
748100,0.11803930997848511,1783348824.4394627
748200,0.11771596968173981,1783348830.5640967
748300,0.11805889010429382,1783348836.7370896
748400,0.11838362365961075,1783348843.196243
748500,0.11850268393754959,1783348849.2396119
748600,0.11840265244245529,1783348855.4189875
748700,0.117685966193676,1783348861.7453513
748800,0.11734006553888321,1783348867.9602737
748900,0.11725818365812302,1783348874.22064
749000,0.11668702960014343,1783348880.4038167
749100,0.11762414872646332,1783348886.4698694
749200,0.11697588860988617,1783348892.5793808
749300,0.11674632877111435,1783348898.725292
749400,0.11631499230861664,1783348904.916771
749500,0.11594414710998535,1783348911.0307631
749600,0.11639184504747391,1783348917.3377604
749700,0.11621742695569992,1783348923.4206831
749800,0.11556501686573029,1783348929.6446302
749900,0.11601310968399048,1783348935.9660923
750000,0.11527357250452042,1783428747.0253274
750100,0.11552947759628296,1783428905.5268495
750200,0.1159917339682579,1783428911.3247015
750300,0.11648314446210861,1783428917.1975853
750400,0.11774148792028427,1783428922.9495173
750500,0.11867175251245499,1783428928.9381366
750600,0.11907485872507095,1783428934.788916
750700,0.12013798207044601,1783428940.982963
750800,0.1201329380273819,1783428946.826379
750900,0.12078126519918442,1783428952.8573153
751000,0.1207428053021431,1783428958.730878
751100,0.12006103992462158,1783428965.0141988
751200,0.12035084515810013,1783428971.166358
751300,0.12103026360273361,1783428977.202472
751400,0.12148606777191162,1783428983.4727557
751500,0.12327951192855835,1783428989.8117735
751600,0.12253207713365555,1783428995.983087
751700,0.1221955269575119,1783429002.0738604
751800,0.12324292212724686,1783429008.3503258
751900,0.12472602725028992,1783429014.5320954
752000,0.12465783208608627,1783429020.8507502
752100,0.1236555427312851,1783429027.263117
752200,0.12321897596120834,1783429033.4423606
752300,0.122408427298069,1783429039.9951425
752400,0.12284351140260696,1783429046.0671165
752500,0.12353996187448502,1783429052.5085003
752600,0.12334801256656647,1783429058.9109566
752700,0.12367452681064606,1783429065.2421086
752800,0.12414125353097916,1783429071.4195287
752900,0.12339983880519867,1783429077.851729
753000,0.1227373331785202,1783429084.0870025
753100,0.12200639396905899,1783429090.2060168
753200,0.1220715194940567,1783429096.3126245
753300,0.12251580506563187,1783429102.446731
753400,0.12296626716852188,1783429108.572511
753500,0.12313266843557358,1783429114.8953764
753600,0.12356393784284592,1783429121.2522159
753700,0.12297332286834717,1783429127.6010265
753800,0.1219739094376564,1783429133.9241397
753900,0.12118267267942429,1783429140.0863657
754000,0.12037474662065506,1783429146.5207129
754100,0.12064459174871445,1783429152.5640962
754200,0.12036240100860596,1783429158.8468668
754300,0.12148401141166687,1783429165.4651735
754400,0.12242870777845383,1783429171.7047915
754500,0.12175207585096359,1783429177.9094427
754600,0.1232745423913002,1783429184.1609879
754700,0.12324077636003494,1783429190.2296607
754800,0.12274844944477081,1783429196.673332
754900,0.12334216386079788,1783429202.6983447
755000,0.12508469820022583,1783429209.0715144
755100,0.1267019808292389,1783429215.3583972
755200,0.12719690799713135,1783429221.8711195
755300,0.12733782827854156,1783429228.2541363
755400,0.12662863731384277,1783429234.5299757
755500,0.12622758746147156,1783429240.8006327
755600,0.126789852976799,1783429247.219343
755700,0.12588758766651154,1783429253.4622538
755800,0.1255187690258026,1783429259.989538
755900,0.12491166591644287,1783429266.1061053
756000,0.1239437609910965,1783429272.2145758
756100,0.12464389204978943,1783429278.8276222
756200,0.12414158135652542,1783429285.1159964
756300,0.12389519065618515,1783429291.3161674
756400,0.12381136417388916,1783429297.538291
756500,0.12398555129766464,1783429304.282685
756600,0.12385144829750061,1783429310.42659
756700,0.1262434720993042,1783429316.7620685
756800,0.12602530419826508,1783429322.947757
756900,0.12501117587089539,1783429329.131305
757000,0.12392685562372208,1783429335.3822498
757100,0.12321377545595169,1783429341.8380203
757200,0.12255758047103882,1783429348.2431245
757300,0.12215620279312134,1783429354.743991
757400,0.12195831537246704,1783429360.922722
757500,0.12189267575740814,1783429367.3418903
757600,0.1220809668302536,1783429373.342719
757700,0.1238926500082016,1783429379.779978
757800,0.12436159700155258,1783429385.9178894
757900,0.12440071254968643,1783429392.32271
758000,0.12472917884588242,1783429398.6418533
758100,0.1257438361644745,1783429404.6970534
758200,0.12464805692434311,1783429411.1822894
758300,0.12392488121986389,1783429417.485421
758400,0.12365181744098663,1783429423.6294672
758500,0.12256091088056564,1783429430.0993838
758600,0.12192892283201218,1783429436.282739
758700,0.12249483168125153,1783429442.7202137
758800,0.12102395296096802,1783429449.1092603
758900,0.11907333135604858,1783429455.492648
759000,0.11807665973901749,1783429461.7403188
759100,0.1172487661242485,1783429467.8621495
759200,0.11716147512197495,1783429474.1488788
759300,0.11608325690031052,1783429480.4409227
759400,0.11576235294342041,1783429486.678968
759500,0.11635585129261017,1783429492.8075128
759600,0.11543355137109756,1783429499.0613272
759700,0.11522059142589569,1783429505.2394714
759800,0.11453823745250702,1783429511.5781372
759900,0.11405716091394424,1783429517.876075
760000,0.11404598504304886,1783429524.1429424
760100,0.1149720847606659,1783429530.4441173
760200,0.11515706777572632,1783429536.8944244
760300,0.11592069268226624,1783429543.353611
760400,0.1152191087603569,1783429549.682913
760500,0.11492886394262314,1783429555.795419
760600,0.11567472666501999,1783429562.1601613
760700,0.11573309451341629,1783429568.304641
760800,0.11646643280982971,1783429574.4603624
760900,0.11820166558027267,1783429580.8622422
761000,0.11837606132030487,1783429586.933917
761100,0.11809329688549042,1783429593.0583472
761200,0.11771894991397858,1783429599.2884994
761300,0.11844158917665482,1783429605.5519147
761400,0.11836214363574982,1783429611.8356538
761500,0.11831796914339066,1783429617.854757
761600,0.11710634082555771,1783429624.21678
761700,0.11574697494506836,1783429630.4894178
761800,0.11428309231996536,1783429636.6110253
761900,0.11366748809814453,1783429642.9652495
762000,0.11462442576885223,1783429649.0710208
762100,0.11372583359479904,1783429655.293172
762200,0.11375300586223602,1783429661.392031
762300,0.11310355365276337,1783429667.5751274
762400,0.11231519281864166,1783429673.6173909
762500,0.11263440549373627,1783429679.8958733
762600,0.11170444637537003,1783429686.4315512
762700,0.11056271940469742,1783429693.2185833
762800,0.11095044016838074,1783429699.5182972
762900,0.11170649528503418,1783429705.8071055
763000,0.11253528296947479,1783429712.1196322
763100,0.11342620849609375,1783429718.4726226
763200,0.11395436525344849,1783429724.5433257
763300,0.11417730897665024,1783429730.584717
763400,0.11358731240034103,1783429736.8483155
763500,0.11307454854249954,1783429743.0071013
763600,0.11306227743625641,1783429749.1109226
763700,0.11154643446207047,1783429755.214285
763800,0.11170808970928192,1783429761.4559333
763900,0.11234641075134277,1783429767.712566
764000,0.11200536042451859,1783429773.8819637
764100,0.11225517094135284,1783429780.2414331
764200,0.11258728057146072,1783429786.742349
764300,0.1117686927318573,1783429793.0197554
764400,0.11149421334266663,1783429799.4830437
764500,0.11162899434566498,1783429805.5330017
764600,0.11007342487573624,1783429811.975577
764700,0.10874424874782562,1783429818.2538092
764800,0.10781964659690857,1783429824.5053158
764900,0.10679088532924652,1783429830.7037182
765000,0.10687802731990814,1783429836.904102
765100,0.10795412212610245,1783429843.1412551
765200,0.10766633599996567,1783429849.531381
765300,0.10695964843034744,1783429855.63913
765400,0.10574515908956528,1783429861.9446173
765500,0.10509607195854187,1783429867.96844
765600,0.10557479411363602,1783429874.1891298
765700,0.1053992211818695,1783429880.3670394
765800,0.10394306480884552,1783429886.4039085
765900,0.10281845182180405,1783429892.5379114
766000,0.10218387842178345,1783429898.4787807
766100,0.10301867127418518,1783429904.7196748
766200,0.10456374287605286,1783429910.7000015
766300,0.10375779122114182,1783429916.9850092
766400,0.10285824537277222,1783429922.9396598
766500,0.10350821167230606,1783429929.3072627
766600,0.10441235452890396,1783429935.4705164
766700,0.10430889576673508,1783429941.495489
766800,0.1044013500213623,1783429947.6841745
766900,0.10408338159322739,1783429953.8753538
767000,0.10417113453149796,1783429959.9826949
767100,0.10383472591638565,1783429966.319909
767200,0.10366222262382507,1783429972.3014648
767300,0.10431899130344391,1783429978.90954
767400,0.10523495823144913,1783429984.9205453
767500,0.10523821413516998,1783429991.0404263
767600,0.10471237450838089,1783429997.1241333
767700,0.10377959161996841,1783430003.2600439
767800,0.10342060029506683,1783430009.1066973
767900,0.10307318717241287,1783430015.0211773
768000,0.10196096450090408,1783430021.2152548
768100,0.10112609714269638,1783430027.4026697
768200,0.10070544481277466,1783430033.4863684
768300,0.10002622753381729,1783430039.6106474
768400,0.09995339810848236,1783430045.5303297
768500,0.10073479264974594,1783430051.827292
768600,0.10075648874044418,1783430058.0057025
768700,0.10053800046443939,1783430064.5276685
768800,0.10035216808319092,1783430071.0315554
768900,0.10134346038103104,1783430077.47379
769000,0.10192178189754486,1783430084.3828552
769100,0.10307282209396362,1783430090.7757528
769200,0.1025981605052948,1783430097.1837978
769300,0.10308618098497391,1783430103.7308
769400,0.1042698547244072,1783430110.4625623
769500,0.10501804947853088,1783430117.170631
769600,0.10575920343399048,1783430123.811343
769700,0.10661248117685318,1783430130.1750593
769800,0.10675919055938721,1783430136.4695468
769900,0.10652383416891098,1783430143.3178153
770000,0.10680020600557327,1783430149.8744833
770100,0.1071423888206482,1783430156.3447807
770200,0.10718850791454315,1783430162.7143235
770300,0.10664018988609314,1783430169.1409109
770400,0.10668616741895676,1783430175.6034844
770500,0.10763256251811981,1783430182.326284
770600,0.10744544118642807,1783430188.935338
770700,0.10661206394433975,1783430195.0911279
770800,0.10618400573730469,1783430201.367829
770900,0.10586000978946686,1783430207.813357
771000,0.10492928326129913,1783430213.9857874
771100,0.10413651913404465,1783430220.247966
771200,0.10313985496759415,1783430226.6523569
771300,0.10234019160270691,1783430233.0124025
771400,0.10120740532875061,1783430239.2451158
771500,0.10021480172872543,1783430245.4659915
771600,0.09919586777687073,1783430251.7049966
771700,0.0988321378827095,1783430258.2314675
771800,0.09814953058958054,1783430264.9903564
771900,0.09875696897506714,1783430271.6356611
772000,0.09885034710168839,1783430278.2621903
772100,0.09842122346162796,1783430284.676296
772200,0.09817808866500854,1783430291.3591888
772300,0.09800180047750473,1783430297.5892196
772400,0.09826742857694626,1783430304.0986547
772500,0.09807491302490234,1783430310.7866673
772600,0.09973151981830597,1783430317.6253989
772700,0.10023029148578644,1783430324.471629
772800,0.10029992461204529,1783430330.8877122
772900,0.10094104707241058,1783430337.6595883
773000,0.10237222909927368,1783430344.128699
773100,0.10237856209278107,1783430350.380159
773200,0.1023508831858635,1783430356.721335
773300,0.1024007648229599,1783430362.8291302
773400,0.10282839834690094,1783430368.91999
773500,0.10315332561731339,1783430375.2009158
773600,0.10351347178220749,1783430381.7710495
773700,0.10377921164035797,1783430387.7355194
773800,0.10356686264276505,1783430393.6625118
773900,0.10399129986763,1783430399.986444
774000,0.10378661006689072,1783430406.5022228
774100,0.1030609980225563,1783430412.5747046
774200,0.10236857086420059,1783430418.8019898
774300,0.10191819071769714,1783430425.2554953
774400,0.10235282778739929,1783430431.5507855
774500,0.10282520949840546,1783430438.2049146
774600,0.10332073271274567,1783430444.9918404
774700,0.10281310230493546,1783430451.529075
774800,0.10323715955018997,1783430458.3057852
774900,0.1027565449476242,1783430464.8641922
775000,0.10292128473520279,1783430471.2267866
775100,0.10310716181993484,1783430636.2698865
775200,0.10422106832265854,1783430642.345001
775300,0.10349541157484055,1783430648.5017543
775400,0.1032143160700798,1783430654.764143
775500,0.10301591455936432,1783430660.952739
775600,0.10325943678617477,1783430667.0720623
775700,0.10379660874605179,1783430673.4989424
775800,0.1044716164469719,1783430679.646542
775900,0.10384029895067215,1783430686.0421522
776000,0.10436053574085236,1783430692.1289525
776100,0.1038617342710495,1783430698.3789737
776200,0.10342712700366974,1783430704.906655
776300,0.10368180274963379,1783430711.37073
776400,0.10398855060338974,1783430717.6084783
776500,0.10493128001689911,1783430723.6387696
776600,0.10531703382730484,1783430729.8812354
776700,0.10586091876029968,1783430736.0010977
776800,0.10675562918186188,1783430742.1064982
776900,0.10788778215646744,1783430748.331795
777000,0.10808410495519638,1783430754.4855783
777100,0.10769101232290268,1783430760.7622626
777200,0.10837307572364807,1783430767.1828344
777300,0.10909488052129745,1783430773.0877287
777400,0.11016232520341873,1783430779.063279
777500,0.1099255159497261,1783430785.332887
777600,0.11013191193342209,1783430791.5412035
777700,0.10989084839820862,1783430797.5910425
777800,0.1111188679933548,1783430803.811713
777900,0.11191800236701965,1783430809.6880336
778000,0.11414440721273422,1783430815.9040709
778100,0.11433326452970505,1783430822.168044
778200,0.11411570012569427,1783430828.2110243
778300,0.1138484999537468,1783430834.1199265
778400,0.11498132348060608,1783430840.412606
778500,0.1158721074461937,1783430846.5929985
778600,0.11817236244678497,1783430852.597193
778700,0.11903727799654007,1783430858.8367171
778800,0.11932899802923203,1783430864.7937183
778900,0.12035055458545685,1783430871.0993352
779000,0.1198505386710167,1783430877.3166633
779100,0.12106980383396149,1783430883.3575745
779200,0.12091594189405441,1783430889.443255
779300,0.11985166370868683,1783430895.5298858
779400,0.11987754702568054,1783430901.9375882
779500,0.11936066299676895,1783430908.0923743
779600,0.11883506178855896,1783430914.2503946
779700,0.11838918179273605,1783430920.397964
779800,0.11815683543682098,1783430926.7785368
779900,0.11756579577922821,1783430933.1438181
780000,0.11779715865850449,1783430939.4201396
780100,0.11654812097549438,1783430945.4940877
780200,0.1154356375336647,1783430951.4784415
780300,0.11625012010335922,1783430957.9097104
780400,0.11634612083435059,1783430964.3319385
780500,0.11588890105485916,1783430970.5501819
780600,0.11460218578577042,1783430976.5932631
780700,0.11433500796556473,1783430982.894665
780800,0.11444920301437378,1783430989.4359624
780900,0.11392385512590408,1783430995.8428977
781000,0.11367201805114746,1783431002.232072
781100,0.11269725859165192,1783431008.603724
781200,0.11159275472164154,1783431014.9543085
781300,0.11237941682338715,1783431021.0998404
781400,0.1121981218457222,1783431027.4860108
781500,0.11158650368452072,1783431033.7359164
781600,0.11111309379339218,1783431040.0350058
781700,0.11175401508808136,1783431046.2415864
781800,0.11128921806812286,1783431052.483213
781900,0.1109040379524231,1783431059.0085433
782000,0.11134587973356247,1783431064.9322543
782100,0.11161526292562485,1783431071.157699
782200,0.11107815057039261,1783431077.4999597
782300,0.11048485338687897,1783431083.7965245
782400,0.11244086921215057,1783431090.2922223
782500,0.11279137432575226,1783431096.7504857
782600,0.11340946704149246,1783431103.0187213
782700,0.11361032724380493,1783431109.4594738
782800,0.11336296796798706,1783431116.3012888
782900,0.11355505883693695,1783431122.3532903
783000,0.11290361732244492,1783431128.4175014
783100,0.1129239946603775,1783431134.591036
783200,0.11392787098884583,1783431140.861558
783300,0.11557397246360779,1783431147.322388
783400,0.11562399566173553,1783431153.2427077
783500,0.11565651744604111,1783431159.2504468
783600,0.11672467738389969,1783431165.2311573
783700,0.11732015758752823,1783431171.4749935
783800,0.11753180623054504,1783431177.552307
783900,0.11703594774007797,1783431183.7024677
784000,0.1168336272239685,1783431190.1586242
784100,0.11611026525497437,1783431196.2406597
784200,0.11533946543931961,1783431202.2041495
784300,0.1142142042517662,1783431208.2679422
784400,0.11318068206310272,1783431214.5098846
784500,0.1132083386182785,1783431220.668187
784600,0.11300624907016754,1783431226.7733731
784700,0.11216198652982712,1783431232.9582133
784800,0.11221093684434891,1783431239.1698186
784900,0.1139271929860115,1783431245.4743958
785000,0.11403945833444595,1783431251.7742515
785100,0.11395979672670364,1783431258.1059058
785200,0.11386256664991379,1783431264.4015882
785300,0.11354165524244308,1783431270.656127
785400,0.11280005425214767,1783431277.0461268
785500,0.11184944212436676,1783431283.1591864
785600,0.11109770834445953,1783431289.5034018
785700,0.11016542464494705,1783431295.7450707
785800,0.11047843098640442,1783431301.7824101
785900,0.11204387992620468,1783431308.0230498
786000,0.11263833194971085,1783431314.2048013
786100,0.11217835545539856,1783431320.5063336
786200,0.11234753578901291,1783431326.7732882
786300,0.11164525896310806,1783431332.9510574
786400,0.11124584078788757,1783431339.0967176
786500,0.11030443012714386,1783431345.233419
786600,0.11119028925895691,1783431351.2863317
786700,0.11161135137081146,1783431357.4545362
786800,0.11249734461307526,1783431363.6870568
786900,0.11282014846801758,1783431369.9615843
787000,0.11388708651065826,1783431376.2329273
787100,0.11495956033468246,1783431382.4562664
787200,0.11510186642408371,1783431388.569334
787300,0.1143064945936203,1783431394.7129283
787400,0.11372824013233185,1783431400.786018
787500,0.11356398463249207,1783431406.7532754
787600,0.11371034383773804,1783431413.474792
787700,0.11317474395036697,1783431419.6535642
787800,0.1128918007016182,1783431425.8417997
787900,0.11304426938295364,1783431431.8636148
788000,0.11340244114398956,1783431438.1541634
788100,0.11341259628534317,1783431444.4348216
788200,0.11315679550170898,1783431450.659978
788300,0.1126299723982811,1783431457.1505623
788400,0.1128094419836998,1783431463.1346126
788500,0.11299934983253479,1783431469.3708
788600,0.11415637284517288,1783431475.481329
788700,0.11545652896165848,1783431481.6839695
788800,0.11483125388622284,1783431487.7935262
788900,0.11484981328248978,1783431494.1361067
789000,0.11624573916196823,1783431500.174821
789100,0.11589435487985611,1783431506.4207137
789200,0.11583227664232254,1783431512.8123689
789300,0.11596530675888062,1783431518.9467735
789400,0.11660059541463852,1783431525.1923523
789500,0.11677193641662598,1783431531.3480294
789600,0.11654222756624222,1783431537.528335
789700,0.11551190167665482,1783431543.8998685
789800,0.11423945426940918,1783431550.0726953
789900,0.1150980219244957,1783431556.1822894
790000,0.1149124801158905,1783431562.320027
790100,0.11434422433376312,1783431568.4270713
790200,0.11286542564630508,1783431574.847674
790300,0.1117067039012909,1783431581.0809798
790400,0.1114228144288063,1783431587.435589
790500,0.1104448214173317,1783431593.6038668
790600,0.1091490164399147,1783431599.5974681
790700,0.10803862661123276,1783431605.8425608
790800,0.10763643682003021,1783431611.8414094
790900,0.10710155218839645,1783431618.224327
791000,0.1086144745349884,1783431624.4470937
791100,0.10740085691213608,1783431630.7689059
791200,0.10596230626106262,1783431637.075971
791300,0.10480032116174698,1783431643.2192988
791400,0.10452914237976074,1783431649.112726
791500,0.10423675179481506,1783431655.281808
791600,0.1038629561662674,1783431661.5839038
791700,0.10381872951984406,1783431667.6418204
791800,0.10349777340888977,1783431673.9198942
791900,0.10374829173088074,1783431680.0605707
792000,0.10317059606313705,1783431685.9898767
792100,0.10379819571971893,1783431692.2326531
792200,0.1046765148639679,1783431698.292707
792300,0.1045561134815216,1783431704.4340854
792400,0.10410993546247482,1783431710.8083375
792500,0.10490686446428299,1783431716.9022121
792600,0.10597893595695496,1783431723.2254446
792700,0.1059335395693779,1783431729.2996008
792800,0.10574902594089508,1783431735.5512533
792900,0.10533066838979721,1783431741.520785
793000,0.10548686236143112,1783431747.5997689
793100,0.10513465106487274,1783431753.7764513
793200,0.10493113100528717,1783431760.02835
793300,0.10643492639064789,1783431766.1156101
793400,0.10785003751516342,1783431772.4997973
793500,0.10817523300647736,1783431778.5851545
793600,0.10786468535661697,1783431784.9145458
793700,0.10809765756130219,1783431791.0780683
793800,0.10934843868017197,1783431797.2575932
793900,0.10985618829727173,1783431803.6627529
794000,0.10994082689285278,1783431810.150601
794100,0.10989218950271606,1783431816.5815055
794200,0.11005251854658127,1783431822.6315098
794300,0.10968393087387085,1783431828.8149576
794400,0.10991597175598145,1783431835.1610634
794500,0.10942425578832626,1783431841.280073
794600,0.11004036664962769,1783431847.5973694
794700,0.11002979427576065,1783431853.8515584
794800,0.10951878875494003,1783431859.9672866
794900,0.10847648233175278,1783431866.4113364
795000,0.10804110020399094,1783431872.6925914
795100,0.10784391313791275,1783431878.8347437
795200,0.10846612602472305,1783431885.0520697
795300,0.10956642776727676,1783431891.199521
795400,0.10966672748327255,1783431897.4609144
795500,0.10965155810117722,1783431903.9357545
795600,0.10947848111391068,1783431910.2578907
795700,0.10910754650831223,1783431916.2690845
795800,0.11002208292484283,1783431922.3747444
795900,0.11081043630838394,1783431928.5941794
796000,0.10992514342069626,1783431934.7187512
796100,0.10880784690380096,1783431940.9747689
796200,0.10970289260149002,1783431947.1951206
796300,0.11017367243766785,1783431953.3467636
796400,0.1090536117553711,1783431959.8083434
796500,0.10933990776538849,1783431966.0192783
796600,0.10905163735151291,1783431972.3928661
796700,0.10868645459413528,1783431978.6919665
796800,0.10894971340894699,1783431984.8095205
796900,0.10844997316598892,1783431991.1986475
797000,0.10890413075685501,1783431997.5343466
797100,0.11053597182035446,1783432003.959827
797200,0.11020945757627487,1783432010.3183568
797300,0.11001400649547577,1783432016.7788978
797400,0.11082684993743896,1783432022.8437896
797500,0.1106322854757309,1783432028.919481
797600,0.11044087260961533,1783432035.3583472
797700,0.11034604161977768,1783432041.3442457
797800,0.11030955612659454,1783432047.7555647
797900,0.11059670895338058,1783432053.8080602
798000,0.10981227457523346,1783432060.0085096
798100,0.10952886193990707,1783432066.213876
798200,0.10867390781641006,1783432072.2979434
798300,0.10817026346921921,1783432078.5303109
798400,0.10927432030439377,1783432084.629331
798500,0.10903634876012802,1783432090.8787286
798600,0.1094110831618309,1783432097.18273
798700,0.10869760066270828,1783432103.2674146
798800,0.10806900262832642,1783432109.543968
798900,0.10909415036439896,1783432115.8919408
799000,0.10854032635688782,1783432122.182034
799100,0.10828244686126709,1783432128.5941436
799200,0.1087789237499237,1783432134.819311
799300,0.10885392874479294,1783432141.1249237
799400,0.10996724665164948,1783432147.2118087
799500,0.11010639369487762,1783432153.6431773
799600,0.1095753088593483,1783432159.938037
799700,0.10946516692638397,1783432166.4313579
799800,0.10977699607610703,1783432172.5170822
799900,0.1090916320681572,1783432179.043974
800000,0.10966873914003372,1783432185.1923501
800100,0.10993248224258423,1783432350.8886566
800200,0.10998861491680145,1783432357.2208035
800300,0.11028864979743958,1783432363.4034877
800400,0.11035607010126114,1783432369.4607198
800500,0.1119946539402008,1783432375.5472503
800600,0.11145488172769547,1783432381.8762693
800700,0.11225468665361404,1783432387.9917471
800800,0.11254184693098068,1783432394.2163184
800900,0.11297855526208878,1783432400.6021712
801000,0.11285004019737244,1783432406.9143417
801100,0.11353848874568939,1783432413.0527356
801200,0.11441656947135925,1783432419.230076
801300,0.1140938550233841,1783432425.3951561
801400,0.1133689433336258,1783432431.581227
801500,0.11221232265233994,1783432437.8423262
801600,0.11045151203870773,1783432443.9898293
801700,0.1104423776268959,1783432450.2724745
801800,0.10947129875421524,1783432456.4624643
801900,0.10817990452051163,1783432462.8666043
802000,0.10793932527303696,1783432469.0928373
802100,0.10824985057115555,1783432475.3474598
802200,0.10756899416446686,1783432481.5306714
802300,0.10760628432035446,1783432487.6508043
802400,0.10803180187940598,1783432494.0450695
802500,0.10830078274011612,1783432500.347779
802600,0.10927561670541763,1783432506.3788393
802700,0.1096881702542305,1783432512.6024818
802800,0.10952238738536835,1783432518.8385158
802900,0.11071513593196869,1783432525.2824366
803000,0.11088695377111435,1783432531.4440527
803100,0.11129089444875717,1783432537.8245578
803200,0.11107280850410461,1783432544.297351
803300,0.11101188510656357,1783432550.7523463
803400,0.11141723394393921,1783432556.8825636
803500,0.11225829273462296,1783432563.3419433
803600,0.11294519156217575,1783432569.7912405
803700,0.1132408082485199,1783432576.2490933
803800,0.1134486272931099,1783432582.6147661
803900,0.11527527123689651,1783432589.0017805
804000,0.11661499738693237,1783432595.1332438
804100,0.1165902242064476,1783432601.219949
804200,0.11808223277330399,1783432607.519632
804300,0.11826987564563751,1783432613.9983668
804400,0.11849232017993927,1783432620.2882335
804500,0.11791858077049255,1783432626.6183844
804600,0.11766768246889114,1783432632.8096006
804700,0.11727865040302277,1783432639.165183
804800,0.11702403426170349,1783432645.7126918
804900,0.1167341098189354,1783432651.9300408
805000,0.11605729162693024,1783432658.3872652
805100,0.11571954190731049,1783432664.4760456
805200,0.11721402406692505,1783432670.5578883
805300,0.11783382296562195,1783432676.7671256
805400,0.11635565757751465,1783432682.97957
805500,0.11451412737369537,1783432689.3097177
805600,0.11377781629562378,1783432695.955886
805700,0.11322101950645447,1783432701.6434302
805800,0.11238381266593933,1783432707.5156083
805900,0.11176315695047379,1783432713.428413
806000,0.11178839206695557,1783432719.1952884
806100,0.11132613569498062,1783432724.929555
806200,0.11031558364629745,1783432731.1480663
806300,0.10972008109092712,1783432737.2152698
806400,0.10882890969514847,1783432743.3844585
806500,0.10785561800003052,1783432749.6377492
806600,0.10807055234909058,1783432755.7606373
806700,0.110465869307518,1783432762.0130823
806800,0.11056264489889145,1783432768.1576035
806900,0.11009277403354645,1783432774.479854
807000,0.1095777302980423,1783432780.5071986
807100,0.1096300259232521,1783432786.6396232
807200,0.11014967411756516,1783432793.048709
807300,0.11033038794994354,1783432799.074715
807400,0.1100657656788826,1783432805.3083296
807500,0.11070255190134048,1783432811.4667506
807600,0.11230748146772385,1783432817.8736649
807700,0.11270301789045334,1783432823.9766273
807800,0.11252953112125397,1783432830.0914454
807900,0.1130819022655487,1783432836.0775256
808000,0.11244548112154007,1783432842.3976173
808100,0.11243738979101181,1783432848.411843
808200,0.11274491250514984,1783432854.803621
808300,0.11264809966087341,1783432861.1278825
808400,0.11244853585958481,1783432867.4143286
808500,0.11222856491804123,1783432873.607373
808600,0.11209229379892349,1783432879.7275658
808700,0.11245913058519363,1783432886.194105
808800,0.11289779841899872,1783432892.414978
808900,0.11268414556980133,1783432898.62041
809000,0.1136515885591507,1783432905.1358612
809100,0.11432258039712906,1783432911.4019856
809200,0.11397898197174072,1783432917.860846
809300,0.11325608938932419,1783432924.1301236
809400,0.11366213113069534,1783432930.1321573
809500,0.11576414108276367,1783432936.5277274
809600,0.11663427203893661,1783432942.902387
809700,0.11635968834161758,1783432949.1231353
809800,0.11514150351285934,1783432955.644677
809900,0.1146090179681778,1783432961.8836217
810000,0.11440237611532211,1783432968.0850255
810100,0.11411979794502258,1783432974.352626
810200,0.11224836856126785,1783432980.5850472
810300,0.11080875247716904,1783432986.6425564
810400,0.10970574617385864,1783432992.895253
810500,0.10889943689107895,1783432999.119388
810600,0.10979172587394714,1783433005.1743312
810700,0.11032510548830032,1783433011.6688628
810800,0.11011628806591034,1783433017.743951
810900,0.10986685007810593,1783433024.2455583
811000,0.10969290137290955,1783433030.3292327
811100,0.10876725614070892,1783433036.743072
811200,0.1085614413022995,1783433043.1352024
811300,0.10884414613246918,1783433049.4812565
811400,0.10934090614318848,1783433055.9289443
811500,0.1091860830783844,1783433062.1218393
811600,0.10810961574316025,1783433068.8479896
811700,0.10807923227548599,1783433075.0021186
811800,0.10831880569458008,1783433081.2443233
811900,0.10939227044582367,1783433087.312984
812000,0.10882637649774551,1783433093.3819253
812100,0.10825885832309723,1783433100.004062
812200,0.10733210295438766,1783433106.028563
812300,0.10648469626903534,1783433112.2597609
812400,0.10574863851070404,1783433118.605197
812500,0.10638298839330673,1783433124.589343
812600,0.1076861098408699,1783433131.2371616
812700,0.10658787935972214,1783433137.5291557
812800,0.10550355911254883,1783433143.889457
812900,0.1045541912317276,1783433150.0832443
813000,0.10356844961643219,1783433156.3627815
813100,0.1024356409907341,1783433162.7167926
813200,0.10302640497684479,1783433168.949078
813300,0.10464943200349808,1783433175.1257236
813400,0.1041564792394638,1783433181.2418172
813500,0.10353422909975052,1783433187.4303873
813600,0.10358355939388275,1783433193.529186
813700,0.10342422127723694,1783433199.5687704
813800,0.10417719930410385,1783433205.8815646
813900,0.10424233973026276,1783433212.193053
814000,0.10406342893838882,1783433218.6987936
814100,0.10351201891899109,1783433225.2894084
814200,0.10317979753017426,1783433231.6387515
814300,0.10416853427886963,1783433237.6107316
814400,0.10450340807437897,1783433243.6944509
814500,0.10563958436250687,1783433249.7253523
814600,0.10614676773548126,1783433255.9948022
814700,0.10572222620248795,1783433262.3813655
814800,0.10476139932870865,1783433268.541929
814900,0.10369833558797836,1783433274.869785
815000,0.10403955727815628,1783433281.330231
815100,0.10359659790992737,1783433287.6696584
815200,0.10278359800577164,1783433293.8691049
815300,0.10210096091032028,1783433299.9886682
815400,0.10120943188667297,1783433306.2570372
815500,0.1013462021946907,1783433312.8718092
815600,0.10066476464271545,1783433318.8703623
815700,0.09973391890525818,1783433325.2902606
815800,0.10071822255849838,1783433331.2558076
815900,0.10047165304422379,1783433337.6433847
816000,0.100086510181427,1783433343.7569096
816100,0.10051973909139633,1783433350.323472
816200,0.10097672045230865,1783433356.601136
816300,0.10054538398981094,1783433362.8911657
816400,0.10025531053543091,1783433369.134072
816500,0.09986720979213715,1783433375.1932647
816600,0.10131672024726868,1783433381.6421194
816700,0.10230081528425217,1783433387.8183753
816800,0.10179366171360016,1783433394.1372058
816900,0.10214117914438248,1783433400.5981183
817000,0.10227406024932861,1783433406.8434198
817100,0.10229749977588654,1783433413.0458674
817200,0.10257090628147125,1783433419.1641004
817300,0.10461045056581497,1783433425.3293579
817400,0.10572084039449692,1783433431.4653192
817500,0.1068381741642952,1783433437.659729
817600,0.10695092380046844,1783433443.8289406
817700,0.10777543485164642,1783433449.854518
817800,0.10906518250703812,1783433456.1444104
817900,0.1100708618760109,1783433462.419329
818000,0.11086432635784149,1783433468.625229
818100,0.11130818724632263,1783433474.8059945
818200,0.11243078857660294,1783433481.0731263
818300,0.11354555189609528,1783433487.4383428
818400,0.11415686458349228,1783433493.8472066
818500,0.11474362015724182,1783433500.1443172
818600,0.11519922316074371,1783433506.744298
818700,0.1161416620016098,1783433512.8907537
818800,0.11688235402107239,1783433519.1737664
818900,0.11735241115093231,1783433525.2070236
819000,0.1177094355225563,1783433531.7138858
819100,0.11779514700174332,1783433537.89759
819200,0.11788453906774521,1783433544.0210087
819300,0.1178770437836647,1783433550.265204
819400,0.1179802268743515,1783433556.7590992
819500,0.11893846839666367,1783433563.0448568
819600,0.11885778605937958,1783433569.5495038
819700,0.11835991591215134,1783433575.832916
819800,0.11796970665454865,1783433582.352246
819900,0.11784638464450836,1783433588.91763
820000,0.11802152544260025,1783433595.472258
820100,0.11752118915319443,1783433601.622681
820200,0.11644254624843597,1783433607.9163766
820300,0.11554820835590363,1783433614.1328037
820400,0.11519686132669449,1783433620.5241892
820500,0.11531045287847519,1783433627.25395
820600,0.11514229327440262,1783433633.484334
820700,0.11549714207649231,1783433639.9925027
820800,0.11564449965953827,1783433646.4936492
820900,0.11571770161390305,1783433652.8290946
821000,0.11514493077993393,1783433658.915399
821100,0.11547087877988815,1783433665.4626162
821200,0.11442264914512634,1783433671.6982841
821300,0.114301398396492,1783433678.1557662
821400,0.11442068219184875,1783433684.2948296
821500,0.1146930530667305,1783433690.791737
821600,0.1129336953163147,1783433697.1631684
821700,0.11242875456809998,1783433703.4992182
821800,0.1136319488286972,1783433709.926171
821900,0.1140216514468193,1783433716.3318636
822000,0.11390817910432816,1783433722.4932961
822100,0.11327408254146576,1783433728.7204945
822200,0.11351384967565536,1783433734.9769368
822300,0.11384185403585434,1783433741.0801585
822400,0.1150045171380043,1783433747.6129558
822500,0.11638140678405762,1783433753.6820316
822600,0.1172945648431778,1783433760.0871797
822700,0.11727789789438248,1783433766.3531215
822800,0.11853772401809692,1783433772.5302699
822900,0.12100555002689362,1783433778.8669186
823000,0.12205798178911209,1783433785.1153262
823100,0.12203725427389145,1783433791.6009605
823200,0.12223885953426361,1783433797.8773592
823300,0.1220238134264946,1783433804.4166672
823400,0.12188222259283066,1783433810.7049582
823500,0.12244954705238342,1783433816.8530889
823600,0.12288185954093933,1783433823.1309776
823700,0.12309418618679047,1783433829.2560625
823800,0.12306103110313416,1783433835.752003
823900,0.12331566959619522,1783433842.2871358
824000,0.12447390705347061,1783433848.5204844
824100,0.12453021854162216,1783433854.7381365
824200,0.12445903569459915,1783433861.2686198
824300,0.12449144572019577,1783433867.503638
824400,0.12549106776714325,1783433873.9952798
824500,0.12575598061084747,1783433880.410688
824600,0.12505227327346802,1783433886.7996402
824700,0.12441509962081909,1783433892.9805138
824800,0.12446468323469162,1783433899.4059618
824900,0.12292120605707169,1783433905.8052628
825000,0.12148988246917725,1783433911.9283047
825100,0.12052959203720093,1783434098.9093587
825200,0.11995620280504227,1783434104.9315913
825300,0.11931949108839035,1783434110.9717019
825400,0.1181253120303154,1783434117.0464807
825500,0.11687003821134567,1783434123.0820444
825600,0.11598820239305496,1783434129.2664173
825700,0.11590369045734406,1783434135.4404583
825800,0.11571022123098373,1783434141.8312945
825900,0.11558143049478531,1783434148.216645
826000,0.11509198695421219,1783434154.294227
826100,0.11482398957014084,1783434160.4844759
826200,0.11447476595640182,1783434166.7787902
826300,0.1136668398976326,1783434172.9298785
826400,0.11274238675832748,1783434179.22411
826500,0.11436966061592102,1783434185.675105
826600,0.11442442238330841,1783434192.2330759
826700,0.11403089761734009,1783434198.3951068
826800,0.11356474459171295,1783434204.6003563
826900,0.11322261393070221,1783434210.7312167
827000,0.11313354969024658,1783434216.965978
827100,0.11328577250242233,1783434223.2142184
827200,0.11288876086473465,1783434229.5195076
827300,0.11270120739936829,1783434235.9383242
827400,0.11225800216197968,1783434242.3123071
827500,0.11179377138614655,1783434248.7171984
827600,0.11128727346658707,1783434254.9195926
827700,0.1109929233789444,1783434261.0268803
827800,0.11101575940847397,1783434267.312262
827900,0.11233189702033997,1783434273.5388906
828000,0.11410214751958847,1783434279.7082634
828100,0.1147170290350914,1783434285.952078
828200,0.11606673151254654,1783434292.0906866
828300,0.11639250814914703,1783434298.4716036
828400,0.11662395298480988,1783434304.6441317
828500,0.11653172224760056,1783434310.8377378
828600,0.11681538075208664,1783434316.896626
828700,0.11619788408279419,1783434323.1626875
828800,0.11600691825151443,1783434329.4086225
828900,0.11551716178655624,1783434335.966175
829000,0.11423928290605545,1783434342.071373
829100,0.11371739208698273,1783434348.4311805
829200,0.11378365010023117,1783434354.7198248
829300,0.11358584463596344,1783434360.9272418
829400,0.1128602847456932,1783434367.0422826
829500,0.11188212037086487,1783434373.119719
829600,0.11232873797416687,1783434379.3203146
829700,0.11328906565904617,1783434385.467288
829800,0.11545779556035995,1783434391.6006293
829900,0.11508573591709137,1783434397.8123074
830000,0.1143011525273323,1783434403.939475
830100,0.11397294700145721,1783434410.3322592
830200,0.11499562859535217,1783434416.6706219
830300,0.1148272454738617,1783434423.118249
830400,0.11495410650968552,1783434429.3180163
830500,0.11468397080898285,1783434435.3455606
830600,0.11493099480867386,1783434441.4683127
830700,0.11595241725444794,1783434447.595731
830800,0.11672350764274597,1783434454.3145275
830900,0.11734239757061005,1783434460.5745792
831000,0.11782027781009674,1783434466.6579375
831100,0.11832457035779953,1783434472.8976378
831200,0.11796419322490692,1783434479.0163229
831300,0.11774171143770218,1783434485.517709
831400,0.11677560955286026,1783434491.66354
831500,0.116000697016716,1783434497.8644702
831600,0.11572296917438507,1783434504.1357653
831700,0.11564618349075317,1783434510.8381722
831800,0.11554227769374847,1783434517.0843244
831900,0.11476537585258484,1783434523.5671122
832000,0.11412187665700912,1783434530.1372242
832100,0.11437069624662399,1783434536.419016
832200,0.11429764330387115,1783434542.8126888
832300,0.11465118825435638,1783434549.028642
832400,0.11491718888282776,1783434555.301286
832500,0.11536385118961334,1783434561.431536
832600,0.11593743413686752,1783434567.719254
832700,0.11649955809116364,1783434573.9303675
832800,0.11682891845703125,1783434580.288993
832900,0.11801448464393616,1783434586.6787648
833000,0.11987783759832382,1783434592.9331477
833100,0.11981546133756638,1783434599.0152707
833200,0.11961837112903595,1783434605.115128
833300,0.12026111781597137,1783434611.2027745
833400,0.1206950843334198,1783434617.5490508
833500,0.1200823038816452,1783434623.7745018
833600,0.11997092515230179,1783434630.178341
833700,0.11989804357290268,1783434636.382023
833800,0.11958515644073486,1783434642.5439267
833900,0.11970050632953644,1783434648.943857
834000,0.11866553872823715,1783434655.2226818
834100,0.11796411126852036,1783434661.3776598
834200,0.11807629466056824,1783434667.569988
834300,0.11794420331716537,1783434673.785567
834400,0.11857005953788757,1783434680.0086749
834500,0.11815384775400162,1783434686.0611517
834600,0.11735176295042038,1783434692.1943583
834700,0.11641978472471237,1783434698.438103
834800,0.1150476261973381,1783434704.7678428
834900,0.11461459845304489,1783434710.888857
835000,0.11349818855524063,1783434717.073508
835100,0.11520715802907944,1783434723.1341162
835200,0.11587095260620117,1783434729.4006948
835300,0.11527963727712631,1783434735.4384181
835400,0.11495237797498703,1783434741.6399844
835500,0.11476810276508331,1783434747.947855
835600,0.11554896831512451,1783434754.0229304
835700,0.1171438992023468,1783434760.1676433
835800,0.11717627197504044,1783434766.3830974
835900,0.11802622675895691,1783434772.535169
836000,0.12025085091590881,1783434778.5667207
836100,0.1205228716135025,1783434784.8504918
836200,0.12028379738330841,1783434791.129203
836300,0.12131266295909882,1783434797.2604995
836400,0.12140007317066193,1783434803.7114375
836500,0.12172145396471024,1783434809.9651394
836600,0.12166986614465714,1783434816.351414
836700,0.12153024226427078,1783434822.6678298
836800,0.12077700346708298,1783434828.8370728
836900,0.12061640620231628,1783434835.4158874
837000,0.12053482234477997,1783434841.8287702
837100,0.12070906907320023,1783434848.1444979
837200,0.12079097330570221,1783434854.4284675
837300,0.1206151694059372,1783434860.7527852
837400,0.12026005238294601,1783434866.8872948
837500,0.12004326283931732,1783434873.2174363
837600,0.11908283829689026,1783434879.4993088
837700,0.12011852115392685,1783434885.7983196
837800,0.11967536062002182,1783434891.967242
837900,0.11851558834314346,1783434898.1705484
838000,0.11758217960596085,1783434904.4534297
838100,0.11662793159484863,1783434910.9685802
838200,0.11817365139722824,1783434917.2598572
838300,0.11766616255044937,1783434923.7451212
838400,0.11648023128509521,1783434930.1187778
838500,0.11730387806892395,1783434936.6440227
838600,0.11657321453094482,1783434943.0444188
838700,0.11569052934646606,1783434949.444988
838800,0.11468017101287842,1783434955.8809953
838900,0.1141582503914833,1783434962.378722
839000,0.11341597884893417,1783434968.3959422
839100,0.11217951029539108,1783434974.673098
839200,0.11101466417312622,1783434981.0020905
839300,0.11021323502063751,1783434987.5750487
839400,0.10916740447282791,1783434994.2805235
839500,0.10895401984453201,1783435000.4955294
839600,0.10805774480104446,1783435006.7666914
839700,0.10714780539274216,1783435013.4044569
839800,0.1061081513762474,1783435019.5346668
839900,0.10550478845834732,1783435025.8111563
840000,0.10543280094861984,1783435032.0259888
840100,0.10521002113819122,1783435038.3790138
840200,0.10494779795408249,1783435044.8701677
840300,0.10524870455265045,1783435051.2575321
840400,0.10491371899843216,1783435057.5702162
840500,0.10472436249256134,1783435063.9530697
840600,0.1046532541513443,1783435070.071204
840700,0.1043594628572464,1783435076.3165145
840800,0.10405662655830383,1783435082.727491
840900,0.10475897043943405,1783435089.1290433
841000,0.10594093799591064,1783435095.3855898
841100,0.10552453994750977,1783435101.6282132
841200,0.1056126058101654,1783435107.9319344
841300,0.10567931085824966,1783435114.4931877
841400,0.10550333559513092,1783435120.6992133
841500,0.10518012940883636,1783435126.9199986
841600,0.10539381951093674,1783435133.1755712
841700,0.10571324825286865,1783435139.683149
841800,0.10456367582082748,1783435145.8263223
841900,0.10375296324491501,1783435152.5481853
842000,0.10283122211694717,1783435159.0626168
842100,0.10262399166822433,1783435165.4203393
842200,0.10345783084630966,1783435171.5959253
842300,0.10339197516441345,1783435178.129486
842400,0.1029072254896164,1783435184.3180654
842500,0.10285264998674393,1783435190.4978256
842600,0.10265827178955078,1783435196.8249545
842700,0.1026366651058197,1783435203.268958
842800,0.10326588153839111,1783435209.4863322
842900,0.10305756330490112,1783435215.6765752
843000,0.10288914293050766,1783435222.115913
843100,0.10335495322942734,1783435228.7478492
843200,0.10368713736534119,1783435235.1306076
843300,0.10308068245649338,1783435241.317962
843400,0.10343307256698608,1783435247.5193324
843500,0.10414503514766693,1783435253.759134
843600,0.10368864238262177,1783435259.9428642
843700,0.10331027954816818,1783435266.1260958
843800,0.10294685512781143,1783435272.4638581
843900,0.1029297411441803,1783435278.7126749
844000,0.1028418317437172,1783435285.512277
844100,0.10208331793546677,1783435291.8874412
844200,0.10293477773666382,1783435298.0167007
844300,0.1025938019156456,1783435304.292334
844400,0.10220620781183243,1783435310.3404467
844500,0.10213631391525269,1783435316.576619
844600,0.10321763902902603,1783435322.8890193
844700,0.10400499403476715,1783435329.149231
844800,0.10408896207809448,1783435335.4311347
844900,0.10404563695192337,1783435341.7038295
845000,0.10376442223787308,1783435348.0983977
845100,0.10351063311100006,1783435354.4113612
845200,0.10373416543006897,1783435360.6861506
845300,0.10358808189630508,1783435367.0144334
845400,0.10356787592172623,1783435373.349475
845500,0.1035594791173935,1783435379.4637787
845600,0.10299811512231827,1783435385.674586
845700,0.10290903598070145,1783435392.0897923
845800,0.10292881727218628,1783435398.163671
845900,0.10245292633771896,1783435404.380366
846000,0.10211615264415741,1783435410.4391108
846100,0.10258665680885315,1783435416.5354671
846200,0.10299187153577805,1783435422.783696
846300,0.1032523661851883,1783435428.8654218
846400,0.10532286018133163,1783435435.1605797
846500,0.10604862123727798,1783435441.487831
846600,0.10738813132047653,1783435447.5150669
846700,0.1079249382019043,1783435453.734986
846800,0.10807230323553085,1783435459.9928648
846900,0.10956897586584091,1783435466.0797358
847000,0.10937529802322388,1783435472.327459
847100,0.10937326401472092,1783435478.8065596
847200,0.11008486896753311,1783435485.0845435
847300,0.10972581058740616,1783435491.2512107
847400,0.10974758118391037,1783435497.6078017
847500,0.11070911586284637,1783435503.7481606
847600,0.11138705909252167,1783435510.189388
847700,0.11154981702566147,1783435516.5300248
847800,0.1116049587726593,1783435522.9758701
847900,0.1115407943725586,1783435529.1238925
848000,0.11159823089838028,1783435535.3613966
848100,0.11276493966579437,1783435541.9134297
848200,0.1133146807551384,1783435548.4611645
848300,0.11243502795696259,1783435554.8276184
848400,0.11179079115390778,1783435561.0736725
848500,0.11113055795431137,1783435567.525937
848600,0.10999538004398346,1783435573.739587
848700,0.1102113425731659,1783435580.0366995
848800,0.11021996289491653,1783435586.2912645
848900,0.11109322309494019,1783435592.6206255
849000,0.11164099723100662,1783435598.9451346
849100,0.11277934908866882,1783435605.3649948
849200,0.11277297139167786,1783435611.8514817
849300,0.11404794454574585,1783435618.3345773
849400,0.11370332539081573,1783435624.5206134
849500,0.11339186131954193,1783435630.7470675
849600,0.11505503207445145,1783435637.3252225
849700,0.11556302756071091,1783435643.5471601
849800,0.11532464623451233,1783435650.1123848
849900,0.11455520242452621,1783435656.2943487
850000,0.11429527401924133,1783435662.6280491
850100,0.11330913752317429,1783435832.5783858
850200,0.11202158033847809,1783435839.0373158
850300,0.1110784187912941,1783435845.286596
850400,0.11062542349100113,1783435851.776504
850500,0.11112745106220245,1783435858.1058733
850600,0.11219748109579086,1783435864.3167326
850700,0.1117803156375885,1783435870.436904
850800,0.11170033365488052,1783435876.8917956
850900,0.1110600158572197,1783435883.2999132
851000,0.11055120080709457,1783435889.6783018
851100,0.10989058762788773,1783435896.131077
851200,0.10900375992059708,1783435902.5753102
851300,0.10833796858787537,1783435908.9184356
851400,0.10813717544078827,1783435915.0752308
851500,0.10813526809215546,1783435921.5431733
851600,0.10890036821365356,1783435927.9652302
851700,0.10814978927373886,1783435934.3315732
851800,0.10747268795967102,1783435940.599968
851900,0.10691273957490921,1783435946.7981496
852000,0.1059584990143776,1783435953.0560174
852100,0.10581240057945251,1783435959.2416933
852200,0.10687238723039627,1783435965.5050893
852300,0.10663878917694092,1783435971.6519759
852400,0.10662190616130829,1783435978.0029783
852500,0.10631301254034042,1783435984.3544524
852600,0.1056080013513565,1783435990.5641303
852700,0.10468237847089767,1783435997.0089772
852800,0.10358630120754242,1783436003.1671326
852900,0.10330361127853394,1783436009.5628111
853000,0.10261953622102737,1783436015.7389324
853100,0.10345586389303207,1783436022.2004242
853200,0.10468282550573349,1783436028.6453822
853300,0.1042821854352951,1783436034.9447336
853400,0.10480190068483353,1783436041.1355016
853500,0.10405611246824265,1783436047.5572803
853600,0.1033298671245575,1783436053.8323543
853700,0.10244519263505936,1783436060.1531546
853800,0.10177633911371231,1783436066.7056487
853900,0.1016891598701477,1783436072.9603176
854000,0.10238760709762573,1783436079.4280806
854100,0.10375108569860458,1783436085.46387
854200,0.1040429100394249,1783436091.476591
854300,0.10371053218841553,1783436097.848808
854400,0.10398086160421371,1783436104.0595546
854500,0.10354496538639069,1783436110.1225564
854600,0.10300474613904953,1783436116.4587667
854700,0.10296288132667542,1783436122.6397207
854800,0.10329262912273407,1783436128.6848478
854900,0.10290548205375671,1783436134.8722017
855000,0.10393260419368744,1783436140.948434
855100,0.1046944335103035,1783436147.1162753
855200,0.10537979751825333,1783436153.3328853
855300,0.10481429100036621,1783436159.455905
855400,0.10462795943021774,1783436165.6361094
855500,0.10514187067747116,1783436171.8988614
855600,0.1060866042971611,1783436178.334396
855700,0.10531685501337051,1783436184.496771
855800,0.10449578613042831,1783436190.7687914
855900,0.10392854362726212,1783436197.1458812
856000,0.10377147048711777,1783436203.3716965
856100,0.10293730348348618,1783436209.4619691
856200,0.10275786370038986,1783436215.4518673
856300,0.10346747934818268,1783436221.980813
856400,0.10460305958986282,1783436228.4665244
856500,0.10415203869342804,1783436234.7027984
856600,0.10342387109994888,1783436240.8628159
856700,0.10358753800392151,1783436247.4879024
856800,0.10385017842054367,1783436253.8739066
856900,0.10390099883079529,1783436260.136845
857000,0.10407324880361557,1783436266.462186
857100,0.10357140749692917,1783436272.6272027
857200,0.10242220759391785,1783436279.2964256
857300,0.10146205127239227,1783436285.5305078
857400,0.10026004165410995,1783436291.8190515
857500,0.09973184764385223,1783436298.2244232
857600,0.09981858730316162,1783436304.6953356
857700,0.0989917665719986,1783436311.0298412
857800,0.09814373403787613,1783436317.3997478
857900,0.09802164137363434,1783436323.6445906
858000,0.0994139239192009,1783436330.053513
858100,0.1004064679145813,1783436336.3051298
858200,0.100941963493824,1783436342.9227443
858300,0.10094761848449707,1783436349.4637215
858400,0.10097963362932205,1783436355.5677054
858500,0.09960108250379562,1783436361.9409852
858600,0.0985943153500557,1783436368.1739023
858700,0.09794678539037704,1783436374.4990475
858800,0.09717091917991638,1783436381.2248585
858900,0.0975235104560852,1783436387.6807911
859000,0.0979047417640686,1783436393.9595313
859100,0.09679974615573883,1783436400.1705897
859200,0.09598276019096375,1783436406.468935
859300,0.09541763365268707,1783436413.0429394
859400,0.09494876861572266,1783436419.3453233
859500,0.09515932947397232,1783436425.6827388
859600,0.0944235622882843,1783436432.1684837
859700,0.09318478405475616,1783436438.2374423
859800,0.09257088601589203,1783436444.431104
859900,0.09274446219205856,1783436450.858444
860000,0.09248895943164825,1783436457.2591782
860100,0.09219223260879517,1783436463.5376754
860200,0.09226635098457336,1783436469.937062
860300,0.09254077076911926,1783436476.2518258
860400,0.09248803555965424,1783436482.4354985
860500,0.09238705039024353,1783436488.8444188
860600,0.0912407860159874,1783436495.2737396
860700,0.09064380824565887,1783436501.5849032
860800,0.09022935479879379,1783436507.9819174
860900,0.08995654433965683,1783436514.098984
861000,0.08975043147802353,1783436520.6239095
861100,0.08977863937616348,1783436527.0195448
861200,0.08916795998811722,1783436533.0772793
861300,0.0877678170800209,1783436539.3795998
861400,0.08681989461183548,1783436545.483723
861500,0.08580133318901062,1783436551.6867907
861600,0.08500118553638458,1783436558.0275126
861700,0.08632341772317886,1783436564.0910308
861800,0.08713626861572266,1783436570.1525667
861900,0.08694988489151001,1783436576.3316612
862000,0.0868522971868515,1783436582.85639
862100,0.08673209697008133,1783436588.92082
862200,0.08619159460067749,1783436595.1864402
862300,0.08581823110580444,1783436601.2241914
862400,0.08556067198514938,1783436607.811566
862500,0.0854095071554184,1783436614.065373
862600,0.08591138571500778,1783436620.1840668
862700,0.08567845821380615,1783436626.640116
862800,0.08649119734764099,1783436632.9361868
862900,0.08688802272081375,1783436639.1175008
863000,0.08814448863267899,1783436645.482619
863100,0.08821133524179459,1783436651.9498026
863200,0.08868057280778885,1783436658.6333995
863300,0.08979775756597519,1783436664.818732
863400,0.09012559056282043,1783436671.23757
863500,0.08974728733301163,1783436677.348108
863600,0.08956167846918106,1783436683.5698068
863700,0.09048578143119812,1783436689.686009
863800,0.09225498139858246,1783436695.8390782
863900,0.09284765273332596,1783436701.9947395
864000,0.09322213381528854,1783436708.3273246
864100,0.09343300759792328,1783436714.2199411
864200,0.09323126822710037,1783436720.4998527
864300,0.0931248813867569,1783436726.6685667
864400,0.09265173226594925,1783436732.8675702
864500,0.09224963933229446,1783436738.98279
864600,0.09304088354110718,1783436745.216301
864700,0.0930401086807251,1783436751.3248343
864800,0.09266084432601929,1783436757.3556702
864900,0.09244675934314728,1783436763.4256058
865000,0.09200407564640045,1783436769.7322664
865100,0.09154102206230164,1783436775.6600785
865200,0.09072324633598328,1783436782.112547
865300,0.0905303806066513,1783436788.4074256
865400,0.0908287763595581,1783436794.5791957
865500,0.09059671312570572,1783436800.658827
865600,0.09020261466503143,1783436806.9377267
865700,0.08977097272872925,1783436812.9579935
865800,0.0904361680150032,1783436819.080342
865900,0.09111500531435013,1783436825.511915
866000,0.09070681035518646,1783436831.6114483
866100,0.09003607928752899,1783436838.0366137
866200,0.08908659964799881,1783436844.105662
866300,0.08843722939491272,1783436850.1968765
866400,0.08783520013093948,1783436856.566169
866500,0.08773931860923767,1783436862.8334131
866600,0.08869536966085434,1783436869.2681177
866700,0.0900397002696991,1783436875.6504455
866800,0.09026310592889786,1783436881.7809198
866900,0.08975856751203537,1783436888.6225421
867000,0.09001517295837402,1783436894.7680795
867100,0.09085430949926376,1783436901.2288897
867200,0.09219205379486084,1783436907.512319
867300,0.0936475470662117,1783436913.9626153
867400,0.09361852705478668,1783436920.185402
867500,0.09367723017930984,1783436926.4585812
867600,0.09396719187498093,1783436932.9751024
867700,0.09424296766519547,1783436939.503243
867800,0.09483356773853302,1783436945.726975
867900,0.09528796374797821,1783436952.181165
868000,0.09565408527851105,1783436958.5829842
868100,0.09581603109836578,1783436964.7747881
868200,0.09659847617149353,1783436971.2766542
868300,0.09667517989873886,1783436977.6889777
868400,0.09652050584554672,1783436983.9528048
868500,0.09627354890108109,1783436990.3948195
868600,0.09610476344823837,1783436996.8072374
868700,0.09583881497383118,1783437002.8954635
868800,0.09670782089233398,1783437009.3567631
868900,0.09714090079069138,1783437015.6466584
869000,0.09747493267059326,1783437022.0638862
869100,0.09758636355400085,1783437028.3073437
869200,0.09791209548711777,1783437034.6600804
869300,0.09747695177793503,1783437040.8502135
869400,0.09776954352855682,1783437047.173579
869500,0.09743423014879227,1783437053.6004362
869600,0.0973784476518631,1783437060.1634023
869700,0.0969351977109909,1783437066.5046778
869800,0.09622178226709366,1783437072.9654348
869900,0.09795818477869034,1783437079.2976186
870000,0.09989095479249954,1783437085.7920449
870100,0.10057034343481064,1783437091.8984008
870200,0.09995444864034653,1783437098.252335
870300,0.09969386458396912,1783437104.4566514
870400,0.09940655529499054,1783437110.9150383
870500,0.0995170846581459,1783437117.339236
870600,0.10027728229761124,1783437123.683886
870700,0.10014620423316956,1783437129.8276832
870800,0.1003664955496788,1783437136.030626
870900,0.10003617405891418,1783437142.276001
871000,0.09946337342262268,1783437148.561017
871100,0.09974654763936996,1783437155.124377
871200,0.10159482806921005,1783437161.6603482
871300,0.10168106853961945,1783437167.7902517
871400,0.10110420733690262,1783437174.1831543
871500,0.10189472138881683,1783437180.4543207
871600,0.10125347971916199,1783437186.9379604
871700,0.10062864422798157,1783437193.3432016
871800,0.09989665448665619,1783437199.9545307
871900,0.10019396990537643,1783437206.263913
872000,0.10113947838544846,1783437212.436213
872100,0.10021987557411194,1783437219.1008053
872200,0.10132725536823273,1783437225.6160038
872300,0.10249204933643341,1783437231.921435
872400,0.10174480080604553,1783437238.384613
872500,0.10210950672626495,1783437244.769121
872600,0.10241595655679703,1783437251.1794183
872700,0.10175219923257828,1783437257.4975622
872800,0.10226380079984665,1783437263.987593
872900,0.1033119410276413,1783437270.252137
873000,0.10347557067871094,1783437276.3607926
873100,0.10314204543828964,1783437282.3976638
873200,0.10273106396198273,1783437288.8028948
873300,0.10177507251501083,1783437295.2741013
873400,0.1011059582233429,1783437301.6940148
873500,0.101742222905159,1783437307.9388137
873600,0.10180924087762833,1783437313.995927
873700,0.10188432037830353,1783437320.243413
873800,0.10291074961423874,1783437326.3154387
873900,0.102843277156353,1783437332.6084423
874000,0.10240586847066879,1783437338.8506134
874100,0.10280419886112213,1783437345.0352619
874200,0.10310930013656616,1783437351.295976
874300,0.10291534662246704,1783437357.5814474
874400,0.10330267250537872,1783437363.7945817
874500,0.10341332107782364,1783437370.1592524
874600,0.10367067903280258,1783437376.6644552
874700,0.10378535091876984,1783437383.0603
874800,0.10363921523094177,1783437389.5147026
874900,0.10301626473665237,1783437395.9012992
875000,0.1030566468834877,1783437402.3450043
875100,0.10285836458206177,1783437557.0843015
875200,0.10289698839187622,1783437563.2681592
875300,0.10203542560338974,1783437569.7345524
875400,0.10126574337482452,1783437576.1167462
875500,0.10116851329803467,1783437582.3051543
875600,0.10134463012218475,1783437588.7183127
875700,0.10111936926841736,1783437594.9545891
875800,0.10144519060850143,1783437601.3287487
875900,0.10303205996751785,1783437607.6679308
876000,0.10337112098932266,1783437613.8799856
876100,0.10270021110773087,1783437620.258945
876200,0.10304665565490723,1783437626.5862305
876300,0.10452891886234283,1783437633.0300329
876400,0.10509264469146729,1783437639.529013
876500,0.10421617329120636,1783437645.7421415
876600,0.10300695896148682,1783437652.1005147
876700,0.1019565612077713,1783437658.6499708
876800,0.10098293423652649,1783437664.8566551
876900,0.10094726085662842,1783437671.3696084
877000,0.10079310089349747,1783437677.667017
877100,0.10063973069190979,1783437684.0843134
877200,0.10047141462564468,1783437690.6759853
877300,0.10028115659952164,1783437696.9146562
877400,0.10046061128377914,1783437703.683173
877500,0.09986568987369537,1783437710.1918077
877600,0.09959937632083893,1783437716.3173997
877700,0.09909404069185257,1783437722.7558775
877800,0.09997551143169403,1783437728.8187144
877900,0.09980496764183044,1783437735.2235599
878000,0.0997900739312172,1783437741.3266885
878100,0.09966902434825897,1783437747.4280224
878200,0.09958218038082123,1783437753.6983159
878300,0.10093286633491516,1783437760.0178096
878400,0.10239486396312714,1783437766.3843195
878500,0.10267369449138641,1783437772.6483626
878600,0.10264956206083298,1783437778.7927158
878700,0.10289941728115082,1783437784.9674265
878800,0.1033565029501915,1783437791.2062666
878900,0.10354763269424438,1783437797.527483
879000,0.10463376343250275,1783437803.7589855
879100,0.10403752326965332,1783437810.2400253
879200,0.10296383500099182,1783437816.4291506
879300,0.10335557162761688,1783437822.8840818
879400,0.10282322019338608,1783437828.9469647
879500,0.10273079574108124,1783437835.2347076
879600,0.10195980221033096,1783437841.4270594
879700,0.10094235092401505,1783437847.7198553
879800,0.09974585473537445,1783437854.0992372
879900,0.10013259947299957,1783437860.3707707
880000,0.09925243258476257,1783437866.6198618
880100,0.09892244637012482,1783437872.9631617
880200,0.09838201850652695,1783437879.7283266
880300,0.09855346381664276,1783437886.1457398
880400,0.09887934476137161,1783437892.3018212
880500,0.09780324995517731,1783437898.7725697
880600,0.0964459702372551,1783437904.9369807
880700,0.09599292278289795,1783437911.1834288
880800,0.09590119123458862,1783437917.4876504
880900,0.09562020748853683,1783437923.8403897
881000,0.09585198014974594,1783437930.0304348
881100,0.09516913443803787,1783437936.4651637
881200,0.0948118194937706,1783437942.659474
881300,0.09557323157787323,1783437949.078533
881400,0.09456092119216919,1783437955.3621237
881500,0.0937972441315651,1783437961.622728
881600,0.09333816170692444,1783437967.7644184
881700,0.09347264468669891,1783437974.0939693
881800,0.09396027773618698,1783437980.4091823
881900,0.09404932707548141,1783437986.798247
882000,0.09461785852909088,1783437993.1286314
882100,0.0949840247631073,1783437999.4800382
882200,0.09617426246404648,1783438005.6232023
882300,0.09587954729795456,1783438011.9677193
882400,0.0957612693309784,1783438018.214286
882500,0.09687593579292297,1783438024.3742323
882600,0.09759959578514099,1783438030.9622507
882700,0.0979529321193695,1783438037.1190746
882800,0.09847506880760193,1783438043.4790688
882900,0.09922274202108383,1783438049.7053108
883000,0.09973451495170593,1783438055.797245
883100,0.09924925863742828,1783438062.046232
883200,0.09865081310272217,1783438068.61657
883300,0.09883769601583481,1783438074.9567802
883400,0.09906186163425446,1783438081.6547542
883500,0.09926208853721619,1783438087.8855052
883600,0.09909899532794952,1783438094.3791842
883700,0.09944631159305573,1783438100.7112074
883800,0.09954442083835602,1783438106.9170961
883900,0.09992589801549911,1783438113.14106
884000,0.10070991516113281,1783438119.5046506
884100,0.10107186436653137,1783438125.841591
884200,0.10092110186815262,1783438132.1172557
884300,0.10089658200740814,1783438138.4953191
884400,0.10099364817142487,1783438144.5867255
884500,0.10049081593751907,1783438150.8185363
884600,0.10004013031721115,1783438157.361865
884700,0.10004938393831253,1783438163.8049018
884800,0.10026495158672333,1783438170.450158
884900,0.10144570469856262,1783438176.7282305
885000,0.10199383646249771,1783438183.0109787
885100,0.10184159874916077,1783438189.3507361
885200,0.10292444378137589,1783438195.5195465
885300,0.10269800573587418,1783438201.6987677
885400,0.101790651679039,1783438208.1443505
885500,0.10133643448352814,1783438214.5629182
885600,0.10050015896558762,1783438220.9653587
885700,0.10061537474393845,1783438227.349076
885800,0.1002187728881836,1783438233.532551
885900,0.09946313500404358,1783438239.9640255
886000,0.0990496277809143,1783438246.2268138
886100,0.09932072460651398,1783438252.6003284
886200,0.09988488256931305,1783438259.1616411
886300,0.10147939622402191,1783438265.2301097
886400,0.10176851600408554,1783438271.5718067
886500,0.10146693885326385,1783438277.6843393
886600,0.10090962052345276,1783438283.847759
886700,0.10050878673791885,1783438290.0242882
886800,0.09980785101652145,1783438296.4239385
886900,0.09894251823425293,1783438302.7463868
887000,0.09910320490598679,1783438308.7292376
887100,0.09900755435228348,1783438315.1091044
887200,0.10012684017419815,1783438321.5925417
887300,0.10045840591192245,1783438327.8435454
887400,0.10113851726055145,1783438334.0669756
887500,0.10153196007013321,1783438340.6152632
887600,0.10134492069482803,1783438346.9442408
887700,0.10099507123231888,1783438353.1450014
887800,0.10017316788434982,1783438359.4340086
887900,0.10026898235082626,1783438365.639973
888000,0.10155386477708817,1783438371.9009075
888100,0.10309722274541855,1783438378.3269305
888200,0.1028599739074707,1783438384.4875867
888300,0.10280707478523254,1783438390.691137
888400,0.10210154205560684,1783438396.9974406
888500,0.10196241736412048,1783438403.1848688
888600,0.10331156849861145,1783438409.4578946
888700,0.10290734469890594,1783438415.6691868
888800,0.10201632976531982,1783438421.9285784
888900,0.1013297513127327,1783438428.3417983
889000,0.1009698361158371,1783438434.514828
889100,0.10161270201206207,1783438441.0024068
889200,0.10144934803247452,1783438447.22904
889300,0.10029810667037964,1783438453.4354362
889400,0.09971815347671509,1783438459.7857146
889500,0.09883283823728561,1783438466.1218324
889600,0.09828943759202957,1783438472.3966043
889700,0.09870880842208862,1783438478.6748917
889800,0.0986836776137352,1783438485.297368
889900,0.09972775727510452,1783438491.403172
890000,0.099883072078228,1783438497.7449555
890100,0.09980867803096771,1783438504.0412488
890200,0.10047958046197891,1783438510.6261442
890300,0.1008431687951088,1783438516.9125721
890400,0.10038498044013977,1783438523.3207343
890500,0.10031566768884659,1783438529.5306022
890600,0.10017101466655731,1783438535.973901
890700,0.09959792345762253,1783438542.455277
890800,0.09913851320743561,1783438548.8203497
890900,0.10078714787960052,1783438555.1269305
891000,0.1015155017375946,1783438561.3351068
891100,0.10065127164125443,1783438567.4682968
891200,0.10052096098661423,1783438573.7202005
891300,0.10009156912565231,1783438579.9516544
891400,0.10021831840276718,1783438586.0291033
891500,0.09954308718442917,1783438592.2107172
891600,0.09967964887619019,1783438598.4623713
891700,0.09939702600240707,1783438604.586284
891800,0.09885820001363754,1783438610.6596403
891900,0.09840402752161026,1783438616.9420273
892000,0.10011497884988785,1783438622.9658298
892100,0.09980951249599457,1783438629.1455479
892200,0.09994789212942123,1783438635.6561487
892300,0.10026728361845016,1783438641.8646247
892400,0.09935054183006287,1783438648.1964364
892500,0.098313108086586,1783438654.185619
892600,0.09776140749454498,1783438660.3752282
892700,0.09684722870588303,1783438666.816325
892800,0.09567435085773468,1783438672.961665
892900,0.09556612372398376,1783438679.0663714
893000,0.09599736332893372,1783438685.261538
893100,0.09567074477672577,1783438691.3823311
893200,0.09589607268571854,1783438697.5992432
893300,0.09574583917856216,1783438703.5975375
893400,0.0954321026802063,1783438709.7155635
893500,0.09486884623765945,1783438716.3007815
893600,0.0941021665930748,1783438722.5575092
893700,0.09428517520427704,1783438728.8556726
893800,0.09382342547178268,1783438734.975338
893900,0.09436273574829102,1783438741.2641945
894000,0.09391886740922928,1783438747.3059468
894100,0.09324716776609421,1783438753.2676432
894200,0.09360223263502121,1783438759.4110703
894300,0.09538917988538742,1783438765.5505817
894400,0.09540073573589325,1783438771.817773
894500,0.09567274898290634,1783438778.0966089
894600,0.09684751182794571,1783438784.3322232
894700,0.09583548456430435,1783438790.56691
894800,0.09458870440721512,1783438797.01264
894900,0.09374810010194778,1783438803.0883975
895000,0.09467955678701401,1783438809.2137585
895100,0.09415487945079803,1783438815.591379
895200,0.09425298869609833,1783438821.6887975
895300,0.09413084387779236,1783438827.9974425
895400,0.09389994293451309,1783438834.5287762
895500,0.09324367344379425,1783438841.358245
895600,0.09263864904642105,1783438847.8190024
895700,0.09194747358560562,1783438854.5840354
895800,0.0918225422501564,1783438861.0978644
895900,0.09227051585912704,1783438867.3728132
896000,0.09120776504278183,1783438873.4928238
896100,0.09240978956222534,1783438879.816125
896200,0.09371806681156158,1783438885.9584877
896300,0.09323820471763611,1783438892.3319619
896400,0.09297540038824081,1783438898.3841994
896500,0.09271842241287231,1783438904.6504688
896600,0.09203768521547318,1783438910.9303575
896700,0.09123267233371735,1783438917.5344656
896800,0.09108659625053406,1783438923.9929678
896900,0.09020685404539108,1783438930.1557267
897000,0.090652696788311,1783438936.5551727
897100,0.08978375792503357,1783438942.706789
897200,0.09030123054981232,1783438948.9794307
897300,0.09096964448690414,1783438955.1332843
897400,0.0910671204328537,1783438961.2350056
897500,0.09092063456773758,1783438967.6627228
897600,0.09099378436803818,1783438974.0432386
897700,0.09126154333353043,1783438980.4297283
897800,0.09190122783184052,1783438986.8063724
897900,0.09200727939605713,1783438993.0685947
898000,0.09194152057170868,1783438999.3552818
898100,0.09205017238855362,1783439005.6334105
898200,0.09162086993455887,1783439011.819369
898300,0.09155181050300598,1783439018.0745661
898400,0.09098593145608902,1783439024.4462035
898500,0.09101010113954544,1783439030.7921903
898600,0.0914432555437088,1783439036.9750094
898700,0.0913039967417717,1783439043.0479126
898800,0.09090440720319748,1783439049.194391
898900,0.09100452810525894,1783439055.363273
899000,0.0918114185333252,1783439061.4971972
899100,0.09342727810144424,1783439067.7611082
899200,0.09427011013031006,1783439073.9150789
899300,0.09543069452047348,1783439080.232994
899400,0.09549253433942795,1783439086.4540348
899500,0.09537142515182495,1783439092.6149127
899600,0.0949624702334404,1783439099.022634
899700,0.09548106044530869,1783439105.4163454
899800,0.09562084078788757,1783439111.5159569
899900,0.09624677151441574,1783439117.7503595
900000,0.09638238698244095,1783514260.052743
900100,0.09656335413455963,1783514432.246281
900200,0.09739255905151367,1783514438.3635995
900300,0.09846069663763046,1783514444.5974207
900400,0.09839526563882828,1783514450.7286496
900500,0.09795592725276947,1783514456.956818
900600,0.09794291108846664,1783514463.0624435
900700,0.09749647229909897,1783514469.4000394
900800,0.097819022834301,1783514475.5113068
900900,0.09821072965860367,1783514481.5864887
901000,0.09849251061677933,1783514487.6414313
901100,0.09862687438726425,1783514493.708013
901200,0.09912224858999252,1783514500.0992115
901300,0.09947749227285385,1783514506.1844265
901400,0.10123467445373535,1783514512.2447011
901500,0.10136200487613678,1783514518.3293943
901600,0.10277895629405975,1783514524.5317886
901700,0.10397032648324966,1783514530.5088851
901800,0.10406741499900818,1783514536.555583
901900,0.10403361171483994,1783514542.7764893
902000,0.10378624498844147,1783514549.101963
902100,0.10354486852884293,1783514555.3038647
902200,0.10331984609365463,1783514561.3718514
902300,0.1032489463686943,1783514567.5115497
902400,0.10373740643262863,1783514573.8006284
902500,0.10406990349292755,1783514579.9565682
902600,0.10426033288240433,1783514586.2819018
902700,0.10425981134176254,1783514592.4087043
902800,0.1032143384218216,1783514598.622036
902900,0.10192447900772095,1783514604.9496908
903000,0.10192848742008209,1783514611.2217302
903100,0.10178382694721222,1783514617.3874836
903200,0.1010357141494751,1783514623.8898938
903300,0.10135818272829056,1783514629.9744604
903400,0.10171518474817276,1783514635.9693177
903500,0.10294528305530548,1783514642.3678133
903600,0.10335416346788406,1783514648.5088856
903700,0.1026080846786499,1783514654.6655934
903800,0.10230223089456558,1783514661.1050355
903900,0.10217662900686264,1783514667.3869927
904000,0.1016654297709465,1783514673.6765018
904100,0.10229615867137909,1783514679.817515
904200,0.10210712254047394,1783514685.903212
904300,0.1022549495100975,1783514692.2848468
904400,0.10276257246732712,1783514698.3891063
904500,0.10256655514240265,1783514704.6246629
904600,0.10193639248609543,1783514710.6739197
904700,0.10098743438720703,1783514716.8053436
904800,0.10125074535608292,1783514723.0272913
904900,0.10090653598308563,1783514729.249312
905000,0.10068432241678238,1783514735.3438063
905100,0.1005665510892868,1783514741.7387846
905200,0.10136369615793228,1783514747.8296404
905300,0.1003933697938919,1783514754.0361276
905400,0.09906483441591263,1783514760.2352588
905500,0.09877505153417587,1783514766.2976558
905600,0.0988541916012764,1783514772.6216261
905700,0.09873201698064804,1783514778.7849581
905800,0.09906601160764694,1783514784.8091369
905900,0.09878256916999817,1783514791.177939
906000,0.09887699037790298,1783514797.567168
906100,0.1000906378030777,1783514803.7676804
906200,0.10021712630987167,1783514809.9096704
906300,0.10029519349336624,1783514815.9922252
906400,0.10011231154203415,1783514822.1283371
906500,0.0993419662117958,1783514828.346085
906600,0.09854152798652649,1783514834.4521117
906700,0.09742674231529236,1783514840.7326336
906800,0.09650826454162598,1783514846.9979045
906900,0.0967092514038086,1783514853.1805673
907000,0.0974126011133194,1783514859.3854904
907100,0.09758836030960083,1783514865.628064
907200,0.09763038903474808,1783514871.6761887
907300,0.09826800972223282,1783514877.678868
907400,0.09833049774169922,1783514883.880198
907500,0.09806638211011887,1783514890.1020982
907600,0.09855123609304428,1783514896.1028306
907700,0.09803879261016846,1783514902.217119
907800,0.09766115993261337,1783514908.1770942
907900,0.09695956110954285,1783514914.1514096
908000,0.09613950550556183,1783514920.1934233
908100,0.0957333967089653,1783514926.4131036
908200,0.09557086229324341,1783514932.754566
908300,0.09609387814998627,1783514938.92508
908400,0.09614954888820648,1783514945.1218133
908500,0.09702491015195847,1783514951.2771158
908600,0.09779982268810272,1783514957.2687492
908700,0.0979960560798645,1783514963.4381852
908800,0.09774600714445114,1783514969.658592
908900,0.09752185642719269,1783514975.8387384
909000,0.09789852797985077,1783514982.0330799
909100,0.09818524867296219,1783514988.2261283
909200,0.09820379316806793,1783514994.4792569
909300,0.09726738929748535,1783515000.6985407
909400,0.09814642369747162,1783515006.7987463
909500,0.10023564100265503,1783515012.8239613
909600,0.10129693895578384,1783515019.0968852
909700,0.10150809586048126,1783515025.1829824
909800,0.1020464301109314,1783515031.2739255
909900,0.101261667907238,1783515037.4563663
910000,0.10072871297597885,1783515043.6166651
910100,0.10015731304883957,1783515049.681849
910200,0.10058429837226868,1783515055.8246028
910300,0.1012229397892952,1783515061.9458413
910400,0.10296205431222916,1783515068.4326494
910500,0.1037783995270729,1783515074.4915571
910600,0.10461606085300446,1783515080.9460075
910700,0.10515344887971878,1783515087.0016692
910800,0.10671193152666092,1783515093.2642112
910900,0.10717608779668808,1783515099.3469827
911000,0.10656792670488358,1783515105.3092973
911100,0.10587508231401443,1783515111.374601
911200,0.10460341721773148,1783515117.5554047
911300,0.10372741520404816,1783515123.616268
911400,0.10354427248239517,1783515129.811295
911500,0.10290554910898209,1783515135.949091
911600,0.10315520316362381,1783515142.0907996
911700,0.10424283891916275,1783515148.1510606
911800,0.10425059497356415,1783515154.3921354
911900,0.1044405922293663,1783515160.52646
912000,0.10526753216981888,1783515166.7191987
912100,0.10641122609376907,1783515173.0230367
912200,0.10644659399986267,1783515179.4458892
912300,0.1060420498251915,1783515185.5068069
912400,0.1062123030424118,1783515191.693881
912500,0.10555684566497803,1783515198.1095
912600,0.1055009737610817,1783515204.2356768
912700,0.10565131902694702,1783515210.200524
912800,0.10602109134197235,1783515216.5078397
912900,0.10676402598619461,1783515222.778906
913000,0.10716067999601364,1783515228.768924
913100,0.10664170980453491,1783515234.8778567
913200,0.10712075233459473,1783515241.1435015
913300,0.10903512686491013,1783515247.318732
913400,0.11082254350185394,1783515253.5700781
913500,0.11117377877235413,1783515259.6107097
913600,0.11290278285741806,1783515265.7803497
913700,0.11393116414546967,1783515271.9631376
913800,0.11475442349910736,1783515278.178092
913900,0.1149698942899704,1783515284.3501127
914000,0.11493922024965286,1783515290.4543066
914100,0.11519872397184372,1783515296.535037
914200,0.11568749696016312,1783515302.866019
914300,0.11464977264404297,1783515309.0425067
914400,0.11336320638656616,1783515315.0850096
914500,0.11400338262319565,1783515321.4025254
914600,0.1145489439368248,1783515327.7692146
914700,0.11536811292171478,1783515333.9316452
914800,0.11515062302350998,1783515340.1610613
914900,0.11502452939748764,1783515346.3887246
915000,0.11604349315166473,1783515352.7890062
915100,0.11605071276426315,1783515358.9277868
915200,0.11505605280399323,1783515365.2700543
915300,0.11425013095140457,1783515371.369742
915400,0.11367370188236237,1783515377.4906006
915500,0.11349708586931229,1783515383.5952752
915600,0.11283626407384872,1783515389.8783734
915700,0.11230939626693726,1783515395.8987148
915800,0.11147571355104446,1783515402.2036169
915900,0.11153016239404678,1783515408.6907258
916000,0.11102422326803207,1783515414.881184
916100,0.11117500066757202,1783515420.9896348
916200,0.11108115315437317,1783515427.360628
916300,0.11022169888019562,1783515433.4587216
916400,0.10956326872110367,1783515439.6356628
916500,0.11037048697471619,1783515445.9445832
916600,0.11218467354774475,1783515452.2775
916700,0.11283671855926514,1783515458.4602675
916800,0.1136762723326683,1783515464.5464585
916900,0.11415901780128479,1783515471.0004365
917000,0.11561106145381927,1783515477.1405885
917100,0.11642322689294815,1783515483.554497
917200,0.11583719402551651,1783515489.937098
917300,0.11558102071285248,1783515496.0176618
917400,0.11488823592662811,1783515502.168176
917500,0.11400531977415085,1783515508.712427
917600,0.11278440803289413,1783515514.8794518
917700,0.11186031997203827,1783515521.303857
917800,0.11300778388977051,1783515527.5108666
917900,0.11328045278787613,1783515533.6131322
918000,0.11332026869058609,1783515539.8682027
918100,0.11426619440317154,1783515545.971769
918200,0.11670814454555511,1783515552.0582428
918300,0.11804063618183136,1783515558.5284853
918400,0.11775627732276917,1783515564.7466078
918500,0.1178273856639862,1783515570.8787475
918600,0.11694500595331192,1783515577.142189
918700,0.11617531627416611,1783515583.6009743
918800,0.1152721419930458,1783515589.6403003
918900,0.1146712601184845,1783515595.6338487
919000,0.11427472531795502,1783515601.6888876
919100,0.11415541917085648,1783515607.7220204
919200,0.11378009617328644,1783515613.7541294
919300,0.11301007866859436,1783515619.9179015
919400,0.11220008134841919,1783515625.8797498
919500,0.11147691309452057,1783515632.1420996
919600,0.11115708202123642,1783515638.2878149
919700,0.11171991378068924,1783515644.270561
919800,0.11208999156951904,1783515650.5203505
919900,0.11173257231712341,1783515656.6829567
920000,0.11219488829374313,1783515662.9211202
920100,0.11104990541934967,1783515669.0855362
920200,0.10998166352510452,1783515675.4588947
920300,0.10913543403148651,1783515681.4940195
920400,0.10829319059848785,1783515687.5770943
920500,0.10696393251419067,1783515693.936197
920600,0.10539067536592484,1783515700.2437792
920700,0.10439261794090271,1783515706.6446738
920800,0.10347399115562439,1783515712.9148064
920900,0.10347381979227066,1783515719.1435888
921000,0.1027904748916626,1783515725.4488506
921100,0.10297495871782303,1783515731.7069323
921200,0.10359131544828415,1783515738.0656037
921300,0.10333497077226639,1783515744.3062522
921400,0.10457050055265427,1783515750.5298767
921500,0.10446389019489288,1783515756.6332219
921600,0.10403706133365631,1783515762.5944629
921700,0.1047753319144249,1783515768.6000624
921800,0.10500560700893402,1783515774.7641392
921900,0.10547184199094772,1783515780.7537963
922000,0.10642191022634506,1783515786.965966
922100,0.10666044801473618,1783515793.0015106
922200,0.10561784356832504,1783515799.454167
922300,0.1044941321015358,1783515805.6889637
922400,0.10350608825683594,1783515811.775414
922500,0.10337333381175995,1783515817.9922488
922600,0.10216130316257477,1783515824.1709065
922700,0.1008761078119278,1783515830.192287
922800,0.09983329474925995,1783515836.2851646
922900,0.09905742108821869,1783515842.6297743
923000,0.09975960850715637,1783515848.9378183
923100,0.09995606541633606,1783515855.0451317
923200,0.09947395324707031,1783515861.260626
923300,0.09926674515008926,1783515867.251957
923400,0.09868939220905304,1783515873.2883415
923500,0.09788018465042114,1783515879.5028608
923600,0.09782468527555466,1783515885.7185457
923700,0.09723741561174393,1783515891.6993535
923800,0.09795480221509933,1783515897.8645086
923900,0.0981072187423706,1783515903.8205419
924000,0.09793815016746521,1783515909.9627104
924100,0.09841585159301758,1783515915.945588
924200,0.09911400079727173,1783515922.0091681
924300,0.09885096549987793,1783515928.2834435
924400,0.09814569354057312,1783515934.422854
924500,0.09836164116859436,1783515940.914416
924600,0.09908817708492279,1783515947.059618
924700,0.10061593353748322,1783515953.1260285
924800,0.10047519952058792,1783515959.4496343
924900,0.10048060864210129,1783515965.4918375
925000,0.10037706792354584,1783515971.7933598
925100,0.09987693279981613,1783516125.8674054
925200,0.09972702711820602,1783516131.9233303
925300,0.09983953088521957,1783516138.0887265
925400,0.10162781924009323,1783516144.3571646
925500,0.10099218040704727,1783516150.3912668
925600,0.10094128549098969,1783516156.5982964
925700,0.10037565976381302,1783516162.963245
925800,0.10007567703723907,1783516169.1815386
925900,0.10040649771690369,1783516175.2474384
926000,0.10141639411449432,1783516181.2052279
926100,0.10224337130784988,1783516187.383103
926200,0.10168324410915375,1783516193.631049
926300,0.10145226120948792,1783516199.7169657
926400,0.1008017510175705,1783516205.9094243
926500,0.10093474388122559,1783516211.8638058
926600,0.10252506285905838,1783516217.8410397
926700,0.10291220247745514,1783516223.9675448
926800,0.10251856595277786,1783516230.1430438
926900,0.10250763595104218,1783516236.286581
927000,0.10328631848096848,1783516242.2505612
927100,0.10344404727220535,1783516248.449117
927200,0.10374883562326431,1783516254.642281
927300,0.10361507534980774,1783516260.7041833
927400,0.10495172441005707,1783516267.1098897
927500,0.1046331450343132,1783516273.129896
927600,0.10471225529909134,1783516279.2506907
927700,0.10552803426980972,1783516285.2232904
927800,0.1047879308462143,1783516291.2128372
927900,0.10519757866859436,1783516297.2808144
928000,0.10533629357814789,1783516303.5773675
928100,0.10590045899152756,1783516309.6323047
928200,0.10635922849178314,1783516315.5713766
928300,0.10538198798894882,1783516321.5381098
928400,0.10542742162942886,1783516327.5463586
928500,0.10541430115699768,1783516333.4023972
928600,0.10451973229646683,1783516339.5741165
928700,0.1031918004155159,1783516345.6878552
928800,0.10214459151029587,1783516351.861998
928900,0.1015050932765007,1783516357.9438794
929000,0.1019764244556427,1783516364.0610378
929100,0.10161270201206207,1783516370.0887244
929200,0.1013742983341217,1783516376.217705
929300,0.10095520317554474,1783516382.3457313
929400,0.10045155882835388,1783516388.6310008
929500,0.09998641163110733,1783516394.7149887
929600,0.0992729440331459,1783516400.8143322
929700,0.10009364783763885,1783516406.981398
929800,0.0999261885881424,1783516413.1636808
929900,0.10047566890716553,1783516419.2027805
930000,0.09992075711488724,1783516425.464453
930100,0.10104795545339584,1783516431.6673017
930200,0.10088495910167694,1783516437.6735425
930300,0.10026123374700546,1783516443.6722066
930400,0.10153171420097351,1783516449.6455264
930500,0.10221762955188751,1783516455.8029585
930600,0.10178127884864807,1783516461.8478208
930700,0.1011015996336937,1783516467.867003
930800,0.10015454143285751,1783516474.2324977
930900,0.10046808421611786,1783516480.2148564
931000,0.10185036808252335,1783516486.1696162
931100,0.10319788008928299,1783516492.2123373
931200,0.10288423299789429,1783516498.4337933
931300,0.10238165408372879,1783516504.4327404
931400,0.10278081893920898,1783516510.6194751
931500,0.10325968265533447,1783516516.70802
931600,0.10357914119958878,1783516522.754752
931700,0.10349777340888977,1783516529.0368369
931800,0.10325426608324051,1783516535.272742
931900,0.10237754881381989,1783516541.5489283
932000,0.10131245106458664,1783516547.732914
932100,0.1007927879691124,1783516553.8569663
932200,0.1005065068602562,1783516559.90472
932300,0.09983024001121521,1783516566.1940286
932400,0.09946413338184357,1783516572.7657905
932500,0.09991484880447388,1783516578.93408
932600,0.09932496398687363,1783516585.245847
932700,0.10039849579334259,1783516591.3843093
932800,0.10024914145469666,1783516597.5600603
932900,0.10081230849027634,1783516603.7618055
933000,0.10064541548490524,1783516609.9795513
933100,0.09957050532102585,1783516615.9522145
933200,0.09963053464889526,1783516622.095317
933300,0.1001063883304596,1783516628.352216
933400,0.09985797852277756,1783516634.399435
933500,0.1001625657081604,1783516640.6006057
933600,0.10008931905031204,1783516646.7952964
933700,0.10038968920707703,1783516652.8646946
933800,0.09984049946069717,1783516659.2000122
933900,0.0993288978934288,1783516665.617137
934000,0.0995158776640892,1783516671.7041342
934100,0.1006937325000763,1783516677.8988872
934200,0.09948018938302994,1783516684.316747
934300,0.09962170571088791,1783516690.6840591
934400,0.09936565905809402,1783516696.727188
934500,0.09889256954193115,1783516702.7680657
934600,0.09796944260597229,1783516709.035307
934700,0.09743577986955643,1783516715.3165007
934800,0.0969967395067215,1783516721.394725
934900,0.09622538834810257,1783516727.5707004
935000,0.09522997587919235,1783516733.6583607
935100,0.09480318427085876,1783516739.785947
935200,0.0951424315571785,1783516746.2415612
935300,0.09664084017276764,1783516752.2930188
935400,0.09750903397798538,1783516758.539059
935500,0.09697289764881134,1783516764.564234
935600,0.09675939381122589,1783516770.792254
935700,0.0961681678891182,1783516777.107701
935800,0.09613359719514847,1783516783.0989838
935900,0.09660759568214417,1783516789.173606
936000,0.09641298651695251,1783516795.417298
936100,0.0967051237821579,1783516801.6751027
936200,0.09603890776634216,1783516807.7213237
936300,0.09588036686182022,1783516813.7228153
936400,0.09708371013402939,1783516820.2633073
936500,0.09825967252254486,1783516826.3903778
936600,0.09923508763313293,1783516832.429559
936700,0.09926064312458038,1783516838.68252
936800,0.09908997267484665,1783516845.0831542
936900,0.09855086356401443,1783516851.4003239
937000,0.09824847429990768,1783516857.434165
937100,0.09802336990833282,1783516863.4077907
937200,0.09807903319597244,1783516869.4828649
937300,0.09782592207193375,1783516875.8413744
937400,0.09747272729873657,1783516881.8498087
937500,0.09705475717782974,1783516888.0245163
937600,0.09667529910802841,1783516894.0551534
937700,0.09624424576759338,1783516900.3379838
937800,0.09593675285577774,1783516906.6574137
937900,0.09605734795331955,1783516912.8477275
938000,0.09543579816818237,1783516918.954256
938100,0.09485159069299698,1783516925.1058748
938200,0.09438975900411606,1783516931.187493
938300,0.09444493055343628,1783516937.4236796
938400,0.09399227052927017,1783516943.47717
938500,0.09394517540931702,1783516949.6797674
938600,0.09425172954797745,1783516955.7806776
938700,0.09409020841121674,1783516962.1025438
938800,0.09629637002944946,1783516968.1685982
938900,0.09737496078014374,1783516974.2945302
939000,0.09817294031381607,1783516980.536302
939100,0.09847647696733475,1783516986.6203144
939200,0.09888149052858353,1783516992.669967
939300,0.09922143816947937,1783516998.9849002
939400,0.09936036914587021,1783517005.0477893
939500,0.0991935282945633,1783517011.1827853
939600,0.09884890913963318,1783517017.2462952
939700,0.09886427968740463,1783517023.5469236
939800,0.0982234850525856,1783517029.8989637
939900,0.09781136363744736,1783517035.9614575
940000,0.09743097424507141,1783517042.060992
940100,0.09873303025960922,1783517048.166361
940200,0.09814855456352234,1783517054.3297257
940300,0.09724893420934677,1783517060.654371
940400,0.09733299165964127,1783517066.8564703
940500,0.0981963723897934,1783517072.9603708
940600,0.09992406517267227,1783517079.180332
940700,0.10081855207681656,1783517085.3041058
940800,0.10117992758750916,1783517091.845579
940900,0.10203413665294647,1783517098.0452707
941000,0.10157215595245361,1783517104.1818364
941100,0.10093563795089722,1783517110.311894
941200,0.1006014421582222,1783517116.5214198
941300,0.09973931312561035,1783517122.4218414
941400,0.09892888367176056,1783517128.5425224
941500,0.0980677604675293,1783517134.5523026
941600,0.09793569892644882,1783517140.4746277
941700,0.09737361967563629,1783517146.4984736
941800,0.09653706848621368,1783517152.712855
941900,0.09599649906158447,1783517158.9851604
942000,0.09639681875705719,1783517165.2407312
942100,0.09758713096380234,1783517171.298215
942200,0.09741499274969101,1783517177.3886497
942300,0.09710732102394104,1783517183.3032248
942400,0.09663339704275131,1783517189.4018366
942500,0.09634241461753845,1783517195.4502254
942600,0.09693993628025055,1783517201.3761775
942700,0.09729884564876556,1783517207.2825034
942800,0.09750042855739594,1783517213.3932264
942900,0.09711563587188721,1783517219.5493565
943000,0.09699734300374985,1783517225.7842007
943100,0.0970090925693512,1783517231.9977806
943200,0.09892551600933075,1783517238.266911
943300,0.0999138206243515,1783517244.3716736
943400,0.09904642403125763,1783517250.4838455
943500,0.09898339211940765,1783517256.4495792
943600,0.09875970333814621,1783517262.5036168
943700,0.09782713651657104,1783517268.7347817
943800,0.09778957068920135,1783517274.905212
943900,0.09746000915765762,1783517281.2131178
944000,0.09680784493684769,1783517287.2625751
944100,0.09591888636350632,1783517293.5349026
944200,0.09480994194746017,1783517299.5369356
944300,0.09436341375112534,1783517305.346837
944400,0.09550803899765015,1783517311.44807
944500,0.0967906042933464,1783517317.3244078
944600,0.09814024716615677,1783517323.306645
944700,0.09983867406845093,1783517329.4658945
944800,0.09944144636392593,1783517335.2228878
944900,0.09870695322751999,1783517341.1363945
945000,0.09775765240192413,1783517347.3502958
945100,0.09711220860481262,1783517353.1795344
945200,0.09669207036495209,1783517359.4404495
945300,0.09610994160175323,1783517365.370149
945400,0.0948154404759407,1783517371.2026975
945500,0.09378308057785034,1783517377.181758
945600,0.09295654296875,1783517383.1821418
945700,0.09222202003002167,1783517389.2331192
945800,0.09285267442464828,1783517395.1702166
945900,0.09426439553499222,1783517400.9887776
946000,0.09470345079898834,1783517406.8800414
946100,0.09392885118722916,1783517412.7714822
946200,0.09335383027791977,1783517418.722863
946300,0.09261051565408707,1783517424.846436
946400,0.09205128997564316,1783517430.810083
946500,0.0914444699883461,1783517436.7020557
946600,0.09093143790960312,1783517442.8028834
946700,0.09146784991025925,1783517448.8696117
946800,0.0926581546664238,1783517454.9068375
946900,0.09359714388847351,1783517461.0523815
947000,0.0937299057841301,1783517466.9268358
947100,0.0935489609837532,1783517472.9939573
947200,0.0930047333240509,1783517478.8490872
947300,0.0923784151673317,1783517484.9216769
947400,0.09230857342481613,1783517490.984202
947500,0.09321635961532593,1783517496.9134538
947600,0.09368457645177841,1783517502.8301737
947700,0.09322778135538101,1783517508.7891955
947800,0.09341368079185486,1783517514.6741474
947900,0.09320342540740967,1783517520.8692122
948000,0.09276013821363449,1783517526.946022
948100,0.09223925322294235,1783517533.0599477
948200,0.09190138429403305,1783517539.0611885
948300,0.09138423204421997,1783517544.918254
948400,0.09124994277954102,1783517550.9695473
948500,0.09140554070472717,1783517556.9236345
948600,0.09100892394781113,1783517563.1349201
948700,0.09046719968318939,1783517569.0798113
948800,0.09004051983356476,1783517575.1681077
948900,0.08953054994344711,1783517581.2120702
949000,0.08909575641155243,1783517587.222279
949100,0.0889318585395813,1783517593.0736406
949200,0.08910474181175232,1783517599.4521399
949300,0.08965404331684113,1783517605.3646483
949400,0.09019454568624496,1783517611.2600482
949500,0.09062325954437256,1783517617.5625236
949600,0.08991689234972,1783517623.3782258
949700,0.08934784680604935,1783517629.380024
949800,0.08846902847290039,1783517635.3424673
949900,0.08814595639705658,1783517641.2301948
950000,0.08825577050447464,1783517647.1050327
950100,0.08795452862977982,1783517805.4718642
950200,0.08783476054668427,1783517811.5541937
950300,0.08752084523439407,1783517817.4491146
950400,0.08725515753030777,1783517823.391948
950500,0.08711065351963043,1783517829.4830484
950600,0.08723527193069458,1783517835.549068
950700,0.08706112951040268,1783517841.7563732
950800,0.08728748559951782,1783517847.712748
950900,0.0879388153553009,1783517853.7628453
951000,0.08892907947301865,1783517859.6422622
951100,0.08935679495334625,1783517865.9337418
951200,0.08938015252351761,1783517872.1462994
951300,0.09003867954015732,1783517878.0446725
951400,0.09009739011526108,1783517884.0835187
951500,0.08922993391752243,1783517890.1845517
951600,0.08922385424375534,1783517896.0506713
951700,0.08928615599870682,1783517901.9842834
951800,0.08882219344377518,1783517907.9497964
951900,0.08801848441362381,1783517913.995788
952000,0.08741462975740433,1783517919.8073742
952100,0.08727523684501648,1783517925.8804145
952200,0.08726842701435089,1783517932.0215635
952300,0.08700732886791229,1783517938.0038943
952400,0.08702054619789124,1783517944.2646968
952500,0.08789153397083282,1783517950.1025214
952600,0.08870596438646317,1783517956.3518429
952700,0.0902341678738594,1783517962.2325828
952800,0.09061958640813828,1783517968.534342
952900,0.09185571223497391,1783517974.5482242
953000,0.09214077144861221,1783517980.541912
953100,0.09168920665979385,1783517986.4460185
953200,0.09132032841444016,1783517992.6409495
953300,0.09204218536615372,1783517998.7029455
953400,0.09268774092197418,1783518004.736445
953500,0.09267247468233109,1783518010.7873657
953600,0.09232059866189957,1783518016.8000195
953700,0.09143301099538803,1783518022.6813881
953800,0.09215240925550461,1783518028.612896
953900,0.09168998897075653,1783518034.5777981
954000,0.09085946530103683,1783518040.6117475
954100,0.08978724479675293,1783518046.4624171
954200,0.08853980898857117,1783518052.446291
954300,0.08745492994785309,1783518058.520939
954400,0.08700886368751526,1783518064.4526095
954500,0.0874319076538086,1783518070.7474217
954600,0.08715523034334183,1783518076.7860603
954700,0.0870622918009758,1783518082.7258806
954800,0.08853702247142792,1783518088.7919695
954900,0.08824821561574936,1783518094.8331614
955000,0.08886288851499557,1783518100.8926647
955100,0.08870027959346771,1783518107.1593373
955200,0.08800056576728821,1783518113.0310044
955300,0.087375208735466,1783518119.1800609
955400,0.08659462630748749,1783518125.2439458
955500,0.08633294701576233,1783518131.4127002
955600,0.08618103712797165,1783518137.632923
955700,0.08607230335474014,1783518143.6973147
955800,0.08769059181213379,1783518149.7636273
955900,0.08774545043706894,1783518156.0016963
956000,0.087356798350811,1783518162.3250008
956100,0.08741219341754913,1783518168.4277349
956200,0.08714322000741959,1783518174.2846732
956300,0.08660458028316498,1783518180.454253
956400,0.08615521341562271,1783518186.6056387
956500,0.08630366623401642,1783518192.7654107
956600,0.08622808009386063,1783518199.122514
956700,0.08680172264575958,1783518205.361708
956800,0.0865638330578804,1783518211.41875
956900,0.08618563413619995,1783518217.756758
957000,0.08673389256000519,1783518224.0832405
957100,0.08716128021478653,1783518230.3601208
957200,0.0869482010602951,1783518236.8923059
957300,0.08726189285516739,1783518243.2604492
957400,0.08645270764827728,1783518249.3770885
957500,0.08591170608997345,1783518255.5480993
957600,0.0864553228020668,1783518261.9872577
957700,0.08710809797048569,1783518268.0844843
957800,0.08714985102415085,1783518274.175909
957900,0.0873686671257019,1783518280.4755275
958000,0.08736123144626617,1783518286.558546
958100,0.08736027032136917,1783518292.813731
958200,0.088294617831707,1783518299.0073023
958300,0.08802969008684158,1783518305.049162
958400,0.08828920871019363,1783518311.0847764
958500,0.08749912679195404,1783518317.2724903
958600,0.08667204529047012,1783518323.216214
958700,0.08603424578905106,1783518329.2367997
958800,0.08626718819141388,1783518335.4595902
958900,0.08669663965702057,1783518341.6592014
959000,0.0863313227891922,1783518347.9731913
959100,0.08617287874221802,1783518354.1904
959200,0.08564900606870651,1783518360.2880147
959300,0.08444592356681824,1783518366.5973408
959400,0.08324162662029266,1783518372.7004416
959500,0.08262050896883011,1783518378.770587
959600,0.08287022262811661,1783518384.8617337
959700,0.08229121565818787,1783518390.9903731
959800,0.08179016411304474,1783518397.0593731
959900,0.08085466921329498,1783518403.2701783
960000,0.08097345381975174,1783518409.5445051
960100,0.08201914280653,1783518415.833372
960200,0.08258485794067383,1783518422.0935845
960300,0.08289122581481934,1783518428.17439
960400,0.08320865035057068,1783518434.613471
960500,0.08450432866811752,1783518441.0096376
960600,0.08464454859495163,1783518447.1603105
960700,0.0852741003036499,1783518453.3074577
960800,0.08621521294116974,1783518459.4825244
960900,0.08643223345279694,1783518465.7140064
961000,0.08713730424642563,1783518471.8531575
961100,0.08793198317289352,1783518477.8548882
961200,0.08875769376754761,1783518484.2821195
961300,0.08890202641487122,1783518490.3968585
961400,0.08901560306549072,1783518496.5115318
961500,0.08915112912654877,1783518502.5209732
961600,0.08904408663511276,1783518508.6778667
961700,0.08876681327819824,1783518514.9649553
961800,0.08868078142404556,1783518521.4449737
961900,0.08817918598651886,1783518527.645989
962000,0.08854949474334717,1783518533.7918828
962100,0.08874273300170898,1783518539.8548503
962200,0.08884494006633759,1783518546.0169876
962300,0.08894635736942291,1783518552.0433397
962400,0.08914022892713547,1783518558.3242757
962500,0.08966493606567383,1783518564.7078664
962600,0.08937232941389084,1783518570.6467297
962700,0.08895685523748398,1783518576.6530614
962800,0.08843166381120682,1783518582.6470144
962900,0.08776264637708664,1783518588.8173423
963000,0.08695250004529953,1783518595.001106
963100,0.08650484681129456,1783518601.3898327
963200,0.08628856390714645,1783518607.6507852
963300,0.08727679401636124,1783518613.7646873
963400,0.08779601007699966,1783518619.94863
963500,0.08929776400327682,1783518625.9951332
963600,0.08976297080516815,1783518632.114974
963700,0.08967892080545425,1783518638.1125104
963800,0.09131582081317902,1783518644.3794837
963900,0.09182919561862946,1783518650.6088831
964000,0.09099096059799194,1783518656.9084125
964100,0.09016765654087067,1783518663.2840297
964200,0.08963922411203384,1783518669.810486
964300,0.08922895044088364,1783518676.3127837
964400,0.0886990949511528,1783518682.4214363
964500,0.08885199576616287,1783518688.5076954
964600,0.08833952993154526,1783518694.7461593
964700,0.08849681168794632,1783518701.0208116
964800,0.08979236334562302,1783518707.1027088
964900,0.09085394442081451,1783518713.3369308
965000,0.09006401151418686,1783518719.6124759
965100,0.08955007046461105,1783518725.9880948
965200,0.08929965645074844,1783518732.0560126
965300,0.08891160786151886,1783518738.3893125
965400,0.08819523453712463,1783518744.4444857
965500,0.08782724291086197,1783518750.7839189
965600,0.08742713928222656,1783518757.04489
965700,0.08893965929746628,1783518763.1670482
965800,0.08977362513542175,1783518769.233341
965900,0.08989174664020538,1783518775.2065332
966000,0.09073931723833084,1783518781.396659
966100,0.09272849559783936,1783518787.6704786
966200,0.09297680109739304,1783518793.7541697
966300,0.09296263009309769,1783518799.9039054
966400,0.09316225349903107,1783518806.221086
966500,0.09292932599782944,1783518812.5666535
966600,0.09336032718420029,1783518818.9183745
966700,0.09391403198242188,1783518825.2649379
966800,0.09512258321046829,1783518831.3196833
966900,0.09583892673254013,1783518837.3739765
967000,0.09580246359109879,1783518843.6375117
967100,0.09549959003925323,1783518849.892762
967200,0.09547363966703415,1783518856.0495694
967300,0.09526829421520233,1783518862.0700176
967400,0.09507337957620621,1783518868.3113375
967500,0.09560113400220871,1783518874.6542382
967600,0.09517092257738113,1783518881.014488
967700,0.09502778202295303,1783518887.294767
967800,0.09507431089878082,1783518893.7783136
967900,0.09584425389766693,1783518900.0297165
968000,0.09576503932476044,1783518906.331852
968100,0.09592051059007645,1783518912.5509613
968200,0.09627873450517654,1783518918.8824291
968300,0.09563077986240387,1783518925.3440223
968400,0.09545031189918518,1783518931.7662096
968500,0.09739100188016891,1783518938.176165
968600,0.09852327406406403,1783518944.3924148
968700,0.09891704469919205,1783518950.4163163
968800,0.09924374520778656,1783518956.63338
968900,0.09912167489528656,1783518962.7394786
969000,0.09925808757543564,1783518968.9680908
969100,0.09915309399366379,1783518975.1332276
969200,0.10055024921894073,1783518981.234186
969300,0.10168329626321793,1783518987.464233
969400,0.10260136425495148,1783518993.534417
969500,0.10376587510108948,1783518999.7979927
969600,0.10514236241579056,1783519005.8620186
969700,0.10548487305641174,1783519011.9945426
969800,0.10517115145921707,1783519018.1649032
969900,0.10546194016933441,1783519024.1585786
970000,0.10625305771827698,1783519030.5013242
970100,0.10588490217924118,1783519036.6132693
970200,0.10494200885295868,1783519043.1109505
970300,0.10453245788812637,1783519049.298384
970400,0.10502198338508606,1783519055.3141384
970500,0.1053270548582077,1783519061.3121457
970600,0.10497447103261948,1783519067.3182242
970700,0.10468290746212006,1783519073.7085602
970800,0.10409022867679596,1783519079.646935
970900,0.10346678644418716,1783519085.9180908
971000,0.10304635763168335,1783519091.972817
971100,0.10252626985311508,1783519098.1746821
971200,0.10260629653930664,1783519104.4238572
971300,0.10293782502412796,1783519110.3857498
971400,0.10267910361289978,1783519116.4630764
971500,0.1020280048251152,1783519122.4641633
971600,0.10123800486326218,1783519128.938808
971700,0.10021599382162094,1783519135.2189183
971800,0.09958115965127945,1783519141.5306013
971900,0.09961972385644913,1783519147.6448839
972000,0.10032182931900024,1783519153.7616394
972100,0.0997767299413681,1783519159.9699736
972200,0.09944521635770798,1783519166.084265
972300,0.09909143298864365,1783519172.3536503
972400,0.09974317252635956,1783519178.5131397
972500,0.09993916749954224,1783519184.4954534
972600,0.10090529173612595,1783519190.4606957
972700,0.10192147642374039,1783519196.638709
972800,0.10150521993637085,1783519202.6098
972900,0.10072480142116547,1783519208.6472373
973000,0.10008683800697327,1783519214.876728
973100,0.09977254271507263,1783519220.9952536
973200,0.09956452250480652,1783519227.0492296
973300,0.09919300675392151,1783519233.0297985
973400,0.09953463822603226,1783519239.2638512
973500,0.09954909235239029,1783519245.3921387
973600,0.0992029458284378,1783519251.4862463
973700,0.09887241572141647,1783519257.7561436
973800,0.09851663559675217,1783519263.936022
973900,0.09801995754241943,1783519270.1603355
974000,0.09778173267841339,1783519276.5134785
974100,0.09774768352508545,1783519282.6531808
974200,0.09714534878730774,1783519288.7772028
974300,0.098070427775383,1783519294.9981892
974400,0.09939716756343842,1783519301.063741
974500,0.1005084291100502,1783519307.4938152
974600,0.09945282340049744,1783519313.6928675
974700,0.09867683798074722,1783519319.8452814
974800,0.09812892228364944,1783519325.9857488
974900,0.09794685989618301,1783519332.2221472
975000,0.09799700975418091,1783519338.478473
975100,0.09742657840251923,1783519497.3980968
975200,0.09689237922430038,1783519503.5850258
975300,0.09619934856891632,1783519509.811649
975400,0.09681075066328049,1783519516.2063158
975500,0.09704536199569702,1783519522.3990686
975600,0.09675481915473938,1783519528.4080875
975700,0.0954953134059906,1783519534.7345483
975800,0.09438598155975342,1783519540.9559064
975900,0.09454110264778137,1783519547.4513211
976000,0.09536199271678925,1783519553.7137182
976100,0.09629354625940323,1783519559.8954406
976200,0.0967610701918602,1783519566.140375
976300,0.09677482396364212,1783519572.306268
976400,0.096987284719944,1783519578.4478142
976500,0.09636285901069641,1783519584.817186
976600,0.09636377543210983,1783519591.4457297
976700,0.09676945209503174,1783519597.7330513
976800,0.09604470431804657,1783519603.8775678
976900,0.09498126059770584,1783519610.2067924
977000,0.09458190947771072,1783519616.5794022
977100,0.09464672207832336,1783519622.7463777
977200,0.09474664181470871,1783519628.8691342
977300,0.09481030702590942,1783519635.1721864
977400,0.09450013935565948,1783519641.3768506
977500,0.09518224000930786,1783519647.5234857
977600,0.09513414651155472,1783519653.9180167
977700,0.09407871961593628,1783519659.9434633
977800,0.0934872180223465,1783519666.1622677
977900,0.09267903119325638,1783519672.1891205
978000,0.09300559759140015,1783519678.141136
978100,0.09290479868650436,1783519684.2548802
978200,0.09269081056118011,1783519690.3779824
978300,0.0924215093255043,1783519696.7127676
978400,0.09216052293777466,1783519702.90911
978500,0.09133417904376984,1783519709.3458757
978600,0.09076116979122162,1783519715.6979
978700,0.08984707295894623,1783519721.875857
978800,0.08879502862691879,1783519728.3378255
978900,0.08834267407655716,1783519734.6477456
979000,0.08805334568023682,1783519741.116372
979100,0.08736040443181992,1783519747.7804177
979200,0.08711114525794983,1783519754.1613247
979300,0.08698435872793198,1783519760.7617643
979400,0.0866468995809555,1783519767.1704879
979500,0.08661853522062302,1783519773.5283515
979600,0.08674836903810501,1783519779.7071369
979700,0.08836401253938675,1783519785.8875554
979800,0.08977831900119781,1783519792.1538935
979900,0.08981513977050781,1783519798.3054159
980000,0.09016799926757812,1783519804.381838
980100,0.09100335091352463,1783519810.4937367
980200,0.09118998795747757,1783519816.973184
980300,0.09172816574573517,1783519823.075134
980400,0.0925411731004715,1783519829.4163976
980500,0.09382425993680954,1783519835.7461174
980600,0.09415191411972046,1783519842.1743689
980700,0.09445594251155853,1783519848.2665265
980800,0.09451816231012344,1783519854.4354808
980900,0.09516613930463791,1783519860.6811957
981000,0.09492755681276321,1783519866.8575401
981100,0.09436208754777908,1783519873.2353761
981200,0.09371840208768845,1783519879.318632
981300,0.09389401227235794,1783519885.5698333
981400,0.0950089767575264,1783519891.7719772
981500,0.09552908688783646,1783519897.903889
981600,0.09580112248659134,1783519903.9270594
981700,0.09668082743883133,1783519909.9613483
981800,0.09677328169345856,1783519916.2646377
981900,0.09644673019647598,1783519922.2329657
982000,0.09718829393386841,1783519928.4077444
982100,0.0979250967502594,1783519934.5563166
982200,0.09706086665391922,1783519940.6985204
982300,0.09649565815925598,1783519946.7319863
982400,0.09588342905044556,1783519952.8854837
982500,0.09583719074726105,1783519959.1105134
982600,0.09645219892263412,1783519965.3725204
982700,0.09689746797084808,1783519971.6370823
982800,0.09688024967908859,1783519977.831271
982900,0.09606698900461197,1783519984.0794587
983000,0.09566456079483032,1783519990.3370562
983100,0.09631111472845078,1783519996.3211455
983200,0.09575255215167999,1783520002.5194993
983300,0.09520896524190903,1783520008.6362476
983400,0.0948428139090538,1783520014.7778804
983500,0.09505201131105423,1783520020.894685
983600,0.09514510631561279,1783520026.8640702
983700,0.0937729999423027,1783520033.294864
983800,0.09289766848087311,1783520039.3273985
983900,0.09200655668973923,1783520045.553101
984000,0.09060847759246826,1783520051.6512456
984100,0.08982723951339722,1783520058.0483682
984200,0.08901309967041016,1783520064.457842
984300,0.08890549838542938,1783520070.6458387
984400,0.08923949301242828,1783520076.7427104
984500,0.08869226276874542,1783520083.0040326
984600,0.08832894265651703,1783520089.3756325
984700,0.08798054605722427,1783520095.525593
984800,0.08836834877729416,1783520101.7250454
984900,0.08914484083652496,1783520107.745328
985000,0.08812472969293594,1783520113.9627001
985100,0.08759701997041702,1783520120.223666
985200,0.08707558363676071,1783520126.4571385
985300,0.08712662756443024,1783520132.632568
985400,0.08690056204795837,1783520138.6587613
985500,0.08707885444164276,1783520144.8994946
985600,0.088204525411129,1783520151.163698
985700,0.08864651620388031,1783520157.587245
985800,0.08894205838441849,1783520164.0185025
985900,0.08892799913883209,1783520170.178093
986000,0.08886402100324631,1783520176.6244097
986100,0.08899775892496109,1783520183.1021461
986200,0.08941331505775452,1783520189.4637806
986300,0.08949858695268631,1783520196.0172813
986400,0.09134373813867569,1783520202.398679
986500,0.09200561046600342,1783520208.4692314
986600,0.09253567457199097,1783520214.4942765
986700,0.09322958439588547,1783520220.6553416
986800,0.09375838190317154,1783520226.860843
986900,0.09463509917259216,1783520232.9019341
987000,0.09493061155080795,1783520239.0309424
987100,0.09580594301223755,1783520245.2107043
987200,0.09641332924365997,1783520251.5480044
987300,0.09639967232942581,1783520257.7705362
987400,0.09724979102611542,1783520263.8038278
987500,0.09740161150693893,1783520270.1707952
987600,0.09760061651468277,1783520276.4945266
987700,0.09744274616241455,1783520282.8125756
987800,0.09716545045375824,1783520289.4486377
987900,0.09679272770881653,1783520295.6025062
988000,0.09637774527072906,1783520301.8830016
988100,0.09570863097906113,1783520308.2155313
988200,0.09488372504711151,1783520314.2732916
988300,0.09478837996721268,1783520320.4501474
988400,0.09566125273704529,1783520326.5121078
988500,0.09500707685947418,1783520332.472545
988600,0.09436086565256119,1783520338.5196154
988700,0.0941128209233284,1783520344.5977163
988800,0.09368475526571274,1783520350.6320057
988900,0.09300264716148376,1783520356.748587
989000,0.0931212455034256,1783520362.9658022
989100,0.09460099041461945,1783520369.2131817
989200,0.09525179862976074,1783520375.295649
989300,0.09531370550394058,1783520381.3971415
989400,0.09579182416200638,1783520387.7986186
989500,0.09615252912044525,1783520393.863424
989600,0.09605292230844498,1783520400.0621786
989700,0.09628096222877502,1783520406.2004297
989800,0.09581279009580612,1783520412.1599326
989900,0.09459243714809418,1783520418.3526561
990000,0.09359931200742722,1783520424.2578907
990100,0.0928039401769638,1783520430.314557
990200,0.09253980219364166,1783520436.6355748
990300,0.09282921254634857,1783520442.903135
990400,0.09252583235502243,1783520448.9450867
990500,0.09221535921096802,1783520455.1302562
990600,0.0921812653541565,1783520461.1253932
990700,0.09184470027685165,1783520467.1947634
990800,0.09132146090269089,1783520473.2700043
990900,0.0904654785990715,1783520479.4885955
991000,0.08985191583633423,1783520485.5032167
991100,0.08933553844690323,1783520491.7448492
991200,0.08878111839294434,1783520497.9289854
991300,0.08881442248821259,1783520504.1131907
991400,0.0894804447889328,1783520510.0751488
991500,0.08934473991394043,1783520516.4470363
991600,0.0899595245718956,1783520522.458567
991700,0.08952207863330841,1783520528.720373
991800,0.08885674178600311,1783520535.0122967
991900,0.08903054893016815,1783520541.0867627
992000,0.09093679487705231,1783520547.2319121
992100,0.09123515337705612,1783520553.5039716
992200,0.09317856281995773,1783520559.6452672
992300,0.0942360907793045,1783520565.820346
992400,0.09515871107578278,1783520571.928569
992500,0.09492461383342743,1783520577.9703875
992600,0.09423449635505676,1783520584.3176615
992700,0.09345125406980515,1783520590.5610178
992800,0.0936342254281044,1783520596.6468217
992900,0.0952892154455185,1783520602.9291642
993000,0.09604060649871826,1783520609.1804519
993100,0.09650757163763046,1783520615.4621022
993200,0.09639884531497955,1783520621.5524747
993300,0.09675908833742142,1783520627.701107
993400,0.09709727764129639,1783520634.145932
993500,0.09734858572483063,1783520640.4122791
993600,0.09686942398548126,1783520646.470612
993700,0.09642355889081955,1783520652.6966665
993800,0.09519847482442856,1783520659.0106702
993900,0.09442856162786484,1783520665.7477186
994000,0.09359195083379745,1783520671.9421015
994100,0.09282729029655457,1783520678.3754933
994200,0.0921396017074585,1783520684.6988182
994300,0.09161737561225891,1783520690.9761736
994400,0.09312623739242554,1783520697.5170572
994500,0.09354235976934433,1783520703.832769
994600,0.09309206902980804,1783520710.0984192
994700,0.09375214576721191,1783520716.3607688
994800,0.09501399099826813,1783520722.7940094
994900,0.09519527852535248,1783520729.0997534
995000,0.09472630172967911,1783520735.313451
995100,0.09407289326190948,1783520741.669458
995200,0.09358561784029007,1783520747.8193214
995300,0.09360132366418839,1783520754.1743612
995400,0.09374076873064041,1783520760.3337388
995500,0.09528348594903946,1783520766.5764124
995600,0.09666135162115097,1783520772.7803822
995700,0.09736426174640656,1783520778.969751
995800,0.09705372154712677,1783520785.2699099
995900,0.09757139533758163,1783520791.3893209
996000,0.09853537380695343,1783520797.7744353
996100,0.09917859733104706,1783520803.8390517
996200,0.09882266074419022,1783520810.1199257
996300,0.09829109162092209,1783520816.496144
996400,0.0977552980184555,1783520823.01294
996500,0.0977686271071434,1783520829.2915676
996600,0.09825695306062698,1783520835.4581678
996700,0.09978265315294266,1783520841.5274472
996800,0.10104218125343323,1783520847.7525623
996900,0.10164151340723038,1783520854.015262
997000,0.10163877159357071,1783520860.2747598
997100,0.10179613530635834,1783520866.5687795
997200,0.10141834616661072,1783520872.8086631
997300,0.10056348890066147,1783520878.9161863
997400,0.09954467415809631,1783520885.1198888
997500,0.09919246286153793,1783520891.3735137
997600,0.09834963083267212,1783520897.5399761
997700,0.09771771728992462,1783520903.881198
997800,0.09784906357526779,1783520910.017785
997900,0.09853372722864151,1783520916.3275034
998000,0.0980149358510971,1783520922.4605746
998100,0.09779057651758194,1783520928.8341303
998200,0.09762920439243317,1783520934.874665
998300,0.09693080931901932,1783520940.9571142
998400,0.09659416973590851,1783520947.060218
998500,0.09623931348323822,1783520953.2482266
998600,0.09595006704330444,1783520959.406677
998700,0.097782202064991,1783520965.5765154
998800,0.09978831559419632,1783520972.0431454
998900,0.10077375173568726,1783520978.1085591
999000,0.10123740136623383,1783520984.4894252
999100,0.10270087420940399,1783520990.3681817
999200,0.10366427153348923,1783520996.5111125
999300,0.10455566644668579,1783521002.6459007
999400,0.105583555996418,1783521008.7535074
999500,0.10600104182958603,1783521014.8720236
999600,0.1064889132976532,1783521021.2005184
999700,0.10654114931821823,1783521027.326905
999800,0.10678184777498245,1783521033.5083773
999900,0.10669812560081482,1783521039.5300796
1000000,0.10667692869901657,1783524481.727677
1000100,0.10860486328601837,1783524644.2804961
1000200,0.1104176715016365,1783524650.6207385
1000300,0.11093743145465851,1783524656.755445
1000400,0.11065077781677246,1783524662.960173
1000500,0.11073970794677734,1783524669.2776458
1000600,0.11194930225610733,1783524675.9056728
1000700,0.11346888542175293,1783524682.1104014
1000800,0.11396286636590958,1783524688.2524457
1000900,0.11463631689548492,1783524694.6419756
1001000,0.11521457880735397,1783524700.8941925
1001100,0.11611539125442505,1783524707.2057667
1001200,0.1163446232676506,1783524713.4446583
1001300,0.11711027473211288,1783524719.9605258
1001400,0.11765354126691818,1783524726.1442482
1001500,0.1181495413184166,1783524732.1462913
1001600,0.11785351485013962,1783524738.3796415
1001700,0.11760900914669037,1783524744.7739625
1001800,0.11799614876508713,1783524750.8124042
1001900,0.11861903220415115,1783524757.0198603
1002000,0.11870721727609634,1783524763.2266634
1002100,0.11765861511230469,1783524769.7341783
1002200,0.11705497652292252,1783524776.1302178
1002300,0.11636956036090851,1783524782.5401988
1002400,0.11668477207422256,1783524788.9139023
1002500,0.11753889173269272,1783524795.1094036
1002600,0.11620353907346725,1783524801.3538423
1002700,0.11572075635194778,1783524807.652212
1002800,0.1149601861834526,1783524813.909496
1002900,0.11480382084846497,1783524820.267807
1003000,0.11353613436222076,1783524826.4574761
1003100,0.11344588547945023,1783524833.1973765
1003200,0.11410010606050491,1783524839.4892068
1003300,0.11310967803001404,1783524845.8097477
1003400,0.1120527982711792,1783524851.9767926
1003500,0.11099977046251297,1783524858.3766246
1003600,0.11012385040521622,1783524864.7182813
1003700,0.10991666465997696,1783524871.463107
1003800,0.1109859049320221,1783524877.9673998
1003900,0.11238075792789459,1783524884.3312511
1004000,0.11239080876111984,1783524890.4389653
1004100,0.11193910986185074,1783524896.8205526
1004200,0.11133526265621185,1783524903.136909
1004300,0.11191372573375702,1783524909.498833
1004400,0.11144797503948212,1783524915.9138129
1004500,0.11134842783212662,1783524922.2292385
1004600,0.11053604632616043,1783524928.5999544
1004700,0.10901553183794022,1783524934.7920587
1004800,0.1094483882188797,1783524941.199455
1004900,0.11011059582233429,1783524947.360801
1005000,0.11117114871740341,1783524953.5588875
1005100,0.11212240904569626,1783524959.7529345
1005200,0.11107026785612106,1783524966.0531595
1005300,0.11053657531738281,1783524972.2200634
1005400,0.10992098599672318,1783524978.4148254
1005500,0.10943865776062012,1783524984.653905
1005600,0.10851245373487473,1783524990.8928435
1005700,0.10744486004114151,1783524996.9997833
1005800,0.10651259869337082,1783525003.3522615
1005900,0.10662037879228592,1783525009.5097022
1006000,0.10582718998193741,1783525015.7542996
1006100,0.10520585626363754,1783525021.9558241
1006200,0.10534907132387161,1783525028.3559425
1006300,0.10504703223705292,1783525034.514915
1006400,0.10350369662046432,1783525041.00175
1006500,0.10230037569999695,1783525047.2492602
1006600,0.10241074860095978,1783525053.2421885
1006700,0.10340513288974762,1783525059.4593992
1006800,0.1028158888220787,1783525065.759897
1006900,0.10378745198249817,1783525072.3645065
1007000,0.10324769467115402,1783525078.6774619
1007100,0.10320419818162918,1783525084.863224
1007200,0.10269810259342194,1783525091.1869936
1007300,0.1025390699505806,1783525097.4338973
1007400,0.10287947207689285,1783525103.7427542
1007500,0.10365776717662811,1783525110.0098
1007600,0.10336751490831375,1783525116.3359919
1007700,0.10235241055488586,1783525122.4698403
1007800,0.10142470896244049,1783525128.7437446
1007900,0.10061994194984436,1783525135.1218054
1008000,0.09986647963523865,1783525141.4845119
1008100,0.09883704036474228,1783525147.8267748
1008200,0.09836677461862564,1783525154.1973166
1008300,0.09813666343688965,1783525160.519143
1008400,0.0989840030670166,1783525166.9432585
1008500,0.10030989348888397,1783525173.3086202
1008600,0.10080790519714355,1783525179.5331411
1008700,0.10088746249675751,1783525185.9707866
1008800,0.10027194768190384,1783525192.2650476
1008900,0.10000872611999512,1783525198.753404
1009000,0.09953079372644424,1783525205.113615
1009100,0.09941878169775009,1783525211.4672072
1009200,0.10064596682786942,1783525218.127654
1009300,0.10096798092126846,1783525224.57675
1009400,0.10094773769378662,1783525230.8027358
1009500,0.10063723474740982,1783525237.2091389
1009600,0.10132129490375519,1783525243.4735825
1009700,0.10237347334623337,1783525249.9960554
1009800,0.10109636932611465,1783525256.2282536
1009900,0.10091633349657059,1783525262.5601423
1010000,0.10014142841100693,1783525268.6792908
1010100,0.1010461300611496,1783525274.7026985
1010200,0.10088397562503815,1783525280.894226
1010300,0.10037494450807571,1783525286.91183
1010400,0.10056038945913315,1783525293.182585
1010500,0.10031045228242874,1783525299.3831267
1010600,0.09932868182659149,1783525305.7490482
1010700,0.09889516234397888,1783525311.8682923
1010800,0.09908753633499146,1783525318.0858684
1010900,0.09889592230319977,1783525324.2122319
1011000,0.09790882468223572,1783525330.5442884
1011100,0.09787556529045105,1783525336.8017495
1011200,0.0980166643857956,1783525342.921518
1011300,0.09730007499456406,1783525349.029692
1011400,0.09632580727338791,1783525355.5274146
1011500,0.09540503472089767,1783525361.8909276
1011600,0.09447406977415085,1783525368.2060385
1011700,0.09401634335517883,1783525374.3317783
1011800,0.09473806619644165,1783525380.6733189
1011900,0.09474291652441025,1783525386.6130092
1012000,0.09473910927772522,1783525392.8472004
1012100,0.09482438862323761,1783525398.996841
1012200,0.09360051900148392,1783525405.058901
1012300,0.09305976331233978,1783525411.032478
1012400,0.09219511598348618,1783525417.4804769
1012500,0.09157175570726395,1783525423.4190397
1012600,0.09109191596508026,1783525429.7589366
1012700,0.09039553254842758,1783525435.7721794
1012800,0.09109265357255936,1783525441.674086
1012900,0.09097064286470413,1783525447.6958213
1013000,0.09158451110124588,1783525453.8615909
1013100,0.09226667881011963,1783525460.03081
1013200,0.09190145134925842,1783525466.0032487
1013300,0.09131869673728943,1783525471.8304257
1013400,0.09102679044008255,1783525477.9227273
1013500,0.09050092101097107,1783525484.1279554
1013600,0.09017111361026764,1783525490.0483325
1013700,0.0902479812502861,1783525496.3157473
1013800,0.09106127917766571,1783525502.579191
1013900,0.09019487351179123,1783525508.7216532
1014000,0.08932109922170639,1783525515.1334145
1014100,0.0884060263633728,1783525521.431245
1014200,0.08757849782705307,1783525527.8766453
1014300,0.08671276271343231,1783525534.4509962
1014400,0.08625917136669159,1783525540.2517805
1014500,0.08688346296548843,1783525546.5577047
1014600,0.08615036308765411,1783525552.6874945
1014700,0.08544842898845673,1783525558.688024
1014800,0.08508037775754929,1783525565.1277754
1014900,0.08504055440425873,1783525571.075785
1015000,0.08503811806440353,1783525577.571392
1015100,0.08419167995452881,1783525584.0471
1015200,0.08343663066625595,1783525590.1310296
1015300,0.08373168855905533,1783525596.4542198
1015400,0.0836653858423233,1783525602.2650335
1015500,0.08316293358802795,1783525608.852292
1015600,0.08330178260803223,1783525614.8110886
1015700,0.08397827297449112,1783525620.9900281
1015800,0.08494972437620163,1783525627.0465434
1015900,0.08508750051259995,1783525633.2007198
1016000,0.08490799367427826,1783525639.472248
1016100,0.08455178886651993,1783525645.413408
1016200,0.08445838838815689,1783525651.511203
1016300,0.08515014499425888,1783525657.5323787
1016400,0.08501458168029785,1783525663.6549528
1016500,0.08609596639871597,1783525669.9211807
1016600,0.08699049800634384,1783525676.4993598
1016700,0.08770038187503815,1783525682.3932514
1016800,0.08923599869012833,1783525688.5776958
1016900,0.09075813740491867,1783525694.5865507
1017000,0.09166992455720901,1783525700.968509
1017100,0.09274490177631378,1783525707.2766366
1017200,0.09314946085214615,1783525713.4746656
1017300,0.09431788325309753,1783525719.7919624
1017400,0.094709113240242,1783525725.9884298
1017500,0.09447993338108063,1783525732.282382
1017600,0.09425310045480728,1783525738.6010332
1017700,0.09421052038669586,1783525744.8256588
1017800,0.09402618557214737,1783525751.31467
1017900,0.09389815479516983,1783525757.6832397
1018000,0.09328500926494598,1783525763.8396752
1018100,0.09333962947130203,1783525769.873638
1018200,0.09379279613494873,1783525776.3456435
1018300,0.094841867685318,1783525782.5309157
1018400,0.09590870887041092,1783525788.6899126
1018500,0.096478171646595,1783525794.780562
1018600,0.09692687541246414,1783525800.9011192
1018700,0.09640410542488098,1783525807.1132612
1018800,0.0957813411951065,1783525813.4764016
1018900,0.0959303230047226,1783525819.8143024
1019000,0.09633783996105194,1783525825.8776078
1019100,0.09736599773168564,1783525832.2311966
1019200,0.09834571182727814,1783525838.5292213
1019300,0.0998697578907013,1783525844.605767
1019400,0.10104484856128693,1783526666.424013
1019500,0.10179412364959717,1783526672.5483425
1019600,0.10251692682504654,1783526678.9159296
1019700,0.10252015292644501,1783526685.3479774
1019800,0.1024288460612297,1783526692.0003247
1019900,0.10170972347259521,1783526698.610607
1020000,0.10085894167423248,1783526704.9442334
1020100,0.09967667609453201,1783526711.405212
1020200,0.0990932285785675,1783526717.8016763
1020300,0.09979532659053802,1783526724.0474584
1020400,0.10007674992084503,1783526730.1251655
1020500,0.10026589781045914,1783526736.318871
1020600,0.09919404983520508,1783526742.5147333
1020700,0.09906294196844101,1783526748.6651094
1020800,0.09977924823760986,1783526754.7579854
1020900,0.10154949128627777,1783526761.018837
1021000,0.10258942097425461,1783526767.0121803
1021100,0.10287711769342422,1783526773.2857907
1021200,0.10369205474853516,1783526779.412103
1021300,0.10446452349424362,1783526785.5882196
1021400,0.1044202670454979,1783526791.78011
1021500,0.10460039973258972,1783526798.364401
1021600,0.10495629906654358,1783526804.804213
1021700,0.10450918227434158,1783526811.0015316
1021800,0.10379431396722794,1783526817.2670152
1021900,0.10324905067682266,1783526823.2837029
1022000,0.10341433435678482,1783526829.647847
1022100,0.10416634380817413,1783526836.1070845
1022200,0.10501434653997421,1783526842.2261343
1022300,0.10565952956676483,1783526848.3070223
1022400,0.10448870062828064,1783526854.305569
1022500,0.10302530229091644,1783526860.3071585
1022600,0.10163390636444092,1783526866.5104082
1022700,0.10037609189748764,1783526872.445192
1022800,0.09969448298215866,1783526878.5148075
1022900,0.10031664371490479,1783526884.6271043
1023000,0.10055182874202728,1783526890.729113
1023100,0.10045677423477173,1783526896.9771109
1023200,0.09985268861055374,1783526903.121285
1023300,0.09930887818336487,1783526909.429806
1023400,0.09913614392280579,1783526915.7311995
1023500,0.09844473749399185,1783526921.987547
1023600,0.09769341349601746,1783526928.2407138
1023700,0.09781141579151154,1783526934.5301816
1023800,0.09798117727041245,1783526940.860408
1023900,0.09794653952121735,1783526947.113212
1024000,0.09745460003614426,1783526953.31738
1024100,0.09676685929298401,1783526959.4973097
1024200,0.09619323164224625,1783526965.6882012
1024300,0.09518932551145554,1783526971.6677892
1024400,0.09408816695213318,1783526977.9739325
1024500,0.09322851151227951,1783526983.9646554
1024600,0.09250002354383469,1783526990.20129
1024700,0.09176059067249298,1783526996.193025
1024800,0.09119574725627899,1783527002.2665396
1024900,0.09072943031787872,1783527008.397011
1025000,0.09137168526649475,1783527014.4452002
1025100,0.09238120913505554,1783527168.326474
1025200,0.0918944850564003,1783527174.3798432
1025300,0.09221410751342773,1783527180.438935
1025400,0.09128976613283157,1783527186.6696231
1025500,0.09143950790166855,1783527192.616605
1025600,0.09195321798324585,1783527198.9911003
1025700,0.09233609586954117,1783527205.3327048
1025800,0.092981718480587,1783527211.3037853
1025900,0.09271355718374252,1783527217.5569508
1026000,0.09237178415060043,1783527223.8790572
1026100,0.09357735514640808,1783527230.1098373
1026200,0.0947403684258461,1783527236.252979
1026300,0.09554771333932877,1783527242.4622014
1026400,0.09515295177698135,1783527248.474436
1026500,0.0944276675581932,1783527254.6937683
1026600,0.09352101385593414,1783527260.8179638
1026700,0.09333426505327225,1783527267.2164347
1026800,0.09365630894899368,1783527273.6548576
1026900,0.09471435099840164,1783527279.6117368
1027000,0.09505359828472137,1783527285.8978984
1027100,0.09571986645460129,1783527292.1432974
1027200,0.09609866887331009,1783527298.4921567
1027300,0.09683497250080109,1783527304.7692695
1027400,0.09766170382499695,1783527310.8051524
1027500,0.09947556257247925,1783527317.0338676
1027600,0.10035381466150284,1783527323.2069166
1027700,0.10080773383378983,1783527329.6281464
1027800,0.10134126991033554,1783527335.8002188
1027900,0.10152598470449448,1783527342.2023435
1028000,0.10146688669919968,1783527348.658824
1028100,0.10247775167226791,1783527354.994483
1028200,0.10278663039207458,1783527361.393863
1028300,0.10217242687940598,1783527367.5155416
1028400,0.10110276192426682,1783527373.6867876
1028500,0.09984412789344788,1783527379.9694126
1028600,0.09916988015174866,1783527386.1499004
1028700,0.09861114621162415,1783527392.3910832
1028800,0.09783035516738892,1783527398.6858513
1028900,0.09738580137491226,1783527404.9888077
1029000,0.09627750515937805,1783527411.088664
1029100,0.09554343670606613,1783527417.5282667
1029200,0.09622825682163239,1783527423.8201725
1029300,0.09699451923370361,1783527429.933248
1029400,0.09638464450836182,1783527435.9237673
1029500,0.0955355316400528,1783527442.2951217
1029600,0.09466820955276489,1783527448.6577332
1029700,0.09390627592802048,1783527454.826286
1029800,0.09316236525774002,1783527460.8995504
1029900,0.092182956635952,1783527467.4066074
1030000,0.0910172238945961,1783527473.595033
1030100,0.09054642170667648,1783527479.8362024
1030200,0.08966045081615448,1783527486.0067995
1030300,0.0897054374217987,1783527492.3711367
1030400,0.08908447623252869,1783527498.438748
1030500,0.08806644380092621,1783527504.6582372
1030600,0.08734699338674545,1783527510.7086792
1030700,0.08616507053375244,1783527516.974097
1030800,0.08586825430393219,1783527523.4067879
1030900,0.08531613647937775,1783527529.7981358
1031000,0.08439021557569504,1783527536.1510065
1031100,0.08413585275411606,1783527542.4616077
1031200,0.08348681777715683,1783527548.6227765
1031300,0.08362628519535065,1783527554.908359
1031400,0.08467180281877518,1783527561.1482277
1031500,0.08384764939546585,1783527567.510127
1031600,0.0835684984922409,1783527573.9788458
1031700,0.08328518271446228,1783527580.3027592
1031800,0.08362501114606857,1783527586.6034417
1031900,0.08324964344501495,1783527592.930644
1032000,0.08265305310487747,1783527599.0850544
1032100,0.08196952939033508,1783527605.2104769
1032200,0.08117126673460007,1783527611.5720894
1032300,0.08096769452095032,1783527617.7951758
1032400,0.0805426612496376,1783527624.0382648
1032500,0.0796370878815651,1783527630.2333238
1032600,0.07880166918039322,1783527636.7266269
1032700,0.07795906066894531,1783527643.1409912
1032800,0.07820411026477814,1783527649.5808747
1032900,0.07862059772014618,1783527655.870302
1033000,0.07815129309892654,1783527662.0363772
1033100,0.0776958018541336,1783527668.2737718
1033200,0.07750673592090607,1783527674.6007936
1033300,0.07697135210037231,1783527680.8064566
1033400,0.07649344950914383,1783527687.1501274
1033500,0.0758582204580307,1783527693.1330216
1033600,0.07546801120042801,1783527699.0918515
1033700,0.07578391581773758,1783527705.1953812
1033800,0.07571820169687271,1783527711.4742637
1033900,0.07604515552520752,1783527717.6271734
1034000,0.07643381506204605,1783527723.898686
1034100,0.07725007832050323,1783527729.972469
1034200,0.07721225917339325,1783527736.3614821
1034300,0.07672038674354553,1783527742.7278748
1034400,0.07630794495344162,1783527749.047499
1034500,0.07662806659936905,1783527755.3525684
1034600,0.07781286537647247,1783527761.6172066
1034700,0.07941737025976181,1783527768.0524254
1034800,0.08013887703418732,1783527774.1847234
1034900,0.08076126873493195,1783527780.227548
1035000,0.0820096880197525,1783527786.308035
1035100,0.08271012455224991,1783527792.5908053
1035200,0.08349770307540894,1783527798.8376663
1035300,0.08457709103822708,1783527805.1360612
1035400,0.08538703620433807,1783527811.5405488
1035500,0.08549130707979202,1783527817.5426474
1035600,0.0851704329252243,1783527823.7438667
1035700,0.08487670868635178,1783527830.0704536
1035800,0.08474306762218475,1783527836.1998177
1035900,0.0854274109005928,1783527842.4216058
1036000,0.08644184470176697,1783527848.6940877
1036100,0.08644938468933105,1783527854.91283
1036200,0.08662866055965424,1783527861.0852778
1036300,0.0876237154006958,1783527867.1032338
1036400,0.08799874037504196,1783527873.3298087
1036500,0.08743341267108917,1783527879.552343
1036600,0.08747876435518265,1783527885.702227
1036700,0.08723847568035126,1783527892.0868185
1036800,0.08737763017416,1783527898.1882832
1036900,0.08720690757036209,1783527904.4163985
1037000,0.08733969926834106,1783527910.6339474
1037100,0.08712396770715714,1783527916.8009202
1037200,0.08646470308303833,1783527922.9013972
1037300,0.0855506882071495,1783527929.0136185
1037400,0.08484908193349838,1783527935.3056066
1037500,0.08401882648468018,1783527941.6772516
1037600,0.08341936767101288,1783527947.9049613
1037700,0.08285772055387497,1783527954.1543596
1037800,0.0831083282828331,1783527960.405604
1037900,0.08410424739122391,1783527966.6025398
1038000,0.08353133499622345,1783527973.061017
1038100,0.08328533917665482,1783527979.5172071
1038200,0.08307486772537231,1783527985.9004571
1038300,0.08314833045005798,1783527992.3000607
1038400,0.0830850675702095,1783527998.3558266
1038500,0.08365615457296371,1783528004.508777
1038600,0.08440248668193817,1783528010.8097138
1038700,0.0835893526673317,1783528017.0252614
1038800,0.08283545821905136,1783528023.358558
1038900,0.0825677365064621,1783528029.4208765
1039000,0.08186229318380356,1783528035.572754
1039100,0.08101139217615128,1783528041.5994503
1039200,0.08116228133440018,1783528047.7007854
1039300,0.08028214424848557,1783528053.8448894
1039400,0.0792912021279335,1783528060.3307972
1039500,0.07870274037122726,1783528066.658772
1039600,0.07861780375242233,1783528072.7278714
1039700,0.07790824770927429,1783528078.811638
1039800,0.07728569209575653,1783528084.918904
1039900,0.077789805829525,1783528091.2085235
1040000,0.07878047972917557,1783528097.2670612
1040100,0.08037108927965164,1783528103.4140127
1040200,0.08132354170084,1783528109.60422
1040300,0.081143319606781,1783528115.9880495
1040400,0.08068452030420303,1783528122.2590437
1040500,0.08013512939214706,1783528128.5525935
1040600,0.08006787300109863,1783528134.945601
1040700,0.08094472438097,1783528141.0090597
1040800,0.08151975274085999,1783528147.144851
1040900,0.08228451013565063,1783528153.230787
1041000,0.08323787897825241,1783528159.5702713
1041100,0.0837504118680954,1783528165.7183437
1041200,0.08292809128761292,1783528172.0616007
1041300,0.0820544883608818,1783528178.3059838
1041400,0.08161010593175888,1783528184.5938952
1041500,0.08138952404260635,1783528190.692276
1041600,0.08040551096200943,1783528196.7558036
1041700,0.07955998182296753,1783528203.0721614
1041800,0.07882051914930344,1783528209.350283
1041900,0.07950533181428909,1783528215.3081262
1042000,0.08011014014482498,1783528222.009126
1042100,0.080223947763443,1783528228.4846299
1042200,0.07994651049375534,1783528234.6476219
1042300,0.08011212944984436,1783528240.6709535
1042400,0.07993101328611374,1783528246.8919418
1042500,0.0799005851149559,1783528253.116398
1042600,0.07961878925561905,1783528259.4118407
1042700,0.07915401458740234,1783528265.6484938
1042800,0.0788910910487175,1783528271.9266021
1042900,0.0799628496170044,1783528278.1215258
1043000,0.08139842748641968,1783528284.4498324
1043100,0.08191975206136703,1783528290.741457
1043200,0.08243392407894135,1783528297.0669572
1043300,0.08286496996879578,1783528303.369743
1043400,0.08258189260959625,1783528309.6130555
1043500,0.08255822211503983,1783528315.7566905
1043600,0.08220003545284271,1783528322.0551941
1043700,0.08272431790828705,1783528328.3569398
1043800,0.08232157677412033,1783528334.4333453
1043900,0.08166558295488358,1783528340.610186
1044000,0.08087630569934845,1783528346.9876676
1044100,0.0802757516503334,1783528353.0165644
1044200,0.07976619154214859,1783528359.526652
1044300,0.07953149825334549,1783528365.6973038
1044400,0.07903393357992172,1783528372.0296319
1044500,0.07858438789844513,1783528378.3074424
1044600,0.07859265059232712,1783528384.5589104
1044700,0.07799691706895828,1783528390.9792476
1044800,0.07688424736261368,1783528397.051212
1044900,0.07612583041191101,1783528403.2377875
1045000,0.07559683173894882,1783528409.479249
1045100,0.07552366703748703,1783528415.6661186
1045200,0.07533393800258636,1783528421.9878893
1045300,0.07465774565935135,1783528427.9877627
1045400,0.07445824891328812,1783528434.0066824
1045500,0.07422299683094025,1783528440.0935922
1045600,0.07365015894174576,1783528446.2904565
1045700,0.0735766738653183,1783528452.5908093
1045800,0.07349434494972229,1783528458.8601546
1045900,0.07337868213653564,1783528465.3234808
1046000,0.07322417199611664,1783528471.5007489
1046100,0.07281046360731125,1783528477.5233178
1046200,0.07261592894792557,1783528483.9914849
1046300,0.07246223092079163,1783528490.0338125
1046400,0.07287778705358505,1783528496.2481296
1046500,0.07311130315065384,1783528502.410259
1046600,0.07279346883296967,1783528508.7389317
1046700,0.07281368225812912,1783528514.877097
1046800,0.07269156724214554,1783528521.3144584
1046900,0.07201676815748215,1783528527.5517266
1047000,0.07149170339107513,1783528533.6187384
1047100,0.07133699953556061,1783528539.8634517
1047200,0.07142338901758194,1783528546.0298297
1047300,0.071939617395401,1783528552.4345217
1047400,0.07215605676174164,1783528558.4382505
1047500,0.07255378365516663,1783528564.732733
1047600,0.07264000922441483,1783528571.1107502
1047700,0.07294107973575592,1783528577.3482902
1047800,0.07363016158342361,1783528583.52131
1047900,0.0741969496011734,1783528589.6692128
1048000,0.07466623932123184,1783528595.995528
1048100,0.0753173828125,1783528602.3012853
1048200,0.07549064606428146,1783528608.5348516
1048300,0.07611804455518723,1783528614.9760818
1048400,0.07705903053283691,1783528621.1394343
1048500,0.0776454508304596,1783528627.2267587
1048600,0.07781043648719788,1783528633.5121684
1048700,0.07787414640188217,1783528639.5404744
1048800,0.07813478261232376,1783528645.6364977
1048900,0.07845744490623474,1783528651.6869931
1049000,0.0783749595284462,1783528657.856405
1049100,0.07870088517665863,1783528663.9319766
1049200,0.07865869253873825,1783528669.9721005
1049300,0.07888315618038177,1783528676.1100419
1049400,0.0794878602027893,1783528682.2093227
1049500,0.08026325702667236,1783528688.7575457
1049600,0.08090882003307343,1783528694.7631695
1049700,0.08165308088064194,1783528700.9984243
1049800,0.08236317336559296,1783528707.3012445
1049900,0.08329121768474579,1783528713.5388892
1050000,0.08333438634872437,1783603952.4930198
1050100,0.08349663019180298,1783604104.1900022
1050200,0.08356836438179016,1783604110.1610217
1050300,0.08413728326559067,1783604116.401506
1050400,0.0841972827911377,1783604122.4515636
1050500,0.08395939320325851,1783604128.2711568
1050600,0.08381561189889908,1783604134.249819
1050700,0.08288530260324478,1783604140.3900216
1050800,0.08207295835018158,1783604146.5874617
1050900,0.08129666745662689,1783604152.7725775
1051000,0.08137685805559158,1783604158.8959162
1051100,0.08107750862836838,1783604165.2123487
1051200,0.08093847334384918,1783604171.5979679
1051300,0.08140097558498383,1783604177.7811897
1051400,0.08181194961071014,1783604183.7591286
1051500,0.0818430706858635,1783604190.0657206
1051600,0.08241736888885498,1783604196.241486
1051700,0.08259092271327972,1783604202.4503925
1051800,0.08282165229320526,1783604208.5289803
1051900,0.08294323831796646,1783604214.5168202
1052000,0.0824824646115303,1783604220.4350712
1052100,0.08193670958280563,1783604226.552358
1052200,0.0819154754281044,1783604232.66554
1052300,0.08182213455438614,1783604238.900361
1052400,0.08170048147439957,1783604244.917596
1052500,0.08134135603904724,1783604251.3550963
1052600,0.08053303509950638,1783604257.4451876
1052700,0.07974759489297867,1783604263.415929
1052800,0.07972235232591629,1783604269.323576
1052900,0.07963933050632477,1783604275.266323
1053000,0.07900258153676987,1783604281.344816
1053100,0.07874855399131775,1783604287.2533305
1053200,0.07865085452795029,1783604293.1391926
1053300,0.07827960699796677,1783604299.1680446
1053400,0.0779566839337349,1783604305.2697911
1053500,0.07780420035123825,1783604311.4074688
1053600,0.07700853794813156,1783604317.4596515
1053700,0.07644273340702057,1783604323.642857
1053800,0.07609659433364868,1783604329.8744342
1053900,0.07542084902524948,1783604335.889865
1054000,0.07502442598342896,1783604341.941653
1054100,0.07487766444683075,1783604348.1684213
1054200,0.07453291118144989,1783604354.5324101
1054300,0.07405740022659302,1783604360.6109629
1054400,0.07374542951583862,1783604366.8335035
1054500,0.07356629520654678,1783604372.902688
1054600,0.07287216186523438,1783604379.1788552
1054700,0.07300889492034912,1783604385.4603558
1054800,0.07346324622631073,1783604391.45334
1054900,0.07365229725837708,1783604397.491798
1055000,0.07380210608243942,1783604403.5576982
1055100,0.07389448583126068,1783604409.7949057
1055200,0.07375743985176086,1783604416.0425587
1055300,0.07302016019821167,1783604422.2402956
1055400,0.07255532592535019,1783604428.4508884
1055500,0.07250873744487762,1783604434.5401406
1055600,0.07253594696521759,1783604440.69837
1055700,0.07292668521404266,1783604446.95933
1055800,0.0729776993393898,1783604453.1892388
1055900,0.07223822921514511,1783604459.4122024
1056000,0.07134923338890076,1783604465.54166
1056100,0.0709083154797554,1783604471.6641753
1056200,0.07059356570243835,1783604477.8617504
1056300,0.07031957805156708,1783604484.338964
1056400,0.07030750811100006,1783604490.5164864
1056500,0.07076077908277512,1783604496.7756562
1056600,0.07061611115932465,1783604502.8038387
1056700,0.06981499493122101,1783604508.7971444
1056800,0.06947078555822372,1783604514.7058542
1056900,0.07041223347187042,1783604520.925716
1057000,0.07175979763269424,1783604527.0925574
1057100,0.07248836010694504,1783604533.542388
1057200,0.0725923553109169,1783604539.8495157
1057300,0.07285602390766144,1783604546.034545
1057400,0.07327457517385483,1783604552.218141
1057500,0.07402387261390686,1783604558.4596727
1057600,0.07458561658859253,1783604564.644122
1057700,0.07503355294466019,1783604570.892459
1057800,0.07541700452566147,1783604577.006551
1057900,0.07567555457353592,1783604583.2117634
1058000,0.07647207379341125,1783604589.4121292
1058100,0.07652633637189865,1783604595.7391014
1058200,0.07637947797775269,1783604601.9584324
1058300,0.07638125866651535,1783604607.9648204
1058400,0.0766768604516983,1783604614.009152
1058500,0.07603368163108826,1783604619.9453886
1058600,0.07513511180877686,1783604626.056879
1058700,0.07451093196868896,1783604632.172158
1058800,0.0743258148431778,1783604638.1976092
1058900,0.07407394796609879,1783604644.4040112
1059000,0.07423281669616699,1783604650.594592
1059100,0.07411457598209381,1783604656.685093
1059200,0.07368755340576172,1783604662.7254755
1059300,0.0733560249209404,1783604669.147953
1059400,0.0732114315032959,1783604675.1985466
1059500,0.07390297949314117,1783604681.2056427
1059600,0.07414006441831589,1783604687.385465
1059700,0.0744599997997284,1783604693.484785
1059800,0.07497475296258926,1783604699.7069786
1059900,0.07512763142585754,1783604705.8225272
1060000,0.07526907324790955,1783604712.0705118
1060100,0.07526672631502151,1783604718.196002
1060200,0.07551498711109161,1783604724.4697583
1060300,0.07621657848358154,1783604730.7256804
1060400,0.07633676379919052,1783604737.0201964
1060500,0.07736020535230637,1783604743.0377133
1060600,0.07778500765562057,1783604749.3617547
1060700,0.0775783583521843,1783604755.1931527
1060800,0.07742222398519516,1783604761.5055525
1060900,0.07786743342876434,1783604767.5452046
1061000,0.07812898606061935,1783604773.8121915
1061100,0.0781378224492073,1783604780.0011103
1061200,0.07842490822076797,1783604786.0691414
1061300,0.07911394536495209,1783604792.1495795
1061400,0.07944300770759583,1783604798.1477792
1061500,0.07985353469848633,1783604804.5107925
1061600,0.08041948825120926,1783604810.7494197
1061700,0.08133195340633392,1783604817.0396383
1061800,0.0813157856464386,1783604823.1259553
1061900,0.08088043332099915,1783604829.0613887
1062000,0.08061467856168747,1783604835.1372519
1062100,0.07992154359817505,1783604841.1903598
1062200,0.08002571016550064,1783604847.1675277
1062300,0.07995959371328354,1783604853.469077
1062400,0.07938379049301147,1783604859.4915705
1062500,0.078774094581604,1783604865.5246747
1062600,0.07829069346189499,1783604871.6835043
1062700,0.07759986817836761,1783604877.743648
1062800,0.07743008434772491,1783604884.1984348
1062900,0.07682643830776215,1783604890.5658786
1063000,0.0762578547000885,1783604896.7295065
1063100,0.07583728432655334,1783604903.1928935
1063200,0.07546225190162659,1783604909.3167348
1063300,0.07513333112001419,1783604915.4429505
1063400,0.07532734423875809,1783604921.3707838
1063500,0.07583656162023544,1783604927.728141
1063600,0.07631978392601013,1783604933.7855713
1063700,0.07647862285375595,1783604939.7609107
1063800,0.07639133185148239,1783604945.7402759
1063900,0.07651228457689285,1783604951.9247887
1064000,0.07616892457008362,1783604957.861295
1064100,0.07569389045238495,1783604964.027681
1064200,0.07526957988739014,1783604970.1767197
1064300,0.0754798874258995,1783604976.1257517
1064400,0.07553722709417343,1783604982.3812819
1064500,0.0754266232252121,1783604988.3191993
1064600,0.07577536255121231,1783604994.5510888
1064700,0.075914166867733,1783605000.8891447
1064800,0.07628291100263596,1783605007.0150108
1064900,0.07692453265190125,1783605013.3147323
1065000,0.07747407257556915,1783605019.378193
1065100,0.07818412780761719,1783605025.5035436
1065200,0.07849763333797455,1783605031.515261
1065300,0.07821074873209,1783605037.5679302
1065400,0.07805198431015015,1783605043.8338876
1065500,0.07769439369440079,1783605050.2529104
1065600,0.07693012058734894,1783605056.3173263
1065700,0.0765467956662178,1783605062.6849241
1065800,0.07638921588659286,1783605068.9460993
1065900,0.07604457437992096,1783605075.2742536
1066000,0.07604263722896576,1783605081.5709846
1066100,0.07592310756444931,1783605087.9373605
1066200,0.07549887895584106,1783605094.2494226
1066300,0.07517838478088379,1783605100.491352
1066400,0.07544834911823273,1783605106.6184254
1066500,0.07491964846849442,1783605113.0020998
1066600,0.07422333210706711,1783605119.225507
1066700,0.07433567941188812,1783605125.3841372
1066800,0.07382962852716446,1783605131.556654
1066900,0.07336143404245377,1783605137.9314773
1067000,0.07345082610845566,1783605144.4198322
1067100,0.07353046536445618,1783605150.6102576
1067200,0.07390131801366806,1783605156.7794397
1067300,0.07467317581176758,1783605163.3028014
1067400,0.07549165934324265,1783605169.2851408
1067500,0.07658238708972931,1783605175.5545354
1067600,0.07714009284973145,1783605181.8580852
1067700,0.07726646959781647,1783605187.987371
1067800,0.07718707621097565,1783605194.1176424
1067900,0.07760017365217209,1783605200.3026361
1068000,0.07760514318943024,1783605206.6634457
1068100,0.07695581018924713,1783605212.6615398
1068200,0.07693164795637131,1783605218.7076485
1068300,0.07694804668426514,1783605224.731222
1068400,0.07683981209993362,1783605230.9357264
1068500,0.07640614360570908,1783605237.2185957
1068600,0.07597574591636658,1783605243.567736
1068700,0.07587486505508423,1783605249.6546557
1068800,0.07545533031225204,1783605255.7378387
1068900,0.07498567551374435,1783605261.9300914
1069000,0.07449791580438614,1783605267.9751506
1069100,0.07385371625423431,1783605274.0700345
1069200,0.07298872619867325,1783605280.3384707
1069300,0.07239137589931488,1783605286.3834846
1069400,0.07181216776371002,1783605292.681076
1069500,0.07085718214511871,1783605299.0316784
1069600,0.06997447460889816,1783605305.1300788
1069700,0.06933773308992386,1783605311.5300007
1069800,0.06890225410461426,1783605317.7535527
1069900,0.06886398047208786,1783605323.9589443
1070000,0.06857670098543167,1783605330.0263777
1070100,0.06883895397186279,1783605336.1057503
1070200,0.0688241496682167,1783605342.473612
1070300,0.06876491755247116,1783605348.637612
1070400,0.06917350739240646,1783605354.733705
1070500,0.06969842314720154,1783605360.8750656
1070600,0.06987782567739487,1783605367.069186
1070700,0.0697985291481018,1783605373.2219377
1070800,0.07014280557632446,1783605379.4990034
1070900,0.07048622518777847,1783605385.672746
1071000,0.07153455168008804,1783605391.939649
1071100,0.07193965464830399,1783605398.1198127
1071200,0.07228844612836838,1783605404.3434641
1071300,0.0730510726571083,1783605410.3773594
1071400,0.07299859821796417,1783605416.3830566
1071500,0.07307553291320801,1783605422.4335458
1071600,0.07321929931640625,1783605428.6318572
1071700,0.07345610111951828,1783605434.5387733
1071800,0.07377844303846359,1783605440.7807028
1071900,0.07428549230098724,1783605447.121421
1072000,0.07504879683256149,1783605453.2051034
1072100,0.07569576799869537,1783605459.4792008
1072200,0.07584667205810547,1783605465.7528427
1072300,0.07601647824048996,1783605472.0542436
1072400,0.07587137818336487,1783605478.0136561
1072500,0.07622164487838745,1783605484.1192102
1072600,0.07668724656105042,1783605490.2964625
1072700,0.07637794315814972,1783605496.5003
1072800,0.07616683840751648,1783605502.6180959
1072900,0.07587962597608566,1783605508.5392814
1073000,0.07589457184076309,1783605514.6755426
1073100,0.07594262808561325,1783605520.6895504
1073200,0.07571488618850708,1783605526.8730159
1073300,0.07536116987466812,1783605532.833025
1073400,0.07439860701560974,1783605538.9105253
1073500,0.07380194216966629,1783605545.0453355
1073600,0.0733150765299797,1783605551.1612573
1073700,0.0728893056511879,1783605557.1812544
1073800,0.07223468273878098,1783605563.3516183
1073900,0.0719611793756485,1783605569.401213
1074000,0.07125459611415863,1783605575.5980532
1074100,0.07085525244474411,1783605581.951018
1074200,0.07043801248073578,1783605587.8314157
1074300,0.07039257884025574,1783605594.1346335
1074400,0.07021906971931458,1783605600.2644463
1074500,0.07019177079200745,1783605606.4481916
1074600,0.07002642750740051,1783605612.817223
1074700,0.07024478912353516,1783605619.006342
1074800,0.07010854780673981,1783605625.293337
1074900,0.07017135620117188,1783605631.4404287
1075000,0.06981732696294785,1783605637.5858717
1075100,0.07025490701198578,1783605791.4216948
1075200,0.07022591680288315,1783605797.553873
1075300,0.07035323232412338,1783605803.6583648
1075400,0.07014844566583633,1783605809.7771826
1075500,0.06961167603731155,1783605815.7262294
1075600,0.06922511011362076,1783605821.8745694
1075700,0.06838925927877426,1783605828.0964756
1075800,0.06768852472305298,1783605834.3274634
1075900,0.06760862469673157,1783605840.4369733
1076000,0.06818077713251114,1783605846.554889
1076100,0.06912398338317871,1783605852.6864605
1076200,0.06944318860769272,1783605858.9922109
1076300,0.06936202198266983,1783605865.0034997
1076400,0.06899525970220566,1783605871.397319
1076500,0.06916064023971558,1783605877.5118332
1076600,0.06992056965827942,1783605883.7044134
1076700,0.07051129639148712,1783605889.7290814
1076800,0.07034759968519211,1783605896.0780609
1076900,0.06974560022354126,1783605902.240583
1077000,0.06939531862735748,1783605908.2841504
1077100,0.0692240446805954,1783605914.3891652
1077200,0.06887240707874298,1783605920.5998266
1077300,0.06861843913793564,1783605926.8786454
1077400,0.06873384118080139,1783605932.9945943
1077500,0.06882859021425247,1783605938.9108503
1077600,0.06855504214763641,1783605944.952255
1077700,0.06803633272647858,1783605951.1241746
1077800,0.06744559109210968,1783605957.223185
1077900,0.06733600050210953,1783605963.388818
1078000,0.06740016490221024,1783605969.45237
1078100,0.06690659373998642,1783605975.5910451
1078200,0.06677765399217606,1783605981.741584
1078300,0.06643315404653549,1783605987.9219253
1078400,0.06641402095556259,1783605994.08562
1078500,0.06633155047893524,1783606000.1590683
1078600,0.06688521802425385,1783606006.0939372
1078700,0.0678991973400116,1783606012.051976
1078800,0.06806140393018723,1783606018.408346
1078900,0.06841408461332321,1783606024.5762033
1079000,0.06854064017534256,1783606030.6028411
1079100,0.06840603798627853,1783606036.8209145
1079200,0.06779979169368744,1783606042.8271825
1079300,0.06784692406654358,1783606048.9054499
1079400,0.068261057138443,1783606055.202703
1079500,0.06821536272764206,1783606061.3008482
1079600,0.06755324453115463,1783606067.4197814
1079700,0.06745932996273041,1783606073.577392
1079800,0.06703498959541321,1783606079.8380382
1079900,0.06662601977586746,1783606086.0110853
1080000,0.06626803427934647,1783606092.1241941
1080100,0.06609572470188141,1783606098.186561
1080200,0.06599094718694687,1783606104.2018368
1080300,0.06599892675876617,1783606110.6677206
1080400,0.06588602811098099,1783606116.972133
1080500,0.065162293612957,1783606123.2536957
1080600,0.06488873809576035,1783606129.6794095
1080700,0.06494001299142838,1783606135.7369375
1080800,0.06467059254646301,1783606142.0352514
1080900,0.0642220601439476,1783606148.0978754
1081000,0.06432678550481796,1783606154.2080743
1081100,0.06413578987121582,1783606160.2242644
1081200,0.0634564757347107,1783606166.3528228
1081300,0.06357607990503311,1783606172.4311662
1081400,0.0640098974108696,1783606178.7109115
1081500,0.06392612308263779,1783606184.79313
1081600,0.06336073577404022,1783606190.945811
1081700,0.06287889182567596,1783606197.1103618
1081800,0.06265360862016678,1783606203.220974
1081900,0.06258673965930939,1783606209.5880418
1082000,0.0622861310839653,1783606215.7433002
1082100,0.061712414026260376,1783606222.1766675
1082200,0.06148848310112953,1783606228.3304071
1082300,0.06157393753528595,1783606234.3332283
1082400,0.061931174248456955,1783606240.4908416
1082500,0.062187545001506805,1783606246.7448084
1082600,0.06201140210032463,1783606252.7449582
1082700,0.06197552755475044,1783606259.1227615
1082800,0.06175060197710991,1783606265.1427045
1082900,0.06175600737333298,1783606271.032605
1083000,0.061872318387031555,1783606277.1494
1083100,0.062403321266174316,1783606283.4504986
1083200,0.06256484240293503,1783606289.4551568
1083300,0.06243409961462021,1783606295.8723223
1083400,0.06200027093291283,1783606302.1018124
1083500,0.062135081738233566,1783606308.087163
1083600,0.06248795986175537,1783606314.2543964
1083700,0.06341004371643066,1783606320.4697685
1083800,0.06413677334785461,1783606326.6088817
1083900,0.06426946818828583,1783606332.9730265
1084000,0.06400341540575027,1783606339.0967002
1084100,0.06428554654121399,1783606345.2481241
1084200,0.06447181850671768,1783606351.568867
1084300,0.06449120491743088,1783606357.7453852
1084400,0.06428920477628708,1783606363.9147792
1084500,0.06413277238607407,1783606369.947967
1084600,0.06393514573574066,1783606375.9278638
1084700,0.06341633945703506,1783606382.2003334
1084800,0.06298115849494934,1783606388.379268
1084900,0.06267249584197998,1783606394.498878
1085000,0.06247486546635628,1783606401.0482934
1085100,0.06234680861234665,1783606407.055604
1085200,0.06270994991064072,1783606413.3972785
1085300,0.06337644904851913,1783606419.599197
1085400,0.06399659067392349,1783606426.1744583
1085500,0.0645647868514061,1783606432.600958
1085600,0.06545794010162354,1783606438.5679588
1085700,0.06602261960506439,1783606444.6294842
1085800,0.06651720404624939,1783606450.9361305
1085900,0.06704220920801163,1783606457.099725
1086000,0.06717680394649506,1783606463.196395
1086100,0.06729616224765778,1783606469.3118901
1086200,0.06768663227558136,1783606475.5050166
1086300,0.06822427362203598,1783606481.8244836
1086400,0.06854826211929321,1783606487.9443543
1086500,0.06873878836631775,1783606494.4445665
1086600,0.06888915598392487,1783606500.6275554
1086700,0.06893898546695709,1783606506.8411176
1086800,0.06920387595891953,1783606512.8364859
1086900,0.06934534013271332,1783606518.9857728
1087000,0.06949435919523239,1783606525.3842263
1087100,0.06956494599580765,1783606531.773953
1087200,0.06966253370046616,1783606537.8481305
1087300,0.07029589265584946,1783606544.146155
1087400,0.0703100711107254,1783606550.4084358
1087500,0.07025984674692154,1783606556.585293
1087600,0.07015758752822876,1783606562.773711
1087700,0.07050440460443497,1783606568.8761086
1087800,0.07104091346263885,1783606575.1640806
1087900,0.0720096305012703,1783606581.3924224
1088000,0.07246118038892746,1783606587.5674813
1088100,0.07287953048944473,1783606593.971872
1088200,0.07281990349292755,1783606600.043706
1088300,0.07289543002843857,1783606606.3242404
1088400,0.07288043200969696,1783606612.5718708
1088500,0.07300066202878952,1783606618.7784276
1088600,0.07340900599956512,1783606625.161432
1088700,0.07400443404912949,1783606631.579278
1088800,0.07457786798477173,1783606637.733607
1088900,0.07484287768602371,1783606644.0734117
1089000,0.075186587870121,1783606650.4866445
1089100,0.07572954148054123,1783606656.8672588
1089200,0.07572837173938751,1783606663.140483
1089300,0.07585251331329346,1783606669.4438224
1089400,0.07579471915960312,1783606675.4497983
1089500,0.07542861253023148,1783606681.7412977
1089600,0.07507424056529999,1783606688.1230884
1089700,0.07485862076282501,1783606694.4583302
1089800,0.07421227544546127,1783606700.4726334
1089900,0.07387470453977585,1783606706.4285574
1090000,0.07426944375038147,1783606712.6839855
1090100,0.07484951615333557,1783606718.902457
1090200,0.07452079653739929,1783606725.1781552
1090300,0.07470051199197769,1783606731.2924438
1090400,0.0753249078989029,1783606737.5244582
1090500,0.07544782757759094,1783606743.8128912
1090600,0.07596290111541748,1783606750.0107188
1090700,0.07649175077676773,1783606756.217563
1090800,0.07670196145772934,1783606762.4609888
1090900,0.07754575461149216,1783606768.586913
1091000,0.07789730280637741,1783606774.749155
1091100,0.07777582854032516,1783606780.9124887
1091200,0.07744042575359344,1783606787.0971122
1091300,0.07698304206132889,1783606793.3180418
1091400,0.07692163437604904,1783606799.6142695
1091500,0.07747885584831238,1783606806.1263258
1091600,0.0775514468550682,1783606812.358624
1091700,0.07722730189561844,1783606818.5502892
1091800,0.07674188166856766,1783606824.665069
1091900,0.07640951126813889,1783606830.8441076
1092000,0.07624531537294388,1783606837.1374319
1092100,0.07583548128604889,1783606843.1595228
1092200,0.07593841105699539,1783606849.2026324
1092300,0.07619697600603104,1783606855.5202615
1092400,0.0766654908657074,1783606861.870515
1092500,0.0769132748246193,1783606867.9126692
1092600,0.0771457776427269,1783606874.1582503
1092700,0.07757001370191574,1783606880.516131
1092800,0.07808974385261536,1783606886.7221673
1092900,0.07769934087991714,1783606893.0581813
1093000,0.07789266109466553,1783606899.3842938
1093100,0.07740228623151779,1783606905.7592757
1093200,0.07731015980243683,1783606911.8715956
1093300,0.07756420969963074,1783606917.9773097
1093400,0.07803138345479965,1783606924.0128758
1093500,0.07825031131505966,1783606930.1184204
1093600,0.07783253490924835,1783606936.322624
1093700,0.07768262922763824,1783606942.5433307
1093800,0.07759350538253784,1783606948.8906722
1093900,0.07703318446874619,1783606955.3588145
1094000,0.07653442025184631,1783606961.5985916
1094100,0.07587666064500809,1783606967.8456845
1094200,0.07498152554035187,1783606974.099678
1094300,0.07375458627939224,1783606980.2806785
1094400,0.07288112491369247,1783606986.4075167
1094500,0.07237303256988525,1783606992.643819
1094600,0.07205861061811447,1783606998.636724
1094700,0.07197374105453491,1783607004.6415532
1094800,0.07190177589654922,1783607010.9716704
1094900,0.07158642262220383,1783607017.045981
1095000,0.0712430477142334,1783607023.389367
1095100,0.07137945294380188,1783607029.4068613
1095200,0.07211492955684662,1783607035.4710119
1095300,0.07219485193490982,1783607041.5939639
1095400,0.07197648286819458,1783607047.5977106
1095500,0.0719500258564949,1783607053.8152666
1095600,0.07178224623203278,1783607060.0265148
1095700,0.07117727398872375,1783607066.362335
1095800,0.07098075747489929,1783607072.5818644
1095900,0.07115757465362549,1783607078.652772
1096000,0.0712866261601448,1783607084.9620016
1096100,0.07191939651966095,1783607091.192047
1096200,0.0726558268070221,1783607097.1215177
1096300,0.07287664711475372,1783607103.1359448
1096400,0.07285314053297043,1783607109.0701993
1096500,0.072903111577034,1783607115.3100173
1096600,0.07284633070230484,1783607121.5654075
1096700,0.07296675443649292,1783607127.8347383
1096800,0.07334070652723312,1783607133.9230833
1096900,0.07366084307432175,1783607139.9866548
1097000,0.07399661093950272,1783607146.1963007
1097100,0.07400687038898468,1783607152.3770535
1097200,0.07385151088237762,1783607158.5736418
1097300,0.07366598397493362,1783607164.5927594
1097400,0.07358639687299728,1783607170.7145395
1097500,0.07364793121814728,1783607176.7211707
1097600,0.07393503934144974,1783607182.790531
1097700,0.07415079325437546,1783607189.0892036
1097800,0.07446452975273132,1783607195.3236907
1097900,0.07517031580209732,1783607201.5551717
1098000,0.07622020691633224,1783607207.8619816
1098100,0.07649517804384232,1783607213.9101026
1098200,0.07647980749607086,1783607219.990936
1098300,0.076436847448349,1783607226.2236168
1098400,0.07589031755924225,1783607232.3761415
1098500,0.07533471286296844,1783607238.43769
1098600,0.07498279958963394,1783607244.8084443
1098700,0.07450976222753525,1783607251.0201235
1098800,0.07406813651323318,1783607257.1099815
1098900,0.0735698938369751,1783607263.4090302
1099000,0.07311753183603287,1783607269.536277
1099100,0.07293160259723663,1783607275.958219
1099200,0.07332887500524521,1783607282.2628293
1099300,0.07379323989152908,1783607288.3202631
1099400,0.07385728508234024,1783607294.5949645
1099500,0.07364051789045334,1783607300.8272827
1099600,0.0735330581665039,1783607306.9719748
1099700,0.07338940352201462,1783607313.1339998
1099800,0.07297595590353012,1783607319.4164295
1099900,0.0725984275341034,1783607325.5807545
1100000,0.07188509404659271,1783607331.90086
1100100,0.07115379720926285,1783607483.3933156
1100200,0.07035092264413834,1783607489.7025974
1100300,0.06941147148609161,1783607495.8980248
1100400,0.06872130930423737,1783607502.317536
1100500,0.0680772066116333,1783607508.5034888
1100600,0.06740611046552658,1783607514.9759383
1100700,0.06667565554380417,1783607521.1849515
1100800,0.06586316227912903,1783607527.4358745
1100900,0.06606930494308472,1783607533.721205
1101000,0.06609640270471573,1783607539.8634374
1101100,0.06602215766906738,1783607546.2029626
1101200,0.06586839258670807,1783607552.311635
1101300,0.06555957347154617,1783607558.9665227
1101400,0.06575895845890045,1783607565.0855854
1101500,0.06569579243659973,1783607571.2627296
1101600,0.06520427018404007,1783607577.4366636
1101700,0.06481802463531494,1783607583.5289288
1101800,0.0644277036190033,1783607589.8238213
1101900,0.06403002887964249,1783607596.1318064
1102000,0.06375432759523392,1783607602.4162126
1102100,0.06358657032251358,1783607608.453806
1102200,0.06357531994581223,1783607614.6951773
1102300,0.06344646215438843,1783607620.9846022
1102400,0.06368523836135864,1783607627.1326578
1102500,0.06369411945343018,1783607633.3272307
1102600,0.0640295147895813,1783607639.1952808
1102700,0.06464577466249466,1783607645.396739
1102800,0.06506775319576263,1783607651.6074827
1102900,0.0653328225016594,1783607657.666726
1103000,0.06546565145254135,1783607663.6681132
1103100,0.06577146053314209,1783607670.0742023
1103200,0.06644508242607117,1783607676.0554783
1103300,0.06643087416887283,1783607682.1775336
1103400,0.06643426418304443,1783607688.1956246
1103500,0.06673768162727356,1783607694.4217
1103600,0.06671857833862305,1783607700.7758858
1103700,0.06714008748531342,1783607707.0072613
1103800,0.06710750609636307,1783607713.0166795
1103900,0.0672401636838913,1783607719.3552923
1104000,0.06752871721982956,1783607725.4948025
1104100,0.06790249794721603,1783607731.676648
1104200,0.06837409734725952,1783607737.9659662
1104300,0.06874459236860275,1783607743.8875763
1104400,0.06896109879016876,1783607750.1337414
1104500,0.0692249983549118,1783607756.1582353
1104600,0.06966106593608856,1783607762.4254441
1104700,0.06994199752807617,1783607768.5712893
1104800,0.07022197544574738,1783607774.8281167
1104900,0.0703488439321518,1783607781.1105247
1105000,0.07167811691761017,1783607787.2861178
1105100,0.07247873395681381,1783607793.627024
1105200,0.07279964536428452,1783607799.9625454
1105300,0.07250738888978958,1783607806.0953646
1105400,0.07247713953256607,1783607812.290394
1105500,0.07242932915687561,1783607818.414734
1105600,0.07257331907749176,1783607824.6144788
1105700,0.07255426794290543,1783607830.710198
1105800,0.07161694765090942,1783607836.7660055
1105900,0.07038447260856628,1783607842.8803813
1106000,0.06954677402973175,1783607848.8572483
1106100,0.06977643817663193,1783607854.8240576
1106200,0.07006379961967468,1783607860.8809073
1106300,0.06989148259162903,1783607867.0580308
1106400,0.07048897445201874,1783607873.2772179
1106500,0.07039622217416763,1783607879.5192437
1106600,0.0698310062289238,1783607885.6732903
1106700,0.06977610290050507,1783607891.9409723
1106800,0.06990247219800949,1783607897.9280314
1106900,0.07027769088745117,1783607904.1186423
1107000,0.07030089944601059,1783607910.0772865
1107100,0.07024486362934113,1783607916.2903655
1107200,0.07023139297962189,1783607922.6656256
1107300,0.0702909529209137,1783607929.0898795
1107400,0.07056731730699539,1783607935.2713795
1107500,0.07099656760692596,1783607941.2924464
1107600,0.07065443694591522,1783607947.4565976
1107700,0.07034838944673538,1783607953.6247773
1107800,0.06992800533771515,1783607959.8278115
1107900,0.07006032019853592,1783607966.0497506
1108000,0.07014528661966324,1783607972.2120237
1108100,0.06957235932350159,1783607978.322668
1108200,0.06885597109794617,1783607984.4446123
1108300,0.06824475526809692,1783607990.6216455
1108400,0.06772647053003311,1783607996.724544
1108500,0.06781762093305588,1783608003.0436757
1108600,0.0677318200469017,1783608009.2077107
1108700,0.06739603728055954,1783608015.3263998
1108800,0.06665530055761337,1783608021.3908596
1108900,0.0665448009967804,1783608027.3758585
1109000,0.06731479614973068,1783608033.2477314
1109100,0.06791311502456665,1783608039.218976
1109200,0.06751429289579391,1783608045.3049045
1109300,0.06661772727966309,1783608051.2954564
1109400,0.06580013036727905,1783608057.4397771
1109500,0.06522280722856522,1783608063.745335
1109600,0.06477447599172592,1783608069.8839126
1109700,0.06415189057588577,1783608076.0684862
1109800,0.06387756764888763,1783608082.3358355
1109900,0.06393327564001083,1783608088.5390108
1110000,0.06374642252922058,1783608094.6594007
1110100,0.06383547186851501,1783608100.7225044
1110200,0.06412140280008316,1783608107.0688148
1110300,0.06358765065670013,1783608113.1737454
1110400,0.06303911656141281,1783608119.3858755
1110500,0.062278348952531815,1783608125.4290612
1110600,0.06155639886856079,1783608131.5492895
1110700,0.060838326811790466,1783608137.6932542
1110800,0.06041111424565315,1783608144.004072
1110900,0.0605759359896183,1783608150.134954
1111000,0.060483418405056,1783608156.3796844
1111100,0.060904450714588165,1783608162.4972396
1111200,0.06065766513347626,1783608168.5698662
1111300,0.06050155684351921,1783608174.592701
1111400,0.060638025403022766,1783608180.8541205
1111500,0.060676682740449905,1783608187.0069876
1111600,0.06063069403171539,1783608193.318259
1111700,0.06084360554814339,1783608199.6127627
1111800,0.06108303740620613,1783608205.884658
1111900,0.061167363077402115,1783608211.9246655
1112000,0.060918085277080536,1783608218.2706225
1112100,0.06096503138542175,1783608224.4102125
1112200,0.061229534447193146,1783608230.8656552
1112300,0.06114356592297554,1783608237.1222992
1112400,0.06084806099534035,1783608243.1761658
1112500,0.06091772019863129,1783608249.3696089
1112600,0.0610332116484642,1783608255.408592
1112700,0.0611390620470047,1783608261.8447654
1112800,0.060996346175670624,1783608268.0523841
1112900,0.061295684427022934,1783608274.2765346
1113000,0.06115817278623581,1783608280.4746265
1113100,0.060969870537519455,1783608286.5903935
1113200,0.061147529631853104,1783608292.8038802
1113300,0.06150345131754875,1783608299.079073
1113400,0.06179776042699814,1783608305.1734002
1113500,0.062053509056568146,1783608311.365111
1113600,0.06221253424882889,1783608317.5348172
1113700,0.06201022118330002,1783608323.5679138
1113800,0.06158788502216339,1783608329.981197
1113900,0.06128919869661331,1783608336.1499379
1114000,0.06102510914206505,1783608342.573001
1114100,0.06068924441933632,1783608348.6075356
1114200,0.05995551124215126,1783608354.9630344
1114300,0.059344805777072906,1783608361.3299432
1114400,0.058421991765499115,1783608367.5502188
1114500,0.05821468308568001,1783608373.7514052
1114600,0.05854235216975212,1783608379.9668906
1114700,0.05888764560222626,1783608386.079419
1114800,0.05874131992459297,1783608392.2746754
1114900,0.05868200957775116,1783608398.5534737
1115000,0.058689117431640625,1783608404.6037586
1115100,0.058500953018665314,1783608410.8143468
1115200,0.05839204043149948,1783608416.8456125
1115300,0.05824258551001549,1783608423.1522486
1115400,0.05821609869599342,1783608429.4758384
1115500,0.05804472416639328,1783608435.5543163
1115600,0.057631175965070724,1783608441.7301013
1115700,0.057104870676994324,1783608447.72709
1115800,0.05707142502069473,1783608454.1123428
1115900,0.05715685710310936,1783608460.2112646
1116000,0.05692315474152565,1783608466.388749
1116100,0.05707825720310211,1783608472.6710203
1116200,0.05692185088992119,1783608478.791891
1116300,0.056978631764650345,1783608485.0973473
1116400,0.05716849863529205,1783608491.4849865
1116500,0.05786686763167381,1783608497.6645122
1116600,0.0583965927362442,1783608503.7679334
1116700,0.059388287365436554,1783608510.00821
1116800,0.059973280876874924,1783608516.3896768
1116900,0.060989659279584885,1783608522.721802
1117000,0.06186829134821892,1783608528.9212565
1117100,0.06263434141874313,1783608534.9566336
1117200,0.06295552849769592,1783608541.347411
1117300,0.06315494328737259,1783608547.6160555
1117400,0.06337257474660873,1783608553.7347505
1117500,0.06400547176599503,1783608559.9454935
1117600,0.06462905555963516,1783608566.1837225
1117700,0.065076544880867,1783608572.247727
1117800,0.06514711678028107,1783608578.531436
1117900,0.06515640765428543,1783608584.8868015
1118000,0.06521255522966385,1783608591.1871545
1118100,0.06516473740339279,1783608597.4805183
1118200,0.06518656760454178,1783608603.4648137
1118300,0.06532546877861023,1783608609.8087711
1118400,0.06537235528230667,1783608615.8172023
1118500,0.06559907644987106,1783608621.9487112
1118600,0.0653265118598938,1783608628.0122733
1118700,0.06523711234331131,1783608634.0497735
1118800,0.06541705131530762,1783608640.364169
1118900,0.06571286916732788,1783608646.908469
1119000,0.06596952676773071,1783608653.0668027
1119100,0.06668337434530258,1783608659.307091
1119200,0.06764577329158783,1783608665.4932535
1119300,0.06761789321899414,1783608671.4921465
1119400,0.06771751493215561,1783608677.6943903
1119500,0.06804056465625763,1783608683.8454843
1119600,0.06854914128780365,1783608689.9782724
1119700,0.06878195703029633,1783608696.0750613
1119800,0.06914392858743668,1783608702.0868433
1119900,0.06938444823026657,1783608708.2849238
1120000,0.06966114044189453,1783608714.6735013
1120100,0.0692550465464592,1783608721.051849
1120200,0.06897439062595367,1783608727.5346842
1120300,0.06870171427726746,1783608733.778051
1120400,0.06894396990537643,1783608739.935609
1120500,0.06904348731040955,1783608746.0400174
1120600,0.06908562779426575,1783608752.1127806
1120700,0.06898295879364014,1783608758.5440726
1120800,0.06858368217945099,1783608764.8092763
1120900,0.06831035763025284,1783608770.8028042
1121000,0.06787033379077911,1783608776.8659568
1121100,0.06758320331573486,1783608783.0863352
1121200,0.06711630523204803,1783608789.232075
1121300,0.06707533448934555,1783608795.325693
1121400,0.06764883548021317,1783608801.6109188
1121500,0.06748045235872269,1783608807.7612982
1121600,0.06726393848657608,1783608813.9934428
1121700,0.06673692166805267,1783608820.3183882
1121800,0.0657915323972702,1783608826.4942462
1121900,0.06494295597076416,1783608832.5926583
1122000,0.06416124105453491,1783608838.6791961
1122100,0.06367479264736176,1783608845.0246768
1122200,0.06358492374420166,1783608851.0578341
1122300,0.06364059448242188,1783608857.1787925
1122400,0.06371325254440308,1783608863.4450994
1122500,0.06392540782690048,1783608869.4603677
1122600,0.06449876725673676,1783608875.6273625
1122700,0.06514345109462738,1783608881.8143778
1122800,0.06488438695669174,1783608888.2773218
1122900,0.06463856250047684,1783608894.4846723
1123000,0.0642092302441597,1783608900.6802928
1123100,0.0643673911690712,1783608906.888443
1123200,0.06419797986745834,1783608913.1509817
1123300,0.06383949518203735,1783608919.310917
1123400,0.06374689936637878,1783608925.4171128
1123500,0.06408779323101044,1783608931.7188642
1123600,0.06507449597120285,1783608937.9459472
1123700,0.06548546254634857,1783608944.1454978
1123800,0.065126933157444,1783608950.2934313
1123900,0.06543663889169693,1783608956.5943623
1124000,0.06514883786439896,1783608962.6762724
1124100,0.06486128270626068,1783608968.8913014
1124200,0.06450116634368896,1783608975.2833223
1124300,0.06402397155761719,1783608981.4731832
1124400,0.06449674069881439,1783608987.7862613
1124500,0.0646074116230011,1783608994.0750759
1124600,0.0639122873544693,1783609000.1681151
1124700,0.06326670944690704,1783609006.111579
1124800,0.06253829598426819,1783609012.0295699
1124900,0.06208347529172897,1783609017.9968524
1125000,0.06170783191919327,1783609024.2532098
1125100,0.06096445024013519,1783609180.4985557
1125200,0.06022042781114578,1783609186.7913764
1125300,0.05949953943490982,1783609192.872806
1125400,0.05902746692299843,1783609199.0768075
1125500,0.058474261313676834,1783609205.2066448
1125600,0.05792488157749176,1783609211.5815287
1125700,0.05735967680811882,1783609217.6613858
1125800,0.05700261518359184,1783609223.6548843
1125900,0.056944042444229126,1783609229.8642879
1126000,0.05674898624420166,1783609236.1223404
1126100,0.05689995363354683,1783609242.267739
1126200,0.05717265233397484,1783609248.5201085
1126300,0.05702395737171173,1783609254.7197485
1126400,0.05679430067539215,1783609260.990047
1126500,0.056994788348674774,1783609267.2417114
1126600,0.056836798787117004,1783609273.3399682
1126700,0.05676001310348511,1783609279.7715137
1126800,0.05697038769721985,1783609285.852316
1126900,0.05702897533774376,1783609292.0545573
1127000,0.056807562708854675,1783609298.2010052
1127100,0.05673010274767876,1783609304.2544465
1127200,0.05671859160065651,1783609310.2386782
1127300,0.05661432072520256,1783609316.2090292
1127400,0.05642955005168915,1783609322.3149428
1127500,0.056239109486341476,1783609328.3931959
1127600,0.05593700334429741,1783609334.462817
1127700,0.055612713098526,1783609340.2717896
1127800,0.05533348396420479,1783609346.711327
1127900,0.05509864538908005,1783609352.9062755
1128000,0.05497809499502182,1783609358.9771888
1128100,0.05511152371764183,1783609365.156713
1128200,0.0555298887193203,1783609371.4755666
1128300,0.05597630515694618,1783609377.7890875
1128400,0.05640831217169762,1783609383.876485
1128500,0.05648950859904289,1783609389.92442
1128600,0.05623524636030197,1783609396.0082638
1128700,0.05581440031528473,1783609402.2544744
1128800,0.0554572157561779,1783609408.586461
1128900,0.05547653138637543,1783609414.622041
1129000,0.055772192776203156,1783609420.7750585
1129100,0.055947739630937576,1783609427.0264778
1129200,0.056026749312877655,1783609433.1971457
1129300,0.05634728819131851,1783609439.5244133
1129400,0.05656113475561142,1783609445.6599464
1129500,0.056718941777944565,1783609451.6226907
1129600,0.05714019387960434,1783609565.1017177
1129700,0.05726788938045502,1783609571.4072735
1129800,0.057288046926259995,1783609577.8909276
1129900,0.05757216364145279,1783609584.0641282
1130000,0.05792243778705597,1783609590.1096075
1130100,0.05827007442712784,1783609596.5829716
1130200,0.05825301259756088,1783609602.8558211
1130300,0.058039385825395584,1783609608.9409626
1130400,0.057998690754175186,1783609614.9939597
1130500,0.05790102109313011,1783609621.2940593
1130600,0.058189745992422104,1783609627.485113
1130700,0.05832461267709732,1783609633.533168
1130800,0.05870326608419418,1783609639.95936
1130900,0.059091366827487946,1783609646.2012532
1131000,0.05939334258437157,1783609652.5889773
1131100,0.0591886080801487,1783609658.711156
1131200,0.05936099588871002,1783609665.0166743
1131300,0.0597936287522316,1783609671.325242
1131400,0.06010546162724495,1783609677.4536326
1131500,0.06047945097088814,1783609683.6536832
1131600,0.06066689267754555,1783609689.9637246
1131700,0.06087026372551918,1783609696.0935903
1131800,0.06098658964037895,1783609702.2736783
1131900,0.06121301278471947,1783609708.4353373
1132000,0.061719369143247604,1783609714.5565133
1132100,0.061344001442193985,1783609720.6372106
1132200,0.06124919652938843,1783609726.8677285
1132300,0.06102436035871506,1783609733.0076964
1132400,0.060531992465257645,1783609739.0222473
1132500,0.06042706221342087,1783609745.104711
1132600,0.06044348329305649,1783609751.383663
1132700,0.06073157489299774,1783609757.4852748
1132800,0.06144215911626816,1783609763.5398176
1132900,0.06105419620871544,1783609769.7361283
1133000,0.0605648010969162,1783609775.9538531
1133100,0.06029365584254265,1783609782.0771375
1133200,0.060445647686719894,1783609788.3361087
1133300,0.0602412223815918,1783609794.5273929
1133400,0.05983983725309372,1783609800.5959675
1133500,0.05988573655486107,1783609806.5638952
1133600,0.05979260429739952,1783609812.7005072
1133700,0.059799376875162125,1783609818.6760144
1133800,0.06047734618186951,1783609824.7953236
1133900,0.06077248230576515,1783609830.903343
1134000,0.06137080118060112,1783609837.131731
1134100,0.06144095957279205,1783609843.257453
1134200,0.06214291974902153,1783609849.4862
1134300,0.06244620308279991,1783609855.901128
1134400,0.06243015080690384,1783609861.9281344
1134500,0.06247875466942787,1783609868.2117019
1134600,0.06306272745132446,1783609874.3519075
1134700,0.06352701783180237,1783609880.4351532
1134800,0.06449795514345169,1783609886.8182049
1134900,0.06549559533596039,1783609892.8508737
1135000,0.06634772568941116,1783609899.2403955
1135100,0.06681449711322784,1783609905.8668866
1135200,0.06701888889074326,1783609912.0832982
1135300,0.06748105585575104,1783609918.3115375
1135400,0.06778720021247864,1783609924.517055
1135500,0.06757798790931702,1783609930.8205707
1135600,0.06754735112190247,1783609936.867914
1135700,0.06756699830293655,1783609943.204889
1135800,0.06771160662174225,1783609949.388126
1135900,0.06812040507793427,1783609955.7508087
1136000,0.06884021311998367,1783609962.0643225
1136100,0.06823202222585678,1783609968.5019019
1136200,0.0681864321231842,1783609974.6918728
1136300,0.06873208284378052,1783609981.0448644
1136400,0.06893865019083023,1783609987.1412961
1136500,0.06834521889686584,1783609993.2699492
1136600,0.06756927073001862,1783610000.0187664
1136700,0.0672236829996109,1783610006.1452892
1136800,0.06640893965959549,1783610012.1122973
1136900,0.06569226831197739,1783610018.153946
1137000,0.06494828313589096,1783610024.3777866
1137100,0.06455235183238983,1783610030.6684172
1137200,0.0645243301987648,1783610036.7077773
1137300,0.06454092264175415,1783610043.0029464
1137400,0.06471672654151917,1783610049.2297802
1137500,0.0646582618355751,1783610055.3181667
1137600,0.06448554247617722,1783610061.4031584
1137700,0.0649319589138031,1783610067.6643653
1137800,0.06534326076507568,1783610073.7169979
1137900,0.06492536514997482,1783610079.8173456
1138000,0.06475292146205902,1783610085.970912
1138100,0.064608134329319,1783610092.3599956
1138200,0.06424994766712189,1783610098.4176536
1138300,0.0637156143784523,1783610104.619099
1138400,0.06338803470134735,1783610110.8276317
1138500,0.06298051029443741,1783610117.0099037
1138600,0.06297286599874496,1783610123.2415247
1138700,0.06304500252008438,1783610129.4947612
1138800,0.06300777196884155,1783610135.493186
1138900,0.06238098070025444,1783610141.6521308
1139000,0.061392318457365036,1783610147.7764306
1139100,0.06032281741499901,1783610154.0058649
1139200,0.06014644727110863,1783610160.011218
1139300,0.05996957793831825,1783610166.0909185
1139400,0.05993930622935295,1783610172.0762343
1139500,0.05945460498332977,1783610178.2920043
1139600,0.05918079614639282,1783610184.274583
1139700,0.05923483148217201,1783610190.3271577
1139800,0.05914108827710152,1783610196.5225344
1139900,0.05944988504052162,1783610202.6115775
1140000,0.059870075434446335,1783610209.0727808
1140100,0.060461025685071945,1783610215.076149
1140200,0.06102990731596947,1783610221.2109916
1140300,0.06107785552740097,1783610227.2343636
1140400,0.06126919761300087,1783610233.6509051
1140500,0.06130990386009216,1783610239.8224075
1140600,0.06097407266497612,1783610245.8431234
1140700,0.060684364289045334,1783610251.9519196
1140800,0.060468390583992004,1783610258.0881112
1140900,0.06114760786294937,1783610264.536873
1141000,0.06127675995230675,1783610270.7308614
1141100,0.0612260140478611,1783610276.73311
1141200,0.06110764294862747,1783610282.660874
1141300,0.06127765029668808,1783610288.745807
1141400,0.061288874596357346,1783610294.7933311
1141500,0.061069831252098083,1783610300.8914983
1141600,0.061724431812763214,1783610307.1235135
1141700,0.06222064793109894,1783610313.2247353
1141800,0.06279894709587097,1783610319.4129584
1141900,0.0633663684129715,1783610325.751006
1142000,0.063847117125988,1783610332.0774486
1142100,0.06369738280773163,1783610338.30849
1142200,0.06359324604272842,1783610344.4061797
1142300,0.0635463297367096,1783610350.6672409
1142400,0.06390450149774551,1783610356.7332525
1142500,0.06458624452352524,1783610362.8847163
1142600,0.06520817428827286,1783610368.9750218
1142700,0.06587795913219452,1783610375.145987
1142800,0.06651870906352997,1783610381.5545573
1142900,0.06664424389600754,1783610387.6236637
1143000,0.06628396362066269,1783610393.6588874
1143100,0.06607013940811157,1783610399.7235732
1143200,0.06579966098070145,1783610405.7173736
1143300,0.06563781946897507,1783610411.836902
1143400,0.06519751995801926,1783610418.092239
1143500,0.06471176445484161,1783610424.3606665
1143600,0.06423526257276535,1783610430.5204844
1143700,0.06369850784540176,1783610436.828641
1143800,0.06322233378887177,1783610443.1192226
1143900,0.0632094144821167,1783610449.2713864
1144000,0.06309935450553894,1783610455.3808517
1144100,0.06330259144306183,1783610461.422732
1144200,0.06423530727624893,1783610467.6935081
1144300,0.06445526331663132,1783610473.7378175
1144400,0.06429938226938248,1783610480.1378894
1144500,0.06393243372440338,1783610486.2954514
1144600,0.06350646913051605,1783610492.4862537
1144700,0.06365716457366943,1783610498.6091442
1144800,0.06334561109542847,1783610504.7840376
1144900,0.06302973628044128,1783610510.69186
1145000,0.0625271126627922,1783610516.8784494
1145100,0.06268563121557236,1783610523.179346
1145200,0.06302372366189957,1783610529.289532
1145300,0.06290211528539658,1783610535.5695395
1145400,0.06269852817058563,1783610541.795751
1145500,0.062391094863414764,1783610547.8835323
1145600,0.06207974627614021,1783610554.0530555
1145700,0.061630599200725555,1783610560.2558088
1145800,0.06182072311639786,1783610566.377714
1145900,0.06219065934419632,1783610572.6073866
1146000,0.0626404657959938,1783610578.7409449
1146100,0.0625935047864914,1783610584.7858434
1146200,0.06324750930070877,1783610591.0481105
1146300,0.06335685402154922,1783610597.1370337
1146400,0.06279981136322021,1783610603.2714968
1146500,0.06266356259584427,1783610609.3770359
1146600,0.06265115737915039,1783610615.5603564
1146700,0.0628986805677414,1783610621.7576354
1146800,0.06233593076467514,1783610627.9052331
1146900,0.061677414923906326,1783610634.068963
1147000,0.06131395697593689,1783610640.4140947
1147100,0.06089251488447189,1783610646.753388
1147200,0.06078243628144264,1783610653.1455898
1147300,0.06067398935556412,1783610659.136341
1147400,0.06045181676745415,1783610665.6014771
1147500,0.060424089431762695,1783610671.8249779
1147600,0.06004302576184273,1783610678.058162
1147700,0.05994592234492302,1783610684.1560225
1147800,0.06041288003325462,1783610690.227252
1147900,0.06136541813611984,1783610696.6175756
1148000,0.062446899712085724,1783610702.7052476
1148100,0.06295318156480789,1783610708.6267035
1148200,0.06327895820140839,1783610714.814836
1148300,0.06377805024385452,1783610721.097435
1148400,0.06419467180967331,1783610727.1382763
1148500,0.06446576118469238,1783610733.1067245
1148600,0.06522269546985626,1783610739.295247
1148700,0.06517371535301208,1783610745.5101097
1148800,0.06506547331809998,1783610752.0320265
1148900,0.06489823758602142,1783610758.0098753
1149000,0.06466509401798248,1783610764.082769
1149100,0.06419799476861954,1783610770.3364637
1149200,0.06379275023937225,1783610776.7866106
1149300,0.06329010426998138,1783610783.1427555
1149400,0.06266118586063385,1783610789.3389294
1149500,0.06210904195904732,1783610795.8383112
1149600,0.06149909645318985,1783610802.1756117
1149700,0.061058055609464645,1783610808.106324
1149800,0.060935720801353455,1783610814.36595
1149900,0.06096793711185455,1783610820.5121577
1150000,0.06167285889387131,1783940795.9599507
