step,value,wall_time
1000,0.7885040044784546,1782734197.3428807
1100,0.23972231149673462,1782734203.0674846
1200,0.21231359243392944,1782734208.8387337
1300,0.23508471250534058,1782734214.6022294
1400,0.17747332155704498,1782734220.4332938
1500,0.22624428570270538,1782734226.1165779
1600,0.31773293018341064,1782734231.8079805
1700,0.19153937697410583,1782734237.4304132
1800,0.3294539451599121,1782734243.2027457
1900,0.21554064750671387,1782734248.877824
2000,0.18599402904510498,1782734254.5150251
2100,0.29864266514778137,1782734260.2839367
2200,3.601938247680664,1782734266.162227
2300,1.5565048456192017,1782734271.8128629
2400,0.49772951006889343,1782734277.405065
2500,1.3591508865356445,1782734283.3037007
2600,0.3610065281391144,1782734288.8300157
2700,0.5215519666671753,1782734294.6861136
2800,0.7542006969451904,1782734300.4249806
2900,0.42471611499786377,1782734306.072117
3000,0.5865190029144287,1782734311.8008294
3100,0.37262892723083496,1782734317.6095042
3200,0.4291993975639343,1782734323.6529424
3300,0.48406851291656494,1782734329.3267064
3400,0.32308775186538696,1782734334.9394212
3500,5.569153308868408,1782734340.6625817
3600,4.60530948638916,1782734347.0757246
3700,1.291342854499817,1782734352.8985445
3800,3.5214791297912598,1782734358.6066785
3900,0.41062426567077637,1782734364.274699
4000,1.0030372142791748,1782734370.1706808
4100,0.7672537565231323,1782734375.8611803
4200,0.30469709634780884,1782734381.548427
4300,0.6937718987464905,1782734387.5429964
4400,0.44976985454559326,1782734393.5186806
4500,0.41110748052597046,1782734399.7413113
4600,0.6246892213821411,1782734406.1226776
4700,0.2642817497253418,1782734412.3880424
4800,0.7930475473403931,1782734418.9907165
4900,0.5278714299201965,1782734425.4580836
5000,0.43969258666038513,1782734431.8723125
5100,0.42518627643585205,1782734438.368894
5200,1.781944990158081,1782734444.9538703
5300,1.2186081409454346,1782734451.4202406
5400,0.5976585745811462,1782734458.2871134
5500,0.7725238800048828,1782734464.8262336
5600,0.3726523518562317,1782734471.4313264
5700,0.9788415431976318,1782734478.0728102
5800,0.6058120727539062,1782734484.3947208
5900,0.9355325102806091,1782734491.0349612
6000,0.6862305402755737,1782734497.49952
6100,0.6527085900306702,1782734504.282463
6200,0.9311114549636841,1782734510.8460984
6300,0.61872398853302,1782734517.357975
6400,0.5792211294174194,1782734524.0511699
6500,0.5428274869918823,1782734530.4216545
6600,0.9030123949050903,1782734536.9244614
6700,0.5588216781616211,1782734543.3441534
6800,1.37282133102417,1782734550.1095023
6900,2.2296674251556396,1782734556.6812482
7000,2.6482694149017334,1782734563.1686685
7100,0.9931550621986389,1782734569.662931
7200,0.6324838995933533,1782734576.157237
7300,0.7581409811973572,1782734582.5210388
7400,0.9697180390357971,1782734589.0666993
7500,0.7570724487304688,1782734595.4431534
7600,0.4480024576187134,1782734601.8129456
7700,1.1765105724334717,1782734607.9834957
7800,0.7158547043800354,1782734613.9503763
7900,0.7319002747535706,1782734620.306745
8000,1.4315342903137207,1782734626.92572
8100,3.390251874923706,1782734633.7512536
8200,0.8791811466217041,1782734639.740143
8300,1.344628095626831,1782734645.8190868
8400,1.1303236484527588,1782734651.475294
8500,3.3627772331237793,1782734657.3252652
8600,5.262561321258545,1782734663.2981813
8700,2.258344888687134,1782734669.5155642
8800,0.8797944784164429,1782734675.9361932
8900,0.87129807472229,1782734682.4297352
9000,0.9902185797691345,1782734688.8563716
9100,1.0921605825424194,1782734695.31361
9200,0.6411217451095581,1782734701.9072511
9300,0.6861984729766846,1782734707.7717056
9400,0.47725024819374084,1782734713.7185109
9500,0.5711253881454468,1782734719.7098496
9600,0.8290503621101379,1782734726.267803
9700,0.6388334631919861,1782734732.81661
9800,1.2256629467010498,1782734739.0238419
9900,0.5213735699653625,1782734745.2674804
10000,0.9008381366729736,1782734751.5620115
10100,0.5654103755950928,1782734757.6736217
10200,0.5364816188812256,1782734764.2703094
10300,4.126361846923828,1782734770.3057487
10400,0.4539836645126343,1782734776.7336435
10500,1.203094720840454,1782734783.5060046
10600,0.6539586782455444,1782734789.8474874
10700,0.6079838871955872,1782734796.177515
10800,1.184482455253601,1782734802.6873887
10900,0.48909860849380493,1782734809.2437272
11000,0.9401337504386902,1782734815.769101
11100,1.2094727754592896,1782734822.0852664
11200,1.1327649354934692,1782734827.9689245
11300,0.6513227224349976,1782734834.229159
11400,0.5758379101753235,1782734840.7060578
11500,0.8887302279472351,1782734847.0510182
11600,2.7389848232269287,1782734853.525856
11700,0.7626654505729675,1782734859.84583
11800,0.5832254886627197,1782734866.0378637
11900,0.6908184289932251,1782734872.658207
12000,1.2733114957809448,1782734879.1018405
12100,1.0124621391296387,1782734885.4674475
12200,1.018385887145996,1782734892.0832167
12300,0.818124532699585,1782734898.584792
12400,0.46574753522872925,1782734905.0589657
12500,0.7255848050117493,1782734911.647909
12600,0.5629342794418335,1782734918.202581
12700,0.5738487243652344,1782734924.1657348
12800,1.0293514728546143,1782734930.7533216
12900,0.9183201789855957,1782734937.2799518
13000,0.5109481811523438,1782734943.8075469
13100,0.838595986366272,1782734950.43929
13200,0.6736879348754883,1782734956.713573
13300,0.7321646213531494,1782734963.2558405
13400,0.465598464012146,1782734969.764051
13500,0.5372220277786255,1782734976.2879035
13600,0.411617249250412,1782734982.835483
13700,0.8433255553245544,1782734989.5032494
13800,0.9434189796447754,1782734995.670628
13900,0.684630274772644,1782735001.7031934
14000,1.9008852243423462,1782735008.1285563
14100,1.4188549518585205,1782735014.6610203
14200,1.0426238775253296,1782735021.1300669
14300,0.7653347253799438,1782735027.6840718
14400,0.8226815462112427,1782735033.9757688
14500,1.0687555074691772,1782735040.9234438
14600,0.7201893925666809,1782735047.4280088
14700,0.546046257019043,1782735054.0186899
14800,0.945176899433136,1782735060.543128
14900,0.7730251550674438,1782735066.9486485
15000,0.6344797611236572,1782735073.3169954
15100,1.0535527467727661,1782735079.9934459
15200,1.0849709510803223,1782735086.4376354
15300,1.3346213102340698,1782735093.0847743
15400,4.01222562789917,1782735099.5255203
15500,1.0998649597167969,1782735106.0449824
15600,1.0413720607757568,1782735112.681602
15700,1.3299859762191772,1782735119.0584512
15800,3.997525215148926,1782735125.5869007
15900,0.823762059211731,1782735131.923388
16000,1.204932689666748,1782735138.7929332
16100,1.0983808040618896,1782735145.253365
16200,0.7879262566566467,1782735151.811741
16300,0.7396778464317322,1782735158.284568
16400,0.8726059794425964,1782735164.8587117
16500,0.828377902507782,1782735171.4175613
16600,0.6647560596466064,1782735178.1112254
16700,0.9516479969024658,1782735184.549619
16800,0.6645542979240417,1782735190.7905872
16900,0.7513373494148254,1782735197.0449986
17000,1.8759326934814453,1782735203.5709078
17100,0.7664324045181274,1782735209.981642
17200,0.5822890400886536,1782735216.6049223
17300,2.530959367752075,1782735222.809224
17400,1.0269010066986084,1782735229.4975505
17500,0.7855966687202454,1782735236.0942216
17600,1.1156885623931885,1782735242.6264637
17700,0.9369791150093079,1782735249.0763948
17800,0.6227706670761108,1782735255.4860675
17900,0.5997247695922852,1782735261.9207907
18000,1.328657865524292,1782735268.7509332
18100,0.836053729057312,1782735275.62732
18200,0.842067301273346,1782735282.218357
18300,0.9636164903640747,1782735288.7572918
18400,1.0967466831207275,1782735295.1037543
18500,0.9163331985473633,1782735301.2490013
18600,1.190746784210205,1782735307.7100418
18700,1.4066340923309326,1782735314.0877624
18800,0.8526544570922852,1782735320.8176289
18900,0.7182174921035767,1782735327.4907877
19000,0.8894963264465332,1782735333.774941
19100,1.0323116779327393,1782735340.0179908
19200,2.1127421855926514,1782735346.6525578
19300,1.0009405612945557,1782735353.301006
19400,1.5248456001281738,1782735359.8840272
19500,1.0991308689117432,1782735366.45616
19600,1.1055328845977783,1782735372.9775739
19700,0.959624171257019,1782735379.4226532
19800,0.997733473777771,1782735386.021298
19900,1.2335097789764404,1782735392.6503112
20000,1.0111207962036133,1782735399.2442696
20100,1.0346108675003052,1782735405.9782722
20200,1.0440155267715454,1782735412.6840324
20300,1.5704395771026611,1782735419.356083
20400,1.163003921508789,1782735425.6950412
20500,0.91163569688797,1782735431.7583919
20600,0.7367224097251892,1782735437.7771819
20700,1.0164697170257568,1782735444.5224903
20800,0.7267264127731323,1782735451.052901
20900,0.8646208047866821,1782735457.634713
21000,0.8024250268936157,1782735464.126508
21100,1.125563621520996,1782735470.3520663
21200,1.4778766632080078,1782735476.5084884
21300,0.661706805229187,1782735482.392962
21400,1.7715173959732056,1782735488.3105628
21500,0.6647913455963135,1782735494.4396262
21600,0.741117000579834,1782735500.4629278
21700,1.1040663719177246,1782735506.5017958
21800,2.3954381942749023,1782735512.553009
21900,1.0651572942733765,1782735518.9233646
22000,2.5834689140319824,1782735525.5084484
22100,0.7580233812332153,1782735531.8031192
22200,1.3423489332199097,1782735538.2382133
22300,0.9702292084693909,1782735544.7791123
22400,0.7777318358421326,1782735551.3036592
22500,0.8909013867378235,1782735557.5299783
22600,0.8751734495162964,1782735563.8108919
22700,0.9050666093826294,1782735570.1082149
22800,0.679853081703186,1782735576.682712
22900,1.0687838792800903,1782735583.301524
23000,0.9374181032180786,1782735590.0574155
23100,0.7735151052474976,1782735596.5362396
23200,1.3850781917572021,1782735603.2075639
23300,0.8620161414146423,1782735609.2735722
23400,0.8867291808128357,1782735615.1285284
23500,0.8769291639328003,1782735620.713411
23600,1.5922209024429321,1782735626.330547
23700,0.726395308971405,1782735631.9274142
23800,0.9002399444580078,1782735637.7161458
23900,0.955923318862915,1782735643.6205063
24000,0.9394711256027222,1782735649.2771938
24100,0.8533928394317627,1782735655.1507745
24200,0.9290173053741455,1782735661.1171794
24300,1.2047622203826904,1782735666.9381583
24400,0.8258033394813538,1782735672.6840365
24500,0.810045063495636,1782735678.484964
24600,1.7643707990646362,1782735684.257011
24700,1.3336714506149292,1782735690.2067845
24800,1.4327735900878906,1782735695.9918997
24900,0.7871884107589722,1782735701.9099712
25000,1.42063570022583,1782735707.7957234
25100,0.8743435740470886,1782735907.7086577
25200,1.1298747062683105,1782735913.6898746
25300,0.9746072292327881,1782735919.717918
25400,2.746906280517578,1782735925.80969
25500,1.0030064582824707,1782735932.0943916
25600,1.1038684844970703,1782735937.9817498
25700,1.9505531787872314,1782735944.1701987
25800,0.8562837839126587,1782735950.3041425
25900,0.7893749475479126,1782735956.248791
26000,0.841598629951477,1782735962.4101121
26100,0.8621606826782227,1782735968.2773454
26200,0.6795322895050049,1782735974.5794964
26300,1.0667383670806885,1782735980.6411326
26400,0.81191086769104,1782735986.9730031
26500,0.9292478561401367,1782735992.9336793
26600,1.0192290544509888,1782735999.1708777
26700,1.2113721370697021,1782736005.3936996
26800,0.9108113050460815,1782736011.6761243
26900,0.7754323482513428,1782736017.8418071
27000,1.1549631357192993,1782736024.1158042
27100,0.8867766857147217,1782736030.250241
27200,0.8337079286575317,1782736036.5224204
27300,1.0877641439437866,1782736042.8143632
27400,0.7506150603294373,1782736048.954179
27500,0.9306498765945435,1782736055.141238
27600,0.8977203369140625,1782736061.2165446
27700,1.1301368474960327,1782736067.6568103
27800,0.590090811252594,1782736073.7579467
27900,0.8000167608261108,1782736080.0394177
28000,0.6904698610305786,1782736086.2854269
28100,0.7773521542549133,1782736092.356361
28200,1.1373517513275146,1782736098.5949142
28300,0.9575912952423096,1782736104.8131437
28400,1.561376690864563,1782736110.7559533
28500,0.6726619005203247,1782736116.8316195
28600,0.96498703956604,1782736122.8446152
28700,0.7443687319755554,1782736128.8431246
28800,0.8186647891998291,1782736134.9536138
28900,0.8722434043884277,1782736141.2890856
29000,1.2022883892059326,1782736147.1089666
29100,1.7545154094696045,1782736152.7767134
29200,0.9729665517807007,1782736158.5120697
29300,0.8912246227264404,1782736164.4080997
29400,1.5529389381408691,1782736170.0601566
29500,1.4123342037200928,1782736175.7992098
29600,2.9429705142974854,1782736181.4966958
29700,1.880082368850708,1782736187.110407
29800,0.8847844004631042,1782736192.854157
29900,0.8158538341522217,1782736198.8104153
30000,1.155203938484192,1782736204.556592
30100,1.6527204513549805,1782736210.6367476
30200,0.8388935923576355,1782736216.561293
30300,1.4644670486450195,1782736222.2562425
30400,1.4811210632324219,1782736227.820846
30500,1.0444509983062744,1782736233.5199444
30600,0.9399584531784058,1782736239.4634213
30700,1.0294538736343384,1782736245.1855342
30800,1.2117769718170166,1782736250.9186566
30900,1.6322664022445679,1782736256.8215063
31000,1.1840076446533203,1782736262.583897
31100,1.209505319595337,1782736268.3245752
31200,0.7940523624420166,1782736273.8864233
31300,0.9362469911575317,1782736279.3507283
31400,0.8900080919265747,1782736285.1831026
31500,1.053877830505371,1782736290.899558
31600,1.1775914430618286,1782736296.762416
31700,1.5623395442962646,1782736302.563686
31800,0.8272340297698975,1782736308.3601937
31900,1.0751416683197021,1782736314.0522223
32000,1.4206774234771729,1782736319.821076
32100,1.6171963214874268,1782736325.8064642
32200,1.2542779445648193,1782736331.4475584
32300,1.3872321844100952,1782736337.3639944
32400,0.8971802592277527,1782736342.9950337
32500,1.1889349222183228,1782736348.6015015
32600,1.0191295146942139,1782736354.5363696
32700,0.9596896171569824,1782736360.362712
32800,1.0726910829544067,1782736365.9190917
32900,0.8309381604194641,1782736371.9421473
33000,1.4425747394561768,1782736377.5092127
33100,1.1331442594528198,1782736383.1755705
33200,0.7784093618392944,1782736388.8997095
33300,1.1892297267913818,1782736394.5272608
33400,0.9741231203079224,1782736400.2006557
33500,0.7459439635276794,1782736405.7075126
33600,1.3534969091415405,1782736411.2309818
33700,1.2881425619125366,1782736417.0130625
33800,0.9574965238571167,1782736422.7379496
33900,1.166451334953308,1782736428.3489552
34000,1.004882574081421,1782736434.2515748
34100,0.9513913989067078,1782736439.9010277
34200,1.0546481609344482,1782736445.6018937
34300,1.1362299919128418,1782736451.2928452
34400,1.1299333572387695,1782736456.920406
34500,1.1808338165283203,1782736462.8370776
34600,2.327190399169922,1782736468.4327114
34700,1.1668111085891724,1782736474.109546
34800,1.2900454998016357,1782736479.6841803
34900,0.7741554379463196,1782736485.4434836
35000,1.0283255577087402,1782736491.52382
35100,0.9220903515815735,1782736497.2934008
35200,1.1791270971298218,1782736502.807476
35300,0.8657241463661194,1782736508.4961522
35400,1.4571967124938965,1782736514.0993915
35500,0.9565116167068481,1782736519.6171384
35600,2.0499439239501953,1782736525.215425
35700,1.0211000442504883,1782736530.9659934
35800,0.862525999546051,1782736536.699693
35900,0.9005789756774902,1782736542.3776798
36000,1.732996940612793,1782736548.1167016
36100,0.7410256862640381,1782736553.837812
36200,0.9718942046165466,1782736559.536568
36300,0.9324370622634888,1782736565.2283936
36400,1.0051867961883545,1782736571.1032028
36500,0.9305466413497925,1782736576.7268617
36600,1.1972384452819824,1782736582.4564893
36700,0.9344643950462341,1782736588.1672325
36800,1.1152743101119995,1782736594.1351807
36900,1.0096209049224854,1782736599.6303773
37000,1.862170934677124,1782736605.5556436
37100,1.0943355560302734,1782736611.2584112
37200,1.0262510776519775,1782736616.9828002
37300,0.9614156484603882,1782736622.897944
37400,0.9190860986709595,1782736628.6520586
37500,0.8701343536376953,1782736634.6256745
37600,1.0339075326919556,1782736640.251177
37700,0.716969907283783,1782736646.086938
37800,1.3890714645385742,1782736651.9748092
37900,1.1033437252044678,1782736657.8029532
38000,0.9080629944801331,1782736663.3260732
38100,0.9062384366989136,1782736668.844129
38200,1.1032850742340088,1782736674.6600225
38300,1.020900011062622,1782736680.4950066
38400,0.895808756351471,1782736686.197012
38500,1.100873351097107,1782736692.1386664
38600,0.8601003289222717,1782736697.7837136
38700,0.7527384161949158,1782736703.5710635
38800,0.9926450848579407,1782736709.341845
38900,1.285181999206543,1782736715.0264845
39000,1.9664957523345947,1782736721.0851429
39100,1.1321301460266113,1782736726.8068302
39200,0.9627910852432251,1782736732.533582
39300,1.1211228370666504,1782736738.3425848
39400,0.9297564029693604,1782736743.9615526
39500,1.0030550956726074,1782736749.5158792
39600,1.010848045349121,1782736755.3577442
39700,1.2182395458221436,1782736760.8981342
39800,1.245635986328125,1782736766.6489613
39900,1.5503853559494019,1782736772.2604158
40000,1.2907836437225342,1782736777.8941367
40100,1.7228747606277466,1782736783.5988002
40200,0.9600498676300049,1782736789.383654
40300,0.9945051670074463,1782736794.9894183
40400,1.1296703815460205,1782736800.6982055
40500,1.1971418857574463,1782736806.3841794
40600,1.391528844833374,1782736811.8545134
40700,1.4920927286148071,1782736817.5349069
40800,1.4329679012298584,1782736823.0978687
40900,1.2318506240844727,1782736829.0293543
41000,0.940072774887085,1782736834.7578084
41100,1.1297607421875,1782736840.4184568
41200,1.2565522193908691,1782736846.0833662
41300,1.478817105293274,1782736851.5423234
41400,1.421566128730774,1782736857.2481587
41500,3.8507473468780518,1782736862.8231232
41600,1.8583842515945435,1782736868.5427804
41700,1.3957794904708862,1782736874.1263816
41800,1.0368294715881348,1782736879.6920345
41900,1.2430123090744019,1782736885.3529654
42000,1.6380085945129395,1782736891.1893284
42100,2.3428072929382324,1782736896.9178188
42200,1.6389436721801758,1782736902.5396938
42300,1.4879831075668335,1782736908.1354432
42400,1.6024863719940186,1782736913.7083373
42500,1.6341502666473389,1782736919.5507736
42600,1.2606582641601562,1782736925.1630034
42700,1.8690403699874878,1782736930.7859714
42800,2.117821216583252,1782736936.5913067
42900,1.3451728820800781,1782736942.3839219
43000,1.0501329898834229,1782736948.0937295
43100,1.2436509132385254,1782736953.9754112
43200,1.2736618518829346,1782736959.6613731
43300,1.5195648670196533,1782736965.3479292
43400,2.3551549911499023,1782736971.3076816
43500,1.2683359384536743,1782736976.9843361
43600,1.3260414600372314,1782736982.798524
43700,0.9127206206321716,1782736988.5896852
43800,3.8031396865844727,1782736994.2059288
43900,1.0436434745788574,1782736999.8502321
44000,1.01124107837677,1782737005.4327369
44100,1.1009011268615723,1782737011.0548499
44200,1.244354009628296,1782737016.7992406
44300,1.5245838165283203,1782737022.4929903
44400,1.553978443145752,1782737028.2659705
44500,1.0835908651351929,1782737034.3528233
44600,2.6188085079193115,1782737039.9791737
44700,1.5661028623580933,1782737045.8278124
44800,1.2646615505218506,1782737051.442954
44900,1.4041860103607178,1782737057.0752666
45000,1.8508527278900146,1782737062.6881454
45100,1.1548638343811035,1782737068.9136417
45200,1.3709660768508911,1782737074.5980158
45300,1.1321752071380615,1782737080.4164977
45400,1.4612963199615479,1782737086.2719734
45500,1.188928246498108,1782737091.9481542
45600,1.445267915725708,1782737097.4715426
45700,1.349440574645996,1782737103.1541944
45800,1.986610770225525,1782737108.9257646
45900,1.2733055353164673,1782737114.6407893
46000,1.7138445377349854,1782737120.3854282
46100,1.56241774559021,1782737126.0062275
46200,1.0921574831008911,1782737131.7767122
46300,1.0677919387817383,1782737137.5877056
46400,0.974683403968811,1782737143.2702556
46500,1.3888285160064697,1782737149.1055846
46600,1.3472669124603271,1782737154.920721
46700,0.9247800707817078,1782737160.789345
46800,0.8584375381469727,1782737166.565923
46900,0.9883684515953064,1782737172.2761624
47000,1.1623796224594116,1782737178.00327
47100,1.3765122890472412,1782737183.7288163
47200,1.386117696762085,1782737189.539165
47300,1.0338830947875977,1782737195.1767597
47400,0.8778735399246216,1782737201.227202
47500,0.9436476230621338,1782737206.876801
47600,0.9459455609321594,1782737212.4502306
47700,1.2397066354751587,1782737218.3855364
47800,0.9440871477127075,1782737223.988588
47900,1.3015356063842773,1782737229.654368
48000,1.1523679494857788,1782737235.4792051
48100,0.7761563062667847,1782737241.2839663
48200,1.013737678527832,1782737247.0962138
48300,1.2452363967895508,1782737252.9781852
48400,1.1272677183151245,1782737258.7613204
48500,1.2378069162368774,1782737264.5607975
48600,1.0835903882980347,1782737270.198314
48700,1.2925503253936768,1782737275.9663959
48800,2.8042774200439453,1782737281.7699695
48900,3.3116989135742188,1782737287.7514253
49000,1.8869824409484863,1782737293.5016406
49100,2.655477285385132,1782737299.2164493
49200,1.74550199508667,1782737305.15179
49300,2.7239480018615723,1782737310.7989702
49400,1.2967661619186401,1782737316.5724382
49500,1.293886423110962,1782737322.4559476
49600,1.1974735260009766,1782737328.315923
49700,1.278062343597412,1782737334.0207455
49800,1.2991108894348145,1782737339.8335376
49900,1.1933059692382812,1782737345.7626007
50000,1.1377894878387451,1782737351.6679275
50100,1.1642651557922363,1782737537.7811193
50200,0.982136607170105,1782737543.619285
50300,1.070462942123413,1782737549.4515688
50400,1.0008660554885864,1782737554.9713674
50500,1.2317047119140625,1782737560.6054497
50600,1.8814687728881836,1782737566.5440912
50700,1.4161657094955444,1782737572.1570516
50800,1.260300874710083,1782737578.0584679
50900,1.3435192108154297,1782737583.7709355
51000,1.0486011505126953,1782737589.5679567
51100,1.289603352546692,1782737595.270917
51200,1.2648557424545288,1782737601.2268047
51300,1.2703166007995605,1782737606.8282676
51400,1.2191030979156494,1782737612.6976845
51500,1.1998008489608765,1782737618.534197
51600,1.0658749341964722,1782737624.2845125
51700,1.3320913314819336,1782737630.1009734
51800,1.1218464374542236,1782737635.7990894
51900,1.210318922996521,1782737641.5923338
52000,1.2984938621520996,1782737647.4375403
52100,1.274922251701355,1782737653.065362
52200,1.1930456161499023,1782737658.6937962
52300,1.653686761856079,1782737664.303598
52400,1.2043399810791016,1782737670.152402
52500,1.3665885925292969,1782737675.6975596
52600,1.9908539056777954,1782737681.4625673
52700,1.5556421279907227,1782737687.1865385
52800,1.129885196685791,1782737692.758982
52900,1.1991995573043823,1782737698.5277116
53000,1.9420225620269775,1782737704.11527
53100,1.2289576530456543,1782737709.7171245
53200,1.6696717739105225,1782737715.357621
53300,1.1473102569580078,1782737721.2256925
53400,0.8886554837226868,1782737726.9340172
53500,1.591177225112915,1782737732.6284413
53600,1.3207666873931885,1782737738.4922614
53700,1.3061511516571045,1782737744.2926512
53800,1.038870096206665,1782737750.115124
53900,1.5889983177185059,1782737755.998336
54000,1.344543218612671,1782737761.7507515
54100,0.9647228717803955,1782737767.3338861
54200,1.6371686458587646,1782737772.9235764
54300,1.3661298751831055,1782737778.4948993
54400,1.3470362424850464,1782737784.1904216
54500,1.2248952388763428,1782737790.1169708
54600,1.4993159770965576,1782737795.6718223
54700,1.0957651138305664,1782737801.5999618
54800,1.2041698694229126,1782737807.381848
54900,1.1763306856155396,1782737812.837458
55000,1.8116579055786133,1782737818.61715
55100,1.1467523574829102,1782737824.4354565
55200,0.9689028859138489,1782737830.1750436
55300,1.0250883102416992,1782737836.062842
55400,1.030328631401062,1782737841.619045
55500,1.2058815956115723,1782737847.486931
55600,1.2064340114593506,1782737853.37921
55700,0.8682794570922852,1782737859.215543
55800,1.6257798671722412,1782737864.9193594
55900,1.0217294692993164,1782737870.5020318
56000,0.8479211926460266,1782737876.3002408
56100,1.3702683448791504,1782737882.1780124
56200,1.1312133073806763,1782737887.7679694
56300,1.1096768379211426,1782737893.550705
56400,0.9658674001693726,1782737899.298015
56500,0.8246051073074341,1782737904.955316
56600,1.3281192779541016,1782737910.7640543
56700,0.7666976451873779,1782737916.6276352
56800,1.3178668022155762,1782737922.4892616
56900,1.360413908958435,1782737928.0081015
57000,1.2561546564102173,1782737933.9804432
57100,1.567825436592102,1782737939.737907
57200,1.1292630434036255,1782737945.3414807
57300,1.4019091129302979,1782737951.1953924
57400,0.9164578914642334,1782737956.8068426
57500,0.7722535133361816,1782737962.4708066
57600,0.9849177598953247,1782737968.2561162
57700,1.4204964637756348,1782737974.1169329
57800,1.0337097644805908,1782737980.0029187
57900,0.7643414735794067,1782737985.6251254
58000,0.8893343210220337,1782737991.563556
58100,0.9809557795524597,1782737997.1664877
58200,1.102683663368225,1782738003.3835485
58300,1.1047648191452026,1782738009.1330676
58400,1.6625252962112427,1782738014.9379468
58500,1.5200855731964111,1782738020.6046495
58600,0.9985299110412598,1782738026.3192465
58700,0.9858289361000061,1782738032.2587955
58800,1.1701586246490479,1782738037.8815024
58900,1.055054783821106,1782738043.5434227
59000,0.9584817290306091,1782738049.282426
59100,0.8677130937576294,1782738054.9532585
59200,1.0596355199813843,1782738060.5265296
59300,1.816201090812683,1782738066.270624
59400,1.0399396419525146,1782738071.8381364
59500,1.2333717346191406,1782738077.6325452
59600,1.7267004251480103,1782738083.4368024
59700,1.0165691375732422,1782738089.228125
59800,1.4734553098678589,1782738095.0196702
59900,1.0693919658660889,1782738100.6529794
60000,1.0746830701828003,1782738106.3027596
60100,0.8876252174377441,1782738111.8211339
60200,1.1172535419464111,1782738117.5297136
60300,2.452040195465088,1782738123.316316
60400,1.1392930746078491,1782738128.8618765
60500,1.0070983171463013,1782738134.9254787
60600,1.4311792850494385,1782738140.7518358
60700,1.2479116916656494,1782738146.5509388
60800,0.8647564649581909,1782738152.1050496
60900,0.9799916744232178,1782738157.8201177
61000,0.950846791267395,1782738163.6387112
61100,1.0354093313217163,1782738169.353813
61200,1.1087424755096436,1782738175.128395
61300,1.5944932699203491,1782738181.1692214
61400,1.1087380647659302,1782738186.9966073
61500,1.0359282493591309,1782738192.8390658
61600,1.1413729190826416,1782738198.4532933
61700,0.8881025910377502,1782738204.1974714
61800,1.4544596672058105,1782738209.9557123
61900,1.1623799800872803,1782738215.911224
62000,1.3850502967834473,1782738221.6552804
62100,1.4659360647201538,1782738227.3409991
62200,1.0723373889923096,1782738233.064043
62300,1.386641502380371,1782738238.780493
62400,1.135406255722046,1782738244.6277559
62500,1.7165882587432861,1782738250.4534109
62600,2.0050463676452637,1782738256.2937448
62700,1.4463915824890137,1782738262.1942184
62800,1.3944579362869263,1782738267.9685373
62900,1.14998459815979,1782738273.7032347
63000,1.1338446140289307,1782738279.3439543
63100,1.5245091915130615,1782738285.0907378
63200,1.0620554685592651,1782738290.7921154
63300,1.2481600046157837,1782738296.428734
63400,1.0016436576843262,1782738302.11911
63500,1.5375876426696777,1782738307.9019835
63600,1.099926471710205,1782738313.7924256
63700,0.8475309610366821,1782738319.6162102
63800,1.2814662456512451,1782738325.5351675
63900,1.6004235744476318,1782738331.2937667
64000,1.16666841506958,1782738336.9171948
64100,1.763810157775879,1782738342.634071
64200,1.0235350131988525,1782738348.330561
64300,2.1006436347961426,1782738354.1009934
64400,1.0612823963165283,1782738359.992355
64500,0.9378131628036499,1782738365.6857436
64600,1.4223136901855469,1782738371.406917
64700,0.9897675514221191,1782738377.2892945
64800,1.1266530752182007,1782738382.9645061
64900,1.447941780090332,1782738388.516805
65000,2.113194465637207,1782738394.277207
65100,1.4206984043121338,1782738400.1350641
65200,1.3617229461669922,1782738406.02886
65300,1.8754053115844727,1782738411.8110175
65400,1.2583283185958862,1782738417.5744765
65500,1.3496664762496948,1782738423.2616403
65600,1.2994134426116943,1782738429.1924844
65700,1.5412571430206299,1782738434.9102666
65800,1.2034108638763428,1782738440.6729643
65900,1.2815818786621094,1782738446.3732316
66000,1.5852911472320557,1782738452.3181908
66100,1.6994686126708984,1782738458.291615
66200,1.3083032369613647,1782738463.9159012
66300,1.4437830448150635,1782738469.9420488
66400,1.2241941690444946,1782738475.8249538
66500,1.6190122365951538,1782738481.5619469
66600,2.465975761413574,1782738487.1995099
66700,1.580611228942871,1782738493.0718868
66800,1.4433894157409668,1782738498.5579793
66900,1.25495445728302,1782738504.445632
67000,1.184497594833374,1782738510.3247373
67100,1.218276023864746,1782738516.2532513
67200,1.1604896783828735,1782738522.0240514
67300,1.9098703861236572,1782738527.7349823
67400,1.8610962629318237,1782738533.7144878
67500,1.5404341220855713,1782738539.340934
67600,1.2087781429290771,1782738545.3667076
67700,1.53132164478302,1782738551.1203477
67800,1.1238865852355957,1782738557.260577
67900,1.1569825410842896,1782738562.7900388
68000,1.5700932741165161,1782738568.7373412
68100,1.0450893640518188,1782738574.5059779
68200,2.1538636684417725,1782738580.3110611
68300,1.4802350997924805,1782738586.1159124
68400,1.8933279514312744,1782738592.0172668
68500,1.2287431955337524,1782738597.7120154
68600,1.4370412826538086,1782738603.5653148
68700,1.140049934387207,1782738609.1906297
68800,1.3859169483184814,1782738614.8550735
68900,1.5125563144683838,1782738620.9841259
69000,0.9923861026763916,1782738626.5684803
69100,1.00082528591156,1782738632.1913643
69200,1.2298508882522583,1782738637.870485
69300,1.3342981338500977,1782738643.609418
69400,1.5941776037216187,1782738649.0605037
69500,1.0940845012664795,1782738655.0170498
69600,1.1851868629455566,1782738661.0950675
69700,1.9341028928756714,1782738666.974596
69800,1.04317045211792,1782738672.6539614
69900,1.5446274280548096,1782738678.460598
70000,1.2883186340332031,1782738684.2820325
70100,1.4525864124298096,1782738690.21519
70200,1.305091142654419,1782738696.1600718
70300,1.0839860439300537,1782738702.065817
70400,1.5504207611083984,1782738707.7948217
70500,1.2335841655731201,1782738713.7366982
70600,1.6506943702697754,1782738719.4209917
70700,1.2813740968704224,1782738725.0540729
70800,1.381737232208252,1782738730.9737482
70900,1.3132681846618652,1782738736.8759441
71000,2.0554285049438477,1782738742.550485
71100,1.1973192691802979,1782738748.3003988
71200,1.2124733924865723,1782738753.905741
71300,1.2537273168563843,1782738759.6225932
71400,1.2203736305236816,1782738765.6029363
71500,1.2969528436660767,1782738771.4563968
71600,1.094475269317627,1782738777.2764544
71700,1.3156259059906006,1782738783.2874138
71800,1.3610765933990479,1782738789.2569191
71900,1.5583189725875854,1782738795.0533605
72000,1.2919435501098633,1782738800.6633384
72100,1.1724042892456055,1782738806.6532724
72200,1.1649532318115234,1782738812.4407756
72300,1.1232117414474487,1782738818.3598495
72400,1.3062652349472046,1782738824.2170782
72500,1.9923291206359863,1782738830.2302463
72600,0.8520639538764954,1782738836.0847597
72700,1.3124135732650757,1782738841.916318
72800,1.074431300163269,1782738847.8843303
72900,1.3789896965026855,1782738853.5030088
73000,1.414717197418213,1782738859.2640445
73100,1.7734622955322266,1782738864.973083
73200,1.790982723236084,1782738870.7358382
73300,1.3937270641326904,1782738876.406973
73400,0.8518949747085571,1782738882.3080788
73500,1.3801517486572266,1782738887.9368482
73600,1.6357815265655518,1782738893.7228389
73700,0.9805639386177063,1782738899.6201746
73800,1.3509818315505981,1782738905.5161066
73900,1.1617114543914795,1782738911.3550959
74000,1.9077436923980713,1782738917.1581452
74100,1.3788478374481201,1782738922.8347101
74200,1.444488286972046,1782738928.5698261
74300,1.8533859252929688,1782738934.3715057
74400,1.7303506135940552,1782738940.398454
74500,1.4328337907791138,1782738946.5085843
74600,1.267641544342041,1782738952.3971686
74700,1.2958717346191406,1782738958.2912085
74800,1.4879369735717773,1782738964.1036358
74900,1.3436744213104248,1782738969.70224
75000,1.3792691230773926,1782738975.5087845
75100,1.6316415071487427,1782739112.3631017
75200,1.7449610233306885,1782739118.3026886
75300,1.2618236541748047,1782739123.9562285
75400,1.7568063735961914,1782739130.0061138
75500,1.5797674655914307,1782739135.875839
75600,1.3224927186965942,1782739141.5022566
75700,1.5918492078781128,1782739147.4495552
75800,1.4451777935028076,1782739153.305953
75900,1.357137680053711,1782739159.3309572
76000,1.1043699979782104,1782739165.1574488
76100,1.399987816810608,1782739171.1959343
76200,1.0534483194351196,1782739177.0341208
76300,1.3159058094024658,1782739183.1570399
76400,1.0302373170852661,1782739188.8497736
76500,1.3137898445129395,1782739194.6822915
76600,1.3082759380340576,1782739200.7620332
76700,1.1696772575378418,1782739206.4621394
76800,1.0410517454147339,1782739212.1210122
76900,1.3124237060546875,1782739217.936696
77000,1.241660237312317,1782739223.5704212
77100,0.8487273454666138,1782739229.487587
77200,1.1298575401306152,1782739235.1916149
77300,1.0728222131729126,1782739241.1331115
77400,1.1182035207748413,1782739246.994612
77500,1.1724815368652344,1782739252.6222036
77600,1.443662166595459,1782739258.2548716
77700,0.876203179359436,1782739263.9705122
77800,1.3962180614471436,1782739270.025934
77900,1.1941847801208496,1782739276.005488
78000,1.106895923614502,1782739281.7294216
78100,1.2901945114135742,1782739287.6024053
78200,1.23835289478302,1782739293.5666397
78300,1.1437952518463135,1782739299.3843734
78400,0.8847926259040833,1782739305.0091012
78500,1.1045303344726562,1782739310.9940016
78600,1.3066952228546143,1782739316.7644773
78700,1.3010917901992798,1782739322.7190402
78800,1.074613332748413,1782739328.5497
78900,1.0823919773101807,1782739334.243267
79000,1.0109071731567383,1782739339.9616258
79100,1.0650140047073364,1782739345.9453104
79200,1.0372846126556396,1782739351.664875
79300,0.908705472946167,1782739357.3997881
79400,1.4690362215042114,1782739363.1213655
79500,1.2757306098937988,1782739368.9381654
79600,0.9586430788040161,1782739374.7545073
79700,1.3716208934783936,1782739380.5060947
79800,1.1036162376403809,1782739386.194153
79900,1.04011869430542,1782739392.009131
80000,2.1004319190979004,1782739397.7631063
80100,1.126056432723999,1782739403.5689313
80200,1.1063578128814697,1782739409.3227866
80300,0.960284411907196,1782739414.9260395
80400,1.1764479875564575,1782739420.7210038
80500,2.292982339859009,1782739426.3836942
80600,1.241449236869812,1782739432.3646002
80700,1.0104615688323975,1782739438.1850235
80800,1.374921202659607,1782739443.9595766
80900,1.4840874671936035,1782739449.7554276
81000,1.1208570003509521,1782739455.6337755
81100,1.1279823780059814,1782739461.4349735
81200,0.991510272026062,1782739467.2704344
81300,1.772425889968872,1782739473.1529977
81400,1.1225504875183105,1782739479.0105767
81500,1.6007623672485352,1782739484.7958322
81600,1.0034456253051758,1782739490.5797725
81700,1.538314700126648,1782739496.386019
81800,1.0231235027313232,1782739502.0671446
81900,1.0829964876174927,1782739508.0529058
82000,1.0519390106201172,1782739513.762093
82100,1.2152386903762817,1782739519.593701
82200,1.2368526458740234,1782739525.6230702
82300,1.5832518339157104,1782739531.2221665
82400,1.3127367496490479,1782739537.0179064
82500,1.03644859790802,1782739542.7629015
82600,1.6435461044311523,1782739548.58879
82700,1.3582777976989746,1782739554.3628209
82800,1.2253438234329224,1782739560.0698297
82900,1.3656100034713745,1782739565.7652903
83000,1.14426589012146,1782739571.3929582
83100,0.9048947095870972,1782739577.141732
83200,0.8093364238739014,1782739582.9749255
83300,0.9404478073120117,1782739588.5911572
83400,1.527294397354126,1782739594.149088
83500,1.3119373321533203,1782739600.0205944
83600,1.178727388381958,1782739605.6353683
83700,1.9953619241714478,1782739611.3744206
83800,1.8109437227249146,1782739617.0808961
83900,1.2995245456695557,1782739622.982622
84000,0.9894776344299316,1782739628.6158886
84100,1.8703737258911133,1782739634.3922083
84200,1.0562268495559692,1782739640.0610194
84300,1.5011036396026611,1782739645.9767852
84400,1.367898941040039,1782739651.7525744
84500,1.78107488155365,1782739657.6964526
84600,1.4748973846435547,1782739663.404315
84700,1.3910574913024902,1782739669.0254421
84800,1.7564051151275635,1782739674.8256927
84900,1.6004605293273926,1782739680.79374
85000,1.232229471206665,1782739686.4529471
85100,1.3534126281738281,1782739692.1848834
85200,1.785898208618164,1782739698.1644773
85300,1.5792030096054077,1782739703.8241267
85400,1.3561670780181885,1782739709.7077901
85500,1.2387101650238037,1782739715.4572506
85600,1.5991482734680176,1782739721.293584
85700,1.121246337890625,1782739726.8422005
85800,1.799534559249878,1782739732.4881644
85900,0.9756631851196289,1782739738.481153
86000,1.256868600845337,1782739744.2056441
86100,1.3654836416244507,1782739750.0812085
86200,1.5269334316253662,1782739755.887124
86300,1.4529476165771484,1782739761.597696
86400,1.0841493606567383,1782739767.3039272
86500,1.321641206741333,1782739773.1406505
86600,1.133493185043335,1782739778.8173218
86700,1.0522346496582031,1782739784.6380877
86800,1.8468585014343262,1782739790.818028
86900,2.1347579956054688,1782739796.4180052
87000,1.8873053789138794,1782739802.0307178
87100,1.3210170269012451,1782739807.9169984
87200,1.6207085847854614,1782739813.578366
87300,1.136662483215332,1782739819.2845583
87400,2.550852060317993,1782739825.1724608
87500,1.5912346839904785,1782739830.8212082
87600,2.2960009574890137,1782739836.680819
87700,1.5718967914581299,1782739842.3672874
87800,1.5187830924987793,1782739848.400601
87900,1.2715553045272827,1782739854.0662663
88000,1.7198097705841064,1782739859.7529476
88100,1.3854776620864868,1782739865.4061868
88200,1.7594038248062134,1782739871.2422788
88300,1.5733723640441895,1782739877.0048325
88400,1.820838212966919,1782739882.9938517
88500,2.2031521797180176,1782739888.668613
88600,1.6475629806518555,1782739894.2925978
88700,1.076018214225769,1782739900.347828
88800,1.0273783206939697,1782739905.9857738
88900,1.3711038827896118,1782739911.6407332
89000,1.5042943954467773,1782739917.264067
89100,1.143931269645691,1782739922.8312361
89200,1.2263076305389404,1782739928.6540143
89300,1.0831997394561768,1782739934.5492013
89400,1.0785174369812012,1782739940.2215352
89500,1.4590792655944824,1782739945.868251
89600,1.137414574623108,1782739951.8909845
89700,1.2695187330245972,1782739957.5682282
89800,1.2992749214172363,1782739963.5306406
89900,1.1980538368225098,1782739969.4213006
90000,1.2789565324783325,1782739975.2702947
90100,1.247162103652954,1782739981.0207226
90200,1.077770471572876,1782739986.8037102
90300,1.2724339962005615,1782739992.4175467
90400,0.991548478603363,1782739998.1982071
90500,1.257558822631836,1782740004.0608253
90600,1.1165704727172852,1782740009.8694406
90700,1.431990146636963,1782740015.6376085
90800,1.2921481132507324,1782740021.4820232
90900,1.3517775535583496,1782740027.190239
91000,1.5473641157150269,1782740033.1404061
91100,1.2765294313430786,1782740038.7862558
91200,1.168363094329834,1782740044.7720835
91300,1.1840438842773438,1782740050.5098164
91400,1.1850179433822632,1782740056.171296
91500,1.231849193572998,1782740061.6763027
91600,1.1621748208999634,1782740067.293217
91700,1.021080493927002,1782740072.784348
91800,1.0178061723709106,1782740078.4868727
91900,1.297824740409851,1782740084.0981495
92000,1.138242483139038,1782740089.7183437
92100,1.1367883682250977,1782740095.3527532
92200,1.0878467559814453,1782740100.9363103
92300,1.1461541652679443,1782740106.637618
92400,1.0041563510894775,1782740112.6031342
92500,1.3368641138076782,1782740118.4419484
92600,2.334259033203125,1782740124.2356021
92700,1.4842429161071777,1782740130.0534108
92800,1.8981764316558838,1782740135.7391286
92900,1.1793453693389893,1782740141.4870675
93000,1.0502249002456665,1782740147.291562
93100,1.2502906322479248,1782740153.006831
93200,1.9039332866668701,1782740158.9892144
93300,1.63197660446167,1782740164.750953
93400,1.521512746810913,1782740170.373319
93500,1.6003360748291016,1782740175.8898482
93600,1.1109380722045898,1782740181.5693686
93700,1.4185643196105957,1782740187.516098
93800,1.4381248950958252,1782740193.1980762
93900,1.7543737888336182,1782740199.1874497
94000,1.6659520864486694,1782740204.9197607
94100,1.509822130203247,1782740210.7531092
94200,1.3530259132385254,1782740216.4464517
94300,1.3494296073913574,1782740222.2521372
94400,1.8570165634155273,1782740227.8850486
94500,1.1853952407836914,1782740234.3108473
94600,1.2948445081710815,1782740239.9624834
94700,1.3516252040863037,1782740245.6679294
94800,1.382087230682373,1782740251.5760071
94900,0.9647040963172913,1782740257.3671887
95000,1.58742356300354,1782740263.150801
95100,0.975711464881897,1782740268.8775642
95200,1.1242836713790894,1782740274.629504
95300,1.196526050567627,1782740280.2706687
95400,1.1405283212661743,1782740285.9843903
95500,1.1149729490280151,1782740291.970941
95600,1.733996868133545,1782740297.693971
95700,2.1038589477539062,1782740303.2838674
95800,2.405881881713867,1782740308.9200523
95900,3.578160047531128,1782740314.7359195
96000,1.2842934131622314,1782740320.5386188
96100,1.6030255556106567,1782740326.334148
96200,1.14402174949646,1782740332.1047056
96300,0.9075729846954346,1782740337.924675
96400,1.1750741004943848,1782740343.6007476
96500,1.6033371686935425,1782740349.5876389
96600,1.1742463111877441,1782740355.3626547
96700,1.5620850324630737,1782740361.1707811
96800,1.2966432571411133,1782740366.7809174
96900,1.1760451793670654,1782740372.489275
97000,1.416325330734253,1782740378.2985666
97100,1.743725299835205,1782740384.2962625
97200,1.832533836364746,1782740390.0825434
97300,1.4832344055175781,1782740395.8207266
97400,1.3641941547393799,1782740402.0847943
97500,1.3758196830749512,1782740408.1366286
97600,1.5406161546707153,1782740413.9012794
97700,1.5422487258911133,1782740419.6970139
97800,1.6065137386322021,1782740425.6563747
97900,1.6106138229370117,1782740431.3193843
98000,2.051238775253296,1782740437.2747922
98100,1.448774814605713,1782740443.2151775
98200,1.6212975978851318,1782740448.9505608
98300,1.5622732639312744,1782740454.8365645
98400,1.6480226516723633,1782740460.558858
98500,1.3901926279067993,1782740466.4005563
98600,1.649193286895752,1782740472.3704872
98700,2.1416611671447754,1782740478.124248
98800,1.513554573059082,1782740483.9892406
98900,1.640486240386963,1782740489.7432208
99000,1.819628119468689,1782740495.713532
99100,3.3774757385253906,1782740501.4339824
99200,1.8916115760803223,1782740507.3990674
99300,1.4505804777145386,1782740513.1936696
99400,1.2422378063201904,1782740518.8716226
99500,1.4698753356933594,1782740524.7766025
99600,1.7138036489486694,1782740530.4287667
99700,1.3964486122131348,1782740536.3702674
99800,1.2779662609100342,1782740542.349785
99900,1.1381524801254272,1782740548.245461
100000,1.3643927574157715,1782740554.189408
100100,5.616398811340332,1782740701.8306317
100200,4.6215972900390625,1782740707.5788937
100300,3.3642497062683105,1782740713.4380636
100400,2.866246223449707,1782740719.336531
100500,1.5262855291366577,1782740724.9812856
100600,1.6398112773895264,1782740730.6944935
100700,0.9640507102012634,1782740736.6179316
100800,1.143316388130188,1782740742.3147874
100900,0.9000498056411743,1782740748.185943
101000,1.3314285278320312,1782740753.8824286
101100,1.2516752481460571,1782740759.5765631
101200,0.7908993363380432,1782740765.4606779
101300,1.0005381107330322,1782740771.3648193
101400,0.9545125961303711,1782740777.2145805
101500,0.8637212514877319,1782740783.063227
101600,1.0113792419433594,1782740788.6978798
101700,1.0636210441589355,1782740794.350344
101800,1.127577304840088,1782740800.148864
101900,1.2072463035583496,1782740805.9729655
102000,1.182308316230774,1782740811.7950737
102100,0.9700128436088562,1782740817.5688457
102200,1.0767197608947754,1782740823.1619349
102300,1.224480152130127,1782740828.8123248
102400,1.5365244150161743,1782740834.544805
102500,1.4410157203674316,1782740840.1520798
102600,1.1330561637878418,1782740846.0162873
102700,2.2536768913269043,1782740851.6904597
102800,1.6132069826126099,1782740857.464325
102900,1.3155854940414429,1782740863.2840486
103000,1.620424509048462,1782740869.0440862
103100,1.4682135581970215,1782740874.7691574
103200,1.2155210971832275,1782740880.664874
103300,1.7668845653533936,1782740886.4558637
103400,1.5060620307922363,1782740892.626966
103500,1.2131614685058594,1782740898.5781794
103600,1.706925392150879,1782740904.3981764
103700,1.5732576847076416,1782740910.1552422
103800,1.2803449630737305,1782740915.8591921
103900,1.8339393138885498,1782740921.5707984
104000,1.4479211568832397,1782740927.427963
104100,1.152047872543335,1782740933.2100945
104200,1.5579791069030762,1782740939.016453
104300,1.6427557468414307,1782740945.1754491
104400,1.2418478727340698,1782740950.9115245
104500,1.3279902935028076,1782740956.787363
104600,1.3017466068267822,1782740962.5149162
104700,1.3945508003234863,1782740968.3338084
104800,1.4781683683395386,1782740973.9809341
104900,1.2302355766296387,1782740979.78708
105000,1.1812912225723267,1782740985.4446828
105100,1.5048902034759521,1782740991.1709924
105200,1.2472929954528809,1782740996.906853
105300,1.678217887878418,1782741002.7713068
105400,1.2553149461746216,1782741008.7100766
105500,1.4512065649032593,1782741014.703477
105600,1.5010428428649902,1782741020.5103443
105700,1.0693860054016113,1782741026.4475317
105800,1.3899827003479004,1782741032.0627284
105900,1.56869375705719,1782741037.7273455
106000,1.038886308670044,1782741043.3486683
106100,1.7468197345733643,1782741049.182476
106200,0.9877966642379761,1782741054.7533145
106300,1.4243377447128296,1782741060.416244
106400,1.554693341255188,1782741065.988691
106500,1.2115129232406616,1782741071.9278436
106600,0.9760717153549194,1782741077.6583967
106700,1.0599159002304077,1782741083.391094
106800,1.0509302616119385,1782741089.2268577
106900,1.0673933029174805,1782741094.9296784
107000,1.8955761194229126,1782741100.795979
107100,0.9786087274551392,1782741106.5051308
107200,1.4208792448043823,1782741112.236564
107300,1.0276951789855957,1782741117.8164253
107400,0.9283849000930786,1782741123.4399135
107500,1.3028228282928467,1782741129.1871002
107600,0.9548337459564209,1782741135.0931652
107700,1.1126912832260132,1782741140.8763022
107800,1.1079597473144531,1782741146.4518497
107900,1.4638004302978516,1782741152.2897935
108000,1.3070119619369507,1782741158.1915398
108100,1.5139496326446533,1782741163.982582
108200,1.4863641262054443,1782741169.700007
108300,1.0861175060272217,1782741175.5180843
108400,1.5015647411346436,1782741181.2496347
108500,1.2293659448623657,1782741186.9276245
108600,1.3946382999420166,1782741192.8643472
108700,1.3043514490127563,1782741198.603374
108800,1.3881587982177734,1782741204.5664573
108900,1.2981151342391968,1782741210.4021528
109000,1.3596471548080444,1782741216.1158924
109100,0.847077488899231,1782741221.876918
109200,1.2705429792404175,1782741227.9830544
109300,0.9689008593559265,1782741233.7824435
109400,2.4832911491394043,1782741239.7023652
109500,1.5016849040985107,1782741245.3737562
109600,1.0816324949264526,1782741251.1146357
109700,1.0455474853515625,1782741256.765679
109800,1.4302053451538086,1782741262.5566993
109900,1.1643511056900024,1782741268.207541
110000,1.3894789218902588,1782741274.0745845
110100,1.4838764667510986,1782741279.839322
110200,1.97314453125,1782741285.6065788
110300,0.957537055015564,1782741291.6624188
110400,1.9566459655761719,1782741297.440636
110500,1.8054826259613037,1782741303.2722688
110600,1.8140681982040405,1782741309.070778
110700,1.0700109004974365,1782741314.7123375
110800,1.2611310482025146,1782741320.6240084
110900,1.3278728723526,1782741326.5098572
111000,2.124594211578369,1782741332.4105737
111100,1.3206478357315063,1782741338.292702
111200,1.401623249053955,1782741344.0229578
111300,1.3818633556365967,1782741349.677749
111400,0.9727715849876404,1782741355.4213881
111500,1.2057595252990723,1782741361.2253013
111600,1.0603923797607422,1782741366.9907284
111700,1.0899579524993896,1782741372.9318504
111800,1.453330636024475,1782741378.5936532
111900,2.145256996154785,1782741384.3602254
112000,1.2729203701019287,1782741390.1021855
112100,1.1835360527038574,1782741395.997724
112200,1.328938364982605,1782741401.7167277
112300,1.4648659229278564,1782741407.65088
112400,1.3762048482894897,1782741413.2415094
112500,1.2229537963867188,1782741419.0711315
112600,1.6599451303482056,1782741424.8872182
112700,1.6754423379898071,1782741430.621454
112800,1.5266425609588623,1782741436.6028786
112900,1.609510898590088,1782741442.471242
113000,1.8320403099060059,1782741448.3785598
113100,1.2101720571517944,1782741454.3081205
113200,1.9326233863830566,1782741460.158838
113300,1.3736598491668701,1782741465.9055352
113400,1.615587830543518,1782741471.7645097
113500,1.648053765296936,1782741477.5611682
113600,2.180180788040161,1782741483.0915232
113700,1.7924797534942627,1782741488.9924006
113800,1.7524855136871338,1782741494.7522821
113900,1.324819564819336,1782741500.5871894
114000,2.621025323867798,1782741506.3802066
114100,2.0954556465148926,1782741512.2754357
114200,1.7109858989715576,1782741517.9766264
114300,1.4286603927612305,1782741523.5952291
114400,1.2520947456359863,1782741529.5196462
114500,1.2465367317199707,1782741535.1078222
114600,1.693028211593628,1782741541.0282247
114700,1.0229744911193848,1782741546.7999673
114800,1.207613229751587,1782741552.724421
114900,1.3566279411315918,1782741558.3690176
115000,1.5146803855895996,1782741564.13295
115100,1.3707566261291504,1782741569.9789
115200,1.360044002532959,1782741575.7593744
115300,1.5529606342315674,1782741581.5053487
115400,1.9446569681167603,1782741587.3667476
115500,1.5625035762786865,1782741593.4331932
115600,1.4335136413574219,1782741599.268064
115700,2.2940187454223633,1782741605.05997
115800,1.7926822900772095,1782741610.8109908
115900,1.6774710416793823,1782741616.5718534
116000,1.5706610679626465,1782741622.4335845
116100,1.3194297552108765,1782741628.33168
116200,1.3868273496627808,1782741634.0774999
116300,1.3085060119628906,1782741639.719549
116400,1.373004674911499,1782741645.528199
116500,1.2990137338638306,1782741651.419363
116600,1.0861170291900635,1782741657.5414333
116700,1.9104969501495361,1782741663.4218624
116800,1.8544301986694336,1782741669.2152536
116900,1.60103178024292,1782741674.8336937
117000,2.0927295684814453,1782741680.5954285
117100,2.1073732376098633,1782741686.4306345
117200,1.408784031867981,1782741692.2680395
117300,2.148836135864258,1782741698.0508578
117400,1.6559064388275146,1782741703.6490245
117500,1.1080501079559326,1782741709.7523246
117600,1.342512607574463,1782741715.705709
117700,1.7370237112045288,1782741721.4060872
117800,1.9817626476287842,1782741727.1925437
117900,1.5345396995544434,1782741732.916821
118000,1.5473135709762573,1782741738.5952623
118100,1.2793084383010864,1782741744.4846048
118200,1.6380387544631958,1782741750.2829049
118300,2.7206451892852783,1782741756.1954715
118400,1.2777080535888672,1782741761.863133
118500,2.277160167694092,1782741767.936911
118600,2.1219425201416016,1782741773.70472
118700,3.126803398132324,1782741779.5615895
118800,1.895447850227356,1782741785.284008
118900,1.9431389570236206,1782741791.0576494
119000,3.3647654056549072,1782741796.7094116
119100,2.8891055583953857,1782741802.6191974
119200,1.9553861618041992,1782741808.5518303
119300,1.9370498657226562,1782741814.2876487
119400,1.903517723083496,1782741820.1640263
119500,1.9027738571166992,1782741825.982801
119600,3.1508102416992188,1782741831.8961992
119700,2.133826971054077,1782741837.5950592
119800,2.710012197494507,1782741843.388902
119900,2.6970713138580322,1782741849.145075
120000,2.363521099090576,1782741854.892235
120100,2.2125651836395264,1782741860.6719463
120200,1.9451889991760254,1782741866.5438578
120300,2.226248264312744,1782741872.4578316
120400,2.795053005218506,1782741878.3988051
120500,3.3399720191955566,1782741884.042346
120600,2.508335590362549,1782741890.0414798
120700,2.545360565185547,1782741895.7912877
120800,2.628821611404419,1782741901.555258
120900,2.122437000274658,1782741907.5408397
121000,1.8817899227142334,1782741913.6322045
121100,1.9466464519500732,1782741919.5263638
121200,1.8984501361846924,1782741925.3954403
121300,2.0009255409240723,1782741931.1762357
121400,1.9428095817565918,1782741937.1337328
121500,2.058098554611206,1782741942.79304
121600,1.9132030010223389,1782741948.3598506
121700,2.051516532897949,1782741954.6050413
121800,2.2009687423706055,1782741960.3726554
121900,1.854426622390747,1782741966.31897
122000,1.5537991523742676,1782741972.0480087
122100,2.331376075744629,1782741977.984552
122200,1.9380052089691162,1782741983.6379838
122300,1.835839033126831,1782741989.3759272
122400,1.7518188953399658,1782741995.0263834
122500,1.9544188976287842,1782742000.916779
122600,1.799727201461792,1782742006.7964094
122700,1.7286285161972046,1782742012.4158728
122800,1.925543189048767,1782742018.428306
122900,1.5234777927398682,1782742024.0942664
123000,1.791978359222412,1782742029.6886551
123100,1.4460852146148682,1782742035.4711936
123200,1.901016116142273,1782742041.2365258
123300,1.4909498691558838,1782742046.8373358
123400,2.283771514892578,1782742052.6113431
123500,2.024522066116333,1782742058.7322097
123600,1.490017056465149,1782742064.7560947
123700,1.752585530281067,1782742070.4413874
123800,1.8826802968978882,1782742076.3626823
123900,1.338667869567871,1782742082.0898314
124000,1.454284429550171,1782742088.0117104
124100,1.843207836151123,1782742093.6978614
124200,1.6147162914276123,1782742099.439069
124300,1.6850411891937256,1782742105.2268019
124400,1.8035224676132202,1782742111.070886
124500,2.223907470703125,1782742117.1285753
124600,1.904714822769165,1782742122.9410841
124700,1.84157133102417,1782742128.5607271
124800,2.0882489681243896,1782742134.1313674
124900,1.881998062133789,1782742139.840565
125000,1.5392358303070068,1782742145.5619626
125100,1.614440679550171,1782742271.6866043
125200,1.5477473735809326,1782742277.730516
125300,1.5213572978973389,1782742283.4591985
125400,1.5414259433746338,1782742289.2557728
125500,1.8185548782348633,1782742294.8734593
125600,1.5452326536178589,1782742300.6373315
125700,1.7570466995239258,1782742306.3184586
125800,2.374002456665039,1782742311.961466
125900,2.406264066696167,1782742317.7888412
126000,1.7247586250305176,1782742323.6223943
126100,1.2946538925170898,1782742329.533513
126200,2.173210620880127,1782742335.2361882
126300,1.7540104389190674,1782742341.183956
126400,2.0972039699554443,1782742346.962024
126500,1.4978177547454834,1782742352.7923863
126600,1.5887333154678345,1782742358.7954736
126700,1.8657512664794922,1782742364.574016
126800,2.3390722274780273,1782742370.298655
126900,1.6994198560714722,1782742376.0976384
127000,2.016251564025879,1782742382.0705142
127100,1.735220193862915,1782742387.861378
127200,1.8985307216644287,1782742393.761817
127300,1.8012967109680176,1782742399.412633
127400,2.4563474655151367,1782742405.125718
127500,1.9873533248901367,1782742411.0763183
127600,2.050743341445923,1782742416.9150162
127700,1.8612728118896484,1782742422.8974006
127800,1.7625012397766113,1782742428.7833772
127900,1.5044159889221191,1782742434.4178278
128000,1.7938272953033447,1782742440.0447748
128100,1.3313658237457275,1782742445.594381
128200,1.5907145738601685,1782742451.4304793
128300,1.2099671363830566,1782742457.3424435
128400,1.76792311668396,1782742462.8826716
128500,1.4179441928863525,1782742468.7339172
128600,1.6500331163406372,1782742474.5654044
128700,1.339198112487793,1782742480.6773736
128800,1.6573519706726074,1782742486.4064848
128900,1.4705989360809326,1782742492.0768862
129000,1.7145823240280151,1782742497.973808
129100,1.6240193843841553,1782742503.665239
129200,1.4895267486572266,1782742509.518044
129300,1.2376682758331299,1782742515.2003644
129400,1.3508334159851074,1782742520.990937
129500,1.4575536251068115,1782742526.8977618
129600,1.5606167316436768,1782742532.5181174
129700,1.480011224746704,1782742538.474788
129800,1.3878575563430786,1782742544.0187032
129900,1.5559890270233154,1782742549.6322691
130000,1.7456985712051392,1782742555.3197777
130100,1.6707861423492432,1782742561.0716002
130200,2.1729884147644043,1782742566.9162014
130300,1.460947036743164,1782742572.7621717
130400,2.180300712585449,1782742578.43722
130500,1.5792046785354614,1782742584.406607
130600,2.2885398864746094,1782742590.030886
130700,2.669491767883301,1782742595.9068081
130800,2.082260847091675,1782742601.6020906
130900,1.684889316558838,1782742607.3489752
131000,1.46639084815979,1782742613.0657387
131100,1.9934532642364502,1782742619.017571
131200,1.417633295059204,1782742624.8808205
131300,1.5872280597686768,1782742630.6152396
131400,2.317081928253174,1782742636.2896476
131500,1.5491938591003418,1782742642.2472982
131600,1.5266283750534058,1782742647.9375737
131700,1.4627699851989746,1782742653.9018064
131800,1.8637465238571167,1782742659.4806695
131900,2.0487489700317383,1782742665.1723607
132000,2.172344446182251,1782742671.0591996
132100,2.4659948348999023,1782742676.782445
132200,2.029982566833496,1782742682.801328
132300,1.5411643981933594,1782742688.4617317
132400,1.5368704795837402,1782742694.512585
132500,1.3552991151809692,1782742700.279736
132600,1.4136101007461548,1782742706.3826249
132700,2.1199450492858887,1782742712.194238
132800,1.7507004737854004,1782742718.0409381
132900,1.8873683214187622,1782742723.8359709
133000,2.078409194946289,1782742729.7547476
133100,1.3379383087158203,1782742735.3389678
133200,1.6992164850234985,1782742740.9780715
133300,1.7395750284194946,1782742746.8839078
133400,1.516838788986206,1782742752.470357
133500,1.3524130582809448,1782742758.135747
133600,1.562420129776001,1782742763.9505448
133700,2.187394857406616,1782742769.8245015
133800,2.0679454803466797,1782742775.4614127
133900,1.7572394609451294,1782742781.1427717
134000,2.2980003356933594,1782742786.737562
134100,1.5794684886932373,1782742792.4496908
134200,1.4717217683792114,1782742798.0731664
134300,1.5722787380218506,1782742804.0101964
134400,1.4157111644744873,1782742809.5678194
134500,1.3943291902542114,1782742815.2801676
134600,1.7413525581359863,1782742821.1616843
134700,1.4473812580108643,1782742827.0718274
134800,1.629239797592163,1782742832.7623737
134900,1.407060146331787,1782742838.6534388
135000,1.4688470363616943,1782742844.5034504
135100,1.2453975677490234,1782742850.3041437
135200,2.0101382732391357,1782742856.1620173
135300,1.5779080390930176,1782742861.862085
135400,1.8443557024002075,1782742867.6153355
135500,1.5006742477416992,1782742873.525902
135600,1.517777919769287,1782742879.1992064
135700,1.7571995258331299,1782742884.915255
135800,1.4620699882507324,1782742890.5838835
135900,1.5059394836425781,1782742896.4545887
136000,1.6959644556045532,1782742902.334267
136100,1.6994380950927734,1782742907.9979331
136200,1.9306695461273193,1782742913.6725256
136300,1.494010090827942,1782742919.3837461
136400,1.4649648666381836,1782742925.1692212
136500,1.5157694816589355,1782742931.1743312
136600,1.4903059005737305,1782742936.8170972
136700,1.6024224758148193,1782742942.473535
136800,1.5795331001281738,1782742948.2023466
136900,2.7748632431030273,1782742954.058731
137000,2.677896499633789,1782742959.6733975
137100,2.022094964981079,1782742965.6440325
137200,1.7006515264511108,1782742971.2849176
137300,1.5454580783843994,1782742977.250457
137400,1.700467586517334,1782742983.0429542
137500,1.9326690435409546,1782742988.721765
137600,1.583834171295166,1782742994.4551764
137700,1.4736747741699219,1782743000.1753757
137800,1.3459622859954834,1782743006.0054681
137900,1.436676025390625,1782743011.8127272
138000,1.315305471420288,1782743017.6280987
138100,1.7392120361328125,1782743023.4380329
138200,1.1775562763214111,1782743029.2522366
138300,1.6073057651519775,1782743034.8958988
138400,1.5668065547943115,1782743040.6558795
138500,1.4345200061798096,1782743046.7385743
138600,1.993587613105774,1782743052.3819757
138700,1.6913058757781982,1782743058.2798505
138800,1.81333589553833,1782743064.2417119
138900,1.4960269927978516,1782743069.9750454
139000,1.9010887145996094,1782743075.7955883
139100,1.6541428565979004,1782743081.872149
139200,1.6911271810531616,1782743087.566206
139300,1.4258277416229248,1782743093.4644432
139400,1.5895713567733765,1782743099.6428225
139500,1.396423578262329,1782743105.388531
139600,1.3909072875976562,1782743111.0958688
139700,1.2813886404037476,1782743116.9984727
139800,1.4634106159210205,1782743122.6612928
139900,1.1419448852539062,1782743128.4991767
140000,1.124409556388855,1782743134.2489362
140100,1.1793363094329834,1782743140.0707011
140200,1.3843398094177246,1782743145.8529646
140300,1.4897525310516357,1782743151.4356117
140400,1.6860878467559814,1782743157.3177588
140500,1.6950196027755737,1782743163.218169
140600,1.4529950618743896,1782743169.2070727
140700,1.4829355478286743,1782743174.958751
140800,1.473851203918457,1782743181.025323
140900,1.701308250427246,1782743186.7556472
141000,1.6281046867370605,1782743192.4148262
141100,1.9446128606796265,1782743198.3277352
141200,1.647753119468689,1782743204.1455817
141300,1.5562818050384521,1782743210.186677
141400,1.793062686920166,1782743216.0873425
141500,1.5673670768737793,1782743221.8135188
141600,1.2824745178222656,1782743227.5029855
141700,1.3749074935913086,1782743233.4202325
141800,1.4079668521881104,1782743239.158666
141900,1.4220349788665771,1782743244.934118
142000,1.2938727140426636,1782743250.6501644
142100,2.3484644889831543,1782743256.4904
142200,1.469793438911438,1782743262.1552064
142300,1.6562302112579346,1782743268.0494602
142400,1.4517878293991089,1782743273.8539252
142500,1.3362665176391602,1782743280.0391257
142600,1.4067633152008057,1782743285.6925852
142700,1.1861202716827393,1782743291.5092862
142800,1.52018141746521,1782743297.3535798
142900,1.7182574272155762,1782743303.0523596
143000,1.7752387523651123,1782743308.828959
143100,1.9441237449645996,1782743314.857492
143200,1.6099668741226196,1782743320.529829
143300,1.9022548198699951,1782743326.5406108
143400,2.114025115966797,1782743332.2759707
143500,1.395391583442688,1782743338.269632
143600,1.639388918876648,1782743344.1649492
143700,1.5961636304855347,1782743349.8171244
143800,1.717256784439087,1782743355.4894047
143900,1.4221364259719849,1782743361.1824787
144000,1.3810741901397705,1782743367.0096018
144100,2.226315975189209,1782743373.0525684
144200,1.8555020093917847,1782743378.9437783
144300,1.9090646505355835,1782743384.6329784
144400,2.3155741691589355,1782743390.6530905
144500,1.9807746410369873,1782743396.3139484
144600,1.9581036567687988,1782743402.2578266
144700,1.7739243507385254,1782743407.9291437
144800,1.686968207359314,1782743413.5945003
144900,1.6131343841552734,1782743419.307809
145000,2.0183207988739014,1782743425.0979655
145100,2.129998207092285,1782743430.9995306
145200,1.567713737487793,1782743436.8896396
145300,1.4863266944885254,1782743442.5466878
145400,1.960444450378418,1782743448.4703252
145500,1.758101463317871,1782743454.1479564
145600,1.4753031730651855,1782743459.827707
145700,1.7497243881225586,1782743465.5375762
145800,1.8853424787521362,1782743471.2725263
145900,1.671233892440796,1782743477.3352036
146000,1.571945309638977,1782743482.8881958
146100,1.4804351329803467,1782743488.4762945
146200,1.7115352153778076,1782743494.3242345
146300,1.644240379333496,1782743500.0910046
146400,2.0329248905181885,1782743505.8446448
146500,1.5084879398345947,1782743511.7699125
146600,1.1023706197738647,1782743517.3897984
146700,1.6483774185180664,1782743523.2837675
146800,1.9660850763320923,1782743529.2441928
146900,2.2133712768554688,1782743534.9901004
147000,1.8735072612762451,1782743540.8489106
147100,2.2361974716186523,1782743546.5926924
147200,1.6013388633728027,1782743552.6506495
147300,1.7589302062988281,1782743558.5833774
147400,1.501025676727295,1782743564.4398003
147500,1.688127040863037,1782743570.3250303
147600,1.6823621988296509,1782743576.3414989
147700,1.4285767078399658,1782743582.1380365
147800,1.433096170425415,1782743588.2095504
147900,1.626526951789856,1782743594.3974073
148000,1.415102481842041,1782743600.3079946
148100,2.0014448165893555,1782743606.2741585
148200,2.128284215927124,1782743611.9962308
148300,1.3833832740783691,1782743617.7560868
148400,1.3379125595092773,1782743623.524125
148500,1.3063958883285522,1782743629.6196678
148600,1.327735185623169,1782743635.5745833
148700,2.4032199382781982,1782743641.2790625
148800,2.080491781234741,1782743647.2541845
148900,1.6606770753860474,1782743653.2388687
149000,1.949216604232788,1782743659.0950108
149100,2.001598834991455,1782743665.0124726
149200,1.6992199420928955,1782743670.7823458
149300,1.3646531105041504,1782743676.5200694
149400,1.2094576358795166,1782743682.3338087
149500,1.4387948513031006,1782743687.9825792
149600,1.3440731763839722,1782743693.8377104
149700,1.85888671875,1782743699.6943014
149800,1.7726311683654785,1782743705.4184725
149900,2.4406018257141113,1782743711.5091784
150000,2.19897198677063,1782743717.467949
150100,2.0171265602111816,1782743847.1237543
150200,2.3118348121643066,1782743852.8113186
150300,2.950566291809082,1782743858.5552626
150400,2.5005836486816406,1782743864.4147272
150500,1.7263448238372803,1782743870.101725
150600,1.8585184812545776,1782743876.0824158
150700,1.5181126594543457,1782743881.9008205
150800,1.7283613681793213,1782743887.8912985
150900,2.4559950828552246,1782743893.6215966
151000,1.9500398635864258,1782743899.3689728
151100,2.0940871238708496,1782743905.3172808
151200,2.05967378616333,1782743911.2579584
151300,2.079641819000244,1782743916.92224
151400,2.2368202209472656,1782743922.7054257
151500,1.415254831314087,1782743928.357812
151600,1.655311107635498,1782743933.9374049
151700,1.3196619749069214,1782743939.668515
151800,1.684627890586853,1782743945.435554
151900,1.952527403831482,1782743951.295078
152000,1.830597162246704,1782743957.1937592
152100,1.734858512878418,1782743962.8645144
152200,1.8432868719100952,1782743968.6869848
152300,1.9254659414291382,1782743974.7526329
152400,1.6336417198181152,1782743980.5806406
152500,2.0117673873901367,1782743986.3782096
152600,1.7292433977127075,1782743992.0940537
152700,1.6421663761138916,1782743997.6494021
152800,1.8173511028289795,1782744003.3225272
152900,2.427942991256714,1782744009.1537228
153000,1.2680593729019165,1782744014.932352
153100,1.5104529857635498,1782744020.851595
153200,1.5590996742248535,1782744026.5224109
153300,1.437727928161621,1782744032.2562294
153400,1.5810275077819824,1782744037.8771794
153500,1.475282907485962,1782744043.6379745
153600,1.4302362203598022,1782744049.4789732
153700,1.527984857559204,1782744055.3361936
153800,1.2616972923278809,1782744060.971861
153900,1.9048988819122314,1782744066.6745615
154000,1.7953433990478516,1782744072.425918
154100,1.5248477458953857,1782744078.2964072
154200,1.2836261987686157,1782744084.0820234
154300,1.5518217086791992,1782744089.900198
154400,1.6207528114318848,1782744095.7764826
154500,1.6261727809906006,1782744101.5426934
154600,1.6798300743103027,1782744107.2781286
154700,1.2861284017562866,1782744112.9055579
154800,1.7225191593170166,1782744118.7149262
154900,1.9756256341934204,1782744124.4092226
155000,2.3521780967712402,1782744130.1497092
155100,1.8697009086608887,1782744136.0775576
155200,1.5057134628295898,1782744141.91468
155300,1.26763117313385,1782744148.0271397
155400,1.1976362466812134,1782744153.8880637
155500,1.4865195751190186,1782744159.5001807
155600,2.0015735626220703,1782744165.2715535
155700,1.7115715742111206,1782744171.3387282
155800,1.9512524604797363,1782744176.9965167
155900,1.5502028465270996,1782744182.66818
156000,1.8457988500595093,1782744188.479172
156100,2.1567065715789795,1782744194.2262652
156200,1.4842560291290283,1782744200.2255216
156300,1.5697596073150635,1782744206.0025961
156400,1.6040645837783813,1782744211.7942133
156500,1.7216309309005737,1782744217.4219441
156600,1.5719753503799438,1782744223.136124
156700,1.513763666152954,1782744228.9358912
156800,1.4981204271316528,1782744234.7774649
156900,1.5919873714447021,1782744240.4483871
157000,1.9113816022872925,1782744246.0790374
157100,1.5658913850784302,1782744252.0459847
157200,1.4996951818466187,1782744257.5747979
157300,1.5502758026123047,1782744263.2506292
157400,1.5282295942306519,1782744269.1333451
157500,1.3560125827789307,1782744274.6869226
157600,1.318009853363037,1782744280.6405978
157700,1.3934823274612427,1782744286.4693704
157800,1.3811206817626953,1782744292.0991652
157900,1.6134382486343384,1782744297.90586
158000,1.8872220516204834,1782744303.7174017
158100,1.720789909362793,1782744309.6300163
158200,1.8622057437896729,1782744315.486019
158300,1.5148415565490723,1782744321.2363021
158400,2.1494956016540527,1782744327.025729
158500,1.5260560512542725,1782744332.8858855
158600,2.688129425048828,1782744338.5724683
158700,1.5344724655151367,1782744344.3310645
158800,1.4572129249572754,1782744350.0699093
158900,1.739378809928894,1782744355.7493134
159000,1.7720011472702026,1782744361.6411777
159100,1.8870810270309448,1782744367.2373102
159200,1.9374817609786987,1782744373.154727
159300,1.4644877910614014,1782744379.040956
159400,1.8753798007965088,1782744384.732366
159500,1.4275178909301758,1782744390.4158013
159600,1.3835546970367432,1782744396.2424486
159700,1.552720546722412,1782744401.9832764
159800,1.4177429676055908,1782744407.842982
159900,2.1482715606689453,1782744413.594029
160000,1.6772844791412354,1782744419.5962806
160100,1.4102799892425537,1782744425.5114644
160200,1.8620598316192627,1782744431.277112
160300,1.6649636030197144,1782744437.1619337
160400,1.2499271631240845,1782744443.0821657
160500,1.5644803047180176,1782744448.9497106
160600,1.9702644348144531,1782744454.6195242
160700,2.0153965950012207,1782744460.3325253
160800,2.277360439300537,1782744466.3098078
160900,2.281761884689331,1782744472.304651
161000,1.7266697883605957,1782744478.2361934
161100,1.9024558067321777,1782744484.0180824
161200,1.5494384765625,1782744489.6791353
161300,1.8592040538787842,1782744495.69436
161400,1.1580333709716797,1782744501.6531646
161500,1.8454118967056274,1782744507.2845185
161600,1.4268666505813599,1782744513.107782
161700,1.9473094940185547,1782744518.97205
161800,1.602259874343872,1782744524.6834376
161900,1.5609303712844849,1782744530.4328816
162000,1.4859490394592285,1782744536.0910983
162100,1.5400302410125732,1782744541.8016903
162200,1.527917742729187,1782744547.64442
162300,2.3833813667297363,1782744553.444763
162400,1.3176283836364746,1782744559.407919
162500,1.4791697263717651,1782744565.5233953
162600,2.005180835723877,1782744571.5021815
162700,2.326673746109009,1782744577.2841105
162800,1.292997121810913,1782744583.128376
162900,1.495682954788208,1782744589.0216556
163000,1.1726200580596924,1782744594.765402
163100,1.1931138038635254,1782744600.6951697
163200,1.1023571491241455,1782744606.613704
163300,1.4868738651275635,1782744612.6165335
163400,1.5264627933502197,1782744618.398539
163500,1.4712430238723755,1782744624.3355072
163600,1.8976359367370605,1782744630.0570242
163700,1.311293601989746,1782744636.0872476
163800,1.6557682752609253,1782744641.8465352
163900,1.4077249765396118,1782744647.5858793
164000,1.6200621128082275,1782744653.4842603
164100,1.474332332611084,1782744659.281464
164200,1.6649940013885498,1782744665.0874684
164300,1.3655232191085815,1782744671.01039
164400,1.80443274974823,1782744676.8521247
164500,1.4290107488632202,1782744682.6030793
164600,1.4974008798599243,1782744688.6662738
164700,1.7239398956298828,1782744694.4360025
164800,1.5809756517410278,1782744700.3605502
164900,1.2977005243301392,1782744706.1838825
165000,2.5130834579467773,1782744711.8651824
165100,2.0140726566314697,1782744717.7239025
165200,2.1038002967834473,1782744723.6533093
165300,2.6922292709350586,1782744729.6501644
165400,1.6133308410644531,1782744735.6492624
165500,1.740828037261963,1782744741.3542018
165600,1.4458298683166504,1782744747.313659
165700,1.3321436643600464,1782744753.2479873
165800,1.5347747802734375,1782744759.5287435
165900,1.8148119449615479,1782744765.4222708
166000,1.9529998302459717,1782744771.4711745
166100,1.440172791481018,1782744777.3429282
166200,1.3009865283966064,1782744783.4222429
166300,1.835672378540039,1782744789.3419921
166400,2.1364216804504395,1782744795.0561655
166500,1.3634103536605835,1782744801.1863039
166600,1.3656554222106934,1782744807.0021048
166700,1.4477459192276,1782744812.703058
166800,1.5460124015808105,1782744818.626349
166900,1.454009771347046,1782744824.5050375
167000,1.7597897052764893,1782744830.532988
167100,1.6347202062606812,1782744836.3000457
167200,1.8458178043365479,1782744842.2165499
167300,2.0555241107940674,1782744847.8207648
167400,2.1760761737823486,1782744853.7426927
167500,1.9982187747955322,1782744859.519389
167600,1.7759779691696167,1782744865.4184341
167700,2.216109275817871,1782744871.3239348
167800,1.7715742588043213,1782744877.2639492
167900,1.6204614639282227,1782744883.2917426
168000,1.664780616760254,1782744889.1710606
168100,1.5453240871429443,1782744894.952986
168200,1.8523073196411133,1782744900.6775286
168300,1.781869888305664,1782744906.6887832
168400,1.875971794128418,1782744912.4176476
168500,1.6135278940200806,1782744918.3856592
168600,1.5737874507904053,1782744924.1050088
168700,1.5833653211593628,1782744929.969189
168800,1.3917617797851562,1782744935.8096898
168900,1.4968372583389282,1782744941.4758704
169000,1.7229819297790527,1782744947.3127432
169100,1.5734009742736816,1782744953.0513444
169200,1.536308765411377,1782744959.1011806
169300,2.1281726360321045,1782744964.852411
169400,1.5836925506591797,1782744970.917319
169500,1.8823862075805664,1782744976.6809387
169600,2.085831642150879,1782744982.613867
169700,1.3914058208465576,1782744988.4401946
169800,2.1558337211608887,1782744994.307963
169900,2.261885166168213,1782745000.1214411
170000,1.7672011852264404,1782745005.896396
170100,1.7649471759796143,1782745011.9332533
170200,1.8175907135009766,1782745017.74803
170300,2.0750818252563477,1782745023.6693776
170400,1.819140076637268,1782745029.4707067
170500,1.7919821739196777,1782745035.0955787
170600,1.6456869840621948,1782745041.030507
170700,1.6353020668029785,1782745046.7419782
170800,2.4780850410461426,1782745052.5413854
170900,2.483247756958008,1782745058.251711
171000,2.3503222465515137,1782745064.3040612
171100,2.575998306274414,1782745070.0892744
171200,2.0549354553222656,1782745076.1318457
171300,2.188023567199707,1782745081.9848504
171400,2.3404412269592285,1782745087.633249
171500,2.4436843395233154,1782745093.5055363
171600,2.2313108444213867,1782745099.2676723
171700,1.7659639120101929,1782745105.0964227
171800,2.5840253829956055,1782745110.9763005
171900,1.8410179615020752,1782745116.7492182
172000,1.6222374439239502,1782745122.5823846
172100,1.9008928537368774,1782745128.4409943
172200,1.5872836112976074,1782745134.3688133
172300,2.1560699939727783,1782745140.092651
172400,1.929697036743164,1782745145.986921
172500,2.386904239654541,1782745151.867185
172600,1.9073317050933838,1782745157.681747
172700,1.5649340152740479,1782745163.606503
172800,1.8188228607177734,1782745169.3490257
172900,2.4282243251800537,1782745175.1704338
173000,2.1439461708068848,1782745181.1479633
173100,1.8458009958267212,1782745186.911076
173200,1.8758759498596191,1782745192.7972739
173300,1.6538195610046387,1782745198.5366251
173400,1.8515528440475464,1782745204.2977622
173500,1.8019123077392578,1782745210.0152967
173600,1.5196787118911743,1782745215.8803358
173700,2.155588150024414,1782745221.508132
173800,2.244328498840332,1782745227.3189783
173900,1.6249268054962158,1782745233.206175
174000,1.593285322189331,1782745238.867772
174100,1.2565088272094727,1782745244.540437
174200,2.186093807220459,1782745250.4143252
174300,1.715956211090088,1782745256.1772044
174400,1.7486885786056519,1782745262.1225035
174500,1.5833033323287964,1782745267.742891
174600,2.2079832553863525,1782745273.7496867
174700,2.2429933547973633,1782745279.6235914
174800,1.4950984716415405,1782745285.5054493
174900,1.8859413862228394,1782745291.3223045
175000,1.7926501035690308,1782745297.1374946
175100,1.80031418800354,1782745430.7441335
175200,1.512829065322876,1782745436.4518793
175300,1.6638132333755493,1782745442.1299896
175400,2.0278801918029785,1782745447.9042404
175500,1.588446021080017,1782745453.5529046
175600,1.4951703548431396,1782745459.2528527
175700,1.8640556335449219,1782745465.01558
175800,1.8992838859558105,1782745470.7516315
175900,1.8048036098480225,1782745476.7998278
176000,1.7478067874908447,1782745482.569287
176100,1.6976203918457031,1782745488.4176235
176200,1.9336758852005005,1782745494.088748
176300,1.4823192358016968,1782745499.968594
176400,1.441847324371338,1782745505.689419
176500,1.5518953800201416,1782745511.654363
176600,1.5737640857696533,1782745517.4865851
176700,1.2803444862365723,1782745523.2040873
176800,2.1106441020965576,1782745529.1019611
176900,1.5421444177627563,1782745534.8570664
177000,1.4918391704559326,1782745540.6542497
177100,1.5023694038391113,1782745546.5291889
177200,1.8750972747802734,1782745552.3540494
177300,1.716362476348877,1782745558.0327334
177400,1.5622899532318115,1782745563.8432007
177500,1.4218010902404785,1782745569.434951
177600,1.700137972831726,1782745575.3074706
177700,1.8555922508239746,1782745580.9403617
177800,1.6489195823669434,1782745586.7816558
177900,1.57688307762146,1782745592.64019
178000,1.6030710935592651,1782745598.2772174
178100,1.896791696548462,1782745604.0072012
178200,1.5099637508392334,1782745609.9325182
178300,1.885678768157959,1782745615.939326
178400,1.4212111234664917,1782745621.7179825
178500,1.558488368988037,1782745627.5344732
178600,1.7154762744903564,1782745633.4561918
178700,1.6378518342971802,1782745639.2070563
178800,1.5162477493286133,1782745644.933025
178900,1.4262725114822388,1782745650.6840384
179000,1.5096505880355835,1782745656.199398
179100,1.5566699504852295,1782745661.889809
179200,1.9387165307998657,1782745667.6588414
179300,1.9064861536026,1782745673.3890579
179400,1.585628867149353,1782745679.201965
179500,1.5796992778778076,1782745685.0782363
179600,1.8104500770568848,1782745690.8083487
179700,1.8284164667129517,1782745696.6904955
179800,1.7829009294509888,1782745702.35163
179900,1.8244608640670776,1782745708.0140045
180000,1.969536304473877,1782745713.7592287
180100,2.3050291538238525,1782745719.4426117
180200,1.685831069946289,1782745725.2757363
180300,1.6513700485229492,1782745731.0683844
180400,1.6533300876617432,1782745736.659868
180500,1.5613124370574951,1782745742.293916
180600,1.77540922164917,1782745748.0419273
180700,1.8790431022644043,1782745753.6651664
180800,1.674951434135437,1782745759.3012807
180900,1.4716166257858276,1782745765.1618137
181000,1.645148754119873,1782745771.1883392
181100,1.4588617086410522,1782745776.827106
181200,1.6956485509872437,1782745782.7172472
181300,1.6950445175170898,1782745788.3742454
181400,1.6550873517990112,1782745794.0985346
181500,1.7586374282836914,1782745800.0984805
181600,1.6670663356781006,1782745805.7857738
181700,1.5850152969360352,1782745811.740434
181800,1.9046852588653564,1782745817.567587
181900,1.9478089809417725,1782745823.38601
182000,2.247429370880127,1782745829.3339806
182100,1.899871826171875,1782745835.0729115
182200,1.8474297523498535,1782745840.792422
182300,1.8677762746810913,1782745846.74124
182400,1.8869926929473877,1782745852.619291
182500,1.812772274017334,1782745858.2340999
182600,1.8101372718811035,1782745863.9498193
182700,1.72202730178833,1782745869.5505202
182800,1.7571947574615479,1782745875.3552659
182900,1.6601965427398682,1782745881.1436255
183000,1.85245943069458,1782745886.8904119
183100,1.862504243850708,1782745892.6127198
183200,1.5455766916275024,1782745898.3533814
183300,1.7534770965576172,1782745904.2189426
183400,1.7562024593353271,1782745910.0661047
183500,1.3823014497756958,1782745915.6444588
183600,1.7765450477600098,1782745921.3204696
183700,2.151250123977661,1782745926.9667566
183800,1.6509064435958862,1782745932.6270707
183900,1.6781668663024902,1782745938.606229
184000,1.9649310111999512,1782745944.53853
184100,1.7721619606018066,1782745950.1851
184200,1.7740521430969238,1782745956.0828087
184300,1.9354393482208252,1782745961.842247
184400,1.5324938297271729,1782745967.5390766
184500,1.9934914112091064,1782745973.236635
184600,1.734712839126587,1782745978.8930101
184700,1.7946650981903076,1782745984.7681642
184800,1.564117670059204,1782745990.6807613
184900,1.4348043203353882,1782745996.4050546
185000,1.469268560409546,1782746002.4611065
185100,2.0980892181396484,1782746008.4082928
185200,1.7008721828460693,1782746014.2848647
185300,1.6965718269348145,1782746019.9550295
185400,1.342484474182129,1782746025.8719766
185500,1.5281622409820557,1782746031.6816359
185600,1.9252909421920776,1782746037.3084629
185700,2.2840523719787598,1782746043.3717535
185800,1.5175888538360596,1782746049.3254051
185900,2.2316248416900635,1782746055.2389176
186000,1.8378307819366455,1782746060.9001296
186100,1.5607812404632568,1782746066.7537382
186200,1.8800820112228394,1782746072.555338
186300,1.5117058753967285,1782746078.4371052
186400,1.621419906616211,1782746084.4191267
186500,2.1113719940185547,1782746090.2208478
186600,1.7347813844680786,1782746096.2382042
186700,1.9697902202606201,1782746102.0219786
186800,1.9755820035934448,1782746107.6481922
186900,1.8317022323608398,1782746113.5525675
187000,1.2952592372894287,1782746119.4950519
187100,1.5089662075042725,1782746125.5541906
187200,1.6643584966659546,1782746131.2438886
187300,1.4097905158996582,1782746137.2177606
187400,1.4993739128112793,1782746143.0955834
187500,1.6034235954284668,1782746148.8961148
187600,1.4277572631835938,1782746154.5859764
187700,1.7643201351165771,1782746160.4663105
187800,2.057036876678467,1782746166.3230193
187900,1.4454200267791748,1782746172.2502532
188000,1.9752657413482666,1782746178.08456
188100,1.7590160369873047,1782746183.9022255
188200,1.6582276821136475,1782746189.78305
188300,2.0332353115081787,1782746195.7978785
188400,1.8992481231689453,1782746201.7034905
188500,1.6165540218353271,1782746207.6751754
188600,1.9173630475997925,1782746213.3505268
188700,1.9824659824371338,1782746219.246883
188800,1.7072792053222656,1782746224.903564
188900,1.8902182579040527,1782746230.802432
189000,1.5383806228637695,1782746236.6470342
189100,1.773343563079834,1782746242.3293436
189200,1.8332304954528809,1782746248.2067344
189300,1.3687183856964111,1782746254.0275564
189400,1.7397716045379639,1782746259.8159606
189500,1.939456582069397,1782746265.496071
189600,1.5073271989822388,1782746271.50728
189700,2.138895034790039,1782746277.3623624
189800,1.6912007331848145,1782746283.0968573
189900,1.3576661348342896,1782746288.9142423
190000,1.68389093875885,1782746294.7956588
190100,1.8978700637817383,1782746300.5310159
190200,1.6384897232055664,1782746306.521072
190300,1.7105841636657715,1782746312.2890847
190400,2.138033866882324,1782746317.9752455
190500,1.6746289730072021,1782746323.8163548
190600,1.8112720251083374,1782746329.963466
190700,1.5623250007629395,1782746335.9713757
190800,2.18355131149292,1782746341.7437081
190900,2.408797025680542,1782746347.4398134
191000,1.5724828243255615,1782746353.0996063
191100,1.6400374174118042,1782746358.938237
191200,1.8500343561172485,1782746364.6684673
191300,2.606088876724243,1782746370.6407824
191400,1.8713440895080566,1782746376.4314048
191500,1.804131269454956,1782746382.202836
191600,2.2428226470947266,1782746388.0655441
191700,1.5722179412841797,1782746393.7057114
191800,2.020699977874756,1782746399.3605182
191900,1.7297356128692627,1782746405.1276047
192000,2.206681251525879,1782746410.7771666
192100,1.873712420463562,1782746416.6405907
192200,2.3756284713745117,1782746422.4355836
192300,1.7257938385009766,1782746428.5185337
192400,1.3878746032714844,1782746434.4410446
192500,1.543256163597107,1782746440.3263783
192600,1.9335874319076538,1782746446.2346065
192700,2.9223062992095947,1782746452.1519642
192800,2.168318271636963,1782746458.00448
192900,2.3208765983581543,1782746463.9989688
193000,1.8934481143951416,1782746469.962872
193100,1.9219387769699097,1782746475.636797
193200,2.5287203788757324,1782746481.5706484
193300,2.410520553588867,1782746487.595607
193400,2.460477828979492,1782746493.2813747
193500,2.4705307483673096,1782746499.3183875
193600,3.012277603149414,1782746505.020174
193700,2.8326213359832764,1782746510.7653377
193800,2.3321008682250977,1782746516.5825472
193900,2.6132750511169434,1782746522.4173057
194000,2.6038756370544434,1782746528.4336216
194100,2.3494772911071777,1782746534.384349
194200,1.7755941152572632,1782746540.1658
194300,1.698190450668335,1782746545.838901
194400,1.821575403213501,1782746551.4237766
194500,1.5077247619628906,1782746557.259472
194600,1.5432488918304443,1782746562.9370286
194700,2.0002784729003906,1782746568.6544983
194800,1.928868055343628,1782746574.384259
194900,1.6240702867507935,1782746580.1295354
195000,1.5682110786437988,1782746586.1156137
195100,2.5873827934265137,1782746591.9273949
195200,2.161982297897339,1782746597.9902134
195300,2.0343079566955566,1782746603.7500482
195400,1.6021250486373901,1782746609.5217474
195500,1.965341567993164,1782746615.5566504
195600,2.337315082550049,1782746621.255034
195700,1.4971750974655151,1782746627.2943578
195800,1.724640130996704,1782746633.223523
195900,1.681911826133728,1782746638.9753277
196000,1.4236196279525757,1782746644.8587694
196100,2.1907401084899902,1782746650.8442104
196200,1.4931635856628418,1782746656.6815915
196300,1.2326152324676514,1782746662.555551
196400,1.531236171722412,1782746668.2513664
196500,1.9072721004486084,1782746673.876608
196600,2.1271121501922607,1782746679.9871268
196700,1.610054612159729,1782746686.049947
196800,1.5712553262710571,1782746691.8699927
196900,2.0125582218170166,1782746697.7103667
197000,1.718969702720642,1782746703.6319764
197100,1.9041553735733032,1782746709.3850877
197200,1.2826228141784668,1782746715.1310809
197300,1.76039719581604,1782746720.949213
197400,1.7639691829681396,1782746726.769358
197500,1.5843498706817627,1782746732.5625567
197600,2.0142757892608643,1782746738.2971818
197700,2.000905990600586,1782746744.1920846
197800,1.3921393156051636,1782746750.0523903
197900,1.7366647720336914,1782746755.7508001
198000,1.442861557006836,1782746761.5719156
198100,2.204169511795044,1782746767.276199
198200,1.5401561260223389,1782746773.0547838
198300,1.3538198471069336,1782746778.8746257
198400,1.6657872200012207,1782746784.5375159
198500,1.8735003471374512,1782746790.4157302
198600,2.4240474700927734,1782746796.2282028
198700,2.0424370765686035,1782746801.9376092
198800,1.6647725105285645,1782746807.5959048
198900,1.3798989057540894,1782746813.408955
199000,1.700443983078003,1782746819.1351442
199100,1.1174261569976807,1782746824.8908834
199200,2.011662006378174,1782746830.648674
199300,1.8385474681854248,1782746836.4387777
199400,1.484923243522644,1782746842.2978146
199500,1.2685017585754395,1782746848.0407488
199600,1.5833635330200195,1782746854.0609238
199700,1.7581634521484375,1782746859.7285426
199800,1.8075904846191406,1782746865.3894837
199900,1.8662632703781128,1782746871.0773365
200000,1.6888760328292847,1782746876.8673375
200100,8.645017623901367,1782747043.52745
200200,6.017363548278809,1782747049.2650084
200300,4.610777378082275,1782747054.967613
200400,3.3431718349456787,1782747060.7530339
200500,2.6919448375701904,1782747066.384295
200600,2.2398691177368164,1782747072.1876225
200700,1.7235208749771118,1782747077.7909858
200800,1.4050586223602295,1782747083.55813
200900,2.194972038269043,1782747089.2664936
201000,1.2984840869903564,1782747094.9353619
201100,1.881389856338501,1782747100.4752088
201200,1.5611639022827148,1782747106.14
201300,0.8931014537811279,1782747111.941067
201400,1.4654258489608765,1782747117.7298963
201500,1.484802484512329,1782747123.694987
201600,0.9567880630493164,1782747129.6888127
201700,0.9552657604217529,1782747135.4311519
201800,1.3038641214370728,1782747141.0739396
201900,1.233720302581787,1782747146.8447802
202000,1.0488485097885132,1782747152.5552106
202100,1.3551561832427979,1782747158.3010902
202200,0.9501792192459106,1782747164.1824608
202300,1.346038818359375,1782747170.0211823
202400,1.2072725296020508,1782747175.6842966
202500,1.7914823293685913,1782747181.5618463
202600,2.248511552810669,1782747187.3568425
202700,1.7777187824249268,1782747193.1762695
202800,1.746467113494873,1782747198.8669183
202900,1.5238885879516602,1782747204.694844
203000,1.6567699909210205,1782747210.5269716
203100,2.147061824798584,1782747216.3039536
203200,2.1451478004455566,1782747222.2358212
203300,1.396911382675171,1782747227.9406338
203400,2.711052894592285,1782747233.8438728
203500,1.995091438293457,1782747239.5696406
203600,2.257966995239258,1782747245.3605251
203700,2.076662302017212,1782747251.1573145
203800,1.6533119678497314,1782747256.8753526
203900,2.0227549076080322,1782747263.1926942
204000,1.416060447692871,1782747269.0200667
204100,1.4895979166030884,1782747274.832978
204200,1.4021961688995361,1782747280.5537586
204300,1.4548766613006592,1782747286.2925763
204400,1.7684869766235352,1782747292.1250086
204500,1.5754735469818115,1782747297.972589
204600,1.3684437274932861,1782747303.7709851
204700,1.6178107261657715,1782747309.7681062
204800,1.1966350078582764,1782747315.417471
204900,1.3211050033569336,1782747321.092852
205000,1.9452660083770752,1782747326.6777544
205100,1.5906708240509033,1782747332.3910055
205200,1.478116512298584,1782747338.0030644
205300,1.5512019395828247,1782747343.842789
205400,1.806933879852295,1782747349.5477822
205500,1.4323132038116455,1782747355.4047263
205600,1.592529296875,1782747360.9945855
205700,1.3496747016906738,1782747366.720167
205800,1.6289658546447754,1782747372.48552
205900,1.3754665851593018,1782747378.2552807
206000,1.7086747884750366,1782747383.9729571
206100,1.2005244493484497,1782747389.884932
206200,1.3370680809020996,1782747395.897923
206300,1.6191213130950928,1782747401.7838044
206400,1.8622113466262817,1782747407.433941
206500,1.8623218536376953,1782747413.3535392
206600,1.967430591583252,1782747419.000218
206700,1.4711191654205322,1782747424.7504249
206800,1.4393223524093628,1782747430.3842237
206900,1.2199065685272217,1782747436.1972454
207000,1.2883474826812744,1782747442.0245724
207100,1.7164971828460693,1782747447.8371422
207200,1.5696861743927002,1782747453.6720974
207300,1.5017354488372803,1782747459.4718375
207400,1.4180445671081543,1782747465.4532306
207500,1.324705958366394,1782747471.1371722
207600,1.5399444103240967,1782747476.7530217
207700,1.4452292919158936,1782747482.3781366
207800,1.4821511507034302,1782747487.9966216
207900,1.9205836057662964,1782747493.6930537
208000,1.8824714422225952,1782747499.5325727
208100,2.0525176525115967,1782747505.1665583
208200,1.4049170017242432,1782747510.9914439
208300,1.527505874633789,1782747516.8573892
208400,1.568307638168335,1782747522.4323604
208500,1.4772802591323853,1782747528.2801502
208600,2.17080020904541,1782747533.8199275
208700,1.4218460321426392,1782747539.6408288
208800,1.3278272151947021,1782747545.2593071
208900,1.5271211862564087,1782747550.952895
209000,1.5133376121520996,1782747556.7767088
209100,1.1875958442687988,1782747562.5751758
209200,1.38494873046875,1782747568.4046195
209300,1.4728336334228516,1782747574.27953
209400,2.0981605052948,1782747579.9190085
209500,1.9302277565002441,1782747585.7529664
209600,1.8237625360488892,1782747591.5506873
209700,1.652527093887329,1782747597.1975868
209800,1.5476012229919434,1782747603.2168746
209900,1.647228479385376,1782747608.9107385
210000,1.8223819732666016,1782747614.7584155
210100,2.8326127529144287,1782747620.5096023
210200,1.5767658948898315,1782747626.377335
210300,1.7959851026535034,1782747632.220538
210400,1.6282896995544434,1782747638.0254846
210500,1.7363829612731934,1782747643.7525923
210600,1.2575156688690186,1782747649.565349
210700,1.4994549751281738,1782747655.610057
210800,1.694119930267334,1782747661.491444
210900,1.8661919832229614,1782747667.5584497
211000,2.137601375579834,1782747673.27073
211100,1.9942601919174194,1782747679.0199714
211200,2.0258030891418457,1782747684.871506
211300,2.3746485710144043,1782747690.81765
211400,1.691880226135254,1782747696.6508396
211500,1.3486509323120117,1782747702.5911467
211600,1.5252325534820557,1782747708.2925608
211700,1.5344274044036865,1782747714.1345172
211800,1.5116677284240723,1782747719.76824
211900,1.418982982635498,1782747725.6608148
212000,1.8107032775878906,1782747731.3973236
212100,1.5682827234268188,1782747737.4687982
212200,2.039149522781372,1782747743.1506157
212300,1.6309804916381836,1782747748.8612525
212400,1.621093988418579,1782747754.5282984
212500,1.8291712999343872,1782747760.503483
212600,1.8520798683166504,1782747766.2033362
212700,1.8525416851043701,1782747771.9561262
212800,1.5361467599868774,1782747777.7413607
212900,2.003511667251587,1782747783.6944818
213000,1.973893642425537,1782747789.5064256
213100,1.6889047622680664,1782747795.385948
213200,2.3008570671081543,1782747801.299808
213300,1.6273009777069092,1782747807.4155908
213400,1.8589286804199219,1782747813.2517142
213500,1.7587168216705322,1782747819.2225342
213600,1.7314581871032715,1782747824.9763656
213700,1.4347047805786133,1782747830.9032836
213800,1.741004228591919,1782747837.0288837
213900,1.5009450912475586,1782747842.7653496
214000,1.6654942035675049,1782747848.5101395
214100,1.7021188735961914,1782747854.5625815
214200,1.5546189546585083,1782747860.375916
214300,1.989982008934021,1782747866.2708452
214400,1.6292507648468018,1782747872.120558
214500,1.6588023900985718,1782747878.1348011
214600,1.64960777759552,1782747884.0961196
214700,2.1865737438201904,1782747890.3986464
214800,1.3986642360687256,1782747896.182078
214900,1.5711466073989868,1782747902.1173623
215000,1.830387830734253,1782747907.8251262
215100,1.5403861999511719,1782747913.819519
215200,1.8134777545928955,1782747919.772796
215300,1.7796547412872314,1782747925.497306
215400,1.6264543533325195,1782747931.277129
215500,1.8624801635742188,1782747937.0378125
215600,2.497709274291992,1782747942.926396
215700,2.0416648387908936,1782747948.8651283
215800,2.0738916397094727,1782747954.5040715
215900,2.095430850982666,1782747960.3397658
216000,2.0310521125793457,1782747966.1718102
216100,2.19284725189209,1782747972.3020186
216200,1.707877516746521,1782747978.2748728
216300,2.3829169273376465,1782747983.9980824
216400,1.8709895610809326,1782747989.8923562
216500,2.539470672607422,1782747995.671744
216600,2.16074800491333,1782748001.688587
216700,1.4165505170822144,1782748007.6580744
216800,1.5258078575134277,1782748013.5159152
216900,1.4307804107666016,1782748019.2545562
217000,2.191826343536377,1782748024.8700962
217100,1.904250144958496,1782748030.4924629
217200,1.9394044876098633,1782748036.481882
217300,1.6021580696105957,1782748042.303344
217400,2.096712112426758,1782748048.0849395
217500,1.73711359500885,1782748053.8383288
217600,1.6792585849761963,1782748059.6016035
217700,1.989345908164978,1782748065.087258
217800,1.7447888851165771,1782748070.977152
217900,1.960879921913147,1782748076.923488
218000,2.077316999435425,1782748082.90273
218100,1.7239325046539307,1782748089.2100964
218200,1.8548049926757812,1782748094.9900084
218300,1.6844115257263184,1782748101.170755
218400,1.8990309238433838,1782748107.1286292
218500,2.1044414043426514,1782748113.1845045
218600,1.8494844436645508,1782748119.1718085
218700,1.9697258472442627,1782748125.3796074
218800,1.8851749897003174,1782748131.3876996
218900,1.620819091796875,1782748137.5326474
219000,2.079707145690918,1782748143.833604
219100,1.5595505237579346,1782748149.8175755
219200,2.1384873390197754,1782748155.80294
219300,1.576425313949585,1782748161.796315
219400,1.4338314533233643,1782748167.9655936
219500,1.7442405223846436,1782748174.090989
219600,1.6137553453445435,1782748180.2650378
219700,1.4779009819030762,1782748186.3192725
219800,1.8215439319610596,1782748192.5220597
219900,1.4724305868148804,1782748198.5775032
220000,1.2722011804580688,1782748204.7049823
220100,1.4171799421310425,1782748210.8441133
220200,2.0348477363586426,1782748216.9483314
220300,2.29431414604187,1782748223.0267055
220400,1.6454845666885376,1782748229.0867171
220500,1.5001013278961182,1782748235.038554
220600,1.9482901096343994,1782748241.1492147
220700,1.5184940099716187,1782748247.2055852
220800,1.9805963039398193,1782748253.331735
220900,1.702265977859497,1782748259.4455004
221000,2.011894702911377,1782748265.5267289
221100,1.7791715860366821,1782748271.5959964
221200,1.485586404800415,1782748277.4567535
221300,1.522414207458496,1782748283.3749683
221400,1.8063874244689941,1782748289.6222317
221500,1.926788568496704,1782748295.8571162
221600,2.0841188430786133,1782748302.0115345
221700,2.0326669216156006,1782748308.1338763
221800,1.8089089393615723,1782748314.197935
221900,1.9354056119918823,1782748320.1273491
222000,1.6666386127471924,1782748326.2102642
222100,1.8337321281433105,1782748332.2100713
222200,2.0455803871154785,1782748338.0798793
222300,1.5285447835922241,1782748344.159692
222400,1.4409823417663574,1782748350.1018722
222500,1.2441859245300293,1782748356.270995
222600,1.9388967752456665,1782748362.3178234
222700,1.9128443002700806,1782748368.2743332
222800,1.2164607048034668,1782748374.210805
222900,1.5853265523910522,1782748380.4634614
223000,1.6454384326934814,1782748386.330215
223100,1.6602318286895752,1782748392.5013258
223200,1.718785285949707,1782748398.6874142
223300,1.76503586769104,1782748404.6448464
223400,2.0228710174560547,1782748410.6657667
223500,1.6306759119033813,1782748417.0097485
223600,1.5576128959655762,1782748422.9635928
223700,1.64883553981781,1782748429.28178
223800,1.783038854598999,1782748435.1617618
223900,1.0898146629333496,1782748441.2022233
224000,1.8325892686843872,1782748447.0782034
224100,1.7967965602874756,1782748453.0695934
224200,1.46489417552948,1782748459.0998049
224300,1.3868217468261719,1782748465.0229204
224400,1.3752731084823608,1782748471.0614767
224500,1.5183382034301758,1782748477.0527992
224600,1.475609302520752,1782748483.1320057
224700,2.1354405879974365,1782748489.1804078
224800,1.8955632448196411,1782748495.1708686
224900,1.415723443031311,1782748501.0424025
225000,1.8793399333953857,1782748507.0573668
225100,1.437635898590088,1782748627.898947
225200,1.3411024808883667,1782748633.9308953
225300,2.133558750152588,1782748640.2562847
225400,1.6999262571334839,1782748646.1581557
225500,1.6042561531066895,1782748652.3937926
225600,2.4133782386779785,1782748658.3898792
225700,1.7714817523956299,1782748664.1617038
225800,1.878042221069336,1782748670.0831196
225900,2.43263840675354,1782748676.190861
226000,1.6817855834960938,1782748682.184176
226100,1.4379420280456543,1782748688.166708
226200,2.2311129570007324,1782748694.2369444
226300,1.7350125312805176,1782748700.503417
226400,1.6826523542404175,1782748706.4217944
226500,1.815014362335205,1782748712.5079315
226600,1.522851824760437,1782748718.524907
226700,1.7823243141174316,1782748724.5002701
226800,1.4989359378814697,1782748730.3842635
226900,1.6680883169174194,1782748736.645597
227000,2.6943893432617188,1782748742.5527332
227100,1.7651176452636719,1782748748.5440896
227200,1.6631101369857788,1782748754.6718082
227300,2.0142645835876465,1782748760.737332
227400,2.056792974472046,1782748766.8108792
227500,1.4801201820373535,1782748772.7189202
227600,1.5278081893920898,1782748779.0446978
227700,1.8283369541168213,1782748785.0194705
227800,1.6592856645584106,1782748791.0272214
227900,1.3942973613739014,1782748796.9733427
228000,1.7604644298553467,1782748803.0009997
228100,1.4825801849365234,1782748809.1582701
228200,1.7522053718566895,1782748815.1912394
228300,1.6677013635635376,1782748821.076573
228400,1.4890567064285278,1782748827.154954
228500,1.6051418781280518,1782748833.2110624
228600,1.522735357284546,1782748839.2572534
228700,2.0874860286712646,1782748845.2110083
228800,1.5277414321899414,1782748851.3981645
228900,1.5687978267669678,1782748857.5379932
229000,1.492682695388794,1782748863.7164788
229100,1.988283395767212,1782748869.7250276
229200,1.9412312507629395,1782748875.829562
229300,1.6111512184143066,1782748881.7618983
229400,1.89308762550354,1782748887.8018389
229500,1.6546071767807007,1782748894.033599
229600,1.7353625297546387,1782748900.1569858
229700,1.5143202543258667,1782748906.1869347
229800,1.4045854806900024,1782748912.2460022
229900,1.5564732551574707,1782748918.4047148
230000,1.3163281679153442,1782748924.542828
230100,1.9662895202636719,1782748930.5027184
230200,2.0111513137817383,1782748936.7008655
230300,2.2019777297973633,1782748942.7082236
230400,3.3423478603363037,1782748948.6251433
230500,1.656463623046875,1782748954.8078327
230600,1.4825468063354492,1782748960.5724528
230700,1.6146557331085205,1782748966.4239244
230800,1.5687141418457031,1782748972.5081682
230900,1.7993230819702148,1782748978.4766066
231000,1.4888722896575928,1782748984.412285
231100,1.9160512685775757,1782748990.704843
231200,1.828691005706787,1782748996.6217124
231300,1.925659418106079,1782749002.6708558
231400,1.520812749862671,1782749008.742321
231500,1.8733144998550415,1782749014.8212037
231600,1.5935513973236084,1782749021.018491
231700,2.0147950649261475,1782749026.9245687
231800,1.8805748224258423,1782749033.186622
231900,1.9397180080413818,1782749039.216455
232000,1.9544572830200195,1782749045.1547544
232100,1.740591049194336,1782749051.1833923
232200,1.8488069772720337,1782749057.4250472
232300,1.600753903388977,1782749063.4184387
232400,1.6544069051742554,1782749069.3405585
232500,2.18019437789917,1782749075.3877532
232600,1.6598453521728516,1782749081.3448887
232700,1.8310177326202393,1782749087.5502415
232800,1.758717656135559,1782749093.5638175
232900,1.54930579662323,1782749099.7005048
233000,1.7507219314575195,1782749105.4857137
233100,1.6927598714828491,1782749111.7018566
233200,1.3985711336135864,1782749117.4854794
233300,1.669555902481079,1782749123.3866715
233400,2.0345959663391113,1782749129.2581959
233500,1.6907083988189697,1782749135.196416
233600,1.447239637374878,1782749141.1798859
233700,1.5917189121246338,1782749147.196022
233800,1.7619866132736206,1782749153.468005
233900,1.8081111907958984,1782749159.618897
234000,2.393289804458618,1782749165.7507315
234100,1.1821446418762207,1782749171.7616968
234200,1.3275036811828613,1782749177.624198
234300,1.7472248077392578,1782749183.803868
234400,2.206890344619751,1782749189.916266
234500,2.026966094970703,1782749195.9041197
234600,2.053962469100952,1782749201.8694406
234700,2.1034815311431885,1782749207.6941028
234800,1.6060116291046143,1782749213.678703
234900,1.453651785850525,1782749219.6335604
235000,1.3945748805999756,1782749225.6611156
235100,1.834932565689087,1782749231.438508
235200,1.8634796142578125,1782749237.3904908
235300,1.8295392990112305,1782749243.6842225
235400,2.6785120964050293,1782749249.626826
235500,2.1942262649536133,1782749255.583161
235600,2.1687393188476562,1782749261.643345
235700,1.6147772073745728,1782749267.7917316
235800,1.7315537929534912,1782749273.7726703
235900,1.9015780687332153,1782749279.936571
236000,1.2893143892288208,1782749285.9704466
236100,1.412639856338501,1782749291.8031297
236200,2.084266185760498,1782749297.7623284
236300,1.554004192352295,1782749303.699897
236400,2.710710287094116,1782749309.7869887
236500,1.9903463125228882,1782749315.686389
236600,2.160860061645508,1782749321.6516268
236700,2.127873182296753,1782749327.6057515
236800,1.7694162130355835,1782749333.615666
236900,1.753980040550232,1782749339.836911
237000,2.1499407291412354,1782749345.8862321
237100,1.5728950500488281,1782749352.1913035
237200,1.3431541919708252,1782749358.3318014
237300,1.7089269161224365,1782749364.1835024
237400,1.57395339012146,1782749370.3017588
237500,1.8020124435424805,1782749376.5230284
237600,1.81886887550354,1782749382.4800696
237700,1.7594387531280518,1782749388.5511715
237800,1.773003339767456,1782749394.5415223
237900,1.6918262243270874,1782749400.6411617
238000,1.746603012084961,1782749406.4408038
238100,2.0085721015930176,1782749412.8348038
238200,1.7374953031539917,1782749418.8718944
238300,1.8244223594665527,1782749424.950333
238400,1.9088220596313477,1782749430.940347
238500,1.9699947834014893,1782749436.932126
238600,1.9460344314575195,1782749442.996401
238700,1.7637914419174194,1782749448.8112664
238800,1.7500200271606445,1782749454.9069295
238900,2.0135960578918457,1782749460.9251606
239000,2.0254337787628174,1782749466.7982712
239100,1.9285881519317627,1782749472.8195899
239200,1.6162526607513428,1782749478.7984977
239300,1.74454665184021,1782749484.8066738
239400,1.9610391855239868,1782749490.8356814
239500,2.27567982673645,1782749497.0814793
239600,1.7180838584899902,1782749503.2704055
239700,1.8554364442825317,1782749509.3837419
239800,1.2924317121505737,1782749515.503963
239900,1.5793229341506958,1782749521.6348786
240000,1.3635237216949463,1782749527.6267126
240100,1.7438000440597534,1782749533.5141153
240200,1.7105263471603394,1782749539.7697723
240300,2.059480667114258,1782749546.0398593
240400,1.522104024887085,1782749552.0603895
240500,1.7063543796539307,1782749557.949287
240600,2.194709300994873,1782749563.9255714
240700,1.56455659866333,1782749569.8274026
240800,1.8078336715698242,1782749575.7253647
240900,1.942531704902649,1782749581.5894945
241000,2.7428529262542725,1782749587.7128894
241100,1.6842374801635742,1782749593.770949
241200,2.0404646396636963,1782749599.5492902
241300,1.7465527057647705,1782749605.537093
241400,1.613961935043335,1782749611.5199175
241500,1.6725764274597168,1782749617.626029
241600,1.7037345170974731,1782749623.5111806
241700,1.7236924171447754,1782749629.3762565
241800,1.54893159866333,1782749635.2841747
241900,1.868700623512268,1782749641.19685
242000,1.6728185415267944,1782749647.267381
242100,1.9003102779388428,1782749653.3256788
242200,1.7987056970596313,1782749659.1704762
242300,1.5605031251907349,1782749665.1971858
242400,1.360069751739502,1782749671.0963352
242500,1.8618896007537842,1782749677.3385935
242600,1.5726549625396729,1782749683.3570511
242700,1.643165946006775,1782749689.5226011
242800,1.30045747756958,1782749695.387541
242900,2.065345287322998,1782749701.6391098
243000,2.4574289321899414,1782749707.6684954
243100,2.410140037536621,1782749713.6700308
243200,1.5681443214416504,1782749719.6281765
243300,1.9066941738128662,1782749725.5394692
243400,2.2550129890441895,1782749731.8375192
243500,2.0160012245178223,1782749737.665565
243600,1.8027880191802979,1782749743.943483
243700,2.5140223503112793,1782749749.895626
243800,1.9843131303787231,1782749755.7934306
243900,2.2673873901367188,1782749762.0831804
244000,1.6583061218261719,1782749768.4279902
244100,1.6477432250976562,1782749774.5505798
244200,2.0938916206359863,1782749780.511578
244300,1.73160719871521,1782749786.4768815
244400,1.7317194938659668,1782749792.7029588
244500,2.0098485946655273,1782749798.9101205
244600,1.9560320377349854,1782749804.9195569
244700,2.1037678718566895,1782749810.885033
244800,2.1033568382263184,1782749816.9309916
244900,1.840268850326538,1782749822.8358805
245000,1.7735110521316528,1782749829.0074654
245100,1.6967477798461914,1782749834.9727123
245200,1.7039262056350708,1782749840.7969103
245300,2.204634189605713,1782749846.8044295
245400,1.432044267654419,1782749852.9411666
245500,1.907119631767273,1782749859.0347512
245600,1.7417993545532227,1782749864.9826806
245700,1.8031083345413208,1782749871.0441191
245800,1.6711318492889404,1782749877.009548
245900,1.4901748895645142,1782749883.006509
246000,1.8136430978775024,1782749889.1402206
246100,2.1128013134002686,1782749895.1540802
246200,2.3072519302368164,1782749901.1292942
246300,2.2777700424194336,1782749907.0449386
246400,2.4780921936035156,1782749913.1045866
246500,1.8236247301101685,1782749919.0304213
246600,1.5839885473251343,1782749925.063561
246700,1.6352444887161255,1782749930.9639862
246800,1.7190474271774292,1782749937.1078348
246900,1.7833448648452759,1782749943.141263
247000,2.0374650955200195,1782749949.2237244
247100,1.7604113817214966,1782749955.212769
247200,1.5407675504684448,1782749961.314984
247300,2.0978856086730957,1782749967.2601094
247400,1.7163667678833008,1782749973.5831144
247500,1.6701387166976929,1782749979.4641333
247600,1.6081457138061523,1782749985.40325
247700,1.5561126470565796,1782749991.3321958
247800,1.7846113443374634,1782749997.4903445
247900,1.6308512687683105,1782750003.3507037
248000,1.7559524774551392,1782750009.4672253
248100,1.641118049621582,1782750015.4123847
248200,1.5855598449707031,1782750021.645009
248300,1.7364368438720703,1782750027.8122225
248400,2.0636515617370605,1782750033.948084
248500,1.4140981435775757,1782750039.9871483
248600,1.845856785774231,1782750045.8364336
248700,2.0418102741241455,1782750051.7826562
248800,1.689546823501587,1782750057.7397223
248900,1.9890884160995483,1782750063.6542578
249000,1.6734604835510254,1782750069.7097247
249100,2.0175600051879883,1782750075.731565
249200,1.945626974105835,1782750081.7517693
249300,1.7757847309112549,1782750087.76451
249400,1.9205418825149536,1782750093.7733514
249500,1.8712446689605713,1782750099.895279
249600,1.793046474456787,1782750106.0951114
249700,2.064413547515869,1782750111.9599674
249800,1.8759489059448242,1782750118.0184617
249900,1.890779733657837,1782750123.9547627
250000,1.835742473602295,1782750129.874592
250100,1.5091049671173096,1782750291.9849436
250200,1.3447589874267578,1782750297.718045
250300,1.4876635074615479,1782750303.4483297
250400,1.9526054859161377,1782750309.3009543
250500,1.530220627784729,1782750315.1432068
250600,1.58888578414917,1782750321.1093628
250700,1.9305881261825562,1782750327.1514165
250800,1.7855807542800903,1782750333.2224371
250900,1.6954941749572754,1782750339.514642
251000,1.9049415588378906,1782750345.4270954
251100,1.5041751861572266,1782750351.4393823
251200,2.3704285621643066,1782750357.3038485
251300,1.6238679885864258,1782750363.2308602
251400,1.949636697769165,1782750369.2664852
251500,2.3612992763519287,1782750375.358822
251600,1.857240080833435,1782750381.2340887
251700,1.766706943511963,1782750386.934018
251800,1.5936415195465088,1782750392.7228153
251900,2.1067469120025635,1782750398.4943666
252000,1.9522017240524292,1782750404.5875268
252100,1.733938455581665,1782750410.3991108
252200,1.553853988647461,1782750416.2344866
252300,1.4755229949951172,1782750422.1844442
252400,1.965610146522522,1782750428.2808375
252500,1.870504379272461,1782750434.1103845
252600,1.7227609157562256,1782750440.3861773
252700,1.99479341506958,1782750446.40174
252800,1.3869407176971436,1782750452.1704128
252900,1.829621434211731,1782750458.3958583
253000,1.9376418590545654,1782750464.3354392
253100,1.907952070236206,1782750470.1058373
253200,2.0461673736572266,1782750476.3842158
253300,1.6201926469802856,1782750482.5342243
253400,1.8565595149993896,1782750488.3598793
253500,1.7864086627960205,1782750494.3348842
253600,1.8115897178649902,1782750500.3098478
253700,2.6159636974334717,1782750506.3016334
253800,2.0219016075134277,1782750512.4988556
253900,1.7864751815795898,1782750518.2591863
254000,2.0086255073547363,1782750524.204805
254100,1.8118064403533936,1782750530.0742755
254200,2.066683292388916,1782750536.1969008
254300,1.7992740869522095,1782750542.0554118
254400,1.6693153381347656,1782750547.9384162
254500,2.02012300491333,1782750553.700483
254600,1.9543031454086304,1782750559.568149
254700,1.8341469764709473,1782750565.4481232
254800,2.084049701690674,1782750571.527151
254900,2.2451183795928955,1782750577.440661
255000,2.0649030208587646,1782750583.737529
255100,1.9067211151123047,1782750589.7775362
255200,1.6975164413452148,1782750595.9698489
255300,1.9348472356796265,1782750602.2071722
255400,2.0712289810180664,1782750607.9727468
255500,2.2359414100646973,1782750613.6400025
255600,1.9319708347320557,1782750619.5662234
255700,1.6198625564575195,1782750625.7875223
255800,1.9882920980453491,1782750631.6239755
255900,2.323141574859619,1782750637.9580123
256000,1.5589449405670166,1782750644.1373062
256100,2.139103889465332,1782750650.2424715
256200,2.0607478618621826,1782750656.2697663
256300,2.0080018043518066,1782750662.2485907
256400,2.065901279449463,1782750668.4742653
256500,1.921633243560791,1782750674.3401506
256600,1.9677131175994873,1782750680.206302
256700,1.6115243434906006,1782750686.0932767
256800,1.5589861869812012,1782750692.0174446
256900,1.4299453496932983,1782750697.9273334
257000,1.6359670162200928,1782750703.7161603
257100,1.9876981973648071,1782750709.712734
257200,2.0188546180725098,1782750715.736334
257300,2.3475546836853027,1782750721.6890798
257400,2.111133575439453,1782750727.930771
257500,2.2110214233398438,1782750733.7540646
257600,1.9784131050109863,1782750739.8008976
257700,1.830400824546814,1782750745.9374251
257800,2.368159294128418,1782750751.826157
257900,2.295194149017334,1782750757.712244
258000,1.7952576875686646,1782750763.5388887
258100,2.0527162551879883,1782750769.947613
258200,2.295957565307617,1782750776.1624408
258300,2.338298797607422,1782750782.1821003
258400,1.6583665609359741,1782750788.2393253
258500,2.4633209705352783,1782750794.2757504
258600,2.3561763763427734,1782750800.1581218
258700,1.9969676733016968,1782750806.276704
258800,2.0787057876586914,1782750812.5168636
258900,1.581527829170227,1782750818.564911
259000,2.343770742416382,1782750824.3199377
259100,1.8536629676818848,1782750830.3739538
259200,2.0401501655578613,1782750836.132323
259300,2.057746648788452,1782750842.383787
259400,2.2497739791870117,1782750848.5473726
259500,1.798367977142334,1782750854.7559836
259600,1.9387609958648682,1782750860.4611816
259700,1.99152410030365,1782750866.319644
259800,1.8352118730545044,1782750872.3547707
259900,2.316462993621826,1782750878.034409
260000,2.4525914192199707,1782750883.9876077
260100,1.3991169929504395,1782750889.7463143
260200,2.3842146396636963,1782750896.0694406
260300,1.6810493469238281,1782750901.8411648
260400,1.6514673233032227,1782750907.868659
260500,1.86348295211792,1782750914.0859716
260600,1.7453457117080688,1782750919.920773
260700,1.856105089187622,1782750925.8954716
260800,2.7563247680664062,1782750931.7441986
260900,1.773409366607666,1782750937.5377526
261000,1.856543779373169,1782750943.275853
261100,2.2624850273132324,1782750949.9367065
261200,1.6317267417907715,1782750955.9002883
261300,1.8160080909729004,1782750961.6160953
261400,1.9920971393585205,1782750967.4712296
261500,2.183806896209717,1782750973.1633606
261600,1.7303218841552734,1782750979.3903465
261700,1.691857099533081,1782750985.240527
261800,1.9340195655822754,1782750991.1440747
261900,2.053927421569824,1782750997.1539428
262000,1.5854424238204956,1782751002.7704391
262100,1.6236940622329712,1782751008.6812277
262200,1.6372063159942627,1782751014.9628165
262300,1.8295263051986694,1782751020.642143
262400,1.6992207765579224,1782751026.6433754
262500,2.3906776905059814,1782751032.2059696
262600,1.798804759979248,1782751038.0855167
262700,2.6082706451416016,1782751044.0618913
262800,2.1226463317871094,1782751049.7210906
262900,1.9285178184509277,1782751055.570063
263000,2.2859201431274414,1782751061.4153764
263100,1.863125205039978,1782751067.2175133
263200,2.1922318935394287,1782751073.350514
263300,2.199375629425049,1782751079.3729208
263400,1.751930832862854,1782751085.2249877
263500,2.3843727111816406,1782751091.072145
263600,1.7923401594161987,1782751096.7370276
263700,1.9642584323883057,1782751102.6180022
263800,1.828742265701294,1782751108.5447888
263900,1.6800696849822998,1782751114.179007
264000,1.734728455543518,1782751120.2705545
264100,1.9344402551651,1782751126.107244
264200,1.5686508417129517,1782751132.4075036
264300,2.262552261352539,1782751138.6547627
264400,1.6954025030136108,1782751144.9720824
264500,2.166691303253174,1782751151.06928
264600,1.75527024269104,1782751157.3834705
264700,2.316704273223877,1782751163.4862642
264800,2.0744643211364746,1782751169.5550032
264900,1.865838646888733,1782751175.7294335
265000,1.9441505670547485,1782751181.7482946
265100,1.8882434368133545,1782751187.835539
265200,2.1959786415100098,1782751193.9676454
265300,2.0487513542175293,1782751200.1050532
265400,2.2723348140716553,1782751206.1073284
265500,2.586474657058716,1782751212.255484
265600,2.077744722366333,1782751218.2905314
265700,2.0810487270355225,1782751224.1803205
265800,2.7630677223205566,1782751230.327142
265900,2.1013853549957275,1782751236.294481
266000,2.20684552192688,1782751242.1618993
266100,1.881169080734253,1782751248.2069223
266200,1.8097904920578003,1782751254.109761
266300,2.1803061962127686,1782751260.0335357
266400,2.4829916954040527,1782751266.193482
266500,2.513171672821045,1782751272.275767
266600,1.8499209880828857,1782751278.2106156
266700,2.20212984085083,1782751284.4444294
266800,1.5142087936401367,1782751290.4879847
266900,2.844252109527588,1782751296.6694136
267000,1.7950439453125,1782751303.005297
267100,1.9208629131317139,1782751309.0036907
267200,1.858386516571045,1782751315.2928689
267300,2.385152816772461,1782751321.2165704
267400,2.542754650115967,1782751327.3181252
267500,1.988502025604248,1782751333.6056013
267600,1.9437663555145264,1782751339.8288453
267700,2.5046226978302,1782751345.9519207
267800,1.919705867767334,1782751351.9654965
267900,1.919674277305603,1782751358.2899463
268000,2.3862600326538086,1782751364.498771
268100,2.5040345191955566,1782751370.5284078
268200,1.748906135559082,1782751376.6904793
268300,1.8092565536499023,1782751382.6514363
268400,2.314988136291504,1782751388.8599048
268500,1.7755463123321533,1782751394.9176815
268600,2.1495656967163086,1782751401.0265603
268700,2.0128774642944336,1782751407.1438603
268800,1.775430679321289,1782751413.1846263
268900,1.6812920570373535,1782751419.5160148
269000,2.1261777877807617,1782751425.6303117
269100,2.516525983810425,1782751431.7507405
269200,2.704225540161133,1782751437.6324377
269300,2.7038955688476562,1782751443.6184263
269400,1.9020668268203735,1782751449.8061802
269500,2.3166050910949707,1782751456.1358163
269600,2.5540709495544434,1782751461.950736
269700,1.8856881856918335,1782751467.9757445
269800,1.9364888668060303,1782751474.2181468
269900,2.5295636653900146,1782751480.4822738
270000,2.088306427001953,1782751486.4635043
270100,2.2237720489501953,1782751492.4214442
270200,2.0792438983917236,1782751498.5736341
270300,2.0243749618530273,1782751504.7350087
270400,2.5198545455932617,1782751510.8098092
270500,2.2253518104553223,1782751516.9272082
270600,2.2220234870910645,1782751523.1428304
270700,1.974074125289917,1782751529.175312
270800,2.0939507484436035,1782751535.398332
270900,1.6916289329528809,1782751541.3286967
271000,2.257153034210205,1782751547.6298506
271100,1.9277994632720947,1782751553.8025725
271200,2.3607139587402344,1782751559.7089455
271300,2.153742790222168,1782751565.755341
271400,1.9295716285705566,1782751571.8165135
271500,2.1824498176574707,1782751578.0966127
271600,1.7219605445861816,1782751584.0309184
271700,1.9329334497451782,1782751590.283152
271800,2.3010342121124268,1782751596.2152257
271900,2.9398036003112793,1782751602.391909
272000,2.3671507835388184,1782751608.4258337
272100,2.1604738235473633,1782751614.3699782
272200,2.5517144203186035,1782751620.706716
272300,1.968024492263794,1782751626.7779338
272400,2.232760429382324,1782751632.8370147
272500,3.3384885787963867,1782751638.7851205
272600,2.066504716873169,1782751645.0890589
272700,2.610328435897827,1782751651.0197113
272800,1.9652786254882812,1782751657.1733832
272900,2.3595919609069824,1782751663.06566
273000,2.059739589691162,1782751669.173905
273100,2.144038677215576,1782751675.1219192
273200,1.8866841793060303,1782751681.1735063
273300,2.0488250255584717,1782751687.0902233
273400,2.2454686164855957,1782751693.2871103
273500,2.068793296813965,1782751699.1987348
273600,2.2408735752105713,1782751705.233418
273700,2.175673007965088,1782751711.1412988
273800,1.5059148073196411,1782751717.2728791
273900,1.6521515846252441,1782751723.3511252
274000,1.8263540267944336,1782751729.3130002
274100,2.1172502040863037,1782751735.5250568
274200,2.0431623458862305,1782751741.6510851
274300,1.5066457986831665,1782751747.5850542
274400,1.4420826435089111,1782751753.6471436
274500,1.6186046600341797,1782751759.4917543
274600,1.756012201309204,1782751765.458352
274700,1.9980303049087524,1782751771.4537456
274800,1.501033067703247,1782751777.4337437
274900,1.7121174335479736,1782751783.4552486
275000,2.3059418201446533,1782751789.5907023
275100,2.1627445220947266,1782751959.954893
275200,2.025567054748535,1782751965.9086285
275300,2.1074113845825195,1782751972.1111944
275400,1.959511637687683,1782751978.1085205
275500,1.9182406663894653,1782751984.2631164
275600,2.731461763381958,1782751990.4864478
275700,2.1397368907928467,1782751996.5433059
275800,1.7582523822784424,1782752002.4417963
275900,1.9067981243133545,1782752008.6175222
276000,1.8827557563781738,1782752014.6092544
276100,1.9262841939926147,1782752020.5155122
276200,1.6536661386489868,1782752026.6870468
276300,1.8288331031799316,1782752032.6115592
276400,1.6650943756103516,1782752038.8196423
276500,1.6190683841705322,1782752044.8635824
276600,1.6975700855255127,1782752050.8194423
276700,1.9608312845230103,1782752056.8087556
276800,1.9658712148666382,1782752062.6971233
276900,1.7934125661849976,1782752068.6979132
277000,1.7351188659667969,1782752074.905169
277100,2.38021183013916,1782752081.0057344
277200,2.125314235687256,1782752086.969128
277300,1.9193017482757568,1782752093.1562707
277400,2.0821523666381836,1782752099.0704386
277500,2.24853515625,1782752105.074778
277600,1.4904913902282715,1782752111.1828947
277700,1.972805380821228,1782752117.0950344
277800,2.314990520477295,1782752123.1873677
277900,1.8128232955932617,1782752129.1034658
278000,1.832153558731079,1782752135.0622563
278100,2.23057222366333,1782752141.1770637
278200,2.2968287467956543,1782752147.0721216
278300,2.220745086669922,1782752153.3111954
278400,2.330833911895752,1782752159.5283666
278500,1.934989094734192,1782752165.6015995
278600,2.0959858894348145,1782752171.542097
278700,1.8546327352523804,1782752177.7503347
278800,1.7691717147827148,1782752183.6893227
278900,2.3714821338653564,1782752189.900227
279000,2.3117685317993164,1782752196.077879
279100,2.377821922302246,1782752202.0330105
279200,2.0117127895355225,1782752208.038784
279300,1.6213316917419434,1782752214.1855175
279400,2.3152759075164795,1782752220.0644608
279500,2.1838793754577637,1782752226.2290998
279600,2.056976318359375,1782752232.1055546
279700,2.3758950233459473,1782752238.0981658
279800,2.661505699157715,1782752244.0504205
279900,2.089825391769409,1782752250.1749299
280000,2.1102890968322754,1782752256.2259276
280100,2.2176334857940674,1782752262.2833564
280200,1.6353330612182617,1782752268.5114138
280300,1.9235435724258423,1782752274.548265
280400,1.8554898500442505,1782752280.6402285
280500,2.0493364334106445,1782752286.6659195
280600,1.873808741569519,1782752292.9335392
280700,1.6429617404937744,1782752299.0990827
280800,1.6396756172180176,1782752305.041012
280900,2.1854770183563232,1782752311.2144299
281000,2.3727221488952637,1782752317.3190317
281100,2.099458932876587,1782752323.3565958
281200,1.9561026096343994,1782752329.299196
281300,1.8161602020263672,1782752335.3783264
281400,2.083841323852539,1782752341.717867
281500,2.215628147125244,1782752347.6703212
281600,2.012423515319824,1782752353.635853
281700,2.297060966491699,1782752359.7638571
281800,1.745429277420044,1782752365.6876953
281900,1.8902745246887207,1782752371.7287452
282000,2.348223924636841,1782752377.6820111
282100,1.6827776432037354,1782752383.8713937
282200,1.70176100730896,1782752390.0840197
282300,1.839517593383789,1782752396.2838545
282400,2.430846691131592,1782752402.4937222
282500,2.5225844383239746,1782752408.625367
282600,2.9990086555480957,1782752414.6195424
282700,2.4116933345794678,1782752420.946848
282800,2.0103256702423096,1782752427.1018698
282900,1.9972038269042969,1782752433.1094625
283000,1.908911108970642,1782752439.3951015
283100,2.2136285305023193,1782752445.7334654
283200,2.145146369934082,1782752451.921101
283300,2.078087329864502,1782752457.8316119
283400,1.7782058715820312,1782752463.9129088
283500,2.8097996711730957,1782752470.0677545
283600,1.876682996749878,1782752476.3246586
283700,2.2725086212158203,1782752482.7535944
283800,1.681858777999878,1782752488.7106972
283900,1.7667008638381958,1782752494.8824923
284000,2.4171690940856934,1782752500.8563092
284100,1.8535808324813843,1782752506.9661815
284200,1.7668426036834717,1782752512.9973645
284300,1.7476024627685547,1782752519.2866428
284400,2.633563280105591,1782752525.2967231
284500,2.5564217567443848,1782752531.59703
284600,1.9456069469451904,1782752537.7536051
284700,2.0140137672424316,1782752543.9816573
284800,1.7761197090148926,1782752550.228246
284900,2.153416395187378,1782752556.3885334
285000,1.8424673080444336,1782752562.7254026
285100,2.1998777389526367,1782752568.6851137
285200,2.000486373901367,1782752574.8755531
285300,1.9987540245056152,1782752581.0694993
285400,2.457461357116699,1782752587.3634331
285500,2.1490020751953125,1782752593.4056253
285600,2.268742322921753,1782752599.3417425
285700,1.5620709657669067,1782752605.3802075
285800,2.0520360469818115,1782752611.37313
285900,1.6198393106460571,1782752617.2831764
286000,1.8823410272598267,1782752623.3084598
286100,1.5641429424285889,1782752629.365057
286200,1.7771871089935303,1782752635.6176274
286300,1.4371380805969238,1782752641.7578566
286400,1.8297483921051025,1782752647.8925738
286500,2.1552443504333496,1782752654.07174
286600,2.0249404907226562,1782752660.1430714
286700,1.8186471462249756,1782752666.2743685
286800,1.9491441249847412,1782752672.2755527
286900,2.3844592571258545,1782752678.4161155
287000,2.283620595932007,1782752684.5463607
287100,2.5780792236328125,1782752690.4627287
287200,2.649935483932495,1782752696.3911095
287300,2.5678117275238037,1782752702.4578488
287400,2.6881821155548096,1782752708.729504
287500,2.4747047424316406,1782752714.7358024
287600,2.359670877456665,1782752720.7776453
287700,1.9632600545883179,1782752726.7992077
287800,1.9785767793655396,1782752732.8514256
287900,2.142639636993408,1782752738.9049046
288000,2.7520532608032227,1782752744.8625424
288100,2.1057217121124268,1782752750.766369
288200,2.389188528060913,1782752756.7067735
288300,1.6563479900360107,1782752763.009605
288400,1.7616918087005615,1782752768.9763696
288500,2.3520469665527344,1782752775.3873317
288600,2.1324338912963867,1782752781.526444
288700,2.6477856636047363,1782752787.48432
288800,1.9988075494766235,1782752793.7374866
288900,2.0549356937408447,1782752799.7223625
289000,1.410512924194336,1782752805.924691
289100,1.6615004539489746,1782752812.110069
289200,2.307495355606079,1782752818.3587456
289300,2.220355987548828,1782752824.6522293
289400,1.958317518234253,1782752830.8690937
289500,1.776855230331421,1782752836.9489052
289600,2.9603476524353027,1782752843.2577884
289700,1.8867096900939941,1782752849.4769528
289800,1.863696813583374,1782752855.7431147
289900,1.8088972568511963,1782752861.8858845
290000,1.670222282409668,1782752867.8822157
290100,1.8533520698547363,1782752874.0582695
290200,2.154458522796631,1782752880.2870066
290300,2.5706982612609863,1782752886.6578984
290400,1.8384370803833008,1782752892.5850208
290500,1.6630885601043701,1782752898.7299767
290600,2.399806022644043,1782752904.715449
290700,1.643493413925171,1782752910.8004258
290800,2.435123920440674,1782752916.785833
290900,1.9407265186309814,1782752922.96765
291000,2.1355037689208984,1782752929.070321
291100,2.237208366394043,1782752935.1651533
291200,2.4601829051971436,1782752941.1414213
291300,1.8117793798446655,1782752947.206188
291400,2.0942492485046387,1782752953.3965228
291500,1.8243108987808228,1782752959.6154952
291600,1.8707866668701172,1782752965.6317368
291700,2.4254722595214844,1782752971.7112083
291800,1.7513986825942993,1782752977.9562006
291900,1.7942285537719727,1782752983.975145
292000,1.8633339405059814,1782752989.9579334
292100,2.3419551849365234,1782752996.1080217
292200,2.1360373497009277,1782753002.5247672
292300,2.2441561222076416,1782753008.5624003
292400,2.712085008621216,1782753014.531616
292500,2.6860363483428955,1782753020.578082
292600,2.496009588241577,1782753026.6876009
292700,2.3442554473876953,1782753032.703357
292800,3.164456844329834,1782753038.6426342
292900,2.7548723220825195,1782753044.8934994
293000,2.7175378799438477,1782753050.9702215
293100,2.4542338848114014,1782753057.0063705
293200,2.165574073791504,1782753063.0184865
293300,2.151449680328369,1782753069.2331097
293400,2.30069637298584,1782753075.203943
293500,2.12860107421875,1782753081.2666986
293600,2.4156885147094727,1782753087.3096802
293700,1.6984566450119019,1782753093.4927197
293800,1.9669958353042603,1782753099.7034688
293900,2.167625665664673,1782753105.9793003
294000,1.6958125829696655,1782753112.1731982
294100,1.5873397588729858,1782753118.3942149
294200,2.91120982170105,1782753124.5617368
294300,1.896256685256958,1782753130.6629188
294400,2.099006175994873,1782753137.0713954
294500,1.94992995262146,1782753143.1914334
294600,2.471975326538086,1782753149.291396
294700,2.1053407192230225,1782753155.6394615
294800,2.548281669616699,1782753161.7903924
294900,2.1858386993408203,1782753167.976876
295000,2.0705413818359375,1782753174.0547147
295100,3.0737428665161133,1782753180.2380083
295200,1.7283048629760742,1782753186.2236354
295300,2.402479887008667,1782753192.607868
295400,1.8916937112808228,1782753198.639367
295500,1.8338983058929443,1782753204.86672
295600,2.0465517044067383,1782753211.0717876
295700,1.7466895580291748,1782753217.4220722
295800,1.6562538146972656,1782753223.584157
295900,2.227184772491455,1782753229.9071984
296000,1.659528374671936,1782753235.8884382
296100,2.104508876800537,1782753242.2361705
296200,1.7872719764709473,1782753248.2466938
296300,2.211894989013672,1782753254.2201724
296400,1.7537661790847778,1782753260.287861
296500,2.2629575729370117,1782753266.2785668
296600,1.8042279481887817,1782753272.5071802
296700,1.9958932399749756,1782753278.709412
296800,2.487680196762085,1782753284.8255777
296900,2.4836180210113525,1782753291.2535496
297000,2.528301477432251,1782753297.4106743
297100,1.983879804611206,1782753303.7417455
297200,1.8543071746826172,1782753309.9756672
297300,1.8021900653839111,1782753315.9698176
297400,2.3731424808502197,1782753321.975538
297500,1.8753933906555176,1782753328.1406558
297600,2.162384033203125,1782753334.299402
297700,2.0702147483825684,1782753340.3817277
297800,2.0222482681274414,1782753346.3859422
297900,1.9179213047027588,1782753352.4621658
298000,1.460648536682129,1782753358.5873692
298100,1.5178732872009277,1782753364.8886518
298200,1.7805432081222534,1782753371.1316245
298300,2.330440044403076,1782753377.2989655
298400,1.8526577949523926,1782753383.5352645
298500,1.7264831066131592,1782753389.6160834
298600,2.546032667160034,1782753395.7372096
298700,1.7320282459259033,1782753402.0466516
298800,1.4905481338500977,1782753408.255451
298900,1.948492407798767,1782753414.3032312
299000,1.9925198554992676,1782753420.2298028
299100,2.052455425262451,1782753426.1368058
299200,2.053403854370117,1782753432.3097181
299300,2.137338161468506,1782753438.2365172
299400,2.6441659927368164,1782753444.2386174
299500,2.432786703109741,1782753450.3386757
299600,2.3489696979522705,1782753456.3603702
299700,1.9041846990585327,1782753462.3666747
299800,2.001307487487793,1782753468.24728
299900,1.8336241245269775,1782753474.1114244
300000,1.8348928689956665,1782753480.0899904
300100,12.759769439697266,1782753675.4283476
300200,9.466755867004395,1782753681.5022655
300300,7.347311496734619,1782753687.7292345
300400,5.913957595825195,1782753693.7571383
300500,3.425232410430908,1782753699.8609219
300600,2.709991931915283,1782753705.90207
300700,2.6315250396728516,1782753712.2418168
300800,2.0314526557922363,1782753718.2773106
300900,1.3466465473175049,1782753724.544835
301000,1.6148457527160645,1782753730.6306427
301100,2.3314480781555176,1782753736.8271933
301200,1.3267912864685059,1782753742.9317636
301300,1.4261155128479004,1782753748.8195126
301400,1.75445556640625,1782753754.811006
301500,1.1211572885513306,1782753760.7467825
301600,2.054100275039673,1782753766.832632
301700,2.622710704803467,1782753772.8991833
301800,2.01468563079834,1782753778.8259401
301900,1.5851023197174072,1782753784.7893062
302000,1.748711109161377,1782753791.087231
302100,2.0023255348205566,1782753797.348181
302200,2.169780969619751,1782753803.7157238
302300,1.9837018251419067,1782753809.9574268
302400,2.276972770690918,1782753816.079819
302500,2.6190502643585205,1782753822.1759665
302600,1.758292317390442,1782753828.3673983
302700,2.5371532440185547,1782807556.6757474
302800,2.1914734840393066,1782807562.5537472
302900,4.080999374389648,1782807568.5443792
303000,2.6211628913879395,1782807574.509112
303100,2.3747448921203613,1782807580.371904
303200,2.535008192062378,1782807586.5932643
303300,1.9556227922439575,1782807592.5186727
303400,2.290968418121338,1782807598.4419508
303500,2.1129534244537354,1782807604.2586107
303600,3.120209217071533,1782807609.9802155
303700,2.2581377029418945,1782807615.8784559
303800,2.3502230644226074,1782807621.852639
303900,1.8089993000030518,1782807627.7835946
304000,1.8048181533813477,1782807633.5078595
304100,2.1354501247406006,1782807639.2424798
304200,2.4906439781188965,1782807644.9307842
304300,1.877699613571167,1782807650.6791425
304400,2.549783706665039,1782807656.6346455
304500,2.1295738220214844,1782807662.3958216
304600,2.31081485748291,1782807668.1869226
304700,2.4605672359466553,1782807674.276677
304800,2.3395323753356934,1782807680.272001
304900,1.7092604637145996,1782807685.9990788
305000,2.268303394317627,1782807691.9822247
305100,2.579953908920288,1782807697.9669108
305200,2.178813934326172,1782807704.5558033
305300,2.37835693359375,1782807711.2188256
305400,1.9644780158996582,1782807717.9046915
305500,1.8924050331115723,1782807724.4246283
305600,2.3066792488098145,1782807731.116536
305700,2.198920488357544,1782807737.841759
305800,1.7144826650619507,1782807744.788057
305900,2.780181884765625,1782807751.4881685
306000,1.6646097898483276,1782807758.327974
306100,2.103081226348877,1782807764.8641083
306200,1.5246949195861816,1782807771.4584534
306300,2.0308361053466797,1782807778.0491726
306400,2.357168674468994,1782807784.7592406
306500,2.5516815185546875,1782807791.3883188
306600,2.6467666625976562,1782807798.1134455
306700,2.3198554515838623,1782807804.607633
306800,2.168158531188965,1782807811.2307732
306900,2.2085518836975098,1782807818.0132544
307000,2.3681704998016357,1782807824.7022333
307100,2.19606876373291,1782807830.8719842
307200,2.5036540031433105,1782807837.0479147
307300,1.9541921615600586,1782807843.2936952
307400,2.131119966506958,1782807849.4219384
307500,1.5949311256408691,1782807855.7236483
307600,2.016049385070801,1782807862.069677
307700,2.111212968826294,1782807868.3068523
307800,1.9907387495040894,1782807874.403068
307900,1.979501485824585,1782807880.62651
308000,2.2097811698913574,1782807887.1331096
308100,1.9490584135055542,1782807893.2376149
308200,2.1190123558044434,1782807899.5759017
308300,2.1581027507781982,1782807905.5993874
308400,1.965175986289978,1782807911.8206213
308500,1.6433720588684082,1782807917.9743865
308600,1.3861922025680542,1782807924.4402766
308700,2.3436503410339355,1782807930.7178175
308800,2.0673084259033203,1782807937.0671368
308900,2.2642154693603516,1782807943.8171487
309000,2.1585533618927,1782807950.2628112
309100,1.9295114278793335,1782807957.1902997
309200,2.0403456687927246,1782807963.311223
309300,2.273149013519287,1782807969.6487112
309400,1.7455739974975586,1782807976.3718987
309500,1.9126648902893066,1782807982.9928725
309600,1.7465566396713257,1782807989.6571658
309700,2.1491141319274902,1782807996.256951
309800,1.825204610824585,1782808002.846415
309900,2.284069538116455,1782808009.3322582
310000,2.197714328765869,1782808015.8964882
310100,1.788590431213379,1782808022.3985326
310200,2.071499824523926,1782808028.84832
310300,2.0548112392425537,1782808035.16703
310400,1.6723028421401978,1782808041.436933
310500,1.825683355331421,1782808048.0575528
310600,2.0618302822113037,1782808054.856541
310700,2.3793997764587402,1782808061.4706159
310800,2.2651593685150146,1782808068.0546298
310900,1.292262315750122,1782808074.656371
311000,2.313549041748047,1782808081.1468241
311100,1.7952193021774292,1782808087.793796
311200,2.0061702728271484,1782808094.0350523
311300,2.487551212310791,1782808100.5256395
311400,2.4338321685791016,1782808107.2554808
311500,2.167595624923706,1782808113.9081721
311600,1.947511076927185,1782808120.6646292
311700,2.0131940841674805,1782808127.4434388
311800,1.9434373378753662,1782808134.178179
311900,1.9320060014724731,1782808140.6109362
312000,1.9996402263641357,1782808147.3622885
312100,2.519920825958252,1782808153.8732038
312200,2.1770777702331543,1782808160.5292168
312300,2.120412588119507,1782808166.5716617
312400,2.456995964050293,1782808173.2042537
312500,1.9373234510421753,1782808180.003929
312600,2.2646849155426025,1782808186.6518252
312700,2.010103225708008,1782808193.1840825
312800,2.4744467735290527,1782808200.0044038
312900,2.2413291931152344,1782808206.754868
313000,2.0795416831970215,1782808213.3529193
313100,2.8091249465942383,1782808220.1243947
313200,2.3228626251220703,1782808226.5914195
313300,2.3662242889404297,1782808233.1189215
313400,2.7189042568206787,1782808239.711163
313500,2.4714322090148926,1782808246.1868205
313600,2.0796587467193604,1782808252.4670343
313700,2.063673973083496,1782808258.6733
313800,2.5940537452697754,1782808264.7706184
313900,1.7783479690551758,1782808270.7503073
314000,1.6272826194763184,1782808276.7706933
314100,1.8564420938491821,1782808282.8991368
314200,1.6991159915924072,1782808288.8825471
314300,1.849581003189087,1782808295.0839498
314400,1.3908101320266724,1782808301.3374667
314500,1.8452703952789307,1782808307.4087262
314600,1.8784120082855225,1782808313.6516895
314700,2.4428367614746094,1782808319.7530122
314800,3.0330963134765625,1782808325.869403
314900,2.1674435138702393,1782808332.0834181
315000,1.8152155876159668,1782808338.1024473
315100,1.823174238204956,1782808344.1893682
315200,1.86067795753479,1782808350.7132735
315300,2.0455877780914307,1782808357.216535
315400,2.258284330368042,1782808363.7435145
315500,2.06168532371521,1782808370.3687706
315600,2.284670114517212,1782808376.8160985
315700,2.445089817047119,1782808383.2883475
315800,2.627631425857544,1782808389.891339
315900,1.8859456777572632,1782808396.7065048
316000,1.7290644645690918,1782808403.3851855
316100,1.589432954788208,1782808409.6399794
316200,1.6516127586364746,1782808415.800438
316300,1.8517370223999023,1782808421.8786879
316400,1.9111061096191406,1782808428.6580286
316500,1.6430686712265015,1782808435.487582
316600,1.6319751739501953,1782808442.0110679
316700,1.5204756259918213,1782808448.2379231
316800,1.504406452178955,1782808454.3524377
316900,2.164395570755005,1782808460.5533266
317000,2.556614637374878,1782808466.7421699
317100,2.2260541915893555,1782808473.1792257
317200,1.9686977863311768,1782808479.4017823
317300,2.1990840435028076,1782808485.609216
317400,1.8264713287353516,1782808491.7895603
317500,1.8981010913848877,1782808498.06647
317600,2.0282535552978516,1782808504.1514251
317700,1.851271390914917,1782808510.4271133
317800,2.616975784301758,1782808516.7312367
317900,1.9713493585586548,1782808522.8556077
318000,2.388587474822998,1782808529.2880118
318100,2.1450655460357666,1782808535.5445578
318200,2.2452826499938965,1782808541.6847148
318300,2.5019516944885254,1782808547.8505073
318400,2.0242395401000977,1782808554.068359
318500,2.0689873695373535,1782808560.3094068
318600,3.1896181106567383,1782808566.4598093
318700,2.430365800857544,1782808572.8978844
318800,2.2480921745300293,1782808579.0277972
318900,1.980492353439331,1782808585.2738113
319000,2.537708282470703,1782808591.4734156
319100,2.0235931873321533,1782808597.7150037
319200,1.6906490325927734,1782808604.0204637
319300,2.0705695152282715,1782808610.2744718
319400,1.4702489376068115,1782808616.4077976
319500,1.7623639106750488,1782808622.7342048
319600,2.0282208919525146,1782808628.9170585
319700,2.010037422180176,1782808635.4544194
319800,1.9285366535186768,1782808641.7873776
319900,2.3319754600524902,1782808648.1180682
320000,1.9214274883270264,1782808654.3250139
320100,1.9278602600097656,1782808660.685878
320200,1.5995678901672363,1782808667.174764
320300,2.0083255767822266,1782808673.2996972
320400,1.7271134853363037,1782808679.4132
320500,1.8470983505249023,1782808685.4754844
320600,1.7740727663040161,1782808691.6773758
320700,1.9516762495040894,1782808697.9402235
320800,1.8949060440063477,1782808704.024939
320900,1.7940082550048828,1782808710.2182202
321000,2.1356923580169678,1782808716.3807101
321100,2.4031882286071777,1782808722.4517882
321200,2.8499221801757812,1782808728.7271492
321300,2.269522190093994,1782808734.7501085
321400,1.9266936779022217,1782808740.7926366
321500,2.2017431259155273,1782808746.9156134
321600,1.7402188777923584,1782808752.9182508
321700,2.1672139167785645,1782808758.9125137
321800,2.1540260314941406,1782808765.0902653
321900,1.5785999298095703,1782808771.2847664
322000,2.6141629219055176,1782808777.4582894
322100,2.0609195232391357,1782808783.6694815
322200,1.9813686609268188,1782808789.9300203
322300,1.8520302772521973,1782808796.3166933
322400,2.345299005508423,1782808802.4754002
322500,2.279578685760498,1782808808.923621
322600,2.351567029953003,1782808814.9461982
322700,1.989758849143982,1782808821.3420618
322800,2.4303884506225586,1782808827.6493402
322900,2.299947738647461,1782808833.923251
323000,2.469007968902588,1782808840.2494674
323100,2.008018732070923,1782808846.4381242
323200,2.4469680786132812,1782808852.6728196
323300,2.132054328918457,1782808859.0180328
323400,2.4822568893432617,1782808865.1856344
323500,2.3618669509887695,1782808871.4316928
323600,1.977264642715454,1782808877.43963
323700,1.8899036645889282,1782808883.8734286
323800,2.2730093002319336,1782808890.099824
323900,2.355825185775757,1782808896.072401
324000,2.1632604598999023,1782808902.2661526
324100,2.5668067932128906,1782808908.3467252
324200,2.0485472679138184,1782808914.636266
324300,2.4908628463745117,1782808920.679347
324400,2.5277509689331055,1782808926.9905488
324500,1.9780502319335938,1782808933.0606794
324600,1.9589853286743164,1782808939.0407286
324700,2.149357795715332,1782808945.3444571
324800,2.1757237911224365,1782808951.7143335
324900,1.4853477478027344,1782808957.8287961
325000,2.3918139934539795,1782808963.955851
325100,1.6974424123764038,1782809125.6573262
325200,2.0388011932373047,1782809131.75875
325300,2.6794378757476807,1782809138.1795776
325400,2.1909217834472656,1782809144.4775069
325500,1.9122352600097656,1782809150.5521002
325600,1.723846197128296,1782809157.022124
325700,2.3383212089538574,1782809163.352237
325800,1.9904556274414062,1782809169.3940127
325900,2.09122371673584,1782809175.6824813
326000,2.2052106857299805,1782809181.7971704
326100,1.8223875761032104,1782809188.186236
326200,1.8668324947357178,1782809194.406767
326300,2.318582773208618,1782809200.628878
326400,2.354198455810547,1782809206.6701148
326500,1.78018319606781,1782809213.0514438
326600,1.9423589706420898,1782809219.4544172
326700,2.0114455223083496,1782809225.757799
326800,2.3523406982421875,1782809231.8722425
326900,2.2736284732818604,1782809237.8828094
327000,2.0687687397003174,1782809243.8798397
327100,2.6034293174743652,1782809249.809144
327200,1.8783698081970215,1782809256.1294687
327300,1.8010530471801758,1782809262.336658
327400,3.033464193344116,1782809268.5724149
327500,2.435147762298584,1782809274.6001873
327600,2.9281563758850098,1782809280.742933
327700,2.095813751220703,1782809286.961762
327800,1.894571304321289,1782809293.0741847
327900,2.01222562789917,1782809299.3505573
328000,1.8572626113891602,1782809305.6869361
328100,1.7428596019744873,1782809311.9013684
328200,2.2961535453796387,1782809318.240892
328300,2.3728415966033936,1782809324.341585
328400,2.0377635955810547,1782809330.9501224
328500,1.7254784107208252,1782809337.378951
328600,2.0130882263183594,1782809343.5305126
328700,2.186387538909912,1782809349.7682483
328800,2.303957223892212,1782809356.1577094
328900,2.114757537841797,1782809362.3465567
329000,1.7729978561401367,1782809368.8061912
329100,1.923410415649414,1782809375.2731292
329200,2.053316116333008,1782809381.368638
329300,4.462982177734375,1782809387.5853896
329400,2.3539748191833496,1782809393.8776333
329500,2.010613203048706,1782809399.866294
329600,1.847810983657837,1782809405.9294813
329700,2.6845250129699707,1782809412.0527852
329800,1.9856253862380981,1782809418.0493014
329900,1.918393611907959,1782809424.043872
330000,2.3328745365142822,1782809430.236613
330100,2.4552555084228516,1782809436.414139
330200,2.115980863571167,1782809442.6205826
330300,2.851710319519043,1782809448.8310373
330400,2.4617533683776855,1782809454.9143064
330500,2.46663236618042,1782809460.9874558
330600,2.0094480514526367,1782809467.2394526
330700,2.3122692108154297,1782809473.164497
330800,2.552002429962158,1782809479.2984974
330900,2.7238826751708984,1782809485.6818242
331000,2.285860300064087,1782809491.8027072
331100,2.209584951400757,1782809497.9523242
331200,2.5506317615509033,1782809503.9249356
331300,2.7168335914611816,1782809510.1408696
331400,2.2013115882873535,1782809516.0868044
331500,2.5022926330566406,1782809522.1686082
331600,2.129352569580078,1782809528.3860126
331700,2.4903979301452637,1782809534.5739737
331800,2.078831195831299,1782809540.7554731
331900,2.2542014122009277,1782809547.0064085
332000,2.4698262214660645,1782809553.028877
332100,1.8861240148544312,1782809559.5486333
332200,1.7971104383468628,1782809565.6634967
332300,2.285468101501465,1782809571.8677907
332400,2.5112900733947754,1782809577.8406425
332500,1.8352117538452148,1782809583.9635022
332600,2.3235409259796143,1782809590.1069453
332700,2.082045555114746,1782809596.0925922
332800,2.2913403511047363,1782809602.3663578
332900,2.1445510387420654,1782809608.3509717
333000,2.9237852096557617,1782809614.4980745
333100,2.2005727291107178,1782809620.573358
333200,1.9978716373443604,1782809626.67657
333300,3.045132637023926,1782809632.7815142
333400,1.9095982313156128,1782809638.9473777
333500,1.8473608493804932,1782809645.3306499
333600,1.8585530519485474,1782809651.3159292
333700,1.5683451890945435,1782809657.3440678
333800,2.0836358070373535,1782809663.4561276
333900,1.900902509689331,1782809669.4677868
334000,2.4685487747192383,1782809675.7065063
334100,2.2876205444335938,1782809681.6723728
334200,1.7537009716033936,1782809687.874548
334300,1.8890440464019775,1782809693.931077
334400,1.9758236408233643,1782809699.9029334
334500,1.7332050800323486,1782809706.1371484
334600,2.114589214324951,1782809712.1163843
334700,1.7655740976333618,1782809718.2374444
334800,2.128650188446045,1782809724.2722452
334900,2.4450082778930664,1782809730.3229227
335000,2.452376127243042,1782809736.523487
335100,2.244926929473877,1782809742.729009
335200,2.3865580558776855,1782809749.175425
335300,2.1601338386535645,1782809755.6226103
335400,2.0697717666625977,1782809761.9911704
335500,3.2573401927948,1782809768.5382767
335600,2.1562490463256836,1782809775.0164347
335700,1.7840241193771362,1782809781.4826336
335800,1.8813073635101318,1782809788.0914948
335900,1.9969043731689453,1782809794.8238645
336000,2.18721342086792,1782809801.1219018
336100,1.7427127361297607,1782809807.5248082
336200,1.600379228591919,1782809813.7595084
336300,2.109579563140869,1782809820.229403
336400,2.4134340286254883,1782809826.7936776
336500,1.96308434009552,1782809833.412631
336600,1.7792495489120483,1782809839.910743
336700,2.8988471031188965,1782809846.4552455
336800,1.911015510559082,1782809852.9208655
336900,1.903393268585205,1782809859.5545812
337000,1.7756149768829346,1782809866.1848245
337100,2.1286399364471436,1782809872.649044
337200,2.9428369998931885,1782809879.2966082
337300,2.415912628173828,1782809885.8646188
337400,2.548480987548828,1782809892.4827685
337500,1.8783427476882935,1782809899.1307101
337600,2.4686288833618164,1782809905.7534547
337700,2.00141978263855,1782809912.2987752
337800,2.508988380432129,1782809918.9187856
337900,2.3002309799194336,1782809925.515736
338000,1.9079840183258057,1782809932.3267474
338100,1.846529483795166,1782809938.8912911
338200,1.9405092000961304,1782809945.4087296
338300,2.1052637100219727,1782809951.868696
338400,1.857795238494873,1782809958.112232
338500,1.4512349367141724,1782809964.514598
338600,2.1415233612060547,1782809970.6208904
338700,1.688969373703003,1782809977.1326492
338800,1.8798638582229614,1782809983.614816
338900,2.24349308013916,1782809990.313975
339000,2.354259967803955,1782809996.8448331
339100,1.8796823024749756,1782810003.2396863
339200,2.2466583251953125,1782810009.8995316
339300,1.6283652782440186,1782810016.7307482
339400,2.5392038822174072,1782810023.2267106
339500,1.9441797733306885,1782810029.8345928
339600,1.6499887704849243,1782810036.408569
339700,1.661468744277954,1782810043.1112664
339800,2.747168779373169,1782810049.7675397
339900,1.4729533195495605,1782810056.5155673
340000,1.490849256515503,1782810062.9801786
340100,1.6241424083709717,1782810069.7027886
340200,1.6163264513015747,1782810076.3714168
340300,2.2088353633880615,1782810082.9519277
340400,2.6932461261749268,1782810089.8638651
340500,2.020883560180664,1782810096.682901
340600,2.1774353981018066,1782810103.334264
340700,2.062525749206543,1782810109.8343575
340800,1.8533730506896973,1782810116.4090683
340900,1.7470042705535889,1782810122.9384067
341000,2.41544771194458,1782810129.350894
341100,1.7548154592514038,1782810135.8790793
341200,2.014803647994995,1782810142.7259338
341300,2.586871385574341,1782810149.6745968
341400,1.8990998268127441,1782810156.514627
341500,2.3901565074920654,1782810163.2438636
341600,1.728711485862732,1782810169.4486501
341700,2.1337037086486816,1782810175.7667437
341800,2.0915634632110596,1782810181.9162796
341900,2.2127323150634766,1782810188.0904043
342000,1.9542076587677002,1782810194.2399886
342100,1.9943641424179077,1782810200.6311066
342200,1.490857481956482,1782810206.8866243
342300,1.9230118989944458,1782810213.1081312
342400,2.348386287689209,1782810219.2405808
342500,2.2208023071289062,1782810225.7130587
342600,2.1241307258605957,1782810231.9385283
342700,2.0024516582489014,1782810238.2200696
342800,2.031844139099121,1782810245.0255947
342900,1.729945421218872,1782810251.252869
343000,2.0642201900482178,1782810257.400468
343100,2.101017951965332,1782810263.6943495
343200,1.9752662181854248,1782810270.138974
343300,2.754568099975586,1782810276.2633824
343400,1.6785396337509155,1782810282.6734395
343500,2.6368937492370605,1782810288.9974089
343600,2.22629976272583,1782810295.3792481
343700,2.6641178131103516,1782810301.5367787
343800,1.8410861492156982,1782810307.7031484
343900,2.631549835205078,1782810314.019877
344000,2.1218533515930176,1782810320.0528655
344100,1.953138828277588,1782810326.2829416
344200,1.9538002014160156,1782810332.4389522
344300,2.2042999267578125,1782810338.589089
344400,2.0448269844055176,1782810344.7401738
344500,2.43772029876709,1782810351.0629885
344600,2.914928436279297,1782810357.2429166
344700,2.1066346168518066,1782810363.3018208
344800,3.27956485748291,1782810369.6319392
344900,2.270465612411499,1782810376.062606
345000,1.8498530387878418,1782810382.0792654
345100,1.932708501815796,1782810388.4094274
345200,2.448559522628784,1782810394.6332726
345300,2.2747654914855957,1782810400.794796
345400,3.2883810997009277,1782810406.8485534
345500,2.5781447887420654,1782810413.0434783
345600,1.8694443702697754,1782810419.2050025
345700,2.7542572021484375,1782810425.2267482
345800,1.9824210405349731,1782810431.4847977
345900,1.755704402923584,1782810437.604349
346000,2.2640762329101562,1782810443.7952342
346100,1.8799761533737183,1782810450.128407
346200,1.747859001159668,1782810456.1524498
346300,1.79532790184021,1782810462.2980998
346400,2.674304962158203,1782810468.5477734
346500,1.8509564399719238,1782810474.714535
346600,1.9478566646575928,1782810480.99635
346700,2.3632593154907227,1782810487.2248006
346800,1.527675986289978,1782810493.5391123
346900,2.111821174621582,1782810499.7356532
347000,2.1532301902770996,1782810506.1531496
347100,1.6361175775527954,1782810512.3156211
347200,1.8543202877044678,1782810518.8178782
347300,2.2338995933532715,1782810524.902409
347400,2.99208927154541,1782810531.352713
347500,3.0082621574401855,1782810537.5884948
347600,2.2537779808044434,1782810543.7831347
347700,2.1141433715820312,1782810549.9929364
347800,2.117631435394287,1782810556.0313342
347900,2.37996506690979,1782810562.088103
348000,2.043574333190918,1782810568.4415112
348100,2.6380114555358887,1782810574.5790045
348200,2.3354108333587646,1782810580.7658932
348300,2.3156659603118896,1782810587.1244278
348400,2.3331081867218018,1782810593.2816837
348500,1.7330938577651978,1782810599.4760742
348600,2.1320083141326904,1782810605.7211003
348700,1.7477914094924927,1782810611.9326003
348800,1.8982141017913818,1782810618.037827
348900,2.4016168117523193,1782810624.2126207
349000,1.7255010604858398,1782810630.517525
349100,2.2206051349639893,1782810636.7939565
349200,2.947214365005493,1782810642.8892875
349300,2.7492318153381348,1782810649.2829425
349400,2.01898193359375,1782810655.6157775
349500,1.6901793479919434,1782810661.7952087
349600,1.9344207048416138,1782810667.8957832
349700,2.125810146331787,1782810673.9792206
349800,2.369701862335205,1782810679.9989343
349900,2.427140712738037,1782810686.1041813
350000,2.1237735748291016,1782810692.4330082
350100,2.221522569656372,1782810852.4856172
350200,2.366072177886963,1782810858.590844
350300,2.49261212348938,1782810864.6684005
350400,2.198463201522827,1782810870.5761213
350500,1.9381135702133179,1782810876.6998785
350600,2.1249136924743652,1782810882.814477
350700,3.069098711013794,1782810889.1613486
350800,2.401768922805786,1782810895.220649
350900,1.8028178215026855,1782810901.3387303
351000,1.9443607330322266,1782810907.5234082
351100,2.300030469894409,1782810913.7295866
351200,2.874391794204712,1782810920.0664968
351300,1.997530460357666,1782810926.104658
351400,2.2881057262420654,1782810932.3173535
351500,2.559356689453125,1782810938.50208
351600,2.775399684906006,1782810944.5236309
351700,2.21474289894104,1782810950.7470813
351800,2.1431336402893066,1782810957.0511506
351900,3.213460922241211,1782810963.2080934
352000,3.011636257171631,1782810969.337228
352100,2.010079860687256,1782810975.6406398
352200,2.4660401344299316,1782810981.8493972
352300,2.288318634033203,1782810987.904764
352400,2.263822555541992,1782810993.882584
352500,1.9266425371170044,1782811000.1294997
352600,2.878357410430908,1782811006.2939544
352700,2.3656601905822754,1782811012.7046454
352800,2.564678192138672,1782811019.0249326
352900,2.7933340072631836,1782811025.012035
353000,2.3859200477600098,1782811031.0702484
353100,2.384337902069092,1782811037.3889334
353200,2.0264933109283447,1782811043.5202382
353300,2.260587215423584,1782811049.9838748
353400,2.2016663551330566,1782811056.01684
353500,2.51338529586792,1782811062.4000323
353600,3.2175989151000977,1782811068.5701265
353700,2.0296669006347656,1782811074.7517385
353800,2.3346798419952393,1782811081.048137
353900,2.696939468383789,1782811087.2385588
354000,2.5965209007263184,1782811093.3081205
354100,2.5840823650360107,1782811099.2186663
354200,2.1796891689300537,1782811105.4391434
354300,2.7809815406799316,1782811111.6831913
354400,2.077939510345459,1782811117.829983
354500,1.7782063484191895,1782811123.9295197
354600,1.9194430112838745,1782811130.0361965
354700,1.8816636800765991,1782811136.1201234
354800,2.6735215187072754,1782811142.3863444
354900,2.0093653202056885,1782811148.6719246
355000,2.1774637699127197,1782811155.171863
355100,2.457674026489258,1782811161.351206
355200,2.5174083709716797,1782811167.3393915
355300,2.0155141353607178,1782811173.322622
355400,1.952150583267212,1782811179.3855898
355500,1.9384862184524536,1782811185.4508018
355600,1.9759963750839233,1782811191.6742876
355700,2.6378116607666016,1782811197.67787
355800,2.9634127616882324,1782811203.8010812
355900,2.111508369445801,1782811209.8850894
356000,1.914233684539795,1782811216.066183
356100,1.982547640800476,1782811222.1029758
356200,2.1223394870758057,1782811228.3162982
356300,1.8332003355026245,1782811234.7181642
356400,2.0428056716918945,1782811240.9521413
356500,1.973264217376709,1782811247.0273604
356600,2.6611952781677246,1782811253.372538
356700,1.8485130071640015,1782811259.551737
356800,3.520893096923828,1782811265.6597748
356900,2.2580695152282715,1782811272.0782068
357000,1.8504152297973633,1782811278.6478682
357100,1.6784932613372803,1782811284.750283
357200,2.28824520111084,1782811290.8610008
357300,2.429774284362793,1782811297.083725
357400,2.0748977661132812,1782811303.0735765
357500,2.1380128860473633,1782811309.2155159
357600,2.073958396911621,1782811315.3111234
357700,2.603003740310669,1782811321.5991142
357800,2.9071402549743652,1782811327.7922692
357900,2.063065528869629,1782811333.9618034
358000,2.3188600540161133,1782811340.0245078
358100,3.386268377304077,1782811346.369305
358200,1.5878591537475586,1782811352.6165013
358300,2.7321879863739014,1782811358.8714242
358400,2.574657678604126,1782811365.0108008
358500,2.089240550994873,1782811371.1188438
358600,3.2443909645080566,1782811377.274442
358700,3.6197752952575684,1782811383.6129305
358800,1.8918933868408203,1782811389.7139678
358900,1.8373292684555054,1782811396.0333881
359000,1.8079750537872314,1782811402.2396376
359100,2.574197769165039,1782811408.3455691
359200,1.9560458660125732,1782811414.61955
359300,1.7899190187454224,1782811420.7163131
359400,2.695929527282715,1782811426.8753734
359500,2.047945499420166,1782811433.0141509
359600,2.308607816696167,1782811439.5300207
359700,2.341762065887451,1782811445.5814788
359800,1.7092632055282593,1782811452.1246116
359900,2.122466564178467,1782811458.1362822
360000,2.09909725189209,1782811464.4530199
360100,1.6771401166915894,1782811470.6814845
360200,3.51255464553833,1782811477.095878
360300,2.708766460418701,1782811483.3526468
360400,2.1371171474456787,1782811489.4314187
360500,2.1061296463012695,1782811495.8187306
360600,2.4968881607055664,1782811501.9312332
360700,2.8206067085266113,1782811508.2000158
360800,2.8836936950683594,1782811514.2365332
360900,2.370443820953369,1782811520.3554394
361000,2.768691062927246,1782811526.4090185
361100,2.103456497192383,1782811532.484184
361200,2.5763392448425293,1782811538.768851
361300,2.411585569381714,1782811545.1925042
361400,1.7711820602416992,1782811551.1911635
361500,2.454921245574951,1782811557.4159207
361600,2.7790632247924805,1782811563.4191024
361700,2.06315541267395,1782811569.5797095
361800,1.86747145652771,1782811575.5727627
361900,2.431084632873535,1782811581.7449718
362000,2.0629429817199707,1782811587.8110461
362100,1.9888582229614258,1782811594.0333362
362200,1.7923882007598877,1782811600.4944046
362300,2.2927284240722656,1782811606.7181227
362400,1.8378922939300537,1782811612.7395825
362500,1.806222915649414,1782811619.0128734
362600,1.9326114654541016,1782811625.0439925
362700,1.5113048553466797,1782811631.1571193
362800,1.614632487297058,1782811637.592955
362900,2.004643440246582,1782811643.748911
363000,2.114297866821289,1782811649.8890014
363100,2.0788421630859375,1782811656.06635
363200,1.905451774597168,1782811662.782905
363300,1.9524922370910645,1782811668.8908157
363400,2.1304101943969727,1782811674.975532
363500,2.208468437194824,1782811681.275945
363600,2.490429639816284,1782811687.5753324
363700,1.6990388631820679,1782811693.8251743
363800,2.0865321159362793,1782811699.9867892
363900,1.92573881149292,1782811706.4064207
364000,1.775304913520813,1782811712.5527582
364100,2.099942445755005,1782811718.775987
364200,1.8490270376205444,1782811724.7799225
364300,2.1795358657836914,1782811731.2575223
364400,1.769524097442627,1782811737.2653189
364500,2.1453027725219727,1782811743.4399598
364600,1.7918598651885986,1782811749.6034954
364700,1.9227573871612549,1782811755.717859
364800,1.9233189821243286,1782811762.2078664
364900,2.155352830886841,1782811768.5159168
365000,2.1707253456115723,1782811775.1437228
365100,2.1799428462982178,1782811781.2828033
365200,1.9130654335021973,1782811787.6549704
365300,3.3315398693084717,1782811793.8258836
365400,2.265420436859131,1782811799.8992727
365500,1.6956346035003662,1782811806.1526577
365600,2.1241278648376465,1782811812.2804668
365700,2.2755584716796875,1782811818.5623708
365800,2.5012824535369873,1782811824.9246795
365900,2.0314457416534424,1782811831.2632377
366000,2.1186866760253906,1782811837.3750296
366100,1.9915260076522827,1782811843.4952323
366200,2.367534637451172,1782811849.5390441
366300,2.420182228088379,1782811855.8392649
366400,2.6997201442718506,1782811862.1065106
366500,2.326655626296997,1782811868.413135
366600,1.8642630577087402,1782811874.5913
366700,1.8498258590698242,1782811880.992812
366800,1.6060397624969482,1782811887.3889422
366900,1.8406670093536377,1782811893.4134622
367000,2.3115406036376953,1782811899.4527943
367100,2.768490791320801,1782811905.7266357
367200,2.6112403869628906,1782811912.0009823
367300,2.467029094696045,1782811918.0379224
367400,1.8129768371582031,1782811924.0627337
367500,2.6543593406677246,1782811930.2375402
367600,2.337940216064453,1782811936.309268
367700,2.0853233337402344,1782811942.5337656
367800,2.0289342403411865,1782811948.7006688
367900,2.0575814247131348,1782811955.0840123
368000,2.1863865852355957,1782811961.4758482
368100,1.860020637512207,1782811967.7056553
368200,1.8338849544525146,1782811973.9049232
368300,2.0261454582214355,1782811980.0486822
368400,1.6206085681915283,1782811986.146234
368500,2.263420581817627,1782811992.1562645
368600,2.4126343727111816,1782811998.2422144
368700,1.6410514116287231,1782812004.28553
368800,2.595242977142334,1782812010.5590725
368900,1.9721468687057495,1782812016.5502598
369000,1.7640185356140137,1782812022.8604743
369100,2.084263801574707,1782812028.865884
369200,2.7582883834838867,1782812034.9641566
369300,2.3365864753723145,1782812041.0273502
369400,2.659489154815674,1782812047.0083985
369500,2.011744499206543,1782812053.0395348
369600,2.1634442806243896,1782812059.300298
369700,2.6483850479125977,1782812065.3402154
369800,2.6401798725128174,1782812071.5463014
369900,2.2539572715759277,1782812077.921243
370000,2.0369210243225098,1782812084.100978
370100,2.251156806945801,1782812090.3237588
370200,2.939011335372925,1782812096.6384919
370300,2.113664150238037,1782812102.7240672
370400,2.2557449340820312,1782812108.7239048
370500,1.9843816757202148,1782812114.8525481
370600,2.4640040397644043,1782812120.9296956
370700,2.047910690307617,1782812127.0546625
370800,2.082357406616211,1782812133.4717312
370900,1.8835383653640747,1782812139.6143591
371000,2.093923568725586,1782812145.8832576
371100,2.274928092956543,1782812151.952432
371200,1.9090911149978638,1782812157.9111848
371300,1.798038363456726,1782812163.9318116
371400,2.036269187927246,1782812169.9564142
371500,2.260641574859619,1782812176.214589
371600,1.7149114608764648,1782812182.2538774
371700,2.0498909950256348,1782812188.2589931
371800,2.0842695236206055,1782812194.5578287
371900,1.7201652526855469,1782812200.7688408
372000,1.9806890487670898,1782812206.8469222
372100,1.9633103609085083,1782812213.0441422
372200,2.0952324867248535,1782812219.4778266
372300,2.1934452056884766,1782812225.6739895
372400,3.6094956398010254,1782812231.9605713
372500,2.5661659240722656,1782812238.183374
372600,2.3799686431884766,1782812244.2698464
372700,1.9866093397140503,1782812250.4523616
372800,2.677852153778076,1782812256.5027506
372900,1.8967804908752441,1782812262.8350558
373000,2.5749783515930176,1782812269.3414416
373100,2.238658905029297,1782812275.6248975
373200,2.512887716293335,1782812281.6374846
373300,2.276118755340576,1782812287.8180916
373400,1.9508326053619385,1782812294.0632725
373500,2.469515323638916,1782812300.2805555
373600,1.6172804832458496,1782812306.3419666
373700,1.6115896701812744,1782812312.3397071
373800,1.737324833869934,1782812318.5246472
373900,2.617307662963867,1782812324.6635263
374000,2.271944046020508,1782812331.1372488
374100,2.4753148555755615,1782812337.6057782
374200,2.036367416381836,1782812343.7309284
374300,2.1852164268493652,1782812349.9207003
374400,2.052109718322754,1782812356.0560904
374500,2.1847190856933594,1782812362.4013913
374600,2.8138201236724854,1782812368.7624807
374700,1.9415180683135986,1782812375.006475
374800,1.8995978832244873,1782812381.3076928
374900,2.2675650119781494,1782812387.8722856
375000,2.334371566772461,1782812394.3623304
375100,2.0712313652038574,1782812546.4295597
375200,1.9483411312103271,1782812552.5321684
375300,2.713217258453369,1782812558.9819574
375400,2.8193771839141846,1782812565.1876965
375500,2.2543206214904785,1782812571.493094
375600,2.1795284748077393,1782812577.8267677
375700,2.40474534034729,1782812584.1240008
375800,2.167344093322754,1782812590.3644779
375900,3.100299119949341,1782812597.031078
376000,2.028913974761963,1782812603.064018
376100,2.436756134033203,1782812609.1873736
376200,2.4049243927001953,1782812615.4276245
376300,1.8553590774536133,1782812621.4916553
376400,2.1190528869628906,1782812627.9199104
376500,2.015800714492798,1782812634.1177702
376600,2.3466639518737793,1782812640.4832606
376700,1.8814605474472046,1782812646.7166455
376800,1.8430689573287964,1782812652.9683006
376900,1.4831186532974243,1782812659.1361682
377000,2.234281063079834,1782812665.1265507
377100,3.6982269287109375,1782812671.252091
377200,1.6820015907287598,1782812677.4173236
377300,1.9233458042144775,1782812683.3843563
377400,2.2603414058685303,1782812689.750003
377500,1.9585905075073242,1782812696.1263022
377600,2.2001242637634277,1782812702.5267026
377700,2.280521869659424,1782812708.9794745
377800,2.2284903526306152,1782812715.09124
377900,2.6870899200439453,1782812721.088609
378000,2.137570858001709,1782812727.231223
378100,2.2629141807556152,1782812733.5671427
378200,2.3099825382232666,1782812739.7522235
378300,2.15218186378479,1782812746.0014565
378400,2.2419228553771973,1782812752.0833395
378500,3.033154249191284,1782812758.4485188
378600,2.1600961685180664,1782812764.59781
378700,2.187901496887207,1782812770.8978012
378800,2.5096094608306885,1782812777.235615
378900,2.686793804168701,1782812783.4753897
379000,2.4854607582092285,1782812789.6331735
379100,1.9911279678344727,1782812795.5661833
379200,2.205132246017456,1782812801.7668595
379300,2.733247995376587,1782812807.809214
379400,2.2397561073303223,1782812813.9892
379500,2.1664695739746094,1782812820.4369934
379600,2.3251678943634033,1782812826.616192
379700,2.0122604370117188,1782812832.7846653
379800,1.8422415256500244,1782812838.9753706
379900,2.5175857543945312,1782812845.3306813
380000,2.8161826133728027,1782812851.4324982
380100,3.069110155105591,1782812857.6783488
380200,4.0747151374816895,1782812864.224266
380300,1.8032399415969849,1782812870.4804726
380400,2.703035831451416,1782812876.7677512
380500,3.1215062141418457,1782812883.0692859
380600,2.45676851272583,1782812889.0680833
380700,2.351327896118164,1782812895.2367256
380800,2.2659265995025635,1782812901.3182936
380900,2.334355592727661,1782812907.6346018
381000,2.3010947704315186,1782812914.078086
381100,1.9156389236450195,1782812920.4456975
381200,2.069634437561035,1782812926.5196555
381300,2.1429924964904785,1782812932.8751738
381400,1.887162685394287,1782812939.0966666
381500,2.122682571411133,1782812945.4653773
381600,2.3069493770599365,1782812951.6803765
381700,2.2344136238098145,1782812957.824096
381800,2.3513288497924805,1782812963.8616426
381900,2.150960683822632,1782812970.3381586
382000,2.4583473205566406,1782812976.541051
382100,2.3531713485717773,1782812982.6811922
382200,1.8394691944122314,1782812989.0281994
382300,1.849475383758545,1782812995.0728037
382400,2.0049543380737305,1782813001.3978107
382500,2.432826042175293,1782813007.6178474
382600,2.24033784866333,1782813013.6266243
382700,2.2338368892669678,1782813019.720118
382800,2.0228705406188965,1782813025.8025177
382900,1.971496820449829,1782813031.8697233
383000,1.9587085247039795,1782813038.0899906
383100,2.7243690490722656,1782813044.3120306
383200,2.4335856437683105,1782813050.3992746
383300,2.0488479137420654,1782813056.8410308
383400,3.2157089710235596,1782813063.0295758
383500,2.0887064933776855,1782813069.14383
383600,2.4678704738616943,1782813075.423942
383700,1.7807691097259521,1782813081.378775
383800,2.4870288372039795,1782813087.895927
383900,2.422722816467285,1782813093.9847438
384000,1.999096155166626,1782813100.1412838
384100,2.4570999145507812,1782813106.3684335
384200,2.5119943618774414,1782813112.607858
384300,1.7239789962768555,1782813118.7089195
384400,2.3061258792877197,1782813125.018635
384500,1.803603172302246,1782813131.2866764
384600,2.3033676147460938,1782813137.3011725
384700,2.4287915229797363,1782813143.2640736
384800,1.8041903972625732,1782813149.184427
384900,1.832139015197754,1782813155.3659003
385000,1.8721369504928589,1782813161.4293337
385100,1.730285406112671,1782813167.6533034
385200,2.079569101333618,1782813174.0678997
385300,1.8255090713500977,1782813180.0998785
385400,2.35675048828125,1782813186.1021926
385500,1.986457347869873,1782813192.342576
385600,2.4652109146118164,1782813198.484753
385700,2.263181209564209,1782813204.6863284
385800,2.3816957473754883,1782813210.8311496
385900,1.7248592376708984,1782813216.9536467
386000,2.3223767280578613,1782813223.1577897
386100,1.9129103422164917,1782813229.2819324
386200,2.1233487129211426,1782813235.4479241
386300,2.480015993118286,1782813241.447592
386400,2.717561721801758,1782813247.4664938
386500,2.0649731159210205,1782813253.7052174
386600,1.957193374633789,1782813259.6133237
386700,1.9861159324645996,1782813265.4730923
386800,1.7705714702606201,1782813271.7377284
386900,2.7695364952087402,1782813278.0235336
387000,2.831422805786133,1782813284.138039
387100,2.2544939517974854,1782813290.1037846
387200,1.7195605039596558,1782813296.0251703
387300,2.732332706451416,1782813301.967816
387400,2.280028820037842,1782813308.2306228
387500,2.7989182472229004,1782813314.619261
387600,2.596898078918457,1782813320.7695065
387700,2.200678586959839,1782813326.8414962
387800,2.429858922958374,1782813332.9398353
387900,1.9101718664169312,1782813339.15085
388000,1.8689311742782593,1782813345.3029811
388100,2.8452835083007812,1782813351.4464283
388200,2.309302568435669,1782813357.473224
388300,2.267855167388916,1782813363.693736
388400,2.568837881088257,1782813369.9057026
388500,2.910236358642578,1782813375.889558
388600,2.7161779403686523,1782813382.1351895
388700,2.319908857345581,1782813388.251729
388800,2.5986127853393555,1782813394.4012346
388900,2.7212419509887695,1782813400.583291
389000,2.233311891555786,1782813406.6846957
389100,1.944101095199585,1782813412.7883842
389200,2.385718584060669,1782813418.9872782
389300,2.498750686645508,1782813424.8881054
389400,3.668783664703369,1782813431.3177247
389500,2.1356351375579834,1782813437.401326
389600,3.2059855461120605,1782813443.3571656
389700,1.997978925704956,1782813449.4393337
389800,2.5581045150756836,1782813455.6208065
389900,2.8742730617523193,1782813461.566014
390000,2.636040687561035,1782813467.710724
390100,2.63192081451416,1782813473.788848
390200,2.315464496612549,1782813479.9743974
390300,2.3006508350372314,1782813486.0520043
390400,2.6408705711364746,1782813492.2245903
390500,2.572509288787842,1782813498.3646407
390600,2.6451025009155273,1782813504.7005985
390700,1.951166033744812,1782813510.847677
390800,2.002821683883667,1782813516.9889007
390900,2.1666030883789062,1782813523.0908318
391000,2.511113166809082,1782813529.3394744
391100,2.4788925647735596,1782813535.5190911
391200,2.7658162117004395,1782813541.8630831
391300,2.0787906646728516,1782813548.031533
391400,2.3946776390075684,1782813554.178475
391500,3.651549816131592,1782813560.26962
391600,2.579437732696533,1782813566.6973124
391700,2.72101092338562,1782813572.8707368
391800,2.437206268310547,1782813578.8869648
391900,2.0010242462158203,1782813585.1659079
392000,3.195218801498413,1782813591.505285
392100,2.2174456119537354,1782813597.9780076
392200,2.3398842811584473,1782813604.4821017
392300,2.598928451538086,1782813610.648438
392400,2.989320755004883,1782813616.7672908
392500,3.0341577529907227,1782813622.8492122
392600,2.597551107406616,1782813628.8988595
392700,2.2027130126953125,1782813635.0978124
392800,2.414807081222534,1782813641.1771522
392900,2.9475574493408203,1782813647.3196285
393000,2.778271198272705,1782813653.4018838
393100,2.5200657844543457,1782813659.97658
393200,2.4870688915252686,1782813666.2778103
393300,2.5212278366088867,1782813672.5719209
393400,2.821074962615967,1782813678.723457
393500,2.3168158531188965,1782813684.9654212
393600,2.4327988624572754,1782813691.03633
393700,2.18428635597229,1782813697.1072884
393800,2.8511929512023926,1782813703.325853
393900,2.169079303741455,1782813709.4441237
394000,2.944978713989258,1782813715.5458448
394100,2.4868435859680176,1782813721.7468355
394200,2.1028361320495605,1782813727.9718378
394300,2.0470151901245117,1782813734.0526261
394400,1.8368780612945557,1782813740.3532906
394500,2.1279964447021484,1782813746.8615465
394600,2.9527230262756348,1782813753.4046395
394700,1.8054190874099731,1782813759.6460278
394800,2.4759371280670166,1782813765.920537
394900,2.041625499725342,1782813772.116431
395000,1.9482402801513672,1782813778.2358055
395100,2.456472873687744,1782813784.554139
395200,2.2553443908691406,1782813790.7344873
395300,2.602114200592041,1782813797.1838574
395400,2.0516254901885986,1782813803.20552
395500,2.367109537124634,1782813809.2797194
395600,2.229851722717285,1782813815.8408647
395700,2.472836494445801,1782813822.0607839
395800,2.0978493690490723,1782813828.647019
395900,1.8341890573501587,1782813834.8217912
396000,2.3444056510925293,1782813841.0200908
396100,1.5034608840942383,1782813847.0428834
396200,1.68148672580719,1782813853.241293
396300,1.7937684059143066,1782813859.334839
396400,2.6781420707702637,1782813865.6327238
396500,1.8046300411224365,1782813871.5546436
396600,1.630269169807434,1782813877.857065
396700,2.070796489715576,1782813884.1890106
396800,1.5343080759048462,1782813890.1664734
396900,3.019057512283325,1782813896.2916343
397000,1.5688385963439941,1782813902.3390687
397100,2.1759204864501953,1782813908.7083704
397200,2.352809429168701,1782813915.0450187
397300,1.9867829084396362,1782813921.2304726
397400,2.0604703426361084,1782813927.5499773
397500,1.5394890308380127,1782813933.7975407
397600,3.115464210510254,1782813940.0281851
397700,2.0124363899230957,1782813946.4013662
397800,2.0624611377716064,1782813952.454129
397900,2.8778903484344482,1782813958.5944326
398000,2.2608282566070557,1782813964.6938725
398100,3.5877389907836914,1782813970.7471647
398200,2.782430648803711,1782813976.8420742
398300,1.809768557548523,1782813983.1123388
398400,2.1573967933654785,1782813989.38972
398500,3.1307945251464844,1782813995.4700363
398600,2.879159927368164,1782814001.5633097
398700,2.7553462982177734,1782814007.6110582
398800,1.8590245246887207,1782814013.8988886
398900,1.7128732204437256,1782814019.9059463
399000,1.696972131729126,1782814026.145183
399100,2.0306577682495117,1782814032.3907623
399200,2.3656578063964844,1782814038.3540435
399300,2.81260347366333,1782814044.7908382
399400,2.6826186180114746,1782814051.096734
399500,2.938933849334717,1782814057.3591423
399600,3.3783023357391357,1782814063.7493653
399700,3.178689956665039,1782814069.9166873
399800,2.409654140472412,1782814076.0217764
399900,2.845344066619873,1782814082.2600183
400000,2.344820976257324,1782817827.0295851
400100,14.633686065673828,1782817985.8811712
400200,12.555122375488281,1782817991.7972734
400300,10.305293083190918,1782817997.7194567
400400,8.598299026489258,1782818003.73317
400500,6.670632362365723,1782818009.9376209
400600,4.520318031311035,1782818015.9345233
400700,4.393160343170166,1782818021.9077024
400800,4.065307140350342,1782818027.8930833
400900,2.511437177658081,1782818034.0158408
401000,3.9238028526306152,1782818040.0061266
401100,2.9127423763275146,1782818045.9972312
401200,3.0097436904907227,1782818052.1342947
401300,2.8467226028442383,1782818058.2350194
401400,1.654419183731079,1782818064.1880333
401500,1.9020832777023315,1782818070.3940442
401600,2.1794028282165527,1782818076.2654939
401700,2.945091724395752,1782818082.2317085
401800,1.8824976682662964,1782818088.0370255
401900,2.2828071117401123,1782818093.8823123
402000,1.4579755067825317,1782818099.740634
402100,3.9775142669677734,1782818105.8772883
402200,2.235764503479004,1782818111.7843828
402300,2.2553346157073975,1782818117.6852398
402400,2.131242275238037,1782818123.622977
402500,2.2187867164611816,1782818129.580849
402600,1.7147704362869263,1782818135.685253
402700,2.3865199089050293,1782818141.627502
402800,2.1908397674560547,1782818147.6055539
402900,1.6232993602752686,1782818153.5827122
403000,2.095351219177246,1782818159.7397532
403100,1.9903392791748047,1782818165.6373374
403200,2.1407670974731445,1782818171.5348833
403300,2.0803658962249756,1782818177.6360695
403400,1.8240954875946045,1782818183.5632026
403500,2.306859016418457,1782818189.4631543
403600,3.209277391433716,1782818195.2860363
403700,2.5244064331054688,1782818201.4403067
403800,1.7606220245361328,1782818207.4479444
403900,2.417041301727295,1782818213.3822904
404000,1.415595531463623,1782818219.4439416
404100,1.3905401229858398,1782818225.4878979
404200,1.9832537174224854,1782818231.4002063
404300,1.6219496726989746,1782818237.3712628
404400,1.5843809843063354,1782818243.1819732
404500,1.747948169708252,1782818249.023726
404600,1.7405250072479248,1782818254.9908218
404700,2.7614426612854004,1782818260.9564173
404800,2.1446726322174072,1782818266.8667204
404900,2.0600714683532715,1782818272.7811162
405000,2.7547607421875,1782818279.017733
405100,3.6580231189727783,1782818285.0790236
405200,2.653890609741211,1782818291.041654
405300,2.4919614791870117,1782818297.551292
405400,2.6162219047546387,1782818303.5977829
405500,1.7276394367218018,1782818309.5276518
405600,2.1668055057525635,1782818315.650957
405700,3.5325675010681152,1782818321.837293
405800,1.6935983896255493,1782818327.824307
405900,2.388303279876709,1782818333.7408156
406000,2.5086288452148438,1782818339.9208379
406100,3.340796947479248,1782818345.9688697
406200,1.9385892152786255,1782818352.1177475
406300,2.0914013385772705,1782818358.0744598
406400,2.3826847076416016,1782818364.3051312
406500,2.4590020179748535,1782818370.3815308
406600,2.441218852996826,1782818376.2196746
406700,1.6817036867141724,1782818382.1413994
406800,3.355463981628418,1782818388.1329985
406900,2.5764589309692383,1782818394.2876887
407000,2.570535659790039,1782818400.3270087
407100,2.484220266342163,1782818406.7831998
407200,2.5042285919189453,1782818413.1828082
407300,3.6223528385162354,1782818419.2846525
407400,1.8454368114471436,1782818425.41239
407500,1.9829380512237549,1782818431.4166534
407600,2.351097822189331,1782818437.2678027
407700,2.216796875,1782818443.327617
407800,3.973853826522827,1782818449.6940918
407900,2.8603873252868652,1782818455.7703598
408000,3.7758166790008545,1782818461.9685552
408100,2.8625431060791016,1782818468.06988
408200,2.457475185394287,1782818473.76899
408300,2.305724620819092,1782818479.7599375
408400,2.4675021171569824,1782818485.8868818
408500,3.0523438453674316,1782818491.7640452
408600,2.7667694091796875,1782818497.7601845
408700,2.6115493774414062,1782818503.7549896
408800,3.5163612365722656,1782818509.6332362
408900,2.952925443649292,1782818515.7374415
409000,2.333909511566162,1782818521.9264598
409100,2.4397428035736084,1782818527.7643979
409200,2.919114112854004,1782818533.8289113
409300,2.1746826171875,1782818539.818204
409400,2.0750861167907715,1782818545.8618884
409500,1.9079779386520386,1782818552.085329
409600,2.333613395690918,1782818558.1522171
409700,2.716853618621826,1782818564.0489693
409800,2.860858201980591,1782818570.1764228
409900,2.534301280975342,1782818576.1894782
410000,2.386958122253418,1782818582.2810585
410100,2.764789581298828,1782818588.402612
410200,2.803765296936035,1782818594.5236979
410300,2.618237018585205,1782818600.5677607
410400,2.8631696701049805,1782818606.4600065
410500,2.5683841705322266,1782818612.3414667
410600,2.566131591796875,1782818618.4532368
410700,2.7557709217071533,1782818624.3809822
410800,2.1791205406188965,1782818630.20214
410900,3.4911274909973145,1782818636.4575958
411000,2.2645468711853027,1782818642.3347907
411100,2.246558427810669,1782818648.1652715
411200,2.7133851051330566,1782818654.3021472
411300,2.6656994819641113,1782818660.2901142
411400,2.1496195793151855,1782818666.6798766
411500,2.381969451904297,1782818673.1688888
411600,2.1821255683898926,1782818679.5705156
411700,3.0460753440856934,1782818685.9109418
411800,1.969335913658142,1782818692.0894449
411900,2.082385301589966,1782818698.3409698
412000,1.9828755855560303,1782818704.3742988
412100,2.8727035522460938,1782818710.4052422
412200,1.970315933227539,1782818716.380771
412300,2.5454964637756348,1782818722.6153784
412400,3.466261386871338,1782818728.979802
412500,2.05564022064209,1782818735.2545931
412600,1.847343921661377,1782818741.8788068
412700,2.213657855987549,1782818748.2718058
412800,1.652240514755249,1782818754.6689794
412900,2.371121883392334,1782818761.0847414
413000,2.2328619956970215,1782818767.7999818
413100,2.348978042602539,1782818774.6071951
413200,2.1145918369293213,1782818781.136753
413300,2.5437498092651367,1782818787.551977
413400,2.860387086868286,1782818793.975763
413500,2.73876953125,1782818800.3720603
413600,2.683382987976074,1782818806.87235
413700,2.369990348815918,1782818813.2071054
413800,2.0148134231567383,1782818819.4781833
413900,2.162158966064453,1782818825.97926
414000,3.0694117546081543,1782818832.2501123
414100,1.8184900283813477,1782818838.8029857
414200,2.8704686164855957,1782818845.3652425
414300,2.117856979370117,1782818851.771884
414400,2.3193740844726562,1782818858.3245265
414500,2.5791664123535156,1782818864.7167754
414600,2.7398037910461426,1782818871.2790325
414700,3.865506410598755,1782818877.9474335
414800,2.019486427307129,1782818884.356214
414900,1.9344475269317627,1782818890.8463166
415000,2.5188536643981934,1782818897.2858417
415100,2.6823718547821045,1782818903.7402027
415200,1.7656344175338745,1782818910.2872033
415300,2.2213308811187744,1782818916.693208
415400,2.435812473297119,1782818923.0951142
415500,2.0335135459899902,1782818929.659013
415600,2.646428108215332,1782818936.0242286
415700,2.010653257369995,1782818942.3667717
415800,1.9637629985809326,1782818948.7192214
415900,2.009829521179199,1782818955.0530488
416000,2.4251489639282227,1782818961.239893
416100,2.177948474884033,1782818967.8606694
416200,2.342036008834839,1782818974.3480096
416300,3.056325912475586,1782818980.7892456
416400,2.180041551589966,1782818987.3819385
416500,2.6663880348205566,1782818993.7266986
416600,2.5502803325653076,1782818999.9730585
416700,2.082951545715332,1782819006.156103
416800,3.2184221744537354,1782819012.0726535
416900,2.4514524936676025,1782819018.1372678
417000,1.9136102199554443,1782819024.3730567
417100,3.416471481323242,1782819030.7407262
417200,4.340016841888428,1782819037.1685665
417300,2.602052688598633,1782819043.226531
417400,2.4839415550231934,1782819049.3519235
417500,2.3208322525024414,1782819055.220636
417600,3.632453441619873,1782819061.307126
417700,2.6847617626190186,1782819067.3858066
417800,2.455033302307129,1782819073.7087667
417900,2.354624032974243,1782819079.9688325
418000,2.0858943462371826,1782819086.4544668
418100,3.1296000480651855,1782819092.5653787
418200,2.0750088691711426,1782819098.6745496
418300,3.748063325881958,1782819104.463444
418400,2.4661941528320312,1782819110.3821747
418500,2.7777538299560547,1782819116.6552243
418600,2.2007875442504883,1782819122.5749338
418700,3.1250736713409424,1782819128.5702884
418800,2.1996028423309326,1782819134.835806
418900,2.395901679992676,1782819140.9396622
419000,2.496279001235962,1782819146.932021
419100,2.400533437728882,1782819153.0133655
419200,2.750692129135132,1782819159.188578
419300,2.6135668754577637,1782819165.0495684
419400,2.3997902870178223,1782819170.9319236
419500,2.313838005065918,1782819176.9148178
419600,2.594609498977661,1782819183.0341632
419700,3.2053399085998535,1782819189.2707446
419800,2.3959217071533203,1782819195.3500605
419900,2.226508140563965,1782819201.1933897
420000,2.6887078285217285,1782819207.063686
420100,3.0233640670776367,1782819212.9351003
420200,2.403843879699707,1782819218.7890866
420300,3.3546271324157715,1782819225.0742462
420400,2.510769844055176,1782819231.0930092
420500,3.102725028991699,1782819237.4643981
420600,2.579538106918335,1782819243.6280632
420700,2.039196491241455,1782819249.7119627
420800,2.2451443672180176,1782819255.689337
420900,2.6186041831970215,1782819261.7969427
421000,2.212930917739868,1782819267.8919027
421100,2.400582790374756,1782819274.0984359
421200,1.8126463890075684,1782819280.1401937
421300,1.8557380437850952,1782819286.0416687
421400,2.288949489593506,1782819291.9851232
421500,3.269782304763794,1782819298.132386
421600,1.9821553230285645,1782819304.1238687
421700,1.8763775825500488,1782819310.251313
421800,2.411531925201416,1782819316.6956577
421900,1.7605891227722168,1782819322.7676635
422000,2.226651906967163,1782819328.9334216
422100,2.486849308013916,1782819335.0046692
422200,2.2443063259124756,1782819340.9193575
422300,2.0719614028930664,1782819347.0519764
422400,2.1799089908599854,1782819353.312056
422500,2.388418674468994,1782819359.3311841
422600,2.823678493499756,1782819365.260147
422700,2.6176533699035645,1782819371.324866
422800,2.7898340225219727,1782819377.4451842
422900,2.114086389541626,1782819383.422774
423000,2.459744930267334,1782819389.565876
423100,3.725553512573242,1782819395.5698557
423200,2.6199722290039062,1782819401.6074665
423300,3.0896096229553223,1782819407.4516225
423400,2.8778672218322754,1782819413.5043008
423500,3.020505905151367,1782819419.5191662
423600,1.7132186889648438,1782819425.3169794
423700,2.429563522338867,1782819431.0687263
423800,1.9064157009124756,1782819437.1946108
423900,2.5785024166107178,1782819443.115496
424000,1.9502650499343872,1782819449.2299464
424100,2.293449878692627,1782819455.2996063
424200,2.3383257389068604,1782819461.4156046
424300,2.4806175231933594,1782819467.6124184
424400,2.6863462924957275,1782819473.831768
424500,2.77121639251709,1782819479.763581
424600,2.115292549133301,1782819485.70805
424700,2.5189762115478516,1782819491.8471596
424800,2.1580662727355957,1782819497.8147278
424900,2.0981273651123047,1782819503.8791842
425000,2.5895307064056396,1782819509.8236237
425100,2.2721199989318848,1782819696.8032522
425200,2.5320773124694824,1782819702.806918
425300,3.433842420578003,1782819708.5806026
425400,2.573246717453003,1782819714.3390517
425500,2.6408824920654297,1782819720.2512357
425600,2.5858335494995117,1782819726.0510788
425700,2.7947797775268555,1782819732.1870668
425800,2.4977149963378906,1782819738.155128
425900,2.6088430881500244,1782819744.0867467
426000,2.358311176300049,1782819750.0998077
426100,2.7682759761810303,1782819756.002054
426200,2.5700771808624268,1782819762.173315
426300,2.5460023880004883,1782819768.0346816
426400,3.232532501220703,1782819774.144878
426500,3.6455020904541016,1782819780.152445
426600,3.2886433601379395,1782819786.061765
426700,3.918203830718994,1782819792.1957831
426800,2.7932167053222656,1782819798.120784
426900,3.2559151649475098,1782819804.1891222
427000,2.4241199493408203,1782819810.2939596
427100,2.592224597930908,1782819816.1731744
427200,2.3785784244537354,1782819822.0347874
427300,2.775214672088623,1782819828.2046883
427400,2.489198684692383,1782819834.3030322
427500,2.9451394081115723,1782819840.5055661
427600,2.871325969696045,1782819846.550246
427700,2.2734642028808594,1782819852.4779348
427800,4.398336410522461,1782819858.4321437
427900,2.8824427127838135,1782819864.488779
428000,3.3100643157958984,1782819870.283001
428100,2.775564432144165,1782819876.1211274
428200,2.6096444129943848,1782819882.2161098
428300,3.8287410736083984,1782819888.0013778
428400,3.695160150527954,1782819893.908148
428500,2.363487958908081,1782819899.9294515
428600,2.4426512718200684,1782819905.7491345
428700,2.4037959575653076,1782819911.5166562
428800,4.046216011047363,1782819917.575278
428900,2.5622315406799316,1782819923.6852508
429000,2.6978278160095215,1782819929.6031613
429100,2.247037649154663,1782819935.621742
429200,2.523479461669922,1782819941.7653656
429300,2.6462039947509766,1782819947.602859
429400,2.4086456298828125,1782819953.3635457
429500,2.831096887588501,1782819959.3869617
429600,2.343844413757324,1782819965.2205913
429700,2.808513879776001,1782819971.1384885
429800,2.513251781463623,1782819977.3383229
429900,2.4931511878967285,1782819983.17511
430000,2.291395664215088,1782819989.1564088
430100,2.5998053550720215,1782819995.3308017
430200,2.2783303260803223,1782820001.478882
430300,2.72127628326416,1782820007.5397093
430400,2.267652750015259,1782820013.4070768
430500,2.855762004852295,1782820019.4914896
430600,2.300154209136963,1782820025.5143943
430700,2.0588016510009766,1782820031.5870833
430800,2.23561954498291,1782820037.4539647
430900,2.011622905731201,1782820043.310289
431000,2.081900119781494,1782820049.4302967
431100,2.2044906616210938,1782820055.6218824
431200,2.079291582107544,1782820061.652314
431300,5.287186145782471,1782820067.563593
431400,3.8483381271362305,1782820073.5162172
431500,3.7479801177978516,1782820079.5359788
431600,2.0238287448883057,1782820085.9178307
431700,2.992783308029175,1782820091.958073
431800,2.6931943893432617,1782820097.9040458
431900,2.6495585441589355,1782820103.896287
432000,2.8635663986206055,1782820110.0475252
432100,2.2872884273529053,1782820116.0292675
432200,4.237549781799316,1782820122.1050794
432300,2.243495464324951,1782820128.1472044
432400,2.5980587005615234,1782820134.1505146
432500,2.809262752532959,1782820140.2739708
432600,2.940121650695801,1782820146.4620106
432700,3.362917423248291,1782820152.5170283
432800,2.891329526901245,1782820158.4659476
432900,3.0145139694213867,1782820164.4244263
433000,2.258277654647827,1782820170.406045
433100,4.023644924163818,1782820176.6643398
433200,2.766575336456299,1782820182.596577
433300,2.4798874855041504,1782820188.5432448
433400,2.4024438858032227,1782820194.5489185
433500,2.6467878818511963,1782820200.7817125
433600,3.5389275550842285,1782820206.8712468
433700,2.7203307151794434,1782820213.1856303
433800,2.6717464923858643,1782820219.2543874
433900,2.419517993927002,1782820225.059322
434000,2.6248090267181396,1782820231.2695854
434100,2.6824355125427246,1782820237.3204567
434200,3.833791732788086,1782820243.303628
434300,2.57932710647583,1782820249.4708652
434400,3.142817258834839,1782820255.5122921
434500,3.283944606781006,1782820261.3726087
434600,2.562694549560547,1782820267.2522163
434700,2.6709342002868652,1782820273.4987864
434800,4.663694858551025,1782820279.60226
434900,2.4797065258026123,1782820285.5812998
435000,2.1927287578582764,1782820291.700525
435100,2.8670814037323,1782820297.788218
435200,2.697657585144043,1782820303.8803012
435300,2.5788826942443848,1782820310.1130748
435400,2.6685705184936523,1782820316.2679067
435500,2.2408573627471924,1782820322.438287
435600,3.555762767791748,1782820328.7031062
435700,2.7479376792907715,1782820334.854667
435800,3.1957380771636963,1782820340.9170964
435900,3.2615766525268555,1782820346.900658
436000,2.601768732070923,1782820352.7824745
436100,2.343575954437256,1782820358.7152789
436200,3.343933582305908,1782820364.840069
436300,2.464101791381836,1782820370.893195
436400,2.3593850135803223,1782820376.9570339
436500,2.3484601974487305,1782820382.957523
436600,2.6778452396392822,1782820389.188582
436700,2.111255168914795,1782820395.0816448
436800,2.5158348083496094,1782820401.059226
436900,2.6821699142456055,1782820407.2392843
437000,2.451931953430176,1782820413.4320686
437100,2.892267942428589,1782820419.564148
437200,2.3783435821533203,1782820425.6069689
437300,3.528209686279297,1782820431.5680225
437400,2.3846940994262695,1782820437.8391898
437500,2.5699644088745117,1782820443.984749
437600,2.7793891429901123,1782820450.155827
437700,2.7566163539886475,1782820456.0733912
437800,3.6477718353271484,1782820461.956512
437900,2.5480175018310547,1782820468.0095384
438000,2.412989616394043,1782820474.0005858
438100,2.419935703277588,1782820479.9401376
438200,2.7301433086395264,1782820485.9030156
438300,2.3289945125579834,1782820491.657275
438400,2.8713841438293457,1782820497.4491668
438500,2.4154415130615234,1782820503.371487
438600,2.668565034866333,1782820509.3732412
438700,3.20151424407959,1782820515.4837828
438800,2.835318088531494,1782820521.307668
438900,2.8045287132263184,1782820527.2254252
439000,2.6880602836608887,1782820533.2047517
439100,2.577833414077759,1782820539.2008827
439200,2.741123676300049,1782820545.3247902
439300,3.0211119651794434,1782820551.1495702
439400,3.144835948944092,1782820557.1989152
439500,4.712538719177246,1782820563.001678
439600,3.287496328353882,1782820568.7924805
439700,2.3269283771514893,1782820574.9893382
439800,2.6220593452453613,1782820581.012871
439900,2.6314682960510254,1782820586.954706
440000,2.8198134899139404,1782820592.8836708
440100,2.441775321960449,1782820598.7546673
440200,2.702960252761841,1782820604.606488
440300,2.459280490875244,1782820610.6223872
440400,2.8172366619110107,1782820616.5930445
440500,2.3886468410491943,1782820622.6702871
440600,3.6415746212005615,1782820628.512247
440700,3.7773311138153076,1782820634.267426
440800,3.118628978729248,1782820640.1706119
440900,3.6671595573425293,1782820646.0983891
441000,2.8559513092041016,1782820652.208586
441100,3.608374834060669,1782820658.1769857
441200,2.188014507293701,1782820664.0368025
441300,2.9772167205810547,1782820669.8773735
441400,2.5852832794189453,1782820675.606355
441500,3.1674909591674805,1782820681.4496834
441600,3.0947751998901367,1782820687.510968
441700,2.625760316848755,1782820693.54849
441800,4.058043479919434,1782820699.5038667
441900,2.935145139694214,1782820705.5531218
442000,2.4046249389648438,1782820711.5678043
442100,2.5298643112182617,1782820717.4825788
442200,2.6128392219543457,1782820723.4410963
442300,3.9099249839782715,1782820729.3866704
442400,2.102783679962158,1782820735.1499248
442500,2.459742784500122,1782820740.8704886
442600,2.118011951446533,1782820746.72642
442700,1.927278757095337,1782820752.4918876
442800,3.098975658416748,1782820758.2845883
442900,2.6118710041046143,1782820764.2492056
443000,2.187930107116699,1782820770.179812
443100,2.345390796661377,1782820776.3272643
443200,2.4223294258117676,1782820782.2193825
443300,2.6528775691986084,1782820788.2435002
443400,2.725613832473755,1782820794.1692417
443500,2.6719677448272705,1782820800.0570798
443600,2.5228514671325684,1782820806.0087972
443700,2.862715721130371,1782820812.1086476
443800,2.9266865253448486,1782820817.774032
443900,2.5441641807556152,1782820823.7938967
444000,2.302699089050293,1782820829.702237
444100,3.833033561706543,1782820835.4482222
444200,2.6517326831817627,1782820841.2975671
444300,2.124791145324707,1782820847.3660905
444400,3.5420002937316895,1782820853.286182
444500,2.9917078018188477,1782820859.1457539
444600,3.03769588470459,1782820865.154463
444700,2.5172553062438965,1782820871.297322
444800,2.332674264907837,1782820877.1647098
444900,2.997127056121826,1782820883.0170612
445000,2.3242311477661133,1782820889.200832
445100,2.9395911693573,1782820895.2989726
445200,4.1650495529174805,1782820901.2250319
445300,2.5126373767852783,1782820907.2426949
445400,3.222752809524536,1782820913.386188
445500,3.18660831451416,1782820919.3336062
445600,3.6374216079711914,1782820925.422354
445700,2.71547794342041,1782820931.2087142
445800,4.246303558349609,1782820937.2753158
445900,2.5421054363250732,1782820943.244007
446000,2.9902188777923584,1782820949.3866804
446100,3.1565709114074707,1782820955.334421
446200,2.91245698928833,1782820961.5090835
446300,2.6742029190063477,1782820967.441283
446400,2.2555837631225586,1782820973.5372708
446500,2.5100574493408203,1782820979.6230943
446600,2.3498291969299316,1782820985.6342854
446700,2.774620532989502,1782820991.8904068
446800,2.431083917617798,1782820997.8036127
446900,1.9787302017211914,1782821003.8540404
447000,2.8706703186035156,1782821009.7061772
447100,2.9249801635742188,1782821015.7738032
447200,2.4936208724975586,1782821021.7443185
447300,2.3836801052093506,1782821027.806276
447400,2.5174288749694824,1782821034.0293045
447500,1.899391770362854,1782821040.0078118
447600,2.630364418029785,1782821045.967151
447700,2.0461630821228027,1782821051.9831154
447800,2.067716360092163,1782821057.993901
447900,2.151371479034424,1782821064.048429
448000,2.3254904747009277,1782821069.8985147
448100,3.096306800842285,1782821076.1177301
448200,2.8549842834472656,1782821082.2378612
448300,3.221120595932007,1782821088.311156
448400,2.5317234992980957,1782821094.5470529
448500,2.3971872329711914,1782821100.7796361
448600,1.9033361673355103,1782821106.8564386
448700,2.8860089778900146,1782821113.07481
448800,2.9977521896362305,1782821119.0021088
448900,4.273162841796875,1782821125.1691499
449000,2.689664363861084,1782821131.2977004
449100,3.012206792831421,1782821137.0924788
449200,2.2436208724975586,1782821142.8784006
449300,2.3036060333251953,1782821148.6221757
449400,2.2812352180480957,1782821154.4263928
449500,3.1606783866882324,1782821160.3988805
449600,2.1735219955444336,1782821166.3366094
449700,2.20346736907959,1782821172.2376964
449800,3.105963945388794,1782821178.270818
449900,2.290415048599243,1782821184.2685924
450000,3.672666549682617,1782821190.3085077
450100,3.0456767082214355,1782821323.629591
450200,2.97969913482666,1782821329.696998
450300,2.553837299346924,1782821335.684112
450400,1.9120728969573975,1782821341.7225056
450500,2.391421318054199,1782821347.7468119
450600,2.3105015754699707,1782821353.5637996
450700,2.708404302597046,1782821359.4684362
450800,3.04086971282959,1782821365.2172658
450900,2.2708396911621094,1782821371.156935
451000,2.575012683868408,1782821377.414443
451100,2.5259509086608887,1782821383.5329354
451200,2.4248838424682617,1782821389.6142223
451300,2.92659592628479,1782821395.61985
451400,2.2998504638671875,1782821401.5690541
451500,2.268617868423462,1782821407.4524276
451600,2.1937613487243652,1782821413.6930175
451700,2.6171350479125977,1782821419.4663303
451800,2.7787961959838867,1782821425.3713298
451900,2.5635805130004883,1782821431.4849522
452000,3.0989251136779785,1782821437.2862062
452100,2.626431941986084,1782821443.041742
452200,3.095756769180298,1782821448.9314742
452300,2.5865683555603027,1782821454.67338
452400,2.726710796356201,1782821460.350945
452500,2.914031982421875,1782821466.2995749
452600,2.4570798873901367,1782821471.992651
452700,3.525049924850464,1782821477.834554
452800,2.6903820037841797,1782821483.9255672
452900,2.6127161979675293,1782821489.8527317
453000,3.18007493019104,1782821495.7574456
453100,2.644874334335327,1782821501.733211
453200,2.7928287982940674,1782821507.8652442
453300,2.561802387237549,1782821513.9554582
453400,2.6062517166137695,1782821519.9431155
453500,2.3799450397491455,1782821525.7219777
453600,2.7350497245788574,1782821531.9497027
453700,2.916555404663086,1782821537.8952372
453800,4.637164115905762,1782821543.917565
453900,2.8797225952148438,1782821549.645177
454000,2.6570494174957275,1782821555.778038
454100,3.2161307334899902,1782821561.8504179
454200,2.9420676231384277,1782821568.0252547
454300,3.1386313438415527,1782821574.069705
454400,2.6337409019470215,1782821580.2492058
454500,2.571453809738159,1782821586.2367957
454600,2.99552059173584,1782821592.241527
454700,2.6692111492156982,1782821598.3729956
454800,2.6734540462493896,1782821604.4048936
454900,3.566574811935425,1782821610.3981762
455000,4.131604194641113,1782821616.4975157
455100,2.999650239944458,1782821622.4673574
455200,2.763524055480957,1782821628.698052
455300,3.509592056274414,1782821634.840727
455400,3.731832504272461,1782821640.9905674
455500,2.786020517349243,1782821647.2104995
455600,4.466944217681885,1782821653.2386754
455700,2.6386122703552246,1782821659.3577151
455800,2.477102041244507,1782821665.3050158
455900,2.8224024772644043,1782821671.3599174
456000,2.582151412963867,1782821677.3395288
456100,3.229513168334961,1782821683.4476206
456200,2.5869622230529785,1782821689.3489852
456300,2.2951388359069824,1782821695.2713256
456400,2.476963996887207,1782821700.9672253
456500,2.556382656097412,1782821706.9702976
456600,2.7277536392211914,1782821712.8549821
456700,3.8591532707214355,1782821718.8026264
456800,3.133279323577881,1782821724.824917
456900,2.671494245529175,1782821730.9439857
457000,2.581733226776123,1782821736.874802
457100,3.154421329498291,1782821742.9419804
457200,2.8620524406433105,1782821748.9550698
457300,2.284247398376465,1782821755.0862875
457400,2.460421085357666,1782821760.8156068
457500,2.938277244567871,1782821766.7128813
457600,2.750969171524048,1782821772.602277
457700,3.004380226135254,1782821778.5748334
457800,2.7717151641845703,1782821784.2593637
457900,2.457376480102539,1782821790.0340035
458000,3.6825313568115234,1782821796.0662239
458100,2.7158732414245605,1782821801.9189355
458200,3.7106785774230957,1782821807.692749
458300,2.1178226470947266,1782821813.5349913
458400,3.461423397064209,1782821819.5485733
458500,2.3054656982421875,1782821825.6210713
458600,2.4582455158233643,1782821831.747397
458700,3.162936210632324,1782821837.649428
458800,3.844301462173462,1782821843.6040225
458900,3.033308982849121,1782821849.4981048
459000,4.048065185546875,1782821855.7341948
459100,2.592629909515381,1782821861.9423068
459200,2.142361640930176,1782821867.875412
459300,2.14627742767334,1782821874.006876
459400,2.7428364753723145,1782821880.0124583
459500,2.5769033432006836,1782821885.749396
459600,2.7619762420654297,1782821891.441267
459700,2.3177175521850586,1782821897.5627594
459800,3.2344236373901367,1782821903.301586
459900,3.639011859893799,1782821909.1038172
460000,4.424992084503174,1782821915.0962355
460100,3.2493977546691895,1782821920.740569
460200,2.8281655311584473,1782821926.7038453
460300,4.615212917327881,1782821932.5378044
460400,3.620291233062744,1782821938.4139469
460500,4.244658470153809,1782821944.3909163
460600,2.2904350757598877,1782821950.4522789
460700,2.4906764030456543,1782821956.2180762
460800,2.3508245944976807,1782821962.3021548
460900,2.772200107574463,1782821968.2077143
461000,3.480161666870117,1782821974.2686257
461100,2.5709948539733887,1782821980.4497433
461200,2.6996965408325195,1782821986.3005168
461300,3.1103360652923584,1782821992.2727253
461400,2.758082866668701,1782821998.256432
461500,2.783675193786621,1782822004.253307
461600,2.4833645820617676,1782822010.0871353
461700,2.483813762664795,1782822016.1019294
461800,2.785069704055786,1782822021.9787743
461900,2.9005181789398193,1782822027.9936168
462000,2.6302223205566406,1782822033.971968
462100,2.295353412628174,1782822040.0498211
462200,2.361955165863037,1782822045.8069832
462300,2.7542519569396973,1782822051.6011682
462400,2.2692151069641113,1782822057.7060213
462500,2.865108013153076,1782822063.8476462
462600,2.9972047805786133,1782822069.9797077
462700,2.629117965698242,1782822075.955133
462800,3.011059284210205,1782822082.0807924
462900,1.9858230352401733,1782822087.9565716
463000,2.3324034214019775,1782822094.020426
463100,2.7126855850219727,1782822099.934068
463200,4.029191493988037,1782822105.9710472
463300,2.3692054748535156,1782822112.1018708
463400,3.711674690246582,1782822117.9711266
463500,2.4513697624206543,1782822123.7474928
463600,4.056771278381348,1782822129.6062188
463700,2.8041958808898926,1782822135.4930549
463800,3.399259328842163,1782822141.329163
463900,3.490943670272827,1782822147.2696128
464000,3.1653013229370117,1782822153.2917845
464100,2.370278835296631,1782822159.2676837
464200,2.357389211654663,1782822165.2652218
464300,2.9740638732910156,1782822171.0985305
464400,2.706144332885742,1782822177.0951264
464500,2.7938144207000732,1782822183.2472935
464600,2.707782506942749,1782822189.326404
464700,3.139335870742798,1782822195.3347476
464800,2.673532247543335,1782822201.5022857
464900,3.1293656826019287,1782822207.4184563
465000,2.319387435913086,1782822213.6425173
465100,2.4216678142547607,1782822219.547179
465200,2.0819694995880127,1782822225.3296292
465300,3.169966220855713,1782822231.063905
465400,2.46042799949646,1782822237.1499405
465500,4.078165054321289,1782822243.2282782
465600,3.7084414958953857,1782822249.2041936
465700,3.273376941680908,1782822255.1788192
465800,3.009922504425049,1782822261.1550486
465900,3.40689754486084,1782822267.1646473
466000,2.834447145462036,1782822273.2652352
466100,3.2523536682128906,1782822279.4461794
466200,3.3482208251953125,1782822285.485025
466300,2.4426746368408203,1782822291.4475684
466400,2.7019081115722656,1782822297.2674057
466500,3.14721417427063,1782822303.0419955
466600,2.7826180458068848,1782822308.8042772
466700,3.1539900302886963,1782822314.6808245
466800,2.3122596740722656,1782822320.7255492
466900,2.802370548248291,1782822326.6873574
467000,2.4186322689056396,1782822332.8273005
467100,2.320455551147461,1782822338.7167485
467200,3.9344868659973145,1782822344.699779
467300,2.7662203311920166,1782822350.5415049
467400,3.0992422103881836,1782822356.4525476
467500,2.678565502166748,1782822362.3164515
467600,2.536839723587036,1782822368.2712555
467700,2.304840326309204,1782822374.321767
467800,2.837404251098633,1782822380.216924
467900,3.4642794132232666,1782822386.083358
468000,2.341845989227295,1782822392.187744
468100,2.6963677406311035,1782822398.1975462
468200,2.678391933441162,1782822404.2582834
468300,2.337705373764038,1782822410.3215592
468400,3.705178737640381,1782822416.2209318
468500,2.6314566135406494,1782822421.9377487
468600,3.3236982822418213,1782822428.0677342
468700,3.3707003593444824,1782822434.0203094
468800,2.2755208015441895,1782822439.8777814
468900,2.13860821723938,1782822445.7627895
469000,2.1035492420196533,1782822451.6425922
469100,2.865617036819458,1782822457.6060457
469200,2.9908509254455566,1782822463.725634
469300,2.270815849304199,1782822469.786481
469400,3.7190568447113037,1782822475.6223717
469500,2.759880542755127,1782822481.6066008
469600,3.047672748565674,1782822487.577068
469700,2.037828207015991,1782822493.8064296
469800,2.778278112411499,1782822499.8642452
469900,3.004887580871582,1782822506.0016208
470000,2.7800981998443604,1782822511.9262505
470100,3.073561429977417,1782822518.2315378
470200,3.0386977195739746,1782822524.2211144
470300,2.3761534690856934,1782822530.2596478
470400,2.893623113632202,1782822536.360296
470500,2.76845121383667,1782822542.3396251
470600,2.712620973587036,1782822548.4145346
470700,3.3104496002197266,1782822554.5793478
470800,3.130481243133545,1782822560.660372
470900,3.2708163261413574,1782822566.6540544
471000,2.8748953342437744,1782822572.8308299
471100,3.4248571395874023,1782822578.8648007
471200,2.638625383377075,1782822584.8267024
471300,2.4316701889038086,1782822591.1264951
471400,2.2102293968200684,1782822597.3798413
471500,3.1823530197143555,1782822603.3166363
471600,2.5401623249053955,1782822609.1732116
471700,2.696434736251831,1782822615.619267
471800,2.0751352310180664,1782822621.49003
471900,2.7599244117736816,1782822627.268124
472000,2.256643772125244,1782822633.7016058
472100,2.7917275428771973,1782822639.788224
472200,3.2492523193359375,1782822645.7542188
472300,3.1747395992279053,1782822652.0208197
472400,3.254887580871582,1782822658.240063
472500,4.071282386779785,1782822664.1036336
472600,2.9477505683898926,1782822670.0846062
472700,3.4037833213806152,1782822676.1244388
472800,2.831270694732666,1782822682.0308077
472900,3.3490638732910156,1782822687.9714432
473000,3.421721935272217,1782822694.0578196
473100,3.302938938140869,1782822700.0388346
473200,3.3625669479370117,1782822706.1360574
473300,3.34470272064209,1782822712.3534853
473400,3.5295615196228027,1782822718.4280193
473500,3.490647792816162,1782822724.4388387
473600,2.9946954250335693,1782822730.488158
473700,4.39245080947876,1782822736.3661633
473800,4.298596382141113,1782822742.437264
473900,2.8650455474853516,1782822748.6880536
474000,2.5745980739593506,1782822754.893592
474100,2.936957597732544,1782822760.9355333
474200,3.5618631839752197,1782822766.9730525
474300,2.8632521629333496,1782822773.1316419
474400,3.473475933074951,1782822779.0414968
474500,3.0166544914245605,1782822784.9875975
474600,3.1306798458099365,1782822790.8815808
474700,2.9119303226470947,1782822796.8264208
474800,3.885340690612793,1782822802.9735332
474900,3.0746614933013916,1782822808.925006
475000,3.230957269668579,1782822814.9976416
475100,2.742690086364746,1782822957.8407187
475200,4.145768165588379,1782822963.6146233
475300,3.203212261199951,1782822969.3986955
475400,3.8874154090881348,1782822975.3472173
475500,2.9450454711914062,1782822981.1123922
475600,3.047055721282959,1782822987.3556376
475700,3.471479654312134,1782822993.5327823
475800,4.708870887756348,1782822999.495022
475900,2.773405075073242,1782823005.5368702
476000,2.7803707122802734,1782823011.6828809
476100,3.6400537490844727,1782823017.78113
476200,3.046794891357422,1782823023.7405787
476300,2.962200164794922,1782823029.9151266
476400,4.369748115539551,1782823036.0730705
476500,3.620352029800415,1782823042.0972588
476600,3.098391532897949,1782823048.0635252
476700,3.519392967224121,1782823054.2062168
476800,3.004761219024658,1782823060.284833
476900,3.1928436756134033,1782823066.2026315
477000,2.873286485671997,1782823072.161156
477100,3.069105863571167,1782823078.0423586
477200,3.6368298530578613,1782823083.906506
477300,3.2396650314331055,1782823089.983782
477400,2.597498893737793,1782823095.8055534
477500,2.8566575050354004,1782823102.1285546
477600,2.419557571411133,1782823108.042375
477700,3.003626823425293,1782823114.1107993
477800,3.560347557067871,1782823119.938034
477900,2.99338960647583,1782823125.8622172
478000,2.810965061187744,1782823131.9680426
478100,3.1113553047180176,1782823137.8738163
478200,2.798452138900757,1782823143.6747599
478300,3.367232322692871,1782823149.9161868
478400,2.9221699237823486,1782823156.1293228
478500,2.762190341949463,1782823162.1827257
478600,2.509232521057129,1782823168.1704876
478700,3.0919671058654785,1782823174.2756379
478800,2.703464984893799,1782823180.3699787
478900,3.3743209838867188,1782823186.618453
479000,2.9700326919555664,1782823192.6150508
479100,3.5577261447906494,1782823198.5534532
479200,2.607361316680908,1782823204.6191747
479300,3.1507816314697266,1782823210.3983948
479400,3.1179208755493164,1782823216.4617689
479500,3.092069625854492,1782823222.3848643
479600,2.744978427886963,1782823228.5093515
479700,2.493474006652832,1782823234.3670142
479800,2.6364688873291016,1782823240.2602344
479900,3.2947945594787598,1782823246.4397771
480000,2.3455684185028076,1782823252.5556867
480100,2.7528553009033203,1782823258.5606704
480200,2.4796302318573,1782823264.8011158
480300,2.4452896118164062,1782823270.9029963
480400,2.315150499343872,1782823276.8423839
480500,2.882575511932373,1782823282.705376
480600,2.8963098526000977,1782823288.505219
480700,2.5022778511047363,1782823294.4136088
480800,2.6398701667785645,1782823300.406256
480900,2.8807930946350098,1782823306.5890353
481000,2.933488368988037,1782823312.7619152
481100,2.7737631797790527,1782823318.8809905
481200,2.606438636779785,1782823324.8001165
481300,2.4912219047546387,1782823330.8215806
481400,2.984225273132324,1782823336.7930655
481500,2.692584991455078,1782823343.0666485
481600,3.067577600479126,1782823348.9539342
481700,3.2139737606048584,1782823355.2339609
481800,2.782344102859497,1782823361.2687244
481900,2.3463799953460693,1782823367.4634202
482000,2.4808881282806396,1782823373.6172016
482100,2.558929443359375,1782823379.5489209
482200,4.699942588806152,1782823385.719575
482300,2.8441262245178223,1782823391.5157754
482400,2.6796650886535645,1782823397.3795657
482500,3.380680561065674,1782823403.4699743
482600,4.376340866088867,1782823409.345708
482700,2.8803019523620605,1782823415.2276926
482800,2.6523430347442627,1782823421.1435597
482900,3.4788551330566406,1782823427.2177799
483000,2.585175037384033,1782823433.217085
483100,3.953810453414917,1782823439.2320378
483200,3.554481029510498,1782823445.3705118
483300,2.9246697425842285,1782823451.682153
483400,3.5606942176818848,1782823457.5736985
483500,2.7015233039855957,1782823463.805431
483600,2.6708357334136963,1782823469.8509123
483700,2.3364412784576416,1782823475.8643754
483800,2.517239570617676,1782823481.8747323
483900,2.930346965789795,1782823488.1254566
484000,2.6693804264068604,1782823494.144449
484100,3.4186532497406006,1782823500.1831748
484200,2.87569522857666,1782823506.474697
484300,2.8209879398345947,1782823512.611261
484400,3.9056825637817383,1782823518.51928
484500,3.278587579727173,1782823524.66894
484600,2.9553940296173096,1782823530.8818347
484700,2.4202756881713867,1782823536.8993185
484800,2.8172121047973633,1782823543.0411644
484900,4.6590576171875,1782823549.008943
485000,3.9731180667877197,1782823555.015806
485100,2.8220553398132324,1782823561.0623918
485200,2.5292317867279053,1782823567.152982
485300,2.642265796661377,1782823573.2356582
485400,3.6310300827026367,1782823579.2258248
485500,4.570464134216309,1782823585.1789405
485600,4.31398868560791,1782823591.1091328
485700,2.9724435806274414,1782823597.1842237
485800,3.1217875480651855,1782823603.3041437
485900,3.2791593074798584,1782823609.1142323
486000,2.6279494762420654,1782823615.0797768
486100,4.120569229125977,1782823621.2841022
486200,2.8372716903686523,1782823627.4622853
486300,3.087207794189453,1782823633.5988398
486400,3.0487799644470215,1782823639.538589
486500,2.9370555877685547,1782823645.4260302
486600,3.0427262783050537,1782823651.2338698
486700,3.0330028533935547,1782823657.3707328
486800,2.814845561981201,1782823663.3271508
486900,3.0696616172790527,1782823669.1926758
487000,2.8483564853668213,1782823675.517499
487100,2.612907886505127,1782823681.6212656
487200,3.1991004943847656,1782823687.5756388
487300,2.8517181873321533,1782823693.678981
487400,3.9516003131866455,1782823699.5334785
487500,2.534475326538086,1782823705.4270213
487600,3.131028175354004,1782823711.2890582
487700,3.298595428466797,1782823717.1235788
487800,2.6889123916625977,1782823723.1880128
487900,3.5007643699645996,1782823729.2339082
488000,2.9664196968078613,1782823735.27566
488100,2.6442997455596924,1782823741.341345
488200,3.1737942695617676,1782823747.2385445
488300,3.442197322845459,1782823753.282339
488400,2.2974770069122314,1782823759.2859466
488500,3.000131130218506,1782823765.3077846
488600,4.041009426116943,1782823771.371238
488700,3.1977975368499756,1782823777.5528524
488800,3.4567227363586426,1782823783.7984173
488900,2.454965114593506,1782823789.6973422
489000,3.1328237056732178,1782823795.9372609
489100,2.9230995178222656,1782823801.9400485
489200,2.9653429985046387,1782823807.903999
489300,2.278219699859619,1782823814.1895204
489400,2.9106063842773438,1782823820.1182923
489500,3.94057035446167,1782823826.4219005
489600,3.5373473167419434,1782823832.4424934
489700,3.634857177734375,1782823838.392029
489800,3.089184522628784,1782823844.3869317
489900,3.233475685119629,1782823850.5480466
490000,2.63002872467041,1782823856.506155
490100,2.5083067417144775,1782823862.6143696
490200,2.8538007736206055,1782823868.5340254
490300,3.4724578857421875,1782823874.5349238
490400,3.273074150085449,1782823880.5209365
490500,3.4569411277770996,1782823886.4755487
490600,3.251467227935791,1782823892.5040638
490700,2.5727076530456543,1782823898.6487992
490800,3.1074910163879395,1782823904.840562
490900,2.700981616973877,1782823910.8665044
491000,2.8992562294006348,1782823917.1284142
491100,2.942960023880005,1782823922.9538326
491200,3.503121852874756,1782823928.9319072
491300,2.376880645751953,1782823934.7450151
491400,2.246249198913574,1782823940.5823946
491500,2.962003469467163,1782823946.7413843
491600,3.587874412536621,1782823952.7648866
491700,2.671480178833008,1782823958.6885018
491800,3.066004991531372,1782823964.6955788
491900,2.990931272506714,1782823970.6677685
492000,3.6170156002044678,1782823976.6339648
492100,3.7335681915283203,1782823982.8179631
492200,2.2694573402404785,1782823989.056343
492300,2.830533981323242,1782823995.0108316
492400,2.156919479370117,1782824001.1152678
492500,3.1441028118133545,1782824007.082667
492600,2.6908230781555176,1782824013.073018
492700,2.474118947982788,1782824019.097378
492800,2.8921701908111572,1782824024.990019
492900,2.6391940116882324,1782824031.2223687
493000,2.9273970127105713,1782824037.2733302
493100,2.7034029960632324,1782824043.3381956
493200,4.132113456726074,1782824049.2395687
493300,3.8123209476470947,1782824055.1257646
493400,3.7660024166107178,1782824060.9740233
493500,2.3356025218963623,1782824066.8823297
493600,3.2402472496032715,1782824072.9044037
493700,3.5476462841033936,1782824079.0214207
493800,3.3487234115600586,1782824085.0255089
493900,3.6147778034210205,1782824091.072159
494000,3.0566294193267822,1782824097.0025992
494100,3.1982483863830566,1782824103.1756468
494200,3.1622681617736816,1782824109.0887077
494300,3.1935973167419434,1782824115.2443745
494400,2.489980697631836,1782824121.4978554
494500,3.1797094345092773,1782824127.5830033
494600,2.9430692195892334,1782824133.6974795
494700,2.9252853393554688,1782824140.0182846
494800,3.396369457244873,1782824146.1496816
494900,3.652637004852295,1782824152.4101105
495000,3.0525736808776855,1782824158.4700925
495100,3.055605888366699,1782824164.5638688
495200,2.7740845680236816,1782824170.7913785
495300,2.839262008666992,1782824176.9047337
495400,2.3774147033691406,1782824182.845339
495500,3.1616945266723633,1782824189.0492516
495600,2.9402194023132324,1782824195.0171993
495700,3.5477375984191895,1782824200.8922832
495800,3.099651336669922,1782824206.7410643
495900,2.507073163986206,1782824212.9364796
496000,3.756678342819214,1782824219.0049074
496100,3.076552391052246,1782824225.1053472
496200,2.8967361450195312,1782824231.1078131
496300,2.8187506198883057,1782824237.4187632
496400,2.794694423675537,1782824243.4412901
496500,2.6852786540985107,1782824249.5604918
496600,3.253020763397217,1782824255.4729903
496700,2.52763032913208,1782824261.3078213
496800,2.5344316959381104,1782824267.2830281
496900,2.6230130195617676,1782824273.089046
497000,2.921260356903076,1782824279.037549
497100,2.987180471420288,1782824285.1441998
497200,2.823819398880005,1782824291.2788966
497300,3.1257240772247314,1782824297.4926736
497400,3.7711312770843506,1782824303.4470308
497500,2.93802547454834,1782824309.5961728
497600,2.7791364192962646,1782824315.5357912
497700,2.793461799621582,1782824321.640494
497800,2.9488532543182373,1782824327.8919127
497900,2.735257625579834,1782824334.1009557
498000,2.5239651203155518,1782824340.0206933
498100,2.3658695220947266,1782824346.08264
498200,2.5234999656677246,1782824352.2037225
498300,2.320329189300537,1782824358.468926
498400,2.6401515007019043,1782824364.6716688
498500,2.2419581413269043,1782824370.7937405
498600,1.9160981178283691,1782824376.6730723
498700,2.2888565063476562,1782824382.8457863
498800,2.9017317295074463,1782824388.762045
498900,2.5652782917022705,1782824394.9017973
499000,2.4465668201446533,1782824400.9291346
499100,2.613640785217285,1782824406.9316008
499200,2.619957685470581,1782824413.162939
499300,3.070127487182617,1782824419.2914355
499400,2.516772747039795,1782824425.3525004
499500,2.9058284759521484,1782824431.6180708
499600,2.654751777648926,1782824437.8418357
499700,2.491270065307617,1782824443.8745255
499800,2.506931781768799,1782824450.280736
499900,2.454139232635498,1782824456.3265789
500000,2.626905679702759,1782824462.365779
500100,17.190677642822266,1782824626.001072
500200,16.238849639892578,1782824632.1681595
500300,14.960370063781738,1782824638.2088113
500400,12.109432220458984,1782824644.2003484
500500,10.72612190246582,1782824650.2413452
500600,9.679990768432617,1782824656.1679404
500700,9.77826976776123,1782824662.2943728
500800,7.606350898742676,1782824668.3841805
500900,7.037410736083984,1782824674.2865934
501000,7.158166885375977,1782824680.2409043
501100,5.812166213989258,1782824686.3903933
501200,5.5465240478515625,1782824692.4122188
501300,5.436895847320557,1782824698.5926082
501400,4.6181559562683105,1782824704.606295
501500,6.763762950897217,1782824710.5502038
501600,4.779319763183594,1782824716.5101926
501700,5.434124946594238,1782824722.451489
501800,6.1015543937683105,1782824728.6009147
501900,6.206357002258301,1782824735.067811
502000,9.101491928100586,1782824741.0608013
502100,6.119012832641602,1782824747.217459
502200,3.2610721588134766,1782824753.348028
502300,3.241926908493042,1782824759.5180326
502400,4.116343021392822,1782824765.5547695
502500,4.6531805992126465,1782824771.5249398
502600,4.619354248046875,1782824777.7369285
502700,4.3021039962768555,1782824784.0729678
502800,3.3364782333374023,1782824790.433249
502900,3.5846664905548096,1782824796.298863
503000,3.526360273361206,1782824802.2982938
503100,2.6248440742492676,1782824808.475234
503200,4.024267196655273,1782824814.374565
503300,3.0091776847839355,1782824820.5492263
503400,2.2455344200134277,1782824826.6443083
503500,3.1131153106689453,1782824832.7636642
503600,1.8391532897949219,1782824838.9301465
503700,2.919902801513672,1782824845.11454
503800,3.718169689178467,1782824851.1276786
503900,2.269348621368408,1782824857.11117
504000,2.2517144680023193,1782824863.1387615
504100,3.2906813621520996,1782824869.070237
504200,2.9546384811401367,1782824875.2194562
504300,2.3973946571350098,1782824881.318399
504400,2.293419361114502,1782824887.1684585
504500,3.616598606109619,1782824893.2553477
504600,4.704217433929443,1782824899.452362
504700,2.7205288410186768,1782824905.5965476
504800,3.396589517593384,1782824911.7999878
504900,5.001472473144531,1782824917.7677958
505000,2.794743537902832,1782824923.8404686
505100,5.724726676940918,1782824929.938223
505200,3.188559055328369,1782824936.196462
505300,3.0081686973571777,1782824942.115144
505400,2.165261745452881,1782824948.3291862
505500,2.422051191329956,1782824954.5170655
505600,2.3234806060791016,1782824960.519202
505700,2.8732662200927734,1782824966.5979671
505800,2.5479156970977783,1782824972.7561407
505900,2.902095317840576,1782824978.7641227
506000,3.3164560794830322,1782824984.710525
506100,2.4632720947265625,1782824990.5658448
506200,2.8328232765197754,1782824996.741127
506300,2.6513705253601074,1782825002.6411772
506400,2.3047304153442383,1782825008.6674116
506500,2.524808883666992,1782825014.6957402
506600,3.17055082321167,1782825020.670523
506700,3.327820062637329,1782825026.8138297
506800,2.0348687171936035,1782825032.9145734
506900,3.4485602378845215,1782825038.8192532
507000,3.071323871612549,1782825044.9938633
507100,2.7846579551696777,1782825051.3039458
507200,2.4733052253723145,1782825057.368765
507300,3.9162909984588623,1782825063.4838932
507400,5.756051063537598,1782825069.250644
507500,4.37054967880249,1782825075.154231
507600,3.0332584381103516,1782825081.3783042
507700,4.086513519287109,1782825087.384423
507800,3.542492389678955,1782825093.5163753
507900,2.5023274421691895,1782825099.500523
508000,2.879082441329956,1782825105.5279336
508100,4.007098197937012,1782825111.483158
508200,2.972287178039551,1782825117.8386075
508300,3.1427505016326904,1782825124.0805657
508400,2.622812509536743,1782825130.1148036
508500,3.555293083190918,1782825136.0747745
508600,3.7118735313415527,1782825142.3178463
508700,2.5195865631103516,1782825148.2572129
508800,3.3904831409454346,1782825154.4398503
508900,2.98561429977417,1782825160.4338973
509000,3.0284743309020996,1782825166.5930893
509100,5.463502407073975,1782825172.6354551
509200,3.465348720550537,1782825178.596556
509300,2.9761152267456055,1782825184.5707133
509400,3.4846863746643066,1782825190.5220587
509500,3.188577175140381,1782825196.6041586
509600,3.1269233226776123,1782825202.6698463
509700,4.2198872566223145,1782825208.6897333
509800,3.65946626663208,1782825214.6174734
509900,4.388104438781738,1782825220.6643527
510000,3.7261033058166504,1782825226.6481884
510100,3.022606372833252,1782825232.7328362
510200,3.4368433952331543,1782825238.8670294
510300,3.7245912551879883,1782825245.0021956
510400,3.0954370498657227,1782825251.0716126
510500,4.07109260559082,1782825257.0491076
510600,3.2357473373413086,1782825263.0870874
510700,3.938450813293457,1782825269.35044
510800,3.940458297729492,1782825275.2504163
510900,3.115842342376709,1782825281.5780644
511000,3.6281771659851074,1782825287.455561
511100,2.921967029571533,1782825293.4346278
511200,2.6283011436462402,1782825299.4501798
511300,5.297419548034668,1782825305.438696
511400,3.4532079696655273,1782825311.4409506
511500,4.146466255187988,1782825317.6186376
511600,3.125962257385254,1782825323.617218
511700,3.080143451690674,1782825329.3607688
511800,3.7813992500305176,1782825335.2306674
511900,2.758284091949463,1782825341.2475672
512000,2.699371337890625,1782825347.0470252
512100,2.8496463298797607,1782825353.0818343
512200,3.017504930496216,1782825358.8752067
512300,3.0451173782348633,1782825364.9015918
512400,3.4423506259918213,1782825370.866844
512500,3.3711578845977783,1782825376.7400422
512600,3.3655738830566406,1782825382.5705605
512700,4.566850662231445,1782825388.4802847
512800,2.511471748352051,1782825394.4382963
512900,3.3454999923706055,1782825400.515906
513000,2.9513018131256104,1782825406.4792397
513100,3.804708957672119,1782825412.5952938
513200,3.099780559539795,1782825418.556798
513300,3.7629528045654297,1782825424.8167086
513400,3.282069206237793,1782825430.748203
513500,3.328983783721924,1782825436.6077378
513600,2.9974961280822754,1782825442.7501788
513700,3.0549943447113037,1782825448.898425
513800,2.364935874938965,1782825454.9229286
513900,2.6998519897460938,1782825460.985577
514000,3.393714427947998,1782825467.0648355
514100,2.5967392921447754,1782825473.053721
514200,2.4006247520446777,1782825479.1663885
514300,2.9051806926727295,1782825485.1750438
514400,5.059219837188721,1782825491.1170068
514500,2.340116024017334,1782825497.2499635
514600,3.258577823638916,1782825503.3214512
514700,3.7181396484375,1782825509.2873666
514800,3.620972156524658,1782825515.1461463
514900,2.81044340133667,1782825521.1397543
515000,3.206697702407837,1782825527.2414622
515100,2.664827823638916,1782825533.3505025
515200,4.636925220489502,1782825539.3537433
515300,2.4999032020568848,1782825545.1827178
515400,4.033452033996582,1782825551.189853
515500,2.9207329750061035,1782825557.2626967
515600,3.435988187789917,1782825563.3602314
515700,3.1362318992614746,1782825569.3602145
515800,2.9992868900299072,1782825575.3189952
515900,3.9540011882781982,1782825581.40408
516000,2.8957691192626953,1782825587.4433463
516100,2.574070453643799,1782825593.453837
516200,2.9018874168395996,1782825599.513249
516300,2.963240623474121,1782825605.5724952
516400,3.721717357635498,1782825611.5489988
516500,2.861121416091919,1782825617.4513524
516600,2.930424928665161,1782825623.3834536
516700,3.0934371948242188,1782825629.7008028
516800,2.3418097496032715,1782825635.9325585
516900,3.7356574535369873,1782825642.1598916
517000,3.326564073562622,1782825648.315954
517100,3.150576591491699,1782825654.4953375
517200,3.5446619987487793,1782825660.4081237
517300,3.8632311820983887,1782825666.4821687
517400,4.1968994140625,1782825672.38927
517500,3.5082924365997314,1782825678.5031137
517600,2.972368001937866,1782825684.4474692
517700,3.4847657680511475,1782825690.646977
517800,3.4658584594726562,1782825696.699899
517900,3.579632043838501,1782825702.9307876
518000,2.386746406555176,1782825709.0957417
518100,3.4566686153411865,1782825715.1528509
518200,4.052276134490967,1782825721.1709561
518300,2.377410650253296,1782825727.0961812
518400,2.4692695140838623,1782825733.0843153
518500,3.201543092727661,1782825739.214963
518600,2.915811777114868,1782825745.5640473
518700,4.24498176574707,1782825751.5078862
518800,3.122466564178467,1782825757.5890477
518900,3.435793399810791,1782825763.6872158
519000,2.906064510345459,1782825769.7695377
519100,2.5385451316833496,1782825775.6323082
519200,2.7978124618530273,1782825781.801198
519300,3.2092044353485107,1782825787.8105547
519400,2.797924518585205,1782825793.9722092
519500,3.3822567462921143,1782825800.0289757
519600,4.104256629943848,1782825806.0764964
519700,4.009765625,1782825812.0549722
519800,3.0868351459503174,1782825818.1629028
519900,3.0368242263793945,1782825824.3147116
520000,3.0570733547210693,1782825830.4296644
520100,3.3280913829803467,1782825836.4977274
520200,3.823638439178467,1782825842.370765
520300,3.827749013900757,1782825848.4047217
520400,3.2308337688446045,1782825854.29934
520500,2.6131844520568848,1782825860.4961295
520600,2.8040027618408203,1782825866.5683835
520700,3.9011707305908203,1782825872.562383
520800,4.687217712402344,1782825878.6333616
520900,4.663132667541504,1782825884.6015828
521000,3.948821783065796,1782825890.849395
521100,4.922013759613037,1782825896.8803415
521200,3.4085094928741455,1782825902.9730892
521300,3.4681544303894043,1782825909.0322273
521400,3.6394991874694824,1782825915.1286519
521500,2.8988866806030273,1782825921.5776203
521600,3.882275104522705,1782825927.576879
521700,3.1838512420654297,1782825933.6618943
521800,3.3572726249694824,1782825939.7865615
521900,4.356589317321777,1782825945.7998986
522000,2.979011297225952,1782825952.022783
522100,5.511875152587891,1782825958.0720286
522200,5.195460796356201,1782825963.8890736
522300,3.7632346153259277,1782825970.0799417
522400,2.966362953186035,1782825976.179571
522500,3.9553418159484863,1782825982.3324997
522600,2.8508553504943848,1782825988.2892249
522700,2.9870314598083496,1782825994.2686648
522800,3.1626622676849365,1782826000.3398924
522900,3.127279758453369,1782826006.4175608
523000,3.313720703125,1782826012.3618362
523100,2.910395622253418,1782826018.161539
523200,3.402984142303467,1782826024.100947
523300,3.082533836364746,1782826030.2549558
523400,3.0746543407440186,1782826036.3094268
523500,3.793300151824951,1782826042.293654
523600,2.7056963443756104,1782826048.5323143
523700,3.7451751232147217,1782826054.6357176
523800,3.6330795288085938,1782826060.589594
523900,3.5184249877929688,1782826066.7716992
524000,2.562436580657959,1782826073.0491295
524100,3.9005627632141113,1782826079.039378
524200,2.6274948120117188,1782826085.0544288
524300,3.5365796089172363,1782826090.95388
524400,2.5866639614105225,1782826097.056471
524500,4.019306182861328,1782826103.124106
524600,5.213262557983398,1782826109.071023
524700,4.824341297149658,1782826115.3471947
524800,3.6978862285614014,1782826121.3401577
524900,2.947833776473999,1782826127.2925124
525000,3.048431396484375,1782826133.5305364
525100,2.813377857208252,1782826259.3777754
525200,2.938811779022217,1782826265.1924229
525300,6.227538108825684,1782826271.1470032
525400,3.0483038425445557,1782826276.8978705
525500,3.5264883041381836,1782826282.7238069
525600,3.498481273651123,1782826288.6721857
525700,3.9700775146484375,1782826294.5747697
525800,3.5311648845672607,1782826300.5192127
525900,4.12283992767334,1782826306.5241046
526000,4.278001308441162,1782826312.4693043
526100,4.5641279220581055,1782826318.4680636
526200,4.250760555267334,1782826324.6477492
526300,3.8320813179016113,1782826330.7386885
526400,3.495960235595703,1782826336.581637
526500,4.121917247772217,1782826342.7204192
526600,4.744600296020508,1782826348.7416208
526700,4.245710372924805,1782826354.6860707
526800,4.05316162109375,1782826360.696404
526900,4.215786457061768,1782826366.883849
527000,3.690812587738037,1782826372.8313155
527100,2.882523536682129,1782826378.4811246
527200,3.3346405029296875,1782826384.3149815
527300,3.3209524154663086,1782826389.9903975
527400,3.3834633827209473,1782826395.6997886
527500,4.628081798553467,1782826401.5255358
527600,4.200891494750977,1782826407.2817743
527700,4.8810529708862305,1782826413.0659027
527800,4.511361598968506,1782826418.820969
527900,3.907229423522949,1782826424.627234
528000,2.9392948150634766,1782826430.2989135
528100,4.441153049468994,1782826436.1326215
528200,2.8991763591766357,1782826441.7409189
528300,3.898714065551758,1782826447.2836108
528400,3.3491978645324707,1782826453.0258696
528500,3.412324905395508,1782826459.0791948
528600,4.66257381439209,1782826465.1162095
528700,3.337782859802246,1782826470.7539322
528800,2.8131937980651855,1782826476.4629574
528900,3.2692911624908447,1782826482.0783103
529000,3.0119264125823975,1782826488.196398
529100,3.0329604148864746,1782826493.8703709
529200,3.2012290954589844,1782826499.9279807
529300,2.583573341369629,1782826505.7478907
529400,2.902327537536621,1782826511.7440526
529500,3.1192522048950195,1782826517.7426052
529600,2.499237060546875,1782826523.9762928
529700,3.8231682777404785,1782826530.1666846
529800,3.5892016887664795,1782826536.4217355
529900,2.4397497177124023,1782826542.7166288
530000,2.498307228088379,1782826548.985214
530100,3.671815872192383,1782826555.0409322
530200,2.418593168258667,1782826561.0658855
530300,3.447197437286377,1782826567.1065347
530400,4.18284797668457,1782826573.1316197
530500,2.572862148284912,1782826579.2851343
530600,5.77899694442749,1782826585.3155036
530700,4.30385160446167,1782826591.5265265
530800,4.187714099884033,1782826597.7235923
530900,3.490621328353882,1782826603.580251
531000,2.448657274246216,1782826609.423266
531100,3.383920669555664,1782826615.2612448
531200,3.40389347076416,1782826621.1356792
531300,2.9506351947784424,1782826626.942387
531400,4.833415985107422,1782826633.0976214
531500,3.491745948791504,1782826639.2538054
531600,4.45645809173584,1782826645.3974254
531700,2.6877846717834473,1782826651.5519834
531800,3.166416645050049,1782826657.6922078
531900,3.184699773788452,1782826663.8803008
532000,2.869903087615967,1782826669.819781
532100,2.5921761989593506,1782826675.9267194
532200,2.7333431243896484,1782826682.28651
532300,2.53265380859375,1782826688.487507
532400,2.7247984409332275,1782826694.6510525
532500,2.7162675857543945,1782826700.7663956
532600,2.5908730030059814,1782826706.901598
532700,2.8810958862304688,1782826712.946497
532800,2.782569408416748,1782826719.0436437
532900,3.3398377895355225,1782826725.2660637
533000,3.8928418159484863,1782826731.359839
533100,3.3633174896240234,1782826737.4350364
533200,2.842090606689453,1782826743.3781466
533300,3.7232017517089844,1782826749.4319296
533400,2.7031033039093018,1782826755.5184283
533500,3.431513786315918,1782826761.746838
533600,2.9642715454101562,1782826767.511
533700,2.669161319732666,1782826773.7011285
533800,3.266343355178833,1782826779.6413972
533900,3.109851837158203,1782826785.921557
534000,3.060544729232788,1782826791.9933093
534100,3.9571073055267334,1782826798.071016
534200,4.768301963806152,1782826804.1274452
534300,4.1574296951293945,1782826810.3579535
534400,2.992993116378784,1782826816.290592
534500,3.275960683822632,1782826822.3811543
534600,3.334526777267456,1782826828.4045064
534700,3.9415736198425293,1782826834.1915948
534800,3.390029191970825,1782826840.0490608
534900,3.926603078842163,1782826845.9853573
535000,2.934652805328369,1782826851.7627313
535100,3.4203734397888184,1782826857.8739378
535200,4.131816864013672,1782826863.7380564
535300,3.440546989440918,1782826869.658802
535400,3.740755081176758,1782826875.6038318
535500,2.869399070739746,1782826881.430179
535600,3.738978385925293,1782826887.3502684
535700,3.86116886138916,1782826893.316019
535800,4.270526885986328,1782826899.1098223
535900,2.875429630279541,1782826905.178556
536000,4.022677898406982,1782826911.1244013
536100,2.919020175933838,1782826917.1140745
536200,3.5591721534729004,1782826923.2598124
536300,2.3557181358337402,1782826929.4252665
536400,3.474555253982544,1782826935.6776445
536500,3.072876214981079,1782826941.827108
536600,3.1173877716064453,1782826947.7407532
536700,4.44749641418457,1782826953.765487
536800,3.3813815116882324,1782826959.711592
536900,4.028862953186035,1782826965.893606
537000,3.3734803199768066,1782826971.862411
537100,2.9313225746154785,1782826977.8834667
537200,2.736273765563965,1782826983.9406397
537300,3.290451765060425,1782826990.0487106
537400,3.2198545932769775,1782826995.9697394
537500,4.353261470794678,1782827002.0411217
537600,3.477790117263794,1782827008.0145125
537700,4.189639091491699,1782827014.1787093
537800,3.0978517532348633,1782827020.1813607
537900,3.1819002628326416,1782827026.2059398
538000,3.021961212158203,1782827032.161535
538100,2.8986473083496094,1782827038.1075194
538200,3.620594024658203,1782827044.1247375
538300,3.139589786529541,1782827050.3574445
538400,3.694918155670166,1782827056.4949813
538500,3.9559617042541504,1782827062.4229407
538600,3.2625463008880615,1782827068.2915967
538700,4.243252754211426,1782827074.3196473
538800,4.456248760223389,1782827080.5413477
538900,3.381783962249756,1782827086.8050566
539000,3.2077791690826416,1782827092.8556235
539100,5.251405239105225,1782827099.1314857
539200,3.863962411880493,1782827105.270457
539300,3.684764862060547,1782827111.2041566
539400,3.329014778137207,1782827117.437436
539500,3.6683778762817383,1782827123.3616033
539600,4.544437408447266,1782827129.214232
539700,3.5803065299987793,1782827135.1950903
539800,4.5631608963012695,1782827141.2348638
539900,3.371006965637207,1782827146.9713204
540000,4.0225396156311035,1782827153.0550733
540100,3.1532833576202393,1782827159.0734644
540200,3.866307258605957,1782827165.341873
540300,3.510793447494507,1782827171.3619626
540400,4.17685079574585,1782827177.5434887
540500,4.363698959350586,1782827183.746757
540600,3.047010660171509,1782827189.7157485
540700,4.8211669921875,1782827195.7392943
540800,4.402388095855713,1782827201.665519
540900,3.895221710205078,1782827207.9728627
541000,3.9568357467651367,1782827213.874851
541100,3.1050877571105957,1782827220.0386822
541200,4.972105979919434,1782827226.327435
541300,3.6947035789489746,1782827232.3128257
541400,3.7892274856567383,1782827238.4263265
541500,3.6345763206481934,1782827244.3164694
541600,3.530369281768799,1782827250.4241762
541700,4.0215559005737305,1782827256.5155692
541800,3.5316162109375,1782827262.4317825
541900,4.160126686096191,1782827268.3337235
542000,3.421215295791626,1782827274.158439
542100,3.7139382362365723,1782827280.3034687
542200,3.114135980606079,1782827286.4051433
542300,3.09006929397583,1782827292.5734057
542400,4.612587928771973,1782827298.6383946
542500,3.518052816390991,1782827304.7318945
542600,3.32723331451416,1782827310.8626957
542700,3.6576390266418457,1782827316.8338664
542800,3.2122597694396973,1782827322.9073668
542900,3.5037894248962402,1782827329.1384373
543000,3.2305469512939453,1782827335.1535835
543100,2.8140952587127686,1782827341.040298
543200,3.886443614959717,1782827347.1064312
543300,4.300525665283203,1782827353.1538608
543400,2.918217182159424,1782827359.2290208
543500,3.8241732120513916,1782827365.48921
543600,3.0832741260528564,1782827371.3877738
543700,5.5227742195129395,1782827377.2705574
543800,3.593254327774048,1782827383.309994
543900,4.473116397857666,1782827389.6375372
544000,4.485779762268066,1782827395.6401885
544100,3.9510741233825684,1782827402.0204453
544200,3.774333953857422,1782827408.225663
544300,3.5611138343811035,1782827414.1812718
544400,4.108263969421387,1782827420.056142
544500,4.193507194519043,1782827426.2302687
544600,3.854222297668457,1782827432.1742432
544700,3.287712574005127,1782827438.2150536
544800,3.3367531299591064,1782827444.069693
544900,3.5774760246276855,1782827450.1947615
545000,2.980412006378174,1782827456.2537403
545100,3.936335802078247,1782827462.3384287
545200,3.896395444869995,1782827468.1230173
545300,3.5492262840270996,1782827474.077044
545400,3.530393123626709,1782827479.887121
545500,3.2386412620544434,1782827485.950214
545600,3.379028797149658,1782827491.7917383
545700,3.663271903991699,1782827497.7659447
545800,3.9148714542388916,1782827503.7654705
545900,4.983673095703125,1782827509.7356498
546000,3.3142428398132324,1782827515.8866172
546100,3.269866943359375,1782827522.0059423
546200,3.079866886138916,1782827527.9646466
546300,3.6934683322906494,1782827534.122383
546400,4.113415718078613,1782827539.9729128
546500,4.467426300048828,1782827545.8740354
546600,3.2667033672332764,1782827551.9690416
546700,4.029265403747559,1782827557.920665
546800,3.6112701892852783,1782827564.0570178
546900,4.031449317932129,1782827570.0149004
547000,3.6253581047058105,1782827576.0899117
547100,3.3804123401641846,1782827581.8380587
547200,3.110144853591919,1782827587.8902361
547300,4.188656806945801,1782827593.6816888
547400,2.9524617195129395,1782827599.6980665
547500,4.714073657989502,1782827605.7699573
547600,3.711143970489502,1782827611.7143812
547700,2.833192825317383,1782827617.6655598
547800,3.0166776180267334,1782827623.7890851
547900,3.071526050567627,1782827629.693984
548000,3.4776647090911865,1782827635.7248385
548100,5.677187442779541,1782827641.6316848
548200,2.702117443084717,1782827647.751628
548300,3.3814492225646973,1782827653.7875166
548400,3.037271022796631,1782827660.1526227
548500,3.2134933471679688,1782827666.3270154
548600,3.3157131671905518,1782827672.284753
548700,3.3317627906799316,1782827678.370305
548800,6.551870346069336,1782827684.4926584
548900,3.9242289066314697,1782827690.4769895
549000,3.840524196624756,1782827696.6305962
549100,4.217241287231445,1782827702.8135295
549200,3.8113062381744385,1782827708.8676393
549300,3.760985851287842,1782827714.9996855
549400,3.463054656982422,1782827721.052024
549500,4.026575565338135,1782827727.1210918
549600,3.328640937805176,1782827733.0914555
549700,3.1555423736572266,1782827739.1624482
549800,3.3668134212493896,1782827744.9823546
549900,3.6420507431030273,1782827751.094927
550000,4.65666389465332,1782906987.3862438
550100,3.3649539947509766,1782907178.2806535
550200,3.166271686553955,1782907184.522399
550300,4.652314186096191,1782907190.6761339
550400,5.515508651733398,1782907197.1002038
550500,3.77998685836792,1782907203.3353584
550600,3.977656364440918,1782907209.5295558
550700,4.327833652496338,1782907215.8957198
550800,3.57434344291687,1782907222.227977
550900,5.044858455657959,1782907228.439038
551000,4.338788032531738,1782907234.7668817
551100,4.606074333190918,1782907241.0334263
551200,3.9965271949768066,1782907247.2656775
551300,3.2304043769836426,1782907253.519148
551400,3.5657126903533936,1782907259.834574
551500,3.4978175163269043,1782907265.9404757
551600,3.2270407676696777,1782907272.3733954
551700,2.870699405670166,1782907278.6740787
551800,3.7875218391418457,1782907284.89739
551900,3.8595151901245117,1782907290.9051592
552000,3.967078685760498,1782907297.141715
552100,4.245570659637451,1782907303.3549607
552200,2.910947799682617,1782907309.2961826
552300,3.214413642883301,1782907315.60568
552400,2.958596706390381,1782907321.6259713
552500,2.912425994873047,1782907327.9587507
552600,4.07936954498291,1782907333.9115615
552700,4.551917552947998,1782907340.089629
552800,4.604897499084473,1782907346.2922547
552900,4.229284286499023,1782907352.4748917
553000,7.803563117980957,1782907358.7738426
553100,4.0621442794799805,1782907365.049007
553200,4.54152774810791,1782907371.157837
553300,4.2842254638671875,1782907377.3308318
553400,4.45366096496582,1782907383.4397879
553500,4.0140252113342285,1782907389.5473394
553600,5.807358741760254,1782907395.8407722
553700,3.7103328704833984,1782907401.931554
553800,3.9820337295532227,1782907408.08516
553900,4.55419921875,1782907414.3618565
554000,3.6640162467956543,1782907420.6287284
554100,3.5769574642181396,1782907426.539796
554200,3.5692827701568604,1782907432.7090502
554300,3.6718454360961914,1782907438.8662152
554400,3.841514825820923,1782907445.0348709
554500,4.653275012969971,1782907451.2555068
554600,3.9260082244873047,1782907457.3615627
554700,5.480528354644775,1782907463.7172573
554800,3.6485602855682373,1782907470.1081364
554900,3.4306535720825195,1782907476.4727762
555000,5.008231163024902,1782907482.749362
555100,3.811469554901123,1782907488.8552444
555200,4.044290065765381,1782907495.1274183
555300,4.379255294799805,1782907501.2038844
555400,3.7083821296691895,1782907507.2508373
555500,4.119742393493652,1782907513.3915627
555600,4.4177398681640625,1782907519.476239
555700,4.32888650894165,1782907525.6518912
555800,3.4519898891448975,1782907531.6796594
555900,4.053528308868408,1782907537.9729762
556000,3.304901123046875,1782907544.052149
556100,3.7315211296081543,1782907550.4468198
556200,3.9632620811462402,1782907556.6109648
556300,3.339472532272339,1782907562.7654734
556400,4.1730570793151855,1782907568.8303835
556500,3.9320149421691895,1782907575.0084891
556600,4.493093490600586,1782907581.0758467
556700,3.3320908546447754,1782907587.1774695
556800,4.231995582580566,1782907593.4947832
556900,6.142631530761719,1782907599.684489
557000,3.812450885772705,1782907605.9408927
557100,4.105439186096191,1782907612.2497828
557200,3.8663697242736816,1782907618.4728582
557300,4.084224700927734,1782907624.4385843
557400,3.992337465286255,1782907630.5809782
557500,3.956355094909668,1782907636.5574858
557600,3.2746167182922363,1782907642.7741895
557700,3.4116263389587402,1782907649.009413
557800,3.4920971393585205,1782907655.2416728
557900,3.672024726867676,1782907661.4676712
558000,3.439460277557373,1782907667.6887224
558100,3.217365026473999,1782907673.8754015
558200,4.242600917816162,1782907680.0722191
558300,2.7530875205993652,1782907686.1458704
558400,4.412051200866699,1782907692.4385362
558500,3.4233572483062744,1782907698.484818
558600,3.1467642784118652,1782907704.487956
558700,3.074467182159424,1782907710.5707033
558800,4.189280986785889,1782907717.0175989
558900,3.009395122528076,1782907723.1098483
559000,4.371106147766113,1782907729.2900286
559100,3.8249471187591553,1782907735.2674344
559200,3.2750906944274902,1782907741.530141
559300,3.4219748973846436,1782907747.5433185
559400,3.303215265274048,1782907754.125512
559500,3.940173864364624,1782907760.3029177
559600,3.97536563873291,1782907766.4982376
559700,5.375310897827148,1782907772.6319644
559800,3.3175947666168213,1782907778.6525419
559900,4.796261310577393,1782907784.7374282
560000,4.419090270996094,1782907790.9600728
560100,6.783367156982422,1782907796.9178693
560200,3.2298991680145264,1782907803.0539284
560300,4.741171360015869,1782907809.270696
560400,3.5884549617767334,1782907815.33127
560500,4.812830924987793,1782907821.62355
560600,2.784163475036621,1782907827.7348912
560700,3.5717198848724365,1782907833.7607923
560800,4.237025260925293,1782907839.924543
560900,3.214794635772705,1782907845.9441173
561000,4.237962245941162,1782907852.271059
561100,3.9160420894622803,1782907858.371092
561200,4.445505619049072,1782907864.3073177
561300,3.364140272140503,1782907870.550567
561400,3.278323173522949,1782907876.7252748
561500,3.4600942134857178,1782907882.9210923
561600,5.108760833740234,1782907889.134585
561700,4.842406749725342,1782907895.2920516
561800,4.950327396392822,1782907901.4550118
561900,4.749844551086426,1782907907.734728
562000,4.101030349731445,1782907914.0482807
562100,4.51564884185791,1782907920.1151075
562200,4.051273345947266,1782907926.4085248
562300,4.072007179260254,1782907932.4433389
562400,3.519153118133545,1782907938.7320495
562500,4.142324447631836,1782907944.7672153
562600,3.874605655670166,1782907950.8727384
562700,4.231658458709717,1782907957.5606077
562800,3.494903087615967,1782907963.824546
562900,3.640512466430664,1782907970.1661253
563000,3.63230562210083,1782907976.3162904
563100,2.804553747177124,1782907982.4419022
563200,4.704072952270508,1782907988.472185
563300,4.084239482879639,1782907995.0349462
563400,4.445727825164795,1782908001.5376902
563500,3.4300878047943115,1782908007.7422454
563600,4.462034225463867,1782908014.1446307
563700,4.049319744110107,1782908020.441301
563800,6.164259910583496,1782908026.6520233
563900,4.18101692199707,1782908033.1399322
564000,5.251236438751221,1782908039.2338371
564100,4.338108062744141,1782908045.4397588
564200,3.370419979095459,1782908051.5997913
564300,3.7620577812194824,1782908057.940443
564400,3.955904006958008,1782908064.2444465
564500,5.4463300704956055,1782908070.528542
564600,3.6603498458862305,1782908076.7727034
564700,3.6508641242980957,1782908083.0660825
564800,4.809510707855225,1782908089.3204756
564900,4.71599006652832,1782908095.503327
565000,8.057173728942871,1782908102.0066156
565100,3.9818003177642822,1782908108.3693123
565200,5.285691261291504,1782908114.8131163
565300,4.0896501541137695,1782908121.0739083
565400,4.715035438537598,1782908127.2160609
565500,5.474600791931152,1782908133.2749379
565600,6.021575927734375,1782908139.2286491
565700,4.074920177459717,1782908145.483779
565800,4.653343200683594,1782908151.5093718
565900,3.895470380783081,1782908157.7357323
566000,4.165585517883301,1782908164.1377344
566100,3.527763843536377,1782908170.3803627
566200,3.887322425842285,1782908176.5750172
566300,3.700822353363037,1782908182.8096762
566400,3.8737401962280273,1782908188.8554378
566500,3.9911398887634277,1782908194.9665966
566600,3.337242364883423,1782908201.0304985
566700,4.3805952072143555,1782908207.002737
566800,3.7003936767578125,1782908213.2696419
566900,3.3288938999176025,1782908219.4092777
567000,3.87307071685791,1782908225.6554062
567100,3.3816771507263184,1782908231.5700636
567200,3.891965866088867,1782908237.8262026
567300,6.3417158126831055,1782908244.0252175
567400,4.209148406982422,1782908250.0248945
567500,3.380253314971924,1782908256.184527
567600,3.5710268020629883,1782908262.6982377
567700,4.931064605712891,1782908268.8757818
567800,3.692373037338257,1782908275.2735045
567900,3.687905788421631,1782908281.4964268
568000,3.544783592224121,1782908287.5853028
568100,3.414076805114746,1782908293.8176353
568200,3.4447124004364014,1782908299.9169142
568300,4.205357551574707,1782908305.9783506
568400,2.998508930206299,1782908312.1481957
568500,3.738483428955078,1782908318.3860173
568600,4.207564830780029,1782908324.4597728
568700,3.06410551071167,1782908330.6135566
568800,3.48026704788208,1782908336.7039924
568900,3.6835498809814453,1782908343.1264138
569000,3.6379404067993164,1782908349.3974435
569100,3.2883100509643555,1782908355.871437
569200,3.1493310928344727,1782908362.192661
569300,5.746616363525391,1782908368.360989
569400,4.028645038604736,1782908374.6914263
569500,4.39357328414917,1782908380.7613897
569600,3.8911921977996826,1782908387.1372173
569700,5.322085380554199,1782908393.0912926
569800,3.794611930847168,1782908399.4063451
569900,4.907235145568848,1782908405.852819
570000,4.451058387756348,1782908412.2210348
570100,4.270591735839844,1782908418.282388
570200,3.3601977825164795,1782908424.4078014
570300,4.583596706390381,1782908430.5465918
570400,4.097926616668701,1782908436.5948374
570500,3.8225536346435547,1782908442.6815944
570600,2.947021961212158,1782908448.8851373
570700,3.894151210784912,1782908455.1383946
570800,3.28847599029541,1782908461.3642693
570900,4.010190963745117,1782908467.547342
571000,3.917025566101074,1782908474.1878614
571100,3.518019199371338,1782908480.2500324
571200,2.7684741020202637,1782908486.529454
571300,5.359652042388916,1782908492.8649292
571400,5.077893257141113,1782908499.2466264
571500,4.481695175170898,1782908505.3208885
571600,3.582033157348633,1782908511.50897
571700,4.1674957275390625,1782908517.7046535
571800,3.7914655208587646,1782908524.0504296
571900,3.210115909576416,1782908530.3701248
572000,3.6052253246307373,1782908536.5960937
572100,4.654553413391113,1782908543.009325
572200,4.332852363586426,1782908549.4035335
572300,3.7844648361206055,1782908555.5423799
572400,4.282308578491211,1782908562.0974379
572500,4.298885822296143,1782908568.3840654
572600,3.779942035675049,1782908574.5145116
572700,4.287015438079834,1782908580.799041
572800,3.1406469345092773,1782908586.8485413
572900,4.787456512451172,1782908593.0523756
573000,4.243152618408203,1782908599.1688383
573100,3.3202805519104004,1782908605.2129302
573200,3.3783230781555176,1782908611.2748528
573300,4.0102458000183105,1782908617.5365036
573400,2.871640205383301,1782908623.650894
573500,3.1272335052490234,1782908629.707387
573600,3.1916756629943848,1782908635.967699
573700,3.8024587631225586,1782908642.0624332
573800,3.4834296703338623,1782908648.4045558
573900,4.27589750289917,1782908654.3917577
574000,4.425875663757324,1782908660.6654375
574100,3.5410220623016357,1782908666.8875847
574200,3.1567018032073975,1782908673.3371313
574300,4.205209732055664,1782908679.454133
574400,3.868631362915039,1782908685.6289747
574500,3.52510142326355,1782908691.7922297
574600,4.082634449005127,1782908697.9848094
574700,4.092225074768066,1782908704.0124974
574800,2.8689706325531006,1782908710.123573
574900,4.311835289001465,1782908716.336915
575000,4.601292133331299,1782908722.374262
575100,3.7814173698425293,1782908912.2134511
575200,4.485494613647461,1782908918.3357527
575300,3.9070775508880615,1782908924.416742
575400,4.141570568084717,1782908930.451572
575500,3.4731297492980957,1782908936.64944
575600,3.5889182090759277,1782908942.8740945
575700,4.887431621551514,1782908948.9057622
575800,3.949610710144043,1782908955.1755955
575900,3.1987247467041016,1782908961.3386543
576000,3.3518145084381104,1782908967.460133
576100,4.1499457359313965,1782908973.7947176
576200,4.159772872924805,1782908979.9053292
576300,2.9352331161499023,1782908986.472318
576400,3.9761147499084473,1782908992.5502892
576500,3.656414270401001,1782908998.8764608
576600,4.6462249755859375,1782909005.1191537
576700,3.2156786918640137,1782909011.2566707
576800,3.58168625831604,1782909017.3391702
576900,3.098410129547119,1782909023.4834511
577000,3.035890579223633,1782909029.689903
577100,3.405796527862549,1782909036.065714
577200,2.77679443359375,1782909042.0051618
577300,5.626775741577148,1782909048.1519873
577400,3.6045007705688477,1782909054.3925831
577500,4.611481666564941,1782909060.4696887
577600,3.2784533500671387,1782909066.5728881
577700,4.425642013549805,1782909072.9938653
577800,4.001735687255859,1782909079.0694118
577900,4.78680419921875,1782909085.3568802
578000,4.487888336181641,1782909091.7550035
578100,4.656398773193359,1782909098.0022428
578200,4.387906074523926,1782909104.091306
578300,4.666004180908203,1782909110.4473064
578400,4.060781478881836,1782909116.5227983
578500,4.451916694641113,1782909122.4732716
578600,4.203619003295898,1782909128.4090784
578700,3.5351359844207764,1782909134.735614
578800,3.801575183868408,1782909140.791868
578900,3.907428503036499,1782909146.8178725
579000,5.0794525146484375,1782909152.9137707
579100,4.468056678771973,1782909159.200628
579200,4.733909606933594,1782909165.2856667
579300,3.35213041305542,1782909171.671295
579400,3.3077759742736816,1782909178.144706
579500,4.834874153137207,1782909184.1695085
579600,3.189155101776123,1782909190.2339494
579700,4.128408432006836,1782909196.6362314
579800,4.212493896484375,1782909202.7167203
579900,3.646094560623169,1782909208.768682
580000,3.579462766647339,1782909214.939029
580100,3.1494734287261963,1782909221.0456758
580200,3.552248954772949,1782909227.1041934
580300,4.966080665588379,1782909233.185234
580400,3.834547758102417,1782909239.230722
580500,4.825582504272461,1782909245.375061
580600,3.449204921722412,1782909251.4134328
580700,3.473724842071533,1782909257.4459705
580800,3.492692708969116,1782909263.568922
580900,3.7055087089538574,1782909269.6406875
581000,3.835853099822998,1782909275.8698986
581100,3.7904019355773926,1782909282.007525
581200,3.6994359493255615,1782909288.2627327
581300,3.7734177112579346,1782909294.3308437
581400,3.5271430015563965,1782909300.3192203
581500,2.9291961193084717,1782909306.4490893
581600,3.545743942260742,1782909312.506373
581700,3.931569814682007,1782909318.718306
581800,3.554553985595703,1782909324.6504626
581900,2.6576547622680664,1782909330.8530068
582000,3.645986318588257,1782909337.2719898
582100,3.6711268424987793,1782909343.4112995
582200,3.1738314628601074,1782909349.4609764
582300,4.849211692810059,1782909355.8514714
582400,5.24935245513916,1782909361.9305313
582500,4.2925519943237305,1782909367.9652371
582600,4.701022148132324,1782909374.1748283
582700,4.23129940032959,1782909380.2419517
582800,4.079592704772949,1782909386.2373989
582900,4.380989074707031,1782909392.3760161
583000,3.506096363067627,1782909398.6833
583100,4.239022254943848,1782909404.8176928
583200,4.943117141723633,1782909410.878401
583300,3.465104818344116,1782909416.895095
583400,5.624499320983887,1782909422.8990927
583500,3.5672707557678223,1782909429.0432742
583600,3.2408056259155273,1782909435.4085982
583700,3.7830698490142822,1782909441.5989537
583800,2.740647792816162,1782909447.803604
583900,2.9194459915161133,1782909454.0170772
584000,3.31337833404541,1782909460.1833446
584100,4.385087490081787,1782909466.6504965
584200,5.16237735748291,1782909472.9126716
584300,2.9257588386535645,1782909479.251155
584400,4.137046813964844,1782909485.5349894
584500,4.745867729187012,1782909492.1153328
584600,3.553162097930908,1782909498.517424
584700,3.8280816078186035,1782909504.879745
584800,4.3533735275268555,1782909511.020428
584900,4.174837112426758,1782909517.482752
585000,2.9048538208007812,1782909523.6422088
585100,4.490121841430664,1782909530.108502
585200,3.9475197792053223,1782909536.2843633
585300,4.873429298400879,1782909542.6182995
585400,3.5666937828063965,1782909548.8230782
585500,4.475083351135254,1782909555.3496442
585600,3.8206887245178223,1782909561.5743382
585700,3.558161735534668,1782909567.897008
585800,3.043905735015869,1782909574.0606177
585900,2.85772705078125,1782909580.4431396
586000,3.4847702980041504,1782909586.563787
586100,3.5886292457580566,1782909592.6796334
586200,3.603069305419922,1782909598.7903364
586300,4.186406135559082,1782909604.87066
586400,3.506596326828003,1782909611.6167698
586500,4.386898994445801,1782909617.7803128
586600,4.078817844390869,1782909623.9291997
586700,3.9772632122039795,1782909630.1813555
586800,3.752302646636963,1782909636.384959
586900,3.2407913208007812,1782909642.529558
587000,7.1146745681762695,1782909649.0373158
587100,5.0598859786987305,1782909655.2832916
587200,3.5750608444213867,1782909661.6833096
587300,3.3720545768737793,1782909668.0686612
587400,4.016336441040039,1782909674.2007337
587500,4.495573043823242,1782909680.5661645
587600,3.8031227588653564,1782909686.5418613
587700,3.856985569000244,1782909692.809321
587800,5.671055316925049,1782909699.18041
587900,3.2281124591827393,1782909705.5069284
588000,2.9376235008239746,1782909711.887129
588100,5.030128479003906,1782909718.3039947
588200,3.8714776039123535,1782909724.5480697
588300,4.284425735473633,1782909730.720753
588400,3.46047306060791,1782909736.9722736
588500,4.064723968505859,1782909743.4053118
588600,3.322314739227295,1782909749.6089854
588700,4.475077152252197,1782909756.0901752
588800,3.3687939643859863,1782909762.5331416
588900,3.3761463165283203,1782909768.4784794
589000,3.4327518939971924,1782909774.3726397
589100,2.9611246585845947,1782909780.7729075
589200,4.466110706329346,1782909787.046597
589300,3.2656121253967285,1782909793.4189465
589400,3.7283167839050293,1782909800.007562
589500,3.837639808654785,1782909806.125523
589600,4.129059791564941,1782909812.3801775
589700,3.2882723808288574,1782909818.6701014
589800,3.738269805908203,1782909824.697149
589900,3.975346088409424,1782909830.9517615
590000,3.959292411804199,1782909837.120907
590100,3.8445301055908203,1782909843.4804065
590200,4.589815139770508,1782909849.74659
590300,3.9064126014709473,1782909855.9430304
590400,3.7122459411621094,1782909862.2667525
590500,4.939558982849121,1782909868.610883
590600,5.9520368576049805,1782909874.7912824
590700,5.7048516273498535,1782909881.0052638
590800,3.690453290939331,1782909887.1794238
590900,5.301808834075928,1782909893.4280071
591000,4.812349319458008,1782909899.5929792
591100,3.98532772064209,1782909905.761579
591200,3.654351234436035,1782909912.2772253
591300,4.300981521606445,1782909918.8395338
591400,4.664230823516846,1782909925.1028879
591500,3.4136195182800293,1782909931.1688218
591600,3.096402883529663,1782909937.4567165
591700,3.5073513984680176,1782909943.4887104
591800,4.098317623138428,1782909949.7294939
591900,3.7806272506713867,1782909955.7645874
592000,3.348259925842285,1782909962.01826
592100,4.001440048217773,1782909968.106053
592200,5.754384994506836,1782909974.1991854
592300,2.8731489181518555,1782909980.4715111
592400,3.4799437522888184,1782909986.7372725
592500,3.8958563804626465,1782909992.967883
592600,3.500433921813965,1782909999.0829852
592700,5.268038749694824,1782910005.2218788
592800,3.4831767082214355,1782910011.6236498
592900,3.2073843479156494,1782910017.8179224
593000,3.230177164077759,1782910023.8973377
593100,3.4669580459594727,1782910030.0589256
593200,3.0529723167419434,1782910036.4217944
593300,3.289881706237793,1782910042.8074322
593400,3.7879981994628906,1782910049.075699
593500,2.796414375305176,1782910055.1407938
593600,4.362565517425537,1782910061.3750317
593700,3.744202136993408,1782910067.5889163
593800,2.8100924491882324,1782910073.8377984
593900,3.1137537956237793,1782910079.9085395
594000,2.9758667945861816,1782910086.141224
594100,3.077878952026367,1782910092.6063387
594200,4.7656331062316895,1782910098.8959985
594300,5.936393737792969,1782910105.1705117
594400,3.6389598846435547,1782910111.4965048
594500,4.331643581390381,1782910118.0714443
594600,5.0008134841918945,1782910124.4637935
594700,4.19851016998291,1782910130.4802947
594800,5.054815769195557,1782910136.3870482
594900,4.264392852783203,1782910142.4110422
595000,4.347590446472168,1782910148.6268504
595100,4.274604797363281,1782910155.0476797
595200,4.262918472290039,1782910161.4032507
595300,3.8925256729125977,1782910167.6540751
595400,2.982851982116699,1782910173.767872
595500,3.0080065727233887,1782910180.0389504
595600,3.439619541168213,1782910186.3454678
595700,2.6851539611816406,1782910192.6524248
595800,4.383185863494873,1782910198.941761
595900,3.672822952270508,1782910205.2404797
596000,3.6920952796936035,1782910211.5845375
596100,4.069875717163086,1782910218.1153848
596200,4.485991954803467,1782910224.5911727
596300,3.6450676918029785,1782910230.7572658
596400,4.350490570068359,1782910237.285842
596500,3.317671537399292,1782910243.431184
596600,5.322818756103516,1782910249.5368445
596700,3.624028205871582,1782910255.7190843
596800,5.124209403991699,1782910262.083071
596900,3.87420654296875,1782910268.340703
597000,4.602899551391602,1782910274.839094
597100,5.436802864074707,1782910280.9980328
597200,4.289084434509277,1782910287.0681167
597300,5.22633695602417,1782910293.4324636
597400,3.6260204315185547,1782910299.4851613
597500,4.336395263671875,1782910305.6745822
597600,4.3438615798950195,1782910311.877724
597700,4.672080039978027,1782910317.9479506
597800,3.15988826751709,1782910324.4728973
597900,4.769070148468018,1782910330.6402617
598000,4.4285359382629395,1782910337.0181062
598100,3.85628604888916,1782910343.3654397
598200,5.279791831970215,1782910350.0432706
598300,4.778797626495361,1782910356.3654358
598400,5.2756428718566895,1782910362.6429687
598500,3.959092140197754,1782910368.8986049
598600,4.358858585357666,1782910375.0828328
598700,5.0072526931762695,1782910381.596491
598800,3.186572551727295,1782910387.7384472
598900,3.641408920288086,1782910394.22587
599000,3.7286410331726074,1782910400.5681796
599100,4.551365852355957,1782910406.9550176
599200,3.187035083770752,1782910413.4517326
599300,3.248182773590088,1782910419.669414
599400,5.640048980712891,1782910425.8268836
599500,4.487763404846191,1782910431.9272242
599600,3.291687488555908,1782910438.3057163
599700,3.8403782844543457,1782910444.7254126
599800,3.412602663040161,1782910451.089187
599900,5.485794544219971,1782910457.2565067
600000,3.328734874725342,1782911123.041774
600100,4.329217910766602,1782911280.7376595
600200,2.770507574081421,1782911286.9686205
600300,4.812289237976074,1782911293.1538694
600400,5.2372894287109375,1782911299.2574923
600500,3.1913557052612305,1782911305.195164
600600,4.119102478027344,1782911311.3687232
600700,4.595409870147705,1782911317.5736976
600800,3.9256858825683594,1782911323.8265388
600900,4.5411272048950195,1782911329.8920758
601000,2.706848382949829,1782911336.0611873
601100,3.884030342102051,1782911342.471912
601200,3.34804105758667,1782911348.7477317
601300,3.8101110458374023,1782911355.2004669
601400,5.961211681365967,1782911361.6598182
601500,3.8776204586029053,1782911367.9424791
601600,5.04495096206665,1782911374.0185354
601700,5.1202898025512695,1782911380.1346028
601800,4.923639297485352,1782911386.3992465
601900,3.8790338039398193,1782911392.583147
602000,3.7981948852539062,1782911399.032706
602100,4.166929244995117,1782911405.3693364
602200,3.849506378173828,1782911411.9097693
602300,4.0878400802612305,1782911418.2014506
602400,3.1975815296173096,1782911424.5162914
602500,3.745962142944336,1782911430.747595
602600,5.380525588989258,1782911436.817245
602700,3.6882874965667725,1782911442.939073
602800,4.420196533203125,1782911449.0067215
602900,4.162259101867676,1782911455.1525793
603000,3.8304386138916016,1782911461.303738
603100,3.83347749710083,1782911467.8334324
603200,3.760528087615967,1782911474.03702
603300,3.3575832843780518,1782911480.3837807
603400,3.3571693897247314,1782911486.7286477
603500,3.8599648475646973,1782911492.8127291
603600,3.94065523147583,1782911499.0027795
603700,4.273538589477539,1782911505.4120922
603800,3.312521457672119,1782911511.9012609
603900,5.390865325927734,1782911518.1671817
604000,3.4578440189361572,1782911524.3263414
604100,4.995526313781738,1782911530.727791
604200,3.6755495071411133,1782911536.9813745
604300,3.63198184967041,1782911543.1809514
604400,3.929293155670166,1782911549.5457966
604500,4.013095855712891,1782911555.8431761
604600,3.447021007537842,1782911561.9212995
604700,3.5237374305725098,1782911568.2848816
604800,3.6314024925231934,1782911574.4360807
604900,3.597154378890991,1782911580.5823233
605000,4.936670303344727,1782911586.9204688
605100,4.479963302612305,1782911593.1557832
605200,4.101520538330078,1782911599.5210323
605300,4.203117370605469,1782911605.5656896
605400,5.6415486335754395,1782911611.492851
605500,5.2931742668151855,1782911617.7205203
605600,5.258820533752441,1782911623.7180176
605700,3.357956647872925,1782911629.9170303
605800,3.675719738006592,1782911636.0049505
605900,4.022110462188721,1782911642.1980717
606000,3.644599676132202,1782911648.2323592
606100,5.2954277992248535,1782911654.3098307
606200,4.297031402587891,1782911660.3425815
606300,3.696211814880371,1782911666.7223432
606400,4.8871355056762695,1782911672.804541
606500,5.034002304077148,1782911679.4395735
606600,6.136510372161865,1782911685.8896582
606700,3.710766315460205,1782911691.9395223
606800,6.047785758972168,1782911698.3383539
606900,4.397520542144775,1782911704.6507719
607000,4.814820289611816,1782911710.714844
607100,6.550638198852539,1782911716.9685814
607200,4.757386207580566,1782911723.2635684
607300,6.126224517822266,1782911729.4065216
607400,4.0413665771484375,1782911735.6906018
607500,5.147076606750488,1782911741.8495846
607600,5.499333381652832,1782911747.964573
607700,5.645587921142578,1782911753.9977095
607800,4.3053741455078125,1782911760.3563993
607900,4.952804088592529,1782911766.5042849
608000,4.914493560791016,1782911773.035531
608100,3.4669995307922363,1782911779.3204167
608200,6.038203239440918,1782911785.5705194
608300,4.446428298950195,1782911792.1359663
608400,4.186476707458496,1782911798.3914895
608500,4.1760334968566895,1782911804.6336284
608600,4.8489203453063965,1782911810.7814126
608700,4.6934099197387695,1782911817.1555555
608800,3.4869654178619385,1782911823.1927397
608900,3.0548410415649414,1782911829.4648814
609000,3.715702533721924,1782911835.5259528
609100,5.608297824859619,1782911841.5234897
609200,4.053982734680176,1782911847.7722914
609300,3.323169231414795,1782911854.042524
609400,3.549603223800659,1782911860.4257646
609500,4.382662296295166,1782911866.8332977
609600,4.950489521026611,1782911873.018604
609700,4.964841365814209,1782911879.1736686
609800,3.7683308124542236,1782911885.3682048
609900,4.195051670074463,1782911891.3472624
610000,3.7912373542785645,1782911897.4976773
610100,5.320899486541748,1782911903.6303208
610200,5.848204612731934,1782911909.699986
610300,4.420518398284912,1782911916.097195
610400,4.211716651916504,1782911922.0504665
610500,5.223952293395996,1782911928.2409968
610600,4.295502185821533,1782911934.5048435
610700,4.236942768096924,1782911940.7475107
610800,3.53019642829895,1782911946.9682498
610900,5.67531681060791,1782911953.0452673
611000,3.662360668182373,1782911959.5765254
611100,4.911296844482422,1782911965.9146934
611200,5.355800151824951,1782911972.1601346
611300,4.786931037902832,1782911978.054285
611400,4.461379051208496,1782911984.3211462
611500,4.608227252960205,1782911990.5361629
611600,3.90972900390625,1782911996.7535672
611700,4.536554336547852,1782912002.8294308
611800,3.753695249557495,1782912009.1099982
611900,4.611076354980469,1782912015.297025
612000,4.5115532875061035,1782912021.793022
612100,5.108983516693115,1782912028.080593
612200,4.754847526550293,1782912034.391201
612300,3.9474005699157715,1782912040.688566
612400,4.906793594360352,1782912047.1056366
612500,3.9576539993286133,1782912053.6377404
612600,3.765448570251465,1782912059.8707209
612700,4.018338203430176,1782912066.1818385
612800,4.839375019073486,1782912072.3566198
612900,4.419846057891846,1782912078.7345798
613000,4.6788530349731445,1782912084.8727834
613100,5.98799467086792,1782912091.2261868
613200,3.839386224746704,1782912097.4168737
613300,4.542491912841797,1782912103.6003535
613400,4.707315444946289,1782912110.0223827
613500,4.727099418640137,1782912116.3181338
613600,5.238075256347656,1782912122.5867696
613700,6.6106061935424805,1782912129.1367228
613800,4.368807792663574,1782912135.438893
613900,4.282982349395752,1782912141.90225
614000,5.62385368347168,1782912148.0555422
614100,5.129263877868652,1782912154.3168893
614200,3.909064292907715,1782912160.576297
614300,4.1700758934021,1782912166.8362253
614400,4.460097312927246,1782912173.0480256
614500,5.233055114746094,1782912179.424049
614600,4.570476531982422,1782912185.8512335
614700,3.9670565128326416,1782912192.2500248
614800,3.8262510299682617,1782912198.533534
614900,3.821438789367676,1782912204.8698502
615000,4.353618621826172,1782912211.167171
615100,3.977570056915283,1782912217.4462192
615200,3.0681538581848145,1782912223.872264
615300,6.7126617431640625,1782912230.270619
615400,3.9021005630493164,1782912236.5473099
615500,4.247982501983643,1782912242.9132807
615600,3.955946445465088,1782912249.192838
615700,4.196597099304199,1782912255.4834418
615800,4.73790168762207,1782912261.7047935
615900,4.697459697723389,1782912267.8131855
616000,4.272042274475098,1782912274.0066957
616100,4.31093168258667,1782912280.064667
616200,3.66755747795105,1782912286.1473496
616300,4.80801248550415,1782912292.2009556
616400,4.1327128410339355,1782912298.1859288
616500,3.7969799041748047,1782912304.2388291
616600,5.056145668029785,1782912310.63069
616700,3.832146644592285,1782912317.0269146
616800,3.0700454711914062,1782912323.659379
616900,3.151801347732544,1782912330.0909321
617000,4.258277893066406,1782912336.2820625
617100,5.251204967498779,1782912342.4200397
617200,4.140225887298584,1782912348.587529
617300,4.16216516494751,1782912355.2068532
617400,3.6291542053222656,1782912361.4102907
617500,4.190922737121582,1782912367.5643065
617600,5.08592414855957,1782912373.8155277
617700,5.576408386230469,1782912379.6086464
617800,4.653247356414795,1782912385.6447647
617900,4.425268173217773,1782912391.6741154
618000,5.218374252319336,1782912397.7972777
618100,5.174051284790039,1782912403.9174912
618200,5.309596061706543,1782912410.1144009
618300,4.276679992675781,1782912416.1085436
618400,4.352160453796387,1782912422.184401
618500,4.707922458648682,1782912428.3178344
618600,5.006293773651123,1782912434.2630672
618700,5.855290412902832,1782912440.5591836
618800,4.5199408531188965,1782912446.9008064
618900,4.046749591827393,1782912453.215824
619000,5.1177825927734375,1782912459.3241382
619100,4.412351608276367,1782912465.5377128
619200,4.100036144256592,1782912471.676114
619300,3.8707408905029297,1782912478.488309
619400,4.074519157409668,1782912484.8404684
619500,3.679182291030884,1782912491.254154
619600,5.377889156341553,1782912497.3515646
619700,2.6988141536712646,1782912503.3620114
619800,3.808351516723633,1782912509.481827
619900,4.834103584289551,1782912515.7084723
620000,4.043087005615234,1782912521.8309274
620100,3.299685001373291,1782912527.9421756
620200,3.8552584648132324,1782912534.2017674
620300,3.113480567932129,1782912540.71703
620400,4.415719032287598,1782912546.9078789
620500,5.179974555969238,1782912553.1753733
620600,3.4093873500823975,1782912559.6557827
620700,3.772744655609131,1782912565.9733188
620800,5.162954330444336,1782912572.100885
620900,3.6498143672943115,1782912578.3364818
621000,3.4437708854675293,1782912584.4430017
621100,3.325981378555298,1782912590.669526
621200,4.156546115875244,1782912597.2533872
621300,4.2486467361450195,1782912603.6715639
621400,5.83253812789917,1782912610.1475382
621500,3.558668613433838,1782912616.3407168
621600,8.43801212310791,1782912622.5474045
621700,5.704094886779785,1782912629.0918663
621800,4.282364845275879,1782912635.4570343
621900,3.921639919281006,1782912641.886146
622000,7.367229461669922,1782912648.4236755
622100,3.869107484817505,1782912654.6337101
622200,2.9666078090667725,1782912661.2887177
622300,3.518933057785034,1782912667.6833262
622400,3.7840538024902344,1782912674.125305
622500,3.817084312438965,1782912680.4095147
622600,3.606194019317627,1782912686.7668471
622700,3.4222936630249023,1782912692.8616974
622800,4.272419452667236,1782912699.1516986
622900,4.253829002380371,1782912705.5849323
623000,3.2057044506073,1782912711.7465796
623100,3.7585608959198,1782912786.8845623
623200,3.9772541522979736,1782912793.0677178
623300,3.9207825660705566,1782912799.292527
623400,4.0433502197265625,1782912805.5923839
623500,4.226348400115967,1782912811.6344109
623600,3.2299468517303467,1782912817.9995465
623700,4.692326545715332,1782912824.0421352
623800,4.185903549194336,1782912830.0785978
623900,4.707038879394531,1782912836.4287603
624000,5.173846244812012,1782912842.473764
624100,5.849379062652588,1782912848.73357
624200,3.6793763637542725,1782912854.9379623
624300,4.259099006652832,1782912861.03854
624400,4.3958539962768555,1782912867.133941
624500,3.6931986808776855,1782912873.3158102
624600,5.086766242980957,1782912879.6000786
624700,4.459578037261963,1782912885.6108603
624800,4.969392776489258,1782912891.5184906
624900,3.6865711212158203,1782912897.7014475
625000,3.5283517837524414,1782912903.8478692
625100,3.881979465484619,1782913094.6350207
625200,3.8349852561950684,1782913100.4981759
625300,5.082444190979004,1782913106.4803205
625400,3.478274345397949,1782913112.4383676
625500,3.9654951095581055,1782913118.5281005
625600,4.570496559143066,1782913124.7640617
625700,3.4061527252197266,1782913130.7428067
625800,3.2427711486816406,1782913136.8477638
625900,3.6933958530426025,1782913142.9832742
626000,3.496288776397705,1782913149.1970832
626100,3.5019564628601074,1782913155.2736194
626200,3.67101788520813,1782913161.4522877
626300,3.489009380340576,1782913167.7852101
626400,4.676164150238037,1782913173.8992307
626500,6.318151473999023,1782913180.2616258
626600,3.9948582649230957,1782913186.773516
626700,4.2671661376953125,1782913193.1393561
626800,4.820057392120361,1782913199.320126
626900,4.2112250328063965,1782913205.5217323
627000,4.325651168823242,1782913211.8212502
627100,3.7194454669952393,1782913218.1861851
627200,4.306825637817383,1782913224.336797
627300,4.186769485473633,1782913230.6406183
627400,3.4607977867126465,1782913236.774271
627500,4.442875862121582,1782913242.8973713
627600,4.539626121520996,1782913249.3232486
627700,3.925480842590332,1782913255.5486474
627800,3.9439473152160645,1782913261.9167895
627900,4.664404392242432,1782913268.157611
628000,4.076900482177734,1782913274.464282
628100,4.228736877441406,1782913280.6129541
628200,4.269683837890625,1782913286.8783295
628300,3.7707455158233643,1782913293.1367154
628400,3.983503580093384,1782913299.3163257
628500,3.917038679122925,1782913305.6253524
628600,4.3526129722595215,1782913311.932103
628700,5.357422828674316,1782913318.1185262
628800,4.206198692321777,1782913324.1561472
628900,5.7486724853515625,1782913330.3687413
629000,5.15109920501709,1782913336.6406026
629100,3.8759765625,1782913342.8557975
629200,4.312714099884033,1782913348.985376
629300,4.176759719848633,1782913355.1567886
629400,3.974815845489502,1782913361.4905193
629500,3.5126001834869385,1782913367.8071146
629600,7.075161457061768,1782913374.1554203
629700,3.2520511150360107,1782913380.5165257
629800,3.491940498352051,1782913386.716943
629900,3.756330966949463,1782913392.6923275
630000,5.2564826011657715,1782913399.0685592
630100,3.962986707687378,1782913405.5238729
630200,3.9007649421691895,1782913411.873477
630300,4.220035552978516,1782913418.0322657
630400,3.9462080001831055,1782913424.1903138
630500,3.2781500816345215,1782913430.535576
630600,4.052030563354492,1782913437.0898256
630700,3.7814249992370605,1782913443.5595949
630800,4.355077743530273,1782913449.906698
630900,3.828467607498169,1782913456.1082616
631000,5.0349273681640625,1782913462.1759183
631100,4.003182411193848,1782913468.3066995
631200,3.8742520809173584,1782913474.4995973
631300,4.185101509094238,1782913480.7987359
631400,4.966252326965332,1782913486.9832525
631500,6.486147403717041,1782913493.1974065
631600,4.017477989196777,1782913499.6598947
631700,3.3118879795074463,1782913505.8511412
631800,3.907637596130371,1782913511.9087698
631900,4.873978614807129,1782913518.119591
632000,4.138934135437012,1782913524.2738502
632100,5.472455978393555,1782913530.330605
632200,5.97235631942749,1782913536.746972
632300,6.15889835357666,1782913542.7665577
632400,5.421869277954102,1782913549.2817097
632500,3.927211046218872,1782913555.3528903
632600,4.391031265258789,1782913561.61378
632700,6.010409355163574,1782913567.8532667
632800,6.441515922546387,1782913573.9025435
632900,4.892078876495361,1782913580.1556435
633000,4.628089904785156,1782913586.2468553
633100,4.451536178588867,1782913592.315504
633200,6.0697102546691895,1782913598.6233037
633300,4.366987705230713,1782913605.1386588
633400,5.921513557434082,1782913611.4355927
633500,5.275698184967041,1782913617.6883914
633600,4.729589462280273,1782913623.92465
633700,4.449768543243408,1782913630.1848192
633800,3.943269729614258,1782913636.4968886
633900,3.6455066204071045,1782913642.5537999
634000,3.5464396476745605,1782913648.8072653
634100,4.85933256149292,1782913655.1298106
634200,3.6135973930358887,1782913661.252797
634300,5.442745685577393,1782913667.4273586
634400,5.010051250457764,1782913673.7870774
634500,3.1771273612976074,1782913680.1282063
634600,3.8680758476257324,1782913686.3378563
634700,5.062441825866699,1782913692.7322092
634800,3.837070941925049,1782913698.868795
634900,4.224699020385742,1782913705.0829227
635000,5.658924579620361,1782913711.469285
635100,4.679563522338867,1782913718.0214021
635200,4.3508124351501465,1782913724.265476
635300,4.021925926208496,1782913730.5833423
635400,4.767626762390137,1782913736.7890997
635500,3.994652032852173,1782913743.2623394
635600,3.8243045806884766,1782913749.6755393
635700,3.8458971977233887,1782913755.8738708
635800,4.90268611907959,1782913762.2228708
635900,5.6774091720581055,1782913768.4133625
636000,4.561595916748047,1782913774.8078039
636100,4.170373916625977,1782913781.1993206
636200,4.551470756530762,1782913787.529457
636300,4.503783226013184,1782913793.9527354
636400,4.997534275054932,1782913800.0178263
636500,5.127177715301514,1782913806.0566485
636600,4.805293083190918,1782913812.2213864
636700,4.284486293792725,1782913818.208216
636800,4.241360664367676,1782913824.5218883
636900,4.242636680603027,1782913830.7468212
637000,4.858518600463867,1782913837.0434291
637100,4.519983291625977,1782913843.3382907
637200,3.630161762237549,1782913849.6429188
637300,4.747862815856934,1782913855.7044663
637400,3.6185507774353027,1782913862.0773876
637500,5.5689802169799805,1782913868.0861466
637600,5.082828521728516,1782913874.2267628
637700,4.502973556518555,1782913880.660391
637800,5.244386672973633,1782913886.7229605
637900,4.263752460479736,1782913892.9632154
638000,4.61134147644043,1782913898.961326
638100,4.781356334686279,1782913905.0809069
638200,4.317109107971191,1782913911.2662876
638300,4.376930236816406,1782913917.3938854
638400,4.534780502319336,1782913923.4715889
638500,4.157156944274902,1782913929.494397
638600,3.8873543739318848,1782913935.4863591
638700,4.60591459274292,1782913941.5757816
638800,3.9129631519317627,1782913948.049661
638900,3.8630924224853516,1782913954.3338895
639000,4.146594524383545,1782913960.5164251
639100,3.436035633087158,1782913966.6411061
639200,4.536100387573242,1782913972.9434512
639300,3.4700188636779785,1782913979.0711625
639400,3.5298728942871094,1782913985.3399744
639500,4.489316940307617,1782913991.5283663
639600,6.02880859375,1782913997.6554708
639700,3.3691232204437256,1782914003.8821676
639800,3.994922399520874,1782914009.9915159
639900,5.750481605529785,1782914016.2918386
640000,4.765517234802246,1782914022.4922922
640100,4.150885581970215,1782914028.8038175
640200,5.388994216918945,1782914035.0108376
640300,3.705510139465332,1782914041.218635
640400,3.0132806301116943,1782914047.5577378
640500,5.328914642333984,1782914053.837223
640600,3.924691677093506,1782914060.1055784
640700,4.014651298522949,1782914066.2742162
640800,3.3827462196350098,1782914072.717563
640900,4.025494575500488,1782914078.6915817
641000,4.011219024658203,1782914084.7777333
641100,4.586584091186523,1782914090.917512
641200,4.73577356338501,1782914097.256629
641300,5.125345230102539,1782914103.6223
641400,3.7110650539398193,1782914109.8013072
641500,3.731541872024536,1782914116.0405743
641600,3.980287551879883,1782914122.328749
641700,4.027874946594238,1782914128.4311996
641800,3.8610751628875732,1782914134.6807826
641900,4.637160301208496,1782914140.8321834
642000,4.726017951965332,1782914147.0168612
642100,4.109630584716797,1782914153.3445532
642200,4.931646347045898,1782914159.8098204
642300,5.224894046783447,1782914165.988202
642400,3.9081027507781982,1782914171.9956465
642500,4.015929222106934,1782914178.2222006
642600,4.722010612487793,1782914184.5063417
642700,3.9533185958862305,1782914190.8915298
642800,3.781491279602051,1782914197.0385273
642900,3.7753853797912598,1782914203.2077637
643000,4.061629772186279,1782914209.3590488
643100,3.583456039428711,1782914215.582916
643200,5.658718109130859,1782914221.6958044
643300,3.996716260910034,1782914227.889289
643400,6.275655269622803,1782914234.035809
643500,4.935863018035889,1782914240.0202594
643600,4.7573771476745605,1782914246.0626876
643700,5.370767593383789,1782914252.2431052
643800,4.692336082458496,1782914258.4054527
643900,3.855823516845703,1782914264.6028214
644000,4.415037155151367,1782914270.7036839
644100,4.996400833129883,1782914276.8501587
644200,4.412870407104492,1782914283.1116297
644300,4.080692291259766,1782914289.1410136
644400,3.756492853164673,1782914295.3618865
644500,3.712806224822998,1782914301.480807
644600,3.9779813289642334,1782914307.6453943
644700,3.6796648502349854,1782914313.8894916
644800,4.646843910217285,1782914320.1930282
644900,4.005119323730469,1782914326.2569427
645000,4.326512336730957,1782914332.4011428
645100,4.966245651245117,1782914338.453851
645200,4.775027751922607,1782914344.74852
645300,4.890182018280029,1782914351.1869075
645400,4.182744026184082,1782914357.2269282
645500,5.4382219314575195,1782914363.4901774
645600,3.798943519592285,1782914369.7145913
645700,3.731877326965332,1782914376.0069818
645800,4.26177978515625,1782914382.2210832
645900,3.2500839233398438,1782914388.4406164
646000,4.565536975860596,1782914394.7387402
646100,7.434884071350098,1782914400.852539
646200,6.590686321258545,1782914406.9869215
646300,4.334059715270996,1782914413.3681173
646400,4.647102355957031,1782914419.6427743
646500,4.9088239669799805,1782914425.7351456
646600,4.677992820739746,1782914431.8949897
646700,4.756181240081787,1782914438.0875363
646800,4.113195419311523,1782914444.24128
646900,3.899195432662964,1782914450.2933757
647000,4.737852096557617,1782914456.587531
647100,5.375293731689453,1782914463.014859
647200,4.96722412109375,1782914469.0557487
647300,5.949842929840088,1782914475.2494926
647400,4.595150947570801,1782914481.4537702
647500,4.595458507537842,1782914487.6793358
647600,5.203465461730957,1782914494.1581614
647700,6.947693824768066,1782914500.2167299
647800,5.141511917114258,1782914506.3402102
647900,5.435617446899414,1782914512.6872873
648000,4.721405506134033,1782914518.9712265
648100,3.9083030223846436,1782914525.153808
648200,3.6605448722839355,1782914531.3860064
648300,4.529819011688232,1782914537.4518144
648400,4.402437210083008,1782914543.6077962
648500,4.20327615737915,1782914549.7397342
648600,4.875748634338379,1782914555.9903977
648700,4.713171005249023,1782914562.0790908
648800,4.420566558837891,1782914568.2892728
648900,4.513000965118408,1782914574.6384883
649000,4.173023223876953,1782914580.919399
649100,3.644782066345215,1782914587.2181113
649200,3.563847064971924,1782914593.504806
649300,3.5543150901794434,1782914599.7246482
649400,7.127574920654297,1782914606.0636125
649500,3.7827274799346924,1782914612.186756
649600,3.7714662551879883,1782914618.5722678
649700,4.092329978942871,1782914624.80351
649800,5.356550216674805,1782914631.0836775
649900,4.4577956199646,1782914637.348357
650000,4.468129634857178,1782915643.7720754
650100,4.780588150024414,1782915832.762315
650200,5.33480167388916,1782915838.8958976
650300,4.453614234924316,1782915845.1226368
650400,4.984384059906006,1782915851.0762036
650500,4.144538402557373,1782915857.1016548
650600,3.9334750175476074,1782915863.2848725
650700,4.7144269943237305,1782915869.421167
650800,3.886826992034912,1782915875.5263734
650900,4.38946533203125,1782916065.2257345
651000,4.549473762512207,1782916070.8568444
651100,4.085013389587402,1782916076.5225265
651200,4.982255935668945,1782916082.1531184
651300,5.824655532836914,1782916087.828483
651400,4.7971038818359375,1782916093.7256985
651500,6.780844688415527,1782916100.199271
651600,4.840616226196289,1782916106.5659692
651700,4.6308746337890625,1782916113.1216018
651800,5.666868209838867,1782916119.5852833
651900,5.153883457183838,1782916126.4168932
652000,5.225649833679199,1782916132.9054282
652100,4.486474514007568,1782916139.5536366
652200,4.768832206726074,1782916146.460759
652300,4.7504987716674805,1782916153.0463002
652400,4.369080066680908,1782916159.8243222
652500,3.3884663581848145,1782916166.3567958
652600,5.088927745819092,1782916173.2151241
652700,4.549560546875,1782916179.7039943
652800,5.494750499725342,1782916186.1695898
652900,4.839168071746826,1782916192.5573092
653000,4.898508548736572,1782916199.0138807
653100,4.235476493835449,1782916205.3813725
653200,5.110569477081299,1782916212.152594
653300,4.418591499328613,1782916218.5346875
653400,3.70503568649292,1782916225.3733735
653500,3.4592220783233643,1782916231.9274068
653600,5.138278484344482,1782916238.5517437
653700,4.285436630249023,1782916245.2388952
653800,4.25796365737915,1782916251.7332103
653900,4.317821025848389,1782916258.2523172
654000,5.454418182373047,1782916264.6952045
654100,3.4855358600616455,1782916271.5164661
654200,4.409754276275635,1782916277.9688358
654300,4.705476760864258,1782916284.4383924
654400,3.712998867034912,1782916290.838675
654500,3.8225748538970947,1782916297.2712677
654600,4.1879167556762695,1782916303.7803757
654700,3.540083408355713,1782916310.7138617
654800,4.76373815536499,1782916317.3572187
654900,3.4562323093414307,1782916324.1491203
655000,6.039576530456543,1782916331.023986
655100,5.304123878479004,1782916337.524906
655200,3.659533977508545,1782916344.0188885
655300,5.449740886688232,1782916350.7793915
655400,3.882965326309204,1782916357.401189
655500,4.540272235870361,1782916363.8605669
655600,5.867556571960449,1782916370.5872502
655700,3.991384267807007,1782916377.2871659
655800,5.3598175048828125,1782916383.9932556
655900,3.3576292991638184,1782916390.7065241
656000,4.351818084716797,1782916397.1774888
656100,5.266217231750488,1782916403.852341
656200,5.578661918640137,1782916410.6997397
656300,4.4598388671875,1782916417.2699947
656400,4.355530261993408,1782916423.9181538
656500,3.8265607357025146,1782916430.3842247
656600,5.625964164733887,1782916436.79411
656700,3.7999765872955322,1782916443.549154
656800,4.823084831237793,1782916450.0020597
656900,3.5622637271881104,1782916456.4389596
657000,5.437928199768066,1782916463.2625623
657100,4.782129764556885,1782916469.968927
657200,5.744758605957031,1782916476.686892
657300,7.172331809997559,1782916483.3153703
657400,4.6359758377075195,1782916489.9781487
657500,4.421131610870361,1782916496.7134566
657600,4.146636962890625,1782916503.2236362
657700,4.504822731018066,1782916509.8851209
657800,3.816089630126953,1782916516.5359375
657900,7.855009078979492,1782916523.0497108
658000,5.022583961486816,1782916529.835181
658100,4.505475997924805,1782916536.1503146
658200,4.922881126403809,1782916542.8394108
658300,4.418561935424805,1782916549.3369496
658400,4.301753044128418,1782916556.2224317
658500,3.7097487449645996,1782916562.8384392
658600,5.090585231781006,1782916569.5048172
658700,4.374773979187012,1782916576.1199474
658800,4.100713729858398,1782916582.7458248
658900,4.2475385665893555,1782916589.2970097
659000,5.350560188293457,1782916595.7983565
659100,6.325797080993652,1782916602.4331832
659200,4.873007774353027,1782916608.6855729
659300,5.508277893066406,1782916614.9025552
659400,3.7933712005615234,1782916620.9373708
659500,3.6591014862060547,1782916627.1832373
659600,6.201340675354004,1782916633.2881231
659700,5.58177375793457,1782916639.3848796
659800,4.719534873962402,1782916645.8795238
659900,4.496325492858887,1782916652.4457679
660000,4.427609920501709,1782916658.7290514
660100,5.443977355957031,1782916665.0023706
660200,4.525765419006348,1782916670.9096804
660300,4.705896854400635,1782916676.9848263
660400,4.91023063659668,1782916683.2054083
660500,4.163195610046387,1782916689.25742
660600,3.2933950424194336,1782916695.2348838
660700,4.325328350067139,1782916701.5833979
660800,3.9238686561584473,1782916707.6173432
660900,4.9673357009887695,1782916713.8701947
661000,4.895432472229004,1782916719.9986722
661100,3.9822301864624023,1782916726.1928945
661200,4.950300216674805,1782916732.2407818
661300,6.053860187530518,1782916738.3088007
661400,3.9695215225219727,1782916744.4397259
661500,4.651838302612305,1782916750.5961976
661600,5.0491180419921875,1782916756.7777126
661700,4.827365875244141,1782916763.0176737
661800,4.553404331207275,1782916769.0411243
661900,3.7273077964782715,1782916775.014679
662000,3.9551055431365967,1782916781.4333498
662100,4.6553449630737305,1782916787.4415736
662200,5.01679801940918,1782916793.6224885
662300,6.345449924468994,1782916799.7543705
662400,4.315074443817139,1782916805.8363218
662500,5.674150466918945,1782916811.6932094
662600,4.634509086608887,1782916817.7527518
662700,5.460132598876953,1782916823.8736675
662800,5.27010440826416,1782916829.862644
662900,5.232819080352783,1782916836.0993068
663000,5.080456733703613,1782916842.1046193
663100,5.029467582702637,1782916848.3589427
663200,4.850861549377441,1782916854.2221758
663300,4.868254661560059,1782916860.2394419
663400,4.933155059814453,1782916866.4462261
663500,5.016449928283691,1782916872.4554682
663600,5.008773326873779,1782916878.8830693
663700,5.400027275085449,1782916885.229425
663800,6.112210750579834,1782916891.3166168
663900,5.719731330871582,1782916897.641337
664000,4.661004066467285,1782916903.94484
664100,4.40814208984375,1782916910.272951
664200,4.556177616119385,1782916916.4958336
664300,4.236908912658691,1782916922.738336
664400,5.29422664642334,1782916928.8728778
664500,4.971282958984375,1782916935.2001529
664600,5.57695198059082,1782916941.0675783
664700,9.061559677124023,1782916947.0789604
664800,5.948119163513184,1782916953.0406315
664900,4.549324989318848,1782916958.9155765
665000,4.916449546813965,1782916965.2016094
665100,5.858660697937012,1782916971.5468135
665200,5.178168296813965,1782916977.568769
665300,5.239343643188477,1782916983.505385
665400,4.572652339935303,1782916989.5740306
665500,4.229458332061768,1782916995.6897204
665600,5.934548377990723,1782917001.8618658
665700,4.643904685974121,1782917007.896036
665800,5.881120204925537,1782917014.174176
665900,4.900638580322266,1782917020.2990282
666000,5.069338798522949,1782917026.9735606
666100,5.489510536193848,1782917033.496655
666200,5.245141506195068,1782917040.0544057
666300,6.3060712814331055,1782917046.6971993
666400,5.6161675453186035,1782917053.3768406
666500,4.442760944366455,1782917060.1517432
666600,4.88558292388916,1782917066.6845114
666700,4.664192199707031,1782917073.242158
666800,7.188087463378906,1782917079.8081775
666900,4.981446743011475,1782917086.4242303
667000,5.948886871337891,1782917093.2167957
667100,3.867697238922119,1782917099.883602
667200,6.680900573730469,1782917106.511587
667300,4.225984573364258,1782917113.2127645
667400,5.647144317626953,1782917119.6267354
667500,6.979452610015869,1782917126.137165
667600,4.963050842285156,1782917132.8341985
667700,5.336519241333008,1782917139.4143791
667800,4.573460102081299,1782917145.7850208
667900,4.99771785736084,1782917152.2474256
668000,5.870461463928223,1782917158.9986694
668100,3.8631138801574707,1782917165.2524035
668200,4.672996520996094,1782917171.312579
668300,4.703916549682617,1782917177.428207
668400,5.0654215812683105,1782917183.4494274
668500,6.037045001983643,1782917189.7438867
668600,5.212861061096191,1782917195.7828374
668700,5.824678421020508,1782917202.0863924
668800,6.220039367675781,1782917208.1380737
668900,5.503954887390137,1782917214.4906254
669000,4.40808629989624,1782917220.6199727
669100,4.961444854736328,1782917226.883975
669200,4.292101860046387,1782917233.0516777
669300,4.415491580963135,1782917239.0491295
669400,4.270008563995361,1782917245.0274541
669500,4.035900115966797,1782917251.3057635
669600,5.87578010559082,1782917257.688394
669700,6.1726274490356445,1782917263.8537657
669800,8.701034545898438,1782917270.18189
669900,4.398536682128906,1782917276.3143063
670000,4.959239482879639,1782917282.4626691
670100,3.5347445011138916,1782917288.6875064
670200,5.026569366455078,1782917294.6583128
670300,4.631197929382324,1782917300.7162519
670400,4.302057266235352,1782917306.9625363
670500,6.243987083435059,1782917312.8535233
670600,4.820671081542969,1782917319.0547442
670700,6.107873916625977,1782917324.9154003
670800,4.6985979080200195,1782917330.7960222
670900,4.9535417556762695,1782917336.7592452
671000,5.075411796569824,1782917342.8316438
671100,4.790316104888916,1782917348.6972277
671200,5.67336893081665,1782917354.7038426
671300,5.412448883056641,1782917360.8010545
671400,5.60137939453125,1782917367.214671
671500,5.756506443023682,1782917373.3657398
671600,6.141096591949463,1782917379.3039393
671700,3.9218804836273193,1782917385.6174088
671800,4.860387802124023,1782917391.9806774
671900,4.586730003356934,1782917398.1150568
672000,4.7669782638549805,1782917404.3033104
672100,4.320623397827148,1782917410.417923
672200,4.553216934204102,1782917416.6533322
672300,5.7708282470703125,1782917422.5381653
672400,4.778072357177734,1782917428.8483572
672500,5.307020664215088,1782917434.9364073
672600,7.390458106994629,1782917441.092288
672700,6.094939231872559,1782917447.3799405
672800,5.600516319274902,1782917453.4453433
672900,5.439629554748535,1782917459.634912
673000,6.694022178649902,1782917465.848706
673100,6.352632522583008,1782917471.9397056
673200,4.571728706359863,1782917478.139606
673300,4.206460952758789,1782917484.2451735
673400,4.041276931762695,1782917490.3690617
673500,5.3665690422058105,1782917496.4402483
673600,4.724673748016357,1782917502.6245744
673700,5.228628635406494,1782917508.7577386
673800,6.033079147338867,1782917514.767059
673900,4.178959846496582,1782917521.2506921
674000,5.012534141540527,1782917527.6309144
674100,5.002890110015869,1782917533.937164
674200,4.183342933654785,1782917540.2083142
674300,5.565877914428711,1782917546.3814464
674400,4.480542182922363,1782917552.7180088
674500,3.924947738647461,1782917559.0566506
674600,5.240634918212891,1782917565.217921
674700,6.0111589431762695,1782917571.489302
674800,5.053367614746094,1782917577.687621
674900,4.571960926055908,1782917583.813543
675000,6.133725643157959,1782917589.9650002
675100,5.455165386199951,1782917768.5043416
675200,4.589135646820068,1782917774.5860465
675300,5.704504013061523,1782917780.6562345
675400,4.918254375457764,1782917786.7610567
675500,3.9369678497314453,1782917792.8626015
675600,4.92594051361084,1782917799.306996
675700,5.979884147644043,1782917805.4862552
675800,3.3959779739379883,1782917811.562897
675900,4.739287376403809,1782917817.7760494
676000,5.022317409515381,1782917824.0229232
676100,4.445996284484863,1782917830.121191
676200,4.782113075256348,1782917836.395794
676300,5.30154275894165,1782917842.434013
676400,4.637324810028076,1782917848.6173625
676500,5.565548896789551,1782917854.8997476
676600,3.8807849884033203,1782917861.1414447
676700,4.588858604431152,1782917867.051033
676800,3.221696138381958,1782917873.219523
676900,4.45379638671875,1782917879.6355853
677000,4.910006523132324,1782917885.7151086
677100,4.078697204589844,1782917891.9535165
677200,3.556382179260254,1782917898.1914887
677300,4.236629009246826,1782917904.5340889
677400,5.593847751617432,1782917910.6607432
677500,4.956556797027588,1782917916.7511532
677600,5.796694755554199,1782917922.7820103
677700,4.315119743347168,1782917929.0732698
677800,6.910789966583252,1782917935.1549911
677900,4.280800819396973,1782917941.3857925
678000,5.802750587463379,1782917947.3486826
678100,4.560305595397949,1782917953.430788
678200,5.14544677734375,1782917959.5548995
678300,5.215274333953857,1782917965.5564537
678400,4.277843475341797,1782917971.5719838
678500,5.043837547302246,1782917977.7075038
678600,4.747805595397949,1782917983.6721978
678700,4.168498992919922,1782917989.8111267
678800,4.926589012145996,1782917995.7867439
678900,5.041585445404053,1782918002.0422244
679000,4.926291465759277,1782918008.2367117
679100,5.760146141052246,1782918014.5065067
679200,4.461674213409424,1782918020.690177
679300,4.723080635070801,1782918026.8717604
679400,4.494523048400879,1782918032.8884683
679500,4.129324436187744,1782918039.0373406
679600,3.5977392196655273,1782918045.1024313
679700,3.229379653930664,1782918051.2194276
679800,4.069594383239746,1782918057.4616325
679900,4.866421222686768,1782918063.6918638
680000,5.620234966278076,1782918069.7841475
680100,4.850982189178467,1782918075.8347242
680200,5.4192399978637695,1782918081.8488116
680300,4.851517200469971,1782918087.8305178
680400,5.613832950592041,1782918093.921358
680500,3.960529088973999,1782918099.8430364
680600,5.1506733894348145,1782918105.9662228
680700,5.389590740203857,1782918111.8356898
680800,5.255695343017578,1782918117.7141263
680900,5.457711219787598,1782918123.8023498
681000,6.257693290710449,1782918129.8430192
681100,6.2932939529418945,1782918135.9179063
681200,5.413746356964111,1782918141.9791217
681300,4.247293949127197,1782918148.075297
681400,4.696584701538086,1782918154.3051333
681500,4.775014877319336,1782918160.1005387
681600,5.929714679718018,1782918166.391894
681700,6.124129295349121,1782918172.5426404
681800,4.462555885314941,1782918178.8351192
681900,4.351210117340088,1782918184.8205605
682000,3.8194637298583984,1782918191.0723367
682100,5.997746467590332,1782918197.0460887
682200,3.8280088901519775,1782918203.3075128
682300,6.401407241821289,1782918209.3510005
682400,4.91895055770874,1782918215.836562
682500,3.578841209411621,1782918222.0852768
682600,4.560115814208984,1782918228.2001357
682700,4.305997371673584,1782918234.3739724
682800,3.3958210945129395,1782918240.2906728
682900,4.18358039855957,1782918246.46062
683000,5.759294033050537,1782918252.4076912
683100,4.280003547668457,1782918258.3957593
683200,4.3798980712890625,1782918264.405657
683300,4.793906211853027,1782918270.28737
683400,3.8510351181030273,1782918276.2956185
683500,3.6054558753967285,1782918282.4685779
683600,7.0285491943359375,1782918288.4225147
683700,4.778156757354736,1782918294.3288848
683800,5.839872360229492,1782918300.4037342
683900,4.794691562652588,1782918306.4260614
684000,5.460915565490723,1782918312.4489543
684100,5.265592575073242,1782918318.6627018
684200,7.786443710327148,1782918324.8485982
684300,5.4491705894470215,1782918330.8871007
684400,4.917041778564453,1782918337.3166656
684500,5.720441818237305,1782918343.3584573
684600,4.519759178161621,1782918349.3404982
684700,4.278879165649414,1782918355.4671545
684800,4.679164886474609,1782918361.8281167
684900,4.7178568840026855,1782918367.866773
685000,4.273629665374756,1782918374.1957257
685100,5.065376281738281,1782918380.3793077
685200,5.057699203491211,1782918386.518216
685300,5.399899482727051,1782918392.5934415
685400,5.761544227600098,1782918398.868551
685500,6.347409248352051,1782918405.1934562
685600,5.428286552429199,1782918411.4310162
685700,6.111712455749512,1782918417.872615
685800,4.966839790344238,1782918424.0158796
685900,5.28026008605957,1782918430.4451237
686000,5.141926288604736,1782918436.7719603
686100,5.631307601928711,1782918443.1889744
686200,4.889716148376465,1782918449.414987
686300,8.778651237487793,1782918455.7014096
686400,3.854506492614746,1782918461.8932762
686500,4.570765972137451,1782918468.2148526
686600,6.548186302185059,1782918474.3401597
686700,6.755672454833984,1782918480.579444
686800,5.592926979064941,1782918486.819443
686900,5.610881328582764,1782918493.1268306
687000,5.347303867340088,1782918499.3116176
687100,5.918423652648926,1782918505.433257
687200,4.46399450302124,1782918511.6815727
687300,5.778697967529297,1782918517.9986265
687400,8.184852600097656,1782918524.1341524
687500,4.68507194519043,1782918530.1216836
687600,4.682346820831299,1782918536.329923
687700,4.939714431762695,1782918542.5640166
687800,6.286808967590332,1782918548.4388332
687900,6.9566497802734375,1782918554.3920078
688000,5.519000053405762,1782918560.77895
688100,5.088977813720703,1782918566.8404455
688200,4.173994064331055,1782918572.9551415
688300,6.464550495147705,1782918579.1507404
688400,5.6311445236206055,1782918585.3024304
688500,3.9891185760498047,1782918591.5505636
688600,4.9663543701171875,1782918597.571746
688700,4.5265936851501465,1782918603.9796302
688800,5.261256217956543,1782918610.1187487
688900,4.9715375900268555,1782918616.385066
689000,4.841570854187012,1782918622.295628
689100,5.335151672363281,1782918628.6830788
689200,4.949396133422852,1782918634.8331935
689300,5.492696762084961,1782918641.0730534
689400,5.19675874710083,1782918647.014897
689500,5.322775840759277,1782918653.2977633
689600,4.457388877868652,1782918659.5339582
689700,4.763371467590332,1782918665.609612
689800,5.159915924072266,1782918671.8663871
689900,4.4975361824035645,1782918677.9457638
690000,5.493588447570801,1782918684.0205717
690100,4.387005805969238,1782918690.2507412
690200,5.81246280670166,1782918696.6128085
690300,5.460792064666748,1782918702.768887
690400,5.501143932342529,1782918708.8467052
690500,7.038218021392822,1782918714.9788644
690600,6.08389139175415,1782918721.1639595
690700,5.891925811767578,1782918727.460303
690800,4.295490264892578,1782918733.7442205
690900,4.433921813964844,1782918739.926574
691000,4.660256385803223,1782918746.0940583
691100,4.695674896240234,1782918752.318524
691200,4.35642147064209,1782918758.409725
691300,5.778607368469238,1782918764.3878288
691400,5.486705780029297,1782918770.711991
691500,4.144582271575928,1782918776.7080915
691600,6.829582691192627,1782918782.7308764
691700,4.026248931884766,1782918788.9407024
691800,5.228390216827393,1782918794.9817421
691900,6.152041435241699,1782918801.2601664
692000,4.589138031005859,1782918807.414207
692100,4.63646125793457,1782918813.3623512
692200,5.265087127685547,1782918819.3387306
692300,5.1148176193237305,1782918825.4414544
692400,4.219124794006348,1782918831.4694061
692500,4.793478012084961,1782918837.7182474
692600,6.012726783752441,1782918843.9720068
692700,4.356921195983887,1782918850.0882962
692800,6.085209846496582,1782918856.3614867
692900,6.670322418212891,1782918862.5105672
693000,6.90815544128418,1782918868.6567416
693100,4.296871185302734,1782918874.7154222
693200,6.2571892738342285,1782918880.9503956
693300,5.720737457275391,1782918887.0233517
693400,5.987767219543457,1782918893.256661
693500,5.956940174102783,1782918899.3454466
693600,6.509428977966309,1782918905.4958107
693700,4.610226631164551,1782918911.7066147
693800,4.468080043792725,1782918917.8508778
693900,3.859175205230713,1782918924.1284518
694000,4.77588415145874,1782918930.2978141
694100,3.444671630859375,1782918936.5001185
694200,4.334224700927734,1782918942.6409564
694300,4.984658241271973,1782918948.7482846
694400,3.861400604248047,1782918954.8575747
694500,4.7484331130981445,1782918960.9404542
694600,7.514629364013672,1782918967.196514
694700,4.917998313903809,1782918973.2572682
694800,5.951544761657715,1782918979.2346623
694900,6.539303779602051,1782918985.349111
695000,4.2139081954956055,1782918991.4155054
695100,7.681209087371826,1782918997.3794367
695200,4.057340621948242,1782919003.5631583
695300,3.752563953399658,1782919009.6907792
695400,6.846570014953613,1782919015.6187036
695500,4.395378112792969,1782919021.933228
695600,3.7139642238616943,1782919028.1053054
695700,4.474612712860107,1782919034.469698
695800,4.144957065582275,1782919040.476655
695900,5.578616619110107,1782919046.5859027
696000,5.89581298828125,1782919052.5923827
696100,5.376121520996094,1782919058.6468973
696200,5.045735836029053,1782919065.004716
696300,5.204917907714844,1782919071.2666507
696400,5.339714050292969,1782919077.331187
696500,5.249762535095215,1782919083.3713615
696600,6.250545501708984,1782919089.4055727
696700,5.426568984985352,1782919095.600169
696800,6.899325370788574,1782919101.9373415
696900,6.011717319488525,1782919107.9510221
697000,5.747522354125977,1782919114.065412
697100,4.692387580871582,1782919120.1169558
697200,5.147537708282471,1782919126.5729754
697300,4.239612579345703,1782919132.7525184
697400,5.845416069030762,1782919139.121377
697500,5.018008708953857,1782919145.3790193
697600,4.328406810760498,1782919151.4408848
697700,6.162497520446777,1782919157.717571
697800,6.593692779541016,1782919163.6650827
697900,4.887117385864258,1782919170.0930386
698000,4.972548007965088,1782919176.4118652
698100,4.63564920425415,1782919182.423135
698200,4.6042070388793945,1782919188.7483413
698300,6.055516242980957,1782919195.1404588
698400,5.558696746826172,1782919201.0762677
698500,5.3066558837890625,1782919207.2246137
698600,5.246791362762451,1782919213.473427
698700,5.452525615692139,1782919219.8086305
698800,5.608952522277832,1782919226.0195343
698900,5.360804557800293,1782919232.312136
699000,4.565169334411621,1782919238.4154403
699100,6.1826395988464355,1782919244.5681953
699200,6.082180500030518,1782919250.7248924
699300,7.362543106079102,1782919256.9666686
699400,7.533247947692871,1782919263.0539877
699500,8.184435844421387,1782919269.1979876
699600,5.0738043785095215,1782919275.3061314
699700,5.959527015686035,1782919281.434551
699800,4.451353073120117,1782919287.5866048
699900,5.480368137359619,1782919293.747506
700000,5.293877601623535,1783345544.9427166
700100,5.814520835876465,1783345703.1881266
700200,4.805873870849609,1783345709.3313308
700300,6.640406131744385,1783345715.5291193
700400,5.217560291290283,1783345721.71471
700500,5.637231826782227,1783345728.1962597
700600,7.106646537780762,1783345734.5025914
700700,7.524516582489014,1783345740.622165
700800,4.878779411315918,1783345746.7975993
700900,6.180914878845215,1783345752.934622
701000,5.3658952713012695,1783345758.950441
701100,4.90419864654541,1783345765.4000025
701200,6.404273509979248,1783345771.425708
701300,5.285083770751953,1783345777.5826302
701400,5.727366924285889,1783345783.7638419
701500,5.747132778167725,1783345790.1156151
701600,4.411489486694336,1783345796.112224
701700,5.386702060699463,1783345802.3038661
701800,5.4240875244140625,1783345808.3777375
701900,5.070000648498535,1783345814.3372223
702000,4.905336856842041,1783345820.3157587
702100,4.490377426147461,1783345826.586196
702200,4.037484169006348,1783345832.703656
702300,3.6911263465881348,1783345838.9727993
702400,3.7396135330200195,1783345845.1959872
702500,5.043972015380859,1783345851.4968731
702600,5.578798770904541,1783345857.8017654
702700,7.342456340789795,1783345864.0245595
702800,5.555593490600586,1783345870.06652
702900,5.654425621032715,1783345876.1746237
703000,5.9810471534729,1783345882.2328537
703100,6.76390266418457,1783345888.4032958
703200,8.027162551879883,1783345894.4408576
703300,7.45804500579834,1783345900.7139857
703400,5.430771350860596,1783345907.0284173
703500,7.196229934692383,1783345913.210668
703600,9.225225448608398,1783345919.3744838
703700,6.416037559509277,1783345925.6601737
703800,6.134494781494141,1783345931.8005366
703900,7.447814464569092,1783345938.0034318
704000,5.986531734466553,1783345944.0743153
704100,8.07158374786377,1783345950.4752471
704200,6.430904865264893,1783345956.5113776
704300,7.322903156280518,1783345962.6171532
704400,6.4352288246154785,1783345968.8422844
704500,5.062819957733154,1783345974.8634417
704600,5.42029333114624,1783345980.8875592
704700,4.846940040588379,1783345987.0906649
704800,5.306611061096191,1783345993.202989
704900,5.96625280380249,1783345999.4558158
705000,5.729643821716309,1783346005.7798831
705100,6.099879264831543,1783346012.140689
705200,5.648748397827148,1783346018.4571753
705300,4.685336589813232,1783346024.7448401
705400,4.923642158508301,1783346030.8144283
705500,4.531214714050293,1783346036.957431
705600,4.890312194824219,1783346043.2871783
705700,6.515383243560791,1783346049.4331124
705800,6.311313152313232,1783346055.5191345
705900,4.017203330993652,1783346061.5908105
706000,5.808928489685059,1783346067.7554834
706100,8.669636726379395,1783346073.9794595
706200,6.94777774810791,1783346080.4324536
706300,9.01159381866455,1783346086.5918362
706400,5.729839324951172,1783346092.8441577
706500,6.399875164031982,1783346098.8840635
706600,4.537012100219727,1783346105.2598505
706700,6.733724117279053,1783346111.431429
706800,5.804527282714844,1783346117.5336688
706900,8.36716365814209,1783346123.6507828
707000,5.74732780456543,1783346129.7551851
707100,5.874045372009277,1783346135.9347718
707200,4.297032356262207,1783346142.331353
707300,5.879314422607422,1783346148.7882574
707400,4.968938827514648,1783346155.2192438
707500,5.952633857727051,1783346161.6922276
707600,5.194732666015625,1783346167.9954185
707700,6.705239295959473,1783346174.1609554
707800,5.2182111740112305,1783346180.3992825
707900,7.121460914611816,1783346186.5479417
708000,4.4505205154418945,1783346192.8993087
708100,8.361398696899414,1783346199.265695
708200,4.594112396240234,1783346205.3721945
708300,6.0512495040893555,1783346211.4805794
708400,5.623155117034912,1783346217.6561875
708500,7.021393775939941,1783346223.8077824
708600,5.711989402770996,1783346229.8950572
708700,7.685135364532471,1783346236.1230903
708800,6.357213497161865,1783346242.1430542
708900,6.238144874572754,1783346248.3211384
709000,8.157831192016602,1783346254.652389
709100,6.476017951965332,1783346260.997833
709200,4.166820049285889,1783346267.2859125
709300,5.674047470092773,1783346273.3799155
709400,5.527719497680664,1783346279.8505208
709500,5.448331832885742,1783346286.1906886
709600,5.8198065757751465,1783346292.2822049
709700,6.266021728515625,1783346298.454275
709800,6.9426422119140625,1783346304.7594676
709900,5.971188545227051,1783346310.833611
710000,8.459646224975586,1783346316.9204922
710100,5.533012866973877,1783346323.0973387
710200,5.942923545837402,1783346329.0574503
710300,5.315563201904297,1783346335.0671787
710400,4.294496536254883,1783346341.065228
710500,5.760465621948242,1783346347.211887
710600,5.403595447540283,1783346353.269985
710700,4.914878845214844,1783346359.345865
710800,5.016303062438965,1783346365.579938
710900,5.242393493652344,1783346371.6211042
711000,5.36199426651001,1783346378.030441
711100,5.494688034057617,1783346384.3287985
711200,3.882526397705078,1783346390.538158
711300,6.531162261962891,1783346396.6584508
711400,6.297400951385498,1783346402.8834972
711500,5.293169975280762,1783346409.024909
711600,5.923993110656738,1783346415.2318408
711700,4.711160659790039,1783346421.7017968
711800,7.0261945724487305,1783346427.7900822
711900,6.023748397827148,1783346433.9901695
712000,4.806852340698242,1783346440.210277
712100,5.517987251281738,1783346446.388407
712200,8.624988555908203,1783346452.5575287
712300,6.296265125274658,1783346458.831593
712400,4.835309982299805,1783346465.0415585
712500,5.661314010620117,1783346471.157486
712600,6.798301696777344,1783346477.2580945
712700,5.700280666351318,1783346483.5141106
712800,5.46198034286499,1783346489.810404
712900,5.044333457946777,1783346496.1684816
713000,5.949474811553955,1783346502.352751
713100,4.743700981140137,1783346508.7283356
713200,6.740047931671143,1783346514.7739854
713300,4.868505477905273,1783346521.0918658
713400,5.401654243469238,1783346527.3586411
713500,5.699010848999023,1783346533.653813
713600,5.309499740600586,1783346539.8564484
713700,4.115293979644775,1783346545.9476361
713800,5.506758689880371,1783346552.3255022
713900,7.7493085861206055,1783346558.4463859
714000,5.006860733032227,1783346564.6827645
714100,5.292215347290039,1783346570.679418
714200,6.679598808288574,1783346576.806942
714300,6.359618186950684,1783346582.930902
714400,6.328563690185547,1783346589.1199539
714500,6.516717910766602,1783346595.4210863
714600,4.7465620040893555,1783346601.6209624
714700,5.730769157409668,1783346607.640872
714800,4.909350395202637,1783346613.993863
714900,5.818295955657959,1783346620.0862348
715000,6.733535289764404,1783346626.1684046
715100,6.203489780426025,1783346632.2372959
715200,5.340079307556152,1783346638.0898433
715300,4.01956844329834,1783346644.2477682
715400,6.042728424072266,1783346650.3906786
715500,4.106541633605957,1783346656.6822944
715600,7.352473258972168,1783346662.8515003
715700,5.208380699157715,1783346669.2142227
715800,3.568652391433716,1783346675.318304
715900,4.452393531799316,1783346681.5384433
716000,5.563680171966553,1783346687.8793106
716100,3.9598135948181152,1783346694.1412368
716200,4.3402557373046875,1783346700.3236587
716300,4.573042392730713,1783346706.5679724
716400,6.452099800109863,1783346712.5331614
716500,4.298578262329102,1783346718.7338915
716600,4.409960746765137,1783346725.0224752
716700,4.106293678283691,1783346731.123558
716800,4.234135150909424,1783346737.2887053
716900,4.053455352783203,1783346743.3052647
717000,7.506896018981934,1783346749.432867
717100,4.611635208129883,1783346755.5480273
717200,5.721574783325195,1783346761.9604127
717300,4.693272590637207,1783346768.1468408
717400,5.170778274536133,1783346774.3488684
717500,5.874256134033203,1783346780.4368985
717600,4.590761184692383,1783346786.6076605
717700,4.6990647315979,1783346792.9722657
717800,6.3044819831848145,1783346799.2141078
717900,5.378725528717041,1783346805.565263
718000,6.637869834899902,1783346811.8295264
718100,5.955806732177734,1783346817.9417067
718200,6.94835090637207,1783346823.7282746
718300,6.235276222229004,1783346829.8809404
718400,4.999129295349121,1783346836.125314
718500,4.122024059295654,1783346842.3325355
718600,7.652846336364746,1783346848.5325742
718700,4.625347137451172,1783346854.6088228
718800,5.7090606689453125,1783346860.8324444
718900,4.661017417907715,1783346866.9712453
719000,4.365160942077637,1783346873.1340518
719100,6.299961566925049,1783346879.1627202
719200,6.368586540222168,1783346885.670918
719300,4.280107021331787,1783346891.752393
719400,6.521015167236328,1783346897.9172053
719500,3.715385913848877,1783346904.156862
719600,3.6532955169677734,1783346910.388088
719700,5.515851974487305,1783346916.6968153
719800,6.822807312011719,1783346923.0177798
719900,6.88506555557251,1783346929.115587
720000,4.932648658752441,1783346935.3889167
720100,5.590587139129639,1783346941.5894756
720200,4.104098320007324,1783346947.935438
720300,4.283217430114746,1783346954.0998738
720400,4.08903169631958,1783346960.3466015
720500,4.971662998199463,1783346966.4773083
720600,5.17025899887085,1783346972.5848787
720700,4.3369293212890625,1783346978.6202095
720800,5.666840553283691,1783346984.9017012
720900,4.905758857727051,1783346991.0706084
721000,5.299868583679199,1783346997.0682237
721100,4.611608982086182,1783347003.08067
721200,5.67496395111084,1783347009.2518084
721300,5.760186195373535,1783347015.2982576
721400,4.3516998291015625,1783347021.2927713
721500,4.403979301452637,1783347027.4405377
721600,9.464112281799316,1783347033.3675945
721700,7.665036201477051,1783347039.5882711
721800,5.130360126495361,1783347045.596853
721900,5.16072940826416,1783347051.915619
722000,5.577277183532715,1783347058.025212
722100,6.051977157592773,1783347064.3003087
722200,4.4268293380737305,1783347070.5123587
722300,5.092578887939453,1783347076.6614594
722400,4.902576446533203,1783347083.0055606
722500,7.085320472717285,1783347089.2346215
722600,6.2264909744262695,1783347095.31413
722700,5.266292572021484,1783347101.3555589
722800,5.886730194091797,1783347107.435999
722900,4.115618705749512,1783347113.7024617
723000,5.60693883895874,1783347120.0525155
723100,3.8574023246765137,1783347126.282708
723200,5.525662422180176,1783347132.425051
723300,5.832060813903809,1783347138.5460553
723400,4.133756637573242,1783347144.724385
723500,6.5364532470703125,1783347150.9911525
723600,5.5044026374816895,1783347157.1320717
723700,4.873717308044434,1783347163.4323282
723800,6.952630996704102,1783347169.7668633
723900,6.0613813400268555,1783347176.0430582
724000,6.464460849761963,1783347182.3077974
724100,5.5291032791137695,1783347188.5889466
724200,5.009679317474365,1783347194.658847
724300,5.314946174621582,1783347201.0402558
724400,5.922425270080566,1783347207.1573434
724500,8.60486125946045,1783347213.3022673
724600,5.9310302734375,1783347219.4729066
724700,6.747317314147949,1783347225.755173
724800,5.6372575759887695,1783347231.836264
724900,4.751519203186035,1783347238.3021991
725000,4.411025047302246,1783347244.7253702
725100,5.489702224731445,1783347401.90875
725200,3.9012601375579834,1783347408.001305
725300,3.995335578918457,1783347414.046036
725400,5.78662109375,1783347420.432944
725500,5.079523086547852,1783347426.5949738
725600,5.0105133056640625,1783347432.8114038
725700,7.598161220550537,1783347439.1238818
725800,5.36883020401001,1783347445.2443175
725900,5.532528877258301,1783347451.444254
726000,4.924162864685059,1783347457.5953364
726100,5.837898254394531,1783347463.8942173
726200,6.519745826721191,1783347470.3720884
726300,5.361637115478516,1783347476.4819407
726400,5.851337432861328,1783347482.7172375
726500,5.4550018310546875,1783347488.8995059
726600,4.595375061035156,1783347495.2242439
726700,6.186437606811523,1783347501.4902678
726800,4.677098274230957,1783347507.9157264
726900,5.2683796882629395,1783347514.0026164
727000,5.046637058258057,1783347520.3232665
727100,4.709033012390137,1783347526.3897781
727200,5.583805561065674,1783347532.7468705
727300,3.855597734451294,1783347539.09373
727400,3.8424980640411377,1783347545.220468
727500,5.856263637542725,1783347551.494784
727600,4.271053314208984,1783347557.701237
727700,4.492894649505615,1783347563.9246788
727800,4.484399795532227,1783347570.0219414
727900,7.065290451049805,1783347576.331664
728000,4.579980850219727,1783347582.4981108
728100,4.801727771759033,1783347588.6419277
728200,4.966527938842773,1783347594.858291
728300,5.368267059326172,1783347601.148079
728400,9.397588729858398,1783347607.3336453
728500,6.1151628494262695,1783347613.608857
728600,5.803155899047852,1783347619.7986753
728700,5.138062477111816,1783347626.1084754
728800,4.715763568878174,1783347632.6316278
728900,5.050437927246094,1783347638.9198067
729000,6.195152759552002,1783347644.9850614
729100,5.980656623840332,1783347651.2230775
729200,5.912312984466553,1783347657.2859852
729300,4.6979827880859375,1783347663.6731293
729400,4.138808727264404,1783347669.7546027
729500,3.514920473098755,1783347675.8946955
729600,4.109493732452393,1783347682.0833068
729700,4.278212070465088,1783347688.48595
729800,6.246370792388916,1783347694.7579796
729900,6.093113899230957,1783347700.9031253
730000,6.203371047973633,1783347706.9293103
730100,7.318946838378906,1783347713.2036386
730200,5.053966045379639,1783347719.3086357
730300,4.687223434448242,1783347725.710533
730400,4.705828666687012,1783347731.7339072
730500,7.008223056793213,1783347737.8045506
730600,7.634613990783691,1783347744.2354753
730700,6.259011268615723,1783347750.3742073
730800,4.73203182220459,1783347756.6389065
730900,4.851369380950928,1783347762.6669545
731000,4.955660343170166,1783347768.6886895
731100,4.596721649169922,1783347774.8230758
731200,4.167159557342529,1783347781.0847752
731300,5.541277885437012,1783347787.157276
731400,5.695898056030273,1783347793.2919867
731500,5.543964385986328,1783347799.7235525
731600,4.7559685707092285,1783347805.9790072
731700,3.8491241931915283,1783347812.1457894
731800,6.5298357009887695,1783347818.7918093
731900,5.645998477935791,1783347825.0918953
732000,5.980241775512695,1783347831.2043746
732100,4.878181457519531,1783347837.5415707
732200,5.725222587585449,1783347843.7535963
732300,7.12775993347168,1783347849.4875104
732400,7.30273962020874,1783347855.718703
732500,4.497156143188477,1783347861.4375865
732600,4.976611614227295,1783347867.1795576
732700,3.929011344909668,1783347873.5194328
732800,4.435883522033691,1783347879.7492738
732900,4.264244079589844,1783347885.6969125
733000,4.2057600021362305,1783347891.8957317
733100,3.9042508602142334,1783347897.9347916
733200,4.033374786376953,1783347903.9913661
733300,9.240737915039062,1783347910.0337493
733400,7.252054214477539,1783347916.0454347
733500,6.190771102905273,1783347922.17298
733600,5.9857096672058105,1783347928.0889916
733700,4.103297710418701,1783347934.0310042
733800,6.489371299743652,1783347940.1219814
733900,5.760456562042236,1783347946.3094773
734000,5.421433925628662,1783347952.0814533
734100,5.098761558532715,1783347958.300325
734200,5.566652774810791,1783347964.6661172
734300,5.33635139465332,1783347970.7491395
734400,5.102604866027832,1783347976.775807
734500,11.05142879486084,1783347982.8710449
734600,6.442909240722656,1783347988.901873
734700,7.424168586730957,1783347994.9882195
734800,5.043178081512451,1783348001.3224227
734900,7.12599515914917,1783348007.3917105
735000,5.185016632080078,1783348013.601521
735100,4.793169975280762,1783348019.610799
735200,5.261058807373047,1783348025.6093264
735300,5.485597133636475,1783348031.7724538
735400,7.572786808013916,1783348037.9725435
735500,5.175217151641846,1783348044.2402914
735600,7.3780293464660645,1783348050.6516452
735700,6.838397026062012,1783348056.7336006
735800,3.677792549133301,1783348062.9445715
735900,5.72622537612915,1783348068.981145
736000,5.578108787536621,1783348075.1592326
736100,6.16740608215332,1783348081.3552728
736200,7.63568639755249,1783348087.3402376
736300,7.504877090454102,1783348093.547231
736400,6.565334320068359,1783348099.6455414
736500,5.8446855545043945,1783348105.9204512
736600,6.169051170349121,1783348111.882831
736700,6.438630104064941,1783348117.949746
736800,6.090500354766846,1783348124.1237478
736900,7.723104000091553,1783348130.3869655
737000,8.80044937133789,1783348136.3406825
737100,5.543407917022705,1783348142.4732566
737200,9.593109130859375,1783348148.612087
737300,6.952637195587158,1783348154.7458262
737400,6.985295295715332,1783348160.8783922
737500,8.28359603881836,1783348167.1956947
737600,5.092410564422607,1783348173.5226438
737700,6.222060203552246,1783348179.6365461
737800,6.5503315925598145,1783348185.7179494
737900,7.185410499572754,1783348191.7420187
738000,5.35402774810791,1783348198.1253757
738100,6.846624374389648,1783348204.2517047
738200,5.023770332336426,1783348210.306842
738300,6.565588474273682,1783348216.666139
738400,5.825634956359863,1783348222.715455
738500,5.459320068359375,1783348228.9436135
738600,7.3006792068481445,1783348235.0049381
738700,5.276360511779785,1783348241.3532825
738800,5.961983680725098,1783348247.5879352
738900,4.885858535766602,1783348253.6525838
739000,5.62523078918457,1783348259.991104
739100,7.181772232055664,1783348266.087751
739200,5.962081432342529,1783348272.293535
739300,5.290171146392822,1783348278.490854
739400,6.124039649963379,1783348284.6989205
739500,4.767692565917969,1783348290.771664
739600,5.694865703582764,1783348296.8619993
739700,5.74979829788208,1783348303.1086762
739800,5.302909851074219,1783348309.1370633
739900,5.088028907775879,1783348315.54014
740000,4.209047317504883,1783348321.9154181
740100,5.766861915588379,1783348328.1886237
740200,6.6182332038879395,1783348334.2061913
740300,7.042924880981445,1783348340.3862016
740400,5.25187873840332,1783348346.9185386
740500,5.839120864868164,1783348353.3060327
740600,7.486754417419434,1783348359.4817166
740700,5.584434509277344,1783348365.4767203
740800,5.643022537231445,1783348371.870337
740900,6.417500972747803,1783348378.001299
741000,6.68155574798584,1783348384.4496439
741100,6.580426216125488,1783348390.5710416
741200,7.70399284362793,1783348396.7201817
741300,7.205555438995361,1783348402.7592363
741400,5.323561191558838,1783348408.9907737
741500,4.955754280090332,1783348415.34365
741600,5.598654270172119,1783348421.4610872
741700,4.674813270568848,1783348428.0371873
741800,5.843713760375977,1783348434.2484472
741900,5.059412002563477,1783348440.5301516
742000,5.12311315536499,1783348446.7570999
742100,5.251861572265625,1783348453.0475302
742200,4.992731094360352,1783348459.1246994
742300,5.1606950759887695,1783348465.4582949
742400,4.215359687805176,1783348471.5876205
742500,7.04221248626709,1783348477.5880668
742600,4.812535285949707,1783348483.6709652
742700,6.824557304382324,1783348490.035173
742800,4.930731773376465,1783348496.1352806
742900,5.7117018699646,1783348502.4795275
743000,7.411815643310547,1783348508.6998525
743100,6.8612060546875,1783348514.8923995
743200,4.6998291015625,1783348520.9023287
743300,5.671741485595703,1783348527.0018635
743400,5.589854717254639,1783348533.0020907
743500,5.208709716796875,1783348539.1423416
743600,5.236066818237305,1783348545.32179
743700,4.803621292114258,1783348551.4492166
743800,8.531635284423828,1783348557.6355155
743900,6.570734024047852,1783348563.6796887
744000,5.484947204589844,1783348570.2433786
744100,7.066129684448242,1783348576.3653336
744200,7.530412197113037,1783348582.8199916
744300,7.331086158752441,1783348589.1535492
744400,7.74879264831543,1783348595.3369787
744500,5.378547668457031,1783348601.8909276
744600,5.823271751403809,1783348608.100027
744700,11.76573657989502,1783348614.6693592
744800,5.161739349365234,1783348620.833778
744900,5.187004566192627,1783348627.07756
745000,8.408175468444824,1783348633.4017959
745100,5.904306888580322,1783348639.4575634
745200,6.4586358070373535,1783348645.7348788
745300,5.88283634185791,1783348651.896347
745400,6.438501834869385,1783348658.052613
745500,7.237893104553223,1783348664.084878
745600,7.330635070800781,1783348670.1908748
745700,4.882232189178467,1783348676.3906538
745800,4.252257347106934,1783348682.8544
745900,6.736362457275391,1783348689.1374602
746000,6.818426609039307,1783348695.1075387
746100,5.637888431549072,1783348701.1516004
746200,5.546990394592285,1783348707.4794626
746300,5.269392013549805,1783348713.5357695
746400,5.732254981994629,1783348719.6430242
746500,4.844698429107666,1783348725.877169
746600,6.754544258117676,1783348731.9332664
746700,4.512019634246826,1783348738.251724
746800,6.240998268127441,1783348744.5493727
746900,4.811841011047363,1783348750.638771
747000,8.51962661743164,1783348756.985514
747100,6.1493940353393555,1783348763.157078
747200,6.728818416595459,1783348769.3579626
747300,5.631429195404053,1783348775.3829434
747400,5.282138824462891,1783348781.486427
747500,7.232033729553223,1783348787.4050064
747600,7.470814228057861,1783348793.5789583
747700,7.180682182312012,1783348799.5073307
747800,5.509365558624268,1783348805.498462
747900,9.440601348876953,1783348811.9970145
748000,6.9031500816345215,1783348818.1386194
748100,5.9609246253967285,1783348824.4394772
748200,6.496187210083008,1783348830.564111
748300,9.181449890136719,1783348836.7371037
748400,8.146566390991211,1783348843.1962574
748500,8.338988304138184,1783348849.2396266
748600,7.238373756408691,1783348855.4190018
748700,7.954028606414795,1783348861.7453659
748800,6.084366798400879,1783348867.9602883
748900,6.238922119140625,1783348874.2206542
749000,9.759462356567383,1783348880.4038312
749100,6.682600975036621,1783348886.469884
749200,6.1469597816467285,1783348892.579395
749300,7.386347770690918,1783348898.7253063
749400,8.749113082885742,1783348904.9167888
749500,5.501275062561035,1783348911.0307775
749600,6.681577205657959,1783348917.3377745
749700,5.877953052520752,1783348923.4206977
749800,7.237311363220215,1783348929.644645
749900,5.294243812561035,1783348935.966107
750000,5.432614326477051,1783428747.0253465
750100,9.29306411743164,1783428905.5268657
750200,5.522984027862549,1783428911.3247156
750300,7.289310455322266,1783428917.1976013
750400,8.299489974975586,1783428922.949531
750500,8.239984512329102,1783428928.9381506
750600,10.887768745422363,1783428934.7889307
750700,5.96235466003418,1783428940.982977
750800,6.031244277954102,1783428946.8263934
750900,5.9089884757995605,1783428952.8573294
751000,5.107952117919922,1783428958.7308922
751100,5.234217166900635,1783428965.0142176
751200,5.98974084854126,1783428971.1663718
751300,4.881021976470947,1783428977.2024858
751400,4.9696269035339355,1783428983.47277
751500,4.6823015213012695,1783428989.8117874
751600,4.685494422912598,1783428995.9831011
751700,5.651909828186035,1783429002.073875
751800,11.551179885864258,1783429008.3503401
751900,8.024100303649902,1783429014.5321093
752000,4.95824670791626,1783429020.850764
752100,5.179708480834961,1783429027.2631314
752200,5.697357177734375,1783429033.4423752
752300,4.811330795288086,1783429039.9951563
752400,10.834522247314453,1783429046.0671306
752500,6.705753803253174,1783429052.5085144
752600,5.115208625793457,1783429058.9109704
752700,6.030440807342529,1783429065.2421565
752800,4.879250526428223,1783429071.419543
752900,5.41881799697876,1783429077.8517427
753000,6.165778160095215,1783429084.0870168
753100,5.312042236328125,1783429090.2060313
753200,4.886250972747803,1783429096.3126383
753300,6.195882797241211,1783429102.4467454
753400,6.615885257720947,1783429108.572525
753500,6.19577169418335,1783429114.8953905
753600,5.389862060546875,1783429121.252263
753700,6.513254165649414,1783429127.6010406
753800,3.7198784351348877,1783429133.9241538
753900,4.680657386779785,1783429140.0863802
754000,5.2730889320373535,1783429146.5207272
754100,5.428083419799805,1783429152.56411
754200,5.639009475708008,1783429158.846881
754300,9.030973434448242,1783429165.4651875
754400,5.337246894836426,1783429171.7048056
754500,5.382906913757324,1783429177.909456
754600,6.676800727844238,1783429184.161002
754700,5.960211753845215,1783429190.2296748
754800,5.516061782836914,1783429196.673346
754900,6.9537434577941895,1783429202.6983588
755000,6.445316314697266,1783429209.0715292
755100,6.540501117706299,1783429215.3584116
755200,6.314740180969238,1783429221.8711343
755300,5.020160675048828,1783429228.2541504
755400,5.307138442993164,1783429234.5299895
755500,5.964583396911621,1783429240.800647
755600,5.204221725463867,1783429247.219357
755700,7.0345377922058105,1783429253.4622684
755800,4.8153510093688965,1783429259.9895852
755900,5.691876411437988,1783429266.1061196
756000,5.164766311645508,1783429272.2145898
756100,8.750758171081543,1783429278.827636
756200,5.976312160491943,1783429285.1160104
756300,5.520682334899902,1783429291.3161817
756400,7.223714351654053,1783429297.5383053
756500,7.189644813537598,1783429304.2826996
756600,6.257439613342285,1783429310.426604
756700,8.848695755004883,1783429316.762115
756800,4.52497673034668,1783429322.9477718
756900,5.736098289489746,1783429329.1313195
757000,4.772932052612305,1783429335.3822637
757100,5.021604061126709,1783429341.838038
757200,5.3522443771362305,1783429348.2431388
757300,5.791845321655273,1783429354.7440054
757400,5.736388206481934,1783429360.9227686
757500,7.167949676513672,1783429367.341936
757600,5.532076835632324,1783429373.3427336
757700,7.926457405090332,1783429379.780025
757800,5.9386138916015625,1783429385.917904
757900,6.0861053466796875,1783429392.3227568
758000,9.243403434753418,1783429398.641868
758100,5.777820587158203,1783429404.6970673
758200,6.251167297363281,1783429411.1823037
758300,9.22291374206543,1783429417.485439
758400,4.967564582824707,1783429423.629481
758500,7.469755172729492,1783429430.0993986
758600,8.08932876586914,1783429436.2827535
758700,5.73790979385376,1783429442.7202623
758800,4.200308322906494,1783429449.1092746
758900,4.377534866333008,1783429455.4926617
759000,5.99872350692749,1783429461.7403326
759100,6.302322864532471,1783429467.8621633
759200,5.335479736328125,1783429474.1488929
759300,5.246402263641357,1783429480.440937
759400,8.584202766418457,1783429486.6789842
759500,4.99704122543335,1783429492.807527
759600,4.512627601623535,1783429499.0613413
759700,4.960240364074707,1783429505.2394857
759800,5.341512680053711,1783429511.5781515
759900,4.723401069641113,1783429517.8760889
760000,6.7643609046936035,1783429524.1429567
760100,5.383684158325195,1783429530.4441314
760200,6.402420997619629,1783429536.894438
760300,5.842456817626953,1783429543.353625
760400,5.464887619018555,1783429549.6829271
760500,6.691720485687256,1783429555.795433
760600,4.649838447570801,1783429562.1601753
760700,5.369799613952637,1783429568.3046548
760800,8.036914825439453,1783429574.4603765
760900,5.309953689575195,1783429580.862256
761000,6.725327491760254,1783429586.9339345
761100,6.410964012145996,1783429593.0583653
761200,6.711970329284668,1783429599.2885134
761300,7.573907375335693,1783429605.551929
761400,7.667730331420898,1783429611.835668
761500,6.616700172424316,1783429617.8547728
761600,6.401575088500977,1783429624.216827
761700,5.362622261047363,1783429630.4894316
761800,9.408729553222656,1783429636.6110394
761900,6.633292198181152,1783429642.9652638
762000,7.702305793762207,1783429649.071035
762100,6.9138712882995605,1783429655.293186
762200,5.513998031616211,1783429661.3920448
762300,6.8665771484375,1783429667.5751417
762400,8.168021202087402,1783429673.617405
762500,6.7750139236450195,1783429679.8958917
762600,6.173920154571533,1783429686.4315972
762700,6.708128452301025,1783429693.2186024
762800,9.225811004638672,1783429699.5183115
762900,9.18669319152832,1783429705.80712
763000,8.01309585571289,1783429712.1196468
763100,7.33442497253418,1783429718.4726365
763200,8.712759017944336,1783429724.54334
763300,6.912312984466553,1783429730.584731
763400,7.664668083190918,1783429736.8483295
763500,8.867258071899414,1783429743.0071156
763600,6.304503440856934,1783429749.1109364
763700,6.656620502471924,1783429755.2142987
763800,6.748500823974609,1783429761.4559479
763900,5.961175918579102,1783429767.7125804
764000,8.992986679077148,1783429773.8819776
764100,9.91490650177002,1783429780.241447
764200,9.12478256225586,1783429786.742363
764300,5.867612838745117,1783429793.0197697
764400,9.055521011352539,1783429799.4830577
764500,5.4155378341674805,1783429805.5330162
764600,5.768938064575195,1783429811.975591
764700,5.8105058670043945,1783429818.2538235
764800,7.066115379333496,1783429824.5053303
764900,7.165960311889648,1783429830.7037647
765000,8.42210865020752,1783429836.904117
765100,10.085984230041504,1783429843.1412692
765200,7.7758588790893555,1783429849.5313954
765300,5.471902370452881,1783429855.6391444
765400,6.920497894287109,1783429861.944632
765500,6.264934062957764,1783429867.968454
765600,7.324224948883057,1783429874.1891763
765700,5.491183757781982,1783429880.367053
765800,5.203485012054443,1783429886.403923
765900,5.4879655838012695,1783429892.5379255
766000,7.822287559509277,1783429898.478828
766100,7.640212059020996,1783429904.719689
766200,6.473052024841309,1783429910.7000473
766300,5.840631008148193,1783429916.9850237
766400,7.387744426727295,1783429922.9396744
766500,12.416763305664062,1783429929.307277
766600,7.37083625793457,1783429935.4705307
766700,7.144545555114746,1783429941.4955022
766800,6.777583122253418,1783429947.6841881
766900,6.288066864013672,1783429953.8753679
767000,7.7709550857543945,1783429959.982709
767100,6.983043670654297,1783429966.3199232
767200,6.5745344161987305,1783429972.301479
767300,6.330182075500488,1783429978.9095547
767400,6.259385108947754,1783429984.9205596
767500,5.638008117675781,1783429991.0404408
767600,5.69132137298584,1783429997.124181
767700,6.809898853302002,1783430003.260058
767800,8.370251655578613,1783430009.1067111
767900,4.7919111251831055,1783430015.0211914
768000,5.627312660217285,1783430021.215269
768100,5.174700736999512,1783430027.4026835
768200,5.935152053833008,1783430033.4863825
768300,5.661551475524902,1783430039.6106622
768400,5.432708263397217,1783430045.5303435
768500,6.442873001098633,1783430051.8273058
768600,5.897290229797363,1783430058.0057175
768700,5.01928186416626,1783430064.5276823
768800,7.8331475257873535,1783430071.0315702
768900,8.495153427124023,1783430077.4738119
769000,7.333647727966309,1783430084.382869
769100,6.3519110679626465,1783430090.7757666
769200,5.674415588378906,1783430097.1838117
769300,7.970944404602051,1783430103.7308147
769400,6.260987281799316,1783430110.4625766
769500,7.756440162658691,1783430117.1706448
769600,5.2533860206604,1783430123.811392
769700,6.305037498474121,1783430130.1751053
769800,5.243021011352539,1783430136.469572
769900,6.747325897216797,1783430143.3178291
770000,5.1602396965026855,1783430149.8744972
770100,8.153743743896484,1783430156.3447945
770200,4.694270133972168,1783430162.7143373
770300,6.666282653808594,1783430169.1409254
770400,5.783332347869873,1783430175.6035318
770500,7.934840202331543,1783430182.3262985
770600,5.058103084564209,1783430188.9353526
770700,4.880873203277588,1783430195.091142
770800,8.04328441619873,1783430201.3678482
770900,5.401908874511719,1783430207.8133714
771000,7.424986839294434,1783430213.9858074
771100,6.603457450866699,1783430220.24798
771200,6.432203769683838,1783430226.652371
771300,6.39273738861084,1783430233.0124168
771400,8.633819580078125,1783430239.2451298
771500,6.0102691650390625,1783430245.4660058
771600,6.03043270111084,1783430251.7050104
771700,6.126767158508301,1783430258.2314813
771800,7.871302604675293,1783430264.990371
771900,7.178956985473633,1783430271.635676
772000,6.186267852783203,1783430278.262204
772100,6.1727399826049805,1783430284.676329
772200,8.473079681396484,1783430291.359203
772300,5.440291404724121,1783430297.5892336
772400,5.726105690002441,1783430304.0986686
772500,11.74433708190918,1783430310.7866812
772600,8.379196166992188,1783430317.6254134
772700,7.892483711242676,1783430324.471642
772800,5.326047420501709,1783430330.887726
772900,8.3075532913208,1783430337.6596022
773000,4.943724155426025,1783430344.1287131
773100,5.809013366699219,1783430350.3801732
773200,4.470724105834961,1783430356.7213495
773300,5.494341850280762,1783430362.829144
773400,7.946525573730469,1783430368.9200044
773500,5.680737018585205,1783430375.2009377
773600,6.354161262512207,1783430381.7710633
773700,6.070015907287598,1783430387.7355335
773800,5.4448981285095215,1783430393.662526
773900,6.762929916381836,1783430399.9864576
774000,6.992306709289551,1783430406.502237
774100,5.539306640625,1783430412.574719
774200,5.361565113067627,1783430418.8020036
774300,7.623831272125244,1783430425.2555091
774400,9.099386215209961,1783430431.5507996
774500,8.258546829223633,1783430438.2049289
774600,8.565160751342773,1783430444.9918544
774700,9.776830673217773,1783430451.529089
774800,7.108425617218018,1783430458.3057988
774900,6.554725646972656,1783430464.8642068
775000,8.411548614501953,1783430471.2268004
775100,10.316094398498535,1783430636.2699003
775200,6.261167526245117,1783430642.345015
775300,7.7021026611328125,1783430648.5018008
775400,6.415529251098633,1783430654.7641895
775500,8.897464752197266,1783430660.952753
775600,9.051756858825684,1783430667.072077
775700,6.922379493713379,1783430673.4989562
775800,6.497686386108398,1783430679.6465883
775900,7.001267433166504,1783430686.0421662
776000,6.909295082092285,1783430692.1289666
776100,6.624424457550049,1783430698.3789876
776200,6.234922409057617,1783430704.906669
776300,6.6848978996276855,1783430711.3707533
776400,5.570146560668945,1783430717.6084971
776500,6.163904190063477,1783430723.6387835
776600,6.652525424957275,1783430729.8812494
776700,6.618520259857178,1783430736.0011115
776800,8.590240478515625,1783430742.106545
776900,5.774166584014893,1783430748.3318207
777000,5.294254302978516,1783430754.4855921
777100,4.298287868499756,1783430760.76228
777200,9.097707748413086,1783430767.1828487
777300,7.342674255371094,1783430773.0877428
777400,7.614820957183838,1783430779.0632927
777500,6.592792510986328,1783430785.332901
777600,6.321345329284668,1783430791.5412562
777700,5.981046676635742,1783430797.5910637
777800,6.957118511199951,1783430803.811727
777900,8.54551887512207,1783430809.688048
778000,7.776438236236572,1783430815.9040847
778100,6.456330299377441,1783430822.1680584
778200,5.571861267089844,1783430828.2110379
778300,5.254105567932129,1783430834.1199474
778400,8.055676460266113,1783430840.4126196
778500,7.6143317222595215,1783430846.5930126
778600,10.85190200805664,1783430852.597207
778700,8.269838333129883,1783430858.8367312
778800,9.433354377746582,1783430864.793732
778900,6.679080009460449,1783430871.099349
779000,6.631507873535156,1783430877.3166773
779100,6.673081398010254,1783430883.3575883
779200,5.993943214416504,1783430889.443269
779300,6.726079940795898,1783430895.5298996
779400,7.903132438659668,1783430901.9376028
779500,7.463714599609375,1783430908.0923889
779600,6.134708404541016,1783430914.2504086
779700,6.51860237121582,1783430920.39801
779800,5.6767144203186035,1783430926.7785509
779900,6.423357963562012,1783430933.143832
780000,6.236513614654541,1783430939.4201534
780100,5.153608798980713,1783430945.4941018
780200,6.305577278137207,1783430951.4784553
780300,6.610078811645508,1783430957.909725
780400,7.720161437988281,1783430964.331953
780500,5.655424118041992,1783430970.550196
780600,5.48010778427124,1783430976.593277
780700,8.661084175109863,1783430982.8946788
780800,5.856261253356934,1783430989.4359758
780900,6.5777997970581055,1783430995.842912
781000,5.917222023010254,1783431002.2320864
781100,5.297675132751465,1783431008.6037388
781200,5.048526763916016,1783431014.954323
781300,7.286882400512695,1783431021.0998542
781400,5.547629356384277,1783431027.4860277
781500,6.027983665466309,1783431033.7359338
781600,5.603810787200928,1783431040.0350199
781700,5.320025444030762,1783431046.241601
781800,5.353475093841553,1783431052.4832325
781900,5.2722578048706055,1783431059.0085573
782000,8.093561172485352,1783431064.9322686
782100,5.225042819976807,1783431071.1577137
782200,5.985466003417969,1783431077.4999738
782300,4.441985130310059,1783431083.7965386
782400,5.365805149078369,1783431090.2922363
782500,6.188342094421387,1783431096.7504992
782600,7.9056291580200195,1783431103.0187695
782700,5.066535949707031,1783431109.4594908
782800,5.159264087677002,1783431116.3013027
782900,4.666195869445801,1783431122.3533096
783000,4.901320457458496,1783431128.4175155
783100,6.607281684875488,1783431134.5910504
783200,6.983184814453125,1783431140.8615725
783300,7.557292938232422,1783431147.3224022
783400,5.524899482727051,1783431153.2427223
783500,5.635403633117676,1783431159.250461
783600,6.214801788330078,1783431165.2311716
783700,6.547698020935059,1783431171.475007
783800,5.829718589782715,1783431177.5523212
783900,7.142400741577148,1783431183.7025142
784000,6.799725532531738,1783431190.1586385
784100,5.7131476402282715,1783431196.2406743
784200,5.197229862213135,1783431202.2041636
784300,5.442726135253906,1783431208.267956
784400,6.795218467712402,1783431214.509899
784500,9.375232696533203,1783431220.6682014
784600,6.064299583435059,1783431226.7733874
784700,6.058953285217285,1783431232.958228
784800,8.179630279541016,1783431239.169833
784900,8.059005737304688,1783431245.4744098
785000,6.981681823730469,1783431251.774266
785100,6.57212495803833,1783431258.1059198
785200,9.169523239135742,1783431264.4016025
785300,6.9101667404174805,1783431270.6561415
785400,6.3141937255859375,1783431277.0461407
785500,5.266084671020508,1783431283.1592
785600,7.4564313888549805,1783431289.503416
785700,6.175732612609863,1783431295.745084
785800,9.291692733764648,1783431301.7824247
785900,12.557415008544922,1783431308.0230632
786000,6.238409042358398,1783431314.2048154
786100,8.336770057678223,1783431320.5063522
786200,6.37776517868042,1783431326.773302
786300,6.674657821655273,1783431332.9510722
786400,6.157246112823486,1783431339.0967314
786500,7.664920806884766,1783431345.233433
786600,9.073675155639648,1783431351.2863452
786700,7.361759185791016,1783431357.45455
786800,7.948551177978516,1783431363.6870706
786900,6.773499488830566,1783431369.9615986
787000,8.248470306396484,1783431376.2329412
787100,7.416201591491699,1783431382.4562805
787200,7.320697784423828,1783431388.5693486
787300,5.656442165374756,1783431394.712977
787400,5.738306045532227,1783431400.7860312
787500,8.999217987060547,1783431406.7532895
787600,7.261316299438477,1783431413.4748063
787700,5.423027992248535,1783431419.6535783
787800,7.407086372375488,1783431425.8418138
787900,5.712962627410889,1783431431.8636289
788000,6.362936973571777,1783431438.1541774
788100,5.531055450439453,1783431444.4348357
788200,5.620582103729248,1783431450.659992
788300,5.773861885070801,1783431457.1505768
788400,5.233301162719727,1783431463.1346264
788500,5.874582290649414,1783431469.3708146
788600,7.561175346374512,1783431475.4813428
788700,6.615047454833984,1783431481.6839836
788800,5.901494979858398,1783431487.7935407
788900,6.618746757507324,1783431494.1361206
789000,5.920249938964844,1783431500.1748352
789100,5.850414752960205,1783431506.4207282
789200,6.542537212371826,1783431512.8123827
789300,6.428494930267334,1783431518.9467874
789400,6.268699645996094,1783431525.192366
789500,6.790995121002197,1783431531.3480437
789600,5.979866027832031,1783431537.5283492
789700,5.068900108337402,1783431543.8998826
789800,7.235255241394043,1783431550.072709
789900,7.5661773681640625,1783431556.1823034
790000,9.759721755981445,1783431562.3200412
790100,5.8475341796875,1783431568.427095
790200,6.885998725891113,1783431574.8476875
790300,8.331246376037598,1783431581.0809944
790400,6.728728294372559,1783431587.435603
790500,7.6796770095825195,1783431593.6038806
790600,5.73259162902832,1783431599.5974824
790700,5.247934341430664,1783431605.842575
790800,6.402153968811035,1783431611.8414268
790900,8.871675491333008,1783431618.2243412
791000,8.637489318847656,1783431624.4471414
791100,6.395420551300049,1783431630.7689202
791200,5.750233173370361,1783431637.0760174
791300,4.828058242797852,1783431643.2193124
791400,5.595790386199951,1783431649.11274
791500,6.368404865264893,1783431655.2818222
791600,5.86149263381958,1783431661.5839179
791700,5.515500545501709,1783431667.641835
791800,7.109642028808594,1783431673.919908
791900,5.881547927856445,1783431680.0605843
792000,5.821605205535889,1783431685.9899232
792100,6.597418308258057,1783431692.2326672
792200,6.802218914031982,1783431698.2927215
792300,7.962490558624268,1783431704.4341
792400,5.393831253051758,1783431710.8083837
792500,11.102413177490234,1783431716.9022264
792600,6.795782089233398,1783431723.2254584
792700,6.444804668426514,1783431729.2996147
792800,5.455948352813721,1783431735.5512674
792900,7.058767795562744,1783431741.5207996
793000,5.12595272064209,1783431747.5998147
793100,4.910096168518066,1783431753.7764654
793200,8.774227142333984,1783431760.0283651
793300,8.36077880859375,1783431766.115624
793400,7.028095245361328,1783431772.4998112
793500,5.997522354125977,1783431778.5851686
793600,6.561403751373291,1783431784.9145598
793700,5.869811534881592,1783431791.0780823
793800,6.015174388885498,1783431797.2576392
793900,5.1389665603637695,1783431803.6627667
794000,7.543178558349609,1783431810.150615
794100,5.113651752471924,1783431816.5815196
794200,5.706197738647461,1783431822.631524
794300,8.411231994628906,1783431828.8149724
794400,6.594682216644287,1783431835.1610773
794500,5.308624267578125,1783431841.2800872
794600,6.957513809204102,1783431847.5973835
794700,7.531805038452148,1783431853.8515763
794800,6.31891393661499,1783431859.967301
794900,6.933965682983398,1783431866.4113507
795000,5.439236640930176,1783431872.6926053
795100,11.334993362426758,1783431878.8347595
795200,10.057425498962402,1783431885.0520842
795300,8.140190124511719,1783431891.199535
795400,6.182955265045166,1783431897.4609284
795500,6.005222797393799,1783431903.935801
795600,6.438344955444336,1783431910.2579055
795700,5.305239200592041,1783431916.269099
795800,9.97864818572998,1783431922.374759
795900,6.558509826660156,1783431928.5941932
796000,6.438361644744873,1783431934.7187648
796100,8.61485767364502,1783431940.9747827
796200,10.409799575805664,1783431947.1951694
796300,6.338186264038086,1783431953.3467777
796400,5.301416397094727,1783431959.8083575
796500,5.457995891571045,1783431966.0192924
796600,5.678128242492676,1783431972.39288
796700,9.240072250366211,1783431978.691981
796800,5.593889236450195,1783431984.8095345
796900,5.818822383880615,1783431991.1986616
797000,9.632734298706055,1783431997.5343935
797100,8.072239875793457,1783432003.9598413
797200,6.065586566925049,1783432010.318371
797300,11.966415405273438,1783432016.778912
797400,6.366179466247559,1783432022.8438368
797500,6.365039825439453,1783432028.919495
797600,6.7704925537109375,1783432035.3583612
797700,6.6240234375,1783432041.3442595
797800,8.09969711303711,1783432047.7555785
797900,6.8181071281433105,1783432053.8080745
798000,7.233262062072754,1783432060.0085237
798100,7.368684768676758,1783432066.2138946
798200,5.48773193359375,1783432072.29799
798300,10.913496971130371,1783432078.5303247
798400,6.527614593505859,1783432084.6293454
798500,8.10222053527832,1783432090.8787427
798600,5.860434532165527,1783432097.1827445
798700,6.321352958679199,1783432103.2674289
798800,5.897405624389648,1783432109.5439823
798900,6.86030387878418,1783432115.8919554
799000,5.201545715332031,1783432122.1820488
799100,6.124637603759766,1783432128.5941584
799200,6.803122520446777,1783432134.8193324
799300,6.60092830657959,1783432141.1249382
799400,8.124195098876953,1783432147.211823
799500,6.963770866394043,1783432153.6431916
799600,5.932493209838867,1783432159.9380517
799700,8.614635467529297,1783432166.4313717
799800,6.510835647583008,1783432172.5170965
799900,7.038621425628662,1783432179.043988
800000,5.259521484375,1783432185.192364
800100,7.899289131164551,1783432350.888671
800200,5.202071189880371,1783432357.2208183
800300,4.304172039031982,1783432363.4035017
800400,8.624366760253906,1783432369.460734
800500,5.21999979019165,1783432375.5472643
800600,8.05663013458252,1783432381.8762834
800700,5.698755741119385,1783432387.9917617
800800,8.718171119689941,1783432394.216333
800900,5.314003944396973,1783432400.602185
801000,6.292914390563965,1783432406.9143558
801100,8.813712120056152,1783432413.05275
801200,5.910385608673096,1783432419.2301245
801300,7.60092830657959,1783432425.3951857
801400,5.825178146362305,1783432431.5812414
801500,5.0765461921691895,1783432437.84234
801600,7.447820663452148,1783432443.9898436
801700,7.625053405761719,1783432450.2724886
801800,6.702367782592773,1783432456.4624794
801900,6.7865214347839355,1783432462.8666184
802000,6.999711036682129,1783432469.0928516
802100,6.818997859954834,1783432475.347474
802200,6.118296146392822,1783432481.5306857
802300,6.830941200256348,1783432487.6508186
802400,7.012922286987305,1783432494.0450842
802500,8.309453964233398,1783432500.3477926
802600,7.79815149307251,1783432506.378853
802700,5.719693183898926,1783432512.6024961
802800,7.987772464752197,1783432518.83853
802900,7.9939775466918945,1783432525.2824533
803000,6.046987533569336,1783432531.444067
803100,5.976632118225098,1783432537.824572
803200,5.86320686340332,1783432544.297365
803300,6.011695861816406,1783432550.7523613
803400,7.463432788848877,1783432556.882578
803500,6.862654685974121,1783432563.3419569
803600,7.140657424926758,1783432569.7912545
803700,5.560029983520508,1783432576.2491074
803800,7.799839019775391,1783432582.6147847
803900,10.849294662475586,1783432589.0017943
804000,6.7479248046875,1783432595.1332908
804100,6.62943172454834,1783432601.219963
804200,7.088437080383301,1783432607.5196466
804300,7.852191925048828,1783432613.9983814
804400,5.688388347625732,1783432620.2882476
804500,5.420000076293945,1783432626.618399
804600,5.670234680175781,1783432632.8096144
804700,5.310227394104004,1783432639.1651976
804800,7.164254188537598,1783432645.712706
804900,6.301346778869629,1783432651.930055
805000,6.370319366455078,1783432658.3872788
805100,7.7346415519714355,1783432664.47606
805200,9.232980728149414,1783432670.5579026
805300,6.336559295654297,1783432676.7671397
805400,5.072486877441406,1783432682.9795842
805500,4.916297912597656,1783432689.3097322
805600,6.220463752746582,1783432695.9559042
805700,5.075053691864014,1783432701.6434445
805800,5.95578670501709,1783432707.5156229
805900,5.940990447998047,1783432713.4284277
806000,7.158681392669678,1783432719.1953022
806100,7.060053825378418,1783432724.9295685
806200,4.549420356750488,1783432731.1480806
806300,5.856081962585449,1783432737.2152839
806400,5.895782470703125,1783432743.3844802
806500,5.829572677612305,1783432749.6377633
806600,14.648125648498535,1783432755.7606595
806700,8.319795608520508,1783432762.0130968
806800,7.671082019805908,1783432768.1576183
806900,6.9242448806762695,1783432774.4798682
807000,6.628519058227539,1783432780.507217
807100,7.634430408477783,1783432786.6396372
807200,8.485858917236328,1783432793.0487223
807300,5.701417446136475,1783432799.0747616
807400,5.618878364562988,1783432805.308344
807500,8.782639503479004,1783432811.4667678
807600,8.350394248962402,1783432817.873712
807700,6.505655288696289,1783432823.9766734
807800,7.811739921569824,1783432830.091461
807900,6.5102739334106445,1783432836.0775404
808000,5.777336597442627,1783432842.3976314
808100,9.532398223876953,1783432848.411857
808200,5.604651927947998,1783432854.8036354
808300,6.374232769012451,1783432861.1278965
808400,6.952955722808838,1783432867.4143434
808500,5.706943511962891,1783432873.6073954
808600,7.546858787536621,1783432879.7275798
808700,7.374089241027832,1783432886.1941187
808800,7.595170974731445,1783432892.414998
808900,8.526239395141602,1783432898.620424
809000,9.236303329467773,1783432905.1358788
809100,7.053275108337402,1783432911.4020088
809200,6.58069372177124,1783432917.8608603
809300,6.770001411437988,1783432924.130138
809400,8.641548156738281,1783432930.1321719
809500,9.04597282409668,1783432936.5277426
809600,10.668768882751465,1783432942.90241
809700,6.068414688110352,1783432949.1231494
809800,7.392277240753174,1783432955.6446908
809900,6.452554702758789,1783432961.8836675
810000,10.028691291809082,1783432968.0850418
810100,7.424537181854248,1783432974.3526406
810200,7.507253646850586,1783432980.5850616
810300,7.239242076873779,1783432986.6425705
810400,6.938495635986328,1783432992.8952672
810500,6.066855430603027,1783432999.119414
810600,9.521985054016113,1783433005.1743457
810700,5.767006874084473,1783433011.668881
810800,6.72767448425293,1783433017.7439656
810900,9.281638145446777,1783433024.2455726
811000,6.346357345581055,1783433030.3292468
811100,6.15585994720459,1783433036.7430863
811200,8.671792984008789,1783433043.135221
811300,7.7645111083984375,1783433049.4812708
811400,10.233415603637695,1783433055.9289582
811500,6.2972331047058105,1783433062.121853
811600,7.050300598144531,1783433068.8480036
811700,7.995248794555664,1783433075.0021324
811800,8.72125244140625,1783433081.244345
811900,11.002604484558105,1783433087.312998
812000,8.346033096313477,1783433093.3819392
812100,7.328212738037109,1783433100.004076
812200,5.35128116607666,1783433106.0286098
812300,6.984770774841309,1783433112.259775
812400,8.871936798095703,1783433118.6052158
812500,9.206687927246094,1783433124.589357
812600,7.124914646148682,1783433131.237215
812700,6.868433475494385,1783433137.5291703
812800,5.91856050491333,1783433143.8894713
812900,6.982883453369141,1783433150.0832589
813000,5.418572425842285,1783433156.3627956
813100,5.755231857299805,1783433162.7168071
813200,9.200725555419922,1783433168.9490921
813300,5.855162143707275,1783433175.125738
813400,5.605418682098389,1783433181.241832
813500,5.541717529296875,1783433187.4304018
813600,5.541548728942871,1783433193.5291998
813700,7.861437797546387,1783433199.5688171
813800,6.385318756103516,1783433205.8816109
813900,7.4015889167785645,1783433212.1930673
814000,4.437912464141846,1783433218.6988106
814100,6.612870693206787,1783433225.2894228
814200,5.978644847869873,1783433231.638765
814300,6.112773895263672,1783433237.6107779
814400,11.07451057434082,1783433243.694465
814500,7.512291431427002,1783433249.7253666
814600,9.093749046325684,1783433255.9948165
814700,6.571258544921875,1783433262.3813796
814800,5.886528491973877,1783433268.5419433
814900,5.384526252746582,1783433274.869799
815000,8.320560455322266,1783433281.330245
815100,5.32956600189209,1783433287.6697059
815200,6.244708061218262,1783433293.869124
815300,5.826628684997559,1783433299.9886823
815400,6.199290752410889,1783433306.2570515
815500,7.444890975952148,1783433312.8718238
815600,5.233623504638672,1783433318.870376
815700,7.578547477722168,1783433325.2903063
815800,8.48973274230957,1783433331.2558217
815900,7.381231307983398,1783433337.643398
816000,6.7082014083862305,1783433343.7569554
816100,7.725388526916504,1783433350.3235195
816200,6.552700042724609,1783433356.6011498
816300,5.802667140960693,1783433362.8911798
816400,7.273409843444824,1783433369.134086
816500,6.193781852722168,1783433375.1932788
816600,10.30268383026123,1783433381.6421342
816700,6.091242790222168,1783433387.8183906
816800,6.5643086433410645,1783433394.1372411
816900,8.058931350708008,1783433400.5981333
817000,8.045899391174316,1783433406.8434343
817100,5.337592124938965,1783433413.0458822
817200,7.470858097076416,1783433419.1641145
817300,10.638839721679688,1783433425.329372
817400,7.395321369171143,1783433431.4653673
817500,7.717247486114502,1783433437.6597753
817600,6.704036712646484,1783433443.828955
817700,9.15591049194336,1783433449.8545327
817800,9.547881126403809,1783433456.1444247
817900,8.460725784301758,1783433462.419344
818000,7.918057918548584,1783433468.6252434
818100,7.994167327880859,1783433474.8060088
818200,8.078420639038086,1783433481.0731406
818300,7.528024196624756,1783433487.4383569
818400,11.304009437561035,1783433493.8472354
818500,6.243029594421387,1783433500.1443312
818600,7.466560363769531,1783433506.744312
818700,7.634166240692139,1783433512.890768
818800,6.702392578125,1783433519.1737807
818900,6.56684684753418,1783433525.2070377
819000,6.4044060707092285,1783433531.7139
819100,6.573894500732422,1783433537.897604
819200,5.622107982635498,1783433544.021023
819300,6.877847671508789,1783433550.2652223
819400,8.243383407592773,1783433556.7591136
819500,6.341826915740967,1783433563.0448713
819600,5.514457702636719,1783433569.5495253
819700,6.403533935546875,1783433575.83293
819800,6.6631178855896,1783433582.3522604
819900,5.658010959625244,1783433588.9176445
820000,5.054088115692139,1783433595.4722726
820100,5.794015407562256,1783433601.6226947
820200,5.1624603271484375,1783433607.9163904
820300,5.453917503356934,1783433614.1328177
820400,6.644488334655762,1783433620.5242033
820500,6.053308963775635,1783433627.2539647
820600,6.330185413360596,1783433633.4843483
820700,7.115409851074219,1783433639.9925165
820800,5.510969161987305,1783433646.4936628
820900,5.650689125061035,1783433652.8291085
821000,6.414695739746094,1783433658.9154139
821100,6.103412628173828,1783433665.4626298
821200,5.983560562133789,1783433671.6983302
821300,5.849311828613281,1783433678.15578
821400,9.248258590698242,1783433684.294844
821500,6.826650142669678,1783433690.791751
821600,5.985124588012695,1783433697.1631825
821700,9.905500411987305,1783433703.4992352
821800,7.013822555541992,1783433709.9261854
821900,7.734777450561523,1783433716.3318777
822000,6.241030216217041,1783433722.4933107
822100,6.343047618865967,1783433728.7205088
822200,6.265104293823242,1783433734.976951
822300,5.769750595092773,1783433741.0801723
822400,6.7574849128723145,1783433747.6129696
822500,8.26211929321289,1783433753.6820486
822600,6.304211616516113,1783433760.0872324
822700,7.979101181030273,1783433766.353136
822800,8.470666885375977,1783433772.530284
822900,11.094756126403809,1783433778.8669324
823000,5.751585006713867,1783433785.1153402
823100,4.576335906982422,1783433791.6009805
823200,5.932801246643066,1783433797.8773737
823300,4.577909469604492,1783433804.4167142
823400,6.469099998474121,1783433810.7049716
823500,6.838320732116699,1783433816.8531036
823600,6.420623779296875,1783433823.1309915
823700,4.710202693939209,1783433829.2560763
823800,5.996627330780029,1783433835.7520492
823900,8.368450164794922,1783433842.28715
824000,9.343160629272461,1783433848.520499
824100,4.556830406188965,1783433854.738151
824200,4.600554466247559,1783433861.2686338
824300,12.629585266113281,1783433867.5036523
824400,6.101421356201172,1783433873.9953332
824500,8.008087158203125,1783433880.4107027
824600,5.842503547668457,1783433886.7996874
824700,9.94441032409668,1783433892.9805613
824800,8.25012493133545,1783433899.4059765
824900,5.657978057861328,1783433905.8052769
825000,7.246128559112549,1783433911.9283516
825100,7.533027648925781,1783434098.9094067
825200,7.248162746429443,1783434104.9316065
825300,5.199041366577148,1783434110.9717162
825400,6.5227766036987305,1783434117.046495
825500,5.985712051391602,1783434123.0820582
825600,5.304305076599121,1783434129.2664635
825700,7.128619194030762,1783434135.4404724
825800,8.52203369140625,1783434141.8313086
825900,6.917952537536621,1783434148.2166915
826000,6.468811988830566,1783434154.294248
826100,9.002142906188965,1783434160.4844904
826200,7.0008978843688965,1783434166.7788048
826300,4.65388822555542,1783434172.9298935
826400,6.549871444702148,1783434179.2241242
826500,8.714462280273438,1783434185.6751194
826600,8.663681030273438,1783434192.2330904
826700,7.318056106567383,1783434198.3951223
826800,6.243348598480225,1783434204.6003704
826900,5.8718180656433105,1783434210.7312312
827000,6.742938041687012,1783434216.9659922
827100,5.828000545501709,1783434223.214233
827200,6.64004373550415,1783434229.5195217
827300,6.996380805969238,1783434235.938339
827400,5.135712623596191,1783434242.3123226
827500,5.534430503845215,1783434248.7172198
827600,6.554553031921387,1783434254.9196067
827700,5.77888822555542,1783434261.026894
827800,8.174163818359375,1783434267.3123095
827900,8.805689811706543,1783434273.538937
828000,8.623483657836914,1783434279.7082775
828100,5.427639007568359,1783434285.952092
828200,7.516412734985352,1783434292.0907006
828300,5.99472713470459,1783434298.4716175
828400,6.280399799346924,1783434304.644146
828500,5.756476402282715,1783434310.8377523
828600,7.778264999389648,1783434316.89664
828700,5.242454528808594,1783434323.1627018
828800,6.876780033111572,1783434329.4086366
828900,5.566091060638428,1783434335.9661894
829000,6.543946266174316,1783434342.071387
829100,5.660478591918945,1783434348.4311948
829200,8.249786376953125,1783434354.719872
829300,6.508869171142578,1783434360.9272592
829400,5.983266353607178,1783434367.0422966
829500,9.10323429107666,1783434373.1197338
829600,8.495305061340332,1783434379.3203287
829700,9.775575637817383,1783434385.4673033
829800,8.249134063720703,1783434391.6006434
829900,6.362781524658203,1783434397.8123233
830000,6.546457290649414,1783434403.9394886
830100,8.453899383544922,1783434410.3322732
830200,7.248867988586426,1783434416.670637
830300,7.368020057678223,1783434423.118263
830400,7.938733100891113,1783434429.3180304
830500,6.526262283325195,1783434435.345575
830600,12.574929237365723,1783434441.4683268
830700,8.808317184448242,1783434447.595777
830800,9.449410438537598,1783434454.3145416
830900,6.994028568267822,1783434460.5745933
831000,9.321806907653809,1783434466.6579516
831100,6.822129249572754,1783434472.8976524
831200,7.156580448150635,1783434479.0163693
831300,7.8612565994262695,1783434485.5177248
831400,7.208520889282227,1783434491.6635537
831500,7.450553894042969,1783434497.8644843
831600,6.7453718185424805,1783434504.1357791
831700,7.521541595458984,1783434510.8381865
831800,6.389598846435547,1783434517.0843387
831900,5.227319717407227,1783434523.5671263
832000,7.894721031188965,1783434530.1372383
832100,7.012642860412598,1783434536.4190302
832200,4.630980014801025,1783434542.812703
832300,7.05123233795166,1783434549.0286584
832400,5.8437042236328125,1783434555.3012998
832500,6.796974182128906,1783434561.4315495
832600,5.816226005554199,1783434567.7192686
832700,6.277824401855469,1783434573.9303818
832800,10.043766975402832,1783434580.289007
832900,6.823088645935059,1783434586.6787903
833000,6.946368217468262,1783434592.9331622
833100,5.072879314422607,1783434599.0152879
833200,8.583843231201172,1783434605.1151419
833300,7.552387237548828,1783434611.2027888
833400,7.130692481994629,1783434617.549065
833500,7.530692100524902,1783434623.7745166
833600,8.048761367797852,1783434630.1783552
833700,7.020180702209473,1783434636.3820374
833800,8.238714218139648,1783434642.5439405
833900,7.781277656555176,1783434648.9438713
834000,6.538820266723633,1783434655.2226963
834100,6.4320220947265625,1783434661.3776743
834200,6.712227821350098,1783434667.5700085
834300,7.764134407043457,1783434673.785581
834400,7.0225019454956055,1783434680.0086887
834500,6.430602073669434,1783434686.0611663
834600,6.381067276000977,1783434692.1943722
834700,6.244561195373535,1783434698.4381173
834800,8.63054370880127,1783434704.7678568
834900,6.3464579582214355,1783434710.8888712
835000,5.629932403564453,1783434717.073523
835100,13.3217191696167,1783434723.1341298
835200,5.780242919921875,1783434729.4007118
835300,5.085713863372803,1783434735.4384322
835400,6.028618812561035,1783434741.6400063
835500,5.606790542602539,1783434747.9478695
835600,7.0679931640625,1783434754.0229769
835700,8.210054397583008,1783434760.1676576
835800,6.5305609703063965,1783434766.3831112
835900,7.657957553863525,1783434772.5352206
836000,9.27828598022461,1783434778.5667346
836100,6.259923934936523,1783434784.8505068
836200,4.780487060546875,1783434791.1292207
836300,8.986828804016113,1783434797.260514
836400,7.258613586425781,1783434803.7114515
836500,7.824607849121094,1783434809.9651532
836600,6.297890663146973,1783434816.3514283
836700,7.208883762359619,1783434822.6678445
836800,4.558643817901611,1783434828.8370876
836900,6.561064720153809,1783434835.415902
837000,6.623162746429443,1783434841.8287842
837100,7.501835823059082,1783434848.144512
837200,7.635016441345215,1783434854.428482
837300,6.585369110107422,1783434860.7527993
837400,7.402857780456543,1783434866.8873093
837500,6.755777359008789,1783434873.217451
837600,5.463288307189941,1783434879.4993231
837700,7.654199600219727,1783434885.798334
837800,5.492153167724609,1783434891.9672656
837900,6.027233123779297,1783434898.1705625
838000,6.952396392822266,1783434904.4534442
838100,8.17287826538086,1783434910.9685946
838200,10.545381546020508,1783434917.259871
838300,6.14254093170166,1783434923.7451358
838400,7.602826118469238,1783434930.1187918
838500,8.587566375732422,1783434936.6440692
838600,7.179427623748779,1783434943.0444376
838700,7.521674156188965,1783434949.4450023
838800,7.906852722167969,1783434955.8810093
838900,10.139383316040039,1783434962.378736
839000,6.896193981170654,1783434968.3959563
839100,7.670245170593262,1783434974.6731443
839200,6.361086368560791,1783434981.0021372
839300,6.8505964279174805,1783434987.5750632
839400,10.144901275634766,1783434994.2805705
839500,7.4432172775268555,1783435000.4955435
839600,8.594571113586426,1783435006.7667058
839700,6.817863941192627,1783435013.4044797
839800,7.4808125495910645,1783435019.5346816
839900,9.237730026245117,1783435025.8111703
840000,9.285698890686035,1783435032.0260353
840100,7.528658390045166,1783435038.379028
840200,9.983906745910645,1783435044.8701818
840300,8.671838760375977,1783435051.2575788
840400,8.558521270751953,1783435057.5702302
840500,6.147212982177734,1783435063.9531176
840600,7.772616863250732,1783435070.0712225
840700,6.608395576477051,1783435076.3165617
840800,6.3563232421875,1783435082.7275052
840900,9.646766662597656,1783435089.1290576
841000,6.767146110534668,1783435095.3856046
841100,4.729989051818848,1783435101.628228
841200,8.15996265411377,1783435107.931948
841300,7.56961727142334,1783435114.4932022
841400,9.047104835510254,1783435120.6992276
841500,6.253548622131348,1783435126.9200134
841600,12.125422477722168,1783435133.1756184
841700,5.6856231689453125,1783435139.6831636
841800,7.403219223022461,1783435145.8263373
841900,6.530257225036621,1783435152.5481994
842000,5.7729387283325195,1783435159.0626633
842100,12.296847343444824,1783435165.4203537
842200,7.655099868774414,1783435171.59594
842300,5.401749134063721,1783435178.1295002
842400,5.033859729766846,1783435184.3180852
842500,5.644317626953125,1783435190.49784
842600,5.0978899002075195,1783435196.8249693
842700,5.493765830993652,1783435203.268973
842800,5.856782913208008,1783435209.486379
842900,5.150661468505859,1783435215.676589
843000,5.808199405670166,1783435222.115927
843100,6.2608232498168945,1783435228.7478635
843200,4.950675964355469,1783435235.1306217
843300,4.772798538208008,1783435241.3179758
843400,11.231809616088867,1783435247.519349
843500,5.738236427307129,1783435253.7591481
843600,6.455406188964844,1783435259.9428785
843700,4.720333576202393,1783435266.126143
843800,5.853279113769531,1783435272.4638722
843900,6.915561676025391,1783435278.7126892
844000,6.8239827156066895,1783435285.5122914
844100,6.766061782836914,1783435291.8874557
844200,6.804615020751953,1783435298.016715
844300,8.517844200134277,1783435304.292348
844400,5.9901909828186035,1783435310.3404608
844500,7.5389909744262695,1783435316.5766337
844600,8.069937705993652,1783435322.889034
844700,6.771409511566162,1783435329.149245
844800,6.999402046203613,1783435335.431149
844900,8.060396194458008,1783435341.703877
845000,6.085593223571777,1783435348.0984116
845100,6.90041971206665,1783435354.4113755
845200,7.12095832824707,1783435360.686165
845300,6.63114070892334,1783435367.0144477
845400,5.916494369506836,1783435373.349494
845500,5.599350929260254,1783435379.4637935
845600,5.868941307067871,1783435385.6746004
845700,8.088081359863281,1783435392.0898392
845800,5.753589630126953,1783435398.1636853
845900,5.6479902267456055,1783435404.3803802
846000,7.842317581176758,1783435410.4391253
846100,7.952594757080078,1783435416.5354822
846200,7.04013204574585,1783435422.7837427
846300,8.373123168945312,1783435428.865436
846400,9.11746883392334,1783435435.160594
846500,9.13792610168457,1783435441.4878793
846600,8.726051330566406,1783435447.5150814
846700,9.773881912231445,1783435453.7350006
846800,10.00791072845459,1783435459.992879
846900,10.59864616394043,1783435466.0797505
847000,6.2944440841674805,1783435472.3274734
847100,10.076830863952637,1783435478.8065734
847200,7.613024711608887,1783435485.0845573
847300,6.778348922729492,1783435491.2512252
847400,6.448638916015625,1783435497.6078162
847500,11.168322563171387,1783435503.748175
847600,9.955954551696777,1783435510.1894345
847700,8.472983360290527,1783435516.530039
847800,7.539347171783447,1783435522.9758842
847900,7.384432792663574,1783435529.1239069
848000,7.763631820678711,1783435535.3614106
848100,8.639021873474121,1783435541.9134443
848200,7.1754326820373535,1783435548.4611788
848300,6.878539562225342,1783435554.8276322
848400,7.100834846496582,1783435561.0736866
848500,6.701081275939941,1783435567.5259507
848600,8.409995079040527,1783435573.7396014
848700,6.776709079742432,1783435580.0367138
848800,8.441861152648926,1783435586.291279
848900,7.3843255043029785,1783435592.6206396
849000,9.131677627563477,1783435598.9451492
849100,9.176237106323242,1783435605.3650448
849200,6.177864074707031,1783435611.851497
849300,9.119112014770508,1783435618.334592
849400,8.645486831665039,1783435624.520627
849500,10.13271427154541,1783435630.7470858
849600,14.299489974975586,1783435637.3252368
849700,9.036555290222168,1783435643.547174
849800,7.336643218994141,1783435650.1123989
849900,8.571549415588379,1783435656.2943635
850000,6.972041606903076,1783435662.6280634
850100,5.888894557952881,1783435832.5784009
850200,6.374610900878906,1783435839.0373302
850300,7.770915985107422,1783435845.2866106
850400,6.0492963790893555,1783435851.7765176
850500,12.235429763793945,1783435858.1059208
850600,6.9576263427734375,1783435864.3167472
850700,8.346464157104492,1783435870.4369502
850800,7.787692546844482,1783435876.8918097
850900,7.006019115447998,1783435883.2999606
851000,6.5437822341918945,1783435889.6783264
851100,5.403678894042969,1783435896.131096
851200,5.5888800621032715,1783435902.5753243
851300,7.217822074890137,1783435908.9184496
851400,5.484782695770264,1783435915.0752454
851500,8.26821517944336,1783435921.5431876
851600,9.171281814575195,1783435927.9652448
851700,5.122037410736084,1783435934.331588
851800,6.504622459411621,1783435940.5999825
851900,6.380242347717285,1783435946.7981637
852000,8.982694625854492,1783435953.0560315
852100,6.790075778961182,1783435959.241707
852200,6.642400741577148,1783435965.5051036
852300,7.748528003692627,1783435971.65199
852400,7.284794807434082,1783435978.0029922
852500,8.166245460510254,1783435984.3544667
852600,6.020718574523926,1783435990.5641766
852700,6.213820934295654,1783435997.0089917
852800,5.205137729644775,1783436003.1671472
852900,7.236774921417236,1783436009.5628588
853000,7.6262922286987305,1783436015.7389462
853100,8.224879264831543,1783436022.2004383
853200,6.365504264831543,1783436028.6454284
853300,9.095234870910645,1783436034.9447474
853400,6.929866790771484,1783436041.1355155
853500,4.3944501876831055,1783436047.5572937
853600,5.8100175857543945,1783436053.8323686
853700,5.220760345458984,1783436060.1531692
853800,6.163263320922852,1783436066.7056625
853900,9.282297134399414,1783436072.9603643
854000,7.724977970123291,1783436079.4281003
854100,8.066261291503906,1783436085.4638844
854200,6.01005744934082,1783436091.4766095
854300,9.325592041015625,1783436097.8488219
854400,6.015350341796875,1783436104.0595737
854500,7.345073699951172,1783436110.1225703
854600,6.509742736816406,1783436116.458781
854700,8.40064811706543,1783436122.639735
854800,6.468155860900879,1783436128.6848626
854900,5.943984031677246,1783436134.8722277
855000,8.403249740600586,1783436140.9484482
855100,6.9736456871032715,1783436147.1162896
855200,7.860236644744873,1783436153.3329
855300,6.448919773101807,1783436159.4559195
855400,8.256132125854492,1783436165.6361554
855500,12.984756469726562,1783436171.8988757
855600,9.031941413879395,1783436178.3344102
855700,7.293219089508057,1783436184.4967852
855800,9.033987998962402,1783436190.7688057
855900,7.209097862243652,1783436197.1458952
856000,5.897757053375244,1783436203.371711
856100,6.288699150085449,1783436209.462062
856200,7.505777359008789,1783436215.4518812
856300,7.967758655548096,1783436221.9808269
856400,10.903810501098633,1783436228.466538
856500,7.032047271728516,1783436234.7028122
856600,7.365114212036133,1783436240.8628297
856700,7.175718784332275,1783436247.4879165
856800,7.261088848114014,1783436253.8739204
856900,6.094808101654053,1783436260.1368597
857000,7.187538146972656,1783436266.4622006
857100,7.081465721130371,1783436272.627222
857200,5.759134292602539,1783436279.2964718
857300,5.677427291870117,1783436285.5305216
857400,5.5419416427612305,1783436291.8190658
857500,8.043174743652344,1783436298.2244382
857600,8.653387069702148,1783436304.6953835
857700,6.579624176025391,1783436311.0298893
857800,5.851445198059082,1783436317.399762
857900,9.132823944091797,1783436323.6446052
858000,8.175507545471191,1783436330.0535316
858100,10.633554458618164,1783436336.305144
858200,8.368820190429688,1783436342.922758
858300,8.178323745727539,1783436349.4637358
858400,6.608903884887695,1783436355.5677247
858500,7.689411163330078,1783436361.9409995
858600,8.673689842224121,1783436368.1739166
858700,8.06026840209961,1783436374.4990616
858800,7.862060546875,1783436381.2248724
858900,8.566080093383789,1783436387.6808054
859000,8.184903144836426,1783436393.9595766
859100,6.678928375244141,1783436400.170604
859200,8.060359954833984,1783436406.4689493
859300,8.770894050598145,1783436413.0429864
859400,9.248922348022461,1783436419.3453376
859500,9.529218673706055,1783436425.682753
859600,6.107706546783447,1783436432.1684985
859700,6.102348327636719,1783436438.2374563
859800,8.973211288452148,1783436444.4311185
859900,7.300156116485596,1783436450.8584583
860000,7.097109794616699,1783436457.2591925
860100,7.524142265319824,1783436463.5376897
860200,8.05099105834961,1783436469.9370766
860300,6.516251564025879,1783436476.251841
860400,8.632425308227539,1783436482.4355125
860500,6.588902473449707,1783436488.844433
860600,7.143496036529541,1783436495.2737536
860700,6.615432262420654,1783436501.5849183
860800,5.647648334503174,1783436507.981932
860900,6.959511756896973,1783436514.0989985
861000,6.737520694732666,1783436520.623924
861100,7.020837306976318,1783436527.019559
861200,7.302000045776367,1783436533.0772939
861300,7.353948593139648,1783436539.3796134
861400,6.251494884490967,1783436545.4837377
861500,6.39754581451416,1783436551.6868052
861600,7.565128326416016,1783436558.0275266
861700,10.711568832397461,1783436564.0910451
861800,8.602090835571289,1783436570.1525812
861900,5.832464218139648,1783436576.3316748
862000,6.391951084136963,1783436582.8564038
862100,6.637320518493652,1783436588.9208663
862200,5.405379295349121,1783436595.1864543
862300,5.9168701171875,1783436601.2242057
862400,4.361240386962891,1783436607.8115804
862500,8.193464279174805,1783436614.065392
862600,6.52964973449707,1783436620.184082
862700,6.327730655670166,1783436626.6401305
862800,6.445005416870117,1783436632.9362016
862900,8.894857406616211,1783436639.1175148
863000,6.765178680419922,1783436645.4826329
863100,7.375611782073975,1783436651.949817
863200,6.917819023132324,1783436658.6334136
863300,11.437068939208984,1783436664.818746
863400,5.4382524490356445,1783436671.237584
863500,5.827707290649414,1783436677.3481221
863600,9.526845932006836,1783436683.5698326
863700,11.689839363098145,1783436689.6860228
863800,7.933435916900635,1783436695.8390927
863900,9.924846649169922,1783436701.9947865
864000,10.319217681884766,1783436708.3273435
864100,6.497439384460449,1783436714.2199554
864200,8.72960090637207,1783436720.4998667
864300,6.781830787658691,1783436726.6685815
864400,7.181680679321289,1783436732.8675847
864500,8.325716018676758,1783436738.982804
864600,7.794837951660156,1783436745.216315
864700,7.2487382888793945,1783436751.3248487
864800,7.777698040008545,1783436757.355684
864900,6.843879699707031,1783436763.4256206
865000,6.091065406799316,1783436769.7322807
865100,5.724658966064453,1783436775.660093
865200,5.4835968017578125,1783436782.1125612
865300,12.5177001953125,1783436788.4074397
865400,7.064122200012207,1783436794.5792143
865500,4.752532482147217,1783436800.6588418
865600,6.144968509674072,1783436806.937745
865700,5.630282878875732,1783436812.9580083
865800,9.37055778503418,1783436819.0803564
865900,7.752158164978027,1783436825.5119293
866000,6.924962520599365,1783436831.611463
866100,6.2583160400390625,1783436838.036628
866200,5.737532138824463,1783436844.1056767
866300,6.654794216156006,1783436850.1968906
866400,5.532902717590332,1783436856.5661829
866500,10.385152816772461,1783436862.8334594
866600,9.804140090942383,1783436869.2681322
866700,8.534381866455078,1783436875.6504602
866800,10.258010864257812,1783436881.7809346
866900,6.962980270385742,1783436888.62256
867000,7.135955333709717,1783436894.7681267
867100,7.5458784103393555,1783436901.228904
867200,12.686627388000488,1783436907.5123336
867300,7.612458229064941,1783436913.96263
867400,7.7960381507873535,1783436920.185416
867500,10.146514892578125,1783436926.4585948
867600,8.463787078857422,1783436932.9751167
867700,6.463245868682861,1783436939.5032573
867800,7.017284393310547,1783436945.7269895
867900,8.338714599609375,1783436952.1811793
868000,7.488874435424805,1783436958.582998
868100,7.306439399719238,1783436964.7748096
868200,5.873099327087402,1783436971.276668
868300,7.335869312286377,1783436977.6889918
868400,6.367741584777832,1783436983.952827
868500,5.5901594161987305,1783436990.3948333
868600,6.700838088989258,1783436996.8072512
868700,6.779668807983398,1783437002.8954773
868800,8.274457931518555,1783437009.3568113
868900,6.553247451782227,1783437015.646672
869000,6.742335796356201,1783437022.0639007
869100,6.911687850952148,1783437028.307358
869200,6.254948616027832,1783437034.660127
869300,6.417178153991699,1783437040.8502283
869400,6.324452877044678,1783437047.173625
869500,7.13326358795166,1783437053.60045
869600,6.332746505737305,1783437060.1634166
869700,6.818419456481934,1783437066.504724
869800,7.025720596313477,1783437072.9654493
869900,11.595986366271973,1783437079.297633
870000,17.866931915283203,1783437085.7920592
870100,6.7625627517700195,1783437091.8984149
870200,6.101296424865723,1783437098.2523496
870300,6.530820369720459,1783437104.4566655
870400,6.5931901931762695,1783437110.9150527
870500,7.540833950042725,1783437117.3392508
870600,6.852400779724121,1783437123.6839116
870700,6.833869934082031,1783437129.827698
870800,7.827195167541504,1783437136.0306404
870900,5.312135219573975,1783437142.2760153
871000,5.582829475402832,1783437148.5610313
871100,8.72997760772705,1783437155.1244237
871200,9.48555850982666,1783437161.660362
871300,7.022705078125,1783437167.7902658
871400,7.678769111633301,1783437174.1831686
871500,10.142547607421875,1783437180.4543352
871600,6.441030502319336,1783437186.9379747
871700,7.092546463012695,1783437193.343225
871800,7.567085266113281,1783437199.9545782
871900,9.907577514648438,1783437206.2639272
872000,6.2523040771484375,1783437212.4362278
872100,7.735863208770752,1783437219.1008523
872200,11.13485336303711,1783437225.6160219
872300,6.807673454284668,1783437231.9214494
872400,7.309031009674072,1783437238.3846278
872500,9.527519226074219,1783437244.7691677
872600,6.871331214904785,1783437251.1794322
872700,6.247124671936035,1783437257.4975767
872800,10.979092597961426,1783437263.987607
872900,10.096097946166992,1783437270.2521513
873000,6.647441864013672,1783437276.360839
873100,8.854059219360352,1783437282.397711
873200,8.119405746459961,1783437288.8029406
873300,6.802814483642578,1783437295.2741158
873400,7.402555465698242,1783437301.6940289
873500,7.782574653625488,1783437307.9388275
873600,6.361342906951904,1783437313.9959414
873700,7.387703895568848,1783437320.243427
873800,7.868969440460205,1783437326.3154528
873900,5.742619037628174,1783437332.6084566
874000,6.440593719482422,1783437338.8506274
874100,7.526617050170898,1783437345.0353096
874200,7.936490058898926,1783437351.29599
874300,7.242341995239258,1783437357.5814624
874400,7.955377578735352,1783437363.794596
874500,6.860489845275879,1783437370.1592667
874600,6.775823593139648,1783437376.6644697
874700,7.141127586364746,1783437383.0603144
874800,5.96811580657959,1783437389.514717
874900,7.757195472717285,1783437395.9013135
875000,5.033636093139648,1783437402.3450181
875100,7.12030029296875,1783437557.0843153
875200,6.798087120056152,1783437563.2681732
875300,6.138288497924805,1783437569.7345662
875400,7.426276206970215,1783437576.1167605
875500,6.663344860076904,1783437582.3051682
875600,9.622376441955566,1783437588.7183595
875700,7.232382774353027,1783437594.9546359
875800,8.858914375305176,1783437601.3287656
875900,9.63725471496582,1783437607.6679451
876000,7.144947052001953,1783437613.88
876100,8.591561317443848,1783437620.2589667
876200,9.715798377990723,1783437626.5862446
876300,9.374771118164062,1783437633.0300477
876400,8.73862075805664,1783437639.5290272
876500,6.660216331481934,1783437645.742157
876600,7.735335826873779,1783437652.1005282
876700,6.415916919708252,1783437658.6499853
876800,8.349550247192383,1783437664.8567019
876900,8.861814498901367,1783437671.3696225
877000,7.0862274169921875,1783437677.6670308
877100,9.42213249206543,1783437684.0843275
877200,7.6433796882629395,1783437690.6759992
877300,9.280494689941406,1783437696.9146712
877400,7.204298973083496,1783437703.683187
877500,9.354460716247559,1783437710.1918216
877600,6.968549728393555,1783437716.3174143
877700,8.818531036376953,1783437722.7558908
877800,7.484931945800781,1783437728.8187287
877900,6.5228800773620605,1783437735.223574
878000,7.074898719787598,1783437741.3267024
878100,6.376753807067871,1783437747.4280367
878200,7.883541107177734,1783437753.6983304
878300,9.797831535339355,1783437760.0178564
878400,7.911230087280273,1783437766.3843658
878500,8.088035583496094,1783437772.6483765
878600,9.476614952087402,1783437778.7927387
878700,7.738289833068848,1783437784.9674404
878800,7.681434631347656,1783437791.206281
878900,8.64424991607666,1783437797.5274968
879000,7.757400989532471,1783437803.759
879100,7.158857345581055,1783437810.2400398
879200,8.098424911499023,1783437816.4291646
879300,8.790385246276855,1783437822.884096
879400,8.092376708984375,1783437828.946979
879500,5.864957332611084,1783437835.2347221
879600,5.499704837799072,1783437841.4270732
879700,5.75541877746582,1783437847.7198694
879800,6.666356563568115,1783437854.099252
879900,8.083839416503906,1783437860.3707852
880000,7.472368240356445,1783437866.6198764
880100,10.897979736328125,1783437872.9631758
880200,7.583513259887695,1783437879.7283413
880300,10.875646591186523,1783437886.1457546
880400,8.4954195022583,1783437892.3018355
880500,6.578990936279297,1783437898.7725835
880600,5.680919647216797,1783437904.9369948
880700,8.096907615661621,1783437911.1834426
880800,7.256252288818359,1783437917.4876645
880900,9.529539108276367,1783437923.840404
881000,6.743854522705078,1783437930.0304492
881100,6.0113677978515625,1783437936.4651783
881200,7.903464317321777,1783437942.6594875
881300,7.163305759429932,1783437949.078547
881400,4.737053394317627,1783437955.3621376
881500,4.953537940979004,1783437961.6227422
881600,7.080538749694824,1783437967.764433
881700,6.545844078063965,1783437974.0939834
881800,6.414216041564941,1783437980.4091964
881900,8.116905212402344,1783437986.798261
882000,6.164764404296875,1783437993.1286452
882100,10.771371841430664,1783437999.480052
882200,7.267335891723633,1783438005.623222
882300,6.868563652038574,1783438011.9677336
882400,7.578946590423584,1783438018.2143004
882500,5.790704250335693,1783438024.374278
882600,10.094993591308594,1783438030.9622653
882700,7.46406364440918,1783438037.1191206
882800,7.618841171264648,1783438043.4790826
882900,9.234222412109375,1783438049.7053256
883000,6.920255661010742,1783438055.797259
883100,6.928749084472656,1783438062.046246
883200,4.7100019454956055,1783438068.6165836
883300,7.331618785858154,1783438074.9568272
883400,7.272809028625488,1783438081.6548011
883500,5.389022350311279,1783438087.885519
883600,6.097630500793457,1783438094.3791986
883700,7.277303218841553,1783438100.711232
883800,6.324331283569336,1783438106.9171436
883900,8.215568542480469,1783438113.1410737
884000,7.079562187194824,1783438119.5046651
884100,5.203620910644531,1783438125.841605
884200,5.850585460662842,1783438132.11727
884300,7.937161445617676,1783438138.4953337
884400,5.79183292388916,1783438144.5867395
884500,8.85969352722168,1783438150.8185506
884600,5.214261054992676,1783438157.3618789
884700,6.7214837074279785,1783438163.8049245
884800,6.885790824890137,1783438170.4501724
884900,8.21394157409668,1783438176.7282443
885000,5.970896244049072,1783438183.010993
885100,9.408747673034668,1783438189.350751
885200,9.383267402648926,1783438195.5195618
885300,7.948930740356445,1783438201.6987817
885400,8.292222023010254,1783438208.144365
885500,7.734212875366211,1783438214.5629315
885600,8.282727241516113,1783438220.9653735
885700,7.7913618087768555,1783438227.3490903
885800,8.004989624023438,1783438233.5325654
885900,7.120943069458008,1783438239.96404
886000,6.969616413116455,1783438246.2268286
886100,7.906942367553711,1783438252.6003428
886200,9.840778350830078,1783438259.161656
886300,8.910554885864258,1783438265.230124
886400,8.66077995300293,1783438271.571821
886500,5.677312850952148,1783438277.6843534
886600,8.17282772064209,1783438283.8477728
886700,6.873686790466309,1783438290.0243022
886800,5.629974842071533,1783438296.4239528
886900,6.830798149108887,1783438302.7464004
887000,7.268947601318359,1783438308.7292516
887100,10.483293533325195,1783438315.1091185
887200,6.471373558044434,1783438321.5925555
887300,8.127287864685059,1783438327.8435602
887400,8.333538055419922,1783438334.067022
887500,8.633005142211914,1783438340.6153097
887600,6.1925249099731445,1783438346.9442556
887700,6.5379638671875,1783438353.1450152
887800,7.65961217880249,1783438359.4340227
887900,5.934081077575684,1783438365.6399877
888000,10.124046325683594,1783438371.9009223
888100,8.127930641174316,1783438378.326945
888200,8.083984375,1783438384.487633
888300,6.168148040771484,1783438390.6911511
888400,5.807735919952393,1783438396.9974546
888500,10.243810653686523,1783438403.184883
888600,8.61215591430664,1783438409.457909
888700,5.714881420135498,1783438415.669201
888800,5.733100891113281,1783438421.9285927
888900,6.279341220855713,1783438428.3418121
889000,8.203095436096191,1783438434.514842
889100,11.553848266601562,1783438441.0024216
889200,6.049420356750488,1783438447.229054
889300,6.562093257904053,1783438453.4354503
889400,5.153543472290039,1783438459.7857285
889500,5.484093189239502,1783438466.1218472
889600,9.801753997802734,1783438472.3966186
889700,8.194875717163086,1783438478.6749053
889800,11.182068824768066,1783438485.2973862
889900,8.981342315673828,1783438491.4031863
890000,7.777059078216553,1783438497.7449703
890100,7.887389659881592,1783438504.0412633
890200,8.91331672668457,1783438510.6261578
890300,5.879449367523193,1783438516.9125903
890400,9.472576141357422,1783438523.3207486
890500,9.434226989746094,1783438529.5306494
890600,6.345073223114014,1783438535.9739153
890700,5.818210601806641,1783438542.455291
890800,7.864109039306641,1783438548.8203635
890900,13.905385971069336,1783438555.126944
891000,7.812618732452393,1783438561.3351212
891100,7.4038238525390625,1783438567.468311
891200,5.690997123718262,1783438573.7202194
891300,6.710502624511719,1783438579.9516685
891400,6.918706893920898,1783438586.0291204
891500,6.028387069702148,1783438592.210731
891600,7.628434181213379,1783438598.4623945
891700,7.2883100509643555,1783438604.5862982
891800,6.6793107986450195,1783438610.6596544
891900,10.006746292114258,1783438616.9420414
892000,9.502683639526367,1783438622.9658446
892100,7.4625043869018555,1783438629.1455622
892200,9.965642929077148,1783438635.6561625
892300,7.461403846740723,1783438641.864639
892400,5.567023277282715,1783438648.1964586
892500,6.463495254516602,1783438654.185716
892600,7.326162338256836,1783438660.3752425
892700,5.020295143127441,1783438666.8163395
892800,7.102756977081299,1783438672.961688
892900,8.207468032836914,1783438679.0664184
893000,6.73762321472168,1783438685.2615519
893100,7.545138359069824,1783438691.3823454
893200,5.44100284576416,1783438697.599257
893300,8.948280334472656,1783438703.5975516
893400,7.604695796966553,1783438709.7156103
893500,6.3944478034973145,1783438716.3007958
893600,5.730759143829346,1783438722.5575233
893700,6.575905799865723,1783438728.855687
893800,8.244356155395508,1783438734.9753516
893900,6.568214416503906,1783438741.264247
894000,5.25304651260376,1783438747.3059611
894100,7.620864391326904,1783438753.2676573
894200,8.368400573730469,1783438759.4111176
894300,7.497797966003418,1783438765.5505958
894400,6.735551834106445,1783438771.8177867
894500,11.830524444580078,1783438778.0966232
894600,6.868608474731445,1783438784.3322368
894700,6.039588928222656,1783438790.566924
894800,5.6630120277404785,1783438797.012654
894900,8.307873725891113,1783438803.088412
895000,9.02295970916748,1783438809.213772
895100,10.04566764831543,1783438815.5913928
895200,8.550065994262695,1783438821.6888118
895300,8.1255521774292,1783438827.9974897
895400,7.752607822418213,1783438834.5287905
895500,5.323057174682617,1783438841.3582592
895600,4.590395450592041,1783438847.819017
895700,5.743341445922852,1783438854.5840495
895800,7.333292007446289,1783438861.0978782
895900,4.936612606048584,1783438867.3728273
896000,6.064729690551758,1783438873.4928484
896100,8.698177337646484,1783438879.816139
896200,6.294573783874512,1783438885.9585018
896300,6.512080192565918,1783438892.3319757
896400,9.482368469238281,1783438898.3842185
896500,9.166621208190918,1783438904.6504827
896600,6.319796085357666,1783438910.930371
896700,8.796704292297363,1783438917.5344799
896800,6.611601829528809,1783438923.9929814
896900,6.8310112953186035,1783438930.1557407
897000,5.9381279945373535,1783438936.5552242
897100,8.317962646484375,1783438942.706803
897200,8.478092193603516,1783438948.9794452
897300,9.211509704589844,1783438955.1332984
897400,6.333735466003418,1783438961.2350516
897500,7.529018402099609,1783438967.6627374
897600,7.216558456420898,1783438974.043253
897700,9.846084594726562,1783438980.429742
897800,11.627692222595215,1783438986.8063865
897900,10.154457092285156,1783438993.068609
898000,8.885475158691406,1783438999.3552966
898100,10.695682525634766,1783439005.6334243
898200,8.834169387817383,1783439011.8193831
898300,7.2318220138549805,1783439018.07458
898400,6.959434986114502,1783439024.4462564
898500,6.971844673156738,1783439030.7922044
898600,7.112964630126953,1783439036.975024
898700,5.186481475830078,1783439043.047928
898800,5.991936683654785,1783439049.194405
898900,7.860157489776611,1783439055.3632874
899000,11.547033309936523,1783439061.497216
899100,9.310759544372559,1783439067.761122
899200,8.983657836914062,1783439073.9151268
899300,7.648896217346191,1783439080.233008
899400,7.7176690101623535,1783439086.4540505
899500,7.137601375579834,1783439092.6149273
899600,8.539283752441406,1783439099.0226488
899700,11.109903335571289,1783439105.4163594
899800,7.438162803649902,1783439111.5159714
899900,6.824898719787598,1783439117.7503738
900000,7.4239091873168945,1783514260.0527961
900100,8.778142929077148,1783514432.2462978
900200,10.581263542175293,1783514438.3636143
900300,13.157663345336914,1783514444.5974371
900400,6.41598653793335,1783514450.7286649
900500,7.849445343017578,1783514456.956833
900600,6.720911502838135,1783514463.0624583
900700,9.388736724853516,1783514469.4000542
900800,8.90388011932373,1783514475.5113556
900900,8.039549827575684,1783514481.586503
901000,8.483654975891113,1783514487.6414456
901100,8.76970100402832,1783514493.7080278
901200,8.229883193969727,1783514500.09926
901300,8.447393417358398,1783514506.1844409
901400,10.07983112335205,1783514512.2447155
901500,7.142146110534668,1783514518.3294094
901600,12.583691596984863,1783514524.5318031
901700,7.664913177490234,1783514530.5089002
901800,8.05481243133545,1783514536.555597
901900,6.950833320617676,1783514542.7765038
902000,6.933853626251221,1783514549.1019776
902100,7.338830947875977,1783514555.3038797
902200,7.967038631439209,1783514561.3718653
902300,8.690398216247559,1783514567.5115638
902400,10.557591438293457,1783514573.800643
902500,8.626460075378418,1783514579.956583
902600,11.74300765991211,1783514586.2819157
902700,7.1758928298950195,1783514592.4087195
902800,7.599893093109131,1783514598.6220548
902900,8.16122817993164,1783514604.9497058
903000,13.288188934326172,1783514611.221745
903100,9.354883193969727,1783514617.3874981
903200,9.87312126159668,1783514623.8899083
903300,12.500118255615234,1783514629.974475
903400,8.333459854125977,1783514635.9693325
903500,11.437728881835938,1783514642.3678284
903600,8.458693504333496,1783514648.5089
903700,6.1329450607299805,1783514654.6656163
903800,13.104507446289062,1783514661.10505
903900,7.116995811462402,1783514667.3870072
904000,11.168825149536133,1783514673.6765158
904100,9.67505168914795,1783514679.8175626
904200,8.96762466430664,1783514685.9032261
904300,9.609405517578125,1783514692.2848613
904400,6.4971771240234375,1783514698.3891206
904500,6.581352233886719,1783514704.624678
904600,6.94182825088501,1783514710.673934
904700,7.834221839904785,1783514716.8053586
904800,8.779566764831543,1783514723.0273058
904900,8.574954986572266,1783514729.2493262
905000,8.559854507446289,1783514735.3438208
905100,7.136459827423096,1783514741.738833
905200,8.573237419128418,1783514747.8296547
905300,7.492103099822998,1783514754.0361419
905400,7.581405162811279,1783514760.2352731
905500,7.8726654052734375,1783514766.2976704
905600,9.053014755249023,1783514772.6216402
905700,9.412920951843262,1783514778.7849722
905800,7.430757999420166,1783514784.8091507
905900,8.737590789794922,1783514791.177988
906000,6.979994297027588,1783514797.5671825
906100,10.107967376708984,1783514803.7676954
906200,8.670368194580078,1783514809.909685
906300,8.596061706542969,1783514815.9922397
906400,9.192171096801758,1783514822.1283517
906500,8.268251419067383,1783514828.3461337
906600,7.829521179199219,1783514834.452126
906700,7.99812126159668,1783514840.732648
906800,7.059215545654297,1783514846.9979546
906900,10.087366104125977,1783514853.1805816
907000,6.718142986297607,1783514859.3855047
907100,6.720519542694092,1783514865.6280816
907200,8.34839153289795,1783514871.676203
907300,8.69857120513916,1783514877.6789148
907400,6.737272262573242,1783514883.880213
907500,6.972892761230469,1783514890.1021132
907600,6.126299858093262,1783514896.1028452
907700,7.672531604766846,1783514902.2171335
907800,9.235574722290039,1783514908.1771083
907900,7.2263031005859375,1783514914.151425
908000,6.626894950866699,1783514920.193438
908100,5.8226704597473145,1783514926.413119
908200,6.161290168762207,1783514932.7545815
908300,6.38477087020874,1783514938.9250948
908400,6.943672180175781,1783514945.1218278
908500,11.57616138458252,1783514951.277131
908600,10.080289840698242,1783514957.2687635
908700,6.7733306884765625,1783514963.4382339
908800,9.435112953186035,1783514969.6586082
908900,7.5655317306518555,1783514975.8387527
909000,8.72655963897705,1783514982.033095
909100,7.790853500366211,1783514988.2261431
909200,7.433585166931152,1783514994.4792712
909300,8.394986152648926,1783515000.698589
909400,12.528623580932617,1783515006.7987614
909500,12.790666580200195,1783515012.8239756
909600,8.51206111907959,1783515019.0968995
909700,9.793988227844238,1783515025.182997
909800,7.1027116775512695,1783515031.27394
909900,7.11441707611084,1783515037.4563804
910000,7.135738372802734,1783515043.6166794
910100,8.99682331085205,1783515049.6818633
910200,9.573875427246094,1783515055.8246522
910300,12.5808687210083,1783515061.9458554
910400,9.126791000366211,1783515068.4326644
910500,9.823461532592773,1783515074.4915795
910600,9.902005195617676,1783515080.9460218
910700,10.09292221069336,1783515087.0017169
910800,10.910000801086426,1783515093.2642262
910900,8.591789245605469,1783515099.3469975
911000,7.872045040130615,1783515105.3093116
911100,7.913909435272217,1783515111.374616
911200,8.052706718444824,1783515117.5554192
911300,8.047813415527344,1783515123.6162825
911400,8.31195068359375,1783515129.8113098
911500,7.146067142486572,1783515135.9491053
911600,9.167643547058105,1783515142.090819
911700,9.089207649230957,1783515148.1510787
911800,5.809288501739502,1783515154.3921497
911900,9.118152618408203,1783515160.526474
912000,7.321944236755371,1783515166.7192132
912100,6.669375419616699,1783515173.0230513
912200,6.651664733886719,1783515179.4459035
912300,7.073909759521484,1783515185.5068572
912400,6.3025898933410645,1783515191.6939292
912500,5.397144794464111,1783515198.1095145
912600,6.900155544281006,1783515204.235691
912700,9.551008224487305,1783515210.2005384
912800,8.218050003051758,1783515216.5078547
912900,12.819454193115234,1783515222.7789214
913000,7.178205490112305,1783515228.7689383
913100,7.787956237792969,1783515234.8778713
913200,13.84885025024414,1783515241.1435168
913300,13.053873062133789,1783515247.318747
913400,13.33006477355957,1783515253.5700932
913500,17.16278648376465,1783515259.6107247
913600,13.484321594238281,1783515265.7803648
913700,13.520030975341797,1783515271.9631522
913800,9.05206298828125,1783515278.1781409
913900,9.68570327758789,1783515284.3501272
914000,11.737529754638672,1783515290.4543211
914100,8.898630142211914,1783515296.5350568
914200,11.65930461883545,1783515302.8660333
914300,6.928228378295898,1783515309.042521
914400,7.508479595184326,1783515315.085024
914500,11.273512840270996,1783515321.40254
914600,10.516843795776367,1783515327.76923
914700,11.462430000305176,1783515333.9316597
914800,7.975704193115234,1783515340.1610801
914900,13.274632453918457,1783515346.3887389
915000,8.447726249694824,1783515352.7890546
915100,8.004636764526367,1783515358.9278014
915200,9.997678756713867,1783515365.270069
915300,8.313718795776367,1783515371.3697565
915400,9.535491943359375,1783515377.490615
915500,9.299072265625,1783515383.5952902
915600,8.529492378234863,1783515389.8783882
915700,9.25193977355957,1783515395.8987296
915800,9.654889106750488,1783515402.2036648
915900,8.559252738952637,1783515408.6907399
916000,10.039409637451172,1783515414.8811986
916100,9.998115539550781,1783515420.989649
916200,10.532064437866211,1783515427.3606427
916300,6.8755645751953125,1783515433.458737
916400,9.58403205871582,1783515439.635677
916500,9.951276779174805,1783515445.9446316
916600,11.576662063598633,1783515452.2775147
916700,10.343423843383789,1783515458.460282
916800,10.966238021850586,1783515464.5464733
916900,11.291094779968262,1783515471.000451
917000,10.57960319519043,1783515477.140603
917100,10.600784301757812,1783515483.5545113
917200,8.669610023498535,1783515489.9371123
917300,10.669429779052734,1783515496.017682
917400,9.390914916992188,1783515502.1681933
917500,9.453126907348633,1783515508.712442
917600,6.105127334594727,1783515514.8794663
917700,8.429693222045898,1783515521.3038716
917800,13.045588493347168,1783515527.5108807
917900,8.885428428649902,1783515533.613147
918000,10.135555267333984,1783515539.8682194
918100,13.863771438598633,1783515545.9717836
918200,11.210073471069336,1783515552.0582573
918300,10.418400764465332,1783515558.5285
918400,10.704164505004883,1783515564.7466228
918500,8.560357093811035,1783515570.8787618
918600,7.80843448638916,1783515577.1422038
918700,8.871824264526367,1783515583.6009889
918800,9.494497299194336,1783515589.6403234
918900,10.373315811157227,1783515595.633863
919000,9.583906173706055,1783515601.688936
919100,9.642807006835938,1783515607.7220352
919200,8.998247146606445,1783515613.7541442
919300,8.167651176452637,1783515619.9179163
919400,9.145794868469238,1783515625.8797646
919500,8.451210021972656,1783515632.1421149
919600,10.01840591430664,1783515638.2878294
919700,11.57021427154541,1783515644.2706096
919800,9.486238479614258,1783515650.520365
919900,11.318092346191406,1783515656.6830065
920000,9.835899353027344,1783515662.9211352
920100,9.163701057434082,1783515669.085551
920200,10.223688125610352,1783515675.4589095
920300,8.733527183532715,1783515681.4940343
920400,10.895276069641113,1783515687.5771093
920500,8.747376441955566,1783515693.9362113
920600,8.698744773864746,1783515700.2437937
920700,7.131030082702637,1783515706.6446884
920800,9.346012115478516,1783515712.9148211
920900,8.829211235046387,1783515719.1436038
921000,7.279808044433594,1783515725.4488661
921100,12.310480117797852,1783515731.706947
921200,8.535076141357422,1783515738.065619
921300,11.805107116699219,1783515744.3062668
921400,10.431370735168457,1783515750.5298915
921500,9.517335891723633,1783515756.6332374
921600,12.387701034545898,1783515762.5944774
921700,11.544807434082031,1783515768.600117
921800,12.02700424194336,1783515774.764154
921900,23.533767700195312,1783515780.7538106
922000,12.813871383666992,1783515786.9659808
922100,8.779419898986816,1783515793.0015311
922200,9.283504486083984,1783515799.4541812
922300,10.000822067260742,1783515805.688978
922400,11.885528564453125,1783515811.775428
922500,10.033891677856445,1783515817.9922981
922600,7.705734729766846,1783515824.1709557
922700,7.188931941986084,1783515830.1923013
922800,8.242637634277344,1783515836.2851787
922900,7.105154991149902,1783515842.6298227
923000,17.000673294067383,1783515848.937833
923100,9.866655349731445,1783515855.0451458
923200,10.407644271850586,1783515861.2606409
923300,9.442482948303223,1783515867.2519712
923400,9.387789726257324,1783515873.2883642
923500,8.771623611450195,1783515879.502875
923600,9.560738563537598,1783515885.7185605
923700,11.63286018371582,1783515891.6993678
923800,13.563875198364258,1783515897.8645241
923900,9.344650268554688,1783515903.8205566
924000,10.898348808288574,1783515909.962725
924100,13.0250825881958,1783515915.945611
924200,10.823144912719727,1783515922.009188
924300,8.787778854370117,1783515928.283458
924400,7.319521903991699,1783515934.4228683
924500,8.662178039550781,1783515940.9144306
924600,14.038675308227539,1783515947.0596328
924700,10.231841087341309,1783515953.1260428
924800,11.326187133789062,1783515959.4496822
924900,9.376053810119629,1783515965.4918525
925000,9.53901195526123,1783515971.7933745
925100,7.569289684295654,1783516125.8674262
925200,10.810391426086426,1783516131.9233444
925300,9.64586067199707,1783516138.088741
925400,9.771360397338867,1783516144.3571792
925500,8.623390197753906,1783516150.3912816
925600,9.118980407714844,1783516156.5983112
925700,9.116533279418945,1783516162.9632604
925800,8.7491455078125,1783516169.1815526
925900,9.739055633544922,1783516175.247453
926000,10.389483451843262,1783516181.2052424
926100,9.31978988647461,1783516187.3831172
926200,7.707128047943115,1783516193.6310637
926300,8.638879776000977,1783516199.7169802
926400,8.327641487121582,1783516205.9094396
926500,10.371241569519043,1783516211.86382
926600,11.64960765838623,1783516217.8410616
926700,7.090595722198486,1783516223.9675593
926800,10.868949890136719,1783516230.143058
926900,8.231782913208008,1783516236.2866013
927000,9.568817138671875,1783516242.2506108
927100,11.910131454467773,1783516248.4491324
927200,7.0799031257629395,1783516254.6422982
927300,11.052652359008789,1783516260.704198
927400,8.234933853149414,1783516267.1099389
927500,10.520829200744629,1783516273.1299105
927600,9.352151870727539,1783516279.250705
927700,8.878682136535645,1783516285.2233045
927800,9.030372619628906,1783516291.2128513
927900,10.382650375366211,1783516297.2808292
928000,12.992035865783691,1783516303.5773818
928100,13.43833065032959,1783516309.6323192
928200,10.273539543151855,1783516315.5713985
928300,10.66034984588623,1783516321.5381262
928400,11.880935668945312,1783516327.5463731
928500,10.211670875549316,1783516333.4024115
928600,8.790099143981934,1783516339.5741305
928700,8.358560562133789,1783516345.68787
928800,7.927187442779541,1783516351.8620176
928900,10.402669906616211,1783516357.9438987
929000,10.498008728027344,1783516364.061053
929100,8.580647468566895,1783516370.0887392
929200,7.980198860168457,1783516376.2177198
929300,7.677394866943359,1783516382.3457453
929400,8.217427253723145,1783516388.6310155
929500,7.710630893707275,1783516394.7150035
929600,7.484485626220703,1783516400.814346
929700,10.054241180419922,1783516406.9814122
929800,6.747744560241699,1783516413.1636953
929900,6.612953186035156,1783516419.2028298
930000,7.668453216552734,1783516425.4644666
930100,9.675102233886719,1783516431.667316
930200,8.034099578857422,1783516437.6735919
930300,9.7750244140625,1783516443.6722205
930400,12.874702453613281,1783516449.6455758
930500,8.846391677856445,1783516455.802973
930600,9.155264854431152,1783516461.8478348
930700,7.600057601928711,1783516467.8670177
930800,7.797980308532715,1783516474.2325118
930900,9.275779724121094,1783516480.2148716
931000,11.166282653808594,1783516486.1696305
931100,8.683309555053711,1783516492.2123528
931200,8.129576683044434,1783516498.4338078
931300,8.26036262512207,1783516504.4327881
931400,9.397058486938477,1783516510.6194894
931500,10.29992961883545,1783516516.7080348
931600,8.791964530944824,1783516522.754767
931700,9.01601505279541,1783516529.036852
931800,7.882415771484375,1783516535.2727902
931900,6.036019325256348,1783516541.5489426
932000,7.488730430603027,1783516547.7329283
932100,7.378032684326172,1783516553.8569815
932200,7.0296406745910645,1783516559.9047344
932300,7.8999247550964355,1783516566.194043
932400,7.193976402282715,1783516572.7658045
932500,7.084142684936523,1783516578.9340951
932600,7.027599811553955,1783516585.245862
932700,10.001535415649414,1783516591.3843236
932800,7.875171184539795,1783516597.5600786
932900,11.172011375427246,1783516603.76182
933000,6.915156364440918,1783516609.9795654
933100,8.145730972290039,1783516615.9522283
933200,9.88347053527832,1783516622.0953324
933300,12.492273330688477,1783516628.35223
933400,10.25551700592041,1783516634.3994498
933500,8.556243896484375,1783516640.6006205
933600,12.543914794921875,1783516646.7953107
933700,8.522894859313965,1783516652.864709
933800,9.75948715209961,1783516659.2000272
933900,11.044710159301758,1783516665.6171515
934000,10.99134635925293,1783516671.7041488
934100,11.88186264038086,1783516677.8989017
934200,9.961372375488281,1783516684.316762
934300,8.931085586547852,1783516690.6840796
934400,12.201408386230469,1783516696.727203
934500,8.545621871948242,1783516702.7680829
934600,11.406719207763672,1783516709.035358
934700,9.709583282470703,1783516715.3165147
934800,8.256516456604004,1783516721.3947403
934900,7.951545715332031,1783516727.5707147
935000,8.078195571899414,1783516733.6583757
935100,8.027848243713379,1783516739.7859695
935200,11.766676902770996,1783516746.241578
935300,14.255488395690918,1783516752.2930334
935400,7.673511028289795,1783516758.5391123
935500,8.321545600891113,1783516764.564282
935600,7.34474515914917,1783516770.7922683
935700,8.570779800415039,1783516777.1077154
935800,8.909029006958008,1783516783.098998
935900,11.254395484924316,1783516789.1736205
936000,8.787996292114258,1783516795.417313
936100,8.676103591918945,1783516801.6751177
936200,7.370014190673828,1783516807.7213721
936300,11.932784080505371,1783516813.7228296
936400,14.532350540161133,1783516820.2633216
936500,11.136384010314941,1783516826.390392
936600,11.964022636413574,1783516832.4295738
936700,10.352693557739258,1783516838.6825345
936800,7.755605697631836,1783516845.083169
936900,11.98994255065918,1783516851.4003727
937000,9.406930923461914,1783516857.434182
937100,12.382164001464844,1783516863.4078052
937200,10.986536026000977,1783516869.4829144
937300,10.585504531860352,1783516875.841389
937400,10.300583839416504,1783516881.8498309
937500,9.798177719116211,1783516888.024537
937600,10.204748153686523,1783516894.0551682
937700,9.375886917114258,1783516900.3379977
937800,9.373888969421387,1783516906.657428
937900,8.93526554107666,1783516912.8477426
938000,9.238859176635742,1783516918.9542704
938100,7.6067891120910645,1783516925.1058896
938200,11.730948448181152,1783516931.1875415
938300,7.389987945556641,1783516937.4236944
938400,9.775336265563965,1783516943.4771845
938500,10.65809440612793,1783516949.6797822
938600,7.127347469329834,1783516955.7806919
938700,8.676963806152344,1783516962.1025615
938800,14.882190704345703,1783516968.1686146
938900,7.882608413696289,1783516974.2945445
939000,11.43619155883789,1783516980.5363257
939100,9.594879150390625,1783516986.620329
939200,10.501750946044922,1783516992.6699815
939300,10.584157943725586,1783516998.9849496
939400,9.626556396484375,1783517005.0478039
939500,7.219548225402832,1783517011.1828
939600,9.000740051269531,1783517017.2463095
939700,8.605161666870117,1783517023.5469704
939800,8.821542739868164,1783517029.8989785
939900,8.863831520080566,1783517035.961472
940000,12.89487361907959,1783517042.0610068
940100,11.190828323364258,1783517048.1663754
940200,7.515327453613281,1783517054.3297398
940300,9.059844970703125,1783517060.654385
940400,11.502419471740723,1783517066.8565192
940500,12.446968078613281,1783517072.9603853
940600,12.53256893157959,1783517079.1803522
940700,12.93902587890625,1783517085.3041277
940800,11.856367111206055,1783517091.845593
940900,8.899978637695312,1783517098.0453198
941000,7.5385260581970215,1783517104.1818855
941100,8.663764953613281,1783517110.3119197
941200,9.014126777648926,1783517116.5214365
941300,7.169240474700928,1783517122.4218562
941400,7.491809844970703,1783517128.542537
941500,8.346267700195312,1783517134.5523171
941600,8.719179153442383,1783517140.4746428
941700,9.781548500061035,1783517146.498488
941800,7.402449607849121,1783517152.71287
941900,6.624938488006592,1783517158.9851744
942000,11.956570625305176,1783517165.2407458
942100,9.348026275634766,1783517171.2982297
942200,8.360980987548828,1783517177.3886642
942300,11.671939849853516,1783517183.3032393
942400,8.506647109985352,1783517189.4018505
942500,9.35171890258789,1783517195.45024
942600,9.199216842651367,1783517201.3761973
942700,11.855074882507324,1783517207.282527
942800,9.064220428466797,1783517213.3932407
942900,8.128941535949707,1783517219.5493708
943000,6.820840835571289,1783517225.7842486
943100,10.141498565673828,1783517231.9977956
943200,13.095067977905273,1783517238.2669594
943300,8.979082107543945,1783517244.3716884
943400,6.530163288116455,1783517250.4838598
943500,9.359464645385742,1783517256.449594
943600,8.565332412719727,1783517262.503631
943700,7.703057765960693,1783517268.7347963
943800,9.347481727600098,1783517274.9052262
943900,6.312734603881836,1783517281.213166
944000,7.819260597229004,1783517287.2625897
944100,5.906596660614014,1783517293.5349174
944200,6.213680267333984,1783517299.53695
944300,8.77665901184082,1783517305.3468518
944400,11.363859176635742,1783517311.4480898
944500,12.86764907836914,1783517317.3244224
944600,12.642536163330078,1783517323.30666
944700,12.083720207214355,1783517329.4659088
944800,7.694097995758057,1783517335.2229025
944900,6.8892717361450195,1783517341.136409
945000,11.529521942138672,1783517347.3503106
945100,7.925522327423096,1783517353.1795487
945200,11.409448623657227,1783517359.4404638
945300,6.524313449859619,1783517365.3701632
945400,7.6217498779296875,1783517371.2027118
945500,6.676968574523926,1783517377.1817727
945600,7.432068824768066,1783517383.182156
945700,7.369257926940918,1783517389.2331336
945800,11.273488998413086,1783517395.1702316
945900,10.95587158203125,1783517400.9887924
946000,7.406796455383301,1783517406.8800564
946100,7.520841121673584,1783517412.771497
946200,6.37484073638916,1783517418.7228842
946300,8.391762733459473,1783517424.846451
946400,5.883801460266113,1783517430.8101072
946500,7.297307968139648,1783517436.70207
946600,6.753753662109375,1783517442.8028984
946700,15.979438781738281,1783517448.8696263
946800,12.14893913269043,1783517454.9068522
946900,10.339945793151855,1783517461.0523958
947000,7.59950590133667,1783517466.92685
947100,6.848213195800781,1783517472.9939713
947200,7.117808818817139,1783517478.8491018
947300,7.898458957672119,1783517484.9216914
947400,12.403783798217773,1783517490.9842167
947500,15.259498596191406,1783517496.9134684
947600,7.989934921264648,1783517502.830188
947700,9.646709442138672,1783517508.78921
947800,9.19533634185791,1783517514.6741617
947900,8.429611206054688,1783517520.8692272
948000,7.726192474365234,1783517526.9460359
948100,8.465946197509766,1783517533.059963
948200,10.012534141540527,1783517539.0612032
948300,7.370026111602783,1783517544.9182687
948400,8.471776962280273,1783517550.9695623
948500,8.487916946411133,1783517556.923649
948600,7.541436672210693,1783517563.1349697
948700,7.91019344329834,1783517569.0798256
948800,6.322005748748779,1783517575.1681564
948900,8.035585403442383,1783517581.2120886
949000,7.309423923492432,1783517587.222294
949100,8.171399116516113,1783517593.0736554
949200,10.601539611816406,1783517599.4521544
949300,8.122896194458008,1783517605.364663
949400,10.380241394042969,1783517611.2600644
949500,7.319462776184082,1783517617.562572
949600,7.055527687072754,1783517623.3782408
949700,6.862628936767578,1783517629.3800392
949800,7.1991801261901855,1783517635.342483
949900,9.727884292602539,1783517641.230209
950000,9.127828598022461,1783517647.1050472
950100,7.436104774475098,1783517805.4718795
950200,9.854170799255371,1783517811.55421
950300,9.878571510314941,1783517817.449129
950400,7.318835258483887,1783517823.3919632
950500,9.767478942871094,1783517829.4830627
950600,8.897649765014648,1783517835.549087
950700,7.640903472900391,1783517841.7563884
950800,9.134160995483398,1783517847.7127628
950900,10.91645622253418,1783517853.7628598
951000,10.482745170593262,1783517859.6423113
951100,9.237107276916504,1783517865.933791
951200,16.10352325439453,1783517872.1463137
951300,12.347064971923828,1783517878.0446866
951400,7.195214748382568,1783517884.0835335
951500,7.443255424499512,1783517890.1845665
951600,11.641350746154785,1783517896.0506861
951700,8.857074737548828,1783517901.9842982
951800,5.637539863586426,1783517907.9498103
951900,6.3220744132995605,1783517913.9958026
952000,6.519199848175049,1783517919.8073893
952100,7.052846431732178,1783517925.8804286
952200,9.376272201538086,1783517932.021578
952300,7.851366996765137,1783517938.0039089
952400,9.806214332580566,1783517944.2647111
952500,13.008007049560547,1783517950.102536
952600,12.680644989013672,1783517956.3518927
952700,8.531028747558594,1783517962.2325974
952800,10.592126846313477,1783517968.534356
952900,9.605938911437988,1783517974.5482385
953000,9.30224609375,1783517980.5419264
953100,7.295786380767822,1783517986.4460325
953200,7.954193115234375,1783517992.6409645
953300,11.878896713256836,1783517998.7029605
953400,9.262711524963379,1783518004.7364593
953500,8.19456672668457,1783518010.7873805
953600,8.330982208251953,1783518016.800034
953700,7.649938106536865,1783518022.6814027
953800,9.865521430969238,1783518028.612945
953900,7.712746620178223,1783518034.5778127
954000,5.87074089050293,1783518040.6117618
954100,7.319245338439941,1783518046.4624314
954200,6.336281776428223,1783518052.4463053
954300,5.978298187255859,1783518058.5209882
954400,8.612712860107422,1783518064.452624
954500,7.125194549560547,1783518070.7474368
954600,6.141853332519531,1783518076.7861152
954700,10.334001541137695,1783518082.7259574
954800,7.278914928436279,1783518088.7919843
954900,8.147298812866211,1783518094.8331761
955000,11.77130126953125,1783518100.8926792
955100,6.345955848693848,1783518107.1593516
955200,6.1133575439453125,1783518113.0310185
955300,7.613443374633789,1783518119.1801162
955400,6.636529922485352,1783518125.2439606
955500,13.676164627075195,1783518131.4127488
955600,6.861453056335449,1783518137.6329377
955700,9.814387321472168,1783518143.6973288
955800,10.292282104492188,1783518149.7636423
955900,7.500822067260742,1783518156.0017107
956000,9.151209831237793,1783518162.3250158
956100,7.532175064086914,1783518168.4277496
956200,8.93741226196289,1783518174.2846878
956300,7.049322128295898,1783518180.4542677
956400,7.371101379394531,1783518186.605661
956500,9.551458358764648,1783518192.7654252
956600,9.616418838500977,1783518199.1225283
956700,9.332853317260742,1783518205.361723
956800,7.568354606628418,1783518211.4187648
956900,9.530699729919434,1783518217.7567723
957000,12.039119720458984,1783518224.0832548
957100,8.953447341918945,1783518230.3601694
957200,8.964141845703125,1783518236.8923204
957300,7.97265625,1783518243.2604637
957400,6.213076591491699,1783518249.3771038
957500,9.137369155883789,1783518255.5481474
957600,11.763594627380371,1783518261.9872718
957700,7.797773361206055,1783518268.084499
957800,10.420637130737305,1783518274.175924
957900,9.102544784545898,1783518280.4755418
958000,8.545343399047852,1783518286.558561
958100,8.554512023925781,1783518292.8137457
958200,7.753755569458008,1783518299.0073173
958300,13.85340404510498,1783518305.0491767
958400,9.463691711425781,1783518311.084791
958500,8.283174514770508,1783518317.272539
958600,7.4812822341918945,1783518323.2162292
958700,9.023406982421875,1783518329.236814
958800,10.451468467712402,1783518335.4596047
958900,10.675813674926758,1783518341.6592157
959000,10.487602233886719,1783518347.973206
959100,8.647071838378906,1783518354.1904142
959200,9.359779357910156,1783518360.288029
959300,6.912398338317871,1783518366.5973556
959400,8.44120979309082,1783518372.7004564
959500,9.226898193359375,1783518378.7706015
959600,7.445407867431641,1783518384.8617485
959700,8.119059562683105,1783518390.9904222
959800,7.458233833312988,1783518397.0594213
959900,7.053177833557129,1783518403.2702274
960000,9.47814655303955,1783518409.5445545
960100,6.894585609436035,1783518415.8333905
960200,9.283452987670898,1783518422.0935986
960300,8.04866886138916,1783518428.1744049
960400,8.15020751953125,1783518434.6134853
960500,9.307178497314453,1783518441.0096867
960600,11.522804260253906,1783518447.1603596
960700,10.004892349243164,1783518453.307473
960800,11.469210624694824,1783518459.4825385
960900,8.236570358276367,1783518465.7140214
961000,9.209115982055664,1783518471.8531802
961100,9.821464538574219,1783518477.8549032
961200,9.57053279876709,1783518484.2821333
961300,7.831552028656006,1783518490.3968732
961400,8.58316421508789,1783518496.5115798
961500,8.264155387878418,1783518502.5210216
961600,8.678223609924316,1783518508.6778808
961700,7.778314590454102,1783518514.9649699
961800,8.568000793457031,1783518521.444989
961900,8.614686965942383,1783518527.6460037
962000,11.698999404907227,1783518533.791897
962100,10.067119598388672,1783518539.8548656
962200,9.968667984008789,1783518546.0170033
962300,10.646045684814453,1783518552.043354
962400,11.38427448272705,1783518558.3242905
962500,9.679617881774902,1783518564.7078807
962600,8.156811714172363,1783518570.6467814
962700,8.453275680541992,1783518576.653081
962800,7.717247009277344,1783518582.6470292
962900,7.683729648590088,1783518588.8173568
963000,7.025777816772461,1783518595.0011208
963100,7.035909652709961,1783518601.389848
963200,10.83940315246582,1783518607.6508002
963300,7.94301700592041,1783518613.7647038
963400,11.349834442138672,1783518619.9486487
963500,10.270362854003906,1783518625.9951582
963600,7.207523345947266,1783518632.114988
963700,7.638382911682129,1783518638.1125247
963800,8.815511703491211,1783518644.379498
963900,7.603555679321289,1783518650.6088974
964000,6.3394317626953125,1783518656.908427
964100,6.687140941619873,1783518663.2840438
964200,9.145686149597168,1783518669.8105361
964300,7.125628471374512,1783518676.3127983
964400,7.62969970703125,1783518682.421451
964500,6.817929267883301,1783518688.5077102
964600,8.160684585571289,1783518694.7461734
964700,10.45865249633789,1783518701.0208259
964800,9.332430839538574,1783518707.1027236
964900,6.795110702514648,1783518713.3369462
965000,6.358553886413574,1783518719.6124926
965100,6.181700706481934,1783518725.9881158
965200,6.407777786254883,1783518732.0560272
965300,6.578930377960205,1783518738.3893273
965400,6.147113800048828,1783518744.444501
965500,5.9904398918151855,1783518750.783933
965600,6.997899055480957,1783518757.044905
965700,10.433465957641602,1783518763.1670628
965800,7.655016899108887,1783518769.2333558
965900,8.0617094039917,1783518775.2065485
966000,12.470159530639648,1783518781.3966732
966100,12.584625244140625,1783518787.6704934
966200,7.939036846160889,1783518793.7541842
966300,7.9835686683654785,1783518799.9039202
966400,7.510336875915527,1783518806.2211006
966500,6.922356128692627,1783518812.566702
966600,9.14411735534668,1783518818.9183893
966700,13.313730239868164,1783518825.2649524
966800,11.34511947631836,1783518831.319698
966900,9.662254333496094,1783518837.3739913
967000,8.213316917419434,1783518843.6375613
967100,6.866802215576172,1783518849.8927765
967200,8.215927124023438,1783518856.0495844
967300,7.510320663452148,1783518862.0700324
967400,13.372025489807129,1783518868.311352
967500,8.268625259399414,1783518874.6542525
967600,9.10536003112793,1783518881.0145032
967700,9.722972869873047,1783518887.2947817
967800,12.931151390075684,1783518893.778362
967900,7.239568710327148,1783518900.029733
968000,7.396224498748779,1783518906.331871
968100,10.682795524597168,1783518912.5509756
968200,7.592854976654053,1783518918.8824437
968300,6.589289665222168,1783518925.3440394
968400,8.105639457702637,1783518931.766224
968500,11.694731712341309,1783518938.1761796
968600,10.315950393676758,1783518944.3924298
968700,7.558040618896484,1783518950.416331
968800,7.825407028198242,1783518956.633394
968900,8.371824264526367,1783518962.7395277
969000,6.470932960510254,1783518968.9681056
969100,7.700586318969727,1783518975.1332424
969200,9.325311660766602,1783518981.2342002
969300,8.055492401123047,1783518987.464247
969400,12.389934539794922,1783518993.5344315
969500,13.708086967468262,1783518999.798007
969600,9.62191390991211,1783519005.8620672
969700,7.345806121826172,1783519011.9945927
969800,6.529171943664551,1783519018.1649177
969900,12.539139747619629,1783519024.158629
970000,13.21355152130127,1783519030.5013723
970100,7.980562686920166,1783519036.6132836
970200,10.416715621948242,1783519043.110965
970300,10.206336975097656,1783519049.2983985
970400,13.138165473937988,1783519055.3141527
970500,9.896480560302734,1783519061.3121614
970600,10.044692039489746,1783519067.3182387
970700,8.399560928344727,1783519073.7085745
970800,8.094925880432129,1783519079.64695
970900,9.45074462890625,1783519085.9181056
971000,8.996309280395508,1783519091.9728315
971100,9.106711387634277,1783519098.1746964
971200,11.808704376220703,1783519104.4238746
971300,17.226144790649414,1783519110.3857644
971400,9.182459831237793,1783519116.4630914
971500,9.679195404052734,1783519122.4642122
971600,9.740450859069824,1783519128.938823
971700,10.011520385742188,1783519135.2189333
971800,10.138368606567383,1783519141.530616
971900,17.126361846923828,1783519147.6448975
972000,8.249584197998047,1783519153.7616544
972100,8.71359634399414,1783519159.970022
972200,7.329193592071533,1783519166.0842798
972300,8.982000350952148,1783519172.3536644
972400,11.349359512329102,1783519178.5131538
972500,8.51412582397461,1783519184.4954686
972600,11.817863464355469,1783519190.4607112
972700,12.140800476074219,1783519196.6387236
972800,10.27578353881836,1783519202.6098151
972900,8.663314819335938,1783519208.647252
973000,10.808096885681152,1783519214.8767428
973100,11.423131942749023,1783519220.995274
973200,11.145259857177734,1783519227.0492513
973300,8.423528671264648,1783519233.029846
973400,9.770944595336914,1783519239.2638657
973500,9.967613220214844,1783519245.392156
973600,9.993616104125977,1783519251.4862607
973700,9.626286506652832,1783519257.7561576
973800,8.5474853515625,1783519263.9360363
973900,8.797225952148438,1783519270.160351
974000,10.744172096252441,1783519276.513493
974100,7.642882823944092,1783519282.6531956
974200,7.08566951751709,1783519288.7772176
974300,10.15718936920166,1783519294.998204
974400,13.68527603149414,1783519301.0637553
974500,8.128423690795898,1783519307.49383
974600,7.752025604248047,1783519313.692882
974700,7.665045738220215,1783519319.8452957
974800,7.874815940856934,1783519325.9857633
974900,9.404701232910156,1783519332.222197
975000,8.357786178588867,1783519338.4784882
975100,9.886883735656738,1783519497.398112
975200,7.714407920837402,1783519503.5850406
975300,10.679986953735352,1783519509.8116634
975400,16.03592300415039,1783519516.206366
975500,10.768006324768066,1783519522.3990881
975600,11.270270347595215,1783519528.408102
975700,7.393113136291504,1783519534.7345634
975800,8.245264053344727,1783519540.9559553
975900,11.177934646606445,1783519547.451338
976000,11.603116989135742,1783519553.7137341
976100,10.153267860412598,1783519559.8954551
976200,10.335071563720703,1783519566.140389
976300,10.696149826049805,1783519572.3062825
976400,9.027451515197754,1783519578.4478288
976500,9.553424835205078,1783519584.8172019
976600,12.652583122253418,1783519591.4457467
976700,10.2660551071167,1783519597.733066
976800,8.21663761138916,1783519603.877617
976900,8.957326889038086,1783519610.2068071
977000,7.1564836502075195,1783519616.579417
977100,10.018125534057617,1783519622.7463927
977200,9.655570030212402,1783519628.869149
977300,8.769979476928711,1783519635.1722007
977400,10.55195426940918,1783519641.3768647
977500,11.204118728637695,1783519647.5235012
977600,7.716200828552246,1783519653.9180312
977700,8.321365356445312,1783519659.9434779
977800,9.184758186340332,1783519666.1622822
977900,8.194365501403809,1783519672.1891346
978000,10.933126449584961,1783519678.141151
978100,14.274645805358887,1783519684.2548943
978200,12.422553062438965,1783519690.3779972
978300,12.123186111450195,1783519696.712782
978400,8.965641975402832,1783519702.9091582
978500,9.384669303894043,1783519709.34589
978600,8.289970397949219,1783519715.697915
978700,8.887822151184082,1783519721.8758717
978800,7.960813045501709,1783519728.3378425
978900,9.161431312561035,1783519734.6477597
979000,8.392023086547852,1783519741.1163874
979100,8.343064308166504,1783519747.7804325
979200,9.441316604614258,1783519754.16134
979300,7.65733528137207,1783519760.761778
979400,6.8026323318481445,1783519767.170503
979500,8.452817916870117,1783519773.528366
979600,8.327316284179688,1783519779.7071514
979700,13.005698204040527,1783519785.88757
979800,7.30016565322876,1783519792.153908
979900,7.507902145385742,1783519798.305431
980000,10.800199508666992,1783519804.3818524
980100,8.32712459564209,1783519810.4937513
980200,8.25409984588623,1783519816.9731987
980300,8.415231704711914,1783519823.0751483
980400,9.265186309814453,1783519829.4164119
980500,10.314661026000977,1783519835.7461317
980600,9.814810752868652,1783519842.1743832
980700,11.397165298461914,1783519848.266546
980800,9.679882049560547,1783519854.4354951
980900,10.74757194519043,1783519860.681212
981000,8.474395751953125,1783519866.8575883
981100,9.216219902038574,1783519873.235391
981200,8.177355766296387,1783519879.3186464
981300,8.271095275878906,1783519885.5698478
981400,11.397937774658203,1783519891.7719915
981500,9.133970260620117,1783519897.9039032
981600,11.366263389587402,1783519903.9270785
981700,13.025936126708984,1783519909.9613636
981800,7.884377479553223,1783519916.2646594
981900,10.762103080749512,1783519922.2329803
982000,14.313183784484863,1783519928.4077594
982100,8.453332901000977,1783519934.5563319
982200,9.026809692382812,1783519940.6985347
982300,6.548564910888672,1783519946.7320006
982400,6.850305557250977,1783519952.885498
982500,8.689753532409668,1783519959.1105278
982600,8.634943962097168,1783519965.3725352
982700,9.94902229309082,1783519971.6370971
982800,7.804330348968506,1783519977.8312857
982900,9.317456245422363,1783519984.0794733
983000,12.214668273925781,1783519990.3370702
983100,6.7453107833862305,1783519996.32116
983200,6.355794906616211,1783520002.5195136
983300,9.28933334350586,1783520008.636296
983400,11.446849822998047,1783520014.777895
983500,11.956670761108398,1783520020.894699
983600,10.005776405334473,1783520026.8640954
983700,8.50304126739502,1783520033.2948813
983800,14.791219711303711,1783520039.3274138
983900,6.840811729431152,1783520045.5531216
984000,9.499305725097656,1783520051.65126
984100,7.910091400146484,1783520058.0483825
984200,10.361892700195312,1783520064.4578564
984300,10.89063835144043,1783520070.6458538
984400,9.897031784057617,1783520076.7427244
984500,7.470370292663574,1783520083.0041203
984600,8.327573776245117,1783520089.3756468
984700,9.224228858947754,1783520095.5256073
984800,11.11013412475586,1783520101.7250595
984900,8.385429382324219,1783520107.7453423
985000,8.739816665649414,1783520113.9627235
985100,7.696315765380859,1783520120.2236805
985200,8.580704689025879,1783520126.4571528
985300,8.357211112976074,1783520132.6325853
985400,9.658090591430664,1783520138.658776
985500,12.222959518432617,1783520144.8995094
985600,16.08495330810547,1783520151.1637132
985700,9.704153060913086,1783520157.58726
985800,11.735658645629883,1783520164.018517
985900,8.341297149658203,1783520170.1781158
986000,9.595808982849121,1783520176.6244242
986100,9.900965690612793,1783520183.1021948
986200,10.068400382995605,1783520189.4637954
986300,8.285872459411621,1783520196.0172956
986400,10.526607513427734,1783520202.398694
986500,10.45000171661377,1783520208.469246
986600,10.338098526000977,1783520214.494297
986700,8.000152587890625,1783520220.655356
986800,10.040178298950195,1783520226.8608582
986900,11.462661743164062,1783520232.9019487
987000,9.89021110534668,1783520239.030957
987100,11.233728408813477,1783520245.2107272
987200,10.006592750549316,1783520251.5480187
987300,10.666465759277344,1783520257.7705507
987400,10.372910499572754,1783520263.8038423
987500,8.277332305908203,1783520270.1708095
987600,11.578582763671875,1783520276.4945743
987700,9.343862533569336,1783520282.812624
987800,11.203018188476562,1783520289.4486532
987900,9.557722091674805,1783520295.6025217
988000,8.42315673828125,1783520301.8830163
988100,7.80245304107666,1783520308.2155535
988200,8.470070838928223,1783520314.2733061
988300,14.449016571044922,1783520320.4501624
988400,9.023181915283203,1783520326.5121222
988500,8.26215934753418,1783520332.4725597
988600,9.292487144470215,1783520338.5196302
988700,7.656987190246582,1783520344.597731
988800,10.357154846191406,1783520350.6320198
988900,8.870071411132812,1783520356.7486012
989000,16.563156127929688,1783520362.9658167
989100,11.237061500549316,1783520369.2132025
989200,12.26419734954834,1783520375.2956636
989300,11.95565128326416,1783520381.397156
989400,9.807522773742676,1783520387.798633
989500,13.157512664794922,1783520393.8634388
989600,10.463911056518555,1783520400.0621936
989700,12.110154151916504,1783520406.2004445
989800,9.016345977783203,1783520412.1599472
989900,9.075624465942383,1783520418.3527038
990000,10.069581985473633,1783520424.2579412
990100,8.415267944335938,1783520430.3146057
990200,11.34937572479248,1783520436.635589
990300,9.934436798095703,1783520442.9031494
990400,9.187385559082031,1783520448.945101
990500,8.161293029785156,1783520455.130271
990600,9.58913803100586,1783520461.1254413
990700,8.482695579528809,1783520467.1947775
990800,7.759838581085205,1783520473.2700186
990900,6.908238410949707,1783520479.4886444
991000,8.431840896606445,1783520485.503232
991100,8.767069816589355,1783520491.7448637
991200,6.833530902862549,1783520497.9289992
991300,9.201261520385742,1783520504.1132054
991400,8.316051483154297,1783520510.0751634
991500,9.875847816467285,1783520516.44709
991600,10.377357482910156,1783520522.4586186
991700,7.665156364440918,1783520528.7203882
991800,7.094616889953613,1783520535.0123112
991900,10.094657897949219,1783520541.0867767
992000,11.181278228759766,1783520547.2319262
992100,7.637165546417236,1783520553.5039856
992200,12.038808822631836,1783520559.645282
992300,10.329402923583984,1783520565.8203604
992400,9.405268669128418,1783520571.9285834
992500,7.156411170959473,1783520577.970402
992600,7.358539581298828,1783520584.3176758
992700,7.402926445007324,1783520590.5610323
992800,14.802719116210938,1783520596.6468365
992900,12.737150192260742,1783520602.929179
993000,9.669984817504883,1783520609.1804667
993100,11.161836624145508,1783520615.462117
993200,9.612086296081543,1783520621.552489
993300,13.045519828796387,1783520627.7011213
993400,11.362054824829102,1783520634.1459467
993500,9.544949531555176,1783520640.412327
993600,8.951831817626953,1783520646.4706264
993700,8.179169654846191,1783520652.6966813
993800,7.141482830047607,1783520659.0107195
993900,8.681583404541016,1783520665.7477674
994000,7.594745635986328,1783520671.9421158
994100,7.567282199859619,1783520678.375508
994200,8.321111679077148,1783520684.6988328
994300,10.226463317871094,1783520690.9761884
994400,11.861686706542969,1783520697.5170765
994500,8.251287460327148,1783520703.8327844
994600,8.234869003295898,1783520710.0984337
994700,12.158398628234863,1783520716.3607836
994800,10.026277542114258,1783520722.7940242
994900,8.096420288085938,1783520729.099768
995000,6.824413776397705,1783520735.3134682
995100,6.427145004272461,1783520741.6695065
995200,8.497259140014648,1783520747.8193722
995300,7.805760383605957,1783520754.1743758
995400,12.754474639892578,1783520760.3337538
995500,15.531593322753906,1783520766.5764601
995600,14.757835388183594,1783520772.7803962
995700,7.4557085037231445,1783520778.9697683
995800,8.84205150604248,1783520785.269924
995900,11.332054138183594,1783520791.3893354
996000,11.370530128479004,1783520797.7744493
996100,8.613584518432617,1783520803.8390665
996200,8.27789306640625,1783520810.1199477
996300,10.015481948852539,1783520816.4961922
996400,9.37757682800293,1783520823.012955
996500,9.922578811645508,1783520829.2915823
996600,15.9266357421875,1783520835.4581819
996700,17.967411041259766,1783520841.5274622
996800,17.338809967041016,1783520847.7525773
996900,10.938762664794922,1783520854.0152764
997000,11.445503234863281,1783520860.2747746
997100,12.004623413085938,1783520866.5687935
997200,9.198836326599121,1783520872.808712
997300,7.869068145751953,1783520878.9162064
997400,9.676166534423828,1783520885.1199036
997500,8.644954681396484,1783520891.3735287
997600,8.447124481201172,1783520897.5399952
997700,9.858901977539062,1783520903.881216
997800,10.56033706665039,1783520910.0178
997900,7.775695323944092,1783520916.3275523
998000,8.88288688659668,1783520922.4605887
998100,9.756285667419434,1783520928.8341734
998200,9.141826629638672,1783520934.8746803
998300,7.044114589691162,1783520940.9571292
998400,8.446598052978516,1783520947.0602329
998500,7.838784694671631,1783520953.2482495
998600,8.525001525878906,1783520959.4066913
998700,12.717262268066406,1783520965.5765297
998800,14.365352630615234,1783520972.0431604
998900,8.72926139831543,1783520978.108574
999000,10.23668098449707,1783520984.4894397
999100,9.741214752197266,1783520990.3681962
999200,9.745088577270508,1783520996.511134
999300,9.85563850402832,1783521002.6459157
999400,8.991466522216797,1783521008.753556
999500,8.5020112991333,1783521014.8720381
999600,10.270275115966797,1783521021.200533
999700,10.24589729309082,1783521027.3269198
999800,7.371668815612793,1783521033.5083919
999900,7.093728065490723,1783521039.5300941
1000000,8.703048706054688,1783524481.7276928
1000100,14.13332748413086,1783524644.2805128
1000200,9.820756912231445,1783524650.6207871
1000300,8.920860290527344,1783524656.7554595
1000400,9.121273040771484,1783524662.9601872
1000500,13.350322723388672,1783524669.2776597
1000600,14.09632682800293,1783524675.9056876
1000700,12.450471878051758,1783524682.1104155
1000800,9.9461030960083,1783524688.2524602
1000900,10.560832977294922,1783524694.64199
1001000,14.347667694091797,1783524700.8942068
1001100,10.195427894592285,1783524707.2057807
1001200,11.335810661315918,1783524713.4446723
1001300,12.852540969848633,1783524719.9605405
1001400,13.657620429992676,1783524726.144265
1001500,12.377236366271973,1783524732.1463082
1001600,10.404033660888672,1783524738.3796556
1001700,13.756332397460938,1783524744.7739768
1001800,11.694032669067383,1783524750.8124185
1001900,13.992570877075195,1783524757.0198743
1002000,10.29751968383789,1783524763.2266774
1002100,8.68924617767334,1783524769.7341924
1002200,9.380183219909668,1783524776.1302664
1002300,10.34766674041748,1783524782.540213
1002400,12.576614379882812,1783524788.9139166
1002500,9.180374145507812,1783524795.1094177
1002600,10.39886474609375,1783524801.353856
1002700,8.092449188232422,1783524807.6522264
1002800,7.809197902679443,1783524813.9095104
1002900,8.505844116210938,1783524820.267821
1003000,8.214832305908203,1783524826.4574935
1003100,13.677988052368164,1783524833.1973913
1003200,9.65550422668457,1783524839.489221
1003300,7.08689022064209,1783524845.809762
1003400,7.371541500091553,1783524851.9768066
1003500,7.036874771118164,1783524858.3766384
1003600,8.560279846191406,1783524864.7182958
1003700,9.167981147766113,1783524871.4631212
1003800,13.155872344970703,1783524877.967414
1003900,8.330232620239258,1783524884.3312652
1004000,9.348705291748047,1783524890.4389791
1004100,8.137706756591797,1783524896.8206012
1004200,10.03616714477539,1783524903.1369228
1004300,7.818142890930176,1783524909.498848
1004400,9.597454071044922,1783524915.9138272
1004500,10.27035903930664,1783524922.229252
1004600,6.615970611572266,1783524928.5999708
1004700,8.490500450134277,1783524934.792078
1004800,13.577754974365234,1783524941.1994696
1004900,8.68458366394043,1783524947.360815
1005000,13.621786117553711,1783524953.5589018
1005100,7.355497360229492,1783524959.752949
1005200,8.18942928314209,1783524966.0531745
1005300,8.011002540588379,1783524972.2200823
1005400,8.456632614135742,1783524978.4148402
1005500,7.5804266929626465,1783524984.6539197
1005600,6.727250099182129,1783524990.8928578
1005700,7.116556167602539,1783524996.999798
1005800,9.4102783203125,1783525003.3522766
1005900,8.118205070495605,1783525009.5097492
1006000,8.321941375732422,1783525015.7543144
1006100,9.671936988830566,1783525021.9558384
1006200,13.57877254486084,1783525028.355957
1006300,7.580885410308838,1783525034.5149307
1006400,7.672667980194092,1783525041.0017648
1006500,7.172814846038818,1783525047.249275
1006600,11.282157897949219,1783525053.2422035
1006700,8.170799255371094,1783525059.4594133
1006800,12.134583473205566,1783525065.7599118
1006900,9.429850578308105,1783525072.36452
1007000,11.257518768310547,1783525078.6775098
1007100,9.257916450500488,1783525084.8632386
1007200,11.809226036071777,1783525091.1870425
1007300,9.092245101928711,1783525097.4339125
1007400,11.197172164916992,1783525103.7427683
1007500,10.091379165649414,1783525110.009814
1007600,6.408473491668701,1783525116.33604
1007700,8.119525909423828,1783525122.469862
1007800,6.680257797241211,1783525128.7437587
1007900,8.514711380004883,1783525135.1218195
1008000,7.624392986297607,1783525141.4845264
1008100,6.929047584533691,1783525147.8267918
1008200,8.634108543395996,1783525154.1973314
1008300,10.268426895141602,1783525160.5191581
1008400,13.590551376342773,1783525166.9432733
1008500,11.471386909484863,1783525173.3086345
1008600,11.714868545532227,1783525179.5331554
1008700,8.908365249633789,1783525185.9708006
1008800,7.4281816482543945,1783525192.2650619
1008900,8.19824504852295,1783525198.7534177
1009000,8.339826583862305,1783525205.11363
1009100,10.986875534057617,1783525211.467256
1009200,10.01910400390625,1783525218.1276698
1009300,11.691512107849121,1783525224.576764
1009400,9.919140815734863,1783525230.8027494
1009500,10.13083267211914,1783525237.209154
1009600,11.798574447631836,1783525243.4735963
1009700,8.206575393676758,1783525249.9960697
1009800,8.142430305480957,1783525256.2282677
1009900,8.79642105102539,1783525262.560159
1010000,10.827017784118652,1783525268.6793056
1010100,9.423358917236328,1783525274.702713
1010200,9.298068046569824,1783525280.89424
1010300,9.201961517333984,1783525286.911845
1010400,11.186897277832031,1783525293.1826
1010500,7.907993793487549,1783525299.3831751
1010600,7.623733997344971,1783525305.7490625
1010700,8.29638385772705,1783525311.8683069
1010800,11.108169555664062,1783525318.0858831
1010900,8.493001937866211,1783525324.2122462
1011000,8.3768892288208,1783525330.5443351
1011100,10.534082412719727,1783525336.801764
1011200,9.938533782958984,1783525342.9215324
1011300,10.506836891174316,1783525349.0297058
1011400,7.59078311920166,1783525355.52743
1011500,8.797830581665039,1783525361.8909419
1011600,8.052595138549805,1783525368.206053
1011700,9.927928924560547,1783525374.3317928
1011800,9.980001449584961,1783525380.673333
1011900,12.040313720703125,1783525386.6130571
1012000,9.795801162719727,1783525392.8472147
1012100,7.820005893707275,1783525398.996855
1012200,9.186697959899902,1783525405.0589159
1012300,9.28097915649414,1783525411.0325038
1012400,7.803313732147217,1783525417.480491
1012500,8.177558898925781,1783525423.4191232
1012600,8.38878059387207,1783525429.758951
1012700,7.870792388916016,1783525435.7721941
1012800,8.353462219238281,1783525441.6741006
1012900,10.240976333618164,1783525447.6958354
1013000,12.109024047851562,1783525453.861605
1013100,8.808860778808594,1783525460.0308244
1013200,7.491969585418701,1783525466.0032632
1013300,7.960686683654785,1783525471.83044
1013400,7.939260482788086,1783525477.9227421
1013500,6.579325199127197,1783525484.12797
1013600,8.96692180633545,1783525490.0483472
1013700,12.606779098510742,1783525496.3157613
1013800,8.815322875976562,1783525502.579205
1013900,7.305716514587402,1783525508.721668
1014000,8.081253051757812,1783525515.1334293
1014100,8.493043899536133,1783525521.43126
1014200,7.70659065246582,1783525527.87666
1014300,7.770921230316162,1783525534.4510102
1014400,10.904178619384766,1783525540.2517946
1014500,9.222228050231934,1783525546.5577185
1014600,8.150269508361816,1783525552.687509
1014700,7.703348636627197,1783525558.6880383
1014800,8.438148498535156,1783525565.12779
1014900,9.206625938415527,1783525571.0757995
1015000,8.909711837768555,1783525577.5714066
1015100,7.4261369705200195,1783525584.0471148
1015200,8.235097885131836,1783525590.1310563
1015300,10.288427352905273,1783525596.4542341
1015400,7.785589694976807,1783525602.2650483
1015500,7.72401237487793,1783525608.852306
1015600,8.59647274017334,1783525614.8111029
1015700,8.380290985107422,1783525620.9900427
1015800,11.049890518188477,1783525627.0465581
1015900,6.957122802734375,1783525633.200735
1016000,7.235586643218994,1783525639.4722629
1016100,6.410435676574707,1783525645.413422
1016200,8.543447494506836,1783525651.511217
1016300,7.8770318031311035,1783525657.5323932
1016400,8.358948707580566,1783525663.654967
1016500,8.2435302734375,1783525669.9211957
1016600,8.76096248626709,1783525676.4993737
1016700,11.430006980895996,1783525682.3932662
1016800,12.728776931762695,1783525688.577718
1016900,11.927380561828613,1783525694.5865655
1017000,13.125680923461914,1783525700.9685237
1017100,11.655876159667969,1783525707.2766843
1017200,11.831907272338867,1783525713.4746807
1017300,11.629928588867188,1783525719.7919772
1017400,9.164091110229492,1783525725.9884443
1017500,7.672431945800781,1783525732.2823987
1017600,7.110591888427734,1783525738.6010475
1017700,8.286545753479004,1783525744.8256736
1017800,7.730061054229736,1783525751.314684
1017900,7.038429260253906,1783525757.683254
1018000,5.787838935852051,1783525763.83969
1018100,8.491841316223145,1783525769.8736527
1018200,8.955606460571289,1783525776.3456578
1018300,15.998918533325195,1783525782.5309305
1018400,10.281463623046875,1783525788.6899261
1018500,10.716680526733398,1783525794.7805762
1018600,10.183954238891602,1783525800.9011369
1018700,7.574895858764648,1783525807.1132832
1018800,7.304018974304199,1783525813.4764163
1018900,7.77325439453125,1783525819.814317
1019000,11.358047485351562,1783525825.8776226
1019100,8.796709060668945,1783525832.2312443
1019200,10.510126113891602,1783525838.5292695
1019300,17.775909423828125,1783525844.605781
1019400,10.586357116699219,1783526666.4240637
1019500,11.261394500732422,1783526672.5483592
1019600,9.934379577636719,1783526678.9159443
1019700,9.898027420043945,1783526685.3479917
1019800,7.141939640045166,1783526692.0003393
1019900,8.6212158203125,1783526698.6106262
1020000,7.646941184997559,1783526704.9442606
1020100,6.867141246795654,1783526711.4052262
1020200,9.38304328918457,1783526717.8016906
1020300,10.159978866577148,1783526724.0474725
1020400,7.183159351348877,1783526730.1251795
1020500,6.414634704589844,1783526736.3188853
1020600,7.688578128814697,1783526742.5147476
1020700,8.936408996582031,1783526748.6651247
1020800,11.13386344909668,1783526754.7579997
1020900,13.041082382202148,1783526761.0188847
1021000,8.48774242401123,1783526767.0121953
1021100,9.370059967041016,1783526773.285805
1021200,14.099063873291016,1783526779.412127
1021300,8.488395690917969,1783526785.5882688
1021400,9.054304122924805,1783526791.7801244
1021500,11.224924087524414,1783526798.364416
1021600,8.624443054199219,1783526804.8042278
1021700,8.10739517211914,1783526811.0015461
1021800,9.306695938110352,1783526817.2670302
1021900,9.911705017089844,1783526823.2837174
1022000,11.743880271911621,1783526829.6478944
1022100,11.769512176513672,1783526836.1070988
1022200,10.97116756439209,1783526842.2261555
1022300,11.515068054199219,1783526848.307037
1022400,6.5861406326293945,1783526854.305584
1022500,6.63582706451416,1783526860.3071728
1022600,6.606393337249756,1783526866.5104573
1022700,6.812922477722168,1783526872.445207
1022800,9.957746505737305,1783526878.5148222
1022900,11.369157791137695,1783526884.6271183
1023000,10.149384498596191,1783526890.7291322
1023100,9.743470191955566,1783526896.9771607
1023200,7.090778350830078,1783526903.1212997
1023300,10.901975631713867,1783526909.4298546
1023400,7.886857986450195,1783526915.731214
1023500,8.656122207641602,1783526921.9875617
1023600,9.29056453704834,1783526928.2407286
1023700,10.62237548828125,1783526934.5301964
1023800,10.811325073242188,1783526940.8604226
1023900,11.152467727661133,1783526947.1132264
1024000,8.883708953857422,1783526953.3173952
1024100,8.609617233276367,1783526959.4973238
1024200,8.77535629272461,1783526965.688216
1024300,7.499929428100586,1783526971.6678042
1024400,9.252988815307617,1783526977.9739542
1024500,7.648479461669922,1783526983.9646697
1024600,7.377660274505615,1783526990.2013044
1024700,9.63724136352539,1783526996.19304
1024800,8.493741035461426,1783527002.266588
1024900,9.116792678833008,1783527008.397026
1025000,10.122791290283203,1783527014.4452157
1025100,10.115897178649902,1783527168.3264883
1025200,7.891066551208496,1783527174.3798578
1025300,8.362029075622559,1783527180.4389493
1025400,8.930670738220215,1783527186.6696374
1025500,11.711971282958984,1783527192.6166193
1025600,9.12103271484375,1783527198.991115
1025700,11.059355735778809,1783527205.3327188
1025800,8.957242965698242,1783527211.3037996
1025900,10.164525032043457,1783527217.5569649
1026000,9.557363510131836,1783527223.8790753
1026100,15.482295989990234,1783527230.1098523
1026200,18.24814224243164,1783527236.2529936
1026300,9.066572189331055,1783527242.4622157
1026400,9.364049911499023,1783527248.47445
1026500,8.320682525634766,1783527254.6937826
1026600,8.41760540008545,1783527260.8179789
1026700,9.990625381469727,1783527267.2164495
1026800,10.569389343261719,1783527273.654907
1026900,11.695930480957031,1783527279.6117513
1027000,10.694397926330566,1783527285.8979127
1027100,10.827427864074707,1783527292.1433122
1027200,10.412006378173828,1783527298.4921706
1027300,8.778523445129395,1783527304.769284
1027400,12.074213027954102,1783527310.8051672
1027500,12.105403900146484,1783527317.0339148
1027600,10.46820068359375,1783527323.2069647
1027700,10.400516510009766,1783527329.6281605
1027800,9.766990661621094,1783527335.8002338
1027900,10.436482429504395,1783527342.202358
1028000,8.709868431091309,1783527348.658839
1028100,12.487424850463867,1783527354.9944973
1028200,9.241787910461426,1783527361.3938773
1028300,8.652897834777832,1783527367.5155563
1028400,8.230009078979492,1783527373.6868021
1028500,8.009757995605469,1783527379.9694273
1028600,10.866556167602539,1783527386.1499233
1028700,6.481265068054199,1783527392.391098
1028800,10.495504379272461,1783527398.6858666
1028900,8.745497703552246,1783527404.9888227
1029000,7.204124450683594,1783527411.088712
1029100,9.560976028442383,1783527417.528281
1029200,13.285236358642578,1783527423.8201873
1029300,9.162400245666504,1783527429.9332628
1029400,9.296980857849121,1783527435.9237823
1029500,8.320917129516602,1783527442.2951362
1029600,7.418896675109863,1783527448.657748
1029700,10.241711616516113,1783527454.826335
1029800,8.738486289978027,1783527460.8995652
1029900,7.498983383178711,1783527467.4066222
1030000,9.394355773925781,1783527473.595048
1030100,6.932290077209473,1783527479.8362184
1030200,8.864324569702148,1783527486.0068142
1030300,10.313117980957031,1783527492.3711514
1030400,8.531641960144043,1783527498.4387627
1030500,8.460989952087402,1783527504.6582522
1030600,8.547773361206055,1783527510.7087283
1030700,6.4143242835998535,1783527516.9741461
1030800,7.394167423248291,1783527523.4068027
1030900,6.713953971862793,1783527529.79815
1031000,10.198308944702148,1783527536.1510222
1031100,9.815797805786133,1783527542.4616218
1031200,7.689479351043701,1783527548.6227908
1031300,11.997771263122559,1783527554.908374
1031400,12.693286895751953,1783527561.1482425
1031500,8.54305648803711,1783527567.5101416
1031600,10.99901294708252,1783527573.9788606
1031700,11.964841842651367,1783527580.3027737
1031800,15.030962944030762,1783527586.6034563
1031900,8.832740783691406,1783527592.9306912
1032000,9.008440017700195,1783527599.0850694
1032100,8.491626739501953,1783527605.2105253
1032200,10.02560043334961,1783527611.5721042
1032300,9.578228950500488,1783527617.7951903
1032400,8.566343307495117,1783527624.0382788
1032500,8.265992164611816,1783527630.233338
1032600,6.436307907104492,1783527636.726641
1032700,8.365622520446777,1783527643.1410058
1032800,13.716848373413086,1783527649.5808892
1032900,9.004860877990723,1783527655.8703163
1033000,7.953617095947266,1783527662.0364258
1033100,8.076154708862305,1783527668.273786
1033200,7.147063732147217,1783527674.600814
1033300,7.019008159637451,1783527680.8064713
1033400,7.226503372192383,1783527687.1501424
1033500,6.657909870147705,1783527693.133037
1033600,7.921931743621826,1783527699.091866
1033700,7.4947614669799805,1783527705.195396
1033800,7.972650051116943,1783527711.4742782
1033900,8.208789825439453,1783527717.6272218
1034000,9.213558197021484,1783527723.8987005
1034100,7.8113813400268555,1783527729.9724834
1034200,6.253401756286621,1783527736.36153
1034300,6.2386088371276855,1783527742.727923
1034400,6.342778205871582,1783527749.0475156
1034500,10.37291145324707,1783527755.3525832
1034600,11.246274948120117,1783527761.617221
1034700,9.141414642333984,1783527768.0524397
1034800,7.1259026527404785,1783527774.1847386
1034900,13.2611083984375,1783527780.2275627
1035000,8.445208549499512,1783527786.30805
1035100,8.960707664489746,1783527792.5908203
1035200,10.835675239562988,1783527798.8376813
1035300,9.997611999511719,1783527805.1360784
1035400,9.260478973388672,1783527811.5405633
1035500,7.8230133056640625,1783527817.542662
1035600,7.579545974731445,1783527823.7438817
1035700,8.68248176574707,1783527830.0704684
1035800,9.430266380310059,1783527836.1998317
1035900,9.618438720703125,1783527842.4216204
1036000,10.677481651306152,1783527848.6941028
1036100,9.658031463623047,1783527854.9128451
1036200,10.551796913146973,1783527861.0852928
1036300,11.885188102722168,1783527867.1032481
1036400,9.696355819702148,1783527873.329823
1036500,8.991281509399414,1783527879.5523589
1036600,10.045082092285156,1783527885.7022412
1036700,8.122779846191406,1783527892.0868332
1036800,9.235930442810059,1783527898.1882975
1036900,10.487567901611328,1783527904.4164135
1037000,8.565409660339355,1783527910.633966
1037100,8.330680847167969,1783527916.8009353
1037200,7.996639251708984,1783527922.9014173
1037300,7.190849304199219,1783527929.0136333
1037400,6.295566558837891,1783527935.305655
1037500,7.221073150634766,1783527941.6772668
1037600,6.3617963790893555,1783527947.9049761
1037700,8.062334060668945,1783527954.1543741
1037800,9.781476974487305,1783527960.4056187
1037900,9.20779800415039,1783527966.602555
1038000,8.030479431152344,1783527973.0610316
1038100,7.044519424438477,1783527979.5172217
1038200,10.750622749328613,1783527985.9004714
1038300,9.136449813842773,1783527992.3000784
1038400,7.9692511558532715,1783527998.355841
1038500,12.428424835205078,1783528004.508792
1038600,10.557783126831055,1783528010.80973
1038700,7.846616744995117,1783528017.025276
1038800,9.223134994506836,1783528023.3585732
1038900,9.46356201171875,1783528029.4208908
1039000,9.234713554382324,1783528035.572769
1039100,8.567858695983887,1783528041.5994654
1039200,8.030590057373047,1783528047.7007995
1039300,7.798888206481934,1783528053.844904
1039400,8.81983757019043,1783528060.3308115
1039500,9.081511497497559,1783528066.6587868
1039600,8.558815956115723,1783528072.727894
1039700,8.159701347351074,1783528078.8116527
1039800,8.61214828491211,1783528084.918954
1039900,10.759828567504883,1783528091.208538
1040000,10.835886001586914,1783528097.267082
1040100,10.525279998779297,1783528103.4140275
1040200,10.253464698791504,1783528109.604234
1040300,8.076249122619629,1783528115.9880643
1040400,7.814131736755371,1783528122.2590582
1040500,8.66015338897705,1783528128.552608
1040600,11.179386138916016,1783528134.9456155
1040700,9.981576919555664,1783528141.009082
1040800,10.778526306152344,1783528147.144866
1040900,17.57901382446289,1783528153.2308013
1041000,13.278419494628906,1783528159.5702858
1041100,9.43205451965332,1783528165.718358
1041200,7.547159194946289,1783528172.0616157
1041300,9.015990257263184,1783528178.3059986
1041400,10.702909469604492,1783528184.5939097
1041500,9.89605712890625,1783528190.692324
1041600,7.0926361083984375,1783528196.755818
1041700,7.4106950759887695,1783528203.0721762
1041800,9.433691024780273,1783528209.350297
1041900,10.34205436706543,1783528215.3081403
1042000,9.216221809387207,1783528222.0091484
1042100,8.054858207702637,1783528228.4846444
1042200,9.668033599853516,1783528234.6476362
1042300,8.90723705291748,1783528240.6709683
1042400,10.04259204864502,1783528246.8919563
1042500,9.312153816223145,1783528253.1164143
1042600,7.977031707763672,1783528259.4118567
1042700,7.961704254150391,1783528265.6485083
1042800,9.555091857910156,1783528271.926617
1042900,11.773017883300781,1783528278.1215405
1043000,12.811429977416992,1783528284.4498467
1043100,12.307473182678223,1783528290.741479
1043200,12.924482345581055,1783528297.0670059
1043300,9.809755325317383,1783528303.3697577
1043400,10.30228328704834,1783528309.613077
1043500,7.610526084899902,1783528315.7567053
1043600,10.262036323547363,1783528322.0552094
1043700,12.525867462158203,1783528328.356954
1043800,8.367237091064453,1783528334.4333596
1043900,9.248906135559082,1783528340.6102004
1044000,8.447908401489258,1783528346.987682
1044100,8.489571571350098,1783528353.0165827
1044200,7.341675758361816,1783528359.5266666
1044300,6.662101745605469,1783528365.6973193
1044400,7.073347091674805,1783528372.0296462
1044500,7.870794296264648,1783528378.307463
1044600,11.600221633911133,1783528384.5589254
1044700,8.361051559448242,1783528390.979262
1044800,7.195810317993164,1783528397.0512266
1044900,8.536291122436523,1783528403.2378123
1045000,9.741914749145508,1783528409.479264
1045100,11.229076385498047,1783528415.6661332
1045200,9.699070930480957,1783528421.9879043
1045300,8.538982391357422,1783528427.9877772
1045400,10.575050354003906,1783528434.0066965
1045500,9.336669921875,1783528440.0936065
1045600,8.11250114440918,1783528446.290471
1045700,8.17822551727295,1783528452.590824
1045800,14.310297012329102,1783528458.8602026
1045900,15.013130187988281,1783528465.3234951
1046000,10.136873245239258,1783528471.5007975
1046100,11.011270523071289,1783528477.5233324
1046200,10.343208312988281,1783528483.9915001
1046300,7.4410929679870605,1783528490.0338266
1046400,7.786454677581787,1783528496.2481446
1046500,7.947383880615234,1783528502.4102738
1046600,11.438529968261719,1783528508.738946
1046700,6.725492477416992,1783528514.8771107
1046800,8.235862731933594,1783528521.314473
1046900,7.472261905670166,1783528527.5517416
1047000,8.639263153076172,1783528533.6187532
1047100,7.029746055603027,1783528539.8634665
1047200,8.454728126525879,1783528546.029844
1047300,9.981621742248535,1783528552.4345367
1047400,9.416153907775879,1783528558.438265
1047500,8.722649574279785,1783528564.7327478
1047600,9.807586669921875,1783528571.1107655
1047700,10.040919303894043,1783528577.3483052
1047800,9.287452697753906,1783528583.521361
1047900,12.049112319946289,1783528589.669228
1048000,11.095285415649414,1783528595.9955425
1048100,7.634030342102051,1783528602.3012998
1048200,8.203125,1783528608.534866
1048300,7.142301559448242,1783528614.9760962
1048400,12.106223106384277,1783528621.139451
1048500,7.032490253448486,1783528627.2267737
1048600,9.437516212463379,1783528633.5121827
1048700,9.145482063293457,1783528639.5404944
1048800,12.22380256652832,1783528645.6365128
1048900,8.228713989257812,1783528651.6870081
1049000,7.574671268463135,1783528657.85642
1049100,8.836042404174805,1783528663.9319909
1049200,8.996040344238281,1783528669.972115
1049300,9.532105445861816,1783528676.1100569
1049400,14.958080291748047,1783528682.2093718
1049500,10.048093795776367,1783528688.7575603
1049600,11.560802459716797,1783528694.7631843
1049700,9.830778121948242,1783528700.9984384
1049800,16.140514373779297,1783528707.301259
1049900,8.062009811401367,1783528713.538904
1050000,9.72248363494873,1783603952.4930434
1050100,10.009044647216797,1783604104.1900275
1050200,8.2639741897583,1783604110.1610363
1050300,12.324472427368164,1783604116.4015572
1050400,11.44367504119873,1783604122.4515786
1050500,9.454421997070312,1783604128.2711716
1050600,7.662319183349609,1783604134.2498336
1050700,7.153257846832275,1783604140.390044
1050800,7.648399829864502,1783604146.5875108
1050900,9.15363597869873,1783604152.7725954
1051000,9.03513240814209,1783604158.8959315
1051100,8.554937362670898,1783604165.2123632
1051200,10.727151870727539,1783604171.5979824
1051300,9.439440727233887,1783604177.781271
1051400,9.648916244506836,1783604183.7591429
1051500,11.570959091186523,1783604190.0657356
1051600,10.433633804321289,1783604196.2415001
1051700,10.172863960266113,1783604202.4504073
1051800,8.98489761352539,1783604208.5289943
1051900,9.563943862915039,1783604214.5168345
1052000,8.235193252563477,1783604220.4351206
1052100,9.588979721069336,1783604226.552372
1052200,10.318603515625,1783604232.665555
1052300,11.655925750732422,1783604238.9003751
1052400,10.187579154968262,1783604244.9176106
1052500,8.607922554016113,1783604251.3551106
1052600,7.7736735343933105,1783604257.4452019
1052700,9.777093887329102,1783604263.415943
1052800,12.702851295471191,1783604269.3235905
1052900,9.244389533996582,1783604275.2663379
1053000,9.216338157653809,1783604281.3448305
1053100,10.641633987426758,1783604287.2533534
1053200,9.512821197509766,1783604293.1392074
1053300,11.736656188964844,1783604299.168059
1053400,11.289124488830566,1783604305.2698078
1053500,13.194454193115234,1783604311.407483
1053600,12.953130722045898,1783604317.4596665
1053700,14.782703399658203,1783604323.6428714
1053800,9.660301208496094,1783604329.8744485
1053900,11.481815338134766,1783604335.889879
1054000,9.965371131896973,1783604341.9416676
1054100,8.32982063293457,1783604348.1684358
1054200,6.95058536529541,1783604354.5324244
1054300,6.338918209075928,1783604360.6109772
1054400,10.537078857421875,1783604366.8335183
1054500,7.084638595581055,1783604372.9027026
1054600,8.906537055969238,1783604379.17887
1054700,9.800094604492188,1783604385.4603705
1054800,14.401081085205078,1783604391.4533553
1054900,10.736001014709473,1783604397.4918127
1055000,14.880003929138184,1783604403.5577123
1055100,10.865809440612793,1783604409.7949197
1055200,12.254535675048828,1783604416.042574
1055300,7.670936584472656,1783604422.2403107
1055400,9.102924346923828,1783604428.450906
1055500,10.44063949584961,1783604434.540155
1055600,12.414714813232422,1783604440.6983843
1055700,12.94612979888916,1783604446.9593792
1055800,8.758337020874023,1783604453.1892533
1055900,8.567359924316406,1783604459.4122212
1056000,8.324779510498047,1783604465.5416746
1056100,6.404279708862305,1783604471.6641908
1056200,7.8294219970703125,1783604477.8617647
1056300,7.625368595123291,1783604484.3389788
1056400,9.193550109863281,1783604490.516501
1056500,10.747780799865723,1783604496.7756708
1056600,6.757702827453613,1783604502.803853
1056700,7.732990741729736,1783604508.7971618
1056800,8.42924690246582,1783604514.7058685
1056900,13.050765991210938,1783604520.9257305
1057000,12.296863555908203,1783604527.092572
1057100,8.459043502807617,1783604533.5424023
1057200,7.878273010253906,1783604539.8495307
1057300,7.006091594696045,1783604546.0345595
1057400,8.176785469055176,1783604552.2181559
1057500,6.955869674682617,1783604558.4596875
1057600,7.894333839416504,1783604564.6441362
1057700,9.665024757385254,1783604570.8924735
1057800,7.5123138427734375,1783604577.006566
1057900,7.013347625732422,1783604583.2117777
1058000,7.337355613708496,1783604589.4121435
1058100,6.785419464111328,1783604595.7391164
1058200,7.243663311004639,1783604601.9584475
1058300,10.549633026123047,1783604607.9648354
1058400,11.432066917419434,1783604614.009166
1058500,7.79570198059082,1783604619.9454374
1058600,8.89504623413086,1783604626.0568945
1058700,10.778335571289062,1783604632.172173
1058800,10.12039566040039,1783604638.1976237
1058900,8.380456924438477,1783604644.4040256
1059000,11.260000228881836,1783604650.594606
1059100,9.298866271972656,1783604656.685108
1059200,10.606810569763184,1783604662.7254899
1059300,7.27872371673584,1783604669.1479735
1059400,7.7059831619262695,1783604675.1985612
1059500,11.104537963867188,1783604681.2056572
1059600,9.388495445251465,1783604687.3854797
1059700,13.051645278930664,1783604693.4847994
1059800,13.780752182006836,1783604699.7069929
1059900,7.4645280838012695,1783604705.8225415
1060000,7.1811394691467285,1783604712.070526
1060100,7.618396759033203,1783604718.1960213
1060200,9.391203880310059,1783604724.4697728
1060300,9.951103210449219,1783604730.7256947
1060400,11.983060836791992,1783604737.0202117
1060500,15.008094787597656,1783604743.0377278
1060600,11.044746398925781,1783604749.361769
1060700,9.43014907836914,1783604755.1931677
1060800,11.552017211914062,1783604761.5055676
1060900,11.797719955444336,1783604767.5452237
1061000,8.146909713745117,1783604773.8122067
1061100,9.472049713134766,1783604780.0011303
1061200,10.97414779663086,1783604786.0691566
1061300,12.389725685119629,1783604792.149594
1061400,8.784069061279297,1783604798.1478002
1061500,10.315747261047363,1783604804.5108068
1061600,9.913504600524902,1783604810.749434
1061700,11.148979187011719,1783604817.0396526
1061800,7.7969970703125,1783604823.1259696
1061900,10.048166275024414,1783604829.0614033
1062000,7.394219398498535,1783604835.137267
1062100,7.535719394683838,1783604841.1903741
1062200,10.439464569091797,1783604847.1675427
1062300,11.995582580566406,1783604853.4690914
1062400,7.688287734985352,1783604859.4915853
1062500,8.915294647216797,1783604865.5246897
1062600,7.863399982452393,1783604871.6835186
1062700,7.142218112945557,1783604877.7436628
1062800,6.971583366394043,1783604884.1984847
1062900,6.322635173797607,1783604890.565893
1063000,7.9450602531433105,1783604896.7295208
1063100,7.681757926940918,1783604903.1929085
1063200,8.525696754455566,1783604909.3167498
1063300,7.697895050048828,1783604915.4429646
1063400,11.303336143493652,1783604921.3707986
1063500,10.527846336364746,1783604927.7281559
1063600,14.469110488891602,1783604933.78562
1063700,10.73235034942627,1783604939.7609594
1063800,11.568811416625977,1783604945.7402904
1063900,12.244668006896973,1783604951.9248028
1064000,8.784120559692383,1783604957.8613098
1064100,7.663144111633301,1783604964.027696
1064200,11.494980812072754,1783604970.17674
1064300,12.419171333312988,1783604976.1257658
1064400,11.584224700927734,1783604982.3812964
1064500,8.408567428588867,1783604988.3192172
1064600,11.32101058959961,1783604994.5511036
1064700,9.47642707824707,1783605000.8891592
1064800,14.256799697875977,1783605007.015025
1064900,11.777322769165039,1783605013.314746
1065000,10.085128784179688,1783605019.3782072
1065100,9.198991775512695,1783605025.5035932
1065200,8.343086242675781,1783605031.515275
1065300,6.370406150817871,1783605037.5679467
1065400,8.872758865356445,1783605043.833902
1065500,8.246197700500488,1783605050.2529244
1065600,6.91756534576416,1783605056.317341
1065700,10.269357681274414,1783605062.6849384
1065800,8.783912658691406,1783605068.9461138
1065900,9.622196197509766,1783605075.2742677
1066000,8.673441886901855,1783605081.5709987
1066100,7.548224925994873,1783605087.937375
1066200,8.389120101928711,1783605094.2494712
1066300,10.859739303588867,1783605100.4913666
1066400,7.427708625793457,1783605106.61844
1066500,8.10174560546875,1783605113.0021148
1066600,8.054275512695312,1783605119.2255218
1066700,8.716413497924805,1783605125.384151
1066800,9.59738826751709,1783605131.556669
1066900,8.197493553161621,1783605137.931492
1067000,9.0833740234375,1783605144.4198468
1067100,8.469242095947266,1783605150.6102724
1067200,7.5265398025512695,1783605156.7794542
1067300,8.186710357666016,1783605163.3028162
1067400,9.262725830078125,1783605169.2851553
1067500,10.15272045135498,1783605175.5545495
1067600,8.055402755737305,1783605181.8580995
1067700,7.81771183013916,1783605187.9874194
1067800,7.235498905181885,1783605194.1176574
1067900,8.040050506591797,1783605200.3026502
1068000,8.336170196533203,1783605206.66346
1068100,10.579727172851562,1783605212.6615891
1068200,14.40125846862793,1783605218.7076635
1068300,9.923553466796875,1783605224.731236
1068400,10.646862030029297,1783605230.9357417
1068500,7.50660514831543,1783605237.2186098
1068600,9.035322189331055,1783605243.567751
1068700,6.865067958831787,1783605249.65467
1068800,8.188636779785156,1783605255.7378533
1068900,10.246868133544922,1783605261.930106
1069000,9.593838691711426,1783605267.975165
1069100,8.730321884155273,1783605274.0700488
1069200,7.678716659545898,1783605280.338485
1069300,8.593585968017578,1783605286.383499
1069400,8.598991394042969,1783605292.6810904
1069500,7.580075263977051,1783605299.031693
1069600,6.8477888107299805,1783605305.1300936
1069700,7.584232330322266,1783605311.530015
1069800,6.8396406173706055,1783605317.7535706
1069900,10.972972869873047,1783605323.9589589
1070000,9.544622421264648,1783605330.026392
1070100,11.059727668762207,1783605336.105768
1070200,8.530847549438477,1783605342.4736264
1070300,9.372337341308594,1783605348.637627
1070400,11.624979019165039,1783605354.733719
1070500,11.05638313293457,1783605360.8750799
1070600,8.76578140258789,1783605367.069201
1070700,8.724466323852539,1783605373.2219515
1070800,7.721655368804932,1783605379.4990177
1070900,8.157485961914062,1783605385.6727598
1071000,8.139819145202637,1783605391.9396985
1071100,9.525373458862305,1783605398.1198273
1071200,10.415206909179688,1783605404.3434792
1071300,9.855570793151855,1783605410.3773737
1071400,7.864436149597168,1783605416.3830712
1071500,7.6852216720581055,1783605422.433595
1071600,7.846191883087158,1783605428.631872
1071700,7.894295692443848,1783605434.538788
1071800,9.655552864074707,1783605440.780717
1071900,9.24886703491211,1783605447.1214356
1072000,10.198625564575195,1783605453.2051177
1072100,8.119339942932129,1783605459.4792185
1072200,9.303018569946289,1783605465.7528574
1072300,7.189760208129883,1783605472.0542579
1072400,7.2897515296936035,1783605478.0136702
1072500,11.319878578186035,1783605484.1192303
1072600,11.433378219604492,1783605490.2964766
1072700,9.376557350158691,1783605496.5003152
1072800,10.983524322509766,1783605502.61811
1072900,10.06089973449707,1783605508.5392952
1073000,10.831300735473633,1783605514.6755571
1073100,15.018917083740234,1783605520.689565
1073200,10.442995071411133,1783605526.8730302
1073300,9.367359161376953,1783605532.8330393
1073400,10.895639419555664,1783605538.910541
1073500,8.548206329345703,1783605545.0453498
1073600,9.699356079101562,1783605551.1612716
1073700,10.560630798339844,1783605557.1812687
1073800,11.828985214233398,1783605563.3516443
1073900,8.84945297241211,1783605569.4012306
1074000,9.15749454498291,1783605575.5980675
1074100,8.017087936401367,1783605581.9510326
1074200,10.122430801391602,1783605587.83143
1074300,7.5659074783325195,1783605594.1346483
1074400,8.612102508544922,1783605600.2644606
1074500,8.733036994934082,1783605606.4482057
1074600,7.879583358764648,1783605612.8172379
1074700,7.747961044311523,1783605619.0063567
1074800,7.913544654846191,1783605625.2933517
1074900,7.190217018127441,1783605631.4404438
1075000,8.081892967224121,1783605637.58589
1075100,9.24359130859375,1783605791.4217098
1075200,10.768564224243164,1783605797.5538878
1075300,9.285411834716797,1783605803.6583793
1075400,8.432673454284668,1783605809.7771962
1075500,8.126911163330078,1783605815.7262442
1075600,7.936816215515137,1783605821.874584
1075700,8.277774810791016,1783605828.0964901
1075800,6.7366766929626465,1783605834.3274775
1075900,9.349455833435059,1783605840.4369876
1076000,12.750702857971191,1783605846.5549035
1076100,10.64006519317627,1783605852.6864758
1076200,6.5170698165893555,1783605858.9922283
1076300,7.253302574157715,1783605865.0035143
1076400,7.090380668640137,1783605871.3973331
1076500,9.547514915466309,1783605877.511848
1076600,12.53021240234375,1783605883.7044296
1076700,11.623106956481934,1783605889.7290957
1076800,7.863646030426025,1783605896.078076
1076900,9.146869659423828,1783605902.2406037
1077000,9.960273742675781,1783605908.2842028
1077100,11.590144157409668,1783605914.3891797
1077200,9.306605339050293,1783605920.599841
1077300,11.363248825073242,1783605926.8786602
1077400,12.385381698608398,1783605932.9946086
1077500,11.453963279724121,1783605938.9108648
1077600,7.897253513336182,1783605944.9523044
1077700,6.872709274291992,1783605951.1241891
1077800,9.81244945526123,1783605957.2231991
1077900,10.931646347045898,1783605963.3888328
1078000,8.388155937194824,1783605969.4523847
1078100,7.957084655761719,1783605975.5910604
1078200,8.470488548278809,1783605981.7415981
1078300,7.993061065673828,1783605987.9219398
1078400,6.844429016113281,1783605994.0856347
1078500,7.948787689208984,1783606000.1590834
1078600,8.64001178741455,1783606006.0939863
1078700,7.689330577850342,1783606012.0519903
1078800,8.604816436767578,1783606018.4083607
1078900,10.741645812988281,1783606024.5762243
1079000,8.870796203613281,1783606030.602856
1079100,7.98066520690918,1783606036.8209293
1079200,9.032483100891113,1783606042.8271976
1079300,10.456628799438477,1783606048.905469
1079400,11.799064636230469,1783606055.202718
1079500,6.309203147888184,1783606061.3008626
1079600,7.953973293304443,1783606067.4197958
1079700,7.614066123962402,1783606073.5774064
1079800,6.930794715881348,1783606079.8380525
1079900,8.597999572753906,1783606086.0111
1080000,8.038286209106445,1783606092.1242087
1080100,9.018839836120605,1783606098.1865757
1080200,10.2859468460083,1783606104.201852
1080300,7.859400749206543,1783606110.6677372
1080400,8.782200813293457,1783606116.9721472
1080500,5.736551284790039,1783606123.25371
1080600,10.13302230834961,1783606129.6794317
1080700,8.621255874633789,1783606135.736952
1080800,7.465778350830078,1783606142.0352662
1080900,8.352912902832031,1783606148.09789
1081000,13.666729927062988,1783606154.2080886
1081100,7.055845737457275,1783606160.224279
1081200,7.372229099273682,1783606166.352837
1081300,13.757556915283203,1783606172.4311807
1081400,10.90516471862793,1783606178.7109263
1081500,10.31960391998291,1783606184.7931442
1081600,7.682948112487793,1783606190.9458253
1081700,8.517828941345215,1783606197.1103764
1081800,8.393863677978516,1783606203.220989
1081900,8.481830596923828,1783606209.588056
1082000,7.717654705047607,1783606215.7433147
1082100,8.910873413085938,1783606222.1766818
1082200,6.190236568450928,1783606228.330422
1082300,8.992609977722168,1783606234.3332436
1082400,12.114630699157715,1783606240.4908557
1082500,8.87371826171875,1783606246.7448575
1082600,8.345846176147461,1783606252.7449725
1082700,8.013420104980469,1783606259.1227758
1082800,8.123006820678711,1783606265.1427193
1082900,8.711822509765625,1783606271.0326192
1083000,9.298222541809082,1783606277.1494145
1083100,12.114194869995117,1783606283.4505126
1083200,7.119494915008545,1783606289.4551713
1083300,6.80844783782959,1783606295.8723438
1083400,7.842263698577881,1783606302.1018274
1083500,8.440953254699707,1783606308.0872123
1083600,9.463119506835938,1783606314.2544115
1083700,11.039203643798828,1783606320.469783
1083800,10.123424530029297,1783606326.6088965
1083900,8.587430953979492,1783606332.973042
1084000,9.282556533813477,1783606339.0967147
1084100,13.437658309936523,1783606345.2481384
1084200,12.342082977294922,1783606351.568882
1084300,8.846874237060547,1783606357.7453997
1084400,8.411674499511719,1783606363.9147935
1084500,11.207839012145996,1783606369.9479814
1084600,7.347800254821777,1783606375.927878
1084700,8.841217041015625,1783606382.2003484
1084800,7.349422454833984,1783606388.3792825
1084900,7.720877170562744,1783606394.4988928
1085000,7.184762001037598,1783606401.048308
1085100,7.93442964553833,1783606407.0556188
1085200,7.932033538818359,1783606413.397293
1085300,9.616862297058105,1783606419.599211
1085400,11.349370002746582,1783606426.174473
1085500,12.761832237243652,1783606432.6009731
1085600,11.833839416503906,1783606438.5679734
1085700,11.86810302734375,1783606444.6294987
1085800,11.135154724121094,1783606450.936145
1085900,8.739397048950195,1783606457.0997393
1086000,8.544301986694336,1783606463.1964102
1086100,8.932025909423828,1783606469.3119047
1086200,13.30221176147461,1783606475.5050318
1086300,10.537205696105957,1783606481.8244987
1086400,7.640217304229736,1783606487.9443686
1086500,7.566771507263184,1783606494.444581
1086600,6.662436485290527,1783606500.6275702
1086700,6.535024166107178,1783606506.841132
1086800,7.619845390319824,1783606512.8365
1086900,8.47379207611084,1783606518.985787
1087000,7.695309638977051,1783606525.3842409
1087100,8.560120582580566,1783606531.7739718
1087200,10.558091163635254,1783606537.848145
1087300,10.582386016845703,1783606544.1461782
1087400,8.880112648010254,1783606550.4084573
1087500,8.95887279510498,1783606556.5853076
1087600,8.898494720458984,1783606562.7737255
1087700,10.919987678527832,1783606568.876159
1087800,13.715738296508789,1783606575.1641297
1087900,11.248383522033691,1783606581.3924372
1088000,12.997217178344727,1783606587.5674965
1088100,12.027153968811035,1783606593.9718869
1088200,8.339147567749023,1783606600.0437205
1088300,8.983695983886719,1783606606.3242552
1088400,7.410675525665283,1783606612.571885
1088500,10.691519737243652,1783606618.7784421
1088600,9.502567291259766,1783606625.161446
1088700,11.857229232788086,1783606631.579292
1088800,10.105515480041504,1783606637.7336223
1088900,9.08983039855957,1783606644.0734618
1089000,9.90274429321289,1783606650.4866593
1089100,10.061443328857422,1783606656.8672755
1089200,6.540364742279053,1783606663.1404982
1089300,11.072282791137695,1783606669.443843
1089400,7.758354663848877,1783606675.449813
1089500,9.287694931030273,1783606681.7413127
1089600,8.113923072814941,1783606688.1231024
1089700,7.534025192260742,1783606694.4583447
1089800,7.329856872558594,1783606700.472648
1089900,8.101409912109375,1783606706.4285722
1090000,10.93403434753418,1783606712.6839995
1090100,8.18490982055664,1783606718.9024723
1090200,7.571019172668457,1783606725.1781693
1090300,11.103178024291992,1783606731.292493
1090400,9.563419342041016,1783606737.5244727
1090500,10.101110458374023,1783606743.8129056
1090600,8.698129653930664,1783606750.0107331
1090700,11.730605125427246,1783606756.2175775
1090800,11.081048965454102,1783606762.4610033
1090900,15.380847930908203,1783606768.5869317
1091000,9.76785659790039,1783606774.7491696
1091100,7.883069038391113,1783606780.9125388
1091200,6.532278060913086,1783606787.0971267
1091300,7.322596549987793,1783606793.3180563
1091400,9.754861831665039,1783606799.6142838
1091500,12.144701957702637,1783606806.1263409
1091600,13.451859474182129,1783606812.3586385
1091700,8.202438354492188,1783606818.5503037
1091800,7.531900405883789,1783606824.6650834
1091900,7.3202691078186035,1783606830.844122
1092000,9.901248931884766,1783606837.1374464
1092100,11.374755859375,1783606843.1595373
1092200,11.531940460205078,1783606849.2026474
1092300,13.866764068603516,1783606855.5202768
1092400,11.036092758178711,1783606861.87053
1092500,9.437636375427246,1783606867.912684
1092600,11.027504920959473,1783606874.158265
1092700,13.328291893005371,1783606880.5161455
1092800,12.118894577026367,1783606886.722182
1092900,10.263479232788086,1783606893.0581958
1093000,7.746838092803955,1783606899.384309
1093100,8.337726593017578,1783606905.7592905
1093200,12.40757942199707,1783606911.8716445
1093300,9.401201248168945,1783606917.977324
1093400,12.013757705688477,1783606924.01289
1093500,8.689212799072266,1783606930.118442
1093600,9.046358108520508,1783606936.3226385
1093700,10.91727352142334,1783606942.5433455
1093800,9.544425010681152,1783606948.8906868
1093900,12.533084869384766,1783606955.358829
1094000,11.25248908996582,1783606961.5986063
1094100,8.55976390838623,1783606967.8456993
1094200,9.225061416625977,1783606974.0997303
1094300,8.90613842010498,1783606980.2806928
1094400,9.327404975891113,1783606986.407531
1094500,8.921777725219727,1783606992.6438336
1094600,8.712298393249512,1783606998.6367493
1094700,9.302350997924805,1783607004.6416016
1094800,10.497352600097656,1783607010.9716845
1094900,7.8745551109313965,1783607017.0459955
1095000,7.496879577636719,1783607023.3893812
1095100,11.17183780670166,1783607029.40691
1095200,10.430492401123047,1783607035.4710262
1095300,8.491559028625488,1783607041.5939784
1095400,9.402700424194336,1783607047.5977254
1095500,8.704109191894531,1783607053.815281
1095600,8.705243110656738,1783607060.0265288
1095700,9.914631843566895,1783607066.3623495
1095800,12.172353744506836,1783607072.5818791
1095900,13.362719535827637,1783607078.6527865
1096000,12.638834953308105,1783607084.9620166
1096100,9.35584545135498,1783607091.1920617
1096200,10.068442344665527,1783607097.1215322
1096300,10.860042572021484,1783607103.1359608
1096400,10.375495910644531,1783607109.070217
1096500,9.507405281066895,1783607115.3100317
1096600,9.576708793640137,1783607121.5654256
1096700,11.13466739654541,1783607127.8347526
1096800,11.062399864196777,1783607133.9230978
1096900,8.616662979125977,1783607139.9866695
1097000,13.146142959594727,1783607146.1963158
1097100,8.999563217163086,1783607152.3770678
1097200,8.808477401733398,1783607158.5736563
1097300,7.394371032714844,1783607164.5927742
1097400,8.950959205627441,1783607170.7145538
1097500,8.877044677734375,1783607176.7212257
1097600,9.099635124206543,1783607182.7905455
1097700,8.336503028869629,1783607189.0892222
1097800,11.61201286315918,1783607195.3237393
1097900,12.018362045288086,1783607201.5551867
1098000,10.835420608520508,1783607207.8619967
1098100,10.401002883911133,1783607213.910117
1098200,9.243955612182617,1783607219.9909508
1098300,10.692035675048828,1783607226.223666
1098400,8.531587600708008,1783607232.3761559
1098500,7.799441337585449,1783607238.437705
1098600,10.546082496643066,1783607244.8084583
1098700,8.421381950378418,1783607251.0201385
1098800,9.248766899108887,1783607257.109996
1098900,8.643491744995117,1783607263.4090447
1099000,8.29797077178955,1783607269.5362916
1099100,7.80668830871582,1783607275.958234
1099200,11.833427429199219,1783607282.2628775
1099300,12.630874633789062,1783607288.3202775
1099400,8.370505332946777,1783607294.5949788
1099500,12.6065092086792,1783607300.8272972
1099600,11.762476921081543,1783607306.9719894
1099700,11.139790534973145,1783607313.1340144
1099800,10.325688362121582,1783607319.4164438
1099900,12.588979721069336,1783607325.5807688
1100000,8.74800968170166,1783607331.900885
1100100,11.023524284362793,1783607483.3933644
1100200,8.737344741821289,1783607489.7026117
1100300,9.284605026245117,1783607495.8980393
1100400,11.84033203125,1783607502.3175511
1100500,12.089004516601562,1783607508.5035036
1100600,7.567145347595215,1783607514.97596
1100700,9.261824607849121,1783607521.1849658
1100800,9.253360748291016,1783607527.4358897
1100900,12.136219024658203,1783607533.7212229
1101000,8.195382118225098,1783607539.8634522
1101100,7.895767688751221,1783607546.2029774
1101200,8.295755386352539,1783607552.3116496
1101300,10.106954574584961,1783607558.966537
1101400,10.864692687988281,1783607565.0856
1101500,8.362190246582031,1783607571.2627444
1101600,8.018360137939453,1783607577.4366784
1101700,7.089466094970703,1783607583.5289438
1101800,9.007926940917969,1783607589.8238416
1101900,8.744583129882812,1783607596.1318552
1102000,9.702736854553223,1783607602.4162323
1102100,8.865541458129883,1783607608.4538205
1102200,9.584615707397461,1783607614.695233
1102300,10.591169357299805,1783607620.984617
1102400,9.546882629394531,1783607627.132672
1102500,9.962455749511719,1783607633.327245
1102600,10.341347694396973,1783607639.1952953
1102700,8.7130708694458,1783607645.3967533
1102800,10.22068977355957,1783607651.607497
1102900,9.969700813293457,1783607657.666741
1103000,9.12828254699707,1783607663.6681278
1103100,9.715643882751465,1783607670.074222
1103200,9.861848831176758,1783607676.0554924
1103300,9.22549057006836,1783607682.1775486
1103400,9.222882270812988,1783607688.1956391
1103500,7.312953472137451,1783607694.4217145
1103600,7.711893081665039,1783607700.7759001
1103700,7.603778839111328,1783607707.007276
1103800,8.305570602416992,1783607713.0166938
1103900,8.585918426513672,1783607719.355307
1104000,8.784021377563477,1783607725.4948168
1104100,10.750971794128418,1783607731.6766627
1104200,8.544733047485352,1783607737.9659805
1104300,10.087303161621094,1783607743.8875933
1104400,8.859620094299316,1783607750.133756
1104500,10.375890731811523,1783607756.15825
1104600,9.140008926391602,1783607762.4254587
1104700,8.45376205444336,1783607768.571304
1104800,9.577314376831055,1783607774.8281314
1104900,10.261274337768555,1783607781.1105397
1105000,13.091126441955566,1783607787.2861345
1105100,9.208395957946777,1783607793.627073
1105200,9.17597770690918,1783607799.9625604
1105300,9.793475151062012,1783607806.095379
1105400,8.101958274841309,1783607812.2904096
1105500,10.11099910736084,1783607818.4147482
1105600,8.871950149536133,1783607824.6144931
1105700,9.05389404296875,1783607830.7102535
1105800,7.370603561401367,1783607836.76602
1105900,6.233805179595947,1783607842.8803954
1106000,7.764379978179932,1783607848.8572624
1106100,11.881336212158203,1783607854.8240716
1106200,8.51307487487793,1783607860.8809566
1106300,12.271807670593262,1783607867.058045
1106400,10.857839584350586,1783607873.2772326
1106500,8.555169105529785,1783607879.5192583
1106600,7.691330432891846,1783607885.6733391
1106700,8.51526165008545,1783607891.9409864
1106800,9.676454544067383,1783607897.9280462
1106900,9.186416625976562,1783607904.1186578
1107000,8.982843399047852,1783607910.0773005
1107100,8.703609466552734,1783607916.2903802
1107200,8.65172004699707,1783607922.6656399
1107300,8.483713150024414,1783607929.089894
1107400,11.305519104003906,1783607935.271394
1107500,7.238412857055664,1783607941.2924604
1107600,8.436125755310059,1783607947.456612
1107700,8.848450660705566,1783607953.624792
1107800,7.57958984375,1783607959.8278263
1107900,11.500728607177734,1783607966.0497694
1108000,9.956098556518555,1783607972.212072
1108100,8.13428020477295,1783607978.3226826
1108200,8.576395988464355,1783607984.4446602
1108300,7.85932731628418,1783607990.6216598
1108400,8.042913436889648,1783607996.724559
1108500,8.271724700927734,1783608003.0436902
1108600,10.079383850097656,1783608009.2077253
1108700,5.461795806884766,1783608015.326414
1108800,6.527653694152832,1783608021.3908744
1108900,10.9107666015625,1783608027.3758733
1109000,14.403291702270508,1783608033.2477458
1109100,10.649057388305664,1783608039.2190259
1109200,8.636911392211914,1783608045.3049188
1109300,7.742488861083984,1783608051.2954712
1109400,7.208309650421143,1783608057.4397914
1109500,7.6742448806762695,1783608063.7453496
1109600,7.603160858154297,1783608069.8839266
1109700,8.818428039550781,1783608076.068535
1109800,10.620307922363281,1783608082.3358858
1109900,9.136503219604492,1783608088.539025
1110000,9.827713012695312,1783608094.6594493
1110100,10.481420516967773,1783608100.7225187
1110200,7.997379302978516,1783608107.0688295
1110300,6.914681434631348,1783608113.1737602
1110400,7.77189302444458,1783608119.3858893
1110500,7.485407829284668,1783608125.4290757
1110600,6.9771809577941895,1783608131.5493038
1110700,6.507044792175293,1783608137.693303
1110800,7.22550630569458,1783608144.0040863
1110900,7.647686958312988,1783608150.1349685
1111000,11.234617233276367,1783608156.3796992
1111100,10.746503829956055,1783608162.4972546
1111200,8.577930450439453,1783608168.5699146
1111300,9.734458923339844,1783608174.5927193
1111400,10.512105941772461,1783608180.8541353
1111500,10.015596389770508,1783608187.007002
1111600,9.305771827697754,1783608193.3182735
1111700,11.19732666015625,1783608199.6127772
1111800,12.44134521484375,1783608205.8846729
1111900,9.533414840698242,1783608211.9246798
1112000,7.888811111450195,1783608218.270637
1112100,12.200265884399414,1783608224.4102325
1112200,8.837723731994629,1783608230.8657033
1112300,6.799655437469482,1783608237.1223137
1112400,8.413686752319336,1783608243.1761801
1112500,9.52902603149414,1783608249.3696308
1112600,10.080682754516602,1783608255.408606
1112700,7.580086708068848,1783608261.8447824
1112800,9.03455924987793,1783608268.052399
1112900,11.464507102966309,1783608274.2765493
1113000,8.049362182617188,1783608280.4746408
1113100,10.022703170776367,1783608286.590408
1113200,8.51137924194336,1783608292.8038945
1113300,8.77570915222168,1783608299.0790935
1113400,8.737954139709473,1783608305.1734152
1113500,11.368136405944824,1783608311.3651261
1113600,10.090230941772461,1783608317.5348318
1113700,9.222367286682129,1783608323.5679288
1113800,10.379843711853027,1783608329.9812114
1113900,13.72096061706543,1783608336.1499527
1114000,10.157211303710938,1783608342.5730152
1114100,7.934727191925049,1783608348.6075501
1114200,8.170869827270508,1783608354.9630487
1114300,7.422295093536377,1783608361.3299577
1114400,7.849966049194336,1783608367.5502336
1114500,15.598896026611328,1783608373.7514203
1114600,12.375779151916504,1783608379.966907
1114700,13.476725578308105,1783608386.0794337
1114800,10.317209243774414,1783608392.2746894
1114900,9.870054244995117,1783608398.5534887
1115000,11.72569751739502,1783608404.6037729
1115100,10.798548698425293,1783608410.8143609
1115200,12.491684913635254,1783608416.8456335
1115300,10.850085258483887,1783608423.1522627
1115400,10.110023498535156,1783608429.475853
1115500,9.809955596923828,1783608435.5543303
1115600,8.679683685302734,1783608441.730116
1115700,8.862844467163086,1783608447.7271044
1115800,9.823453903198242,1783608454.112393
1115900,10.284854888916016,1783608460.2112792
1116000,8.76578140258789,1783608466.3887634
1116100,7.465939044952393,1783608472.6710348
1116200,9.338333129882812,1783608478.7919056
1116300,6.741519927978516,1783608485.0973616
1116400,8.279979705810547,1783608491.4850013
1116500,7.483648777008057,1783608497.6645267
1116600,9.406639099121094,1783608503.7679482
1116700,9.524895668029785,1783608510.0082278
1116800,10.029595375061035,1783608516.3896918
1116900,13.389504432678223,1783608522.721816
1117000,11.260496139526367,1783608528.9213052
1117100,9.458404541015625,1783608534.9566483
1117200,7.99038553237915,1783608541.3474598
1117300,9.225781440734863,1783608547.6160727
1117400,8.38118839263916,1783608553.7347653
1117500,10.329063415527344,1783608559.945543
1117600,12.407089233398438,1783608566.183737
1117700,9.231761932373047,1783608572.247741
1117800,8.206088066101074,1783608578.5314505
1117900,8.786550521850586,1783608584.8868155
1118000,11.096199035644531,1783608591.1871686
1118100,8.8508882522583,1783608597.4805403
1118200,8.61105728149414,1783608603.4648287
1118300,8.438057899475098,1783608609.8087857
1118400,10.99812126159668,1783608615.817232
1118500,8.293115615844727,1783608621.9487257
1118600,8.276877403259277,1783608628.012294
1118700,8.496137619018555,1783608634.0497887
1118800,11.74541187286377,1783608640.3641837
1118900,9.673425674438477,1783608646.9084861
1119000,13.323432922363281,1783608653.0668542
1119100,11.737570762634277,1783608659.3071055
1119200,9.42076587677002,1783608665.4932678
1119300,10.030043601989746,1783608671.4921613
1119400,11.32683277130127,1783608677.694412
1119500,10.189630508422852,1783608683.8454986
1119600,11.086468696594238,1783608689.9782903
1119700,12.997425079345703,1783608696.0750763
1119800,10.393506050109863,1783608702.086858
1119900,8.247962951660156,1783608708.2849386
1120000,8.463844299316406,1783608714.6735158
1120100,8.289434432983398,1783608721.0518637
1120200,7.364559173583984,1783608727.5346987
1120300,7.628551959991455,1783608733.7780654
1120400,9.817071914672852,1783608739.935624
1120500,7.367009162902832,1783608746.040032
1120600,8.286214828491211,1783608752.1127946
1120700,7.594403266906738,1783608758.544088
1120800,8.667241096496582,1783608764.8092914
1120900,7.462149620056152,1783608770.8028188
1121000,7.425716400146484,1783608776.865972
1121100,8.456462860107422,1783608783.0863495
1121200,9.8721923828125,1783608789.23209
1121300,11.596219062805176,1783608795.3257074
1121400,11.947731018066406,1783608801.610933
1121500,12.687507629394531,1783608807.7613487
1121600,10.336129188537598,1783608813.9934576
1121700,8.63962459564209,1783608820.318403
1121800,6.7213287353515625,1783608826.4942605
1121900,8.254398345947266,1783608832.592673
1122000,6.931237697601318,1783608838.6792107
1122100,8.814362525939941,1783608845.0246918
1122200,9.450257301330566,1783608851.0578487
1122300,9.694927215576172,1783608857.1788416
1122400,10.414921760559082,1783608863.445114
1122500,11.76286506652832,1783608869.4603825
1122600,12.514286994934082,1783608875.6273758
1122700,9.000229835510254,1783608881.8143923
1122800,8.397229194641113,1783608888.2773364
1122900,6.843559265136719,1783608894.4847217
1123000,7.206305027008057,1783608900.6803071
1123100,9.263994216918945,1783608906.888457
1123200,8.459284782409668,1783608913.150996
1123300,7.2557806968688965,1783608919.3109314
1123400,9.07310962677002,1783608925.4171274
1123500,12.533244132995605,1783608931.7188785
1123600,11.796547889709473,1783608937.9459617
1123700,9.36056900024414,1783608944.1455123
1123800,8.682611465454102,1783608950.2934453
1123900,8.639761924743652,1783608956.5943768
1124000,8.409255027770996,1783608962.676287
1124100,8.7337064743042,1783608968.8913162
1124200,8.92568588256836,1783608975.2833369
1124300,9.764935493469238,1783608981.4731982
1124400,11.447293281555176,1783608987.7862754
1124500,7.885031223297119,1783608994.0751245
1124600,7.052326679229736,1783609000.1681294
1124700,8.671775817871094,1783609006.1115932
1124800,7.73677396774292,1783609012.0295846
1124900,9.279119491577148,1783609017.9968672
1125000,11.30009651184082,1783609024.253233
1125100,8.084562301635742,1783609180.4986048
1125200,7.567486763000488,1783609186.7913904
1125300,7.508930206298828,1783609192.872855
1125400,8.28548526763916,1783609199.0768225
1125500,8.245370864868164,1783609205.2066936
1125600,6.945263862609863,1783609211.5815432
1125700,7.9603118896484375,1783609217.6614
1125800,9.798500061035156,1783609223.654899
1125900,7.062716007232666,1783609229.8643024
1126000,8.809793472290039,1783609236.1223547
1126100,10.282278060913086,1783609242.267754
1126200,12.521465301513672,1783609248.5201235
1126300,9.927452087402344,1783609254.7197633
1126400,12.227010726928711,1783609260.9900613
1126500,10.579999923706055,1783609267.241726
1126600,7.2920637130737305,1783609273.339983
1126700,10.234363555908203,1783609279.7715278
1126800,10.056314468383789,1783609285.8523302
1126900,11.436524391174316,1783609292.0545716
1127000,9.161632537841797,1783609298.2010193
1127100,10.450061798095703,1783609304.2544613
1127200,9.764863014221191,1783609310.2386928
1127300,8.96092700958252,1783609316.2090437
1127400,11.051684379577637,1783609322.3149931
1127500,9.462841033935547,1783609328.3932106
1127600,7.664535999298096,1783609334.4628313
1127700,8.04843807220459,1783609340.271804
1127800,7.698457717895508,1783609346.7113419
1127900,8.151731491088867,1783609352.9062903
1128000,8.084095001220703,1783609358.9772036
1128100,10.13380241394043,1783609365.1567273
1128200,9.85489273071289,1783609371.4755816
1128300,9.023992538452148,1783609377.789138
1128400,9.757706642150879,1783609383.8764997
1128500,11.682790756225586,1783609389.9244347
1128600,10.374200820922852,1783609396.0082786
1128700,9.359468460083008,1783609402.254489
1128800,6.619296073913574,1783609408.5864754
1128900,9.405412673950195,1783609414.622056
1129000,12.859118461608887,1783609420.7750733
1129100,11.127249717712402,1783609427.0264928
1129200,9.783758163452148,1783609433.19716
1129300,7.471014976501465,1783609439.5244286
1129400,9.973268508911133,1783609445.6599607
1129500,9.169658660888672,1783609451.6227403
1129600,7.667024612426758,1783609565.1017318
1129700,9.067547798156738,1783609571.407291
1129800,8.838886260986328,1783609577.890976
1129900,10.66744613647461,1783609584.0641444
1130000,10.356330871582031,1783609590.1096213
1130100,12.579322814941406,1783609596.5829864
1130200,8.6768798828125,1783609602.8558373
1130300,10.386353492736816,1783609608.9409764
1130400,10.346360206604004,1783609614.9939744
1130500,7.845696926116943,1783609621.2940814
1130600,8.07524585723877,1783609627.4851274
1130700,9.051780700683594,1783609633.5332208
1130800,8.775619506835938,1783609639.959375
1130900,8.425260543823242,1783609646.201268
1131000,7.797689437866211,1783609652.5889916
1131100,9.037879943847656,1783609658.7111707
1131200,8.950643539428711,1783609665.016689
1131300,8.25118350982666,1783609671.3252566
1131400,9.409683227539062,1783609677.4536474
1131500,10.154821395874023,1783609683.653698
1131600,8.928057670593262,1783609689.9637394
1131700,7.424029350280762,1783609696.0936053
1131800,9.824868202209473,1783609702.2736928
1131900,11.820091247558594,1783609708.4353516
1132000,9.11057186126709,1783609714.5565276
1132100,9.438980102539062,1783609720.637229
1132200,7.646451950073242,1783609726.867778
1132300,7.367028713226318,1783609733.0077446
1132400,6.965243816375732,1783609739.0222626
1132500,6.69904899597168,1783609745.1047256
1132600,7.998907089233398,1783609751.3837106
1132700,6.310174942016602,1783609757.4852886
1132800,5.987237930297852,1783609763.5398316
1132900,7.102400779724121,1783609769.7361429
1133000,6.966053009033203,1783609775.9539025
1133100,10.275860786437988,1783609782.077152
1133200,12.147157669067383,1783609788.3361237
1133300,6.830160140991211,1783609794.527407
1133400,10.802507400512695,1783609800.5959816
1133500,11.213616371154785,1783609806.5639102
1133600,10.096593856811523,1783609812.7005212
1133700,10.27010440826416,1783609818.676029
1133800,9.727849006652832,1783609824.7953377
1133900,11.043439865112305,1783609830.903358
1134000,7.676270961761475,1783609837.1317456
1134100,8.670047760009766,1783609843.2574677
1134200,9.100366592407227,1783609849.4862552
1134300,9.524760246276855,1783609855.9011424
1134400,6.706608772277832,1783609861.9281487
1134500,7.931924343109131,1783609868.2117162
1134600,7.2390923500061035,1783609874.3519228
1134700,10.063364028930664,1783609880.4351673
1134800,13.657491683959961,1783609886.8182228
1134900,11.456968307495117,1783609892.8508885
1135000,10.115450859069824,1783609899.24041
1135100,8.77829360961914,1783609905.8669007
1135200,10.79629135131836,1783609912.0833127
1135300,11.940101623535156,1783609918.311552
1135400,9.602396965026855,1783609924.5170689
1135500,7.742262363433838,1783609930.8205855
1135600,7.950485706329346,1783609936.8679283
1135700,9.439205169677734,1783609943.2049036
1135800,10.356746673583984,1783609949.38814
1135900,9.526900291442871,1783609955.7508233
1136000,7.09190559387207,1783609962.0643365
1136100,6.776235580444336,1783609968.5019164
1136200,10.805213928222656,1783609974.6918898
1136300,8.457975387573242,1783609981.044913
1136400,10.015289306640625,1783609987.1413105
1136500,8.267030715942383,1783609993.2699633
1136600,7.893253803253174,1783610000.0187807
1136700,7.437778472900391,1783610006.1453373
1136800,7.686935901641846,1783610012.1123118
1136900,7.83732271194458,1783610018.1539598
1137000,6.706112861633301,1783610024.3778014
1137100,10.952203750610352,1783610030.6684322
1137200,10.176684379577637,1783610036.7077916
1137300,9.538278579711914,1783610043.0029612
1137400,10.425369262695312,1783610049.2297952
1137500,7.433899879455566,1783610055.3181815
1137600,9.7662935256958,1783610061.4031732
1137700,11.318845748901367,1783610067.6643798
1137800,7.889962196350098,1783610073.717012
1137900,8.502483367919922,1783610079.8173606
1138000,9.771663665771484,1783610085.9709265
1138100,9.245687484741211,1783610092.36001
1138200,9.121906280517578,1783610098.4176686
1138300,9.160005569458008,1783610104.6191134
1138400,10.097393035888672,1783610110.827646
1138500,7.771677017211914,1783610117.0099173
1138600,8.396234512329102,1783610123.2415392
1138700,10.608953475952148,1783610129.4947758
1138800,11.07926082611084,1783610135.4932005
1138900,7.823510646820068,1783610141.6521487
1139000,7.803609848022461,1783610147.7764452
1139100,8.087047576904297,1783610154.0058794
1139200,9.469949722290039,1783610160.0112326
1139300,9.315523147583008,1783610166.0909379
1139400,7.743932723999023,1783610172.0762484
1139500,7.653626441955566,1783610178.2920184
1139600,6.818504333496094,1783610184.274608
1139700,8.021172523498535,1783610190.327172
1139800,8.017072677612305,1783610196.5225484
1139900,8.180025100708008,1783610202.6115923
1140000,10.513370513916016,1783610209.0727954
1140100,13.309150695800781,1783610215.076164
1140200,10.81627082824707,1783610221.211006
1140300,8.639845848083496,1783610227.2343788
1140400,8.84898853302002,1783610233.6509197
1140500,7.530547618865967,1783610239.822422
1140600,7.831967830657959,1783610245.8431385
1140700,8.168050765991211,1783610251.9519336
1140800,10.54315185546875,1783610258.0881255
1140900,12.108915328979492,1783610264.5369217
1141000,9.776089668273926,1783610270.730876
1141100,8.469697952270508,1783610276.7331266
1141200,8.356769561767578,1783610282.660889
1141300,7.656700134277344,1783610288.7458212
1141400,7.244786739349365,1783610294.7933457
1141500,6.6074347496032715,1783610300.8915129
1141600,9.108919143676758,1783610307.123528
1141700,6.835726261138916,1783610313.2247496
1141800,10.591741561889648,1783610319.4129725
1141900,13.27747917175293,1783610325.7510204
1142000,9.709419250488281,1783610332.0774634
1142100,9.546602249145508,1783610338.3085046
1142200,9.882107734680176,1783610344.4061947
1142300,10.86202621459961,1783610350.6672575
1142400,11.531942367553711,1783610356.7332747
1142500,12.424613952636719,1783610362.884731
1142600,12.979455947875977,1783610368.9750361
1142700,11.439043045043945,1783610375.1460016
1142800,13.433771133422852,1783610381.5545726
1142900,7.825015068054199,1783610387.6236782
1143000,8.882408142089844,1783610393.6589015
1143100,12.888252258300781,1783610399.7235873
1143200,8.956024169921875,1783610405.717389
1143300,7.515527725219727,1783610411.8369167
1143400,8.660597801208496,1783610418.0922532
1143500,7.909679412841797,1783610424.3606808
1143600,9.491706848144531,1783610430.5204988
1143700,9.23950481414795,1783610436.828656
1143800,10.94441032409668,1783610443.1192374
1143900,7.810456275939941,1783610449.2714005
1144000,7.856926918029785,1783610455.380866
1144100,10.724398612976074,1783610461.4227467
1144200,9.397371292114258,1783610467.6935225
1144300,8.932458877563477,1783610473.7378318
1144400,8.795459747314453,1783610480.1379035
1144500,7.679223537445068,1783610486.2954655
1144600,8.163026809692383,1783610492.4862685
1144700,10.482728958129883,1783610498.609159
1144800,7.000310897827148,1783610504.7840524
1144900,7.722932815551758,1783610510.691874
1145000,6.587831020355225,1783610516.8784635
1145100,9.408782005310059,1783610523.179361
1145200,7.173357963562012,1783610529.2895799
1145300,6.668252468109131,1783610535.5695536
1145400,6.208201885223389,1783610541.7957654
1145500,6.4650726318359375,1783610547.8835573
1145600,9.854092597961426,1783610554.053071
1145700,7.237255096435547,1783610560.2558568
1145800,12.939640045166016,1783610566.3777282
1145900,8.211465835571289,1783610572.6074011
1146000,6.548705577850342,1783610578.7409592
1146100,9.945472717285156,1783610584.7858577
1146200,9.417618751525879,1783610591.0481243
1146300,7.449337005615234,1783610597.1370487
1146400,6.501326084136963,1783610603.2715116
1146500,7.149744987487793,1783610609.3770504
1146600,12.860212326049805,1783610615.5603704
1146700,7.24271821975708,1783610621.7576497
1146800,6.130679130554199,1783610627.9052474
1146900,7.208067893981934,1783610634.068977
1147000,7.749321460723877,1783610640.414146
1147100,8.283281326293945,1783610646.7534068
1147200,8.348345756530762,1783610653.1456058
1147300,7.932439804077148,1783610659.1363556
1147400,7.118959903717041,1783610665.6014915
1147500,7.791488170623779,1783610671.8249989
1147600,8.139697074890137,1783610678.0582104
1147700,9.626630783081055,1783610684.156037
1147800,9.437487602233887,1783610690.2272666
1147900,14.441070556640625,1783610696.6175897
1148000,9.114233016967773,1783610702.705263
1148100,9.10267162322998,1783610708.6267278
1148200,11.238029479980469,1783610714.81485
1148300,9.809479713439941,1783610721.0974498
1148400,10.098409652709961,1783610727.138291
1148500,12.386096954345703,1783610733.1067383
1148600,10.226158142089844,1783610739.2952611
1148700,10.579612731933594,1783610745.5101244
1148800,9.612628936767578,1783610752.0320415
1148900,10.768792152404785,1783610758.00989
1149000,8.100127220153809,1783610764.0827832
1149100,9.169248580932617,1783610770.3364782
1149200,9.308429718017578,1783610776.786625
1149300,7.749188423156738,1783610783.142805
1149400,7.652518272399902,1783610789.3389435
1149500,7.208980083465576,1783610795.8383255
1149600,6.196743488311768,1783610802.175626
1149700,6.63254451751709,1783610808.1063385
1149800,6.81810998916626,1783610814.3659647
1149900,9.799456596374512,1783610820.512172
1150000,10.471373558044434,1783940795.9599662
