step,episode,success_roll,collision_roll,collision_ped_roll,collision_static_roll,shield_frozen_roll,mean_reward_roll
599,1,0.0,0.0,0.0,0.0,0.0,-682.2776
1199,2,0.0,0.0,0.0,0.0,0.0,-653.3997
1799,3,0.0,0.0,0.0,0.0,0.0,-620.8053
2157,4,0.25,0.0,0.0,0.0,0.0,-543.6773
2423,5,0.4,0.0,0.0,0.0,0.0,-467.4576
2652,6,0.3333,0.1667,0.0,0.1667,0.0,-435.6154
3033,7,0.2857,0.2857,0.0,0.2857,0.0,-431.384
3150,8,0.25,0.375,0.0,0.375,0.0,-396.4797
3566,9,0.2222,0.4444,0.0,0.4444,0.0,-400.4313
3697,10,0.2,0.5,0.0,0.5,0.0,-376.1078
3965,11,0.1818,0.5455,0.0909,0.4545,0.0,-366.1046
4292,12,0.1667,0.5833,0.0833,0.5,0.0,-362.1916
4436,13,0.1538,0.6154,0.0769,0.5385,0.0,-346.2606
4727,14,0.1429,0.6429,0.0714,0.5714,0.0,-344.2742
5327,15,0.1333,0.6,0.0667,0.5333,0.0,-352.8573
5364,16,0.125,0.625,0.0625,0.5625,0.0,-334.4004
5659,17,0.1176,0.6471,0.0588,0.5882,0.0,-334.2321
5860,18,0.1667,0.6111,0.0556,0.5556,0.0,-323.6164
6385,19,0.2105,0.5789,0.0526,0.5263,0.0,-330.8453
6721,20,0.2,0.6,0.05,0.55,0.0,-333.452
7321,21,0.1905,0.5714,0.0476,0.5238,0.0,-340.9888
7505,22,0.1818,0.5909,0.0455,0.5455,0.0,-334.2848
7661,23,0.1739,0.6087,0.0435,0.5652,0.0,-327.9867
7960,24,0.2083,0.5833,0.0417,0.5417,0.0,-320.7759
8002,25,0.2,0.6,0.08,0.52,0.0,-310.8746
8233,26,0.2308,0.5769,0.0769,0.5,0.0,-304.6857
8625,27,0.2593,0.5556,0.0741,0.4815,0.0,-302.8079
9115,28,0.2857,0.5357,0.0714,0.4643,0.0,-304.3942
9570,29,0.2759,0.5517,0.1034,0.4483,0.0,-306.426
10170,30,0.2667,0.5333,0.1,0.4333,0.0,-310.5406
10199,31,0.2581,0.5484,0.0968,0.4516,0.0,-302.1523
10329,32,0.2812,0.5312,0.0938,0.4375,0.0,-294.1037
10472,33,0.2727,0.5455,0.1212,0.4242,0.0,-289.3442
11072,34,0.2647,0.5294,0.1176,0.4118,0.0,-293.6001
11672,35,0.2571,0.5143,0.1143,0.4,0.0,-298.1474
11906,36,0.2778,0.5,0.1111,0.3889,0.0,-293.6755
12144,37,0.2973,0.4865,0.1081,0.3784,0.0,-289.166
12283,38,0.2895,0.5,0.1053,0.3947,0.0,-285.4332
12492,39,0.2821,0.5128,0.1026,0.4103,0.0,-284.4279
13092,40,0.275,0.5,0.1,0.4,0.0,-289.2191
13296,41,0.2927,0.4878,0.0976,0.3902,0.0,-284.628
13661,42,0.2857,0.5,0.0952,0.4048,0.0,-285.5298
13738,43,0.3023,0.4884,0.093,0.3953,0.0,-279.2077
13947,44,0.2955,0.5,0.0909,0.4091,0.0,-276.9001
14034,45,0.3111,0.4889,0.0889,0.4,0.0,-271.1088
14210,46,0.3261,0.4783,0.087,0.3913,0.0,-266.5472
14423,47,0.3404,0.4681,0.0851,0.383,0.0,-263.1311
14485,48,0.3333,0.4792,0.0833,0.3958,0.0,-259.0841
14723,49,0.3469,0.4694,0.0816,0.3878,0.0,-256.3071
15018,50,0.36,0.46,0.08,0.38,0.0,-254.2464
15221,51,0.3725,0.451,0.0784,0.3725,0.0,-250.8278
15577,52,0.3846,0.4423,0.0769,0.3654,0.0,-249.1939
15757,53,0.3962,0.434,0.0755,0.3585,0.0,-245.9736
15926,54,0.4074,0.4259,0.0741,0.3519,0.0,-242.907
15991,55,0.4,0.4364,0.0909,0.3455,0.0,-239.7731
16591,56,0.3929,0.4286,0.0893,0.3393,0.0,-242.6777
16907,57,0.4035,0.4211,0.0877,0.3333,0.0,-241.0603
17111,58,0.4138,0.4138,0.0862,0.3276,0.0,-238.5125
17344,59,0.4237,0.4068,0.0847,0.322,0.0,-236.2781
17584,60,0.4333,0.4,0.0833,0.3167,0.0,-234.275
17952,61,0.4426,0.3934,0.082,0.3115,0.0,-233.6924
18089,62,0.4516,0.3871,0.0806,0.3065,0.0,-230.6342
18228,63,0.4603,0.381,0.0794,0.3016,0.0,-227.9028
18369,64,0.4688,0.375,0.0781,0.2969,0.0,-225.1557
18709,65,0.4769,0.3692,0.0769,0.2923,0.0,-224.3298
18833,66,0.4848,0.3636,0.0758,0.2879,0.0,-221.6094
19115,67,0.4925,0.3582,0.0746,0.2836,0.0,-220.2861
19293,68,0.5,0.3529,0.0735,0.2794,0.0,-218.1413
19893,69,0.4928,0.3478,0.0725,0.2754,0.0,-219.9911
20078,70,0.5,0.3429,0.0714,0.2714,0.0,-217.7744
20173,71,0.507,0.338,0.0704,0.2676,0.0,-215.0281
20380,72,0.5139,0.3333,0.0694,0.2639,0.0,-213.1693
20689,73,0.5205,0.3288,0.0685,0.2603,0.0,-212.2386
21198,74,0.527,0.3243,0.0676,0.2568,0.0,-212.8966
21442,75,0.5333,0.32,0.0667,0.2533,0.0,-211.2583
21792,76,0.5395,0.3158,0.0658,0.25,0.0,-210.7766
21919,77,0.5455,0.3117,0.0649,0.2468,0.0,-208.6069
22161,78,0.5385,0.3205,0.0641,0.2564,0.0,-208.3445
22293,79,0.5443,0.3165,0.0633,0.2532,0.0,-206.1746
22388,80,0.55,0.3125,0.0625,0.25,0.0,-203.818
22508,81,0.5556,0.3086,0.0617,0.2469,0.0,-201.8073
22803,82,0.561,0.3049,0.061,0.2439,0.0,-200.7232
22935,83,0.5663,0.3012,0.0602,0.241,0.0,-198.8838
23189,84,0.5714,0.2976,0.0595,0.2381,0.0,-197.7344
23354,85,0.5765,0.2941,0.0588,0.2353,0.0,-196.1279
23809,86,0.5698,0.3023,0.0581,0.2442,0.0,-196.9341
24010,87,0.5747,0.2989,0.0575,0.2414,0.0,-195.5587
24221,88,0.5795,0.2955,0.0568,0.2386,0.0,-194.1258
24602,89,0.5843,0.2921,0.0562,0.236,0.0,-194.1499
24850,90,0.5889,0.2889,0.0556,0.2333,0.0,-193.2522
24971,91,0.5934,0.2857,0.0549,0.2308,0.0,-191.5485
25251,92,0.5978,0.2826,0.0543,0.2283,0.0,-190.642
25380,93,0.5914,0.2903,0.0645,0.2258,0.0,-189.6488
25479,94,0.5957,0.2872,0.0638,0.2234,0.0,-188.0431
25610,95,0.6,0.2842,0.0632,0.2211,0.0,-186.3398
25774,96,0.6042,0.2812,0.0625,0.2188,0.0,-184.7958
25976,97,0.5979,0.2887,0.0619,0.2268,0.0,-184.549
26146,98,0.602,0.2857,0.0612,0.2245,0.0,-183.1927
26519,99,0.6061,0.2828,0.0606,0.2222,0.0,-182.8918
26748,100,0.61,0.28,0.06,0.22,0.0,-181.8621
26942,101,0.61,0.29,0.06,0.23,0.0,-176.3685
27137,102,0.62,0.29,0.06,0.23,0.0,-170.8425
27256,103,0.63,0.29,0.06,0.23,0.0,-165.5379
27680,104,0.63,0.29,0.06,0.23,0.0,-164.3631
27882,105,0.63,0.29,0.06,0.23,0.0,-163.4165
28108,106,0.64,0.28,0.06,0.22,0.0,-161.4482
28274,107,0.65,0.27,0.06,0.21,0.0,-158.0017
28740,108,0.66,0.26,0.06,0.2,0.0,-158.7221
28973,109,0.67,0.25,0.06,0.19,0.0,-155.2589
29120,110,0.68,0.24,0.06,0.18,0.0,-153.9745
29285,111,0.69,0.23,0.05,0.18,0.0,-151.7426
29885,112,0.69,0.22,0.05,0.17,0.0,-152.0528
30074,113,0.7,0.21,0.05,0.16,0.0,-150.9743
30292,114,0.71,0.2,0.05,0.15,0.0,-148.5829
30892,115,0.71,0.2,0.05,0.15,0.0,-147.0246
31056,116,0.72,0.19,0.05,0.14,0.0,-146.9138
31362,117,0.72,0.19,0.05,0.14,0.0,-145.495
31685,118,0.72,0.19,0.05,0.14,0.0,-145.3408
32023,119,0.71,0.2,0.05,0.15,0.0,-142.714
32215,120,0.72,0.19,0.05,0.14,0.0,-139.5856
32583,121,0.73,0.19,0.05,0.14,0.0,-136.261
32694,122,0.74,0.18,0.05,0.13,0.0,-134.5879
32841,123,0.75,0.17,0.05,0.12,0.0,-133.0173
33139,124,0.74,0.18,0.06,0.12,0.0,-133.4126
33362,125,0.75,0.17,0.05,0.12,0.0,-133.4891
33671,126,0.75,0.17,0.05,0.12,0.0,-133.2348
33908,127,0.75,0.17,0.05,0.12,0.0,-131.5809
34134,128,0.75,0.17,0.05,0.12,0.0,-128.9189
34449,129,0.76,0.16,0.04,0.12,0.0,-126.3856
34695,130,0.77,0.16,0.04,0.12,0.0,-123.0029
34978,131,0.78,0.15,0.04,0.11,0.0,-123.6538
35028,132,0.77,0.16,0.04,0.12,0.0,-123.7648
35253,133,0.78,0.15,0.03,0.12,0.0,-123.1857
35760,134,0.78,0.16,0.03,0.13,0.0,-121.8233
36360,135,0.78,0.16,0.03,0.13,0.0,-121.3106
36573,136,0.78,0.16,0.03,0.13,0.0,-120.5095
36761,137,0.78,0.16,0.03,0.13,0.0,-119.9165
36927,138,0.79,0.15,0.03,0.12,0.0,-118.8893
37138,139,0.8,0.14,0.03,0.11,0.0,-117.2711
37321,140,0.81,0.14,0.03,0.11,0.0,-112.9568
37455,141,0.81,0.14,0.03,0.11,0.0,-112.164
37806,142,0.81,0.14,0.04,0.1,0.0,-110.8366
38110,143,0.8,0.15,0.05,0.1,0.0,-112.5764
38234,144,0.81,0.14,0.05,0.09,0.0,-111.1167
38431,145,0.81,0.14,0.05,0.09,0.0,-111.6397
38617,146,0.81,0.14,0.05,0.09,0.0,-111.5438
39217,147,0.8,0.14,0.05,0.09,0.0,-114.6412
39510,148,0.8,0.14,0.05,0.09,0.0,-115.7719
39734,149,0.8,0.14,0.05,0.09,0.0,-115.2276
40131,150,0.8,0.14,0.05,0.09,0.0,-115.3751
40397,151,0.8,0.14,0.05,0.09,0.0,-115.5723
40601,152,0.8,0.14,0.05,0.09,0.0,-114.6322
40837,153,0.79,0.15,0.06,0.09,0.0,-115.7948
40862,154,0.78,0.16,0.07,0.09,0.0,-115.4403
41137,155,0.78,0.16,0.06,0.1,0.0,-116.4683
41301,156,0.79,0.16,0.06,0.1,0.0,-112.9904
41901,157,0.78,0.16,0.06,0.1,0.0,-115.092
42077,158,0.78,0.16,0.06,0.1,0.0,-114.7964
42476,159,0.78,0.16,0.06,0.1,0.0,-115.7395
43076,160,0.77,0.16,0.06,0.1,0.0,-119.5691
43307,161,0.77,0.16,0.06,0.1,0.0,-118.366
43511,162,0.77,0.16,0.06,0.1,0.0,-118.5086
44111,163,0.76,0.16,0.06,0.1,0.0,-121.7963
44352,164,0.75,0.17,0.07,0.1,0.0,-122.7427
44478,165,0.75,0.17,0.07,0.1,0.0,-121.3911
45032,166,0.75,0.17,0.07,0.1,0.0,-123.8266
45321,167,0.75,0.17,0.07,0.1,0.0,-123.7773
45921,168,0.74,0.17,0.07,0.1,0.0,-126.3683
46521,169,0.74,0.17,0.07,0.1,0.0,-126.1801
46788,170,0.73,0.18,0.08,0.1,0.0,-127.2038
47388,171,0.72,0.18,0.08,0.1,0.0,-130.5919
47650,172,0.72,0.18,0.08,0.1,0.0,-130.7298
48250,173,0.71,0.18,0.08,0.1,0.0,-132.7924
48387,174,0.71,0.18,0.08,0.1,0.0,-130.2869
48648,175,0.71,0.18,0.08,0.1,0.0,-130.3202
48897,176,0.71,0.18,0.08,0.1,0.0,-129.5504
49497,177,0.7,0.18,0.08,0.1,0.0,-133.0742
50177,178,0.71,0.17,0.08,0.09,0.0,-131.8265
50521,179,0.7,0.18,0.09,0.09,0.0,-133.5465
50790,180,0.7,0.18,0.09,0.09,0.0,-134.3962
50940,181,0.7,0.18,0.09,0.09,0.0,-134.3748
51156,182,0.7,0.18,0.09,0.09,0.0,-133.8627
51642,183,0.7,0.18,0.09,0.09,0.0,-135.5608
51810,184,0.7,0.18,0.09,0.09,0.0,-134.8717
51933,185,0.7,0.18,0.09,0.09,0.0,-134.4918
52309,186,0.7,0.18,0.1,0.08,0.0,-134.1404
52683,187,0.69,0.19,0.11,0.08,0.0,-135.9447
53283,188,0.68,0.19,0.11,0.08,0.0,-138.4536
53611,189,0.68,0.19,0.11,0.08,0.0,-137.7468
53741,190,0.68,0.19,0.11,0.08,0.0,-136.9343
53852,191,0.68,0.19,0.11,0.08,0.0,-136.7731
54452,192,0.67,0.19,0.11,0.08,0.0,-138.8164
54620,193,0.68,0.18,0.1,0.08,0.0,-138.334
54925,194,0.68,0.18,0.1,0.08,0.0,-139.3356
55097,195,0.68,0.18,0.1,0.08,0.0,-139.822
55457,196,0.67,0.19,0.1,0.09,0.0,-141.9329
55564,197,0.68,0.18,0.1,0.08,0.0,-140.4724
55938,198,0.67,0.19,0.11,0.08,0.0,-142.4373
56086,199,0.66,0.2,0.12,0.08,0.0,-141.8421
56686,200,0.65,0.2,0.12,0.08,0.0,-143.9584
56922,201,0.66,0.19,0.12,0.07,0.0,-143.6185
56936,202,0.65,0.2,0.12,0.08,0.0,-143.3016
57234,203,0.65,0.2,0.12,0.08,0.0,-144.3949
57561,204,0.64,0.21,0.13,0.08,0.0,-144.439
57617,205,0.63,0.22,0.13,0.09,0.0,-144.3462
57715,206,0.63,0.22,0.13,0.09,0.0,-143.6293
57918,207,0.63,0.22,0.13,0.09,0.0,-143.6926
58115,208,0.63,0.22,0.13,0.09,0.0,-141.931
58167,209,0.62,0.23,0.13,0.1,0.0,-141.605
58390,210,0.62,0.23,0.13,0.1,0.0,-142.2056
58538,211,0.62,0.23,0.13,0.1,0.0,-142.1039
58605,212,0.62,0.24,0.13,0.11,0.0,-139.2913
59205,213,0.61,0.24,0.13,0.11,0.0,-142.2536
59455,214,0.61,0.24,0.13,0.11,0.0,-142.303
59632,215,0.61,0.25,0.14,0.11,0.0,-140.4598
59750,216,0.61,0.25,0.14,0.11,0.0,-140.3041
59919,217,0.62,0.24,0.14,0.1,0.0,-139.0539
60203,218,0.62,0.24,0.14,0.1,0.0,-138.871
60448,219,0.63,0.23,0.14,0.09,0.0,-137.5728
60579,220,0.63,0.23,0.14,0.09,0.0,-137.1344
60670,221,0.63,0.23,0.14,0.09,0.0,-135.5824
60902,222,0.63,0.23,0.14,0.09,0.0,-135.9654
61101,223,0.63,0.23,0.14,0.09,0.0,-136.149
61223,224,0.64,0.22,0.13,0.09,0.0,-134.4296
61428,225,0.64,0.22,0.13,0.09,0.0,-134.3341
61626,226,0.64,0.22,0.13,0.09,0.0,-133.7166
61835,227,0.64,0.22,0.13,0.09,0.0,-133.8347
62120,228,0.64,0.22,0.13,0.09,0.0,-133.913
62322,229,0.63,0.23,0.14,0.09,0.0,-134.0157
62623,230,0.62,0.24,0.14,0.1,0.0,-135.0549
62824,231,0.62,0.24,0.14,0.1,0.0,-134.5828
63006,232,0.63,0.23,0.14,0.09,0.0,-134.4234
63514,233,0.63,0.23,0.14,0.09,0.0,-135.6251
63624,234,0.64,0.22,0.14,0.08,0.0,-132.8373
63845,235,0.65,0.22,0.14,0.08,0.0,-129.5553
64370,236,0.65,0.22,0.14,0.08,0.0,-131.8702
64535,237,0.65,0.22,0.14,0.08,0.0,-131.6095
64652,238,0.65,0.22,0.14,0.08,0.0,-131.4263
65012,239,0.65,0.22,0.14,0.08,0.0,-132.0775
65264,240,0.64,0.23,0.14,0.09,0.0,-133.2179
65558,241,0.63,0.24,0.14,0.1,0.0,-134.9801
65762,242,0.64,0.23,0.13,0.1,0.0,-133.8545
66068,243,0.65,0.22,0.12,0.1,0.0,-133.0471
66228,244,0.65,0.22,0.12,0.1,0.0,-133.317
66479,245,0.65,0.22,0.12,0.1,0.0,-133.4744
66640,246,0.65,0.22,0.12,0.1,0.0,-133.6163
66870,247,0.65,0.23,0.12,0.11,0.0,-130.8873
67084,248,0.66,0.22,0.12,0.1,0.0,-129.7439
67359,249,0.66,0.22,0.12,0.1,0.0,-129.8745
67514,250,0.66,0.22,0.12,0.1,0.0,-128.4278
67741,251,0.65,0.23,0.13,0.1,0.0,-128.835
67997,252,0.65,0.23,0.13,0.1,0.0,-128.6961
68220,253,0.66,0.22,0.12,0.1,0.0,-127.5013
68363,254,0.67,0.21,0.11,0.1,0.0,-127.5769
68895,255,0.67,0.21,0.11,0.1,0.0,-128.9558
69226,256,0.66,0.22,0.12,0.1,0.0,-130.4238
69419,257,0.67,0.22,0.12,0.1,0.0,-127.2856
69595,258,0.67,0.22,0.12,0.1,0.0,-127.1434
69807,259,0.67,0.22,0.12,0.1,0.0,-125.8066
69994,260,0.68,0.22,0.12,0.1,0.0,-121.2946
70171,261,0.68,0.22,0.12,0.1,0.0,-120.952
70236,262,0.67,0.23,0.12,0.11,0.0,-120.9756
70439,263,0.68,0.23,0.12,0.11,0.0,-117.6752
70754,264,0.69,0.22,0.11,0.11,0.0,-117.1608
71354,265,0.68,0.22,0.11,0.11,0.0,-119.7694
71450,266,0.68,0.22,0.11,0.11,0.0,-117.157
71689,267,0.68,0.22,0.11,0.11,0.0,-116.6802
71722,268,0.68,0.23,0.11,0.12,0.0,-113.8442
71751,269,0.68,0.24,0.11,0.13,0.0,-111.0233
72031,270,0.69,0.23,0.1,0.13,0.0,-110.4255
72247,271,0.7,0.23,0.1,0.13,0.0,-107.4095
72376,272,0.7,0.23,0.1,0.13,0.0,-106.6639
72498,273,0.71,0.23,0.1,0.13,0.0,-103.4233
72719,274,0.71,0.23,0.1,0.13,0.0,-103.8529
73319,275,0.7,0.23,0.1,0.13,0.0,-106.3781
73645,276,0.69,0.24,0.11,0.13,0.0,-107.4527
73748,277,0.7,0.24,0.11,0.13,0.0,-103.8755
74348,278,0.69,0.24,0.11,0.13,0.0,-106.5123
74495,279,0.69,0.24,0.11,0.13,0.0,-105.391
74791,280,0.68,0.25,0.11,0.14,0.0,-106.6817
75124,281,0.68,0.25,0.11,0.14,0.0,-106.5106
75167,282,0.67,0.26,0.12,0.14,0.0,-106.4751
75312,283,0.67,0.26,0.12,0.14,0.0,-104.541
75362,284,0.66,0.27,0.12,0.15,0.0,-104.7944
75664,285,0.65,0.28,0.13,0.15,0.0,-106.8163
75811,286,0.66,0.27,0.12,0.15,0.0,-104.8041
76031,287,0.67,0.26,0.11,0.15,0.0,-102.8975
76262,288,0.68,0.26,0.11,0.15,0.0,-100.2679
76292,289,0.67,0.27,0.11,0.16,0.0,-99.4748
76579,290,0.66,0.28,0.11,0.17,0.0,-101.2413
76690,291,0.65,0.29,0.11,0.18,0.0,-101.8927
76874,292,0.66,0.29,0.11,0.18,0.0,-99.2765
77085,293,0.66,0.29,0.11,0.18,0.0,-99.5585
77262,294,0.66,0.29,0.11,0.18,0.0,-98.4688
77717,295,0.66,0.29,0.11,0.18,0.0,-99.9336
77865,296,0.67,0.28,0.11,0.17,0.0,-97.745
78122,297,0.67,0.28,0.11,0.17,0.0,-98.5325
78272,298,0.67,0.28,0.1,0.18,0.0,-97.1618
78423,299,0.68,0.27,0.09,0.18,0.0,-96.529
79023,300,0.68,0.27,0.09,0.18,0.0,-96.9046
79231,301,0.68,0.27,0.09,0.18,0.0,-96.4283
79446,302,0.68,0.27,0.09,0.18,0.0,-97.3599
79600,303,0.68,0.27,0.09,0.18,0.0,-96.2759
79824,304,0.69,0.26,0.08,0.18,0.0,-94.9157
80086,305,0.7,0.25,0.08,0.17,0.0,-95.0181
80188,306,0.7,0.25,0.08,0.17,0.0,-95.0229
80387,307,0.7,0.25,0.08,0.17,0.0,-94.8061
80502,308,0.7,0.25,0.08,0.17,0.0,-94.3856
80574,309,0.7,0.25,0.08,0.17,0.0,-94.5398
80733,310,0.7,0.25,0.08,0.17,0.0,-93.973
80939,311,0.7,0.25,0.08,0.17,0.0,-94.1449
81216,312,0.7,0.25,0.08,0.17,0.0,-95.0712
81307,313,0.71,0.25,0.08,0.17,0.0,-91.6883
81865,314,0.71,0.25,0.08,0.17,0.0,-93.2433
82190,315,0.72,0.24,0.07,0.17,0.0,-93.1739
82409,316,0.72,0.24,0.07,0.17,0.0,-93.4387
82653,317,0.72,0.24,0.07,0.17,0.0,-93.5056
83049,318,0.71,0.25,0.08,0.17,0.0,-94.6342
83161,319,0.7,0.26,0.08,0.18,0.0,-94.8389
83436,320,0.7,0.26,0.08,0.18,0.0,-95.5851
83645,321,0.69,0.27,0.08,0.19,0.0,-96.8608
83887,322,0.69,0.27,0.08,0.19,0.0,-96.8956
84098,323,0.69,0.27,0.08,0.19,0.0,-97.0009
84297,324,0.68,0.28,0.09,0.19,0.0,-97.9376
84412,325,0.68,0.28,0.09,0.19,0.0,-97.3449
84453,326,0.67,0.29,0.09,0.2,0.0,-97.2127
84734,327,0.67,0.29,0.09,0.2,0.0,-97.2074
84865,328,0.67,0.29,0.09,0.2,0.0,-96.4946
85102,329,0.68,0.28,0.08,0.2,0.0,-95.9207
85191,330,0.69,0.27,0.08,0.19,0.0,-94.0561
85393,331,0.69,0.27,0.08,0.19,0.0,-94.014
85552,332,0.69,0.27,0.08,0.19,0.0,-94.0276
85822,333,0.69,0.27,0.08,0.19,0.0,-92.7389
85925,334,0.69,0.27,0.08,0.19,0.0,-92.6562
86042,335,0.69,0.27,0.08,0.19,0.0,-92.0035
86192,336,0.69,0.27,0.08,0.19,0.0,-89.4878
86458,337,0.69,0.27,0.08,0.19,0.0,-89.9616
86631,338,0.69,0.27,0.08,0.19,0.0,-90.0948
86790,339,0.69,0.27,0.08,0.19,0.0,-89.0422
87390,340,0.69,0.26,0.08,0.18,0.0,-89.8546
87580,341,0.7,0.25,0.08,0.17,0.0,-88.4122
87740,342,0.7,0.25,0.08,0.17,0.0,-88.1163
87786,343,0.69,0.26,0.08,0.18,0.0,-87.6083
87911,344,0.69,0.26,0.08,0.18,0.0,-87.2357
88135,345,0.69,0.26,0.08,0.18,0.0,-87.0611
88321,346,0.69,0.26,0.08,0.18,0.0,-86.8335
88359,347,0.69,0.26,0.08,0.18,0.0,-85.9835
88613,348,0.68,0.27,0.08,0.19,0.0,-86.8829
88673,349,0.67,0.28,0.08,0.2,0.0,-86.7223
89213,350,0.66,0.29,0.08,0.21,0.0,-89.7774
89536,351,0.67,0.28,0.07,0.21,0.0,-89.4269
89586,352,0.66,0.29,0.07,0.22,0.0,-89.4033
89717,353,0.65,0.3,0.07,0.23,0.0,-89.4411
89809,354,0.65,0.3,0.07,0.23,0.0,-88.9254
89930,355,0.66,0.29,0.07,0.22,0.0,-85.9618
90015,356,0.67,0.28,0.06,0.22,0.0,-83.9886
90307,357,0.66,0.29,0.06,0.23,0.0,-85.1638
90420,358,0.65,0.3,0.06,0.24,0.0,-85.398
90790,359,0.64,0.31,0.07,0.24,0.0,-86.624
90957,360,0.63,0.32,0.07,0.25,0.0,-87.3091
91188,361,0.63,0.32,0.07,0.25,0.0,-87.5649
91750,362,0.64,0.31,0.07,0.24,0.0,-89.1868
92350,363,0.63,0.31,0.07,0.24,0.0,-92.1448
92614,364,0.63,0.31,0.07,0.24,0.0,-91.9943
93133,365,0.64,0.31,0.07,0.24,0.0,-91.5759
93181,366,0.63,0.32,0.08,0.24,0.0,-92.0008
93653,367,0.62,0.33,0.09,0.24,0.0,-93.4933
93880,368,0.63,0.32,0.09,0.23,0.0,-93.7587
94008,369,0.64,0.31,0.09,0.22,0.0,-93.4519
94207,370,0.64,0.31,0.09,0.22,0.0,-92.9024
94443,371,0.64,0.31,0.09,0.22,0.0,-92.9006
94481,372,0.63,0.32,0.09,0.23,0.0,-93.1857
95081,373,0.62,0.32,0.09,0.23,0.0,-95.7033
95464,374,0.62,0.32,0.09,0.23,0.0,-96.5183
95819,375,0.63,0.32,0.09,0.23,0.0,-94.2606
95950,376,0.64,0.31,0.08,0.23,0.0,-92.5028
96272,377,0.64,0.31,0.08,0.23,0.0,-93.2339
96416,378,0.64,0.32,0.08,0.24,0.0,-90.947
96645,379,0.65,0.31,0.07,0.24,0.0,-90.7707
97069,380,0.66,0.3,0.07,0.23,0.0,-90.4419
97305,381,0.66,0.3,0.07,0.23,0.0,-90.9824
97452,382,0.67,0.29,0.06,0.23,0.0,-90.6138
97779,383,0.67,0.29,0.06,0.23,0.0,-91.4822
98070,384,0.68,0.28,0.06,0.22,0.0,-91.9673
98237,385,0.69,0.27,0.05,0.22,0.0,-90.1085
98556,386,0.69,0.27,0.05,0.22,0.0,-90.9941
98954,387,0.69,0.27,0.05,0.22,0.0,-91.8957
99191,388,0.69,0.27,0.05,0.22,0.0,-92.0907
99436,389,0.69,0.27,0.05,0.22,0.0,-93.3997
99648,390,0.7,0.26,0.05,0.21,0.0,-91.8978
99776,391,0.71,0.25,0.05,0.2,0.0,-91.2201
99990,392,0.71,0.25,0.05,0.2,0.0,-91.2377
100364,393,0.7,0.26,0.05,0.21,0.0,-93.2728
100620,394,0.7,0.26,0.05,0.21,0.0,-94.3796
100838,395,0.7,0.26,0.05,0.21,0.0,-93.3754
101215,396,0.69,0.27,0.05,0.22,0.0,-96.2721
101716,397,0.68,0.28,0.05,0.23,0.0,-98.8582
101875,398,0.69,0.27,0.05,0.22,0.0,-98.2852
101980,399,0.69,0.27,0.05,0.22,0.0,-98.1462
102580,400,0.69,0.27,0.05,0.22,0.0,-99.0318
103162,401,0.69,0.27,0.05,0.22,0.0,-100.9784
103311,402,0.7,0.26,0.05,0.21,0.0,-99.928
103367,403,0.69,0.27,0.05,0.22,0.0,-100.3503
103486,404,0.69,0.27,0.05,0.22,0.0,-99.9627
103575,405,0.69,0.27,0.05,0.22,0.0,-99.3042
103988,406,0.69,0.27,0.05,0.22,0.0,-101.5741
104209,407,0.69,0.27,0.05,0.22,0.0,-101.7308
104249,408,0.68,0.28,0.05,0.23,0.0,-102.1845
104443,409,0.68,0.28,0.06,0.22,0.0,-102.5747
104678,410,0.68,0.28,0.06,0.22,0.0,-102.927
105278,411,0.67,0.28,0.06,0.22,0.0,-105.7857
105394,412,0.68,0.27,0.06,0.21,0.0,-104.3739
105461,413,0.67,0.28,0.06,0.22,0.0,-104.9131
105644,414,0.67,0.28,0.06,0.22,0.0,-102.9405
106038,415,0.66,0.29,0.06,0.23,0.0,-104.4411
106276,416,0.66,0.29,0.06,0.23,0.0,-104.4477
106427,417,0.65,0.3,0.06,0.24,0.0,-104.8518
106537,418,0.66,0.29,0.05,0.24,0.0,-102.745
106782,419,0.67,0.28,0.05,0.23,0.0,-102.5606
106995,420,0.66,0.29,0.06,0.23,0.0,-102.6891
107595,421,0.66,0.28,0.06,0.22,0.0,-104.8219
107876,422,0.65,0.29,0.06,0.23,0.0,-105.5606
107910,423,0.64,0.3,0.07,0.23,0.0,-105.4006
108206,424,0.64,0.3,0.06,0.24,0.0,-105.7508
108532,425,0.63,0.31,0.06,0.25,0.0,-107.4864
108787,426,0.64,0.3,0.06,0.24,0.0,-107.6823
108890,427,0.64,0.3,0.06,0.24,0.0,-106.8002
109153,428,0.64,0.3,0.06,0.24,0.0,-107.3665
109753,429,0.63,0.3,0.06,0.24,0.0,-109.9267
109981,430,0.63,0.3,0.06,0.24,0.0,-110.2261
110240,431,0.63,0.3,0.06,0.24,0.0,-110.1942
110442,432,0.62,0.31,0.06,0.25,0.0,-111.0244
110571,433,0.62,0.31,0.06,0.25,0.0,-110.4301
110791,434,0.61,0.32,0.07,0.25,0.0,-111.417
110933,435,0.61,0.32,0.07,0.25,0.0,-111.4619
111096,436,0.61,0.32,0.07,0.25,0.0,-111.1796
111696,437,0.6,0.32,0.07,0.25,0.0,-113.9671
111864,438,0.6,0.32,0.07,0.25,0.0,-113.9275
112066,439,0.6,0.32,0.07,0.25,0.0,-113.8397
112238,440,0.61,0.32,0.07,0.25,0.0,-111.6721
112433,441,0.6,0.33,0.07,0.26,0.0,-112.5637
112759,442,0.6,0.33,0.07,0.26,0.0,-113.098
112862,443,0.61,0.32,0.07,0.25,0.0,-112.5914
112994,444,0.61,0.32,0.07,0.25,0.0,-112.5446
113130,445,0.61,0.32,0.07,0.25,0.0,-112.0918
113434,446,0.61,0.32,0.07,0.25,0.0,-112.2597
113651,447,0.62,0.31,0.07,0.24,0.0,-112.0422
113825,448,0.63,0.3,0.07,0.23,0.0,-110.7444
114077,449,0.64,0.29,0.07,0.22,0.0,-110.6978
114338,450,0.64,0.29,0.07,0.22,0.0,-108.8813
114593,451,0.64,0.29,0.07,0.22,0.0,-108.5982
114722,452,0.64,0.29,0.07,0.22,0.0,-109.0316
115155,453,0.65,0.28,0.07,0.21,0.0,-110.0836
115453,454,0.64,0.29,0.08,0.21,0.0,-111.5546
115477,455,0.63,0.3,0.09,0.21,0.0,-111.8194
115941,456,0.63,0.3,0.09,0.21,0.0,-113.2581
116094,457,0.64,0.29,0.09,0.2,0.0,-111.8596
116319,458,0.64,0.29,0.09,0.2,0.0,-112.6458
116529,459,0.64,0.29,0.08,0.21,0.0,-112.1279
116565,460,0.64,0.29,0.09,0.2,0.0,-111.4561
116689,461,0.64,0.29,0.09,0.2,0.0,-110.9179
117009,462,0.64,0.29,0.09,0.2,0.0,-109.9215
117479,463,0.65,0.29,0.09,0.2,0.0,-108.2387
117534,464,0.64,0.3,0.1,0.2,0.0,-108.0245
118050,465,0.64,0.3,0.1,0.2,0.0,-107.8431
118254,466,0.65,0.29,0.09,0.2,0.0,-107.7284
118404,467,0.66,0.28,0.08,0.2,0.0,-105.8102
118612,468,0.66,0.28,0.08,0.2,0.0,-105.6672
118845,469,0.66,0.28,0.08,0.2,0.0,-106.2872
119024,470,0.66,0.28,0.08,0.2,0.0,-106.1035
119589,471,0.66,0.28,0.08,0.2,0.0,-107.7748
120189,472,0.66,0.27,0.08,0.19,0.0,-110.2828
120274,473,0.67,0.27,0.08,0.19,0.0,-107.4416
120390,474,0.67,0.27,0.08,0.19,0.0,-106.3131
120555,475,0.67,0.27,0.08,0.19,0.0,-105.5016
120929,476,0.66,0.28,0.08,0.2,0.0,-107.3202
121056,477,0.66,0.28,0.08,0.2,0.0,-106.4142
121123,478,0.66,0.28,0.08,0.2,0.0,-106.2486
121352,479,0.65,0.29,0.09,0.2,0.0,-107.1762
121609,480,0.64,0.3,0.09,0.21,0.0,-107.0903
121878,481,0.64,0.3,0.09,0.21,0.0,-107.1214
122011,482,0.64,0.3,0.09,0.21,0.0,-107.0687
122524,483,0.63,0.31,0.09,0.22,0.0,-109.1691
122763,484,0.63,0.31,0.09,0.22,0.0,-108.8256
123012,485,0.62,0.32,0.09,0.23,0.0,-109.9636
123411,486,0.61,0.33,0.09,0.24,0.0,-111.7521
123577,487,0.61,0.33,0.09,0.24,0.0,-110.4419
123715,488,0.61,0.33,0.09,0.24,0.0,-109.8613
124315,489,0.61,0.32,0.09,0.23,0.0,-110.6993
124415,490,0.61,0.32,0.09,0.23,0.0,-110.1646
125189,491,0.61,0.32,0.09,0.23,0.0,-110.5144
125324,492,0.61,0.32,0.09,0.23,0.0,-110.2511
125574,493,0.62,0.31,0.09,0.22,0.0,-108.6486
125922,494,0.61,0.32,0.09,0.23,0.0,-109.3219
126056,495,0.61,0.32,0.09,0.23,0.0,-108.4359
126288,496,0.62,0.31,0.09,0.22,0.0,-106.03
126307,497,0.62,0.31,0.09,0.22,0.0,-102.9189
126411,498,0.62,0.31,0.09,0.22,0.0,-102.5055
126549,499,0.62,0.31,0.09,0.22,0.0,-102.6911
126948,500,0.63,0.31,0.09,0.22,0.0,-100.0227
127428,501,0.63,0.31,0.09,0.22,0.0,-100.0046
127619,502,0.63,0.31,0.09,0.22,0.0,-100.2804
127635,503,0.63,0.31,0.09,0.22,0.0,-100.0092
127797,504,0.63,0.31,0.09,0.22,0.0,-100.1065
128160,505,0.63,0.31,0.09,0.22,0.0,-101.453
128424,506,0.63,0.31,0.09,0.22,0.0,-99.8384
128606,507,0.62,0.32,0.09,0.23,0.0,-100.594
128946,508,0.62,0.32,0.09,0.23,0.0,-102.3179
129114,509,0.63,0.31,0.08,0.23,0.0,-101.7141
129325,510,0.63,0.31,0.08,0.23,0.0,-101.6242
129459,511,0.64,0.31,0.08,0.23,0.0,-98.4758
129627,512,0.64,0.31,0.08,0.23,0.0,-98.7658
129979,513,0.64,0.31,0.09,0.22,0.0,-100.0813
130170,514,0.64,0.31,0.09,0.22,0.0,-100.1112
130466,515,0.65,0.3,0.09,0.21,0.0,-98.1367
130670,516,0.65,0.3,0.09,0.21,0.0,-98.2568
131013,517,0.66,0.29,0.09,0.2,0.0,-98.4118
131190,518,0.66,0.29,0.09,0.2,0.0,-98.7196
131456,519,0.66,0.29,0.09,0.2,0.0,-98.9612
131636,520,0.67,0.28,0.08,0.2,0.0,-98.1784
131919,521,0.68,0.28,0.08,0.2,0.0,-95.6476
132161,522,0.69,0.27,0.08,0.19,0.0,-94.8251
132346,523,0.7,0.26,0.07,0.19,0.0,-94.7073
132388,524,0.7,0.26,0.08,0.18,0.0,-93.7219
132525,525,0.71,0.25,0.08,0.17,0.0,-92.2463
132751,526,0.71,0.25,0.08,0.17,0.0,-92.1974
133212,527,0.7,0.26,0.08,0.18,0.0,-94.7865
133503,528,0.7,0.26,0.08,0.18,0.0,-95.0108
133652,529,0.7,0.27,0.09,0.18,0.0,-92.9224
134252,530,0.69,0.27,0.09,0.18,0.0,-95.3071
134509,531,0.69,0.27,0.09,0.18,0.0,-95.4269
134668,532,0.7,0.26,0.09,0.17,0.0,-94.5533
134841,533,0.69,0.27,0.09,0.18,0.0,-95.5183
134996,534,0.7,0.26,0.08,0.18,0.0,-94.8787
135200,535,0.7,0.26,0.08,0.18,0.0,-95.4045
135413,536,0.69,0.27,0.08,0.19,0.0,-96.7947
135821,537,0.7,0.27,0.08,0.19,0.0,-94.5402
135973,538,0.7,0.27,0.08,0.19,0.0,-94.5333
136450,539,0.69,0.28,0.08,0.2,0.0,-96.9131
137031,540,0.69,0.28,0.08,0.2,0.0,-99.3033
137201,541,0.69,0.28,0.08,0.2,0.0,-98.9234
137801,542,0.68,0.28,0.08,0.2,0.0,-101.1622
138401,543,0.67,0.28,0.08,0.2,0.0,-103.8751
138469,544,0.66,0.29,0.08,0.21,0.0,-104.3833
138743,545,0.65,0.3,0.09,0.21,0.0,-105.8615
139030,546,0.64,0.31,0.09,0.22,0.0,-107.0784
139082,547,0.63,0.32,0.1,0.22,0.0,-107.2433
139304,548,0.63,0.32,0.1,0.22,0.0,-107.5162
139400,549,0.62,0.33,0.1,0.23,0.0,-107.6343
140000,550,0.62,0.32,0.1,0.22,0.0,-109.2887
140600,551,0.61,0.32,0.1,0.22,0.0,-111.2915
140785,552,0.62,0.31,0.1,0.21,0.0,-110.8211
141037,553,0.61,0.32,0.1,0.22,0.0,-110.4282
141217,554,0.62,0.31,0.09,0.22,0.0,-109.2538
141395,555,0.63,0.3,0.08,0.22,0.0,-109.2646
141662,556,0.63,0.3,0.08,0.22,0.0,-109.3368
141831,557,0.63,0.3,0.08,0.22,0.0,-109.4714
142431,558,0.63,0.29,0.08,0.21,0.0,-110.8096
142447,559,0.63,0.29,0.08,0.21,0.0,-109.8522
143047,560,0.63,0.28,0.07,0.21,0.0,-112.6253
143221,561,0.63,0.28,0.07,0.21,0.0,-112.8451
143596,562,0.63,0.28,0.07,0.21,0.0,-112.9197
144023,563,0.63,0.28,0.07,0.21,0.0,-113.0692
144106,564,0.64,0.27,0.06,0.21,0.0,-112.4795
144320,565,0.64,0.27,0.06,0.21,0.0,-110.7902
144514,566,0.63,0.28,0.07,0.21,0.0,-111.304
145114,567,0.62,0.28,0.07,0.21,0.0,-113.649
145356,568,0.61,0.29,0.07,0.22,0.0,-114.3452
145890,569,0.61,0.29,0.07,0.22,0.0,-115.5233
146109,570,0.6,0.3,0.07,0.23,0.0,-116.568
146317,571,0.6,0.3,0.07,0.23,0.0,-114.945
146714,572,0.6,0.31,0.08,0.23,0.0,-113.9648
147177,573,0.59,0.32,0.08,0.24,0.0,-116.534
147316,574,0.59,0.32,0.08,0.24,0.0,-116.591
147522,575,0.58,0.33,0.08,0.25,0.0,-117.2346
147771,576,0.58,0.33,0.08,0.25,0.0,-116.6364
147818,577,0.57,0.34,0.08,0.26,0.0,-116.9978
148045,578,0.58,0.33,0.08,0.25,0.0,-116.8929
148435,579,0.59,0.32,0.07,0.25,0.0,-116.2705
148583,580,0.6,0.31,0.07,0.24,0.0,-114.6993
148874,581,0.6,0.31,0.07,0.24,0.0,-114.5428
149054,582,0.6,0.31,0.07,0.24,0.0,-114.7975
149654,583,0.6,0.3,0.07,0.23,0.0,-114.3045
149845,584,0.6,0.3,0.07,0.23,0.0,-114.082
150351,585,0.61,0.29,0.07,0.22,0.0,-113.6244
150501,586,0.61,0.29,0.07,0.22,0.0,-111.8299
150601,587,0.61,0.29,0.07,0.22,0.0,-111.6068
150705,588,0.61,0.29,0.07,0.22,0.0,-111.5573
151029,589,0.62,0.29,0.07,0.22,0.0,-109.9514
151106,590,0.62,0.29,0.07,0.22,0.0,-109.9299
151299,591,0.62,0.29,0.07,0.22,0.0,-110.0503
151838,592,0.62,0.29,0.07,0.22,0.0,-112.0126
151942,593,0.62,0.29,0.07,0.22,0.0,-110.947
152155,594,0.63,0.28,0.07,0.21,0.0,-109.4468
152231,595,0.63,0.28,0.07,0.21,0.0,-109.1422
152314,596,0.63,0.28,0.07,0.21,0.0,-108.4156
152550,597,0.64,0.27,0.07,0.2,0.0,-108.6941
152802,598,0.64,0.27,0.07,0.2,0.0,-109.463
152999,599,0.64,0.27,0.07,0.2,0.0,-109.6042
153215,600,0.64,0.27,0.07,0.2,0.0,-108.7468
153553,601,0.64,0.27,0.07,0.2,0.0,-108.1072
153665,602,0.64,0.27,0.07,0.2,0.0,-107.6844
153947,603,0.65,0.26,0.07,0.19,0.0,-108.2036
154091,604,0.65,0.26,0.07,0.19,0.0,-108.0893
154298,605,0.64,0.27,0.07,0.2,0.0,-108.135
154497,606,0.64,0.27,0.07,0.2,0.0,-107.8665
154730,607,0.65,0.26,0.07,0.19,0.0,-107.1998
154907,608,0.66,0.25,0.07,0.18,0.0,-105.3631
155032,609,0.66,0.25,0.07,0.18,0.0,-105.1402
155131,610,0.66,0.25,0.07,0.18,0.0,-104.6536
155340,611,0.66,0.25,0.07,0.18,0.0,-105.0886
155522,612,0.65,0.26,0.08,0.18,0.0,-105.5432
155668,613,0.66,0.25,0.07,0.18,0.0,-103.9273
155928,614,0.66,0.25,0.07,0.18,0.0,-104.1486
156200,615,0.66,0.25,0.07,0.18,0.0,-104.1515
156333,616,0.66,0.25,0.07,0.18,0.0,-103.6136
156603,617,0.66,0.25,0.07,0.18,0.0,-103.2063
156798,618,0.66,0.25,0.07,0.18,0.0,-103.4633
157081,619,0.66,0.25,0.07,0.18,0.0,-103.353
157344,620,0.66,0.25,0.07,0.18,0.0,-103.7047
157518,621,0.66,0.25,0.07,0.18,0.0,-103.2143
157641,622,0.66,0.25,0.07,0.18,0.0,-102.7135
157852,623,0.66,0.25,0.07,0.18,0.0,-102.8763
158031,624,0.67,0.24,0.06,0.18,0.0,-102.7238
158173,625,0.67,0.24,0.06,0.18,0.0,-102.5156
158218,626,0.66,0.25,0.06,0.19,0.0,-102.3764
158430,627,0.67,0.24,0.06,0.18,0.0,-100.3115
158955,628,0.67,0.24,0.06,0.18,0.0,-101.1516
159132,629,0.68,0.23,0.05,0.18,0.0,-100.4732
159292,630,0.69,0.23,0.05,0.18,0.0,-98.0053
159555,631,0.68,0.24,0.05,0.19,0.0,-98.8256
159784,632,0.68,0.24,0.05,0.19,0.0,-99.1327
159965,633,0.69,0.23,0.05,0.18,0.0,-98.6338
160058,634,0.69,0.23,0.05,0.18,0.0,-98.2156
160203,635,0.69,0.23,0.05,0.18,0.0,-97.8069
160362,636,0.7,0.22,0.05,0.17,0.0,-96.7247
160710,637,0.7,0.22,0.05,0.17,0.0,-96.2185
160854,638,0.7,0.22,0.05,0.17,0.0,-96.1832
160947,639,0.71,0.21,0.05,0.16,0.0,-93.5109
161049,640,0.71,0.21,0.05,0.16,0.0,-90.9827
161219,641,0.72,0.2,0.05,0.15,0.0,-90.4349
161362,642,0.72,0.21,0.05,0.16,0.0,-87.9758
161502,643,0.72,0.22,0.05,0.17,0.0,-86.2205
161694,644,0.73,0.21,0.05,0.16,0.0,-86.1044
162152,645,0.73,0.21,0.04,0.17,0.0,-87.2758
162354,646,0.74,0.2,0.04,0.16,0.0,-85.9966
162580,647,0.75,0.19,0.03,0.16,0.0,-86.115
162815,648,0.75,0.19,0.03,0.16,0.0,-86.238
163048,649,0.75,0.19,0.03,0.16,0.0,-86.6867
163289,650,0.75,0.2,0.03,0.17,0.0,-84.8458
163431,651,0.76,0.2,0.03,0.17,0.0,-82.2418
163698,652,0.76,0.2,0.03,0.17,0.0,-82.3908
163918,653,0.77,0.19,0.03,0.16,0.0,-81.4878
164211,654,0.77,0.19,0.03,0.16,0.0,-81.9979
164395,655,0.77,0.19,0.03,0.16,0.0,-81.9903
164502,656,0.77,0.19,0.03,0.16,0.0,-80.5931
164590,657,0.77,0.19,0.03,0.16,0.0,-80.2001
164746,658,0.78,0.19,0.03,0.16,0.0,-77.604
165102,659,0.79,0.18,0.03,0.15,0.0,-78.3238
165265,660,0.79,0.19,0.03,0.16,0.0,-76.0919
165577,661,0.79,0.19,0.03,0.16,0.0,-76.8358
165689,662,0.79,0.19,0.03,0.16,0.0,-75.5431
165804,663,0.79,0.19,0.03,0.16,0.0,-73.7157
165998,664,0.79,0.19,0.03,0.16,0.0,-74.1911
166142,665,0.78,0.2,0.04,0.16,0.0,-74.5561
166435,666,0.79,0.19,0.03,0.16,0.0,-74.4203
166705,667,0.8,0.19,0.03,0.16,0.0,-72.4982
166904,668,0.81,0.18,0.03,0.15,0.0,-71.649
166985,669,0.81,0.18,0.03,0.15,0.0,-69.6649
167191,670,0.81,0.18,0.04,0.14,0.0,-69.6592
167362,671,0.81,0.18,0.04,0.14,0.0,-69.403
167511,672,0.82,0.17,0.03,0.14,0.0,-67.579
167706,673,0.83,0.16,0.03,0.13,0.0,-65.5267
167896,674,0.83,0.16,0.03,0.13,0.0,-65.9034
168258,675,0.84,0.15,0.03,0.12,0.0,-66.1698
168401,676,0.85,0.14,0.03,0.11,0.0,-64.8584
168483,677,0.86,0.13,0.03,0.1,0.0,-64.2523
168666,678,0.86,0.13,0.03,0.1,0.0,-64.0276
168936,679,0.86,0.13,0.03,0.1,0.0,-63.5869
169109,680,0.86,0.13,0.03,0.1,0.0,-63.6958
169338,681,0.86,0.13,0.03,0.1,0.0,-63.5935
169391,682,0.85,0.14,0.03,0.11,0.0,-63.8834
169594,683,0.86,0.14,0.03,0.11,0.0,-61.7962
169777,684,0.86,0.14,0.03,0.11,0.0,-61.6874
170010,685,0.86,0.14,0.03,0.11,0.0,-61.1695
170244,686,0.87,0.13,0.03,0.1,0.0,-60.7029
170745,687,0.87,0.13,0.03,0.1,0.0,-62.457
170936,688,0.86,0.14,0.03,0.11,0.0,-63.3863
170993,689,0.85,0.15,0.03,0.12,0.0,-63.0917
171108,690,0.85,0.15,0.03,0.12,0.0,-63.2411
171292,691,0.84,0.16,0.04,0.12,0.0,-63.8758
171493,692,0.84,0.16,0.04,0.12,0.0,-62.1493
171984,693,0.83,0.17,0.05,0.12,0.0,-64.5745
172374,694,0.83,0.17,0.05,0.12,0.0,-65.1334
172477,695,0.82,0.18,0.05,0.13,0.0,-65.7629
172624,696,0.82,0.18,0.05,0.13,0.0,-65.9915
172841,697,0.82,0.18,0.05,0.13,0.0,-65.9127
172925,698,0.81,0.19,0.05,0.14,0.0,-65.8303
173525,699,0.8,0.19,0.05,0.14,0.0,-67.8344
173718,700,0.79,0.2,0.06,0.14,0.0,-68.1827
173887,701,0.79,0.2,0.06,0.14,0.0,-66.7138
174125,702,0.79,0.2,0.06,0.14,0.0,-67.2446
174308,703,0.79,0.2,0.06,0.14,0.0,-66.692
174573,704,0.79,0.2,0.06,0.14,0.0,-67.3026
174723,705,0.8,0.19,0.06,0.13,0.0,-66.1989
174941,706,0.8,0.19,0.06,0.13,0.0,-66.3813
175081,707,0.8,0.19,0.06,0.13,0.0,-65.623
175681,708,0.79,0.19,0.06,0.13,0.0,-67.6572
175881,709,0.78,0.2,0.06,0.14,0.0,-68.453
176036,710,0.77,0.21,0.06,0.15,0.0,-69.1992
176272,711,0.77,0.21,0.06,0.15,0.0,-69.3272
176480,712,0.78,0.2,0.05,0.15,0.0,-69.0471
176788,713,0.78,0.2,0.05,0.15,0.0,-69.4655
176943,714,0.78,0.2,0.05,0.15,0.0,-69.0506
177090,715,0.78,0.2,0.05,0.15,0.0,-68.554
177329,716,0.78,0.2,0.05,0.15,0.0,-69.0337
177512,717,0.78,0.2,0.05,0.15,0.0,-68.6884
178112,718,0.77,0.2,0.05,0.15,0.0,-71.2382
178211,719,0.77,0.2,0.05,0.15,0.0,-70.4322
178386,720,0.77,0.2,0.05,0.15,0.0,-70.0609
178588,721,0.77,0.2,0.05,0.15,0.0,-70.1473
179188,722,0.76,0.2,0.05,0.15,0.0,-72.4184
179390,723,0.76,0.2,0.05,0.15,0.0,-72.4419
179489,724,0.76,0.2,0.05,0.15,0.0,-72.0629
179658,725,0.76,0.2,0.05,0.15,0.0,-72.2987
180105,726,0.76,0.2,0.05,0.15,0.0,-74.4526
180235,727,0.76,0.2,0.05,0.15,0.0,-73.9305
180536,728,0.75,0.21,0.06,0.15,0.0,-74.0606
180905,729,0.75,0.21,0.06,0.15,0.0,-74.7176
181143,730,0.74,0.22,0.06,0.16,0.0,-75.7173
181441,731,0.75,0.21,0.06,0.15,0.0,-75.251
181614,732,0.75,0.21,0.06,0.15,0.0,-74.9835
181737,733,0.75,0.21,0.06,0.15,0.0,-74.5652
181946,734,0.75,0.21,0.06,0.15,0.0,-74.9154
181981,735,0.74,0.22,0.06,0.16,0.0,-75.1476
182391,736,0.73,0.23,0.06,0.17,0.0,-77.0485
182568,737,0.73,0.23,0.06,0.17,0.0,-76.42
182752,738,0.73,0.23,0.06,0.17,0.0,-76.4708
182998,739,0.72,0.24,0.06,0.18,0.0,-77.7633
183205,740,0.72,0.24,0.06,0.18,0.0,-78.1701
183357,741,0.72,0.24,0.06,0.18,0.0,-77.9899
183852,742,0.72,0.24,0.07,0.17,0.0,-79.7444
183934,743,0.73,0.23,0.07,0.16,0.0,-78.7459
184119,744,0.73,0.23,0.07,0.16,0.0,-78.6405
184619,745,0.74,0.22,0.07,0.15,0.0,-77.8865
184767,746,0.74,0.22,0.07,0.15,0.0,-77.5118
184960,747,0.73,0.23,0.07,0.16,0.0,-77.7744
185314,748,0.72,0.24,0.07,0.17,0.0,-78.5791
185667,749,0.73,0.23,0.07,0.16,0.0,-78.2551
185764,750,0.74,0.22,0.07,0.15,0.0,-77.0221
186076,751,0.73,0.23,0.08,0.15,0.0,-78.2785
186311,752,0.73,0.23,0.08,0.15,0.0,-78.3516
186513,753,0.72,0.24,0.09,0.15,0.0,-79.083
186594,754,0.71,0.25,0.09,0.16,0.0,-78.8946
186832,755,0.71,0.25,0.09,0.16,0.0,-79.2758
187047,756,0.71,0.25,0.09,0.16,0.0,-79.7153
187225,757,0.71,0.25,0.09,0.16,0.0,-80.0752
187609,758,0.7,0.26,0.1,0.16,0.0,-81.5698
187760,759,0.7,0.26,0.1,0.16,0.0,-80.6646
187847,760,0.71,0.25,0.1,0.15,0.0,-79.6159
188029,761,0.7,0.26,0.1,0.16,0.0,-79.5364
188174,762,0.69,0.27,0.1,0.17,0.0,-80.4989
188389,763,0.69,0.27,0.1,0.17,0.0,-80.8625
188485,764,0.69,0.27,0.1,0.17,0.0,-80.361
188616,765,0.7,0.26,0.09,0.17,0.0,-79.5227
188837,766,0.7,0.26,0.09,0.17,0.0,-79.1306
189116,767,0.7,0.26,0.09,0.17,0.0,-78.9234
189310,768,0.7,0.26,0.09,0.17,0.0,-78.8471
189502,769,0.69,0.27,0.09,0.18,0.0,-79.8556
189700,770,0.7,0.26,0.08,0.18,0.0,-79.1314
189913,771,0.7,0.26,0.08,0.18,0.0,-79.2481
190161,772,0.7,0.26,0.08,0.18,0.0,-79.9511
190428,773,0.7,0.26,0.08,0.18,0.0,-80.1391
190545,774,0.7,0.26,0.08,0.18,0.0,-79.6019
190691,775,0.7,0.26,0.08,0.18,0.0,-78.5141
191286,776,0.69,0.27,0.08,0.19,0.0,-81.1521
191481,777,0.69,0.27,0.08,0.19,0.0,-81.5636
191561,778,0.69,0.27,0.08,0.19,0.0,-81.1222
192047,779,0.69,0.27,0.08,0.19,0.0,-81.827
192331,780,0.69,0.27,0.08,0.19,0.0,-82.1489
192603,781,0.68,0.28,0.09,0.19,0.0,-82.8772
192835,782,0.69,0.27,0.09,0.18,0.0,-82.7666
192972,783,0.69,0.27,0.09,0.18,0.0,-82.3401
193260,784,0.69,0.27,0.09,0.18,0.0,-82.7889
193456,785,0.69,0.27,0.09,0.18,0.0,-82.7069
193778,786,0.69,0.27,0.09,0.18,0.0,-82.8167
193940,787,0.69,0.27,0.09,0.18,0.0,-81.314
194063,788,0.7,0.26,0.09,0.17,0.0,-80.516
194486,789,0.7,0.26,0.09,0.17,0.0,-81.5081
194906,790,0.7,0.26,0.09,0.17,0.0,-82.7022
195077,791,0.71,0.25,0.08,0.17,0.0,-81.7667
195170,792,0.71,0.25,0.08,0.17,0.0,-81.2584
195412,793,0.72,0.24,0.07,0.17,0.0,-79.2796
195617,794,0.72,0.24,0.07,0.17,0.0,-78.7379
195732,795,0.73,0.23,0.07,0.16,0.0,-78.24
195909,796,0.73,0.23,0.07,0.16,0.0,-78.2802
196509,797,0.72,0.23,0.07,0.16,0.0,-79.8401
196682,798,0.73,0.22,0.07,0.15,0.0,-79.3589
196928,799,0.74,0.22,0.07,0.15,0.0,-77.6417
197528,800,0.74,0.21,0.06,0.15,0.0,-78.6101
197623,801,0.74,0.21,0.06,0.15,0.0,-78.3643
197786,802,0.73,0.22,0.06,0.16,0.0,-78.6402
197971,803,0.73,0.22,0.06,0.16,0.0,-78.5606
198175,804,0.72,0.23,0.06,0.17,0.0,-79.2025
198244,805,0.72,0.23,0.06,0.17,0.0,-78.8789
198447,806,0.72,0.23,0.06,0.17,0.0,-78.6539
198820,807,0.72,0.23,0.06,0.17,0.0,-79.4965
199384,808,0.73,0.23,0.06,0.17,0.0,-78.9872
199583,809,0.74,0.22,0.06,0.16,0.0,-78.4355
199957,810,0.74,0.22,0.06,0.16,0.0,-79.587
200600,811,0.73,0.22,0.06,0.16,0.0,-82.7939
200730,812,0.72,0.23,0.06,0.17,0.0,-83.4025
201304,813,0.71,0.24,0.06,0.18,0.0,-87.0041
201443,814,0.71,0.24,0.06,0.18,0.0,-87.0406
201576,815,0.7,0.25,0.06,0.19,0.0,-87.8257
201863,816,0.69,0.26,0.06,0.2,0.0,-89.4961
202463,817,0.68,0.26,0.06,0.2,0.0,-92.6914
202606,818,0.68,0.27,0.06,0.21,0.0,-90.4708
202923,819,0.67,0.28,0.07,0.21,0.0,-93.2071
203371,820,0.66,0.29,0.07,0.22,0.0,-96.1273
203536,821,0.66,0.29,0.07,0.22,0.0,-95.838
203618,822,0.66,0.3,0.07,0.23,0.0,-94.4506
203874,823,0.65,0.31,0.07,0.24,0.0,-95.5017
204302,824,0.64,0.32,0.07,0.25,0.0,-97.9778
204463,825,0.64,0.32,0.07,0.25,0.0,-97.7196
204612,826,0.65,0.31,0.07,0.24,0.0,-95.1801
205212,827,0.64,0.31,0.07,0.24,0.0,-97.5527
205489,828,0.65,0.3,0.06,0.24,0.0,-96.5149
205719,829,0.65,0.3,0.06,0.24,0.0,-95.9479
206107,830,0.66,0.29,0.06,0.23,0.0,-95.6123
206281,831,0.65,0.3,0.06,0.24,0.0,-95.4607
206466,832,0.65,0.3,0.06,0.24,0.0,-95.4799
206958,833,0.65,0.3,0.06,0.24,0.0,-97.0009
207125,834,0.65,0.3,0.06,0.24,0.0,-96.8736
207370,835,0.65,0.3,0.07,0.23,0.0,-97.6722
207970,836,0.65,0.29,0.07,0.22,0.0,-98.5389
208165,837,0.65,0.29,0.07,0.22,0.0,-98.6344
208286,838,0.64,0.3,0.07,0.23,0.0,-99.1775
208419,839,0.65,0.29,0.07,0.22,0.0,-97.9407
208677,840,0.65,0.29,0.07,0.22,0.0,-98.1979
208948,841,0.65,0.29,0.07,0.22,0.0,-98.5651
209082,842,0.65,0.29,0.06,0.23,0.0,-96.829
209219,843,0.65,0.29,0.06,0.23,0.0,-96.9169
209734,844,0.64,0.3,0.06,0.24,0.0,-99.7887
209985,845,0.64,0.3,0.06,0.24,0.0,-98.4802
210178,846,0.64,0.3,0.06,0.24,0.0,-98.697
210361,847,0.65,0.29,0.06,0.23,0.0,-98.1291
210512,848,0.66,0.28,0.06,0.22,0.0,-96.8115
210769,849,0.66,0.28,0.06,0.22,0.0,-96.5737
210861,850,0.66,0.28,0.06,0.22,0.0,-96.4616
211177,851,0.67,0.27,0.05,0.22,0.0,-95.5415
211212,852,0.66,0.28,0.06,0.22,0.0,-95.2079
211375,853,0.67,0.27,0.05,0.22,0.0,-94.2888
211481,854,0.68,0.26,0.05,0.21,0.0,-93.6963
211640,855,0.68,0.26,0.05,0.21,0.0,-93.0511
211892,856,0.68,0.26,0.05,0.21,0.0,-93.0535
212492,857,0.67,0.26,0.05,0.21,0.0,-95.086
212817,858,0.67,0.26,0.05,0.21,0.0,-95.4672
213008,859,0.67,0.26,0.05,0.21,0.0,-95.6121
213208,860,0.67,0.26,0.05,0.21,0.0,-95.97
213386,861,0.68,0.25,0.05,0.2,0.0,-95.3182
213647,862,0.69,0.24,0.05,0.19,0.0,-94.7381
214247,863,0.68,0.24,0.05,0.19,0.0,-97.6359
214421,864,0.68,0.24,0.05,0.19,0.0,-98.035
214560,865,0.68,0.24,0.05,0.19,0.0,-97.9866
214647,866,0.68,0.24,0.05,0.19,0.0,-97.4055
214784,867,0.68,0.24,0.05,0.19,0.0,-96.9892
214815,868,0.67,0.25,0.05,0.2,0.0,-97.0663
215154,869,0.67,0.25,0.06,0.19,0.0,-97.5624
215505,870,0.66,0.26,0.07,0.19,0.0,-98.7896
215674,871,0.65,0.27,0.08,0.19,0.0,-99.0251
216045,872,0.65,0.27,0.08,0.19,0.0,-99.2031
216590,873,0.64,0.28,0.09,0.19,0.0,-100.7087
217190,874,0.63,0.28,0.09,0.19,0.0,-102.8959
217721,875,0.63,0.28,0.09,0.19,0.0,-104.3843
217813,876,0.63,0.28,0.09,0.19,0.0,-102.2134
217985,877,0.62,0.29,0.1,0.19,0.0,-102.6713
218012,878,0.61,0.3,0.11,0.19,0.0,-103.0139
218123,879,0.6,0.31,0.11,0.2,0.0,-102.422
218249,880,0.6,0.31,0.11,0.2,0.0,-101.8477
218683,881,0.6,0.31,0.1,0.21,0.0,-102.7717
218920,882,0.6,0.31,0.1,0.21,0.0,-102.7952
219520,883,0.59,0.31,0.1,0.21,0.0,-105.46
219776,884,0.59,0.31,0.1,0.21,0.0,-105.279
219949,885,0.59,0.31,0.1,0.21,0.0,-105.1656
220092,886,0.59,0.31,0.1,0.21,0.0,-104.6252
220510,887,0.58,0.32,0.1,0.22,0.0,-106.633
220591,888,0.58,0.32,0.1,0.22,0.0,-106.315
220742,889,0.59,0.31,0.1,0.21,0.0,-104.832
220889,890,0.59,0.31,0.1,0.21,0.0,-103.6039
220986,891,0.59,0.31,0.1,0.21,0.0,-103.2907
221078,892,0.59,0.31,0.1,0.21,0.0,-103.3169
221328,893,0.59,0.31,0.1,0.21,0.0,-103.4323
221438,894,0.59,0.31,0.1,0.21,0.0,-102.8929
222005,895,0.58,0.32,0.1,0.22,0.0,-105.1787
222272,896,0.58,0.32,0.1,0.22,0.0,-105.4372
222416,897,0.59,0.32,0.1,0.22,0.0,-103.4059
222581,898,0.58,0.33,0.1,0.23,0.0,-103.9586
222822,899,0.58,0.33,0.1,0.23,0.0,-103.8091
223067,900,0.59,0.33,0.1,0.23,0.0,-102.4031
223185,901,0.59,0.33,0.1,0.23,0.0,-102.3635
223416,902,0.59,0.33,0.11,0.22,0.0,-102.5978
223487,903,0.59,0.33,0.11,0.22,0.0,-102.2299
223685,904,0.59,0.33,0.11,0.22,0.0,-102.1199
223860,905,0.59,0.33,0.11,0.22,0.0,-102.642
224022,906,0.59,0.33,0.11,0.22,0.0,-102.5069
224107,907,0.59,0.33,0.11,0.22,0.0,-101.6934
224363,908,0.59,0.33,0.11,0.22,0.0,-100.2849
224548,909,0.59,0.33,0.11,0.22,0.0,-99.9766
224678,910,0.6,0.32,0.11,0.21,0.0,-98.0588
224786,911,0.61,0.32,0.11,0.21,0.0,-94.1658
224963,912,0.62,0.31,0.11,0.2,0.0,-93.2661
225030,913,0.62,0.31,0.12,0.19,0.0,-89.4142
225204,914,0.62,0.31,0.12,0.19,0.0,-89.3257
225426,915,0.63,0.3,0.12,0.18,0.0,-88.6686
225888,916,0.63,0.3,0.13,0.17,0.0,-88.2847
226149,917,0.64,0.3,0.13,0.17,0.0,-85.1292
226299,918,0.64,0.3,0.14,0.16,0.0,-85.1581
226841,919,0.64,0.3,0.13,0.17,0.0,-86.1201
226855,920,0.64,0.3,0.13,0.17,0.0,-83.2638
227197,921,0.63,0.31,0.13,0.18,0.0,-84.7545
227555,922,0.64,0.3,0.13,0.17,0.0,-84.6044
227733,923,0.64,0.3,0.13,0.17,0.0,-84.1528
228017,924,0.65,0.29,0.13,0.16,0.0,-82.4054
228170,925,0.65,0.29,0.13,0.16,0.0,-82.4726
228408,926,0.65,0.29,0.13,0.16,0.0,-82.8779
228703,927,0.66,0.29,0.13,0.16,0.0,-81.1989
228997,928,0.66,0.29,0.13,0.16,0.0,-80.9374
229141,929,0.65,0.3,0.14,0.16,0.0,-81.1222
229303,930,0.64,0.31,0.14,0.17,0.0,-80.9512
229445,931,0.65,0.3,0.14,0.16,0.0,-80.2369
229565,932,0.65,0.3,0.14,0.16,0.0,-79.902
229842,933,0.65,0.3,0.14,0.16,0.0,-78.7564
229999,934,0.65,0.3,0.14,0.16,0.0,-78.8124
230198,935,0.66,0.29,0.13,0.16,0.0,-77.9858
230445,936,0.67,0.29,0.13,0.16,0.0,-75.3379
230702,937,0.67,0.29,0.13,0.16,0.0,-75.6412
231005,938,0.68,0.28,0.13,0.15,0.0,-75.4768
231049,939,0.67,0.29,0.14,0.15,0.0,-75.8519
231377,940,0.66,0.3,0.15,0.15,0.0,-76.8485
231534,941,0.66,0.3,0.15,0.15,0.0,-76.3804
231726,942,0.66,0.3,0.15,0.15,0.0,-77.0379
232104,943,0.65,0.31,0.15,0.16,0.0,-79.1397
232603,944,0.66,0.3,0.15,0.15,0.0,-77.6022
232884,945,0.65,0.31,0.16,0.15,0.0,-78.4298
233095,946,0.65,0.31,0.16,0.15,0.0,-78.5547
233626,947,0.65,0.31,0.16,0.15,0.0,-80.3556
233792,948,0.65,0.31,0.16,0.15,0.0,-80.3004
233979,949,0.64,0.32,0.16,0.16,0.0,-80.7345
234228,950,0.64,0.32,0.16,0.16,0.0,-81.583
234382,951,0.64,0.32,0.16,0.16,0.0,-81.2484
234982,952,0.64,0.31,0.15,0.16,0.0,-83.7497
235246,953,0.63,0.32,0.15,0.17,0.0,-85.1611
235700,954,0.63,0.32,0.15,0.17,0.0,-86.2167
235848,955,0.63,0.32,0.15,0.17,0.0,-86.1791
235989,956,0.63,0.32,0.15,0.17,0.0,-85.7158
236110,957,0.64,0.32,0.15,0.17,0.0,-83.4682
236379,958,0.65,0.31,0.14,0.17,0.0,-82.0752
236657,959,0.65,0.31,0.14,0.17,0.0,-82.3957
236819,960,0.65,0.31,0.14,0.17,0.0,-82.2509
237066,961,0.65,0.31,0.14,0.17,0.0,-82.4903
237093,962,0.64,0.32,0.14,0.18,0.0,-82.5533
237693,963,0.64,0.32,0.14,0.18,0.0,-81.7611
237824,964,0.63,0.33,0.14,0.19,0.0,-82.4683
238010,965,0.62,0.34,0.14,0.2,0.0,-83.224
238138,966,0.61,0.35,0.14,0.21,0.0,-84.4058
238317,967,0.61,0.35,0.14,0.21,0.0,-84.451
238432,968,0.61,0.35,0.14,0.21,0.0,-84.9867
238812,969,0.62,0.34,0.13,0.21,0.0,-85.2975
239009,970,0.62,0.34,0.12,0.22,0.0,-84.6901
239440,971,0.62,0.34,0.11,0.23,0.0,-85.9795
239733,972,0.61,0.35,0.11,0.24,0.0,-86.2535
239832,973,0.62,0.34,0.1,0.24,0.0,-84.0991
240154,974,0.63,0.34,0.1,0.24,0.0,-82.691
240367,975,0.63,0.34,0.1,0.24,0.0,-81.6089
240631,976,0.64,0.33,0.1,0.23,0.0,-81.7848
240849,977,0.65,0.32,0.09,0.23,0.0,-81.4742
240966,978,0.66,0.31,0.08,0.23,0.0,-81.1564
241094,979,0.67,0.3,0.08,0.22,0.0,-80.617
241208,980,0.67,0.3,0.08,0.22,0.0,-80.5225
241487,981,0.67,0.3,0.08,0.22,0.0,-79.8819
241859,982,0.67,0.3,0.08,0.22,0.0,-80.399
242029,983,0.68,0.3,0.08,0.22,0.0,-77.7642
242226,984,0.68,0.3,0.08,0.22,0.0,-77.6277
242421,985,0.67,0.31,0.09,0.22,0.0,-78.4165
242608,986,0.67,0.31,0.09,0.22,0.0,-78.527
242689,987,0.68,0.3,0.09,0.21,0.0,-76.1653
242875,988,0.68,0.3,0.09,0.21,0.0,-76.4803
243045,989,0.67,0.31,0.09,0.22,0.0,-77.6182
243321,990,0.67,0.31,0.09,0.22,0.0,-78.1308
243399,991,0.67,0.31,0.09,0.22,0.0,-78.0518
243572,992,0.66,0.32,0.09,0.23,0.0,-79.0049
243839,993,0.65,0.33,0.09,0.24,0.0,-79.5069
243941,994,0.65,0.33,0.09,0.24,0.0,-79.4859
244326,995,0.65,0.33,0.09,0.24,0.0,-78.9684
244907,996,0.64,0.34,0.09,0.25,0.0,-80.9508
245208,997,0.63,0.35,0.09,0.26,0.0,-82.376
245325,998,0.64,0.34,0.09,0.25,0.0,-81.6545
245925,999,0.63,0.34,0.09,0.25,0.0,-83.432
246366,1000,0.63,0.34,0.09,0.25,0.0,-84.3133
246537,1001,0.62,0.35,0.09,0.26,0.0,-85.1657
246721,1002,0.62,0.35,0.08,0.27,0.0,-84.9889
246868,1003,0.62,0.35,0.08,0.27,0.0,-85.2076
247154,1004,0.63,0.34,0.08,0.26,0.0,-84.4078
247360,1005,0.63,0.34,0.08,0.26,0.0,-84.3159
247730,1006,0.63,0.34,0.08,0.26,0.0,-85.5719
247977,1007,0.63,0.34,0.08,0.26,0.0,-86.3033
248136,1008,0.62,0.35,0.09,0.26,0.0,-86.5211
248294,1009,0.62,0.35,0.09,0.26,0.0,-86.6495
248354,1010,0.61,0.36,0.09,0.27,0.0,-87.1548
248954,1011,0.6,0.36,0.09,0.27,0.0,-89.6564
249345,1012,0.6,0.36,0.09,0.27,0.0,-90.6581
249552,1013,0.61,0.35,0.08,0.27,0.0,-91.0451
249723,1014,0.61,0.35,0.08,0.27,0.0,-91.1771
250600,1015,0.6,0.35,0.08,0.27,0.0,-93.4569
250890,1016,0.61,0.34,0.07,0.27,0.0,-92.3166
251065,1017,0.61,0.34,0.07,0.27,0.0,-91.9737
251401,1018,0.62,0.33,0.06,0.27,0.0,-91.7451
251559,1019,0.63,0.32,0.06,0.26,0.0,-88.2276
251967,1020,0.63,0.32,0.07,0.25,0.0,-90.2012
252349,1021,0.64,0.31,0.07,0.24,0.0,-89.5782
252636,1022,0.63,0.32,0.07,0.25,0.0,-90.2066
252880,1023,0.64,0.31,0.07,0.24,0.0,-89.6619
253196,1024,0.63,0.32,0.08,0.24,0.0,-90.2151
253796,1025,0.62,0.32,0.08,0.24,0.0,-92.3985
254049,1026,0.62,0.32,0.08,0.24,0.0,-92.2744
254183,1027,0.61,0.33,0.08,0.25,0.0,-92.2855
254783,1028,0.6,0.33,0.08,0.25,0.0,-93.9905
254941,1029,0.61,0.32,0.07,0.25,0.0,-93.5429
255224,1030,0.62,0.31,0.07,0.24,0.0,-93.5322
255295,1031,0.61,0.32,0.07,0.25,0.0,-93.8806
255502,1032,0.61,0.32,0.07,0.25,0.0,-94.241
255683,1033,0.6,0.33,0.08,0.25,0.0,-94.5591
255966,1034,0.6,0.33,0.08,0.25,0.0,-94.9051
256093,1035,0.6,0.33,0.08,0.25,0.0,-94.4955
256387,1036,0.6,0.33,0.08,0.25,0.0,-94.878
256669,1037,0.6,0.33,0.08,0.25,0.0,-94.9069
257069,1038,0.6,0.33,0.08,0.25,0.0,-95.4546
257352,1039,0.61,0.32,0.07,0.25,0.0,-95.6982
257566,1040,0.62,0.31,0.06,0.25,0.0,-94.3178
257693,1041,0.62,0.31,0.06,0.25,0.0,-94.2079
257827,1042,0.63,0.3,0.06,0.24,0.0,-92.8842
258025,1043,0.64,0.29,0.06,0.23,0.0,-91.1879
258345,1044,0.64,0.29,0.06,0.23,0.0,-90.1271
258657,1045,0.65,0.28,0.05,0.23,0.0,-89.1282
258784,1046,0.65,0.28,0.05,0.23,0.0,-88.7397
259022,1047,0.64,0.29,0.05,0.24,0.0,-87.7264
259215,1048,0.64,0.29,0.05,0.24,0.0,-87.928
259366,1049,0.65,0.28,0.05,0.23,0.0,-86.9791
259966,1050,0.64,0.28,0.05,0.23,0.0,-88.1434
260136,1051,0.64,0.28,0.05,0.23,0.0,-88.2769
260420,1052,0.65,0.28,0.05,0.23,0.0,-85.9566
260617,1053,0.66,0.27,0.05,0.22,0.0,-84.5534
260877,1054,0.66,0.27,0.05,0.22,0.0,-83.9994
261047,1055,0.66,0.27,0.05,0.22,0.0,-84.1217
261600,1056,0.66,0.27,0.05,0.22,0.0,-86.2603
261691,1057,0.66,0.27,0.05,0.22,0.0,-86.077
261821,1058,0.66,0.27,0.05,0.22,0.0,-85.4135
262179,1059,0.65,0.28,0.06,0.22,0.0,-86.225
262387,1060,0.65,0.28,0.06,0.22,0.0,-86.494
262511,1061,0.65,0.28,0.06,0.22,0.0,-85.9474
262700,1062,0.66,0.27,0.06,0.21,0.0,-85.8983
263279,1063,0.66,0.28,0.07,0.21,0.0,-85.4711
263450,1064,0.67,0.27,0.07,0.2,0.0,-84.6482
263736,1065,0.68,0.26,0.07,0.19,0.0,-84.5216
263905,1066,0.69,0.25,0.07,0.18,0.0,-83.6449
264155,1067,0.69,0.25,0.07,0.18,0.0,-84.0422
264330,1068,0.69,0.25,0.07,0.18,0.0,-83.9999
264522,1069,0.68,0.26,0.08,0.18,0.0,-83.2555
264863,1070,0.69,0.25,0.08,0.17,0.0,-83.0011
265173,1071,0.7,0.24,0.08,0.16,0.0,-81.839
265477,1072,0.7,0.24,0.08,0.16,0.0,-82.2526
266077,1073,0.69,0.24,0.08,0.16,0.0,-84.5555
266303,1074,0.68,0.25,0.08,0.17,0.0,-85.132
266455,1075,0.68,0.25,0.08,0.17,0.0,-84.6451
266639,1076,0.67,0.26,0.08,0.18,0.0,-84.6886
266809,1077,0.66,0.27,0.09,0.18,0.0,-85.0837
266925,1078,0.66,0.27,0.09,0.18,0.0,-85.0533
267184,1079,0.66,0.27,0.09,0.18,0.0,-85.5198
267417,1080,0.66,0.27,0.09,0.18,0.0,-85.9969
267516,1081,0.67,0.26,0.09,0.17,0.0,-84.522
267820,1082,0.67,0.26,0.09,0.17,0.0,-84.2284
268102,1083,0.67,0.26,0.09,0.17,0.0,-84.7693
268347,1084,0.67,0.26,0.09,0.17,0.0,-84.8547
268559,1085,0.68,0.25,0.08,0.17,0.0,-84.2325
268740,1086,0.67,0.26,0.09,0.17,0.0,-85.0596
268818,1087,0.67,0.26,0.09,0.17,0.0,-85.0524
269074,1088,0.67,0.26,0.09,0.17,0.0,-85.4502
269311,1089,0.68,0.25,0.09,0.16,0.0,-84.5342
269407,1090,0.68,0.25,0.09,0.16,0.0,-83.8728
269663,1091,0.68,0.25,0.09,0.16,0.0,-84.3239
269786,1092,0.69,0.24,0.09,0.15,0.0,-83.4876
270145,1093,0.7,0.23,0.09,0.14,0.0,-83.3586
270242,1094,0.7,0.23,0.09,0.14,0.0,-83.2451
270416,1095,0.7,0.23,0.1,0.13,0.0,-82.3541
270800,1096,0.71,0.22,0.1,0.12,0.0,-81.1377
270905,1097,0.72,0.21,0.1,0.11,0.0,-79.5693
271081,1098,0.71,0.22,0.1,0.12,0.0,-80.1988
271412,1099,0.72,0.22,0.1,0.12,0.0,-78.6579
271659,1100,0.72,0.22,0.1,0.12,0.0,-77.8682
271819,1101,0.73,0.21,0.1,0.11,0.0,-77.1384
272122,1102,0.74,0.2,0.1,0.1,0.0,-77.0173
272238,1103,0.74,0.2,0.1,0.1,0.0,-76.9774
272546,1104,0.73,0.21,0.11,0.1,0.0,-77.8726
272775,1105,0.73,0.21,0.11,0.1,0.0,-77.7778
272945,1106,0.73,0.21,0.11,0.1,0.0,-76.4916
273155,1107,0.73,0.21,0.11,0.1,0.0,-76.213
273394,1108,0.74,0.2,0.1,0.1,0.0,-75.9718
273772,1109,0.73,0.21,0.1,0.11,0.0,-77.4386
274058,1110,0.73,0.21,0.11,0.1,0.0,-78.3228
274200,1111,0.74,0.21,0.11,0.1,0.0,-75.8543
274317,1112,0.74,0.21,0.11,0.1,0.0,-74.5061
274917,1113,0.73,0.21,0.11,0.1,0.0,-75.791
275257,1114,0.73,0.21,0.11,0.1,0.0,-76.2029
275519,1115,0.74,0.21,0.11,0.1,0.0,-74.2175
275700,1116,0.74,0.21,0.11,0.1,0.0,-73.7293
275859,1117,0.74,0.21,0.11,0.1,0.0,-73.6929
276125,1118,0.74,0.21,0.11,0.1,0.0,-73.4923
276312,1119,0.73,0.22,0.11,0.11,0.0,-74.2134
276912,1120,0.73,0.21,0.1,0.11,0.0,-74.2931
277071,1121,0.73,0.21,0.1,0.11,0.0,-73.4853
277282,1122,0.73,0.21,0.1,0.11,0.0,-72.99
277523,1123,0.73,0.21,0.1,0.11,0.0,-73.0415
277783,1124,0.74,0.2,0.09,0.11,0.0,-72.3356
278022,1125,0.74,0.21,0.09,0.12,0.0,-71.0747
278453,1126,0.73,0.22,0.09,0.13,0.0,-72.9646
278690,1127,0.73,0.22,0.09,0.13,0.0,-73.2116
278816,1128,0.74,0.22,0.09,0.13,0.0,-70.9906
278965,1129,0.74,0.22,0.09,0.13,0.0,-70.9212
279283,1130,0.73,0.23,0.09,0.14,0.0,-71.8288
279435,1131,0.74,0.22,0.09,0.13,0.0,-71.6455
279868,1132,0.74,0.22,0.09,0.13,0.0,-72.3888
279983,1133,0.75,0.21,0.08,0.13,0.0,-71.5235
280147,1134,0.74,0.22,0.09,0.13,0.0,-71.7989
280348,1135,0.73,0.23,0.09,0.14,0.0,-72.8659
280670,1136,0.72,0.24,0.09,0.15,0.0,-73.2061
280813,1137,0.72,0.24,0.09,0.15,0.0,-72.8478
280930,1138,0.72,0.24,0.09,0.15,0.0,-71.5744
281202,1139,0.72,0.24,0.09,0.15,0.0,-71.5962
281305,1140,0.72,0.24,0.09,0.15,0.0,-71.2398
281604,1141,0.71,0.25,0.1,0.15,0.0,-73.1912
282001,1142,0.7,0.26,0.1,0.16,0.0,-75.6566
282222,1143,0.7,0.26,0.1,0.16,0.0,-75.4186
282307,1144,0.7,0.26,0.1,0.16,0.0,-74.6199
282582,1145,0.7,0.26,0.1,0.16,0.0,-74.5059
282641,1146,0.69,0.27,0.11,0.16,0.0,-74.9509
282679,1147,0.69,0.27,0.12,0.15,0.0,-74.2896
282791,1148,0.69,0.27,0.12,0.15,0.0,-74.0765
282944,1149,0.69,0.27,0.12,0.15,0.0,-74.1209
283116,1150,0.69,0.28,0.12,0.16,0.0,-73.0053
283506,1151,0.68,0.29,0.13,0.16,0.0,-74.4945
283699,1152,0.68,0.29,0.13,0.16,0.0,-74.277
283822,1153,0.68,0.29,0.13,0.16,0.0,-73.9783
284018,1154,0.68,0.29,0.13,0.16,0.0,-73.8556
284202,1155,0.67,0.3,0.13,0.17,0.0,-74.5185
284435,1156,0.67,0.3,0.13,0.17,0.0,-72.7612
284625,1157,0.67,0.3,0.13,0.17,0.0,-73.0491
284790,1158,0.67,0.3,0.13,0.17,0.0,-73.2112
284939,1159,0.68,0.29,0.12,0.17,0.0,-71.8112
285312,1160,0.67,0.3,0.12,0.18,0.0,-73.0298
285912,1161,0.66,0.3,0.12,0.18,0.0,-75.245
286091,1162,0.65,0.31,0.13,0.18,0.0,-75.6873
286196,1163,0.65,0.31,0.13,0.18,0.0,-74.0967
286375,1164,0.64,0.32,0.13,0.19,0.0,-74.684
286641,1165,0.63,0.33,0.13,0.2,0.0,-75.1851
286868,1166,0.63,0.33,0.13,0.2,0.0,-75.4821
286979,1167,0.63,0.33,0.13,0.2,0.0,-74.9063
287219,1168,0.63,0.33,0.13,0.2,0.0,-75.857
287335,1169,0.64,0.32,0.12,0.2,0.0,-74.9536
287657,1170,0.63,0.33,0.13,0.2,0.0,-75.3483
288257,1171,0.62,0.33,0.13,0.2,0.0,-76.4799
288429,1172,0.62,0.33,0.13,0.2,0.0,-75.6125
288703,1173,0.62,0.34,0.13,0.21,0.0,-74.8666
288930,1174,0.63,0.33,0.13,0.2,0.0,-73.8599
289530,1175,0.62,0.33,0.13,0.2,0.0,-75.658
289759,1176,0.63,0.32,0.13,0.19,0.0,-75.4337
290004,1177,0.64,0.31,0.12,0.19,0.0,-75.137
290248,1178,0.64,0.31,0.12,0.19,0.0,-75.632
290848,1179,0.63,0.31,0.12,0.19,0.0,-76.9226
291448,1180,0.62,0.31,0.12,0.19,0.0,-78.3166
291786,1181,0.62,0.31,0.12,0.19,0.0,-78.8538
292184,1182,0.61,0.32,0.12,0.2,0.0,-79.9853
292431,1183,0.61,0.32,0.12,0.2,0.0,-79.8989
292588,1184,0.61,0.32,0.12,0.2,0.0,-79.4451
292812,1185,0.6,0.33,0.12,0.21,0.0,-80.0375
293231,1186,0.61,0.32,0.11,0.21,0.0,-80.199
293653,1187,0.6,0.33,0.11,0.22,0.0,-82.3769
293749,1188,0.6,0.33,0.11,0.22,0.0,-81.7761
293895,1189,0.6,0.33,0.11,0.22,0.0,-81.4982
294328,1190,0.59,0.34,0.12,0.22,0.0,-84.0218
294646,1191,0.58,0.35,0.13,0.22,0.0,-84.967
295227,1192,0.58,0.35,0.13,0.22,0.0,-86.5153
295450,1193,0.58,0.35,0.13,0.22,0.0,-85.7947
295692,1194,0.57,0.36,0.13,0.23,0.0,-86.9357
295839,1195,0.58,0.35,0.12,0.23,0.0,-86.0032
296070,1196,0.58,0.35,0.12,0.23,0.0,-85.1919
296670,1197,0.57,0.35,0.12,0.23,0.0,-87.7762
296896,1198,0.58,0.34,0.12,0.22,0.0,-87.4921
297070,1199,0.57,0.35,0.12,0.23,0.0,-87.5797
297194,1200,0.56,0.36,0.12,0.24,0.0,-87.9201
297485,1201,0.56,0.36,0.12,0.24,0.0,-88.447
297562,1202,0.56,0.36,0.12,0.24,0.0,-87.4441
297857,1203,0.55,0.37,0.12,0.25,0.0,-88.839
298065,1204,0.55,0.37,0.11,0.26,0.0,-88.467
298252,1205,0.54,0.38,0.11,0.27,0.0,-89.2266
298387,1206,0.53,0.39,0.11,0.28,0.0,-89.6415
298621,1207,0.52,0.4,0.12,0.28,0.0,-90.6071
298778,1208,0.52,0.4,0.12,0.28,0.0,-90.2885
299175,1209,0.53,0.39,0.12,0.27,0.0,-90.2341
299439,1210,0.53,0.39,0.12,0.27,0.0,-89.9078
300206,1211,0.52,0.4,0.12,0.28,0.0,-91.2774
300449,1212,0.52,0.4,0.12,0.28,0.0,-92.137
300666,1213,0.52,0.41,0.12,0.29,0.0,-91.5363
300842,1214,0.52,0.41,0.12,0.29,0.0,-91.3022
301148,1215,0.51,0.42,0.12,0.3,0.0,-92.6613
301515,1216,0.5,0.43,0.12,0.31,0.0,-94.5551
301989,1217,0.49,0.44,0.12,0.32,0.0,-97.186
302207,1218,0.48,0.45,0.13,0.32,0.0,-97.7945
302554,1219,0.48,0.45,0.14,0.31,0.0,-98.8399
302866,1220,1.0,0.0,0.0,0.0,0.0,-26.8402
302990,1221,1.0,0.0,0.0,0.0,0.0,-20.5638
303127,1222,1.0,0.0,0.0,0.0,0.0,-20.3325
303727,1223,0.75,0.0,0.0,0.0,0.0,-93.6541
304327,1224,0.6,0.0,0.0,0.0,0.0,-122.8236
304695,1225,0.6667,0.0,0.0,0.0,0.0,-116.6579
305166,1226,0.5714,0.1429,0.1429,0.0,0.0,-133.119
305314,1227,0.625,0.125,0.125,0.0,0.0,-119.6729
305545,1228,0.6667,0.1111,0.1111,0.0,0.0,-113.3389
305761,1229,0.7,0.1,0.1,0.0,0.0,-106.6732
305948,1230,0.7273,0.0909,0.0909,0.0,0.0,-100.0428
306104,1231,0.6667,0.1667,0.0833,0.0833,0.0,-100.2273
306472,1232,0.6923,0.1538,0.0769,0.0769,0.0,-103.4303
306886,1233,0.6429,0.2143,0.0714,0.1429,0.0,-115.9043
307146,1234,0.6667,0.2,0.0667,0.1333,0.0,-111.3447
307267,1235,0.6875,0.1875,0.0625,0.125,0.0,-105.2237
307440,1236,0.7059,0.1765,0.0588,0.1176,0.0,-99.5318
307552,1237,0.7222,0.1667,0.0556,0.1111,0.0,-94.3544
307815,1238,0.6842,0.2105,0.1053,0.1053,0.0,-94.9157
307949,1239,0.7,0.2,0.1,0.1,0.0,-90.8156
308175,1240,0.6667,0.2381,0.1429,0.0952,0.0,-93.2833
308353,1241,0.6818,0.2273,0.1364,0.0909,0.0,-90.5995
308543,1242,0.6957,0.2174,0.1304,0.087,0.0,-87.8623
308896,1243,0.7083,0.2083,0.125,0.0833,0.0,-86.8074
309077,1244,0.68,0.24,0.12,0.12,0.0,-86.9274
309357,1245,0.6923,0.2308,0.1154,0.1154,0.0,-87.085
309526,1246,0.7037,0.2222,0.1111,0.1111,0.0,-85.0591
309674,1247,0.7143,0.2143,0.1071,0.1071,0.0,-82.8204
309752,1248,0.6897,0.2414,0.1034,0.1379,0.0,-81.9081
310352,1249,0.6667,0.2333,0.1,0.1333,0.0,-85.5327
310573,1250,0.6452,0.2581,0.0968,0.1613,0.0,-86.3632
310738,1251,0.6562,0.25,0.0938,0.1562,0.0,-84.3478
310859,1252,0.6667,0.2424,0.0909,0.1515,0.0,-82.2588
311204,1253,0.6471,0.2647,0.0882,0.1765,0.0,-84.4038
311375,1254,0.6286,0.2857,0.0857,0.2,0.0,-84.0844
311645,1255,0.6111,0.3056,0.0833,0.2222,0.0,-84.5215
311947,1256,0.6216,0.2973,0.0811,0.2162,0.0,-84.1649
312193,1257,0.6316,0.2895,0.0789,0.2105,0.0,-83.3695
312459,1258,0.641,0.2821,0.0769,0.2051,0.0,-82.5873
313011,1259,0.65,0.275,0.075,0.2,0.0,-87.9141
313509,1260,0.6585,0.2683,0.0732,0.1951,0.0,-89.1669
313664,1261,0.6667,0.2619,0.0714,0.1905,0.0,-87.4763
314023,1262,0.6512,0.2791,0.0698,0.2093,0.0,-88.9601
314320,1263,0.6591,0.2727,0.0682,0.2045,0.0,-88.4184
314512,1264,0.6667,0.2667,0.0667,0.2,0.0,-87.1622
314860,1265,0.6522,0.2826,0.087,0.1957,0.0,-88.3527
315440,1266,0.6596,0.2766,0.0851,0.1915,0.0,-90.5083
315613,1267,0.6458,0.2917,0.0833,0.2083,0.0,-90.3542
315830,1268,0.6531,0.2857,0.0816,0.2041,0.0,-89.3226
315933,1269,0.64,0.3,0.08,0.22,0.0,-89.3627
316096,1270,0.6471,0.2941,0.0784,0.2157,0.0,-87.9544
316308,1271,0.6538,0.2885,0.0769,0.2115,0.0,-86.9276
316480,1272,0.6604,0.283,0.0755,0.2075,0.0,-85.6372
316639,1273,0.6667,0.2778,0.0741,0.2037,0.0,-84.3011
316843,1274,0.6727,0.2727,0.0727,0.2,0.0,-83.1031
317097,1275,0.6786,0.2679,0.0714,0.1964,0.0,-83.2355
317428,1276,0.6842,0.2632,0.0702,0.193,0.0,-82.9446
317787,1277,0.6724,0.2759,0.069,0.2069,0.0,-84.9045
318032,1278,0.678,0.2712,0.0678,0.2034,0.0,-84.7002
318632,1279,0.6667,0.2667,0.0667,0.2,0.0,-88.6686
318821,1280,0.6721,0.2623,0.0656,0.1967,0.0,-87.6088
319180,1281,0.6774,0.2581,0.0645,0.1935,0.0,-87.773
319282,1282,0.6825,0.254,0.0635,0.1905,0.0,-86.4796
319407,1283,0.6875,0.25,0.0625,0.1875,0.0,-85.414
319603,1284,0.6923,0.2462,0.0615,0.1846,0.0,-84.5185
320013,1285,0.697,0.2424,0.0606,0.1818,0.0,-85.1278
320152,1286,0.6866,0.2537,0.0597,0.194,0.0,-85.4298
320596,1287,0.6765,0.2647,0.0588,0.2059,0.0,-87.0388
321132,1288,0.6812,0.2609,0.058,0.2029,0.0,-87.8657
321732,1289,0.6714,0.2571,0.0571,0.2,0.0,-89.4831
321919,1290,0.662,0.2676,0.0704,0.1972,0.0,-89.3741
322181,1291,0.6667,0.2639,0.0694,0.1944,0.0,-88.7648
322284,1292,0.6712,0.2603,0.0685,0.1918,0.0,-87.6699
322483,1293,0.6757,0.2568,0.0676,0.1892,0.0,-86.9531
322660,1294,0.68,0.2533,0.0667,0.1867,0.0,-86.2862
322767,1295,0.6711,0.2632,0.0658,0.1974,0.0,-86.4018
322984,1296,0.6753,0.2597,0.0649,0.1948,0.0,-85.957
323232,1297,0.6667,0.2692,0.0769,0.1923,0.0,-86.358
323659,1298,0.6709,0.2658,0.0759,0.1899,0.0,-86.4559
324186,1299,0.6625,0.275,0.075,0.2,0.0,-87.8763
324360,1300,0.6667,0.2716,0.0741,0.1975,0.0,-86.9833
324648,1301,0.6707,0.2683,0.0732,0.1951,0.0,-86.8575
324739,1302,0.6747,0.2651,0.0723,0.1928,0.0,-85.7238
325319,1303,0.6786,0.2619,0.0714,0.1905,0.0,-85.706
325590,1304,0.6824,0.2588,0.0706,0.1882,0.0,-85.3679
325667,1305,0.686,0.2558,0.0698,0.186,0.0,-84.2683
325882,1306,0.6782,0.2644,0.069,0.1954,0.0,-84.5269
326055,1307,0.6705,0.2727,0.0795,0.1932,0.0,-84.5252
326257,1308,0.6742,0.2697,0.0787,0.191,0.0,-83.9933
326413,1309,0.6778,0.2667,0.0778,0.1889,0.0,-83.4107
326556,1310,0.6813,0.2637,0.0769,0.1868,0.0,-82.8184
326683,1311,0.6848,0.2609,0.0761,0.1848,0.0,-82.0059
327283,1312,0.6774,0.2581,0.0753,0.1828,0.0,-83.9634
327634,1313,0.6809,0.2553,0.0745,0.1809,0.0,-83.9993
327845,1314,0.6842,0.2526,0.0737,0.1789,0.0,-83.5592
327968,1315,0.6771,0.2604,0.0729,0.1875,0.0,-83.7119
328154,1316,0.6804,0.2577,0.0722,0.1856,0.0,-83.185
328332,1317,0.6735,0.2653,0.0714,0.1939,0.0,-83.6318
328443,1318,0.6667,0.2727,0.0707,0.202,0.0,-83.763
328763,1319,0.66,0.28,0.08,0.2,0.0,-84.5372
328947,1320,0.65,0.29,0.09,0.2,0.0,-85.3139
329007,1321,0.65,0.29,0.09,0.2,0.0,-85.0508
329307,1322,0.65,0.29,0.09,0.2,0.0,-85.6356
329711,1323,0.65,0.3,0.09,0.21,0.0,-84.4116
329990,1324,0.65,0.31,0.09,0.22,0.0,-83.5302
330116,1325,0.65,0.31,0.09,0.22,0.0,-82.7902
330300,1326,0.65,0.31,0.08,0.23,0.0,-81.2632
330576,1327,0.65,0.31,0.08,0.23,0.0,-81.6751
330800,1328,0.65,0.31,0.08,0.23,0.0,-81.6767
331048,1329,0.65,0.31,0.08,0.23,0.0,-81.6003
331299,1330,0.65,0.31,0.08,0.23,0.0,-81.7109
331444,1331,0.66,0.3,0.08,0.22,0.0,-80.8384
331847,1332,0.66,0.3,0.08,0.22,0.0,-80.6202
332012,1333,0.67,0.29,0.08,0.21,0.0,-78.0384
332294,1334,0.67,0.29,0.08,0.21,0.0,-78.1953
332530,1335,0.66,0.3,0.08,0.22,0.0,-79.3313
332788,1336,0.66,0.3,0.08,0.22,0.0,-79.8852
332957,1337,0.66,0.3,0.08,0.22,0.0,-80.0847
333443,1338,0.67,0.29,0.07,0.22,0.0,-80.335
333779,1339,0.67,0.29,0.07,0.22,0.0,-81.1096
333969,1340,0.68,0.28,0.06,0.22,0.0,-79.9924
334102,1341,0.68,0.28,0.06,0.22,0.0,-79.6835
334496,1342,0.67,0.29,0.07,0.22,0.0,-81.1014
334758,1343,0.66,0.3,0.07,0.23,0.0,-81.6239
334952,1344,0.67,0.29,0.07,0.22,0.0,-80.9598
335148,1345,0.66,0.3,0.07,0.23,0.0,-81.0089
335426,1346,0.65,0.31,0.07,0.24,0.0,-82.1335
335744,1347,0.64,0.32,0.08,0.24,0.0,-83.2074
335873,1348,0.65,0.31,0.08,0.23,0.0,-82.7022
336030,1349,0.66,0.31,0.08,0.23,0.0,-80.9869
336227,1350,0.67,0.3,0.08,0.22,0.0,-80.171
336417,1351,0.67,0.3,0.08,0.22,0.0,-80.143
336691,1352,0.66,0.31,0.08,0.23,0.0,-81.2655
336848,1353,0.67,0.3,0.08,0.22,0.0,-79.9679
336971,1354,0.68,0.29,0.08,0.21,0.0,-79.3932
337160,1355,0.69,0.28,0.08,0.2,0.0,-78.765
337388,1356,0.69,0.28,0.08,0.2,0.0,-78.5512
337536,1357,0.69,0.28,0.08,0.2,0.0,-78.1459
337989,1358,0.69,0.28,0.08,0.2,0.0,-78.7884
338232,1359,0.69,0.28,0.08,0.2,0.0,-76.6953
338370,1360,0.69,0.28,0.08,0.2,0.0,-75.4027
338802,1361,0.69,0.28,0.08,0.2,0.0,-76.1831
338954,1362,0.69,0.28,0.09,0.19,0.0,-75.3558
339115,1363,0.69,0.28,0.09,0.19,0.0,-75.1076
339299,1364,0.69,0.28,0.09,0.19,0.0,-75.1021
339899,1365,0.69,0.27,0.08,0.19,0.0,-75.6712
340064,1366,0.69,0.27,0.08,0.19,0.0,-74.035
340147,1367,0.7,0.26,0.08,0.18,0.0,-73.1676
340302,1368,0.7,0.26,0.08,0.18,0.0,-73.016
340438,1369,0.71,0.25,0.08,0.17,0.0,-72.2606
340734,1370,0.71,0.25,0.08,0.17,0.0,-72.8177
340811,1371,0.71,0.25,0.08,0.17,0.0,-72.4009
341116,1372,0.7,0.26,0.08,0.18,0.0,-73.7976
341298,1373,0.7,0.26,0.08,0.18,0.0,-73.954
341310,1374,0.69,0.27,0.08,0.19,0.0,-74.1439
341443,1375,0.69,0.27,0.08,0.19,0.0,-73.3141
342043,1376,0.68,0.27,0.08,0.19,0.0,-74.5839
342484,1377,0.68,0.27,0.09,0.18,0.0,-75.3711
342585,1378,0.68,0.27,0.09,0.18,0.0,-74.6976
342787,1379,0.69,0.27,0.09,0.18,0.0,-71.868
343108,1380,0.68,0.28,0.09,0.19,0.0,-73.2458
343356,1381,0.68,0.28,0.09,0.19,0.0,-72.8904
343572,1382,0.68,0.28,0.09,0.19,0.0,-73.2077
343796,1383,0.67,0.29,0.1,0.19,0.0,-73.96
344042,1384,0.66,0.3,0.11,0.19,0.0,-74.9539
344469,1385,0.66,0.3,0.11,0.19,0.0,-75.8086
344760,1386,0.66,0.3,0.12,0.18,0.0,-75.9764
344861,1387,0.67,0.29,0.12,0.17,0.0,-74.0493
345094,1388,0.66,0.3,0.12,0.18,0.0,-73.6596
345168,1389,0.67,0.3,0.12,0.18,0.0,-71.575
345293,1390,0.67,0.3,0.12,0.18,0.0,-71.3093
345445,1391,0.67,0.3,0.12,0.18,0.0,-70.9964
345777,1392,0.66,0.31,0.13,0.18,0.0,-72.0771
346064,1393,0.66,0.31,0.13,0.18,0.0,-72.3994
346318,1394,0.65,0.32,0.13,0.19,0.0,-73.2468
346441,1395,0.66,0.31,0.13,0.18,0.0,-72.3992
346570,1396,0.66,0.31,0.13,0.18,0.0,-72.0134
346788,1397,0.67,0.3,0.12,0.18,0.0,-71.3183
346821,1398,0.66,0.31,0.12,0.19,0.0,-70.8357
347104,1399,0.66,0.31,0.13,0.18,0.0,-70.0563
347192,1400,0.66,0.31,0.13,0.18,0.0,-69.8824
347329,1401,0.66,0.31,0.13,0.18,0.0,-69.263
347648,1402,0.66,0.31,0.13,0.18,0.0,-69.8172
347959,1403,0.66,0.31,0.13,0.18,0.0,-69.683
348123,1404,0.65,0.32,0.14,0.18,0.0,-69.9012
348206,1405,0.65,0.32,0.14,0.18,0.0,-69.9709
348353,1406,0.66,0.31,0.14,0.17,0.0,-69.1522
348953,1407,0.66,0.3,0.13,0.17,0.0,-70.399
349210,1408,0.66,0.3,0.13,0.17,0.0,-70.6741
349364,1409,0.65,0.31,0.13,0.18,0.0,-71.4278
349964,1410,0.64,0.31,0.13,0.18,0.0,-73.3927
350180,1411,0.64,0.31,0.13,0.18,0.0,-73.8465
350607,1412,0.64,0.32,0.13,0.19,0.0,-73.0885
350811,1413,0.63,0.33,0.13,0.2,0.0,-73.3121
350949,1414,0.63,0.33,0.13,0.2,0.0,-73.0639
351114,1415,0.63,0.33,0.13,0.2,0.0,-72.9215
351302,1416,0.63,0.33,0.13,0.2,0.0,-73.0848
351756,1417,0.64,0.32,0.13,0.19,0.0,-73.8302
352011,1418,0.65,0.31,0.13,0.18,0.0,-73.4727
352111,1419,0.66,0.3,0.12,0.18,0.0,-71.849
352561,1420,0.66,0.3,0.12,0.18,0.0,-73.0051
352662,1421,0.65,0.31,0.12,0.19,0.0,-73.7151
353052,1422,0.64,0.32,0.13,0.19,0.0,-74.4339
353230,1423,0.65,0.31,0.13,0.18,0.0,-72.9541
353471,1424,0.66,0.3,0.13,0.17,0.0,-72.1379
353764,1425,0.65,0.31,0.13,0.18,0.0,-73.6227
354138,1426,0.66,0.3,0.13,0.17,0.0,-73.7983
354235,1427,0.65,0.31,0.13,0.18,0.0,-73.6936
354608,1428,0.65,0.31,0.13,0.18,0.0,-74.023
354718,1429,0.65,0.31,0.13,0.18,0.0,-73.6522
354842,1430,0.65,0.31,0.13,0.18,0.0,-73.3025
354974,1431,0.64,0.32,0.13,0.19,0.0,-73.8221
355574,1432,0.63,0.32,0.13,0.19,0.0,-75.6586
356174,1433,0.62,0.32,0.13,0.19,0.0,-77.406
356241,1434,0.62,0.32,0.13,0.19,0.0,-76.6836
356388,1435,0.62,0.32,0.13,0.19,0.0,-76.2358
356515,1436,0.62,0.32,0.13,0.19,0.0,-75.6462
356668,1437,0.62,0.32,0.13,0.19,0.0,-75.5646
356805,1438,0.62,0.32,0.13,0.19,0.0,-74.3719
356964,1439,0.62,0.32,0.13,0.19,0.0,-73.6973
357271,1440,0.62,0.32,0.13,0.19,0.0,-74.2315
357474,1441,0.61,0.33,0.13,0.2,0.0,-75.072
357669,1442,0.61,0.33,0.12,0.21,0.0,-74.4406
357881,1443,0.61,0.33,0.12,0.21,0.0,-74.2049
358063,1444,0.6,0.34,0.12,0.22,0.0,-74.8527
358137,1445,0.61,0.33,0.12,0.21,0.0,-73.7708
358267,1446,0.62,0.32,0.12,0.2,0.0,-72.3832
358608,1447,0.62,0.32,0.11,0.21,0.0,-72.9377
358852,1448,0.62,0.32,0.11,0.21,0.0,-73.2729
359115,1449,0.61,0.33,0.11,0.22,0.0,-74.4719
359503,1450,0.6,0.34,0.11,0.23,0.0,-75.9263
359782,1451,0.6,0.34,0.11,0.23,0.0,-76.475
359979,1452,0.61,0.33,0.11,0.22,0.0,-75.5842
360165,1453,0.61,0.33,0.11,0.22,0.0,-75.57
360479,1454,0.61,0.33,0.11,0.22,0.0,-76.1653
360637,1455,0.61,0.33,0.11,0.22,0.0,-75.8964
361159,1456,0.61,0.33,0.11,0.22,0.0,-76.6652
361298,1457,0.61,0.33,0.11,0.22,0.0,-76.6947
361412,1458,0.61,0.33,0.11,0.22,0.0,-75.5539
361898,1459,0.61,0.33,0.11,0.22,0.0,-75.8311
362050,1460,0.61,0.33,0.11,0.22,0.0,-76.0313
362137,1461,0.61,0.33,0.11,0.22,0.0,-74.997
362284,1462,0.62,0.32,0.1,0.22,0.0,-74.3927
362428,1463,0.61,0.33,0.11,0.22,0.0,-74.6439
362737,1464,0.61,0.33,0.11,0.22,0.0,-74.9577
363149,1465,0.61,0.34,0.12,0.22,0.0,-74.898
363444,1466,0.61,0.34,0.12,0.22,0.0,-75.1576
363570,1467,0.6,0.35,0.12,0.23,0.0,-76.1435
363646,1468,0.59,0.36,0.12,0.24,0.0,-76.5949
363773,1469,0.59,0.36,0.12,0.24,0.0,-76.5816
363897,1470,0.59,0.36,0.12,0.24,0.0,-75.9037
364229,1471,0.58,0.37,0.13,0.24,0.0,-77.1359
364294,1472,0.58,0.37,0.13,0.24,0.0,-76.0421
364445,1473,0.58,0.37,0.13,0.24,0.0,-76.018
364723,1474,0.58,0.37,0.13,0.24,0.0,-77.1078
364835,1475,0.58,0.37,0.13,0.24,0.0,-77.0607
364926,1476,0.59,0.37,0.13,0.24,0.0,-75.1483
365111,1477,0.59,0.37,0.12,0.25,0.0,-73.2923
365456,1478,0.59,0.37,0.12,0.25,0.0,-74.3592
365613,1479,0.58,0.38,0.13,0.25,0.0,-74.6784
365718,1480,0.59,0.37,0.13,0.24,0.0,-73.1424
365859,1481,0.59,0.37,0.13,0.24,0.0,-72.6661
366214,1482,0.58,0.38,0.14,0.24,0.0,-73.617
366305,1483,0.58,0.38,0.13,0.25,0.0,-73.4106
366424,1484,0.59,0.37,0.12,0.25,0.0,-72.316
366616,1485,0.59,0.37,0.12,0.25,0.0,-70.4421
366721,1486,0.59,0.37,0.11,0.26,0.0,-69.8447
367011,1487,0.59,0.37,0.11,0.26,0.0,-70.5184
367178,1488,0.6,0.36,0.11,0.25,0.0,-69.6964
367422,1489,0.59,0.37,0.11,0.26,0.0,-70.9428
367649,1490,0.6,0.36,0.1,0.26,0.0,-70.8107
367721,1491,0.59,0.37,0.1,0.27,0.0,-71.2667
367841,1492,0.6,0.36,0.09,0.27,0.0,-70.1301
367938,1493,0.59,0.37,0.09,0.28,0.0,-70.086
368078,1494,0.59,0.37,0.09,0.28,0.0,-69.6886
368159,1495,0.59,0.37,0.09,0.28,0.0,-69.555
368263,1496,0.58,0.38,0.09,0.29,0.0,-70.1701
368782,1497,0.58,0.38,0.09,0.29,0.0,-71.0967
368971,1498,0.58,0.38,0.09,0.29,0.0,-71.5432
369571,1499,0.58,0.37,0.08,0.29,0.0,-72.499
369702,1500,0.57,0.38,0.08,0.3,0.0,-73.2598
369868,1501,0.57,0.38,0.08,0.3,0.0,-73.3903
370022,1502,0.56,0.39,0.09,0.3,0.0,-73.8784
370200,1503,0.56,0.39,0.09,0.3,0.0,-73.6761
370753,1504,0.57,0.38,0.08,0.3,0.0,-74.5285
370870,1505,0.57,0.38,0.08,0.3,0.0,-74.6662
370972,1506,0.56,0.39,0.08,0.31,0.0,-74.9991
371465,1507,0.56,0.4,0.08,0.32,0.0,-74.8052
371715,1508,0.56,0.4,0.08,0.32,0.0,-74.5515
371781,1509,0.57,0.39,0.08,0.31,0.0,-73.3729
371890,1510,0.58,0.39,0.08,0.31,0.0,-71.0966
372076,1511,0.57,0.4,0.09,0.31,0.0,-71.4311
372167,1512,0.58,0.39,0.09,0.3,0.0,-69.4952
372233,1513,0.59,0.38,0.09,0.29,0.0,-68.2961
372310,1514,0.59,0.38,0.09,0.29,0.0,-68.0732
372460,1515,0.59,0.38,0.09,0.29,0.0,-68.1561
372845,1516,0.59,0.38,0.09,0.29,0.0,-68.5116
372966,1517,0.59,0.38,0.09,0.29,0.0,-66.5223
373028,1518,0.58,0.39,0.1,0.29,0.0,-66.4228
373390,1519,0.58,0.39,0.1,0.29,0.0,-67.4462
373456,1520,0.59,0.38,0.09,0.29,0.0,-65.194
373792,1521,0.6,0.37,0.09,0.28,0.0,-65.7218
373925,1522,0.61,0.36,0.08,0.28,0.0,-64.2155
374077,1523,0.61,0.36,0.08,0.28,0.0,-63.9215
374223,1524,0.61,0.36,0.08,0.28,0.0,-63.2974
374417,1525,0.61,0.36,0.08,0.28,0.0,-62.5706
374761,1526,0.61,0.36,0.08,0.28,0.0,-62.1584
374881,1527,0.62,0.35,0.08,0.27,0.0,-61.8332
374967,1528,0.61,0.36,0.08,0.28,0.0,-61.6843
375098,1529,0.61,0.36,0.08,0.28,0.0,-61.6886
375293,1530,0.61,0.36,0.08,0.28,0.0,-62.2279
375875,1531,0.62,0.35,0.08,0.27,0.0,-63.6585
376165,1532,0.63,0.35,0.08,0.27,0.0,-61.1557
376319,1533,0.63,0.36,0.09,0.27,0.0,-59.9371
376727,1534,0.62,0.37,0.09,0.28,0.0,-61.9373
377327,1535,0.62,0.36,0.09,0.27,0.0,-63.456
377606,1536,0.61,0.37,0.1,0.27,0.0,-64.377
377724,1537,0.61,0.37,0.1,0.27,0.0,-64.321
378078,1538,0.61,0.37,0.1,0.27,0.0,-64.8825
378263,1539,0.6,0.38,0.1,0.28,0.0,-65.4946
378415,1540,0.59,0.39,0.1,0.29,0.0,-65.4099
378615,1541,0.6,0.38,0.1,0.28,0.0,-64.9386
378779,1542,0.61,0.37,0.1,0.27,0.0,-64.1758
378921,1543,0.62,0.36,0.1,0.26,0.0,-63.3874
379173,1544,0.63,0.35,0.1,0.25,0.0,-63.0204
379463,1545,0.63,0.35,0.1,0.25,0.0,-63.7975
379867,1546,0.62,0.36,0.1,0.26,0.0,-65.622
380137,1547,0.63,0.35,0.1,0.25,0.0,-64.387
380281,1548,0.63,0.35,0.1,0.25,0.0,-64.1311
380423,1549,0.64,0.34,0.1,0.24,0.0,-62.9424
380835,1550,0.65,0.33,0.1,0.23,0.0,-62.3831
381070,1551,0.64,0.34,0.11,0.23,0.0,-62.8406
381233,1552,0.64,0.34,0.11,0.23,0.0,-62.6729
381424,1553,0.64,0.34,0.11,0.23,0.0,-62.7895
381821,1554,0.63,0.35,0.11,0.24,0.0,-64.3167
381890,1555,0.63,0.35,0.11,0.24,0.0,-64.0554
382047,1556,0.63,0.35,0.11,0.24,0.0,-62.906
382136,1557,0.63,0.35,0.11,0.24,0.0,-62.709
382333,1558,0.63,0.35,0.11,0.24,0.0,-63.0279
382409,1559,0.63,0.35,0.11,0.24,0.0,-61.8111
383009,1560,0.62,0.35,0.11,0.24,0.0,-63.7437
383282,1561,0.62,0.35,0.11,0.24,0.0,-64.4151
383588,1562,0.62,0.35,0.11,0.24,0.0,-65.0967
383737,1563,0.62,0.35,0.11,0.24,0.0,-65.171
384132,1564,0.61,0.36,0.11,0.25,0.0,-66.4075
384317,1565,0.62,0.35,0.1,0.25,0.0,-64.7366
384484,1566,0.61,0.36,0.1,0.26,0.0,-65.4382
384895,1567,0.61,0.36,0.1,0.26,0.0,-66.5736
385127,1568,0.61,0.36,0.1,0.26,0.0,-67.0572
385470,1569,0.61,0.36,0.1,0.26,0.0,-67.908
385903,1570,0.6,0.37,0.1,0.27,0.0,-70.2488
386011,1571,0.6,0.37,0.09,0.28,0.0,-69.9928
386405,1572,0.6,0.37,0.1,0.27,0.0,-71.2558
386752,1573,0.6,0.37,0.1,0.27,0.0,-71.7084
387352,1574,0.6,0.36,0.1,0.26,0.0,-72.6104
387428,1575,0.6,0.36,0.1,0.26,0.0,-72.4492
387808,1576,0.6,0.36,0.1,0.26,0.0,-73.5926
388219,1577,0.61,0.35,0.1,0.25,0.0,-73.8723
388350,1578,0.61,0.35,0.1,0.25,0.0,-72.7199
388505,1579,0.62,0.34,0.09,0.25,0.0,-72.1743
388738,1580,0.61,0.35,0.09,0.26,0.0,-73.1131
388818,1581,0.61,0.35,0.09,0.26,0.0,-72.9081
388903,1582,0.61,0.35,0.09,0.26,0.0,-72.1377
389313,1583,0.62,0.34,0.09,0.25,0.0,-72.5481
389744,1584,0.62,0.34,0.09,0.25,0.0,-73.3878
389936,1585,0.62,0.34,0.09,0.25,0.0,-73.5217
390536,1586,0.62,0.33,0.09,0.24,0.0,-74.753
390974,1587,0.62,0.33,0.09,0.24,0.0,-74.979
391138,1588,0.62,0.33,0.09,0.24,0.0,-75.3694
391522,1589,0.63,0.32,0.09,0.23,0.0,-75.5046
391593,1590,0.63,0.32,0.09,0.23,0.0,-74.9966
391922,1591,0.64,0.31,0.09,0.22,0.0,-75.2596
392047,1592,0.63,0.32,0.09,0.23,0.0,-76.0886
392115,1593,0.64,0.31,0.09,0.22,0.0,-75.3395
392189,1594,0.65,0.3,0.09,0.21,0.0,-74.4283
392616,1595,0.64,0.31,0.1,0.21,0.0,-76.6265
392798,1596,0.64,0.31,0.1,0.21,0.0,-76.826
393093,1597,0.64,0.31,0.1,0.21,0.0,-76.5381
393430,1598,0.65,0.3,0.1,0.2,0.0,-76.7292
393764,1599,0.66,0.3,0.1,0.2,0.0,-75.4045
394311,1600,0.67,0.29,0.1,0.19,0.0,-76.1538
394494,1601,0.67,0.29,0.1,0.19,0.0,-76.2349
395094,1602,0.67,0.28,0.09,0.19,0.0,-77.2627
395267,1603,0.67,0.28,0.09,0.19,0.0,-77.1331
395580,1604,0.66,0.29,0.09,0.2,0.0,-77.0217
395735,1605,0.66,0.29,0.09,0.2,0.0,-77.0109
396335,1606,0.66,0.28,0.09,0.19,0.0,-78.6871
396529,1607,0.67,0.27,0.09,0.18,0.0,-77.0952
396665,1608,0.67,0.27,0.09,0.18,0.0,-76.8043
397014,1609,0.67,0.27,0.09,0.18,0.0,-77.6693
397180,1610,0.66,0.28,0.09,0.19,0.0,-78.7091
397650,1611,0.67,0.27,0.08,0.19,0.0,-79.5626
397930,1612,0.67,0.27,0.08,0.19,0.0,-80.2578
398230,1613,0.66,0.28,0.08,0.2,0.0,-82.0114
398793,1614,0.65,0.29,0.08,0.21,0.0,-84.273
398956,1615,0.66,0.28,0.08,0.2,0.0,-83.5349
399231,1616,0.65,0.29,0.09,0.2,0.0,-84.3588
399371,1617,0.65,0.29,0.09,0.2,0.0,-84.5761
399548,1618,0.65,0.29,0.08,0.21,0.0,-85.0055
399802,1619,0.64,0.3,0.08,0.22,0.0,-85.2871
400421,1620,0.63,0.31,0.08,0.23,0.0,-87.9535
400422,1621,0.0,1.0,0.0,1.0,0.0,-248.1454
400424,1622,1.0,0.0,0.0,0.0,0.0,-177.9943
400664,1623,0.0,1.0,0.0,1.0,0.0,-208.5483
400714,1624,0.63,0.31,0.08,0.23,0.0,-87.8425
400806,1625,0.0,1.0,0.0,1.0,0.0,-175.291
400852,1626,0.5,0.5,0.0,0.5,0.0,-244.0785
400980,1627,0.3333,0.6667,0.0,0.6667,0.0,-199.5843
400981,1628,0.25,0.75,0.0,0.75,0.0,-142.3212
401059,1629,0.2,0.8,0.0,0.8,0.0,-129.9952
401167,1630,0.62,0.32,0.09,0.23,0.0,-90.4467
401173,1631,0.5,0.5,0.0,0.5,0.0,-161.5532
401257,1632,0.4,0.6,0.0,0.6,0.0,-146.4707
401436,1633,0.1667,0.8333,0.0,0.8333,0.0,-147.6974
401482,1634,0.3333,0.6667,0.0,0.6667,0.0,-146.0593
401589,1635,0.2857,0.7143,0.0,0.7143,0.0,-130.5199
401636,1636,0.61,0.33,0.09,0.24,0.0,-92.9912
401654,1637,0.4286,0.5714,0.0,0.5714,0.0,-129.0787
402033,1638,0.375,0.625,0.0,0.625,0.0,-145.8178
402189,1639,0.25,0.625,0.0,0.625,0.0,-156.3743
402236,1640,0.6,0.33,0.09,0.24,0.0,-95.1555
402279,1641,0.3333,0.5556,0.0,0.5556,0.0,-139.2958
402314,1642,0.6,0.33,0.09,0.24,0.0,-95.0792
402408,1643,0.59,0.34,0.09,0.25,0.0,-95.4008
402557,1644,0.3333,0.6667,0.0,0.6667,0.0,-162.0629
402567,1645,0.4,0.5,0.0,0.5,0.0,-134.1384
402645,1646,0.4545,0.4545,0.0,0.4545,0.0,-121.488
402850,1647,0.3,0.7,0.1,0.6,0.0,-158.4625
402908,1648,0.2727,0.7273,0.0909,0.6364,0.0,-150.1032
403008,1649,0.58,0.34,0.09,0.25,0.0,-97.0229
403135,1650,0.4167,0.5,0.0,0.5,0.0,-131.2197
403237,1651,0.58,0.34,0.09,0.25,0.0,-97.7713
403250,1652,0.3333,0.6667,0.0833,0.5833,0.0,-146.9742
403524,1653,0.57,0.35,0.09,0.26,0.0,-99.3559
403682,1654,0.3846,0.6154,0.0769,0.5385,0.0,-149.7204
403690,1655,0.4615,0.4615,0.0,0.4615,0.0,-133.1241
403748,1656,0.3571,0.6429,0.0714,0.5714,0.0,-144.4283
403918,1657,0.56,0.36,0.1,0.26,0.0,-100.8387
403981,1658,0.3333,0.6667,0.0667,0.6,0.0,-145.2259
404022,1659,0.5,0.4286,0.0,0.4286,0.0,-130.6116
404214,1660,0.3125,0.6875,0.125,0.5625,0.0,-142.7383
404228,1661,0.4667,0.4667,0.0,0.4667,0.0,-129.9076
404472,1662,0.5,0.4375,0.0,0.4375,0.0,-123.6444
404518,1663,0.55,0.36,0.1,0.26,0.0,-101.0548
404563,1664,0.2941,0.7059,0.1765,0.5294,0.0,-147.1217
404653,1665,0.5294,0.4118,0.0,0.4118,0.0,-118.2177
404680,1666,0.55,0.36,0.1,0.26,0.0,-100.8632
404941,1667,0.56,0.35,0.09,0.26,0.0,-100.5397
404947,1668,0.3333,0.6667,0.1667,0.5,0.0,-144.6763
405138,1669,0.5556,0.3889,0.0,0.3889,0.0,-116.1826
405215,1670,0.56,0.35,0.09,0.26,0.0,-100.5273
405235,1671,0.3684,0.6316,0.1579,0.4737,0.0,-145.6172
405240,1672,0.5789,0.3684,0.0,0.3684,0.0,-109.6521
405296,1673,0.35,0.65,0.15,0.5,0.0,-141.5409
405317,1674,0.57,0.35,0.09,0.26,0.0,-98.2167
405397,1675,0.57,0.35,0.08,0.27,0.0,-97.9684
405514,1676,0.56,0.36,0.08,0.28,0.0,-98.8175
405541,1677,0.55,0.4,0.05,0.35,0.0,-109.7944
405551,1678,0.55,0.37,0.09,0.28,0.0,-98.6601
405651,1679,0.5714,0.381,0.0476,0.3333,0.0,-104.551
405695,1680,0.381,0.619,0.1429,0.4762,0.0,-141.2829
405808,1681,0.5909,0.3636,0.0455,0.3182,0.0,-101.0455
405900,1682,0.56,0.36,0.09,0.27,0.0,-98.3342
405995,1683,0.4091,0.5909,0.1364,0.4545,0.0,-138.8552
406042,1684,0.6087,0.3478,0.0435,0.3043,0.0,-99.7115
406093,1685,0.5833,0.375,0.0833,0.2917,0.0,-98.1417
406138,1686,0.4348,0.5652,0.1304,0.4348,0.0,-133.2886
406306,1687,0.4583,0.5417,0.125,0.4167,0.0,-128.8921
406340,1688,0.57,0.35,0.09,0.26,0.0,-98.654
406399,1689,0.56,0.4,0.08,0.32,0.0,-98.8211
406453,1690,0.48,0.52,0.12,0.4,0.0,-124.8989
406468,1691,0.56,0.36,0.09,0.27,0.0,-99.2522
406522,1692,0.5769,0.3846,0.0769,0.3077,0.0,-95.647
406840,1693,0.5,0.5,0.1154,0.3846,0.0,-124.9597
407028,1694,0.55,0.37,0.1,0.27,0.0,-101.526
407030,1695,0.5185,0.4815,0.1111,0.3704,0.0,-121.5697
407032,1696,0.5556,0.4074,0.0741,0.3333,0.0,-100.3408
407273,1697,0.5714,0.3929,0.0714,0.3214,0.0,-99.3915
407306,1698,0.5357,0.4643,0.1071,0.3571,0.0,-119.7693
407360,1699,0.5517,0.4138,0.069,0.3448,0.0,-98.9594
407429,1700,0.5517,0.4483,0.1034,0.3448,0.0,-115.9804
407500,1701,0.5667,0.4,0.0667,0.3333,0.0,-95.7968
407593,1702,0.54,0.38,0.11,0.27,0.0,-102.9774
407665,1703,0.5667,0.4333,0.1,0.3333,0.0,-113.4957
407739,1704,0.54,0.38,0.11,0.27,0.0,-102.6148
407791,1705,0.5806,0.4194,0.0968,0.3226,0.0,-110.0586
407930,1706,0.53,0.39,0.11,0.28,0.0,-103.3368
408081,1707,0.54,0.38,0.11,0.27,0.0,-101.7068
408100,1708,0.5484,0.3871,0.0645,0.3226,0.0,-104.1631
408229,1709,0.5625,0.4375,0.0938,0.3438,0.0,-115.0747
408251,1710,0.5625,0.375,0.0625,0.3125,0.0,-101.436
408375,1711,0.5758,0.4242,0.0909,0.3333,0.0,-112.2233
408643,1712,0.5455,0.3939,0.0909,0.303,0.0,-104.3971
408649,1713,0.53,0.39,0.11,0.28,0.0,-103.6066
408906,1714,0.5588,0.3824,0.0882,0.2941,0.0,-103.7619
408958,1715,0.5882,0.4118,0.0882,0.3235,0.0,-114.2468
409003,1716,0.53,0.39,0.11,0.28,0.0,-104.1532
409122,1717,0.5714,0.3714,0.0857,0.2857,0.0,-102.1116
409178,1718,0.52,0.4,0.11,0.29,0.0,-104.8571
409198,1719,0.6,0.4,0.0857,0.3143,0.0,-112.1189
409278,1720,0.52,0.4,0.11,0.29,0.0,-103.6548
409322,1721,0.5833,0.3611,0.0833,0.2778,0.0,-100.4392
409329,1722,0.6111,0.3889,0.0833,0.3056,0.0,-109.3747
409360,1723,0.53,0.39,0.1,0.29,0.0,-102.3972
409456,1724,0.5676,0.3784,0.0811,0.2973,0.0,-99.6823
409483,1725,0.6216,0.3784,0.0811,0.2973,0.0,-106.6379
409488,1726,0.53,0.39,0.1,0.29,0.0,-102.2419
409583,1727,0.5789,0.3684,0.0789,0.2895,0.0,-97.2729
409676,1728,0.5641,0.3846,0.0769,0.3077,0.0,-97.065
409753,1729,0.6053,0.3947,0.1053,0.2895,0.0,-107.7559
409822,1730,0.52,0.4,0.1,0.3,0.0,-104.0963
409942,1731,0.6154,0.3846,0.1026,0.2821,0.0,-105.7836
410017,1732,0.55,0.4,0.1,0.3,0.0,-97.678
410125,1733,0.52,0.4,0.1,0.3,0.0,-103.0858
410209,1734,0.52,0.4,0.1,0.3,0.0,-103.1434
410212,1735,0.561,0.3902,0.0976,0.2927,0.0,-96.2522
410269,1736,0.5476,0.4048,0.0952,0.3095,0.0,-95.4975
410320,1737,0.52,0.4,0.1,0.3,0.0,-103.103
410527,1738,0.51,0.41,0.1,0.31,0.0,-104.0307
410542,1739,0.6,0.375,0.1,0.275,0.0,-109.3915
410578,1740,0.5581,0.3953,0.093,0.3023,0.0,-94.7719
410803,1741,0.51,0.41,0.1,0.31,0.0,-104.223
410848,1742,0.6098,0.3659,0.0976,0.2683,0.0,-108.1492
410873,1743,0.5455,0.4091,0.1136,0.2955,0.0,-96.1065
410915,1744,0.51,0.41,0.1,0.31,0.0,-104.3109
410973,1745,0.5333,0.4222,0.1111,0.3111,0.0,-96.0322
411083,1746,0.52,0.41,0.1,0.31,0.0,-102.2472
411160,1747,0.619,0.3571,0.0952,0.2619,0.0,-107.9955
411226,1748,0.5217,0.4348,0.1087,0.3261,0.0,-97.4462
411353,1749,0.6279,0.3488,0.093,0.2558,0.0,-106.3144
411408,1750,0.6136,0.3636,0.0909,0.2727,0.0,-105.2841
411654,1751,0.51,0.42,0.1,0.32,0.0,-103.6348
411758,1752,0.5106,0.4468,0.1064,0.3404,0.0,-102.0468
411836,1753,0.6222,0.3556,0.0889,0.2667,0.0,-105.8101
411849,1754,0.5,0.43,0.1,0.33,0.0,-103.7017
411979,1755,0.5,0.43,0.09,0.34,0.0,-104.0625
412242,1756,0.6304,0.3478,0.087,0.2609,0.0,-106.1224
412358,1757,0.5,0.4375,0.1042,0.3333,0.0,-104.8981
412426,1758,0.51,0.42,0.09,0.33,0.0,-103.0478
412507,1759,0.5102,0.4286,0.102,0.3265,0.0,-103.2584
412536,1760,0.617,0.3617,0.0851,0.2766,0.0,-106.5179
412894,1761,0.52,0.42,0.1,0.32,0.0,-102.7684
412933,1762,0.625,0.3542,0.0833,0.2708,0.0,-106.8459
413005,1763,0.5,0.43,0.1,0.33,0.0,-105.3361
413007,1764,0.6327,0.3469,0.0816,0.2653,0.0,-104.4894
413084,1765,0.64,0.34,0.08,0.26,0.0,-102.2212
413105,1766,0.51,0.42,0.1,0.32,0.0,-104.1411
413163,1767,0.5098,0.4314,0.1176,0.3137,0.0,-103.0037
413196,1768,0.51,0.42,0.1,0.32,0.0,-102.8137
413555,1769,0.5192,0.4231,0.1154,0.3077,0.0,-103.0209
413596,1770,0.6275,0.3529,0.0784,0.2745,0.0,-106.7327
413796,1771,0.51,0.41,0.1,0.31,0.0,-103.1983
413810,1772,0.5094,0.434,0.1132,0.3208,0.0,-103.7675
413899,1773,0.6346,0.3462,0.0769,0.2692,0.0,-105.9695
413906,1774,0.5185,0.4259,0.1111,0.3148,0.0,-101.904
413966,1775,0.51,0.41,0.1,0.31,0.0,-102.4274
414030,1776,0.6226,0.3585,0.0943,0.2642,0.0,-106.176
414053,1777,0.5273,0.4182,0.1091,0.3091,0.0,-100.53
414101,1778,0.6111,0.3704,0.0926,0.2778,0.0,-105.3302
414390,1779,0.6182,0.3636,0.0909,0.2727,0.0,-104.9141
414461,1780,0.52,0.4,0.1,0.3,0.0,-102.4936
414502,1781,0.5179,0.4286,0.125,0.3036,0.0,-102.4925
414503,1782,0.625,0.3571,0.0893,0.2679,0.0,-103.0379
414607,1783,0.53,0.39,0.1,0.29,0.0,-101.6817
414638,1784,0.5088,0.4386,0.1404,0.2982,0.0,-101.8631
414695,1785,0.6316,0.3509,0.0877,0.2632,0.0,-102.0077
414799,1786,0.5172,0.431,0.1379,0.2931,0.0,-100.3628
414801,1787,0.54,0.38,0.09,0.29,0.0,-100.2541
414931,1788,0.54,0.38,0.09,0.29,0.0,-99.7267
415059,1789,0.5085,0.4407,0.1356,0.3051,0.0,-100.702
415105,1790,0.6207,0.3621,0.0862,0.2759,0.0,-103.4179
415143,1791,0.54,0.39,0.09,0.3,0.0,-98.1888
415241,1792,0.54,0.39,0.09,0.3,0.0,-98.2538
415303,1793,0.5167,0.4333,0.1333,0.3,0.0,-99.9458
415310,1794,0.54,0.39,0.09,0.3,0.0,-96.9945
415494,1795,0.6271,0.3559,0.0847,0.2712,0.0,-103.5151
415760,1796,0.53,0.4,0.09,0.31,0.0,-98.7255
415789,1797,0.5246,0.4262,0.1311,0.2951,0.0,-99.7608
415858,1798,0.6167,0.3667,0.0833,0.2833,0.0,-105.9633
415893,1799,0.5323,0.4194,0.129,0.2903,0.0,-98.0797
416010,1800,0.52,0.41,0.1,0.31,0.0,-99.8006
416064,1801,0.623,0.3607,0.082,0.2787,0.0,-104.7136
416080,1802,0.5397,0.4127,0.127,0.2857,0.0,-96.932
416151,1803,0.629,0.3548,0.0806,0.2742,0.0,-102.9391
416246,1804,0.5312,0.4219,0.125,0.2969,0.0,-96.8104
416256,1805,0.6349,0.3492,0.0794,0.2698,0.0,-101.1959
416346,1806,0.51,0.42,0.1,0.32,0.0,-100.8164
416369,1807,0.5385,0.4154,0.1231,0.2923,0.0,-95.4803
416376,1808,0.625,0.3594,0.0781,0.2812,0.0,-101.1521
416525,1809,0.51,0.42,0.11,0.31,0.0,-100.5196
416612,1810,0.51,0.42,0.11,0.31,0.0,-100.4986
416812,1811,0.5303,0.4242,0.1364,0.2879,0.0,-96.7479
416976,1812,0.6154,0.3538,0.0769,0.2769,0.0,-105.0654
417032,1813,0.5373,0.4179,0.1343,0.2836,0.0,-96.241
417130,1814,0.6212,0.3485,0.0758,0.2727,0.0,-103.9004
417195,1815,0.51,0.42,0.1,0.32,0.0,-102.1546
417250,1816,0.5441,0.4118,0.1324,0.2794,0.0,-95.5706
417306,1817,0.6269,0.3433,0.0746,0.2687,0.0,-102.8787
417347,1818,0.51,0.42,0.1,0.32,0.0,-101.1232
417382,1819,0.5507,0.4058,0.1304,0.2754,0.0,-94.4656
417460,1820,0.51,0.42,0.1,0.32,0.0,-100.0564
417597,1821,0.6324,0.3382,0.0735,0.2647,0.0,-102.3664
417615,1822,0.5429,0.4143,0.1429,0.2714,0.0,-94.5524
417738,1823,0.5493,0.4085,0.1408,0.2676,0.0,-93.2634
417739,1824,0.51,0.42,0.1,0.32,0.0,-100.3305
417957,1825,0.52,0.42,0.1,0.32,0.0,-98.8954
417959,1826,0.6232,0.3478,0.0725,0.2754,0.0,-103.9361
418133,1827,0.6286,0.3429,0.0714,0.2714,0.0,-102.6176
418338,1828,0.5417,0.4028,0.1389,0.2639,0.0,-96.5703
418436,1829,0.5342,0.411,0.137,0.274,0.0,-96.5221
418441,1830,0.6338,0.338,0.0704,0.2676,0.0,-102.3001
418528,1831,0.52,0.42,0.1,0.32,0.0,-100.0033
418626,1832,0.527,0.4189,0.1351,0.2838,0.0,-96.4894
418707,1833,0.51,0.43,0.1,0.33,0.0,-100.1824
418769,1834,0.625,0.3472,0.0694,0.2778,0.0,-102.8661
418857,1835,0.5333,0.4133,0.1333,0.28,0.0,-95.6388
418989,1836,0.5263,0.4211,0.1447,0.2763,0.0,-95.2801
419122,1837,0.6164,0.3562,0.0685,0.2877,0.0,-104.4378
419202,1838,0.5195,0.4286,0.1429,0.2857,0.0,-95.5075
419215,1839,0.5,0.44,0.1,0.34,0.0,-101.6616
419471,1840,0.5,0.44,0.1,0.34,0.0,-102.4612
419564,1841,0.5256,0.4231,0.141,0.2821,0.0,-95.9262
419637,1842,0.5316,0.4177,0.1392,0.2785,0.0,-94.5935
419662,1843,0.6081,0.3649,0.0676,0.2973,0.0,-106.6154
419691,1844,0.49,0.45,0.11,0.34,0.0,-102.9227
419898,1845,0.525,0.425,0.1375,0.2875,0.0,-95.7318
419958,1846,0.5185,0.4321,0.1358,0.2963,0.0,-95.0374
420087,1847,0.5,0.44,0.11,0.33,0.0,-103.2332
420262,1848,0.6,0.36,0.0667,0.2933,0.0,-108.5175
420422,1849,0.5921,0.3684,0.0658,0.3026,0.0,-108.7631
420433,1850,0.5122,0.439,0.1341,0.3049,0.0,-96.4512
420687,1851,0.49,0.44,0.11,0.33,0.0,-105.4698
420832,1852,0.5974,0.3636,0.0649,0.2987,0.0,-109.1779
421017,1853,0.49,0.44,0.11,0.33,0.0,-106.4961
421036,1854,0.6026,0.359,0.0641,0.2949,0.0,-108.2597
421255,1855,0.49,0.44,0.1,0.34,0.0,-105.8223
421474,1856,0.49,0.44,0.11,0.33,0.0,-105.7585
421488,1857,0.5949,0.3671,0.0759,0.2911,0.0,-109.1096
421686,1858,0.49,0.44,0.11,0.33,0.0,-105.001
421779,1859,0.6,0.3625,0.075,0.2875,0.0,-108.4522
421882,1860,0.49,0.44,0.11,0.33,0.0,-104.3331
421951,1861,0.49,0.44,0.11,0.33,0.0,-103.3408
422086,1862,0.49,0.44,0.11,0.33,0.0,-101.9287
422195,1863,0.48,0.45,0.11,0.34,0.0,-102.3989
422379,1864,0.5926,0.358,0.0741,0.284,0.0,-109.7063
422404,1865,0.49,0.45,0.11,0.34,0.0,-100.764
422454,1866,0.5854,0.3659,0.0732,0.2927,0.0,-109.3152
422523,1867,0.49,0.45,0.11,0.34,0.0,-100.3701
422608,1868,0.49,0.45,0.11,0.34,0.0,-99.6956
422698,1869,0.5783,0.3735,0.0723,0.3012,0.0,-109.218
422702,1870,0.48,0.46,0.11,0.35,0.0,-100.466
422766,1871,0.49,0.46,0.11,0.35,0.0,-98.0586
422935,1872,0.5833,0.369,0.0714,0.2976,0.0,-108.6547
422997,1873,0.48,0.47,0.12,0.35,0.0,-98.7104
423113,1874,0.5882,0.3647,0.0706,0.2941,0.0,-107.6797
423239,1875,0.47,0.48,0.12,0.36,0.0,-99.7527
423331,1876,0.5814,0.3721,0.0698,0.3023,0.0,-107.6654
423441,1877,0.47,0.48,0.12,0.36,0.0,-99.3411
423610,1878,0.48,0.47,0.12,0.35,0.0,-98.6858
423757,1879,0.5747,0.3793,0.069,0.3103,0.0,-108.3623
423981,1880,0.5795,0.375,0.0682,0.3068,0.0,-107.6396
424121,1881,0.48,0.47,0.12,0.35,0.0,-98.0388
424218,1882,0.48,0.47,0.12,0.35,0.0,-97.3688
424313,1883,0.5843,0.3708,0.0674,0.3034,0.0,-107.233
424631,1884,0.5889,0.3667,0.0667,0.3,0.0,-106.9429
424809,1885,0.5934,0.3626,0.0659,0.2967,0.0,-106.0747
425154,1886,0.5978,0.3587,0.0652,0.2935,0.0,-105.1544
425498,1887,0.5914,0.3656,0.0753,0.2903,0.0,-106.0974
425669,1888,0.5851,0.3723,0.0745,0.2979,0.0,-105.7595
425934,1889,0.5895,0.3684,0.0737,0.2947,0.0,-105.3061
426113,1890,0.5938,0.3646,0.0729,0.2917,0.0,-104.3613
426343,1891,0.5979,0.3608,0.0722,0.2887,0.0,-103.7486
426665,1892,0.602,0.3571,0.0714,0.2857,0.0,-103.7161
426824,1893,0.596,0.3636,0.0707,0.2929,0.0,-103.7373
426964,1894,0.6,0.36,0.07,0.29,0.0,-102.8189
427254,1895,0.6,0.36,0.07,0.29,0.0,-101.7251
427339,1896,0.61,0.35,0.07,0.28,0.0,-98.5692
427413,1897,0.62,0.34,0.07,0.27,0.0,-97.3741
427807,1898,0.62,0.34,0.07,0.27,0.0,-97.9657
428148,1899,0.62,0.34,0.08,0.26,0.0,-98.5897
428748,1900,0.62,0.33,0.08,0.25,0.0,-100.8476
428864,1901,0.62,0.33,0.08,0.25,0.0,-100.6815
429073,1902,0.63,0.32,0.08,0.24,0.0,-98.4165
429176,1903,0.63,0.32,0.08,0.24,0.0,-96.3675
429408,1904,0.63,0.32,0.08,0.24,0.0,-96.0662
429714,1905,0.64,0.31,0.08,0.23,0.0,-95.9897
429781,1906,0.64,0.31,0.08,0.23,0.0,-94.7361
429998,1907,0.64,0.31,0.08,0.23,0.0,-93.2031
430163,1908,0.64,0.31,0.08,0.23,0.0,-93.7248
430401,1909,0.65,0.3,0.08,0.22,0.0,-92.8106
431001,1910,0.65,0.29,0.07,0.22,0.0,-93.7242
431539,1911,0.66,0.28,0.06,0.22,0.0,-93.3249
431960,1912,0.66,0.28,0.06,0.22,0.0,-93.0788
432025,1913,0.66,0.28,0.06,0.22,0.0,-91.3351
432174,1914,0.66,0.28,0.06,0.22,0.0,-91.4441
432410,1915,0.66,0.28,0.06,0.22,0.0,-90.6436
432546,1916,0.66,0.28,0.06,0.22,0.0,-89.9377
433017,1917,0.65,0.29,0.06,0.23,0.0,-92.5723
433528,1918,0.64,0.3,0.06,0.24,0.0,-94.4801
433606,1919,0.64,0.3,0.06,0.24,0.0,-94.0857
433969,1920,0.64,0.3,0.06,0.24,0.0,-93.6918
434069,1921,0.64,0.3,0.06,0.24,0.0,-93.3192
434148,1922,0.63,0.31,0.06,0.25,0.0,-93.4233
434282,1923,0.62,0.32,0.06,0.26,0.0,-94.026
434677,1924,0.62,0.32,0.06,0.26,0.0,-94.6379
434794,1925,0.62,0.32,0.06,0.26,0.0,-94.6078
434956,1926,0.63,0.31,0.06,0.25,0.0,-92.1554
435081,1927,0.63,0.31,0.06,0.25,0.0,-91.9653
435274,1928,0.62,0.32,0.06,0.26,0.0,-91.0875
435439,1929,0.62,0.32,0.06,0.26,0.0,-90.907
435527,1930,0.62,0.32,0.06,0.26,0.0,-90.7176
435674,1931,0.62,0.32,0.06,0.26,0.0,-90.671
435822,1932,0.62,0.32,0.05,0.27,0.0,-90.0314
436151,1933,0.62,0.32,0.05,0.27,0.0,-90.4032
436561,1934,0.63,0.32,0.05,0.27,0.0,-89.41
436856,1935,0.62,0.33,0.05,0.28,0.0,-90.1911
436985,1936,0.61,0.34,0.06,0.28,0.0,-89.7763
437122,1937,0.61,0.34,0.06,0.28,0.0,-89.5022
437336,1938,0.62,0.33,0.06,0.27,0.0,-89.3144
437566,1939,0.62,0.33,0.06,0.27,0.0,-88.4402
437889,1940,0.62,0.33,0.06,0.27,0.0,-87.9547
438112,1941,0.62,0.33,0.07,0.26,0.0,-87.5971
438551,1942,0.61,0.34,0.07,0.27,0.0,-88.2934
438683,1943,0.6,0.35,0.07,0.28,0.0,-89.2808
438947,1944,0.6,0.35,0.07,0.28,0.0,-89.927
439063,1945,0.61,0.34,0.07,0.27,0.0,-86.6511
439142,1946,0.6,0.35,0.07,0.28,0.0,-86.73
439383,1947,0.61,0.34,0.06,0.28,0.0,-86.0927
439610,1948,0.62,0.33,0.06,0.27,0.0,-85.9821
439859,1949,0.62,0.33,0.06,0.27,0.0,-85.4619
440459,1950,0.61,0.33,0.06,0.27,0.0,-87.3911
440775,1951,0.61,0.33,0.06,0.27,0.0,-87.8921
440994,1952,0.62,0.32,0.06,0.26,0.0,-86.7545
441106,1953,0.62,0.32,0.06,0.26,0.0,-85.6858
441510,1954,0.62,0.32,0.07,0.25,0.0,-84.9239
441909,1955,0.61,0.33,0.07,0.26,0.0,-86.3242
442113,1956,0.61,0.33,0.07,0.26,0.0,-86.7629
442281,1957,0.61,0.33,0.07,0.26,0.0,-87.0693
442881,1958,0.61,0.32,0.07,0.25,0.0,-88.302
443093,1959,0.61,0.33,0.07,0.26,0.0,-86.2035
443688,1960,0.61,0.33,0.07,0.26,0.0,-87.6602
443863,1961,0.6,0.34,0.07,0.27,0.0,-88.6628
443956,1962,0.6,0.34,0.07,0.27,0.0,-87.9949
444226,1963,0.61,0.33,0.07,0.26,0.0,-86.5102
444640,1964,0.6,0.34,0.07,0.27,0.0,-88.4341
444916,1965,0.6,0.34,0.07,0.27,0.0,-88.1971
445095,1966,0.61,0.33,0.07,0.26,0.0,-87.0421
445358,1967,0.61,0.33,0.07,0.26,0.0,-86.0218
445511,1968,0.62,0.32,0.07,0.25,0.0,-84.0443
445765,1969,0.62,0.33,0.07,0.26,0.0,-83.1122
445909,1970,0.63,0.32,0.07,0.25,0.0,-81.9863
446117,1971,0.63,0.32,0.07,0.25,0.0,-80.9091
446343,1972,0.62,0.33,0.08,0.25,0.0,-81.7704
446681,1973,0.63,0.32,0.07,0.25,0.0,-81.6807
446808,1974,0.62,0.33,0.07,0.26,0.0,-82.0539
447059,1975,0.63,0.33,0.07,0.26,0.0,-80.2821
447304,1976,0.64,0.32,0.07,0.25,0.0,-80.3914
447374,1977,0.65,0.31,0.07,0.24,0.0,-79.2633
447676,1978,0.65,0.31,0.07,0.24,0.0,-79.5127
447859,1979,0.65,0.31,0.07,0.24,0.0,-79.487
448020,1980,0.65,0.31,0.07,0.24,0.0,-79.1619
448180,1981,0.66,0.3,0.07,0.23,0.0,-77.6673
448313,1982,0.66,0.3,0.07,0.23,0.0,-77.2893
448468,1983,0.66,0.3,0.07,0.23,0.0,-76.6765
448592,1984,0.66,0.3,0.07,0.23,0.0,-76.0012
448685,1985,0.66,0.3,0.07,0.23,0.0,-75.6531
448814,1986,0.65,0.31,0.07,0.24,0.0,-76.3184
448946,1987,0.66,0.3,0.06,0.24,0.0,-74.4894
449546,1988,0.66,0.29,0.06,0.23,0.0,-76.2235
449769,1989,0.65,0.3,0.06,0.24,0.0,-76.4701
450067,1990,0.65,0.3,0.06,0.24,0.0,-76.2215
450203,1991,0.65,0.3,0.06,0.24,0.0,-75.883
450398,1992,0.65,0.3,0.06,0.24,0.0,-75.2157
450495,1993,0.65,0.3,0.06,0.24,0.0,-75.0293
450897,1994,0.65,0.3,0.06,0.24,0.0,-75.9241
450962,1995,0.64,0.31,0.06,0.25,0.0,-75.7796
451521,1996,0.64,0.31,0.06,0.25,0.0,-77.7365
451597,1997,0.64,0.31,0.06,0.25,0.0,-77.7047
451817,1998,0.64,0.31,0.06,0.25,0.0,-77.0602
452107,1999,0.65,0.3,0.05,0.25,0.0,-76.0581
452707,2000,0.65,0.3,0.05,0.25,0.0,-74.7076
453307,2001,0.64,0.3,0.05,0.25,0.0,-76.6206
453543,2002,0.63,0.31,0.05,0.26,0.0,-77.9627
453765,2003,0.63,0.31,0.05,0.26,0.0,-78.1751
453904,2004,0.64,0.3,0.04,0.26,0.0,-77.2698
454117,2005,0.64,0.3,0.04,0.26,0.0,-77.0824
454342,2006,0.64,0.3,0.04,0.26,0.0,-77.7924
454677,2007,0.64,0.3,0.04,0.26,0.0,-78.0982
454925,2008,0.64,0.3,0.04,0.26,0.0,-78.2895
455041,2009,0.63,0.31,0.04,0.27,0.0,-78.4638
455199,2010,0.64,0.31,0.04,0.27,0.0,-76.6913
455229,2011,0.63,0.32,0.05,0.27,0.0,-75.4482
455345,2012,0.63,0.32,0.05,0.27,0.0,-74.6994
455480,2013,0.63,0.32,0.05,0.27,0.0,-74.9834
455600,2014,0.63,0.32,0.05,0.27,0.0,-75.1158
455670,2015,0.62,0.33,0.05,0.28,0.0,-75.0076
455896,2016,0.61,0.34,0.05,0.29,0.0,-75.9177
456032,2017,0.62,0.33,0.05,0.28,0.0,-73.2607
456280,2018,0.62,0.33,0.05,0.28,0.0,-72.5412
456458,2019,0.62,0.33,0.05,0.28,0.0,-72.9386
456778,2020,0.61,0.34,0.05,0.29,0.0,-73.5129
456876,2021,0.61,0.34,0.05,0.29,0.0,-73.5903
457216,2022,0.62,0.33,0.05,0.28,0.0,-73.6581
457494,2023,0.63,0.32,0.05,0.27,0.0,-73.5324
457648,2024,0.63,0.32,0.05,0.27,0.0,-72.642
457986,2025,0.63,0.32,0.05,0.27,0.0,-73.3319
458586,2026,0.62,0.32,0.05,0.27,0.0,-74.9286
459014,2027,0.61,0.33,0.05,0.28,0.0,-77.0752
459277,2028,0.62,0.32,0.05,0.27,0.0,-76.7087
459374,2029,0.62,0.32,0.05,0.27,0.0,-76.4213
459672,2030,0.61,0.33,0.05,0.28,0.0,-78.7531
459956,2031,0.6,0.34,0.06,0.28,0.0,-79.8983
460192,2032,0.61,0.33,0.06,0.27,0.0,-79.4148
460457,2033,0.6,0.34,0.06,0.28,0.0,-79.7407
460572,2034,0.6,0.34,0.06,0.28,0.0,-78.23
460751,2035,0.61,0.33,0.06,0.27,0.0,-77.0717
461030,2036,0.61,0.33,0.06,0.27,0.0,-77.915
461630,2037,0.6,0.33,0.06,0.27,0.0,-80.0483
461878,2038,0.6,0.33,0.06,0.27,0.0,-80.075
461998,2039,0.6,0.33,0.06,0.27,0.0,-79.7152
462316,2040,0.6,0.33,0.06,0.27,0.0,-79.5119
462474,2041,0.61,0.32,0.05,0.27,0.0,-78.8189
462593,2042,0.61,0.32,0.05,0.27,0.0,-77.7813
462718,2043,0.62,0.31,0.05,0.26,0.0,-76.9524
462781,2044,0.62,0.31,0.05,0.26,0.0,-76.284
462984,2045,0.62,0.31,0.05,0.26,0.0,-76.5732
463119,2046,0.63,0.3,0.05,0.25,0.0,-75.9503
463293,2047,0.63,0.3,0.05,0.25,0.0,-75.6066
463381,2048,0.62,0.31,0.05,0.26,0.0,-75.9323
463981,2049,0.61,0.31,0.05,0.26,0.0,-78.2266
464123,2050,0.62,0.31,0.05,0.26,0.0,-76.3867
464340,2051,0.62,0.31,0.05,0.26,0.0,-75.8492
464429,2052,0.61,0.32,0.05,0.27,0.0,-75.8377
464515,2053,0.61,0.32,0.05,0.27,0.0,-75.8015
464727,2054,0.61,0.32,0.04,0.28,0.0,-75.0784
464912,2055,0.62,0.31,0.04,0.27,0.0,-73.6328
464979,2056,0.62,0.31,0.04,0.27,0.0,-73.2166
465308,2057,0.62,0.31,0.04,0.27,0.0,-73.5794
465449,2058,0.62,0.32,0.04,0.28,0.0,-72.2433
466049,2059,0.62,0.31,0.04,0.27,0.0,-73.449
466175,2060,0.61,0.32,0.04,0.28,0.0,-72.5694
466775,2061,0.61,0.31,0.04,0.27,0.0,-73.1955
466999,2062,0.6,0.32,0.04,0.28,0.0,-74.1344
467599,2063,0.59,0.32,0.04,0.28,0.0,-75.381
467693,2064,0.59,0.32,0.04,0.28,0.0,-74.275
467987,2065,0.59,0.32,0.04,0.28,0.0,-74.5824
468105,2066,0.59,0.32,0.04,0.28,0.0,-74.3874
468241,2067,0.59,0.32,0.04,0.28,0.0,-74.2073
468540,2068,0.59,0.32,0.04,0.28,0.0,-74.1722
469140,2069,0.59,0.31,0.04,0.27,0.0,-75.4209
469296,2070,0.59,0.31,0.04,0.27,0.0,-75.4984
469640,2071,0.58,0.32,0.04,0.28,0.0,-76.5321
469801,2072,0.59,0.31,0.03,0.28,0.0,-75.5375
470009,2073,0.59,0.31,0.03,0.28,0.0,-74.6986
470374,2074,0.6,0.3,0.03,0.27,0.0,-74.634
470533,2075,0.59,0.31,0.03,0.28,0.0,-75.3261
470689,2076,0.59,0.31,0.03,0.28,0.0,-74.6694
470776,2077,0.59,0.31,0.03,0.28,0.0,-74.7406
470968,2078,0.59,0.31,0.03,0.28,0.0,-74.2303
471045,2079,0.59,0.31,0.03,0.28,0.0,-73.9279
471210,2080,0.59,0.31,0.03,0.28,0.0,-74.0107
471275,2081,0.59,0.31,0.03,0.28,0.0,-73.7458
471386,2082,0.59,0.31,0.03,0.28,0.0,-73.6869
471602,2083,0.59,0.31,0.03,0.28,0.0,-74.0223
471699,2084,0.59,0.31,0.03,0.28,0.0,-73.8751
471979,2085,0.59,0.31,0.03,0.28,0.0,-74.5812
472089,2086,0.59,0.31,0.03,0.28,0.0,-74.6657
472248,2087,0.59,0.31,0.03,0.28,0.0,-74.7783
472356,2088,0.6,0.31,0.03,0.28,0.0,-72.43
472658,2089,0.61,0.3,0.03,0.27,0.0,-72.4859
472999,2090,0.61,0.3,0.03,0.27,0.0,-73.1627
473116,2091,0.61,0.3,0.03,0.27,0.0,-73.1481
473292,2092,0.61,0.3,0.03,0.27,0.0,-72.9994
473743,2093,0.62,0.29,0.03,0.26,0.0,-73.6173
473824,2094,0.62,0.29,0.03,0.26,0.0,-72.5647
473979,2095,0.63,0.28,0.03,0.25,0.0,-72.287
474196,2096,0.63,0.28,0.03,0.25,0.0,-70.7792
474266,2097,0.62,0.29,0.03,0.26,0.0,-71.6004
474706,2098,0.62,0.29,0.03,0.26,0.0,-72.6407
475309,2099,0.61,0.3,0.04,0.26,0.0,-73.7991
475533,2100,0.62,0.3,0.04,0.26,0.0,-71.8078
475676,2101,0.63,0.3,0.04,0.26,0.0,-69.8759
475810,2102,0.64,0.29,0.04,0.25,0.0,-68.3672
476004,2103,0.65,0.28,0.04,0.24,0.0,-67.4808
476256,2104,0.65,0.28,0.04,0.24,0.0,-67.9752
476311,2105,0.64,0.29,0.04,0.25,0.0,-68.0746
476437,2106,0.64,0.29,0.04,0.25,0.0,-67.4981
476691,2107,0.64,0.29,0.04,0.25,0.0,-67.3694
476908,2108,0.64,0.29,0.04,0.25,0.0,-67.5898
477248,2109,0.65,0.28,0.04,0.24,0.0,-67.9246
477419,2110,0.64,0.29,0.04,0.25,0.0,-68.3883
477496,2111,0.65,0.28,0.03,0.25,0.0,-67.7729
477609,2112,0.64,0.29,0.03,0.26,0.0,-68.5631
477973,2113,0.63,0.3,0.04,0.26,0.0,-69.9934
478232,2114,0.64,0.29,0.04,0.25,0.0,-69.6893
478314,2115,0.65,0.28,0.04,0.24,0.0,-69.2264
478675,2116,0.66,0.27,0.04,0.23,0.0,-69.1671
478882,2117,0.65,0.28,0.04,0.24,0.0,-70.6045
479116,2118,0.66,0.27,0.04,0.23,0.0,-69.6722
479555,2119,0.65,0.28,0.04,0.24,0.0,-71.5973
479876,2120,0.66,0.27,0.04,0.23,0.0,-70.8979
480186,2121,0.66,0.27,0.04,0.23,0.0,-71.734
480256,2122,0.66,0.27,0.04,0.23,0.0,-70.7278
480856,2123,0.65,0.27,0.04,0.23,0.0,-72.506
480951,2124,0.64,0.28,0.04,0.24,0.0,-73.1822
481410,2125,0.63,0.29,0.04,0.25,0.0,-74.3288
481611,2126,0.64,0.29,0.04,0.25,0.0,-72.9448
481830,2127,0.65,0.28,0.04,0.24,0.0,-71.1271
481992,2128,0.64,0.29,0.04,0.25,0.0,-71.4996
482133,2129,0.64,0.29,0.04,0.25,0.0,-71.5955
482419,2130,0.65,0.28,0.04,0.24,0.0,-69.8568
482802,2131,0.66,0.27,0.03,0.24,0.0,-69.9311
482997,2132,0.65,0.28,0.03,0.25,0.0,-70.4406
483185,2133,0.66,0.27,0.03,0.24,0.0,-69.6824
483272,2134,0.66,0.27,0.03,0.24,0.0,-69.6168
483495,2135,0.66,0.27,0.03,0.24,0.0,-69.6912
483828,2136,0.67,0.26,0.02,0.24,0.0,-69.1803
484115,2137,0.68,0.26,0.02,0.24,0.0,-67.8722
484407,2138,0.68,0.26,0.02,0.24,0.0,-68.1645
484509,2139,0.67,0.27,0.02,0.25,0.0,-69.0694
484767,2140,0.67,0.27,0.02,0.25,0.0,-69.0274
485134,2141,0.67,0.27,0.02,0.25,0.0,-70.1392
485275,2142,0.67,0.27,0.02,0.25,0.0,-70.4281
485754,2143,0.66,0.28,0.02,0.26,0.0,-72.6186
486014,2144,0.66,0.28,0.02,0.26,0.0,-73.2414
486147,2145,0.66,0.28,0.02,0.26,0.0,-72.9015
486286,2146,0.66,0.28,0.02,0.26,0.0,-72.8315
486636,2147,0.66,0.28,0.02,0.26,0.0,-73.5397
486910,2148,0.67,0.27,0.02,0.25,0.0,-73.1202
486992,2149,0.68,0.27,0.02,0.25,0.0,-70.474
487094,2150,0.68,0.27,0.02,0.25,0.0,-70.4012
487191,2151,0.68,0.27,0.02,0.25,0.0,-69.9486
487299,2152,0.68,0.27,0.02,0.25,0.0,-70.0333
487748,2153,0.67,0.28,0.02,0.26,0.0,-71.6001
487962,2154,0.67,0.28,0.02,0.26,0.0,-72.1034
488512,2155,0.66,0.29,0.02,0.27,0.0,-73.9192
488696,2156,0.66,0.29,0.02,0.27,0.0,-74.3069
488765,2157,0.65,0.3,0.03,0.27,0.0,-74.383
488912,2158,0.66,0.29,0.03,0.26,0.0,-73.6773
489251,2159,0.67,0.29,0.03,0.26,0.0,-72.3153
489449,2160,0.67,0.29,0.03,0.26,0.0,-72.8281
489891,2161,0.67,0.3,0.03,0.27,0.0,-73.0946
490023,2162,0.68,0.29,0.03,0.26,0.0,-72.3147
490242,2163,0.69,0.29,0.03,0.26,0.0,-70.9013
490601,2164,0.7,0.28,0.03,0.25,0.0,-70.9017
490772,2165,0.69,0.29,0.03,0.26,0.0,-70.9163
490852,2166,0.68,0.3,0.04,0.26,0.0,-71.4864
490911,2167,0.68,0.3,0.05,0.25,0.0,-71.1851
490991,2168,0.68,0.3,0.05,0.25,0.0,-70.4793
491183,2169,0.68,0.31,0.06,0.25,0.0,-68.523
491444,2170,0.68,0.31,0.06,0.25,0.0,-68.8331
492002,2171,0.69,0.3,0.06,0.24,0.0,-70.0566
492167,2172,0.69,0.3,0.06,0.24,0.0,-70.0686
492373,2173,0.69,0.3,0.06,0.24,0.0,-69.5313
492839,2174,0.69,0.3,0.06,0.24,0.0,-70.3966
493439,2175,0.69,0.29,0.06,0.23,0.0,-71.5995
493575,2176,0.69,0.29,0.06,0.23,0.0,-71.4854
494068,2177,0.68,0.3,0.06,0.24,0.0,-73.9708
494356,2178,0.67,0.31,0.06,0.25,0.0,-74.8054
494661,2179,0.67,0.31,0.06,0.25,0.0,-75.5727
494865,2180,0.68,0.3,0.06,0.24,0.0,-75.0178
495109,2181,0.67,0.31,0.06,0.25,0.0,-76.1405
495251,2182,0.67,0.31,0.06,0.25,0.0,-76.2925
495442,2183,0.67,0.31,0.06,0.25,0.0,-76.0241
495516,2184,0.67,0.31,0.06,0.25,0.0,-75.9317
495835,2185,0.66,0.32,0.07,0.25,0.0,-76.7936
496435,2186,0.66,0.31,0.07,0.24,0.0,-77.8149
496783,2187,0.65,0.32,0.07,0.25,0.0,-79.1994
497034,2188,0.65,0.32,0.07,0.25,0.0,-79.5041
497279,2189,0.64,0.33,0.07,0.26,0.0,-79.567
497459,2190,0.64,0.33,0.07,0.26,0.0,-79.3041
497654,2191,0.63,0.34,0.07,0.27,0.0,-80.3538
497745,2192,0.63,0.34,0.07,0.27,0.0,-80.1121
497874,2193,0.62,0.35,0.07,0.28,0.0,-79.5139
498202,2194,0.62,0.35,0.07,0.28,0.0,-80.3801
498260,2195,0.61,0.36,0.08,0.28,0.0,-80.6963
498381,2196,0.61,0.36,0.08,0.28,0.0,-80.3632
498444,2197,0.61,0.36,0.08,0.28,0.0,-80.3743
498621,2198,0.6,0.37,0.08,0.29,0.0,-79.8869
498845,2199,0.61,0.36,0.07,0.29,0.0,-78.507
498942,2200,0.6,0.37,0.07,0.3,0.0,-78.9998
499154,2201,0.6,0.37,0.07,0.3,0.0,-79.1238
499425,2202,0.6,0.37,0.07,0.3,0.0,-79.4811
499543,2203,0.6,0.37,0.07,0.3,0.0,-79.2588
499791,2204,0.59,0.38,0.08,0.3,0.0,-79.8952
500146,2205,0.59,0.38,0.08,0.3,0.0,-80.2833
500610,2206,0.58,0.39,0.08,0.31,0.0,-82.8663
500741,2207,0.58,0.39,0.08,0.31,0.0,-82.6568
501051,2208,0.58,0.39,0.09,0.3,0.0,-82.8917
501286,2209,0.58,0.39,0.09,0.3,0.0,-82.4078
501746,2210,0.58,0.39,0.09,0.3,0.0,-84.5487
501872,2211,0.57,0.4,0.09,0.31,0.0,-85.6431
502329,2212,0.58,0.39,0.09,0.3,0.0,-86.3856
502545,2213,0.59,0.38,0.08,0.3,0.0,-85.2344
502628,2214,0.58,0.39,0.08,0.31,0.0,-85.3779
502789,2215,0.58,0.39,0.08,0.31,0.0,-85.7662
503013,2216,0.57,0.4,0.08,0.32,0.0,-86.3476
503226,2217,0.57,0.4,0.08,0.32,0.0,-85.9287
503476,2218,0.56,0.41,0.09,0.32,0.0,-86.8673
503581,2219,0.56,0.41,0.09,0.32,0.0,-85.5802
503674,2220,0.55,0.42,0.09,0.33,0.0,-85.6764
504167,2221,0.54,0.43,0.09,0.34,0.0,-88.3809
504290,2222,0.53,0.44,0.09,0.35,0.0,-89.4614
504656,2223,0.53,0.45,0.09,0.36,0.0,-89.374
505194,2224,0.54,0.44,0.09,0.35,0.0,-90.3373
505331,2225,0.55,0.43,0.09,0.34,0.0,-88.5304
505497,2226,0.55,0.43,0.09,0.34,0.0,-88.2411
505752,2227,0.54,0.44,0.09,0.35,0.0,-89.2152
505863,2228,0.55,0.43,0.09,0.34,0.0,-88.2369
506185,2229,0.55,0.43,0.09,0.34,0.0,-88.6141
506397,2230,0.55,0.43,0.09,0.34,0.0,-88.366
506744,2231,0.55,0.43,0.09,0.34,0.0,-87.8368
506916,2232,0.55,0.43,0.09,0.34,0.0,-87.8273
507013,2233,0.54,0.44,0.09,0.35,0.0,-88.4826
507253,2234,0.54,0.44,0.09,0.35,0.0,-89.1109
507537,2235,0.54,0.44,0.09,0.35,0.0,-89.3496
507754,2236,0.53,0.45,0.09,0.36,0.0,-89.4149
507933,2237,0.52,0.46,0.09,0.37,0.0,-89.8234
508113,2238,0.52,0.46,0.09,0.37,0.0,-89.3143
508201,2239,0.52,0.46,0.09,0.37,0.0,-89.2549
508517,2240,0.51,0.47,0.09,0.38,0.0,-90.4668
508800,2241,0.51,0.47,0.09,0.38,0.0,-89.8713
508999,2242,0.51,0.47,0.1,0.37,0.0,-89.7167
509074,2243,0.51,0.47,0.1,0.37,0.0,-87.9362
509401,2244,0.51,0.47,0.1,0.37,0.0,-88.6099
509595,2245,0.51,0.47,0.1,0.37,0.0,-88.8631
510142,2246,0.51,0.47,0.1,0.37,0.0,-90.6836
510241,2247,0.5,0.48,0.1,0.38,0.0,-90.5178
510608,2248,0.5,0.48,0.1,0.38,0.0,-91.2313
510853,2249,0.5,0.48,0.1,0.38,0.0,-91.8464
511131,2250,0.5,0.48,0.1,0.38,0.0,-92.3554
511280,2251,0.5,0.48,0.1,0.38,0.0,-92.5498
511452,2252,0.51,0.47,0.1,0.37,0.0,-91.9295
511806,2253,0.51,0.47,0.1,0.37,0.0,-92.8936
512068,2254,0.51,0.47,0.1,0.37,0.0,-92.6698
512215,2255,0.51,0.47,0.11,0.36,0.0,-91.2314
512760,2256,0.5,0.48,0.11,0.37,0.0,-93.0066
513029,2257,0.5,0.48,0.1,0.38,0.0,-94.0933
513247,2258,0.49,0.49,0.1,0.39,0.0,-95.4717
513550,2259,0.48,0.5,0.11,0.39,0.0,-95.6926
513656,2260,0.48,0.5,0.11,0.39,0.0,-95.2751
513885,2261,0.49,0.49,0.11,0.38,0.0,-93.5457
513971,2262,0.49,0.49,0.11,0.38,0.0,-93.3055
514153,2263,0.49,0.49,0.11,0.38,0.0,-93.0737
514510,2264,0.49,0.49,0.11,0.38,0.0,-92.8461
514941,2265,0.49,0.49,0.11,0.38,0.0,-94.4675
515022,2266,0.49,0.49,0.1,0.39,0.0,-94.5532
515175,2267,0.49,0.49,0.09,0.4,0.0,-94.8437
515499,2268,0.49,0.49,0.09,0.4,0.0,-95.6352
515578,2269,0.5,0.48,0.08,0.4,0.0,-94.7035
515662,2270,0.5,0.48,0.08,0.4,0.0,-94.1411
515857,2271,0.5,0.48,0.08,0.4,0.0,-91.7124
516205,2272,0.5,0.48,0.08,0.4,0.0,-92.865
516673,2273,0.49,0.49,0.08,0.41,0.0,-94.6834
516790,2274,0.49,0.49,0.08,0.41,0.0,-92.9698
516926,2275,0.5,0.49,0.08,0.41,0.0,-90.7672
517062,2276,0.5,0.49,0.08,0.41,0.0,-90.8006
517268,2277,0.5,0.49,0.09,0.4,0.0,-89.2964
517648,2278,0.51,0.48,0.09,0.39,0.0,-88.8458
517813,2279,0.51,0.48,0.09,0.39,0.0,-88.4193
517904,2280,0.51,0.48,0.09,0.39,0.0,-88.1034
518504,2281,0.51,0.47,0.09,0.38,0.0,-88.8972
518607,2282,0.51,0.47,0.09,0.38,0.0,-88.7199
518752,2283,0.51,0.47,0.09,0.38,0.0,-88.7025
519141,2284,0.51,0.47,0.09,0.38,0.0,-90.2528
519373,2285,0.51,0.47,0.09,0.38,0.0,-89.7507
519545,2286,0.52,0.47,0.09,0.38,0.0,-88.071
519731,2287,0.53,0.46,0.09,0.37,0.0,-86.8479
519835,2288,0.52,0.47,0.09,0.38,0.0,-87.3018
519957,2289,0.52,0.47,0.09,0.38,0.0,-87.018
520051,2290,0.51,0.48,0.09,0.39,0.0,-87.501
520297,2291,0.52,0.47,0.09,0.38,0.0,-86.7722
520416,2292,0.52,0.47,0.09,0.38,0.0,-86.9283
520805,2293,0.53,0.46,0.09,0.37,0.0,-87.2382
520961,2294,0.52,0.47,0.09,0.38,0.0,-87.2312
521325,2295,0.53,0.46,0.08,0.38,0.0,-87.3186
521408,2296,0.52,0.47,0.08,0.39,0.0,-88.0526
521608,2297,0.52,0.47,0.08,0.39,0.0,-88.414
521993,2298,0.52,0.47,0.09,0.38,0.0,-89.6243
522221,2299,0.51,0.48,0.09,0.39,0.0,-90.356
522400,2300,0.52,0.47,0.09,0.38,0.0,-89.6987
522470,2301,0.51,0.48,0.09,0.39,0.0,-90.1451
522773,2302,0.5,0.49,0.09,0.4,0.0,-91.1734
523226,2303,0.5,0.49,0.09,0.4,0.0,-92.5646
523352,2304,0.51,0.48,0.08,0.4,0.0,-91.4041
523556,2305,0.52,0.47,0.08,0.39,0.0,-90.7738
523665,2306,0.53,0.46,0.08,0.38,0.0,-88.1631
523825,2307,0.53,0.46,0.08,0.38,0.0,-87.8917
523947,2308,0.54,0.45,0.07,0.38,0.0,-86.0644
524132,2309,0.54,0.45,0.07,0.38,0.0,-85.6154
524333,2310,0.54,0.45,0.07,0.38,0.0,-83.6082
524486,2311,0.54,0.45,0.08,0.37,0.0,-83.8085
524628,2312,0.53,0.46,0.08,0.38,0.0,-82.848
525223,2313,0.52,0.47,0.09,0.38,0.0,-83.3661
525540,2314,0.53,0.46,0.09,0.37,0.0,-83.3325
526112,2315,0.53,0.46,0.09,0.37,0.0,-84.2811
526240,2316,0.53,0.46,0.09,0.37,0.0,-83.3688
526465,2317,0.54,0.45,0.09,0.36,0.0,-82.9146
526598,2318,0.54,0.45,0.08,0.37,0.0,-82.0208
526832,2319,0.54,0.45,0.09,0.36,0.0,-82.2937
527107,2320,0.55,0.44,0.09,0.35,0.0,-82.1574
527342,2321,0.56,0.43,0.09,0.34,0.0,-79.0058
527519,2322,0.57,0.42,0.09,0.33,0.0,-78.4039
527805,2323,0.58,0.41,0.09,0.32,0.0,-76.7647
528089,2324,0.58,0.41,0.09,0.32,0.0,-75.3682
528427,2325,0.58,0.41,0.09,0.32,0.0,-76.5642
528709,2326,0.58,0.41,0.09,0.32,0.0,-76.9238
528995,2327,0.59,0.4,0.09,0.31,0.0,-76.1955
529235,2328,0.59,0.4,0.09,0.31,0.0,-76.741
529516,2329,0.58,0.41,0.09,0.32,0.0,-77.7008
529768,2330,0.57,0.42,0.09,0.33,0.0,-78.5361
529880,2331,0.57,0.42,0.09,0.33,0.0,-77.8075
530126,2332,0.57,0.42,0.09,0.33,0.0,-78.0746
530251,2333,0.58,0.41,0.09,0.32,0.0,-77.2735
530626,2334,0.58,0.41,0.09,0.32,0.0,-77.5927
530786,2335,0.58,0.41,0.09,0.32,0.0,-77.1986
531351,2336,0.58,0.41,0.09,0.32,0.0,-79.9262
531491,2337,0.59,0.4,0.09,0.31,0.0,-78.6268
531655,2338,0.59,0.4,0.09,0.31,0.0,-78.6745
531765,2339,0.6,0.39,0.09,0.3,0.0,-77.7914
531894,2340,0.61,0.38,0.09,0.29,0.0,-76.2199
532176,2341,0.61,0.38,0.09,0.29,0.0,-75.9786
532407,2342,0.62,0.37,0.08,0.29,0.0,-75.3526
532704,2343,0.63,0.36,0.08,0.28,0.0,-75.4907
532820,2344,0.63,0.36,0.08,0.28,0.0,-74.2667
533055,2345,0.63,0.36,0.08,0.28,0.0,-74.479
533322,2346,0.62,0.37,0.08,0.29,0.0,-74.0047
533404,2347,0.63,0.36,0.08,0.28,0.0,-73.1736
533673,2348,0.62,0.37,0.09,0.28,0.0,-72.9943
533873,2349,0.62,0.37,0.09,0.28,0.0,-72.7395
534222,2350,0.62,0.37,0.09,0.28,0.0,-73.1385
534435,2351,0.62,0.37,0.09,0.28,0.0,-73.3879
535035,2352,0.61,0.37,0.09,0.28,0.0,-76.523
535635,2353,0.61,0.36,0.09,0.27,0.0,-77.0714
535887,2354,0.62,0.35,0.09,0.26,0.0,-76.3331
536198,2355,0.63,0.34,0.08,0.26,0.0,-76.704
536378,2356,0.64,0.33,0.08,0.25,0.0,-74.6791
536865,2357,0.65,0.32,0.08,0.24,0.0,-74.0166
537183,2358,0.66,0.31,0.08,0.23,0.0,-73.3388
537611,2359,0.67,0.3,0.07,0.23,0.0,-73.2323
538206,2360,0.67,0.3,0.07,0.23,0.0,-75.2916
538357,2361,0.67,0.3,0.07,0.23,0.0,-74.9327
538665,2362,0.66,0.31,0.08,0.23,0.0,-77.0485
538810,2363,0.66,0.31,0.08,0.23,0.0,-76.9061
538943,2364,0.66,0.31,0.08,0.23,0.0,-76.3021
539082,2365,0.67,0.3,0.08,0.22,0.0,-73.9376
539193,2366,0.68,0.29,0.08,0.21,0.0,-73.1451
539338,2367,0.69,0.28,0.08,0.2,0.0,-72.3526
539625,2368,0.69,0.28,0.08,0.2,0.0,-72.163
539768,2369,0.69,0.28,0.08,0.2,0.0,-72.3837
539931,2370,0.69,0.28,0.08,0.2,0.0,-72.5351
540164,2371,0.68,0.29,0.08,0.21,0.0,-73.4593
540432,2372,0.68,0.29,0.08,0.21,0.0,-72.4701
540858,2373,0.69,0.28,0.08,0.2,0.0,-71.4118
541034,2374,0.68,0.29,0.08,0.21,0.0,-72.5896
541141,2375,0.68,0.29,0.08,0.21,0.0,-72.4762
541613,2376,0.67,0.3,0.08,0.22,0.0,-74.854
542063,2377,0.67,0.3,0.07,0.23,0.0,-75.3503
542206,2378,0.66,0.31,0.07,0.24,0.0,-75.5734
542425,2379,0.66,0.31,0.07,0.24,0.0,-75.6104
542537,2380,0.66,0.31,0.07,0.24,0.0,-75.6527
542770,2381,0.67,0.31,0.07,0.24,0.0,-74.1332
542874,2382,0.67,0.31,0.07,0.24,0.0,-74.1325
542967,2383,0.67,0.31,0.07,0.24,0.0,-73.9016
543114,2384,0.67,0.31,0.07,0.24,0.0,-72.5867
543470,2385,0.67,0.31,0.06,0.25,0.0,-73.2721
543870,2386,0.66,0.32,0.06,0.26,0.0,-74.5511
543952,2387,0.66,0.32,0.06,0.26,0.0,-74.2175
544067,2388,0.66,0.32,0.06,0.26,0.0,-74.2311
544175,2389,0.66,0.32,0.06,0.26,0.0,-74.1516
544244,2390,0.67,0.31,0.06,0.25,0.0,-73.2495
544427,2391,0.66,0.32,0.06,0.26,0.0,-73.6211
544612,2392,0.65,0.33,0.06,0.27,0.0,-74.7422
544891,2393,0.65,0.33,0.06,0.27,0.0,-74.0857
545038,2394,0.65,0.33,0.06,0.27,0.0,-74.0263
545229,2395,0.64,0.34,0.06,0.28,0.0,-74.1468
545440,2396,0.64,0.34,0.06,0.28,0.0,-74.4431
545921,2397,0.64,0.34,0.06,0.28,0.0,-74.889
546083,2398,0.65,0.33,0.05,0.28,0.0,-72.9722
546244,2399,0.65,0.33,0.05,0.28,0.0,-72.9044
546524,2400,0.64,0.34,0.06,0.28,0.0,-74.0853
546751,2401,0.64,0.34,0.06,0.28,0.0,-74.5279
546974,2402,0.64,0.34,0.06,0.28,0.0,-73.8061
547157,2403,0.63,0.35,0.06,0.29,0.0,-73.5934
547371,2404,0.62,0.36,0.06,0.3,0.0,-74.5541
547429,2405,0.61,0.37,0.06,0.31,0.0,-74.7158
547519,2406,0.6,0.38,0.06,0.32,0.0,-75.5178
547688,2407,0.6,0.38,0.06,0.32,0.0,-75.8564
547982,2408,0.6,0.38,0.06,0.32,0.0,-76.4731
548126,2409,0.6,0.38,0.06,0.32,0.0,-76.3479
548316,2410,0.61,0.37,0.06,0.31,0.0,-76.0979
548401,2411,0.62,0.36,0.05,0.31,0.0,-74.8283
548714,2412,0.63,0.35,0.05,0.3,0.0,-74.9274
548964,2413,0.64,0.34,0.04,0.3,0.0,-74.5331
549053,2414,0.64,0.34,0.04,0.3,0.0,-73.8197
549163,2415,0.64,0.34,0.04,0.3,0.0,-72.4479
549473,2416,0.65,0.33,0.04,0.29,0.0,-72.7601
549598,2417,0.64,0.34,0.04,0.3,0.0,-73.1269
549693,2418,0.64,0.34,0.04,0.3,0.0,-73.3259
549886,2419,0.65,0.33,0.03,0.3,0.0,-72.4041
550074,2420,0.65,0.33,0.03,0.3,0.0,-71.6044
550203,2421,1.0,0.0,0.0,0.0,0.0,-32.5543
550231,2422,1.0,0.0,0.0,0.0,0.0,-44.4493
550344,2423,1.0,0.0,0.0,0.0,0.0,-24.3604
550380,2424,1.0,0.0,0.0,0.0,0.0,-32.3245
550426,2425,0.65,0.33,0.03,0.3,0.0,-72.1259
550511,2426,0.6667,0.3333,0.0,0.3333,0.0,-57.9951
550526,2427,0.6667,0.3333,0.0,0.3333,0.0,-59.1002
550615,2428,0.75,0.25,0.0,0.25,0.0,-41.0993
550629,2429,0.75,0.25,0.0,0.25,0.0,-42.2074
550726,2430,0.64,0.34,0.03,0.31,0.0,-73.1214
550747,2431,0.6,0.4,0.0,0.4,0.0,-54.3106
550764,2432,0.6,0.4,0.0,0.4,0.0,-55.8071
550867,2433,0.5,0.5,0.1667,0.3333,0.0,-55.943
550931,2434,0.6667,0.3333,0.0,0.3333,0.0,-50.3957
551027,2435,0.4286,0.5714,0.2857,0.2857,0.0,-57.855
551040,2436,0.63,0.35,0.04,0.31,0.0,-73.8683
551104,2437,0.5714,0.4286,0.1429,0.2857,0.0,-53.9844
551108,2438,0.5,0.5,0.25,0.25,0.0,-50.1822
551253,2439,0.625,0.375,0.125,0.25,0.0,-49.1951
551263,2440,0.63,0.35,0.04,0.31,0.0,-73.7179
551353,2441,0.5556,0.4444,0.1111,0.3333,0.0,-53.0887
551380,2442,0.62,0.36,0.04,0.32,0.0,-73.3539
551477,2443,0.62,0.36,0.04,0.32,0.0,-72.8795
551517,2444,0.6,0.4,0.1,0.3,0.0,-48.7565
551597,2445,0.62,0.36,0.04,0.32,0.0,-72.3793
551673,2446,0.5455,0.4545,0.0909,0.3636,0.0,-51.34
551708,2447,0.4444,0.4444,0.2222,0.2222,0.0,-87.0174
551768,2448,0.5,0.5,0.0833,0.4167,0.0,-53.3065
551798,2449,0.62,0.36,0.04,0.32,0.0,-72.2011
551856,2450,0.5,0.4,0.2,0.2,0.0,-78.9847
551981,2451,0.4615,0.5385,0.1538,0.3846,0.0,-58.7116
552015,2452,0.4545,0.4545,0.2727,0.1818,0.0,-77.9466
552055,2453,0.63,0.35,0.04,0.31,0.0,-71.3868
552217,2454,0.64,0.34,0.04,0.3,0.0,-70.5203
552271,2455,0.5,0.5,0.1429,0.3571,0.0,-57.7255
552299,2456,0.64,0.34,0.04,0.3,0.0,-70.4849
552409,2457,0.4167,0.5,0.25,0.25,0.0,-92.4582
552441,2458,0.4667,0.5333,0.2,0.3333,0.0,-59.2299
552634,2459,0.3846,0.5385,0.2308,0.3077,0.0,-95.5007
552697,2460,0.64,0.34,0.05,0.29,0.0,-71.0278
552721,2461,0.4375,0.5625,0.25,0.3125,0.0,-66.7571
552809,2462,0.64,0.34,0.05,0.29,0.0,-70.9699
552850,2463,0.3571,0.5714,0.2143,0.3571,0.0,-94.7846
552951,2464,0.4118,0.5882,0.2353,0.3529,0.0,-68.1852
553055,2465,0.3889,0.6111,0.2222,0.3889,0.0,-68.2699
553154,2466,0.4,0.5333,0.2,0.3333,0.0,-93.9354
553179,2467,0.64,0.34,0.05,0.29,0.0,-71.4181
553244,2468,0.3684,0.6316,0.2105,0.4211,0.0,-69.773
553287,2469,0.64,0.34,0.05,0.29,0.0,-71.2569
553431,2470,0.65,0.33,0.05,0.28,0.0,-67.6328
553478,2471,0.4375,0.5,0.1875,0.3125,0.0,-91.872
553572,2472,0.4,0.6,0.2,0.4,0.0,-69.8551
553682,2473,0.65,0.33,0.05,0.28,0.0,-67.9838
553732,2474,0.4118,0.5294,0.2353,0.2941,0.0,-92.1519
553801,2475,0.381,0.619,0.2381,0.381,0.0,-72.0894
553867,2476,0.64,0.34,0.06,0.28,0.0,-68.6295
553871,2477,0.3889,0.5556,0.2222,0.3333,0.0,-91.4608
553929,2478,0.3636,0.6364,0.2273,0.4091,0.0,-73.7106
554259,2479,0.64,0.34,0.06,0.28,0.0,-70.0997
554271,2480,0.4211,0.5263,0.2105,0.3158,0.0,-91.644
554325,2481,0.3913,0.6087,0.2174,0.3913,0.0,-77.0346
554460,2482,0.64,0.34,0.06,0.28,0.0,-70.315
554563,2483,0.45,0.5,0.2,0.3,0.0,-90.5065
554636,2484,0.63,0.35,0.06,0.29,0.0,-70.8836
554678,2485,0.4167,0.5833,0.2083,0.375,0.0,-79.4888
554814,2486,0.62,0.36,0.06,0.3,0.0,-71.4112
554816,2487,0.4286,0.5238,0.2381,0.2857,0.0,-93.5702
554825,2488,0.44,0.56,0.2,0.36,0.0,-77.572
554889,2489,0.4615,0.5385,0.1923,0.3462,0.0,-74.1144
554960,2490,0.4091,0.5455,0.2273,0.3182,0.0,-94.2294
554976,2491,0.4815,0.5185,0.1852,0.3333,0.0,-71.2049
555050,2492,0.62,0.36,0.06,0.3,0.0,-71.2567
555197,2493,0.4643,0.5357,0.1786,0.3571,0.0,-71.9382
555250,2494,0.62,0.36,0.06,0.3,0.0,-71.7423
555351,2495,0.4348,0.5217,0.2174,0.3043,0.0,-95.084
555409,2496,0.4167,0.5417,0.2083,0.3333,0.0,-93.6905
555489,2497,0.62,0.36,0.06,0.3,0.0,-71.5809
555602,2498,0.44,0.52,0.2,0.32,0.0,-91.5518
555654,2499,0.4483,0.5517,0.1724,0.3793,0.0,-78.9763
555668,2500,0.4615,0.5,0.1923,0.3077,0.0,-87.5929
555796,2501,0.4815,0.4815,0.1852,0.2963,0.0,-86.2276
555836,2502,0.4333,0.5667,0.1667,0.4,0.0,-78.9297
555924,2503,0.62,0.36,0.06,0.3,0.0,-72.1809
556040,2504,0.5,0.4643,0.1786,0.2857,0.0,-83.8382
556054,2505,0.4194,0.5806,0.1613,0.4194,0.0,-80.6256
556157,2506,0.4375,0.5625,0.1562,0.4062,0.0,-77.9444
556164,2507,0.61,0.37,0.07,0.3,0.0,-73.6445
556244,2508,0.4242,0.5758,0.1515,0.4242,0.0,-77.8162
556310,2509,0.5172,0.4483,0.1724,0.2759,0.0,-83.5202
556423,2510,0.62,0.36,0.06,0.3,0.0,-73.1537
556522,2511,0.61,0.37,0.06,0.31,0.0,-73.6808
556590,2512,0.5333,0.4333,0.1667,0.2667,0.0,-82.819
556666,2513,0.4571,0.5429,0.1429,0.4,0.0,-75.5308
556675,2514,0.5161,0.4516,0.1613,0.2903,0.0,-82.5739
556732,2515,0.4444,0.5556,0.1389,0.4167,0.0,-75.4084
556775,2516,0.5312,0.4375,0.1562,0.2812,0.0,-79.7568
556818,2517,0.61,0.37,0.06,0.31,0.0,-73.4492
556892,2518,0.5152,0.4545,0.1515,0.303,0.0,-79.9702
556950,2519,0.4324,0.5676,0.1622,0.4054,0.0,-75.7937
557004,2520,0.4211,0.5789,0.1579,0.4211,0.0,-75.4219
557057,2521,0.5294,0.4412,0.1471,0.2941,0.0,-78.8012
557172,2522,0.4359,0.5641,0.1538,0.4103,0.0,-74.5701
557337,2523,0.45,0.55,0.15,0.4,0.0,-73.0099
557364,2524,0.5429,0.4286,0.1429,0.2857,0.0,-78.9845
557430,2525,0.5278,0.4444,0.1389,0.3056,0.0,-78.6917
557453,2526,0.0,0.0,0.0,0.0,0.0,-230.3932
557510,2527,0.4634,0.5366,0.1463,0.3902,0.0,-71.8172
557606,2528,0.4524,0.5476,0.1429,0.4048,0.0,-71.877
557686,2529,0.5,0.0,0.0,0.0,0.0,-149.5789
557717,2530,0.5405,0.4324,0.1351,0.2973,0.0,-78.3781
557771,2531,0.5263,0.4474,0.1316,0.3158,0.0,-77.8137
557818,2532,0.4651,0.5349,0.1395,0.3953,0.0,-71.1466
557876,2533,0.6667,0.0,0.0,0.0,0.0,-110.4229
557920,2534,0.5385,0.4359,0.1282,0.3077,0.0,-76.4621
557966,2535,0.4773,0.5227,0.1364,0.3864,0.0,-69.7394
558070,2536,0.5,0.25,0.0,0.25,0.0,-114.9366
558077,2537,0.55,0.425,0.125,0.3,0.0,-74.7726
558190,2538,0.4667,0.5333,0.1333,0.4,0.0,-72.0737
558269,2539,0.561,0.4146,0.122,0.2927,0.0,-73.6729
558297,2540,0.5,0.3333,0.0,0.3333,0.0,-92.1494
558314,2541,0.4783,0.5217,0.1304,0.3913,0.0,-70.6245
558422,2542,0.5714,0.4048,0.119,0.2857,0.0,-72.1277
558519,2543,0.5714,0.2857,0.0,0.2857,0.0,-88.4946
558645,2544,0.5814,0.3953,0.1163,0.2791,0.0,-71.1136
558753,2545,0.5909,0.3864,0.1136,0.2727,0.0,-69.3217
558763,2546,0.625,0.25,0.0,0.25,0.0,-80.9515
558780,2547,0.4894,0.5106,0.1277,0.383,0.0,-71.7345
558857,2548,0.6667,0.2222,0.0,0.2222,0.0,-71.6618
558980,2549,0.4792,0.5208,0.125,0.3958,0.0,-72.3721
559099,2550,0.5778,0.4,0.1111,0.2889,0.0,-72.6831
559164,2551,0.4898,0.5102,0.1224,0.3878,0.0,-71.5337
559245,2552,0.587,0.3913,0.1087,0.2826,0.0,-71.9804
559310,2553,0.5,0.5,0.12,0.38,0.0,-70.2354
559457,2554,0.6,0.2,0.0,0.2,0.0,-89.955
559528,2555,0.4902,0.5098,0.1176,0.3922,0.0,-70.7859
559604,2556,0.5745,0.4043,0.1064,0.2979,0.0,-74.2505
559616,2557,0.6364,0.1818,0.0,0.1818,0.0,-82.5441
559631,2558,0.4808,0.5192,0.1154,0.4038,0.0,-70.9576
559812,2559,0.5833,0.25,0.0833,0.1667,0.0,-82.4936
559973,2560,0.5833,0.3958,0.1042,0.2917,0.0,-75.0564
560104,2561,0.5385,0.3077,0.1538,0.1538,0.0,-87.8704
560163,2562,0.5918,0.3878,0.102,0.2857,0.0,-74.1187
560231,2563,0.4717,0.5094,0.1132,0.3962,0.0,-74.9448
560322,2564,0.6,0.38,0.1,0.28,0.0,-72.9549
560351,2565,0.5714,0.2857,0.1429,0.1429,0.0,-85.4639
560450,2566,0.4815,0.5,0.1111,0.3889,0.0,-74.0141
560533,2567,0.6078,0.3725,0.098,0.2745,0.0,-72.7084
560701,2568,0.6,0.2667,0.1333,0.1333,0.0,-84.1646
560712,2569,0.6154,0.3654,0.0962,0.2692,0.0,-72.2967
560793,2570,0.4909,0.4909,0.1091,0.3818,0.0,-74.1458
560913,2571,0.5,0.4821,0.1071,0.375,0.0,-72.8432
561079,2572,0.625,0.25,0.125,0.125,0.0,-85.2509
561198,2573,0.6038,0.3774,0.0943,0.283,0.0,-75.6084
561225,2574,0.5088,0.4737,0.1053,0.3684,0.0,-72.4791
561343,2575,0.5882,0.2941,0.1765,0.1176,0.0,-86.0561
561395,2576,0.6111,0.3704,0.0926,0.2778,0.0,-74.6491
561666,2577,0.6,0.3818,0.0909,0.2909,0.0,-75.8344
561697,2578,0.6111,0.2778,0.1667,0.1111,0.0,-85.6764
561711,2579,0.5172,0.4655,0.1034,0.3621,0.0,-73.5012
561776,2580,0.6071,0.375,0.0893,0.2857,0.0,-74.4322
561797,2581,0.5789,0.3158,0.1579,0.1579,0.0,-85.0681
561962,2582,0.5085,0.4746,0.1186,0.3559,0.0,-74.0042
561964,2583,0.55,0.35,0.15,0.2,0.0,-85.2733
562085,2584,0.614,0.3684,0.0877,0.2807,0.0,-74.0063
562312,2585,0.5167,0.4667,0.1167,0.35,0.0,-74.9987
562336,2586,0.5714,0.3333,0.1429,0.1905,0.0,-85.7653
562550,2587,0.5932,0.3898,0.1017,0.2881,0.0,-76.0498
562640,2588,0.5246,0.459,0.1148,0.3443,0.0,-75.2525
562685,2589,0.5909,0.3182,0.1364,0.1818,0.0,-85.4926
562831,2590,0.5833,0.4,0.1,0.3,0.0,-77.2717
562846,2591,0.5161,0.4677,0.129,0.3387,0.0,-75.4266
563072,2592,0.5652,0.3478,0.1304,0.2174,0.0,-91.026
563134,2593,0.5902,0.3934,0.0984,0.2951,0.0,-77.1797
563207,2594,0.5238,0.4603,0.127,0.3333,0.0,-75.954
563250,2595,0.5417,0.375,0.125,0.25,0.0,-91.2295
563344,2596,0.52,0.4,0.12,0.28,0.0,-90.6103
563353,2597,0.5806,0.4032,0.0968,0.3065,0.0,-77.4812
563390,2598,0.5312,0.4531,0.125,0.3281,0.0,-75.0443
563559,2599,0.5385,0.4462,0.1231,0.3231,0.0,-74.1191
563608,2600,0.5385,0.3846,0.1154,0.2692,0.0,-90.8801
563675,2601,0.5556,0.3704,0.1111,0.2593,0.0,-87.1576
563681,2602,0.5357,0.3929,0.1429,0.25,0.0,-85.0951
563832,2603,0.5373,0.4478,0.1194,0.3284,0.0,-73.6356
563833,2604,0.5873,0.3968,0.0952,0.3016,0.0,-78.8374
563985,2605,0.5517,0.3793,0.1379,0.2414,0.0,-84.4184
564020,2606,0.5938,0.3906,0.0938,0.2969,0.0,-77.9719
564154,2607,0.6,0.3846,0.0923,0.2923,0.0,-76.8941
564231,2608,0.5909,0.3939,0.0909,0.303,0.0,-76.8287
564250,2609,0.5294,0.4559,0.1176,0.3382,0.0,-75.0744
564303,2610,0.5667,0.3667,0.1333,0.2333,0.0,-84.4927
564371,2611,0.597,0.3881,0.0896,0.2985,0.0,-75.9521
564376,2612,0.5217,0.4638,0.1159,0.3478,0.0,-75.2392
564442,2613,0.5143,0.4714,0.1143,0.3571,0.0,-75.1905
564519,2614,0.5484,0.3871,0.1613,0.2258,0.0,-84.4613
564672,2615,0.5211,0.4648,0.1127,0.3521,0.0,-74.8767
564911,2616,0.5139,0.4722,0.125,0.3472,0.0,-75.3337
564923,2617,0.5882,0.3971,0.1029,0.2941,0.0,-77.8411
565049,2618,0.5205,0.4658,0.1233,0.3425,0.0,-74.4111
565091,2619,0.5625,0.375,0.1562,0.2188,0.0,-88.241
565205,2620,0.5758,0.3636,0.1515,0.2121,0.0,-85.4307
565263,2621,0.527,0.4595,0.1216,0.3378,0.0,-74.0304
565300,2622,0.5942,0.3913,0.1014,0.2899,0.0,-78.2671
565335,2623,0.5588,0.3824,0.1471,0.2353,0.0,-85.9256
565376,2624,0.5857,0.4,0.1,0.3,0.0,-78.2784
565527,2625,0.5714,0.3714,0.1429,0.2286,0.0,-84.2669
565532,2626,0.5915,0.3944,0.0986,0.2958,0.0,-77.4234
565650,2627,0.5333,0.4533,0.12,0.3333,0.0,-74.18
565742,2628,0.5556,0.3889,0.1667,0.2222,0.0,-84.2806
565837,2629,0.5972,0.3889,0.0972,0.2917,0.0,-76.9331
565838,2630,0.5405,0.4054,0.1622,0.2432,0.0,-84.3458
565920,2631,0.6027,0.3836,0.0959,0.2877,0.0,-75.7398
565935,2632,0.5395,0.4474,0.1184,0.3289,0.0,-73.8683
566013,2633,0.5263,0.4211,0.1842,0.2368,0.0,-84.1635
566089,2634,0.5325,0.4545,0.1169,0.3377,0.0,-73.7891
566118,2635,0.6081,0.3784,0.0946,0.2838,0.0,-75.3416
566191,2636,0.5256,0.4615,0.1154,0.3462,0.0,-73.8347
566281,2637,0.525,0.425,0.175,0.25,0.0,-82.651
566483,2638,0.5366,0.4146,0.1707,0.2439,0.0,-81.7823
566534,2639,0.6133,0.3733,0.0933,0.28,0.0,-75.6419
566791,2640,0.519,0.4557,0.1139,0.3418,0.0,-75.5595
566795,2641,0.6184,0.3684,0.0921,0.2763,0.0,-75.1417
566917,2642,0.5476,0.4048,0.1667,0.2381,0.0,-82.2597
566994,2643,0.6234,0.3636,0.0909,0.2727,0.0,-74.5605
567050,2644,0.5581,0.3953,0.1628,0.2326,0.0,-80.5943
567126,2645,0.525,0.45,0.1125,0.3375,0.0,-75.8293
567178,2646,0.6154,0.3718,0.0897,0.2821,0.0,-75.0952
567211,2647,0.5185,0.4568,0.1111,0.3457,0.0,-75.7309
567305,2648,0.5682,0.3864,0.1591,0.2273,0.0,-79.6495
567426,2649,0.5778,0.3778,0.1556,0.2222,0.0,-77.8622
567478,2650,0.6076,0.3797,0.1013,0.2785,0.0,-76.2368
567501,2651,0.5122,0.4634,0.122,0.3415,0.0,-75.934
567578,2652,0.6,0.3875,0.1,0.2875,0.0,-76.208
567581,2653,0.5181,0.4578,0.1205,0.3373,0.0,-74.9158
567749,2654,0.5238,0.4524,0.119,0.3333,0.0,-74.2395
567768,2655,0.6049,0.3827,0.0988,0.284,0.0,-75.6325
567868,2656,0.5294,0.4471,0.1176,0.3294,0.0,-73.3004
567936,2657,0.5976,0.3902,0.0976,0.2927,0.0,-75.7235
568003,2658,0.6024,0.3855,0.0964,0.2892,0.0,-74.6397
568014,2659,0.5652,0.3913,0.1522,0.2391,0.0,-83.325
568082,2660,0.5349,0.4419,0.1163,0.3256,0.0,-72.8692
568154,2661,0.5745,0.383,0.1489,0.234,0.0,-82.2124
568185,2662,0.6071,0.381,0.0952,0.2857,0.0,-74.0239
568313,2663,0.6118,0.3765,0.0941,0.2824,0.0,-73.198
568376,2664,0.5287,0.4483,0.1149,0.3333,0.0,-73.7206
568482,2665,0.5341,0.4432,0.1136,0.3295,0.0,-72.894
568551,2666,0.6163,0.3721,0.093,0.2791,0.0,-72.8783
568614,2667,0.5833,0.375,0.1458,0.2292,0.0,-82.9687
568806,2668,0.5281,0.4494,0.1124,0.3371,0.0,-73.8839
568822,2669,0.6092,0.3793,0.092,0.2874,0.0,-73.6525
568940,2670,0.6136,0.375,0.0909,0.2841,0.0,-72.9203
568971,2671,0.5918,0.3673,0.1429,0.2245,0.0,-83.1404
569008,2672,0.5333,0.4444,0.1111,0.3333,0.0,-73.5158
569146,2673,0.6,0.36,0.14,0.22,0.0,-82.0153
569174,2674,0.5385,0.4396,0.1099,0.3297,0.0,-72.842
569183,2675,0.6067,0.382,0.0899,0.2921,0.0,-73.4837
569284,2676,0.6078,0.3529,0.1373,0.2157,0.0,-80.3941
569359,2677,0.5326,0.4457,0.1087,0.337,0.0,-73.1907
569369,2678,0.6111,0.3778,0.0889,0.2889,0.0,-72.9224
569490,2679,0.5962,0.3654,0.1538,0.2115,0.0,-80.7647
569554,2680,0.6154,0.3736,0.0879,0.2857,0.0,-72.333
569593,2681,0.5376,0.4409,0.1075,0.3333,0.0,-73.1382
569679,2682,0.6038,0.3585,0.1509,0.2075,0.0,-80.5786
569714,2683,0.6196,0.3696,0.087,0.2826,0.0,-71.7093
569872,2684,0.5426,0.4362,0.1064,0.3298,0.0,-73.0753
569901,2685,0.6129,0.3763,0.086,0.2903,0.0,-71.8843
569997,2686,0.5368,0.4421,0.1053,0.3368,0.0,-73.3561
570143,2687,0.617,0.3723,0.0851,0.2872,0.0,-71.4167
570182,2688,0.5926,0.3704,0.1667,0.2037,0.0,-83.2265
570267,2689,0.5312,0.4479,0.1042,0.3438,0.0,-73.9792
570270,2690,0.6105,0.3789,0.0842,0.2947,0.0,-71.7321
570374,2691,0.6,0.3636,0.1636,0.2,0.0,-81.998
570551,2692,0.6146,0.375,0.0833,0.2917,0.0,-71.4728
570642,2693,0.5361,0.4433,0.1031,0.3402,0.0,-74.5344
570645,2694,0.6071,0.3571,0.1607,0.1964,0.0,-81.4638
570736,2695,0.6082,0.3814,0.0825,0.299,0.0,-71.636
570760,2696,0.614,0.3509,0.1579,0.193,0.0,-79.9696
570769,2697,0.5306,0.449,0.102,0.3469,0.0,-74.6945
570962,2698,0.5354,0.4444,0.101,0.3434,0.0,-74.2887
570978,2699,0.6122,0.3776,0.0816,0.2959,0.0,-71.514
571054,2700,0.6207,0.3448,0.1552,0.1897,0.0,-79.4023
571113,2701,0.6061,0.3838,0.0808,0.303,0.0,-71.42
571155,2702,0.54,0.44,0.1,0.34,0.0,-73.9019
571265,2703,0.61,0.38,0.08,0.3,0.0,-70.7277
571313,2704,0.53,0.45,0.11,0.34,0.0,-74.303
571492,2705,0.61,0.38,0.08,0.3,0.0,-70.7345
571602,2706,0.6271,0.339,0.1525,0.1864,0.0,-81.3282
571708,2707,0.53,0.45,0.11,0.34,0.0,-75.4645
571739,2708,0.61,0.38,0.08,0.3,0.0,-71.1896
571839,2709,0.6167,0.35,0.1667,0.1833,0.0,-81.6456
571929,2710,0.61,0.38,0.08,0.3,0.0,-70.7878
572015,2711,0.61,0.38,0.08,0.3,0.0,-70.7989
572055,2712,0.54,0.44,0.11,0.33,0.0,-75.2805
572162,2713,0.54,0.44,0.11,0.33,0.0,-75.3611
572227,2714,0.6066,0.3607,0.1803,0.1803,0.0,-83.1378
572276,2715,0.62,0.37,0.08,0.29,0.0,-70.1815
572301,2716,0.55,0.43,0.11,0.32,0.0,-74.3917
572421,2717,0.62,0.37,0.07,0.3,0.0,-70.6689
572457,2718,0.54,0.44,0.11,0.33,0.0,-75.2684
572543,2719,0.6129,0.3548,0.1774,0.1774,0.0,-83.1298
572693,2720,0.62,0.37,0.06,0.31,0.0,-71.0304
572733,2721,0.619,0.3492,0.1746,0.1746,0.0,-82.1072
572805,2722,0.55,0.43,0.1,0.33,0.0,-75.386
572843,2723,0.6094,0.3594,0.1719,0.1875,0.0,-82.1076
573048,2724,0.6154,0.3538,0.1692,0.1846,0.0,-81.2736
573059,2725,0.62,0.37,0.06,0.31,0.0,-72.1525
573178,2726,0.6212,0.3485,0.1667,0.1818,0.0,-80.1036
573243,2727,0.63,0.37,0.06,0.31,0.0,-68.4736
573283,2728,0.55,0.43,0.1,0.33,0.0,-76.8691
573393,2729,0.6269,0.3433,0.1642,0.1791,0.0,-80.0319
573423,2730,0.63,0.37,0.06,0.31,0.0,-68.6514
573513,2731,0.6324,0.3382,0.1618,0.1765,0.0,-78.9806
573589,2732,0.56,0.42,0.1,0.32,0.0,-76.9042
573591,2733,0.63,0.37,0.05,0.32,0.0,-68.8115
573754,2734,0.63,0.37,0.05,0.32,0.0,-67.3546
573768,2735,0.56,0.42,0.1,0.32,0.0,-77.0939
573908,2736,0.63,0.37,0.05,0.32,0.0,-66.7109
573936,2737,0.56,0.42,0.1,0.32,0.0,-77.1073
574063,2738,0.63,0.37,0.06,0.31,0.0,-66.597
574113,2739,0.6232,0.3333,0.1594,0.1739,0.0,-80.4056
574140,2740,0.56,0.42,0.1,0.32,0.0,-77.7367
574222,2741,0.6143,0.3429,0.1571,0.1857,0.0,-80.2834
574305,2742,0.6056,0.3521,0.1549,0.1972,0.0,-80.3137
574400,2743,0.57,0.41,0.09,0.32,0.0,-76.8884
574415,2744,0.62,0.38,0.06,0.32,0.0,-67.3956
574428,2745,0.6111,0.3472,0.1528,0.1944,0.0,-79.2914
574531,2746,0.62,0.38,0.06,0.32,0.0,-67.1106
574586,2747,0.57,0.41,0.09,0.32,0.0,-76.5718
574704,2748,0.6164,0.3425,0.1507,0.1918,0.0,-78.4603
574800,2749,0.6216,0.3378,0.1486,0.1892,0.0,-77.4295
574825,2750,0.62,0.38,0.05,0.33,0.0,-67.9498
574903,2751,0.62,0.38,0.06,0.32,0.0,-67.9105
574906,2752,0.6133,0.3467,0.16,0.1867,0.0,-77.1151
575067,2753,0.62,0.38,0.06,0.32,0.0,-66.8134
575143,2754,0.57,0.41,0.08,0.33,0.0,-76.8592
575266,2755,0.61,0.39,0.06,0.33,0.0,-67.2592
575388,2756,0.61,0.39,0.05,0.34,0.0,-66.6471
575709,2757,0.61,0.39,0.05,0.34,0.0,-66.6262
575743,2758,0.57,0.4,0.07,0.33,0.0,-78.2182
575964,2759,0.61,0.39,0.05,0.34,0.0,-65.8728
576044,2760,0.57,0.4,0.07,0.33,0.0,-78.8801
576221,2761,0.58,0.39,0.07,0.32,0.0,-78.4755
576251,2762,0.61,0.39,0.06,0.33,0.0,-66.357
576281,2763,0.59,0.38,0.07,0.31,0.0,-77.3589
576413,2764,0.58,0.39,0.07,0.32,0.0,-77.4511
576429,2765,0.6,0.4,0.06,0.34,0.0,-66.7323
576514,2766,0.6,0.4,0.06,0.34,0.0,-66.8417
576557,2767,0.58,0.39,0.06,0.33,0.0,-77.3873
576669,2768,0.59,0.41,0.06,0.35,0.0,-67.5159
576759,2769,0.59,0.41,0.06,0.35,0.0,-67.2914
576876,2770,0.59,0.38,0.06,0.32,0.0,-76.6246
577074,2771,0.58,0.39,0.06,0.33,0.0,-75.9506
577195,2772,0.58,0.42,0.07,0.35,0.0,-68.0757
577629,2773,0.57,0.43,0.08,0.35,0.0,-69.1182
577674,2774,0.57,0.39,0.06,0.33,0.0,-76.6956
577752,2775,0.58,0.42,0.08,0.34,0.0,-68.3356
577851,2776,0.58,0.42,0.08,0.34,0.0,-68.3586
577861,2777,0.56,0.4,0.06,0.34,0.0,-77.2402
577941,2778,0.56,0.4,0.06,0.34,0.0,-77.2452
578079,2779,0.55,0.41,0.06,0.35,0.0,-78.314
578172,2780,0.59,0.41,0.08,0.33,0.0,-68.5001
578207,2781,0.56,0.4,0.06,0.34,0.0,-77.4806
578316,2782,0.58,0.42,0.08,0.34,0.0,-69.0516
578462,2783,0.58,0.42,0.08,0.34,0.0,-68.2539
578617,2784,0.57,0.39,0.06,0.33,0.0,-75.6026
578951,2785,0.58,0.42,0.08,0.34,0.0,-70.6138
579067,2786,0.57,0.39,0.06,0.33,0.0,-76.4662
579240,2787,0.58,0.38,0.06,0.32,0.0,-75.3163
579249,2788,0.58,0.42,0.08,0.34,0.0,-70.7873
579332,2789,0.58,0.38,0.06,0.32,0.0,-75.3019
579533,2790,0.0,1.0,0.0,1.0,0.0,-102.8287
579689,2791,0.59,0.37,0.06,0.31,0.0,-75.7269
579736,2792,0.5,0.5,0.0,0.5,0.0,-62.4911
579893,2793,0.6667,0.3333,0.0,0.3333,0.0,-50.7158
579916,2794,0.58,0.38,0.06,0.32,0.0,-76.7385
580053,2795,0.5,0.5,0.0,0.5,0.0,-67.4695
580070,2796,0.58,0.38,0.06,0.32,0.0,-76.3958
580166,2797,0.6,0.4,0.0,0.4,0.0,-53.9024
580247,2798,0.5,0.5,0.0,0.5,0.0,-57.58
580354,2799,0.4286,0.5714,0.1429,0.4286,0.0,-57.8627
580495,2800,0.59,0.37,0.06,0.31,0.0,-77.1032
580536,2801,0.375,0.625,0.25,0.375,0.0,-60.217
580646,2802,0.4444,0.5556,0.2222,0.3333,0.0,-53.701
580740,2803,0.4,0.6,0.2,0.4,0.0,-56.3048
580904,2804,0.4545,0.5455,0.1818,0.3636,0.0,-52.2434
580963,2805,0.6,0.36,0.05,0.31,0.0,-77.7824
581059,2806,0.4167,0.5833,0.1667,0.4167,0.0,-55.4128
581101,2807,0.61,0.35,0.05,0.3,0.0,-77.2127
581459,2808,0.61,0.35,0.05,0.3,0.0,-77.6197
581659,2809,0.3846,0.5385,0.1538,0.3846,0.0,-73.3648
581816,2810,0.61,0.35,0.05,0.3,0.0,-78.472
581896,2811,0.4286,0.5,0.1429,0.3571,0.0,-70.8956
581978,2812,0.61,0.35,0.05,0.3,0.0,-78.4806
582121,2813,0.4,0.5333,0.1333,0.4,0.0,-71.8449
582275,2814,0.62,0.34,0.05,0.29,0.0,-78.1593
582424,2815,0.4375,0.5,0.125,0.375,0.0,-73.6724
582527,2816,0.61,0.35,0.05,0.3,0.0,-79.0651
582851,2817,0.6,0.36,0.05,0.31,0.0,-80.3034
582863,2818,0.4706,0.4706,0.1176,0.3529,0.0,-74.656
583029,2819,0.6,0.36,0.05,0.31,0.0,-79.4524
583249,2820,0.5,0.4444,0.1111,0.3333,0.0,-76.3156
583362,2821,0.4737,0.4737,0.1053,0.3684,0.0,-76.6379
583467,2822,0.59,0.37,0.05,0.32,0.0,-81.4561
583529,2823,0.45,0.5,0.1,0.4,0.0,-77.5874
583710,2824,0.58,0.38,0.05,0.33,0.0,-81.2582
583856,2825,0.4286,0.5238,0.0952,0.4286,0.0,-83.1684
583857,2826,0.59,0.37,0.05,0.32,0.0,-80.4144
584024,2827,0.59,0.37,0.05,0.32,0.0,-80.2837
584243,2828,0.4545,0.5,0.0909,0.4091,0.0,-83.6549
584276,2829,0.59,0.37,0.05,0.32,0.0,-80.726
584488,2830,0.59,0.37,0.05,0.32,0.0,-80.587
584649,2831,0.6,0.36,0.05,0.31,0.0,-79.899
584705,2832,0.4348,0.5217,0.087,0.4348,0.0,-90.2787
584864,2833,0.6,0.37,0.05,0.32,0.0,-78.2711
584887,2834,0.4167,0.5417,0.0833,0.4583,0.0,-90.6165
584975,2835,0.4,0.56,0.08,0.48,0.0,-89.9648
585044,2836,0.6,0.37,0.05,0.32,0.0,-78.2555
585140,2837,0.3846,0.5769,0.0769,0.5,0.0,-90.328
585206,2838,0.4074,0.5556,0.0741,0.4815,0.0,-86.606
585275,2839,0.59,0.38,0.05,0.33,0.0,-78.7258
585291,2840,0.4286,0.5357,0.0714,0.4643,0.0,-83.3258
585503,2841,0.4138,0.5517,0.1034,0.4483,0.0,-83.3477
585727,2842,0.4,0.5667,0.1,0.4667,0.0,-85.2763
585875,2843,0.58,0.38,0.05,0.33,0.0,-81.4471
585920,2844,0.3871,0.5806,0.0968,0.4839,0.0,-85.4459
586062,2845,0.375,0.5938,0.0938,0.5,0.0,-85.8745
586166,2846,0.3939,0.5758,0.0909,0.4848,0.0,-83.1371
586256,2847,0.3824,0.5882,0.0882,0.5,0.0,-82.9026
586367,2848,0.58,0.38,0.05,0.33,0.0,-82.527
586444,2849,0.4,0.5714,0.0857,0.4857,0.0,-81.3886
586659,2850,0.58,0.38,0.05,0.33,0.0,-81.8372
586683,2851,0.4167,0.5556,0.0833,0.4722,0.0,-80.2597
586755,2852,0.4054,0.5676,0.0811,0.4865,0.0,-80.0594
586916,2853,0.59,0.37,0.04,0.33,0.0,-81.1257
587193,2854,0.59,0.37,0.04,0.33,0.0,-80.255
587234,2855,0.4211,0.5526,0.0789,0.4737,0.0,-82.2053
587263,2856,0.58,0.38,0.04,0.34,0.0,-79.9885
587297,2857,0.4103,0.5641,0.0769,0.4872,0.0,-81.7294
587584,2858,0.425,0.55,0.075,0.475,0.0,-81.267
587603,2859,0.58,0.38,0.03,0.35,0.0,-81.1547
587750,2860,0.439,0.5366,0.0732,0.4634,0.0,-79.4352
587755,2861,0.58,0.38,0.03,0.35,0.0,-80.2325
587909,2862,0.58,0.38,0.03,0.35,0.0,-80.147
587941,2863,0.4524,0.5238,0.0714,0.4524,0.0,-78.0767
588073,2864,0.4651,0.5116,0.0698,0.4419,0.0,-76.7783
588085,2865,0.57,0.39,0.03,0.36,0.0,-80.9027
588166,2866,0.58,0.38,0.03,0.35,0.0,-79.9015
588243,2867,0.4545,0.5227,0.0682,0.4545,0.0,-76.7679
588366,2868,0.4667,0.5111,0.0667,0.4444,0.0,-75.2619
588434,2869,0.58,0.38,0.03,0.35,0.0,-80.1809
588649,2870,0.58,0.38,0.03,0.35,0.0,-79.4211
588781,2871,0.58,0.38,0.03,0.35,0.0,-79.2827
588892,2872,0.4565,0.5217,0.0652,0.4565,0.0,-80.0204
589048,2873,0.58,0.38,0.03,0.35,0.0,-79.6251
589075,2874,0.4681,0.5106,0.0638,0.4468,0.0,-79.015
589231,2875,0.58,0.38,0.03,0.35,0.0,-79.2948
589328,2876,0.59,0.37,0.02,0.35,0.0,-78.1503
589617,2877,0.4792,0.5,0.0625,0.4375,0.0,-80.4153
589638,2878,0.58,0.38,0.02,0.36,0.0,-79.5561
589801,2879,0.58,0.38,0.02,0.36,0.0,-79.3081
590097,2880,0.58,0.38,0.02,0.36,0.0,-78.9751
590324,2881,0.58,0.38,0.02,0.36,0.0,-79.0074
590432,2882,0.59,0.37,0.02,0.35,0.0,-78.3979
590737,2883,0.59,0.37,0.02,0.35,0.0,-79.0339
591076,2884,0.6,0.37,0.02,0.35,0.0,-77.806
591310,2885,0.6,0.37,0.02,0.35,0.0,-77.2512
591538,2886,0.61,0.36,0.02,0.34,0.0,-76.9703
591714,2887,0.62,0.35,0.01,0.34,0.0,-76.3259
591926,2888,0.61,0.36,0.01,0.35,0.0,-77.6039
592269,2889,0.61,0.36,0.01,0.35,0.0,-77.8865
592364,2890,0.61,0.36,0.01,0.35,0.0,-77.9681
592499,2891,0.61,0.36,0.01,0.35,0.0,-77.6291
592737,2892,0.61,0.36,0.01,0.35,0.0,-77.0889
592869,2893,0.6,0.37,0.01,0.36,0.0,-77.7695
593158,2894,0.61,0.36,0.01,0.35,0.0,-76.7344
593290,2895,0.6,0.37,0.02,0.35,0.0,-76.9404
593582,2896,0.6,0.37,0.02,0.35,0.0,-77.4796
594044,2897,0.6,0.37,0.02,0.35,0.0,-78.5772
594168,2898,0.59,0.38,0.03,0.35,0.0,-78.4866
594418,2899,0.58,0.39,0.03,0.36,0.0,-79.257
594541,2900,0.58,0.39,0.03,0.36,0.0,-79.0043
594628,2901,0.58,0.39,0.03,0.36,0.0,-78.4629
595023,2902,0.58,0.39,0.03,0.36,0.0,-78.2229
595199,2903,0.59,0.38,0.03,0.35,0.0,-77.6221
595292,2904,0.59,0.38,0.03,0.35,0.0,-77.2172
595892,2905,0.58,0.38,0.03,0.35,0.0,-78.8065
596149,2906,0.59,0.37,0.02,0.35,0.0,-78.6429
596364,2907,0.58,0.38,0.02,0.36,0.0,-78.1232
596964,2908,0.57,0.38,0.02,0.36,0.0,-78.7892
597244,2909,0.57,0.38,0.02,0.36,0.0,-79.6159
597531,2910,0.57,0.38,0.02,0.36,0.0,-80.1012
597784,2911,0.57,0.38,0.02,0.36,0.0,-80.4421
597927,2912,0.56,0.39,0.02,0.37,0.0,-80.339
598182,2913,0.56,0.39,0.02,0.37,0.0,-79.2543
598315,2914,0.55,0.4,0.02,0.38,0.0,-79.1625
598483,2915,0.54,0.41,0.02,0.39,0.0,-79.5524
598674,2916,0.54,0.41,0.02,0.39,0.0,-79.6738
598862,2917,0.54,0.41,0.02,0.39,0.0,-79.1672
599157,2918,0.53,0.42,0.02,0.4,0.0,-80.32
599215,2919,0.52,0.43,0.02,0.41,0.0,-80.7899
599508,2920,0.53,0.42,0.02,0.4,0.0,-80.6652
599653,2921,0.54,0.42,0.02,0.4,0.0,-77.6147
599729,2922,0.55,0.41,0.02,0.39,0.0,-76.0099
600086,2923,0.54,0.42,0.02,0.4,0.0,-76.3309
600177,2924,1.0,0.0,0.0,0.0,0.0,-21.936
600442,2925,0.54,0.42,0.02,0.4,0.0,-77.3498
600681,2926,0.55,0.41,0.02,0.39,0.0,-77.0045
600777,2927,0.5,0.0,0.0,0.0,0.0,-134.9969
600810,2928,0.55,0.41,0.02,0.39,0.0,-76.8909
600934,2929,0.6667,0.0,0.0,0.0,0.0,-95.1756
600998,2930,0.55,0.41,0.02,0.39,0.0,-76.9576
601022,2931,0.75,0.0,0.0,0.0,0.0,-71.0238
601091,2932,0.6,0.2,0.0,0.2,0.0,-70.1073
601314,2933,0.6667,0.1667,0.0,0.1667,0.0,-63.6262
601464,2934,0.5714,0.2857,0.0,0.2857,0.0,-65.8173
601473,2935,0.55,0.41,0.02,0.39,0.0,-78.5106
601678,2936,0.55,0.42,0.03,0.39,0.0,-77.4748
601714,2937,0.625,0.25,0.0,0.25,0.0,-66.7723
601807,2938,0.56,0.41,0.03,0.38,0.0,-76.6558
601944,2939,0.6667,0.2222,0.0,0.2222,0.0,-69.5089
601990,2940,0.56,0.41,0.03,0.38,0.0,-77.1167
602277,2941,0.57,0.4,0.03,0.37,0.0,-76.8244
602513,2942,0.56,0.41,0.04,0.37,0.0,-77.6922
602544,2943,0.6,0.2,0.0,0.2,0.0,-89.426
602601,2944,0.55,0.42,0.04,0.38,0.0,-77.4529
602775,2945,0.6364,0.1818,0.0,0.1818,0.0,-85.2158
602861,2946,0.55,0.42,0.04,0.38,0.0,-77.3114
602950,2947,0.54,0.43,0.04,0.39,0.0,-77.8445
603021,2948,0.6667,0.1667,0.0,0.1667,0.0,-86.7322
603550,2949,0.53,0.43,0.04,0.39,0.0,-80.8248
603621,2950,0.6154,0.1538,0.0,0.1538,0.0,-103.9819
603719,2951,0.53,0.43,0.04,0.39,0.0,-79.8114
603723,2952,0.6429,0.1429,0.0,0.1429,0.0,-96.4484
603860,2953,0.54,0.42,0.04,0.38,0.0,-78.7149
604039,2954,0.6667,0.1333,0.0,0.1333,0.0,-94.9452
604091,2955,0.53,0.43,0.05,0.38,0.0,-79.425
604133,2956,0.6875,0.125,0.0,0.125,0.0,-88.2138
604339,2957,0.6471,0.1765,0.0588,0.1176,0.0,-88.1459
604665,2958,0.6111,0.2222,0.0556,0.1667,0.0,-88.8608
604691,2959,0.52,0.43,0.05,0.38,0.0,-79.9144
604768,2960,0.5789,0.2632,0.0526,0.2105,0.0,-88.3029
604867,2961,0.52,0.43,0.05,0.38,0.0,-78.7171
604935,2962,0.6,0.25,0.05,0.2,0.0,-84.8583
605030,2963,0.52,0.43,0.05,0.38,0.0,-78.9168
605126,2964,0.5714,0.2857,0.0476,0.2381,0.0,-86.6156
605166,2965,0.52,0.43,0.05,0.38,0.0,-78.1963
605347,2966,0.51,0.44,0.05,0.39,0.0,-78.0783
605471,2967,0.5909,0.2727,0.0455,0.2273,0.0,-87.4998
605672,2968,0.5652,0.3043,0.0435,0.2609,0.0,-89.9267
605809,2969,0.5833,0.2917,0.0417,0.25,0.0,-87.3081
605907,2970,0.56,0.32,0.04,0.28,0.0,-86.9027
606113,2971,0.5385,0.3462,0.0385,0.3077,0.0,-86.7561
606274,2972,0.5185,0.3704,0.037,0.3333,0.0,-87.6321
606478,2973,0.5,0.3929,0.0357,0.3571,0.0,-88.0759
606613,2974,0.5172,0.3793,0.0345,0.3448,0.0,-85.3632
606708,2975,0.5333,0.3667,0.0333,0.3333,0.0,-82.4619
606863,2976,0.5161,0.3871,0.0323,0.3548,0.0,-82.4953
607073,2977,0.5312,0.375,0.0312,0.3438,0.0,-80.89
607184,2978,0.5455,0.3636,0.0303,0.3333,0.0,-78.594
607784,2979,0.5294,0.3529,0.0294,0.3235,0.0,-82.6297
607992,2980,0.5429,0.3429,0.0286,0.3143,0.0,-81.4485
608121,2981,0.5278,0.3611,0.0278,0.3333,0.0,-81.3322
608299,2982,0.5405,0.3514,0.027,0.3243,0.0,-79.6893
608614,2983,0.5526,0.3421,0.0263,0.3158,0.0,-79.5555
608689,2984,0.5385,0.359,0.0256,0.3333,0.0,-79.2563
608866,2985,0.525,0.375,0.025,0.35,0.0,-80.4377
609105,2986,0.5366,0.3659,0.0244,0.3415,0.0,-79.8586
609281,2987,0.5238,0.381,0.0238,0.3571,0.0,-80.3449
609478,2988,0.5116,0.3953,0.0233,0.3721,0.0,-81.6299
609919,2989,0.5,0.4091,0.0227,0.3864,0.0,-84.2076
610247,2990,0.4889,0.4222,0.0222,0.4,0.0,-86.8999
610507,2991,0.4783,0.4348,0.0217,0.413,0.0,-87.6394
610668,2992,0.4681,0.4468,0.0213,0.4255,0.0,-87.7795
610902,2993,0.4792,0.4375,0.0208,0.4167,0.0,-87.4141
611197,2994,0.4694,0.449,0.0408,0.4082,0.0,-88.1423
611357,2995,0.48,0.44,0.04,0.4,0.0,-86.6382
611957,2996,0.4706,0.4314,0.0392,0.3922,0.0,-89.4471
612178,2997,0.4808,0.4231,0.0385,0.3846,0.0,-88.2081
612373,2998,0.4906,0.4151,0.0377,0.3774,0.0,-87.1305
612469,2999,0.5,0.4074,0.037,0.3704,0.0,-85.4738
612496,3000,0.4909,0.4182,0.0364,0.3818,0.0,-84.5938
612612,3001,0.5,0.4107,0.0357,0.375,0.0,-83.1414
612900,3002,0.4912,0.4211,0.0351,0.386,0.0,-84.5325
613319,3003,0.4828,0.431,0.0517,0.3793,0.0,-86.5142
613435,3004,0.4746,0.4407,0.0508,0.3898,0.0,-86.5787
613612,3005,0.4833,0.4333,0.05,0.3833,0.0,-85.2485
613884,3006,0.4918,0.4262,0.0492,0.377,0.0,-84.7647
614089,3007,0.5,0.4194,0.0484,0.371,0.0,-83.8528
614285,3008,0.5079,0.4127,0.0476,0.3651,0.0,-83.4193
614357,3009,0.5156,0.4062,0.0469,0.3594,0.0,-81.9228
614507,3010,0.5231,0.4,0.0462,0.3538,0.0,-80.9177
614865,3011,0.5303,0.3939,0.0455,0.3485,0.0,-81.5843
615200,3012,0.5373,0.3881,0.0448,0.3433,0.0,-81.9386
615293,3013,0.5441,0.3824,0.0441,0.3382,0.0,-80.6531
615475,3014,0.5507,0.3768,0.0435,0.3333,0.0,-79.8063
615583,3015,0.5571,0.3714,0.0429,0.3286,0.0,-78.5828
615671,3016,0.5634,0.3662,0.0423,0.3239,0.0,-77.3689
615780,3017,0.5694,0.3611,0.0417,0.3194,0.0,-76.2924
615903,3018,0.5753,0.3562,0.0411,0.3151,0.0,-75.3752
616503,3019,0.5676,0.3514,0.0405,0.3108,0.0,-78.3841
616855,3020,0.5733,0.3467,0.04,0.3067,0.0,-78.8491
617124,3021,0.5789,0.3421,0.0395,0.3026,0.0,-79.0077
617252,3022,0.5844,0.3377,0.039,0.2987,0.0,-78.0248
617551,3023,0.5769,0.3462,0.0513,0.2949,0.0,-78.5285
617963,3024,0.5823,0.3418,0.0506,0.2911,0.0,-78.78
618108,3025,0.575,0.35,0.05,0.3,0.0,-79.1316
618212,3026,0.5802,0.3457,0.0494,0.2963,0.0,-78.1755
618473,3027,0.5732,0.3537,0.061,0.2927,0.0,-79.0675
618708,3028,0.5663,0.3614,0.0602,0.3012,0.0,-80.0588
618842,3029,0.5714,0.3571,0.0595,0.2976,0.0,-79.2014
619216,3030,0.5647,0.3647,0.0588,0.3059,0.0,-81.0281
619405,3031,0.5581,0.3721,0.0581,0.314,0.0,-81.3255
619500,3032,0.5632,0.3678,0.0575,0.3103,0.0,-80.3299
619595,3033,0.5682,0.3636,0.0568,0.3068,0.0,-79.3204
619813,3034,0.5618,0.3708,0.0562,0.3146,0.0,-79.5987
619941,3035,0.5667,0.3667,0.0556,0.3111,0.0,-78.7509
620251,3036,0.5714,0.3626,0.0549,0.3077,0.0,-79.1935
620505,3037,0.5761,0.3587,0.0543,0.3043,0.0,-78.8772
620601,3038,0.5806,0.3548,0.0538,0.3011,0.0,-77.9496
620688,3039,0.5851,0.3511,0.0532,0.2979,0.0,-77.1456
620881,3040,0.5789,0.3579,0.0526,0.3053,0.0,-77.2976
621166,3041,0.5729,0.3646,0.0625,0.3021,0.0,-77.8829
621178,3042,0.567,0.3711,0.0619,0.3093,0.0,-77.4435
621251,3043,0.5612,0.3776,0.0612,0.3163,0.0,-77.3453
621395,3044,0.5657,0.3737,0.0606,0.3131,0.0,-76.706
621681,3045,0.57,0.37,0.06,0.31,0.0,-76.6933
621960,3046,0.57,0.37,0.06,0.31,0.0,-77.3663
622171,3047,0.58,0.37,0.06,0.31,0.0,-75.1553
622581,3048,0.58,0.37,0.06,0.31,0.0,-76.3927
622743,3049,0.58,0.37,0.06,0.31,0.0,-76.5321
622894,3050,0.59,0.36,0.06,0.3,0.0,-76.1805
623387,3051,0.0,1.0,0.0,1.0,0.0,-161.1805
623541,3052,0.5,0.5,0.0,0.5,0.0,-90.8142
623864,3053,0.6667,0.3333,0.0,0.3333,0.0,-85.7272
624017,3054,0.75,0.25,0.0,0.25,0.0,-67.9117
624099,3055,0.8,0.2,0.0,0.2,0.0,-52.9865
624180,3056,0.6667,0.3333,0.0,0.3333,0.0,-55.7971
624464,3057,0.7143,0.2857,0.0,0.2857,0.0,-59.3055
624600,3058,0.625,0.375,0.0,0.375,0.0,-61.4466
624877,3059,0.6667,0.3333,0.0,0.3333,0.0,-65.7762
625600,3060,0.6,0.3,0.0,0.3,0.0,-82.0742
625865,3061,0.6364,0.2727,0.0,0.2727,0.0,-79.7484
625973,3062,0.5833,0.3333,0.0,0.3333,0.0,-79.731
626573,3063,0.5385,0.3077,0.0,0.3077,0.0,-92.6031
626668,3064,0.5714,0.2857,0.0,0.2857,0.0,-85.7959
626946,3065,0.5333,0.3333,0.0667,0.2667,0.0,-87.6383
627055,3066,0.5625,0.3125,0.0625,0.25,0.0,-82.3248
627247,3067,0.5882,0.2941,0.0588,0.2353,0.0,-78.3445
627577,3068,0.5556,0.3333,0.1111,0.2222,0.0,-79.9051
627711,3069,0.5263,0.3684,0.1053,0.2632,0.0,-80.5061
627849,3070,0.55,0.35,0.1,0.25,0.0,-77.4935
627979,3071,0.5238,0.381,0.0952,0.2857,0.0,-77.8463
628268,3072,0.5455,0.3636,0.0909,0.2727,0.0,-78.8435
628454,3073,0.5217,0.3913,0.087,0.3043,0.0,-80.4926
628556,3074,0.5417,0.375,0.0833,0.2917,0.0,-77.0043
628660,3075,0.52,0.4,0.08,0.32,0.0,-77.214
628851,3076,0.5,0.4231,0.0769,0.3462,0.0,-77.6971
628974,3077,0.4815,0.4444,0.0741,0.3704,0.0,-77.9448
629154,3078,0.4643,0.4643,0.0714,0.3929,0.0,-78.4985
629305,3079,0.4828,0.4483,0.069,0.3793,0.0,-76.3779
629402,3080,0.5,0.4333,0.0667,0.3667,0.0,-73.7058
629548,3081,0.4839,0.4516,0.0968,0.3548,0.0,-73.3252
629795,3082,0.4688,0.4688,0.0938,0.375,0.0,-74.5082
629904,3083,0.4848,0.4545,0.0909,0.3636,0.0,-72.2192
630504,3084,0.4706,0.4412,0.0882,0.3529,0.0,-75.864
630671,3085,0.4571,0.4571,0.0857,0.3714,0.0,-76.4583
630859,3086,0.4722,0.4444,0.0833,0.3611,0.0,-74.6191
631123,3087,0.4865,0.4324,0.0811,0.3514,0.0,-74.4051
631233,3088,0.5,0.4211,0.0789,0.3421,0.0,-72.5295
631548,3089,0.5128,0.4103,0.0769,0.3333,0.0,-72.7046
631801,3090,0.5,0.425,0.075,0.35,0.0,-74.8864
632124,3091,0.5122,0.4146,0.0732,0.3415,0.0,-74.83
632359,3092,0.5238,0.4048,0.0714,0.3333,0.0,-74.1714
632533,3093,0.5116,0.4186,0.093,0.3256,0.0,-74.4661
632892,3094,0.5,0.4318,0.0909,0.3409,0.0,-78.905
633124,3095,0.5111,0.4222,0.0889,0.3333,0.0,-78.6322
633245,3096,0.5217,0.413,0.087,0.3261,0.0,-76.935
633456,3097,0.5106,0.4255,0.0851,0.3404,0.0,-77.3192
634056,3098,0.5,0.4167,0.0833,0.3333,0.0,-82.5536
634347,3099,0.5102,0.4082,0.0816,0.3265,0.0,-82.1624
634523,3100,0.52,0.4,0.08,0.32,0.0,-80.9284
634647,3101,0.5294,0.3922,0.0784,0.3137,0.0,-79.5149
635247,3102,0.5192,0.3846,0.0769,0.3077,0.0,-83.6824
635433,3103,0.5283,0.3774,0.0755,0.3019,0.0,-82.9171
635540,3104,0.537,0.3704,0.0741,0.2963,0.0,-81.4514
635800,3105,0.5455,0.3636,0.0727,0.2909,0.0,-82.1927
635948,3106,0.5536,0.3571,0.0714,0.2857,0.0,-80.873
636056,3107,0.5614,0.3509,0.0702,0.2807,0.0,-79.672
636165,3108,0.569,0.3448,0.069,0.2759,0.0,-78.4092
636264,3109,0.5593,0.3559,0.0678,0.2881,0.0,-78.1555
636532,3110,0.5667,0.35,0.0667,0.2833,0.0,-77.43
636740,3111,0.5574,0.3607,0.0656,0.2951,0.0,-77.9524
637340,3112,0.5484,0.3548,0.0645,0.2903,0.0,-79.5283
637595,3113,0.5556,0.3492,0.0635,0.2857,0.0,-79.3319
637842,3114,0.5469,0.3594,0.0625,0.2969,0.0,-79.8417
638067,3115,0.5385,0.3692,0.0615,0.3077,0.0,-80.3678
638182,3116,0.5303,0.3788,0.0606,0.3182,0.0,-80.1404
638782,3117,0.5224,0.3731,0.0597,0.3134,0.0,-81.8874
639306,3118,0.5294,0.3676,0.0588,0.3088,0.0,-82.5723
639437,3119,0.5217,0.3768,0.058,0.3188,0.0,-82.6437
639657,3120,0.5286,0.3714,0.0571,0.3143,0.0,-82.448
639841,3121,0.5211,0.3803,0.0563,0.3239,0.0,-82.6075
640030,3122,0.5278,0.375,0.0556,0.3194,0.0,-81.6737
640213,3123,0.5205,0.3836,0.0685,0.3151,0.0,-81.5604
640341,3124,0.5135,0.3919,0.0676,0.3243,0.0,-81.4399
640784,3125,0.52,0.3867,0.0667,0.32,0.0,-82.0873
641094,3126,0.5132,0.3947,0.0658,0.3289,0.0,-83.1205
641172,3127,0.5195,0.3896,0.0649,0.3247,0.0,-81.9074
641276,3128,0.5128,0.3974,0.0641,0.3333,0.0,-81.7681
641566,3129,0.5063,0.4051,0.0633,0.3418,0.0,-82.6023
641709,3130,0.5125,0.4,0.0625,0.3375,0.0,-81.9129
642109,3131,0.5185,0.3951,0.0617,0.3333,0.0,-82.0575
642481,3132,0.5122,0.4024,0.061,0.3415,0.0,-83.4168
642585,3133,0.5181,0.3976,0.0602,0.3373,0.0,-82.3413
642665,3134,0.5238,0.3929,0.0595,0.3333,0.0,-81.2658
643265,3135,0.5176,0.3882,0.0588,0.3294,0.0,-83.0991
643379,3136,0.5233,0.3837,0.0581,0.3256,0.0,-82.2403
643628,3137,0.5287,0.3793,0.0575,0.3218,0.0,-82.2957
643877,3138,0.5341,0.375,0.0568,0.3182,0.0,-81.9895
644139,3139,0.5393,0.3708,0.0562,0.3146,0.0,-81.8776
644312,3140,0.5333,0.3778,0.0556,0.3222,0.0,-81.9277
644648,3141,0.5385,0.3736,0.0549,0.3187,0.0,-82.5658
644793,3142,0.5435,0.3696,0.0543,0.3152,0.0,-81.6832
644951,3143,0.5484,0.3656,0.0538,0.3118,0.0,-81.3506
645110,3144,0.5532,0.3617,0.0532,0.3085,0.0,-80.5839
645235,3145,0.5579,0.3579,0.0526,0.3053,0.0,-79.7634
645494,3146,0.5521,0.3646,0.0521,0.3125,0.0,-80.5361
645685,3147,0.5567,0.3608,0.0515,0.3093,0.0,-80.0047
645980,3148,0.551,0.3673,0.0612,0.3061,0.0,-80.7841
646057,3149,0.5556,0.3636,0.0606,0.303,0.0,-79.8679
646259,3150,0.56,0.36,0.06,0.3,0.0,-79.5607
646357,3151,0.57,0.35,0.06,0.29,0.0,-77.913
646957,3152,0.56,0.35,0.06,0.29,0.0,-80.0828
647094,3153,0.56,0.35,0.06,0.29,0.0,-79.5109
647540,3154,0.55,0.36,0.06,0.3,0.0,-81.2584
647809,3155,0.55,0.36,0.06,0.3,0.0,-81.9421
648409,3156,0.55,0.35,0.06,0.29,0.0,-84.7381
648545,3157,0.54,0.36,0.06,0.3,0.0,-84.8155
648869,3158,0.55,0.35,0.06,0.29,0.0,-84.7524
649046,3159,0.55,0.35,0.06,0.29,0.0,-84.2277
649330,3160,0.56,0.35,0.06,0.29,0.0,-82.4965
649570,3161,0.56,0.35,0.06,0.29,0.0,-82.4792
649793,3162,0.57,0.34,0.06,0.28,0.0,-82.1016
649969,3163,0.57,0.35,0.07,0.28,0.0,-80.4345
650181,3164,1.0,0.0,0.0,0.0,0.0,-23.1436
650282,3165,0.0,1.0,0.0,1.0,0.0,-133.5372
650781,3166,0.5,0.0,0.0,0.0,0.0,-125.2696
650882,3167,0.0,0.5,0.0,0.5,0.0,-188.3825
651241,3168,0.0,0.6667,0.0,0.6667,0.0,-180.3355
651341,3169,0.25,0.5,0.0,0.5,0.0,-137.3051
651398,3170,0.2,0.6,0.0,0.6,0.0,-122.3649
651464,3171,0.0,1.0,0.0,1.0,0.0,-240.9033
651617,3172,0.5,0.5,0.0,0.5,0.0,-129.5039
651739,3173,0.3333,0.5,0.0,0.5,0.0,-111.9827
651864,3174,0.6667,0.3333,0.0,0.3333,0.0,-101.806
652030,3175,0.75,0.25,0.0,0.25,0.0,-81.0822
652103,3176,0.8,0.2,0.0,0.2,0.0,-62.1563
652179,3177,0.6667,0.3333,0.0,0.3333,0.0,-62.9515
652339,3178,0.2857,0.4286,0.0,0.4286,0.0,-120.6403
652346,3179,0.7143,0.2857,0.0,0.2857,0.0,-57.013
652570,3180,0.75,0.25,0.0,0.25,0.0,-55.6717
652624,3181,0.25,0.5,0.0,0.5,0.0,-121.7599
652681,3182,0.6667,0.3333,0.1111,0.2222,0.0,-55.6692
652931,3183,0.7,0.3,0.1,0.2,0.0,-53.6732
653170,3184,0.7273,0.2727,0.0909,0.1818,0.0,-51.7809
653224,3185,0.2222,0.4444,0.0,0.4444,0.0,-130.3407
653347,3186,0.75,0.25,0.0833,0.1667,0.0,-50.1567
653522,3187,0.7692,0.2308,0.0769,0.1538,0.0,-49.6923
653824,3188,0.2,0.4,0.0,0.4,0.0,-142.93
654122,3189,0.7143,0.2143,0.0714,0.1429,0.0,-65.5123
654223,3190,0.1818,0.4545,0.0,0.4545,0.0,-145.6223
654607,3191,0.7333,0.2,0.0667,0.1333,0.0,-71.8622
654823,3192,0.1667,0.4167,0.0,0.4167,0.0,-151.886
654899,3193,0.6875,0.25,0.0625,0.1875,0.0,-76.4208
654990,3194,0.7059,0.2353,0.0588,0.1765,0.0,-71.7707
655085,3195,0.1538,0.4615,0.0769,0.3846,0.0,-148.7888
655267,3196,0.7222,0.2222,0.0556,0.1667,0.0,-70.2796
655370,3197,0.7368,0.2105,0.0526,0.1579,0.0,-66.5665
655558,3198,0.1429,0.5,0.0714,0.4286,0.0,-152.464
655576,3199,0.75,0.2,0.05,0.15,0.0,-64.7588
655813,3200,0.1333,0.5333,0.0667,0.4667,0.0,-151.9559
655869,3201,0.7143,0.2381,0.0952,0.1429,0.0,-66.4149
656005,3202,0.6818,0.2727,0.0909,0.1818,0.0,-67.2716
656155,3203,0.6957,0.2609,0.087,0.1739,0.0,-64.8863
656334,3204,0.6667,0.2917,0.0833,0.2083,0.0,-66.5635
656413,3205,0.125,0.5,0.0625,0.4375,0.0,-153.5379
656699,3206,0.68,0.28,0.08,0.2,0.0,-69.2937
656908,3207,0.6538,0.3077,0.0769,0.2308,0.0,-72.1814
657013,3208,0.1176,0.4706,0.0588,0.4118,0.0,-155.2145
657018,3209,0.6667,0.2963,0.0741,0.2222,0.0,-69.7532
657101,3210,0.6429,0.3214,0.0714,0.25,0.0,-69.8417
657186,3211,0.1667,0.4444,0.0556,0.3889,0.0,-148.7734
657305,3212,0.6207,0.3448,0.069,0.2759,0.0,-70.4968
657430,3213,0.6,0.3667,0.0667,0.3,0.0,-71.2474
657451,3214,0.1579,0.4737,0.0526,0.4211,0.0,-148.4396
657741,3215,0.6129,0.3548,0.0645,0.2903,0.0,-72.2645
657901,3216,0.625,0.3438,0.0625,0.2812,0.0,-70.808
657994,3217,0.6364,0.3333,0.0606,0.2727,0.0,-68.5675
658051,3218,0.15,0.45,0.05,0.4,0.0,-149.9711
658124,3219,0.1429,0.4762,0.0476,0.4286,0.0,-145.9394
658154,3220,0.6176,0.3529,0.0882,0.2647,0.0,-69.1815
658266,3221,0.1818,0.4545,0.0455,0.4091,0.0,-139.9386
658390,3222,0.6286,0.3429,0.0857,0.2571,0.0,-68.3168
658459,3223,0.1739,0.4783,0.0435,0.4348,0.0,-139.0326
658491,3224,0.6389,0.3333,0.0833,0.25,0.0,-66.1625
658628,3225,0.1667,0.5,0.0417,0.4583,0.0,-138.0649
659091,3226,0.6216,0.3243,0.0811,0.2432,0.0,-69.9327
659610,3227,0.6316,0.3158,0.0789,0.2368,0.0,-72.4919
659744,3228,0.6154,0.3333,0.1026,0.2308,0.0,-72.1915
659927,3229,0.625,0.325,0.1,0.225,0.0,-71.0618
660035,3230,0.6341,0.3171,0.0976,0.2195,0.0,-69.3049
660279,3231,0.619,0.3333,0.119,0.2143,0.0,-70.1803
660376,3232,0.6047,0.3488,0.1163,0.2326,0.0,-70.5584
660602,3233,0.5909,0.3636,0.1364,0.2273,0.0,-71.2811
660844,3234,0.6,0.3556,0.1333,0.2222,0.0,-70.7747
661083,3235,0.6087,0.3478,0.1304,0.2174,0.0,-69.86
661308,3236,0.617,0.3404,0.1277,0.2128,0.0,-70.4683
661549,3237,0.625,0.3333,0.125,0.2083,0.0,-70.1609
661670,3238,0.6327,0.3265,0.1224,0.2041,0.0,-68.7309
661929,3239,0.62,0.34,0.12,0.22,0.0,-70.1623
662285,3240,0.6275,0.3333,0.1176,0.2157,0.0,-70.3538
662636,3241,0.6346,0.3269,0.1154,0.2115,0.0,-70.8011
662900,3242,0.6415,0.3208,0.1132,0.2075,0.0,-71.0306
663039,3243,0.6481,0.3148,0.1111,0.2037,0.0,-69.9153
663394,3244,0.6364,0.3273,0.1091,0.2182,0.0,-72.26
663576,3245,0.6429,0.3214,0.1071,0.2143,0.0,-71.3731
663687,3246,0.6491,0.3158,0.1053,0.2105,0.0,-70.1825
663904,3247,0.6552,0.3103,0.1034,0.2069,0.0,-70.4561
664076,3248,0.661,0.3051,0.1017,0.2034,0.0,-69.7317
664183,3249,0.6667,0.3,0.1,0.2,0.0,-68.525
664289,3250,0.6721,0.2951,0.0984,0.1967,0.0,-67.486
664424,3251,0.6774,0.2903,0.0968,0.1935,0.0,-66.4214
664691,3252,0.6825,0.2857,0.0952,0.1905,0.0,-65.9666
664957,3253,0.6719,0.2969,0.0938,0.2031,0.0,-67.0355
665557,3254,0.6615,0.2923,0.0923,0.2,0.0,-68.9869
665759,3255,0.6667,0.2879,0.0909,0.197,0.0,-68.2633
665999,3256,0.6567,0.2985,0.1045,0.194,0.0,-68.7071
666264,3257,0.6618,0.2941,0.1029,0.1912,0.0,-68.5717
666393,3258,0.6667,0.2899,0.1014,0.1884,0.0,-67.6395
666973,3259,0.6714,0.2857,0.1,0.1857,0.0,-68.956
667527,3260,0.6761,0.2817,0.0986,0.1831,0.0,-70.1379
667662,3261,0.6667,0.2917,0.0972,0.1944,0.0,-70.1346
667981,3262,0.6712,0.2877,0.0959,0.1918,0.0,-70.1576
668091,3263,0.6622,0.2973,0.0946,0.2027,0.0,-70.3407
668414,3264,0.6667,0.2933,0.0933,0.2,0.0,-71.5187
668685,3265,0.6579,0.3026,0.0921,0.2105,0.0,-72.1739
668884,3266,0.6623,0.2987,0.0909,0.2078,0.0,-71.6501
669045,3267,0.6538,0.3077,0.1026,0.2051,0.0,-71.5727
669167,3268,0.6582,0.3038,0.1013,0.2025,0.0,-70.7054
669504,3269,0.6625,0.3,0.1,0.2,0.0,-70.9427
669770,3270,0.6543,0.3086,0.0988,0.2099,0.0,-71.6349
669852,3271,0.6585,0.3049,0.0976,0.2073,0.0,-70.699
670007,3272,0.6627,0.3012,0.0964,0.2048,0.0,-69.8743
670397,3273,0.6667,0.2976,0.0952,0.2024,0.0,-70.5541
670547,3274,0.6706,0.2941,0.0941,0.2,0.0,-70.2198
670965,3275,0.6744,0.2907,0.093,0.1977,0.0,-70.5276
671215,3276,0.6782,0.2874,0.092,0.1954,0.0,-70.26
671317,3277,0.6818,0.2841,0.0909,0.1932,0.0,-69.3732
671398,3278,0.6854,0.2809,0.0899,0.191,0.0,-68.5158
671699,3279,0.6889,0.2778,0.0889,0.1889,0.0,-68.5513
671794,3280,0.6923,0.2747,0.0879,0.1868,0.0,-67.7917
671945,3281,0.6957,0.2717,0.087,0.1848,0.0,-67.2715
672191,3282,0.6989,0.2688,0.086,0.1828,0.0,-67.1335
672427,3283,0.7021,0.266,0.0851,0.1809,0.0,-67.0065
672601,3284,0.6947,0.2737,0.0842,0.1895,0.0,-67.2733
672856,3285,0.6979,0.2708,0.0833,0.1875,0.0,-67.3841
673000,3286,0.701,0.268,0.0825,0.1856,0.0,-66.6815
673124,3287,0.6939,0.2755,0.0918,0.1837,0.0,-66.5504
673283,3288,0.697,0.2727,0.0909,0.1818,0.0,-66.0073
673572,3289,0.7,0.27,0.09,0.18,0.0,-66.5087
673897,3290,0.71,0.26,0.09,0.17,0.0,-64.5681
674497,3291,0.7,0.26,0.09,0.17,0.0,-66.2213
674646,3292,0.7,0.26,0.09,0.17,0.0,-65.832
674796,3293,0.7,0.26,0.09,0.17,0.0,-65.6693
675248,3294,0.7,0.26,0.09,0.17,0.0,-65.981
675328,3295,0.71,0.25,0.09,0.16,0.0,-65.2096
675562,3296,0.71,0.25,0.09,0.16,0.0,-65.6006
675658,3297,0.71,0.25,0.09,0.16,0.0,-65.0763
675828,3298,0.72,0.24,0.08,0.16,0.0,-64.6589
675911,3299,0.72,0.24,0.08,0.16,0.0,-64.2608
676126,3300,0.71,0.25,0.09,0.16,0.0,-64.8608
676313,3301,0.7,0.26,0.09,0.17,0.0,-65.8898
676404,3302,0.69,0.27,0.09,0.18,0.0,-66.2092
676537,3303,0.7,0.27,0.09,0.18,0.0,-63.5014
676875,3304,0.7,0.27,0.09,0.18,0.0,-62.6383
677311,3305,0.7,0.27,0.09,0.18,0.0,-63.6878
677662,3306,0.7,0.27,0.09,0.18,0.0,-64.7472
677840,3307,0.7,0.27,0.09,0.18,0.0,-64.4684
678116,3308,0.7,0.27,0.09,0.18,0.0,-64.9207
678413,3309,0.7,0.27,0.09,0.18,0.0,-65.2448
678663,3310,0.71,0.26,0.08,0.18,0.0,-64.8179
678823,3311,0.71,0.26,0.09,0.17,0.0,-64.5405
679423,3312,0.7,0.26,0.09,0.17,0.0,-66.1956
679645,3313,0.71,0.25,0.09,0.16,0.0,-65.7524
679820,3314,0.71,0.25,0.09,0.16,0.0,-64.6317
680364,3315,0.71,0.25,0.09,0.16,0.0,-66.6859
680514,3316,0.71,0.25,0.09,0.16,0.0,-66.7764
680985,3317,0.72,0.24,0.09,0.15,0.0,-67.4498
681392,3318,0.73,0.23,0.09,0.14,0.0,-67.9099
681591,3319,0.74,0.22,0.09,0.13,0.0,-67.2715
682136,3320,0.73,0.23,0.1,0.13,0.0,-69.0531
682346,3321,0.72,0.24,0.11,0.13,0.0,-69.75
682465,3322,0.71,0.25,0.11,0.14,0.0,-70.648
682679,3323,0.71,0.25,0.11,0.14,0.0,-70.6869
682813,3324,0.71,0.25,0.11,0.14,0.0,-70.3168
683169,3325,0.71,0.25,0.11,0.14,0.0,-71.3562
683443,3326,0.72,0.25,0.11,0.14,0.0,-69.8382
683745,3327,0.71,0.26,0.11,0.15,0.0,-69.2904
684039,3328,0.71,0.26,0.1,0.16,0.0,-70.2393
684113,3329,0.71,0.26,0.1,0.16,0.0,-69.8726
684344,3330,0.7,0.27,0.1,0.17,0.0,-71.0345
684398,3331,0.7,0.27,0.09,0.18,0.0,-70.4502
684793,3332,0.71,0.26,0.09,0.17,0.0,-70.5569
685084,3333,0.71,0.26,0.09,0.17,0.0,-70.8427
685387,3334,0.71,0.26,0.09,0.17,0.0,-71.0355
685468,3335,0.7,0.27,0.09,0.18,0.0,-71.4007
685474,3336,0.69,0.28,0.1,0.18,0.0,-70.725
685595,3337,0.68,0.29,0.1,0.19,0.0,-71.059
685674,3338,0.67,0.3,0.1,0.2,0.0,-71.744
685861,3339,0.68,0.29,0.1,0.19,0.0,-70.63
686008,3340,0.68,0.29,0.1,0.19,0.0,-70.1427
686131,3341,0.68,0.29,0.1,0.19,0.0,-69.1455
686286,3342,0.68,0.29,0.1,0.19,0.0,-68.3791
686477,3343,0.67,0.3,0.1,0.2,0.0,-69.1233
686666,3344,0.67,0.3,0.1,0.2,0.0,-68.1611
686778,3345,0.67,0.3,0.1,0.2,0.0,-67.997
686858,3346,0.66,0.31,0.11,0.2,0.0,-68.4474
686999,3347,0.65,0.32,0.11,0.21,0.0,-68.4614
687248,3348,0.65,0.32,0.11,0.21,0.0,-68.5923
687679,3349,0.65,0.32,0.11,0.21,0.0,-69.8297
687984,3350,0.64,0.33,0.11,0.22,0.0,-71.3379
688300,3351,0.63,0.34,0.11,0.23,0.0,-72.9358
688492,3352,0.62,0.35,0.12,0.23,0.0,-73.4719
688667,3353,0.63,0.34,0.12,0.22,0.0,-72.3274
688834,3354,0.64,0.34,0.12,0.22,0.0,-70.5907
689046,3355,0.64,0.34,0.12,0.22,0.0,-70.7191
689259,3356,0.65,0.33,0.11,0.22,0.0,-70.0361
689401,3357,0.65,0.33,0.11,0.22,0.0,-69.4691
689505,3358,0.64,0.34,0.11,0.23,0.0,-70.1559
689621,3359,0.64,0.34,0.11,0.23,0.0,-68.5323
689780,3360,0.63,0.35,0.12,0.23,0.0,-68.054
690042,3361,0.64,0.34,0.12,0.22,0.0,-67.7364
690152,3362,0.64,0.34,0.12,0.22,0.0,-67.0191
690727,3363,0.64,0.34,0.12,0.22,0.0,-68.8899
690951,3364,0.63,0.35,0.13,0.22,0.0,-68.2985
691072,3365,0.64,0.34,0.13,0.21,0.0,-67.1209
691150,3366,0.64,0.34,0.13,0.21,0.0,-66.6967
691400,3367,0.65,0.33,0.12,0.21,0.0,-66.5936
691658,3368,0.65,0.33,0.12,0.21,0.0,-66.984
691858,3369,0.65,0.33,0.12,0.21,0.0,-66.3697
691965,3370,0.65,0.33,0.12,0.21,0.0,-65.8506
692211,3371,0.65,0.33,0.12,0.21,0.0,-66.5101
692401,3372,0.65,0.33,0.12,0.21,0.0,-66.6653
692469,3373,0.65,0.33,0.12,0.21,0.0,-65.3051
692750,3374,0.64,0.34,0.12,0.22,0.0,-66.2935
692948,3375,0.63,0.35,0.12,0.23,0.0,-66.3902
693186,3376,0.62,0.36,0.12,0.24,0.0,-67.3353
693360,3377,0.62,0.36,0.12,0.24,0.0,-67.723
693527,3378,0.61,0.37,0.13,0.24,0.0,-68.5596
693678,3379,0.6,0.38,0.13,0.25,0.0,-68.7477
693802,3380,0.59,0.39,0.13,0.26,0.0,-69.6332
693935,3381,0.58,0.4,0.13,0.27,0.0,-70.4066
694535,3382,0.57,0.4,0.13,0.27,0.0,-71.8554
695113,3383,0.56,0.41,0.14,0.27,0.0,-73.7591
695442,3384,0.56,0.41,0.14,0.27,0.0,-75.0518
695677,3385,0.56,0.41,0.14,0.27,0.0,-74.4639
696143,3386,0.56,0.41,0.14,0.27,0.0,-75.2547
696272,3387,0.57,0.4,0.13,0.27,0.0,-74.7723
696464,3388,0.56,0.41,0.13,0.28,0.0,-75.6939
696646,3389,0.55,0.42,0.14,0.28,0.0,-75.3404
696962,3390,0.55,0.42,0.14,0.28,0.0,-75.4063
697103,3391,0.56,0.42,0.14,0.28,0.0,-73.6597
697439,3392,0.56,0.42,0.14,0.28,0.0,-74.3856
697679,3393,0.56,0.42,0.14,0.28,0.0,-74.6797
697893,3394,0.56,0.42,0.14,0.28,0.0,-74.8569
698125,3395,0.56,0.42,0.14,0.28,0.0,-75.4591
698270,3396,0.55,0.43,0.14,0.29,0.0,-75.5688
698497,3397,0.55,0.43,0.14,0.29,0.0,-75.9015
698637,3398,0.55,0.43,0.14,0.29,0.0,-75.8491
698753,3399,0.54,0.44,0.14,0.3,0.0,-76.781
698930,3400,0.55,0.43,0.13,0.3,0.0,-76.2082
699064,3401,0.55,0.43,0.14,0.29,0.0,-75.4284
699247,3402,0.56,0.42,0.14,0.28,0.0,-74.907
699847,3403,0.55,0.42,0.14,0.28,0.0,-77.1476
700158,3404,0.55,0.42,0.14,0.28,0.0,-76.666
700216,3405,1.0,0.0,0.0,0.0,0.0,-34.3576
700424,3406,0.55,0.42,0.14,0.28,0.0,-75.2957
700484,3407,1.0,0.0,0.0,0.0,0.0,-44.8189
700665,3408,1.0,0.0,0.0,0.0,0.0,-37.4963
700746,3409,1.0,0.0,0.0,0.0,0.0,-27.0675
700781,3410,0.54,0.43,0.14,0.29,0.0,-75.8998
700813,3411,0.8,0.2,0.0,0.2,0.0,-33.4023
701005,3412,0.8333,0.1667,0.0,0.1667,0.0,-31.849
701093,3413,0.53,0.44,0.15,0.29,0.0,-77.1264
701338,3414,0.53,0.44,0.15,0.29,0.0,-77.2472
701339,3415,0.8571,0.1429,0.0,0.1429,0.0,-40.6882
701471,3416,0.75,0.25,0.125,0.125,0.0,-46.3398
701552,3417,0.53,0.44,0.15,0.29,0.0,-76.9539
701718,3418,0.7778,0.2222,0.1111,0.1111,0.0,-45.812
702002,3419,0.53,0.44,0.15,0.29,0.0,-77.5722
702027,3420,0.8,0.2,0.1,0.1,0.0,-46.173
702170,3421,0.54,0.43,0.14,0.29,0.0,-77.1879
702264,3422,0.8182,0.1818,0.0909,0.0909,0.0,-47.6939
702381,3423,0.54,0.44,0.15,0.29,0.0,-76.3348
702405,3424,0.8333,0.1667,0.0833,0.0833,0.0,-46.0939
702608,3425,0.7692,0.2308,0.0769,0.1538,0.0,-52.4998
702751,3426,0.54,0.44,0.15,0.29,0.0,-76.6036
703059,3427,0.54,0.44,0.15,0.29,0.0,-77.4924
703073,3428,0.7857,0.2143,0.0714,0.1429,0.0,-59.1646
703218,3429,0.55,0.43,0.15,0.28,0.0,-74.067
703278,3430,0.8,0.2,0.0667,0.1333,0.0,-57.214
703382,3431,0.55,0.43,0.15,0.28,0.0,-73.9684
703390,3432,0.8125,0.1875,0.0625,0.125,0.0,-53.5705
703617,3433,0.55,0.43,0.15,0.28,0.0,-72.9048
703699,3434,0.8235,0.1765,0.0588,0.1176,0.0,-53.4852
703812,3435,0.8333,0.1667,0.0556,0.1111,0.0,-50.5968
703897,3436,0.55,0.43,0.15,0.28,0.0,-71.9983
704035,3437,0.8421,0.1579,0.0526,0.1053,0.0,-49.4986
704201,3438,0.55,0.43,0.15,0.28,0.0,-72.4419
704262,3439,0.56,0.42,0.14,0.28,0.0,-69.4899
704376,3440,0.8,0.2,0.05,0.15,0.0,-52.5254
704378,3441,0.56,0.42,0.14,0.28,0.0,-69.1197
704601,3442,0.56,0.42,0.14,0.28,0.0,-69.3387
704803,3443,0.8095,0.1905,0.0476,0.1429,0.0,-54.8074
704879,3444,0.56,0.42,0.13,0.29,0.0,-69.6651
704901,3445,0.8182,0.1818,0.0455,0.1364,0.0,-52.044
705030,3446,0.8261,0.1739,0.0435,0.1304,0.0,-50.0208
705160,3447,0.8333,0.1667,0.0417,0.125,0.0,-48.0192
705234,3448,0.56,0.42,0.13,0.29,0.0,-70.5181
705277,3449,0.8,0.2,0.04,0.16,0.0,-49.2344
705309,3450,0.56,0.42,0.13,0.29,0.0,-69.4875
705534,3451,0.56,0.42,0.13,0.29,0.0,-69.2927
705547,3452,0.8077,0.1923,0.0385,0.1538,0.0,-50.3356
705678,3453,0.56,0.42,0.13,0.29,0.0,-69.1345
705829,3454,0.57,0.41,0.13,0.28,0.0,-67.7572
705896,3455,0.56,0.42,0.13,0.29,0.0,-68.4695
706067,3456,0.56,0.42,0.13,0.29,0.0,-68.3195
706137,3457,0.8148,0.1852,0.037,0.1481,0.0,-55.2738
706257,3458,0.8214,0.1786,0.0357,0.1429,0.0,-53.4604
706357,3459,0.7931,0.2069,0.0345,0.1724,0.0,-54.5054
706393,3460,0.57,0.41,0.13,0.28,0.0,-68.268
706575,3461,0.56,0.42,0.13,0.29,0.0,-68.1296
706678,3462,0.57,0.41,0.12,0.29,0.0,-66.8601
706821,3463,0.8,0.2,0.0333,0.1667,0.0,-59.6351
706896,3464,0.57,0.41,0.12,0.29,0.0,-66.5274
707130,3465,0.8065,0.1935,0.0323,0.1613,0.0,-60.4307
707277,3466,0.57,0.41,0.12,0.29,0.0,-67.5709
707290,3467,0.7812,0.2188,0.0312,0.1875,0.0,-61.3699
707475,3468,0.7879,0.2121,0.0303,0.1818,0.0,-60.3643
707553,3469,0.58,0.4,0.11,0.29,0.0,-68.2979
707562,3470,0.7941,0.2059,0.0294,0.1765,0.0,-58.4174
707653,3471,0.58,0.4,0.11,0.29,0.0,-68.2532
707703,3472,0.7714,0.2286,0.0571,0.1714,0.0,-58.6769
707718,3473,0.58,0.4,0.11,0.29,0.0,-68.1853
707921,3474,0.57,0.41,0.12,0.29,0.0,-68.5944
707979,3475,0.75,0.25,0.0556,0.1944,0.0,-60.2475
708082,3476,0.7568,0.2432,0.0541,0.1892,0.0,-58.4461
708196,3477,0.57,0.41,0.12,0.29,0.0,-68.8057
708447,3478,0.57,0.41,0.12,0.29,0.0,-69.2891
708682,3479,0.7368,0.2368,0.0526,0.1842,0.0,-62.0966
708957,3480,0.7179,0.2564,0.0513,0.2051,0.0,-64.6504
709047,3481,0.56,0.41,0.12,0.29,0.0,-71.7
709145,3482,0.725,0.25,0.05,0.2,0.0,-63.3283
709358,3483,0.7317,0.2439,0.0488,0.1951,0.0,-62.6051
709471,3484,0.7381,0.2381,0.0476,0.1905,0.0,-61.2561
709647,3485,0.56,0.4,0.12,0.28,0.0,-73.4536
709788,3486,0.7442,0.2326,0.0465,0.186,0.0,-61.6801
709795,3487,0.57,0.39,0.12,0.27,0.0,-72.5401
709903,3488,0.56,0.4,0.12,0.28,0.0,-73.3049
710058,3489,0.57,0.39,0.11,0.28,0.0,-72.9947
710077,3490,0.75,0.2273,0.0455,0.1818,0.0,-63.0216
710245,3491,0.57,0.39,0.11,0.28,0.0,-73.3784
710410,3492,0.7556,0.2222,0.0444,0.1778,0.0,-63.4579
710463,3493,0.57,0.39,0.11,0.28,0.0,-73.3608
710619,3494,0.56,0.4,0.11,0.29,0.0,-73.1052
710713,3495,0.7609,0.2174,0.0435,0.1739,0.0,-63.4323
710749,3496,0.57,0.39,0.11,0.28,0.0,-71.6865
710987,3497,0.766,0.2128,0.0426,0.1702,0.0,-63.7273
711017,3498,0.58,0.38,0.11,0.27,0.0,-70.6648
711074,3499,0.58,0.38,0.1,0.28,0.0,-70.1794
711091,3500,0.75,0.2292,0.0417,0.1875,0.0,-63.8323
711316,3501,0.7551,0.2245,0.0408,0.1837,0.0,-63.4998
711323,3502,0.58,0.38,0.1,0.28,0.0,-70.5397
711420,3503,0.58,0.38,0.1,0.28,0.0,-70.2668
711432,3504,0.76,0.22,0.04,0.18,0.0,-62.2939
711617,3505,0.7451,0.2353,0.0392,0.1961,0.0,-62.9719
711641,3506,0.57,0.39,0.1,0.29,0.0,-71.2666
711702,3507,0.56,0.4,0.1,0.3,0.0,-71.6316
711861,3508,0.75,0.2308,0.0385,0.1923,0.0,-62.533
711984,3509,0.56,0.4,0.1,0.3,0.0,-72.0213
712059,3510,0.7358,0.2453,0.0377,0.2075,0.0,-63.2378
712142,3511,0.56,0.4,0.1,0.3,0.0,-72.0484
712268,3512,0.7222,0.2593,0.037,0.2222,0.0,-64.1466
712366,3513,0.56,0.4,0.1,0.3,0.0,-72.4372
712399,3514,0.7273,0.2545,0.0364,0.2182,0.0,-63.1138
712687,3515,0.7143,0.2679,0.0357,0.2321,0.0,-64.8668
712803,3516,0.57,0.39,0.09,0.3,0.0,-72.7247
712844,3517,0.7193,0.2632,0.0351,0.2281,0.0,-63.9944
712925,3518,0.57,0.39,0.09,0.3,0.0,-72.3773
712998,3519,0.7241,0.2586,0.0345,0.2241,0.0,-63.4225
713076,3520,0.7119,0.2712,0.0339,0.2373,0.0,-63.4856
713156,3521,0.57,0.39,0.09,0.3,0.0,-72.7585
713247,3522,0.57,0.39,0.09,0.3,0.0,-70.7908
713355,3523,0.7213,0.2623,0.0328,0.2295,0.0,-61.8074
713472,3524,0.7258,0.2581,0.0323,0.2258,0.0,-60.8846
713523,3525,0.57,0.39,0.09,0.3,0.0,-71.0113
713565,3526,0.7143,0.2698,0.0317,0.2381,0.0,-60.6718
713617,3527,0.56,0.4,0.1,0.3,0.0,-71.6012
713758,3528,0.56,0.4,0.1,0.3,0.0,-71.7004
713781,3529,0.7031,0.2812,0.0469,0.2344,0.0,-60.9407
713998,3530,0.6923,0.2923,0.0462,0.2462,0.0,-61.7399
714078,3531,0.56,0.4,0.1,0.3,0.0,-71.7795
714244,3532,0.55,0.41,0.11,0.3,0.0,-72.0507
714323,3533,0.54,0.42,0.11,0.31,0.0,-72.456
714537,3534,0.6818,0.303,0.0455,0.2576,0.0,-63.8329
714763,3535,0.6866,0.2985,0.0448,0.2537,0.0,-63.4441
714892,3536,0.54,0.42,0.11,0.31,0.0,-74.4523
715018,3537,0.6765,0.3088,0.0588,0.25,0.0,-64.3183
715145,3538,0.54,0.42,0.11,0.31,0.0,-74.3656
715249,3539,0.6667,0.3188,0.0725,0.2464,0.0,-65.1292
715282,3540,0.54,0.42,0.11,0.31,0.0,-74.2306
715337,3541,0.53,0.43,0.11,0.32,0.0,-74.9023
715432,3542,0.6714,0.3143,0.0714,0.2429,0.0,-64.463
715436,3543,0.53,0.43,0.11,0.32,0.0,-74.1745
715543,3544,0.53,0.43,0.11,0.32,0.0,-73.9585
715589,3545,0.6761,0.3099,0.0704,0.2394,0.0,-63.7567
715687,3546,0.6667,0.3194,0.0694,0.25,0.0,-63.7242
715772,3547,0.54,0.42,0.11,0.31,0.0,-72.8763
715855,3548,0.53,0.43,0.11,0.32,0.0,-73.2951
715936,3549,0.6712,0.3151,0.0685,0.2466,0.0,-64.0114
716100,3550,0.6622,0.3243,0.0676,0.2568,0.0,-64.2962
716111,3551,0.54,0.42,0.1,0.32,0.0,-73.074
716181,3552,0.54,0.42,0.1,0.32,0.0,-72.7545
716275,3553,0.6667,0.32,0.0667,0.2533,0.0,-63.6498
716304,3554,0.55,0.41,0.1,0.31,0.0,-71.9047
716467,3555,0.6579,0.3289,0.0789,0.25,0.0,-63.8422
716547,3556,0.55,0.41,0.11,0.3,0.0,-71.8766
716585,3557,0.6494,0.3377,0.0779,0.2597,0.0,-63.8789
716703,3558,0.56,0.41,0.11,0.3,0.0,-69.9292
716769,3559,0.641,0.3462,0.0769,0.2692,0.0,-64.2407
716803,3560,0.56,0.41,0.1,0.31,0.0,-68.2382
716909,3561,0.56,0.41,0.1,0.31,0.0,-66.8252
716993,3562,0.55,0.42,0.1,0.32,0.0,-67.3769
717116,3563,0.6329,0.3544,0.0759,0.2785,0.0,-65.4446
717196,3564,0.6375,0.35,0.075,0.275,0.0,-64.5107
717302,3565,0.6296,0.358,0.0741,0.284,0.0,-64.5113
717542,3566,0.622,0.3659,0.0854,0.2805,0.0,-65.0785
717593,3567,0.54,0.42,0.1,0.32,0.0,-68.3764
717638,3568,0.6145,0.3735,0.0843,0.2892,0.0,-65.199
717813,3569,0.619,0.369,0.0833,0.2857,0.0,-64.4986
718027,3570,0.6118,0.3765,0.0941,0.2824,0.0,-64.9221
718287,3571,0.6163,0.3721,0.093,0.2791,0.0,-64.6914
718391,3572,0.6207,0.3678,0.092,0.2759,0.0,-63.9163
718468,3573,0.625,0.3636,0.0909,0.2727,0.0,-63.0747
718748,3574,0.6292,0.3596,0.0899,0.2697,0.0,-63.4223
719101,3575,0.6222,0.3667,0.0889,0.2778,0.0,-65.0447
719161,3576,0.6264,0.3626,0.0879,0.2747,0.0,-64.177
719411,3577,0.6196,0.3696,0.087,0.2826,0.0,-64.5452
719562,3578,0.6237,0.3656,0.086,0.2796,0.0,-64.151
719605,3579,0.617,0.3723,0.0851,0.2872,0.0,-63.9152
719727,3580,0.6105,0.3789,0.0842,0.2947,0.0,-63.9444
719976,3581,0.6042,0.3854,0.0833,0.3021,0.0,-64.4645
720103,3582,0.6082,0.3814,0.0825,0.299,0.0,-63.7804
720367,3583,0.602,0.3878,0.0918,0.2959,0.0,-64.14
720753,3584,0.596,0.3939,0.0909,0.303,0.0,-65.8672
720902,3585,0.6,0.39,0.09,0.3,0.0,-65.3252
721107,3586,0.6,0.39,0.09,0.3,0.0,-65.3314
721270,3587,0.6,0.39,0.09,0.3,0.0,-64.8832
721417,3588,0.6,0.39,0.09,0.3,0.0,-64.827
721659,3589,0.6,0.39,0.09,0.3,0.0,-65.239
721863,3590,0.61,0.38,0.09,0.29,0.0,-64.9048
722078,3591,0.6,0.39,0.09,0.3,0.0,-65.6368
722340,3592,0.6,0.39,0.09,0.3,0.0,-65.0832
722469,3593,0.61,0.38,0.08,0.3,0.0,-64.3634
722928,3594,0.6,0.39,0.08,0.31,0.0,-66.8302
722998,3595,0.6,0.39,0.08,0.31,0.0,-66.1968
723428,3596,0.6,0.39,0.08,0.31,0.0,-66.4721
723628,3597,0.6,0.39,0.08,0.31,0.0,-66.3434
723735,3598,0.6,0.39,0.08,0.31,0.0,-65.5285
723813,3599,0.6,0.39,0.08,0.31,0.0,-63.9626
723972,3600,0.6,0.39,0.08,0.31,0.0,-63.8636
724072,3601,0.6,0.39,0.08,0.31,0.0,-63.8581
724276,3602,0.59,0.4,0.08,0.32,0.0,-64.276
724876,3603,0.58,0.4,0.08,0.32,0.0,-66.3284
724934,3604,0.57,0.41,0.08,0.33,0.0,-66.5671
725331,3605,0.58,0.4,0.08,0.32,0.0,-66.1493
725413,3606,0.57,0.41,0.08,0.33,0.0,-65.7886
725696,3607,0.57,0.41,0.08,0.33,0.0,-66.3802
725845,3608,0.57,0.41,0.08,0.33,0.0,-66.3476
726124,3609,0.57,0.41,0.08,0.33,0.0,-66.9486
726348,3610,0.58,0.4,0.08,0.32,0.0,-66.6686
726583,3611,0.58,0.4,0.08,0.32,0.0,-66.2935
726758,3612,0.57,0.41,0.09,0.32,0.0,-65.2557
726917,3613,0.56,0.42,0.09,0.33,0.0,-65.9617
727183,3614,0.57,0.41,0.09,0.32,0.0,-66.107
727291,3615,0.57,0.41,0.09,0.32,0.0,-64.0565
727812,3616,0.56,0.42,0.09,0.33,0.0,-66.1718
728412,3617,0.56,0.41,0.09,0.32,0.0,-69.0952
728623,3618,0.56,0.41,0.09,0.32,0.0,-69.1318
728782,3619,0.56,0.41,0.09,0.32,0.0,-69.2737
729044,3620,0.57,0.4,0.08,0.32,0.0,-69.6539
729211,3621,0.57,0.4,0.08,0.32,0.0,-69.3908
729278,3622,0.57,0.4,0.08,0.32,0.0,-69.3089
729527,3623,0.58,0.4,0.08,0.32,0.0,-68.0756
729646,3624,0.58,0.4,0.08,0.32,0.0,-67.0421
730246,3625,0.57,0.4,0.08,0.32,0.0,-69.2013
730297,3626,0.56,0.41,0.08,0.33,0.0,-69.2669
730501,3627,0.55,0.42,0.08,0.34,0.0,-70.2262
730779,3628,0.54,0.43,0.08,0.35,0.0,-70.4946
731199,3629,0.54,0.43,0.08,0.35,0.0,-70.4531
731434,3630,0.53,0.44,0.09,0.35,0.0,-70.5429
731741,3631,0.53,0.44,0.09,0.35,0.0,-70.9841
731798,3632,0.52,0.45,0.09,0.36,0.0,-70.7017
731840,3633,0.52,0.45,0.09,0.36,0.0,-70.5297
732309,3634,0.51,0.46,0.09,0.37,0.0,-72.883
732391,3635,0.5,0.47,0.09,0.38,0.0,-73.4959
732613,3636,0.5,0.47,0.1,0.37,0.0,-73.7751
732716,3637,0.5,0.47,0.1,0.37,0.0,-73.3518
732869,3638,0.51,0.46,0.1,0.36,0.0,-72.5403
733000,3639,0.52,0.45,0.1,0.35,0.0,-71.4283
733124,3640,0.52,0.45,0.1,0.35,0.0,-71.4792
733463,3641,0.53,0.44,0.1,0.34,0.0,-71.2093
733831,3642,0.52,0.45,0.1,0.35,0.0,-72.4949
733888,3643,0.51,0.46,0.1,0.36,0.0,-72.7838
734046,3644,0.51,0.46,0.1,0.36,0.0,-73.0301
734183,3645,0.5,0.47,0.11,0.36,0.0,-73.9278
734783,3646,0.49,0.47,0.11,0.36,0.0,-76.6887
734970,3647,0.49,0.47,0.11,0.36,0.0,-76.9891
735351,3648,0.5,0.46,0.11,0.35,0.0,-77.5267
735570,3649,0.51,0.45,0.1,0.35,0.0,-77.1419
735795,3650,0.52,0.44,0.1,0.34,0.0,-76.2954
735931,3651,0.53,0.43,0.1,0.33,0.0,-74.3166
736033,3652,0.52,0.44,0.1,0.34,0.0,-74.6571
736260,3653,0.53,0.43,0.09,0.34,0.0,-73.8296
736484,3654,0.53,0.43,0.08,0.35,0.0,-73.7622
736855,3655,0.53,0.43,0.08,0.35,0.0,-74.935
737132,3656,0.53,0.43,0.08,0.35,0.0,-75.1538
737419,3657,0.53,0.43,0.08,0.35,0.0,-75.8208
737583,3658,0.53,0.43,0.08,0.35,0.0,-75.3012
737966,3659,0.54,0.42,0.08,0.34,0.0,-75.3433
738041,3660,0.54,0.42,0.08,0.34,0.0,-75.1092
738281,3661,0.55,0.41,0.07,0.34,0.0,-74.7377
738615,3662,0.56,0.4,0.07,0.33,0.0,-75.3477
738763,3663,0.56,0.4,0.07,0.33,0.0,-75.1661
738947,3664,0.56,0.4,0.07,0.33,0.0,-74.3316
739126,3665,0.56,0.4,0.07,0.33,0.0,-74.5954
739324,3666,0.57,0.39,0.07,0.32,0.0,-74.3937
739661,3667,0.58,0.38,0.06,0.32,0.0,-73.9876
739806,3668,0.58,0.38,0.06,0.32,0.0,-73.9819
739926,3669,0.57,0.39,0.06,0.33,0.0,-74.5813
740035,3670,0.58,0.38,0.05,0.33,0.0,-73.4697
740310,3671,0.58,0.38,0.05,0.33,0.0,-73.879
740472,3672,0.58,0.38,0.05,0.33,0.0,-73.9823
740537,3673,0.58,0.38,0.05,0.33,0.0,-73.9689
740751,3674,0.58,0.38,0.05,0.33,0.0,-73.4793
740969,3675,0.59,0.37,0.05,0.32,0.0,-71.741
741366,3676,0.58,0.38,0.05,0.33,0.0,-74.6153
741672,3677,0.59,0.37,0.05,0.32,0.0,-74.4172
741858,3678,0.58,0.38,0.05,0.33,0.0,-75.2631
742203,3679,0.59,0.37,0.05,0.32,0.0,-75.562
742661,3680,0.6,0.36,0.05,0.31,0.0,-76.2896
742926,3681,0.61,0.35,0.05,0.3,0.0,-75.8417
743082,3682,0.61,0.35,0.05,0.3,0.0,-76.1171
743272,3683,0.61,0.35,0.04,0.31,0.0,-76.2177
743421,3684,0.61,0.35,0.04,0.31,0.0,-74.563
743753,3685,0.61,0.35,0.04,0.31,0.0,-75.0024
743929,3686,0.61,0.35,0.04,0.31,0.0,-75.0411
744183,3687,0.61,0.35,0.04,0.31,0.0,-75.5563
744422,3688,0.61,0.35,0.04,0.31,0.0,-75.6667
744631,3689,0.61,0.35,0.04,0.31,0.0,-75.6907
744863,3690,0.61,0.35,0.04,0.31,0.0,-75.7978
744986,3691,0.61,0.35,0.04,0.31,0.0,-75.5097
745147,3692,0.6,0.36,0.04,0.32,0.0,-75.896
745365,3693,0.6,0.36,0.04,0.32,0.0,-76.4432
745552,3694,0.61,0.35,0.04,0.31,0.0,-74.1145
745741,3695,0.61,0.35,0.04,0.31,0.0,-74.6068
745884,3696,0.61,0.35,0.04,0.31,0.0,-73.786
746160,3697,0.61,0.35,0.04,0.31,0.0,-74.1827
746615,3698,0.61,0.35,0.04,0.31,0.0,-75.5387
746761,3699,0.61,0.35,0.04,0.31,0.0,-75.644
746914,3700,0.61,0.35,0.04,0.31,0.0,-75.5683
747189,3701,0.6,0.36,0.04,0.32,0.0,-76.6173
747566,3702,0.6,0.36,0.04,0.32,0.0,-77.5752
747851,3703,0.61,0.36,0.04,0.32,0.0,-75.8565
748137,3704,0.62,0.35,0.04,0.31,0.0,-75.8533
748400,3705,0.62,0.35,0.04,0.31,0.0,-75.7289
748669,3706,0.62,0.35,0.04,0.31,0.0,-76.3308
748818,3707,0.62,0.35,0.04,0.31,0.0,-75.9032
748966,3708,0.61,0.36,0.04,0.32,0.0,-76.5398
749248,3709,0.6,0.37,0.04,0.33,0.0,-77.27
749526,3710,0.6,0.37,0.04,0.33,0.0,-77.4175
749713,3711,0.6,0.37,0.04,0.33,0.0,-77.4306
749871,3712,0.61,0.36,0.03,0.33,0.0,-76.6938
750214,3713,0.61,0.36,0.03,0.33,0.0,-76.8104
750223,3714,1.0,0.0,0.0,0.0,0.0,-22.1917
750237,3715,1.0,0.0,0.0,0.0,0.0,-27.4336
750239,3716,1.0,0.0,0.0,0.0,0.0,-39.9476
750483,3717,1.0,0.0,0.0,0.0,0.0,-38.3718
750511,3718,1.0,0.0,0.0,0.0,0.0,-48.9052
750661,3719,1.0,0.0,0.0,0.0,0.0,-31.6491
750690,3720,1.0,0.0,0.0,0.0,0.0,-39.4058
750739,3721,1.0,0.0,0.0,0.0,0.0,-20.8196
750773,3722,1.0,0.0,0.0,0.0,0.0,-27.1525
750880,3723,0.8,0.2,0.0,0.2,0.0,-31.7787
751089,3724,0.8,0.2,0.0,0.2,0.0,-51.926
751474,3725,0.8333,0.1667,0.0,0.1667,0.0,-55.4543
751728,3726,0.8571,0.1429,0.0,0.1429,0.0,-53.9302
752032,3727,0.75,0.25,0.125,0.125,0.0,-64.9713
752260,3728,0.6667,0.3333,0.1111,0.2222,0.0,-72.684
752410,3729,0.7,0.3,0.1,0.2,0.0,-67.319
752549,3730,0.7273,0.2727,0.0909,0.1818,0.0,-61.881
752594,3731,0.6667,0.3333,0.0833,0.25,0.0,-59.8953
752898,3732,0.6923,0.3077,0.0769,0.2308,0.0,-59.5306
753037,3733,0.7143,0.2857,0.0714,0.2143,0.0,-56.1443
753131,3734,0.7333,0.2667,0.0667,0.2,0.0,-51.7258
753302,3735,0.75,0.25,0.0625,0.1875,0.0,-49.1708
753557,3736,0.7647,0.2353,0.0588,0.1765,0.0,-49.2011
753773,3737,0.7778,0.2222,0.0556,0.1667,0.0,-47.8367
753981,3738,0.7895,0.2105,0.0526,0.1579,0.0,-46.4767
754076,3739,0.8,0.2,0.05,0.15,0.0,-43.8635
754286,3740,0.7619,0.2381,0.0476,0.1905,0.0,-46.1084
754398,3741,0.7727,0.2273,0.0455,0.1818,0.0,-43.979
754494,3742,0.7826,0.2174,0.0435,0.1739,0.0,-41.8037
754727,3743,0.75,0.25,0.0417,0.2083,0.0,-43.8813
754979,3744,0.76,0.24,0.04,0.2,0.0,-43.5596
755094,3745,0.7692,0.2308,0.0385,0.1923,0.0,-41.659
755368,3746,0.7407,0.2593,0.037,0.2222,0.0,-44.7297
755493,3747,0.7143,0.2857,0.0357,0.25,0.0,-45.4854
755599,3748,0.7241,0.2759,0.0345,0.2414,0.0,-43.8043
755754,3749,0.7,0.3,0.0333,0.2667,0.0,-45.4883
756053,3750,0.6774,0.3226,0.0323,0.2903,0.0,-47.6333
756091,3751,0.6562,0.3438,0.0312,0.3125,0.0,-47.1671
756461,3752,0.6667,0.3333,0.0303,0.303,0.0,-48.8332
757061,3753,0.6471,0.3235,0.0294,0.2941,0.0,-51.8135
757179,3754,0.6286,0.3429,0.0286,0.3143,0.0,-52.0056
757258,3755,0.6389,0.3333,0.0278,0.3056,0.0,-50.5409
757447,3756,0.6486,0.3243,0.027,0.2973,0.0,-50.5121
757679,3757,0.6579,0.3158,0.0263,0.2895,0.0,-50.5698
757883,3758,0.641,0.3333,0.0256,0.3077,0.0,-51.2927
758483,3759,0.625,0.325,0.025,0.3,0.0,-55.496
758651,3760,0.6341,0.3171,0.0244,0.2927,0.0,-55.1568
758870,3761,0.6429,0.3095,0.0238,0.2857,0.0,-54.6004
759371,3762,0.6279,0.3256,0.0233,0.3023,0.0,-56.7492
759577,3763,0.6364,0.3182,0.0227,0.2955,0.0,-56.0094
759734,3764,0.6444,0.3111,0.0222,0.2889,0.0,-55.1545
760104,3765,0.6522,0.3043,0.0217,0.2826,0.0,-57.2009
760227,3766,0.6383,0.3191,0.0213,0.2979,0.0,-57.5069
760552,3767,0.6458,0.3125,0.0208,0.2917,0.0,-57.5874
760731,3768,0.6531,0.3061,0.0204,0.2857,0.0,-56.8626
760827,3769,0.66,0.3,0.02,0.28,0.0,-55.481
760875,3770,0.6471,0.3137,0.0196,0.2941,0.0,-55.1425
761026,3771,0.6538,0.3077,0.0192,0.2885,0.0,-54.4216
761116,3772,0.6604,0.3019,0.0189,0.283,0.0,-53.3456
761247,3773,0.6667,0.2963,0.0185,0.2778,0.0,-52.4195
761336,3774,0.6727,0.2909,0.0182,0.2727,0.0,-51.3435
761542,3775,0.6607,0.3036,0.0179,0.2857,0.0,-52.1116
761620,3776,0.6491,0.3158,0.0175,0.2982,0.0,-52.3442
761803,3777,0.6379,0.3276,0.0172,0.3103,0.0,-53.1895
761883,3778,0.6441,0.322,0.0169,0.3051,0.0,-52.1238
762483,3779,0.6333,0.3167,0.0167,0.3,0.0,-56.6161
762628,3780,0.623,0.3279,0.0164,0.3115,0.0,-56.9306
762930,3781,0.629,0.3226,0.0161,0.3065,0.0,-56.4832
763100,3782,0.619,0.3333,0.0159,0.3175,0.0,-57.0986
763345,3783,0.625,0.3281,0.0156,0.3125,0.0,-57.0364
763749,3784,0.6308,0.3231,0.0154,0.3077,0.0,-57.9132
763991,3785,0.6364,0.3182,0.0152,0.303,0.0,-58.0978
764111,3786,0.6418,0.3134,0.0149,0.2985,0.0,-57.4325
764364,3787,0.6324,0.3235,0.0147,0.3088,0.0,-58.195
764534,3788,0.6377,0.3188,0.0145,0.3043,0.0,-57.6004
765134,3789,0.6286,0.3143,0.0143,0.3,0.0,-59.079
765332,3790,0.6338,0.3099,0.0141,0.2958,0.0,-58.691
765642,3791,0.6389,0.3056,0.0139,0.2917,0.0,-58.8184
765811,3792,0.6301,0.3151,0.0274,0.2877,0.0,-59.0053
766095,3793,0.6216,0.3243,0.027,0.2973,0.0,-59.7275
766297,3794,0.6133,0.3333,0.0267,0.3067,0.0,-60.3398
766482,3795,0.6184,0.3289,0.0263,0.3026,0.0,-59.829
767082,3796,0.6104,0.3247,0.026,0.2987,0.0,-61.7624
767243,3797,0.6154,0.3205,0.0256,0.2949,0.0,-61.0641
767455,3798,0.6203,0.3165,0.0253,0.2911,0.0,-60.6023
767647,3799,0.625,0.3125,0.025,0.2875,0.0,-60.1021
767914,3800,0.6296,0.3086,0.0247,0.284,0.0,-59.8733
768135,3801,0.6341,0.3049,0.0244,0.2805,0.0,-59.5266
768279,3802,0.6386,0.3012,0.0241,0.2771,0.0,-58.8685
768436,3803,0.631,0.3095,0.0238,0.2857,0.0,-58.911
768689,3804,0.6235,0.3176,0.0235,0.2941,0.0,-59.5012
768759,3805,0.6279,0.314,0.0233,0.2907,0.0,-58.6372
768916,3806,0.6207,0.3218,0.023,0.2989,0.0,-58.9732
768950,3807,0.6136,0.3295,0.0227,0.3068,0.0,-58.7363
769258,3808,0.618,0.3258,0.0225,0.3034,0.0,-58.6731
769379,3809,0.6222,0.3222,0.0222,0.3,0.0,-57.9677
769490,3810,0.6154,0.3297,0.022,0.3077,0.0,-58.0371
769664,3811,0.6087,0.337,0.0217,0.3152,0.0,-58.1962
769835,3812,0.6022,0.3441,0.0323,0.3118,0.0,-58.3806
769874,3813,0.5957,0.3511,0.0319,0.3191,0.0,-58.1235
770047,3814,0.6,0.3474,0.0316,0.3158,0.0,-57.8496
770234,3815,0.5938,0.3542,0.0312,0.3229,0.0,-58.2226
770387,3816,0.5979,0.3505,0.0309,0.3196,0.0,-57.7134
770484,3817,0.602,0.3469,0.0306,0.3163,0.0,-57.0496
770566,3818,0.6061,0.3434,0.0303,0.3131,0.0,-56.3611
770829,3819,0.61,0.34,0.03,0.31,0.0,-56.3973
771146,3820,0.6,0.35,0.03,0.32,0.0,-57.7273
771211,3821,0.6,0.35,0.03,0.32,0.0,-57.031
771290,3822,0.6,0.35,0.03,0.32,0.0,-56.7394
771476,3823,0.6,0.35,0.03,0.32,0.0,-57.1133
771745,3824,0.61,0.34,0.03,0.31,0.0,-55.8787
771873,3825,0.61,0.34,0.03,0.31,0.0,-55.1658
772129,3826,0.61,0.34,0.03,0.31,0.0,-55.0511
772555,3827,0.62,0.33,0.02,0.31,0.0,-55.6185
772694,3828,0.63,0.32,0.02,0.3,0.0,-54.3029
772888,3829,0.63,0.32,0.02,0.3,0.0,-54.2547
773034,3830,0.63,0.32,0.02,0.3,0.0,-54.2052
773184,3831,0.64,0.31,0.02,0.29,0.0,-53.961
773416,3832,0.64,0.31,0.02,0.29,0.0,-53.7372
773598,3833,0.64,0.31,0.02,0.29,0.0,-53.7219
773853,3834,0.64,0.31,0.02,0.29,0.0,-54.1959
773963,3835,0.63,0.32,0.02,0.3,0.0,-54.6768
774217,3836,0.62,0.33,0.02,0.31,0.0,-55.1594
774290,3837,0.62,0.33,0.02,0.31,0.0,-54.7749
774478,3838,0.62,0.33,0.02,0.31,0.0,-54.7126
774529,3839,0.61,0.34,0.02,0.32,0.0,-55.1313
774737,3840,0.61,0.34,0.02,0.32,0.0,-55.3744
774894,3841,0.61,0.34,0.02,0.32,0.0,-55.4245
775474,3842,0.61,0.34,0.02,0.32,0.0,-56.365
775619,3843,0.62,0.33,0.02,0.31,0.0,-55.805
776219,3844,0.61,0.33,0.02,0.31,0.0,-57.1484
776409,3845,0.61,0.33,0.02,0.31,0.0,-57.3941
777009,3846,0.61,0.32,0.02,0.3,0.0,-58.0308
777161,3847,0.61,0.32,0.02,0.3,0.0,-58.1902
777507,3848,0.61,0.32,0.02,0.3,0.0,-58.975
777702,3849,0.62,0.31,0.02,0.29,0.0,-58.4054
778018,3850,0.63,0.3,0.02,0.28,0.0,-57.8606
778309,3851,0.64,0.29,0.02,0.27,0.0,-58.112
778369,3852,0.63,0.3,0.02,0.28,0.0,-57.4241
778490,3853,0.63,0.31,0.02,0.29,0.0,-56.5382
778609,3854,0.63,0.31,0.02,0.29,0.0,-56.7024
778855,3855,0.63,0.31,0.02,0.29,0.0,-57.1243
779400,3856,0.62,0.32,0.02,0.3,0.0,-58.4195
779544,3857,0.62,0.32,0.02,0.3,0.0,-57.9316
779788,3858,0.63,0.31,0.02,0.29,0.0,-57.7842
779857,3859,0.63,0.32,0.02,0.3,0.0,-56.2262
779984,3860,0.62,0.33,0.02,0.31,0.0,-56.6579
780248,3861,0.62,0.33,0.02,0.31,0.0,-56.8254
780354,3862,0.62,0.33,0.02,0.31,0.0,-56.1698
780607,3863,0.61,0.34,0.02,0.32,0.0,-56.8567
780723,3864,0.61,0.34,0.02,0.32,0.0,-56.7365
781323,3865,0.6,0.34,0.02,0.32,0.0,-57.0905
781434,3866,0.6,0.34,0.02,0.32,0.0,-57.1834
781646,3867,0.6,0.34,0.02,0.32,0.0,-56.7253
781720,3868,0.6,0.34,0.02,0.32,0.0,-56.4079
781821,3869,0.59,0.35,0.02,0.33,0.0,-57.0492
781860,3870,0.59,0.35,0.02,0.33,0.0,-57.0287
782102,3871,0.58,0.36,0.02,0.34,0.0,-57.8568
782306,3872,0.57,0.37,0.02,0.35,0.0,-58.6606
782426,3873,0.56,0.38,0.03,0.35,0.0,-59.2554
782498,3874,0.55,0.39,0.03,0.36,0.0,-59.728
782781,3875,0.55,0.39,0.04,0.35,0.0,-59.852
783225,3876,0.56,0.38,0.04,0.34,0.0,-60.2472
783275,3877,0.56,0.38,0.04,0.34,0.0,-59.6375
783640,3878,0.56,0.38,0.04,0.34,0.0,-60.4332
783866,3879,0.56,0.39,0.04,0.35,0.0,-58.2298
783903,3880,0.56,0.39,0.04,0.35,0.0,-57.8152
783978,3881,0.56,0.39,0.04,0.35,0.0,-57.4
784334,3882,0.57,0.38,0.04,0.34,0.0,-57.2209
784934,3883,0.56,0.38,0.04,0.34,0.0,-59.65
785011,3884,0.55,0.39,0.04,0.35,0.0,-59.0187
785114,3885,0.54,0.4,0.04,0.36,0.0,-58.8845
785307,3886,0.54,0.4,0.04,0.36,0.0,-59.0419
785577,3887,0.54,0.4,0.04,0.36,0.0,-59.3564
785819,3888,0.53,0.41,0.04,0.37,0.0,-60.2441
786419,3889,0.53,0.41,0.04,0.37,0.0,-60.4225
786817,3890,0.52,0.42,0.04,0.38,0.0,-61.7311
786959,3891,0.51,0.43,0.04,0.39,0.0,-61.8832
787072,3892,0.51,0.43,0.03,0.4,0.0,-61.7361
787265,3893,0.52,0.42,0.03,0.39,0.0,-60.8022
787532,3894,0.53,0.41,0.03,0.38,0.0,-60.3439
787687,3895,0.52,0.42,0.03,0.39,0.0,-60.9698
787724,3896,0.52,0.43,0.03,0.4,0.0,-59.2207
788094,3897,0.52,0.43,0.03,0.4,0.0,-59.7939
788164,3898,0.51,0.44,0.03,0.41,0.0,-59.9147
788280,3899,0.5,0.45,0.03,0.42,0.0,-60.3558
788424,3900,0.49,0.46,0.03,0.43,0.0,-60.6034
788595,3901,0.49,0.46,0.03,0.43,0.0,-60.4341
788804,3902,0.49,0.46,0.03,0.43,0.0,-60.5372
788889,3903,0.5,0.45,0.03,0.42,0.0,-59.8502
789160,3904,0.51,0.44,0.03,0.41,0.0,-59.4736
789279,3905,0.51,0.44,0.03,0.41,0.0,-59.7096
789613,3906,0.52,0.43,0.03,0.4,0.0,-60.0509
790129,3907,0.52,0.43,0.03,0.4,0.0,-61.9349
790194,3908,0.51,0.44,0.03,0.41,0.0,-62.0398
790247,3909,0.5,0.45,0.03,0.42,0.0,-62.6038
790344,3910,0.5,0.45,0.03,0.42,0.0,-62.769
790464,3911,0.5,0.45,0.03,0.42,0.0,-62.9192
790601,3912,0.5,0.45,0.02,0.43,0.0,-62.823
790823,3913,0.51,0.44,0.02,0.42,0.0,-63.2662
791049,3914,0.5,0.45,0.02,0.43,0.0,-64.1693
791167,3915,0.51,0.44,0.02,0.42,0.0,-63.2211
791409,3916,0.51,0.44,0.02,0.42,0.0,-63.6099
791584,3917,0.51,0.44,0.02,0.42,0.0,-63.9695
791747,3918,0.5,0.45,0.02,0.43,0.0,-64.6938
792100,3919,0.5,0.45,0.02,0.43,0.0,-65.0562
792361,3920,0.5,0.45,0.02,0.43,0.0,-64.6618
792574,3921,0.49,0.46,0.03,0.43,0.0,-65.6285
792709,3922,0.49,0.46,0.03,0.43,0.0,-65.8598
793031,3923,0.49,0.46,0.03,0.43,0.0,-66.1998
793360,3924,0.49,0.46,0.03,0.43,0.0,-66.4724
793558,3925,0.49,0.46,0.03,0.43,0.0,-66.5839
793718,3926,0.49,0.46,0.03,0.43,0.0,-66.4851
793844,3927,0.48,0.47,0.03,0.44,0.0,-65.1226
794084,3928,0.47,0.48,0.03,0.45,0.0,-66.2836
794326,3929,0.47,0.48,0.03,0.45,0.0,-66.5037
794512,3930,0.47,0.48,0.03,0.45,0.0,-66.5943
794654,3931,0.47,0.48,0.03,0.45,0.0,-66.6396
794831,3932,0.47,0.48,0.03,0.45,0.0,-66.493
795431,3933,0.46,0.48,0.03,0.45,0.0,-69.4672
795545,3934,0.46,0.48,0.03,0.45,0.0,-69.0542
795847,3935,0.46,0.48,0.04,0.44,0.0,-69.5711
796013,3936,0.47,0.47,0.04,0.43,0.0,-68.7227
796154,3937,0.46,0.48,0.04,0.44,0.0,-69.5819
796389,3938,0.45,0.49,0.05,0.44,0.0,-70.4104
796622,3939,0.46,0.48,0.05,0.43,0.0,-70.4105
796843,3940,0.47,0.47,0.05,0.42,0.0,-69.7149
797062,3941,0.46,0.48,0.05,0.43,0.0,-70.6688
797131,3942,0.45,0.49,0.05,0.44,0.0,-70.3827
797211,3943,0.44,0.5,0.05,0.45,0.0,-70.7315
797549,3944,0.45,0.5,0.05,0.45,0.0,-69.337
797721,3945,0.44,0.51,0.05,0.46,0.0,-70.2691
798071,3946,0.45,0.51,0.05,0.46,0.0,-69.0655
798212,3947,0.45,0.51,0.05,0.46,0.0,-68.9548
798408,3948,0.44,0.52,0.05,0.47,0.0,-69.1347
798735,3949,0.44,0.52,0.05,0.47,0.0,-69.3348
799236,3950,0.44,0.52,0.05,0.47,0.0,-70.2254
799432,3951,0.44,0.52,0.05,0.47,0.0,-69.9336
799638,3952,0.45,0.51,0.05,0.46,0.0,-69.8475
799809,3953,0.46,0.5,0.05,0.45,0.0,-69.4097
799878,3954,0.46,0.5,0.05,0.45,0.0,-69.1076
800198,3955,0.45,0.51,0.05,0.46,0.0,-69.5562
800299,3956,0.45,0.51,0.05,0.46,0.0,-68.379
800523,3957,0.45,0.51,0.05,0.46,0.0,-68.6237
800752,3958,0.45,0.51,0.05,0.46,0.0,-68.5468
800868,3959,0.45,0.51,0.05,0.46,0.0,-68.7711
801398,3960,0.45,0.51,0.05,0.46,0.0,-69.889
801863,3961,0.44,0.52,0.05,0.47,0.0,-70.9326
802060,3962,0.44,0.52,0.05,0.47,0.0,-71.2144
802322,3963,0.45,0.51,0.05,0.46,0.0,-70.7913
802474,3964,0.44,0.52,0.05,0.47,0.0,-71.3233
802723,3965,0.45,0.52,0.05,0.47,0.0,-69.7225
802819,3966,0.46,0.51,0.05,0.46,0.0,-68.8117
803035,3967,0.46,0.51,0.05,0.46,0.0,-68.9383
803161,3968,0.45,0.52,0.05,0.47,0.0,-69.7634
803238,3969,0.46,0.51,0.05,0.46,0.0,-69.1624
803410,3970,0.47,0.5,0.05,0.45,0.0,-68.7961
803584,3971,0.47,0.5,0.05,0.45,0.0,-68.7946
803687,3972,0.47,0.5,0.05,0.45,0.0,-68.505
803789,3973,0.48,0.49,0.04,0.45,0.0,-67.8388
804135,3974,0.49,0.48,0.04,0.44,0.0,-68.3303
804485,3975,0.5,0.47,0.03,0.44,0.0,-68.0826
804610,3976,0.5,0.47,0.03,0.44,0.0,-67.0016
804795,3977,0.51,0.46,0.03,0.43,0.0,-66.9602
804908,3978,0.51,0.46,0.03,0.43,0.0,-66.3136
804984,3979,0.52,0.45,0.03,0.42,0.0,-65.2416
805455,3980,0.53,0.44,0.03,0.41,0.0,-65.9334
805597,3981,0.52,0.45,0.03,0.42,0.0,-66.904
805863,3982,0.52,0.45,0.03,0.42,0.0,-66.5033
806161,3983,0.53,0.45,0.03,0.42,0.0,-63.9447
806414,3984,0.54,0.44,0.03,0.41,0.0,-63.8452
806701,3985,0.54,0.44,0.04,0.4,0.0,-64.4678
806812,3986,0.54,0.44,0.04,0.4,0.0,-64.1611
806847,3987,0.54,0.44,0.04,0.4,0.0,-63.0762
807063,3988,0.55,0.43,0.04,0.39,0.0,-62.3615
807164,3989,0.56,0.43,0.04,0.39,0.0,-60.5989
807350,3990,0.57,0.42,0.04,0.38,0.0,-59.1506
807512,3991,0.58,0.41,0.04,0.37,0.0,-58.4469
807562,3992,0.58,0.41,0.04,0.37,0.0,-58.2134
807969,3993,0.57,0.42,0.04,0.38,0.0,-60.2033
808173,3994,0.56,0.43,0.05,0.38,0.0,-60.5384
808219,3995,0.56,0.43,0.05,0.38,0.0,-60.0253
808610,3996,0.57,0.42,0.05,0.37,0.0,-60.5473
808664,3997,0.56,0.43,0.05,0.38,0.0,-60.2527
808962,3998,0.56,0.43,0.05,0.38,0.0,-61.2686
809053,3999,0.57,0.42,0.05,0.37,0.0,-60.6104
809193,4000,0.57,0.42,0.05,0.37,0.0,-60.6275
809260,4001,0.57,0.42,0.05,0.37,0.0,-60.3758
809512,4002,0.57,0.42,0.05,0.37,0.0,-60.5222
809798,4003,0.57,0.42,0.05,0.37,0.0,-60.9713
810029,4004,0.57,0.42,0.05,0.37,0.0,-60.6049
810163,4005,0.56,0.43,0.05,0.38,0.0,-61.3706
810416,4006,0.56,0.43,0.05,0.38,0.0,-60.5673
810692,4007,0.57,0.42,0.05,0.37,0.0,-58.6519
810868,4008,0.58,0.41,0.05,0.36,0.0,-58.0046
811012,4009,0.59,0.4,0.05,0.35,0.0,-57.5222
811077,4010,0.59,0.4,0.05,0.35,0.0,-57.1751
811212,4011,0.6,0.39,0.05,0.34,0.0,-56.2969
811318,4012,0.6,0.39,0.05,0.34,0.0,-56.2034
811530,4013,0.59,0.4,0.05,0.35,0.0,-56.2539
811722,4014,0.6,0.39,0.05,0.34,0.0,-55.1019
812074,4015,0.6,0.39,0.05,0.34,0.0,-56.1192
812247,4016,0.6,0.39,0.05,0.34,0.0,-55.763
812541,4017,0.59,0.4,0.05,0.35,0.0,-56.9388
812649,4018,0.6,0.39,0.05,0.34,0.0,-56.4721
812709,4019,0.59,0.4,0.05,0.35,0.0,-55.8682
813008,4020,0.6,0.39,0.05,0.34,0.0,-55.0
813181,4021,0.61,0.38,0.04,0.34,0.0,-54.358
813311,4022,0.61,0.38,0.04,0.34,0.0,-54.1568
813734,4023,0.61,0.38,0.04,0.34,0.0,-54.5612
813973,4024,0.61,0.38,0.04,0.34,0.0,-54.8849
814181,4025,0.61,0.38,0.04,0.34,0.0,-55.4941
814521,4026,0.61,0.38,0.04,0.34,0.0,-55.9981
814619,4027,0.61,0.38,0.04,0.34,0.0,-56.2097
814814,4028,0.62,0.37,0.04,0.33,0.0,-55.2252
814913,4029,0.61,0.38,0.04,0.34,0.0,-55.6585
815500,4030,0.61,0.38,0.04,0.34,0.0,-57.0683
815672,4031,0.61,0.38,0.04,0.34,0.0,-57.1774
815862,4032,0.6,0.39,0.04,0.35,0.0,-57.7888
816097,4033,0.61,0.39,0.04,0.35,0.0,-55.1149
816215,4034,0.61,0.39,0.04,0.35,0.0,-55.1542
816400,4035,0.62,0.38,0.03,0.35,0.0,-54.0644
816533,4036,0.62,0.38,0.03,0.35,0.0,-53.99
816744,4037,0.63,0.37,0.03,0.34,0.0,-53.437
816901,4038,0.64,0.36,0.02,0.34,0.0,-52.5885
817501,4039,0.63,0.36,0.02,0.34,0.0,-54.4952
817769,4040,0.63,0.36,0.02,0.34,0.0,-54.4527
817889,4041,0.64,0.35,0.02,0.33,0.0,-53.5355
818168,4042,0.64,0.35,0.02,0.33,0.0,-53.9845
818308,4043,0.64,0.35,0.02,0.33,0.0,-53.9149
818469,4044,0.64,0.35,0.02,0.33,0.0,-53.7695
818593,4045,0.65,0.34,0.02,0.32,0.0,-52.7169
818776,4046,0.64,0.35,0.02,0.33,0.0,-53.2718
818959,4047,0.64,0.35,0.02,0.33,0.0,-53.3236
819309,4048,0.65,0.34,0.02,0.32,0.0,-53.1991
819357,4049,0.64,0.35,0.02,0.33,0.0,-52.9739
819504,4050,0.63,0.36,0.02,0.34,0.0,-52.1192
819738,4051,0.62,0.37,0.02,0.35,0.0,-52.8751
819832,4052,0.62,0.37,0.02,0.35,0.0,-52.5588
819909,4053,0.62,0.37,0.02,0.35,0.0,-52.3018
819988,4054,0.62,0.37,0.02,0.35,0.0,-52.3298
820124,4055,0.63,0.36,0.02,0.34,0.0,-51.5225
820318,4056,0.63,0.36,0.02,0.34,0.0,-51.6984
820401,4057,0.62,0.37,0.02,0.35,0.0,-52.0985
820487,4058,0.62,0.37,0.02,0.35,0.0,-51.4912
820681,4059,0.63,0.36,0.02,0.34,0.0,-50.8737
820743,4060,0.63,0.36,0.02,0.34,0.0,-49.2405
820898,4061,0.64,0.35,0.02,0.33,0.0,-47.858
821004,4062,0.65,0.34,0.02,0.32,0.0,-46.7057
821201,4063,0.65,0.34,0.02,0.32,0.0,-46.4769
821427,4064,0.66,0.33,0.02,0.31,0.0,-46.1251
821496,4065,0.65,0.34,0.02,0.32,0.0,-46.4262
821583,4066,0.65,0.34,0.02,0.32,0.0,-46.4333
821673,4067,0.64,0.35,0.02,0.33,0.0,-46.7005
821897,4068,0.65,0.34,0.02,0.32,0.0,-46.1647
822113,4069,0.64,0.35,0.02,0.33,0.0,-47.2047
822318,4070,0.64,0.35,0.02,0.33,0.0,-47.5914
822367,4071,0.64,0.35,0.02,0.33,0.0,-46.9171
822562,4072,0.65,0.34,0.02,0.32,0.0,-46.6557
822844,4073,0.65,0.34,0.02,0.32,0.0,-47.2021
823085,4074,0.64,0.35,0.02,0.33,0.0,-47.3029
823264,4075,0.64,0.35,0.02,0.33,0.0,-46.6985
823596,4076,0.64,0.35,0.02,0.33,0.0,-47.4103
823773,4077,0.63,0.36,0.02,0.34,0.0,-47.9544
823809,4078,0.62,0.37,0.02,0.35,0.0,-48.2355
823886,4079,0.62,0.37,0.02,0.35,0.0,-48.2114
824121,4080,0.61,0.38,0.02,0.36,0.0,-48.101
824357,4081,0.62,0.37,0.02,0.35,0.0,-48.0774
824461,4082,0.61,0.38,0.02,0.36,0.0,-48.2356
824546,4083,0.61,0.38,0.02,0.36,0.0,-47.8051
824766,4084,0.61,0.38,0.02,0.36,0.0,-47.6782
824888,4085,0.62,0.37,0.01,0.36,0.0,-46.4831
825203,4086,0.62,0.37,0.01,0.36,0.0,-46.8201
825541,4087,0.63,0.36,0.01,0.35,0.0,-47.1242
825780,4088,0.63,0.36,0.01,0.35,0.0,-47.1278
825887,4089,0.62,0.37,0.01,0.36,0.0,-47.685
826131,4090,0.61,0.38,0.01,0.37,0.0,-48.4345
826285,4091,0.61,0.38,0.01,0.37,0.0,-48.4111
826377,4092,0.62,0.37,0.01,0.36,0.0,-48.0008
826491,4093,0.62,0.37,0.01,0.36,0.0,-46.3292
826530,4094,0.62,0.37,0.0,0.37,0.0,-45.765
827130,4095,0.62,0.36,0.0,0.36,0.0,-47.3612
827364,4096,0.61,0.37,0.0,0.37,0.0,-47.5064
827499,4097,0.62,0.36,0.0,0.36,0.0,-47.2291
827714,4098,0.63,0.35,0.0,0.35,0.0,-46.6575
827849,4099,0.63,0.35,0.0,0.35,0.0,-46.6943
828449,4100,0.63,0.34,0.0,0.34,0.0,-48.0091
828705,4101,0.63,0.34,0.0,0.34,0.0,-48.4858
828892,4102,0.63,0.34,0.0,0.34,0.0,-48.3059
829074,4103,0.63,0.34,0.0,0.34,0.0,-48.068
829118,4104,0.62,0.35,0.0,0.35,0.0,-48.053
829249,4105,0.62,0.35,0.0,0.35,0.0,-47.9488
829562,4106,0.61,0.36,0.0,0.36,0.0,-48.7995
829801,4107,0.6,0.37,0.0,0.37,0.0,-49.5734
830065,4108,0.6,0.37,0.0,0.37,0.0,-50.2584
830243,4109,0.6,0.37,0.0,0.37,0.0,-50.6409
830512,4110,0.6,0.37,0.0,0.37,0.0,-51.9224
830719,4111,0.59,0.38,0.0,0.38,0.0,-52.8917
830851,4112,0.6,0.37,0.0,0.37,0.0,-52.2893
831289,4113,0.61,0.36,0.0,0.36,0.0,-52.4584
831632,4114,0.6,0.37,0.0,0.37,0.0,-53.8904
831804,4115,0.59,0.38,0.01,0.37,0.0,-53.6581
831899,4116,0.59,0.38,0.01,0.37,0.0,-53.4542
831934,4117,0.59,0.38,0.02,0.36,0.0,-52.5976
831991,4118,0.58,0.39,0.02,0.37,0.0,-52.8865
832083,4119,0.59,0.38,0.02,0.36,0.0,-52.4304
832285,4120,0.58,0.39,0.02,0.37,0.0,-53.0067
832394,4121,0.58,0.39,0.02,0.37,0.0,-52.8354
832518,4122,0.58,0.39,0.02,0.37,0.0,-52.8539
832715,4123,0.58,0.39,0.02,0.37,0.0,-51.9842
832833,4124,0.57,0.4,0.02,0.38,0.0,-51.7706
833383,4125,0.56,0.41,0.02,0.39,0.0,-53.5862
833599,4126,0.56,0.41,0.02,0.39,0.0,-53.2429
833809,4127,0.57,0.4,0.02,0.38,0.0,-52.7163
834296,4128,0.57,0.4,0.02,0.38,0.0,-53.9188
834378,4129,0.58,0.39,0.02,0.37,0.0,-53.0469
834629,4130,0.57,0.4,0.03,0.37,0.0,-52.5022
834724,4131,0.57,0.4,0.03,0.37,0.0,-52.1352
835124,4132,0.58,0.39,0.03,0.36,0.0,-52.3704
835724,4133,0.57,0.39,0.03,0.36,0.0,-54.2324
836060,4134,0.56,0.4,0.03,0.37,0.0,-55.5818
836328,4135,0.56,0.4,0.03,0.37,0.0,-56.0424
836509,4136,0.56,0.4,0.03,0.37,0.0,-56.0701
836622,4137,0.56,0.4,0.03,0.37,0.0,-55.854
836834,4138,0.55,0.41,0.03,0.38,0.0,-56.546
836993,4139,0.55,0.42,0.03,0.39,0.0,-55.1482
837290,4140,0.54,0.43,0.03,0.4,0.0,-56.0721
837402,4141,0.53,0.44,0.03,0.41,0.0,-56.5613
837594,4142,0.54,0.43,0.03,0.4,0.0,-55.967
838006,4143,0.54,0.43,0.03,0.4,0.0,-57.2639
838127,4144,0.54,0.43,0.03,0.4,0.0,-57.0838
838405,4145,0.54,0.43,0.03,0.4,0.0,-57.4831
838563,4146,0.54,0.43,0.03,0.4,0.0,-57.0701
838623,4147,0.54,0.43,0.03,0.4,0.0,-56.8484
838760,4148,0.53,0.44,0.03,0.41,0.0,-56.6398
838896,4149,0.54,0.43,0.03,0.4,0.0,-56.3428
839212,4150,0.55,0.42,0.03,0.39,0.0,-56.3056
839268,4151,0.55,0.42,0.03,0.39,0.0,-55.8705
839335,4152,0.55,0.42,0.03,0.39,0.0,-55.8035
839629,4153,0.55,0.42,0.03,0.39,0.0,-56.952
840032,4154,0.56,0.41,0.03,0.38,0.0,-57.1959
840158,4155,0.56,0.41,0.03,0.38,0.0,-57.0809
840430,4156,0.56,0.41,0.03,0.38,0.0,-57.4794
840636,4157,0.56,0.41,0.03,0.38,0.0,-57.7181
840858,4158,0.56,0.41,0.03,0.38,0.0,-58.2518
841153,4159,0.56,0.41,0.03,0.38,0.0,-58.661
841240,4160,0.57,0.4,0.03,0.37,0.0,-58.2387
841423,4161,0.56,0.41,0.03,0.38,0.0,-58.8551
841625,4162,0.56,0.41,0.03,0.38,0.0,-59.1752
841830,4163,0.56,0.41,0.03,0.38,0.0,-59.2269
841896,4164,0.56,0.41,0.03,0.38,0.0,-58.8429
841949,4165,0.56,0.41,0.03,0.38,0.0,-58.6878
842245,4166,0.55,0.42,0.03,0.39,0.0,-60.0137
842544,4167,0.56,0.41,0.03,0.38,0.0,-60.017
842618,4168,0.56,0.41,0.03,0.38,0.0,-59.7048
842650,4169,0.56,0.41,0.03,0.38,0.0,-59.1142
842960,4170,0.55,0.42,0.03,0.39,0.0,-59.9531
843020,4171,0.56,0.41,0.03,0.38,0.0,-59.4676
843439,4172,0.55,0.42,0.03,0.39,0.0,-60.73
843784,4173,0.54,0.43,0.04,0.39,0.0,-61.4973
843959,4174,0.54,0.43,0.04,0.39,0.0,-61.2274
844079,4175,0.54,0.43,0.04,0.39,0.0,-61.1252
844299,4176,0.54,0.43,0.04,0.39,0.0,-60.8411
844826,4177,0.54,0.43,0.04,0.39,0.0,-62.9443
844934,4178,0.55,0.42,0.04,0.38,0.0,-62.6933
845124,4179,0.55,0.42,0.04,0.38,0.0,-62.9837
845350,4180,0.55,0.42,0.04,0.38,0.0,-63.196
845605,4181,0.55,0.42,0.04,0.38,0.0,-62.9855
845646,4182,0.55,0.42,0.04,0.38,0.0,-62.7754
845820,4183,0.55,0.42,0.04,0.38,0.0,-63.0347
846111,4184,0.55,0.42,0.04,0.38,0.0,-63.1265
846353,4185,0.55,0.42,0.04,0.38,0.0,-63.5645
846771,4186,0.55,0.42,0.04,0.38,0.0,-64.0779
847041,4187,0.54,0.43,0.04,0.39,0.0,-64.7285
847186,4188,0.53,0.44,0.04,0.4,0.0,-65.3428
847574,4189,0.54,0.43,0.04,0.39,0.0,-65.7351
847780,4190,0.55,0.42,0.04,0.38,0.0,-65.2044
848012,4191,0.54,0.43,0.05,0.38,0.0,-65.9882
848173,4192,0.54,0.43,0.05,0.38,0.0,-66.116
848414,4193,0.55,0.42,0.05,0.37,0.0,-65.9473
848876,4194,0.56,0.41,0.05,0.36,0.0,-66.6462
849069,4195,0.57,0.41,0.05,0.36,0.0,-65.1364
849267,4196,0.58,0.4,0.05,0.35,0.0,-64.295
849534,4197,0.58,0.4,0.05,0.35,0.0,-64.7641
849596,4198,0.57,0.41,0.05,0.36,0.0,-64.4743
849726,4199,0.56,0.42,0.06,0.36,0.0,-65.1554
850202,4200,0.57,0.42,0.06,0.36,0.0,-63.3996
850380,4201,0.56,0.43,0.06,0.37,0.0,-63.7431
850469,4202,0.55,0.44,0.06,0.38,0.0,-64.3263
850773,4203,0.55,0.44,0.06,0.38,0.0,-64.9109
851024,4204,0.55,0.44,0.07,0.37,0.0,-65.6856
851190,4205,0.55,0.44,0.07,0.37,0.0,-65.7699
851424,4206,0.55,0.44,0.08,0.36,0.0,-65.4875
851659,4207,0.56,0.43,0.08,0.35,0.0,-65.2943
851969,4208,0.56,0.43,0.08,0.35,0.0,-65.4323
852166,4209,0.56,0.43,0.08,0.35,0.0,-65.2996
852475,4210,0.57,0.42,0.08,0.34,0.0,-64.635
852673,4211,0.58,0.41,0.08,0.33,0.0,-63.8561
852867,4212,0.58,0.41,0.08,0.33,0.0,-64.1416
853052,4213,0.57,0.42,0.08,0.34,0.0,-64.167
853436,4214,0.58,0.41,0.08,0.33,0.0,-63.7865
853681,4215,0.58,0.41,0.07,0.34,0.0,-64.0265
853777,4216,0.58,0.41,0.07,0.34,0.0,-64.0579
853985,4217,0.59,0.4,0.06,0.34,0.0,-63.5661
854205,4218,0.6,0.39,0.06,0.33,0.0,-63.5079
854382,4219,0.59,0.4,0.06,0.34,0.0,-64.6476
854524,4220,0.6,0.39,0.06,0.33,0.0,-63.6596
855124,4221,0.59,0.39,0.06,0.33,0.0,-65.9902
855316,4222,0.59,0.39,0.06,0.33,0.0,-66.169
855564,4223,0.59,0.39,0.06,0.33,0.0,-66.5056
855758,4224,0.6,0.38,0.06,0.32,0.0,-66.1571
855854,4225,0.6,0.38,0.06,0.32,0.0,-64.3052
856078,4226,0.6,0.38,0.06,0.32,0.0,-64.4326
856270,4227,0.59,0.39,0.06,0.33,0.0,-65.09
856360,4228,0.59,0.39,0.06,0.33,0.0,-63.6006
856449,4229,0.59,0.39,0.06,0.33,0.0,-63.5704
856606,4230,0.6,0.38,0.05,0.33,0.0,-62.8865
856960,4231,0.59,0.39,0.05,0.34,0.0,-64.1066
857185,4232,0.59,0.39,0.05,0.34,0.0,-63.469
857419,4233,0.6,0.39,0.05,0.34,0.0,-61.4981
857533,4234,0.61,0.38,0.05,0.33,0.0,-60.0985
857626,4235,0.61,0.38,0.05,0.33,0.0,-59.5321
857930,4236,0.6,0.39,0.05,0.34,0.0,-60.7363
858048,4237,0.59,0.4,0.05,0.35,0.0,-61.5051
858214,4238,0.59,0.4,0.05,0.35,0.0,-61.3472
858418,4239,0.6,0.39,0.05,0.34,0.0,-60.7409
858722,4240,0.6,0.39,0.05,0.34,0.0,-60.6731
858783,4241,0.6,0.39,0.05,0.34,0.0,-60.574
858860,4242,0.59,0.4,0.05,0.35,0.0,-60.7323
859437,4243,0.6,0.39,0.05,0.34,0.0,-60.545
859568,4244,0.59,0.4,0.05,0.35,0.0,-61.4379
859923,4245,0.59,0.4,0.05,0.35,0.0,-62.4351
860050,4246,0.6,0.39,0.05,0.34,0.0,-61.6317
860269,4247,0.61,0.38,0.05,0.33,0.0,-61.4185
860445,4248,0.62,0.37,0.05,0.32,0.0,-61.1387
860533,4249,0.61,0.38,0.05,0.33,0.0,-61.5901
860585,4250,0.6,0.39,0.05,0.34,0.0,-61.435
860798,4251,0.61,0.38,0.05,0.33,0.0,-61.049
860903,4252,0.6,0.39,0.05,0.34,0.0,-61.8174
861088,4253,0.59,0.4,0.06,0.34,0.0,-61.5737
861273,4254,0.58,0.41,0.06,0.35,0.0,-61.7881
861539,4255,0.58,0.41,0.06,0.35,0.0,-62.1089
861967,4256,0.58,0.41,0.06,0.35,0.0,-62.2062
862167,4257,0.59,0.4,0.06,0.34,0.0,-61.4673
862451,4258,0.59,0.4,0.06,0.34,0.0,-61.387
862632,4259,0.59,0.4,0.06,0.34,0.0,-61.0717
862948,4260,0.58,0.41,0.07,0.34,0.0,-62.2442
863008,4261,0.59,0.4,0.07,0.33,0.0,-61.3097
863196,4262,0.58,0.41,0.07,0.34,0.0,-61.8776
863363,4263,0.57,0.42,0.07,0.35,0.0,-62.3382
863963,4264,0.56,0.42,0.07,0.35,0.0,-64.2252
864170,4265,0.56,0.42,0.07,0.35,0.0,-64.7558
864566,4266,0.57,0.41,0.07,0.34,0.0,-64.7067
864993,4267,0.57,0.41,0.07,0.34,0.0,-65.5457
865126,4268,0.57,0.41,0.07,0.34,0.0,-65.5722
865268,4269,0.58,0.4,0.07,0.33,0.0,-65.4209
865524,4270,0.59,0.39,0.07,0.32,0.0,-64.4836
865810,4271,0.59,0.39,0.07,0.32,0.0,-65.0868
866075,4272,0.59,0.39,0.08,0.31,0.0,-64.7935
866361,4273,0.59,0.39,0.07,0.32,0.0,-64.7316
866597,4274,0.6,0.38,0.07,0.31,0.0,-64.3954
866821,4275,0.59,0.39,0.07,0.32,0.0,-65.2504
867012,4276,0.58,0.4,0.07,0.33,0.0,-65.8334
867265,4277,0.58,0.4,0.07,0.33,0.0,-63.9114
867511,4278,0.57,0.41,0.07,0.34,0.0,-64.9355
867621,4279,0.57,0.41,0.07,0.34,0.0,-64.706
867682,4280,0.58,0.4,0.07,0.33,0.0,-63.4306
867957,4281,0.58,0.4,0.07,0.33,0.0,-63.0583
868122,4282,0.58,0.4,0.08,0.32,0.0,-63.5187
868342,4283,0.57,0.41,0.08,0.33,0.0,-64.2332
868426,4284,0.57,0.41,0.08,0.33,0.0,-63.7411
868582,4285,0.56,0.42,0.08,0.34,0.0,-64.242
868719,4286,0.56,0.42,0.08,0.34,0.0,-63.531
868909,4287,0.56,0.42,0.09,0.33,0.0,-63.0966
869148,4288,0.56,0.42,0.09,0.33,0.0,-63.1533
869366,4289,0.55,0.43,0.09,0.34,0.0,-63.1419
869498,4290,0.55,0.43,0.09,0.34,0.0,-62.6906
869536,4291,0.55,0.43,0.08,0.35,0.0,-62.225
869948,4292,0.55,0.43,0.08,0.35,0.0,-63.0105
870370,4293,0.55,0.43,0.08,0.35,0.0,-63.5848
870570,4294,0.54,0.44,0.08,0.36,0.0,-63.7956
871044,4295,0.54,0.44,0.08,0.36,0.0,-64.2402
871099,4296,0.53,0.45,0.08,0.37,0.0,-64.5399
871177,4297,0.52,0.46,0.08,0.38,0.0,-64.478
871368,4298,0.53,0.45,0.08,0.37,0.0,-64.1541
871670,4299,0.54,0.44,0.07,0.37,0.0,-64.0781
871800,4300,0.53,0.45,0.07,0.38,0.0,-64.5142
872063,4301,0.54,0.44,0.07,0.37,0.0,-64.1914
872558,4302,0.54,0.44,0.07,0.37,0.0,-65.131
872838,4303,0.54,0.44,0.07,0.37,0.0,-65.2549
873179,4304,0.55,0.43,0.06,0.37,0.0,-64.9958
873279,4305,0.56,0.42,0.06,0.36,0.0,-64.0626
873450,4306,0.57,0.41,0.05,0.36,0.0,-63.2162
873602,4307,0.57,0.41,0.05,0.36,0.0,-62.3048
873805,4308,0.57,0.41,0.05,0.36,0.0,-61.7979
873956,4309,0.56,0.42,0.05,0.37,0.0,-62.311
874208,4310,0.55,0.43,0.05,0.38,0.0,-62.5889
874428,4311,0.55,0.43,0.05,0.38,0.0,-62.5535
874526,4312,0.54,0.44,0.05,0.39,0.0,-62.837
874740,4313,0.55,0.43,0.05,0.38,0.0,-62.2108
874965,4314,0.54,0.44,0.06,0.38,0.0,-61.9642
875231,4315,0.55,0.43,0.06,0.37,0.0,-61.2614
875385,4316,0.55,0.43,0.06,0.37,0.0,-61.4765
875544,4317,0.54,0.44,0.06,0.38,0.0,-62.2125
875875,4318,0.54,0.44,0.06,0.38,0.0,-62.9099
876081,4319,0.55,0.43,0.06,0.37,0.0,-62.2863
876219,4320,0.55,0.43,0.06,0.37,0.0,-62.528
876396,4321,0.56,0.43,0.06,0.37,0.0,-60.2593
876560,4322,0.55,0.44,0.06,0.38,0.0,-61.0418
876666,4323,0.55,0.44,0.06,0.38,0.0,-60.5637
876878,4324,0.54,0.45,0.06,0.39,0.0,-61.343
877024,4325,0.55,0.44,0.06,0.38,0.0,-61.0802
877312,4326,0.55,0.44,0.06,0.38,0.0,-61.3705
877397,4327,0.56,0.43,0.06,0.37,0.0,-60.3231
877444,4328,0.55,0.44,0.06,0.38,0.0,-60.8569
877616,4329,0.55,0.44,0.06,0.38,0.0,-61.0714
877897,4330,0.54,0.45,0.06,0.39,0.0,-62.3821
878224,4331,0.55,0.44,0.06,0.38,0.0,-61.9697
878384,4332,0.55,0.44,0.06,0.38,0.0,-61.7208
878481,4333,0.55,0.44,0.06,0.38,0.0,-61.3622
878718,4334,0.55,0.44,0.06,0.38,0.0,-61.5991
879003,4335,0.55,0.44,0.06,0.38,0.0,-62.0529
879207,4336,0.56,0.43,0.06,0.37,0.0,-61.3634
879267,4337,0.56,0.43,0.06,0.37,0.0,-61.2584
879491,4338,0.56,0.43,0.07,0.36,0.0,-61.4794
879674,4339,0.55,0.44,0.07,0.37,0.0,-62.3484
879708,4340,0.55,0.44,0.07,0.37,0.0,-61.5446
879930,4341,0.55,0.44,0.07,0.37,0.0,-62.0581
880054,4342,0.56,0.43,0.07,0.36,0.0,-61.4827
880140,4343,0.55,0.44,0.07,0.37,0.0,-60.3268
880176,4344,0.55,0.44,0.07,0.37,0.0,-59.8385
880255,4345,0.55,0.44,0.07,0.37,0.0,-58.2667
880482,4346,0.54,0.45,0.07,0.38,0.0,-59.334
880900,4347,0.54,0.45,0.07,0.38,0.0,-59.8571
881048,4348,0.54,0.45,0.07,0.38,0.0,-59.7797
881226,4349,0.55,0.44,0.07,0.37,0.0,-59.5217
881371,4350,0.56,0.43,0.07,0.36,0.0,-59.1655
881698,4351,0.55,0.44,0.07,0.37,0.0,-60.5321
881895,4352,0.56,0.43,0.07,0.36,0.0,-60.0749
881938,4353,0.56,0.43,0.06,0.37,0.0,-59.6076
882075,4354,0.56,0.43,0.06,0.37,0.0,-59.5118
882253,4355,0.56,0.43,0.06,0.37,0.0,-59.4357
882540,4356,0.57,0.42,0.06,0.36,0.0,-58.4783
883140,4357,0.56,0.42,0.06,0.36,0.0,-59.8371
883208,4358,0.55,0.43,0.06,0.37,0.0,-59.8825
883316,4359,0.55,0.43,0.06,0.37,0.0,-59.4929
883379,4360,0.55,0.43,0.05,0.38,0.0,-58.7698
883597,4361,0.54,0.44,0.05,0.39,0.0,-59.9899
883938,4362,0.55,0.43,0.05,0.38,0.0,-59.7713
884051,4363,0.56,0.42,0.05,0.37,0.0,-58.937
884146,4364,0.56,0.43,0.05,0.38,0.0,-57.8
884299,4365,0.56,0.43,0.05,0.38,0.0,-57.7776
884518,4366,0.55,0.44,0.05,0.39,0.0,-57.648
884727,4367,0.54,0.45,0.06,0.39,0.0,-57.4344
884977,4368,0.54,0.45,0.06,0.39,0.0,-57.9263
885049,4369,0.54,0.45,0.06,0.39,0.0,-57.591
885369,4370,0.54,0.45,0.06,0.39,0.0,-58.1803
885857,4371,0.54,0.45,0.06,0.39,0.0,-59.0223
886176,4372,0.55,0.44,0.05,0.39,0.0,-58.7196
886378,4373,0.55,0.44,0.05,0.39,0.0,-58.4184
886726,4374,0.55,0.44,0.05,0.39,0.0,-59.3791
886877,4375,0.55,0.44,0.05,0.39,0.0,-59.2032
887035,4376,0.55,0.44,0.05,0.39,0.0,-59.2148
887173,4377,0.55,0.44,0.06,0.38,0.0,-58.7614
887259,4378,0.56,0.43,0.06,0.37,0.0,-57.5728
887435,4379,0.56,0.43,0.06,0.37,0.0,-57.9208
887470,4380,0.55,0.44,0.06,0.38,0.0,-58.3986
887625,4381,0.54,0.45,0.06,0.39,0.0,-58.8698
887945,4382,0.54,0.45,0.05,0.4,0.0,-59.9397
888057,4383,0.55,0.44,0.05,0.39,0.0,-58.932
888376,4384,0.55,0.44,0.05,0.39,0.0,-60.2177
888530,4385,0.55,0.44,0.05,0.39,0.0,-60.0483
888852,4386,0.55,0.44,0.05,0.39,0.0,-60.646
889051,4387,0.56,0.43,0.04,0.39,0.0,-60.1113
889345,4388,0.57,0.42,0.04,0.38,0.0,-59.6757
889459,4389,0.58,0.41,0.04,0.37,0.0,-58.6514
889616,4390,0.58,0.41,0.04,0.37,0.0,-58.8269
889724,4391,0.58,0.41,0.04,0.37,0.0,-59.0011
890115,4392,0.58,0.41,0.04,0.37,0.0,-58.8916
890187,4393,0.57,0.42,0.04,0.38,0.0,-58.341
890307,4394,0.58,0.41,0.04,0.37,0.0,-57.0939
890614,4395,0.58,0.41,0.04,0.37,0.0,-56.8938
890721,4396,0.59,0.4,0.04,0.36,0.0,-56.5056
890923,4397,0.59,0.4,0.04,0.36,0.0,-56.9632
891185,4398,0.58,0.41,0.04,0.37,0.0,-57.7884
891469,4399,0.57,0.42,0.05,0.37,0.0,-58.2024
891501,4400,0.57,0.42,0.05,0.37,0.0,-57.8655
891845,4401,0.57,0.42,0.05,0.37,0.0,-58.7643
892113,4402,0.58,0.41,0.05,0.36,0.0,-57.8846
892343,4403,0.58,0.41,0.05,0.36,0.0,-57.4503
892686,4404,0.58,0.41,0.05,0.36,0.0,-57.339
893106,4405,0.58,0.41,0.05,0.36,0.0,-58.3063
893423,4406,0.58,0.41,0.05,0.36,0.0,-58.786
893573,4407,0.58,0.41,0.05,0.36,0.0,-58.9875
893837,4408,0.58,0.41,0.05,0.36,0.0,-59.4543
894183,4409,0.59,0.4,0.05,0.35,0.0,-59.3542
894361,4410,0.6,0.39,0.05,0.34,0.0,-58.0596
894443,4411,0.59,0.4,0.05,0.35,0.0,-58.3462
894630,4412,0.6,0.39,0.05,0.34,0.0,-57.9613
894756,4413,0.6,0.39,0.05,0.34,0.0,-57.5498
895053,4414,0.61,0.38,0.04,0.34,0.0,-57.5563
895257,4415,0.61,0.38,0.04,0.34,0.0,-57.4205
895329,4416,0.6,0.39,0.04,0.35,0.0,-57.6571
895390,4417,0.61,0.38,0.04,0.34,0.0,-56.6609
895504,4418,0.61,0.38,0.04,0.34,0.0,-55.5569
895618,4419,0.6,0.39,0.04,0.35,0.0,-55.7442
895689,4420,0.59,0.4,0.04,0.36,0.0,-55.9775
895751,4421,0.59,0.4,0.04,0.36,0.0,-55.7292
895822,4422,0.59,0.4,0.04,0.36,0.0,-55.2801
896069,4423,0.58,0.41,0.05,0.36,0.0,-56.4412
896257,4424,0.58,0.41,0.05,0.36,0.0,-56.4454
896556,4425,0.57,0.42,0.05,0.37,0.0,-57.1205
896753,4426,0.57,0.42,0.05,0.37,0.0,-56.5105
896946,4427,0.57,0.42,0.05,0.37,0.0,-56.8725
897130,4428,0.57,0.42,0.05,0.37,0.0,-57.467
897445,4429,0.56,0.43,0.05,0.38,0.0,-58.4901
897523,4430,0.57,0.42,0.05,0.37,0.0,-56.7901
897662,4431,0.57,0.42,0.05,0.37,0.0,-56.1122
897765,4432,0.56,0.43,0.05,0.38,0.0,-56.5141
898227,4433,0.56,0.43,0.05,0.38,0.0,-57.5559
898339,4434,0.56,0.43,0.05,0.38,0.0,-57.3279
898424,4435,0.56,0.43,0.05,0.38,0.0,-56.8221
899024,4436,0.55,0.43,0.05,0.38,0.0,-57.8462
899255,4437,0.56,0.42,0.05,0.37,0.0,-57.5677
899545,4438,0.56,0.42,0.04,0.38,0.0,-57.6381
899986,4439,0.57,0.41,0.04,0.37,0.0,-57.3661
900226,4440,1.0,0.0,0.0,0.0,0.0,-30.3311
900250,4441,1.0,0.0,0.0,0.0,0.0,-36.9501
900303,4442,0.58,0.4,0.04,0.36,0.0,-57.3733
900406,4443,1.0,0.0,0.0,0.0,0.0,-21.1502
900435,4444,0.58,0.4,0.04,0.36,0.0,-56.9464
900476,4445,1.0,0.0,0.0,0.0,0.0,-36.9114
900646,4446,1.0,0.0,0.0,0.0,0.0,-27.7432
900679,4447,1.0,0.0,0.0,0.0,0.0,-34.3346
900735,4448,1.0,0.0,0.0,0.0,0.0,-19.2699
900758,4449,1.0,0.0,0.0,0.0,0.0,-22.2898
900797,4450,0.58,0.4,0.04,0.36,0.0,-57.5736
901037,4451,0.8,0.2,0.0,0.2,0.0,-41.6476
901095,4452,0.59,0.39,0.04,0.35,0.0,-57.5905
901104,4453,0.8,0.2,0.0,0.2,0.0,-44.6467
901256,4454,0.6667,0.3333,0.0,0.3333,0.0,-52.5322
901350,4455,0.6,0.38,0.04,0.34,0.0,-57.6909
901533,4456,0.8333,0.1667,0.0,0.1667,0.0,-51.68
901595,4457,0.5714,0.4286,0.1429,0.2857,0.0,-65.7081
901842,4458,0.5,0.5,0.125,0.375,0.0,-73.0051
901943,4459,0.8571,0.1429,0.0,0.1429,0.0,-56.2361
901950,4460,0.59,0.38,0.04,0.34,0.0,-60.3125
902068,4461,0.59,0.38,0.04,0.34,0.0,-60.1106
902260,4462,0.5556,0.4444,0.1111,0.3333,0.0,-75.382
902274,4463,0.58,0.39,0.05,0.34,0.0,-60.2465
902319,4464,0.875,0.125,0.0,0.125,0.0,-58.9941
902525,4465,0.58,0.39,0.05,0.34,0.0,-60.2429
902587,4466,0.7778,0.2222,0.0,0.2222,0.0,-63.3509
902616,4467,0.6,0.4,0.1,0.3,0.0,-74.3983
902735,4468,0.5455,0.4545,0.0909,0.3636,0.0,-72.4512
902781,4469,0.58,0.39,0.05,0.34,0.0,-60.5257
902854,4470,0.8,0.2,0.0,0.2,0.0,-61.7143
902861,4471,0.5833,0.4167,0.0833,0.3333,0.0,-66.4826
902900,4472,0.5385,0.4615,0.0769,0.3846,0.0,-63.8667
902999,4473,0.8182,0.1818,0.0,0.1818,0.0,-57.8325
903122,4474,0.8333,0.1667,0.0,0.1667,0.0,-53.3396
903138,4475,0.58,0.39,0.05,0.34,0.0,-61.0561
903188,4476,0.7692,0.2308,0.0,0.2308,0.0,-53.4283
903191,4477,0.58,0.39,0.05,0.34,0.0,-59.8908
903205,4478,0.5714,0.4286,0.0714,0.3571,0.0,-63.2391
903353,4479,0.6,0.4,0.0667,0.3333,0.0,-59.5267
903405,4480,0.57,0.4,0.05,0.35,0.0,-60.7136
903451,4481,0.625,0.375,0.0625,0.3125,0.0,-55.5178
903495,4482,0.7857,0.2143,0.0,0.2143,0.0,-53.5618
903592,4483,0.58,0.39,0.05,0.34,0.0,-60.6657
903604,4484,0.5882,0.4118,0.0588,0.3529,0.0,-56.1288
903698,4485,0.8,0.2,0.0,0.2,0.0,-51.7565
903720,4486,0.6111,0.3889,0.0556,0.3333,0.0,-52.5644
903789,4487,0.8125,0.1875,0.0,0.1875,0.0,-47.9651
903815,4488,0.59,0.38,0.05,0.33,0.0,-60.0468
903849,4489,0.6316,0.3684,0.0526,0.3158,0.0,-50.0237
903946,4490,0.7647,0.2353,0.0,0.2353,0.0,-49.9271
904027,4491,0.59,0.38,0.05,0.33,0.0,-60.1586
904075,4492,0.7778,0.2222,0.0,0.2222,0.0,-47.5101
904166,4493,0.59,0.38,0.05,0.33,0.0,-59.8908
904217,4494,0.7895,0.2105,0.0,0.2105,0.0,-45.4183
904449,4495,0.6,0.35,0.05,0.3,0.0,-60.8073
904585,4496,0.6,0.38,0.05,0.33,0.0,-59.5509
904664,4497,0.619,0.3333,0.0476,0.2857,0.0,-59.5188
904676,4498,0.6,0.38,0.05,0.33,0.0,-59.6744
904817,4499,0.75,0.2,0.0,0.2,0.0,-53.3709
904864,4500,0.6364,0.3182,0.0455,0.2727,0.0,-57.2465
905034,4501,0.7619,0.1905,0.0,0.1905,0.0,-52.0704
905118,4502,0.6087,0.3478,0.0435,0.3043,0.0,-58.4513
905235,4503,0.7727,0.1818,0.0,0.1818,0.0,-50.3854
905361,4504,0.625,0.3333,0.0417,0.2917,0.0,-57.709
905449,4505,0.64,0.32,0.04,0.28,0.0,-55.035
905547,4506,0.7391,0.2174,0.0,0.2174,0.0,-53.0666
905841,4507,0.6538,0.3077,0.0385,0.2692,0.0,-55.6505
905873,4508,0.75,0.2083,0.0,0.2083,0.0,-53.4864
905956,4509,0.76,0.2,0.0,0.2,0.0,-50.9373
906011,4510,0.6667,0.2963,0.037,0.2593,0.0,-53.9889
906171,4511,0.6429,0.3214,0.0357,0.2857,0.0,-54.8871
906290,4512,0.6207,0.3448,0.069,0.2759,0.0,-55.4875
906488,4513,0.7692,0.1923,0.0,0.1923,0.0,-53.4038
906591,4514,0.6333,0.3333,0.0667,0.2667,0.0,-55.0126
906643,4515,0.7407,0.2222,0.0,0.2222,0.0,-54.9753
906784,4516,0.7143,0.25,0.0,0.25,0.0,-55.4537
906812,4517,0.6129,0.3548,0.0645,0.2903,0.0,-56.2252
906903,4518,0.6897,0.2759,0.0,0.2759,0.0,-55.4104
906944,4519,0.625,0.3438,0.0625,0.2812,0.0,-54.6395
907093,4520,0.6667,0.3,0.0,0.3,0.0,-56.6297
907327,4521,0.6452,0.3226,0.0,0.3226,0.0,-57.5669
907429,4522,0.6562,0.3125,0.0,0.3125,0.0,-55.4748
907544,4523,0.6061,0.3333,0.0606,0.2727,0.0,-58.0437
907660,4524,0.5882,0.3529,0.0588,0.2941,0.0,-58.6051
907852,4525,0.6,0.3429,0.0571,0.2857,0.0,-57.2918
908029,4526,0.6364,0.303,0.0,0.303,0.0,-59.081
908133,4527,0.6111,0.3333,0.0556,0.2778,0.0,-57.116
908165,4528,0.6176,0.3235,0.0,0.3235,0.0,-60.0076
908266,4529,0.6216,0.3243,0.0541,0.2703,0.0,-56.1054
908395,4530,0.6286,0.3143,0.0,0.3143,0.0,-59.3092
908450,4531,0.6053,0.3421,0.0526,0.2895,0.0,-56.3347
908643,4532,0.6154,0.3333,0.0513,0.2821,0.0,-55.5687
908741,4533,0.6389,0.3056,0.0,0.3056,0.0,-59.3574
908845,4534,0.6,0.35,0.05,0.3,0.0,-56.2739
908862,4535,0.6486,0.2973,0.0,0.2973,0.0,-57.7092
909041,4536,0.6098,0.3415,0.0488,0.2927,0.0,-55.7406
909169,4537,0.6579,0.2895,0.0,0.2895,0.0,-57.4627
909247,4538,0.641,0.3077,0.0,0.3077,0.0,-57.7075
909468,4539,0.619,0.3333,0.0476,0.2857,0.0,-56.7082
909517,4540,0.6047,0.3488,0.0465,0.3023,0.0,-56.3597
909589,4541,0.65,0.3,0.0,0.3,0.0,-58.1505
909703,4542,0.6136,0.3409,0.0455,0.2955,0.0,-55.6687
909766,4543,0.6222,0.3333,0.0444,0.2889,0.0,-54.2707
909875,4544,0.6585,0.2927,0.0,0.2927,0.0,-58.0537
909929,4545,0.6304,0.3261,0.0435,0.2826,0.0,-53.504
910270,4546,0.6383,0.3191,0.0426,0.2766,0.0,-53.9707
910305,4547,0.6667,0.2857,0.0,0.2857,0.0,-59.1515
910348,4548,0.6512,0.3023,0.0,0.3023,0.0,-58.5719
910466,4549,0.6458,0.3125,0.0417,0.2708,0.0,-53.2565
910538,4550,0.6591,0.2955,0.0,0.2955,0.0,-57.8551
910600,4551,0.6667,0.2889,0.0,0.2889,0.0,-56.4708
910638,4552,0.6327,0.3265,0.0408,0.2857,0.0,-54.234
910786,4553,0.62,0.34,0.04,0.3,0.0,-54.4398
910794,4554,0.6739,0.2826,0.0,0.2826,0.0,-56.1588
910970,4555,0.6275,0.3333,0.0392,0.2941,0.0,-53.7893
911092,4556,0.6346,0.3269,0.0385,0.2885,0.0,-52.8509
911117,4557,0.6809,0.2766,0.0,0.2766,0.0,-56.0525
911213,4558,0.6415,0.3208,0.0377,0.283,0.0,-51.7762
911295,4559,0.6481,0.3148,0.037,0.2778,0.0,-50.6373
911301,4560,0.6875,0.2708,0.0,0.2708,0.0,-55.3621
911393,4561,0.6545,0.3091,0.0364,0.2727,0.0,-49.5356
911444,4562,0.6429,0.3214,0.0357,0.2857,0.0,-49.2698
911463,4563,0.6735,0.2857,0.0,0.2857,0.0,-56.7638
911659,4564,0.6491,0.3158,0.0351,0.2807,0.0,-49.1711
911757,4565,0.66,0.3,0.02,0.28,0.0,-58.8448
911820,4566,0.6379,0.3276,0.0517,0.2759,0.0,-49.6133
911940,4567,0.6667,0.2941,0.0196,0.2745,0.0,-58.0427
912057,4568,0.6731,0.2885,0.0192,0.2692,0.0,-56.7936
912147,4569,0.6441,0.322,0.0508,0.2712,0.0,-49.9529
912184,4570,0.6792,0.283,0.0189,0.2642,0.0,-55.8777
912258,4571,0.6333,0.3333,0.05,0.2833,0.0,-50.2109
912330,4572,0.6393,0.3279,0.0492,0.2787,0.0,-49.1668
912355,4573,0.6852,0.2778,0.0185,0.2593,0.0,-55.1798
912445,4574,0.6909,0.2727,0.0182,0.2545,0.0,-54.0075
912498,4575,0.6786,0.2857,0.0179,0.2679,0.0,-53.7775
912575,4576,0.629,0.3387,0.0645,0.2742,0.0,-50.1841
912716,4577,0.6842,0.2807,0.0175,0.2632,0.0,-53.3666
912852,4578,0.6349,0.3333,0.0635,0.2698,0.0,-50.3268
912894,4579,0.6724,0.2931,0.0172,0.2759,0.0,-53.7713
912950,4580,0.6406,0.3281,0.0625,0.2656,0.0,-49.5455
913082,4581,0.6308,0.3385,0.0615,0.2769,0.0,-49.9977
913114,4582,0.661,0.3051,0.0169,0.2881,0.0,-54.7758
913203,4583,0.6212,0.3485,0.0606,0.2879,0.0,-50.1518
913242,4584,0.65,0.3167,0.0167,0.3,0.0,-55.0398
913317,4585,0.6557,0.3115,0.0164,0.2951,0.0,-53.9734
913404,4586,0.6269,0.3433,0.0597,0.2836,0.0,-49.8067
913520,4587,0.6324,0.3382,0.0588,0.2794,0.0,-49.0074
913662,4588,0.6232,0.3478,0.058,0.2899,0.0,-49.6931
913745,4589,0.6452,0.3226,0.0161,0.3065,0.0,-55.5721
913883,4590,0.6286,0.3429,0.0571,0.2857,0.0,-49.5308
914078,4591,0.6338,0.338,0.0563,0.2817,0.0,-49.6459
914174,4592,0.6508,0.3175,0.0159,0.3016,0.0,-56.5709
914268,4593,0.6562,0.3125,0.0156,0.2969,0.0,-55.6144
914350,4594,0.625,0.3472,0.0556,0.2917,0.0,-50.5472
914430,4595,0.6462,0.3231,0.0154,0.3077,0.0,-56.2374
914484,4596,0.6301,0.3425,0.0548,0.2877,0.0,-49.9964
914548,4597,0.6216,0.3514,0.0541,0.2973,0.0,-49.8664
914570,4598,0.6364,0.3333,0.0152,0.3182,0.0,-56.5743
914744,4599,0.6269,0.3433,0.0149,0.3284,0.0,-56.9169
914854,4600,0.6324,0.3382,0.0147,0.3235,0.0,-56.0675
914928,4601,0.6232,0.3478,0.0145,0.3333,0.0,-56.174
915064,4602,0.6267,0.3467,0.0533,0.2933,0.0,-51.7781
915173,4603,0.6286,0.3429,0.0143,0.3286,0.0,-56.0978
915215,4604,0.6316,0.3421,0.0526,0.2895,0.0,-51.2235
915424,4605,0.6364,0.3377,0.0519,0.2857,0.0,-51.0013
915562,4606,0.6338,0.338,0.0141,0.3239,0.0,-58.0537
915747,4607,0.625,0.3472,0.0139,0.3333,0.0,-58.6214
915822,4608,0.641,0.3333,0.0513,0.2821,0.0,-51.5748
915845,4609,0.6301,0.3425,0.0137,0.3288,0.0,-57.8035
915898,4610,0.6216,0.3514,0.0135,0.3378,0.0,-57.5075
915984,4611,0.6329,0.3418,0.0633,0.2785,0.0,-51.7889
916194,4612,0.625,0.35,0.0625,0.2875,0.0,-52.4201
916452,4613,0.6267,0.3467,0.0133,0.3333,0.0,-59.3221
916594,4614,0.6316,0.3421,0.0132,0.3289,0.0,-58.5891
916738,4615,0.6296,0.3457,0.0617,0.284,0.0,-53.573
916803,4616,0.6364,0.3377,0.013,0.3247,0.0,-58.2852
916938,4617,0.6341,0.3415,0.061,0.2805,0.0,-53.4751
917056,4618,0.6282,0.3462,0.0128,0.3333,0.0,-59.0575
917112,4619,0.6265,0.3494,0.0602,0.2892,0.0,-53.6993
917200,4620,0.6203,0.3544,0.0127,0.3418,0.0,-59.1316
917409,4621,0.6125,0.3625,0.0125,0.35,0.0,-59.6628
917670,4622,0.619,0.3571,0.0595,0.2976,0.0,-54.9336
917861,4623,0.6235,0.3529,0.0588,0.2941,0.0,-54.5719
917961,4624,0.6049,0.3704,0.0123,0.358,0.0,-62.617
918248,4625,0.6098,0.3659,0.0122,0.3537,0.0,-62.9077
918360,4626,0.6163,0.3605,0.0581,0.3023,0.0,-56.9224
918522,4627,0.6207,0.3563,0.0575,0.2989,0.0,-56.4937
918643,4628,0.6145,0.3614,0.012,0.3494,0.0,-63.9688
918727,4629,0.6136,0.3636,0.0568,0.3068,0.0,-56.9014
918815,4630,0.6067,0.3708,0.0562,0.3146,0.0,-57.0623
919053,4631,0.6,0.3778,0.0556,0.3222,0.0,-57.7774
919196,4632,0.6044,0.3736,0.0549,0.3187,0.0,-57.1258
919243,4633,0.6071,0.3571,0.0119,0.3452,0.0,-65.1839
919353,4634,0.5978,0.3804,0.0543,0.3261,0.0,-57.1893
919426,4635,0.6118,0.3529,0.0118,0.3412,0.0,-64.7153
919547,4636,0.5914,0.3871,0.0538,0.3333,0.0,-57.6644
919628,4637,0.5957,0.383,0.0532,0.3298,0.0,-56.9936
919752,4638,0.6047,0.3605,0.0116,0.3488,0.0,-65.4757
919908,4639,0.6092,0.3563,0.0115,0.3448,0.0,-64.824
920134,4640,0.6136,0.3523,0.0114,0.3409,0.0,-64.4577
920200,4641,0.6067,0.3596,0.0112,0.3483,0.0,-64.4059
920228,4642,0.5895,0.3789,0.0526,0.3263,0.0,-59.3065
920414,4643,0.5938,0.375,0.0521,0.3229,0.0,-58.867
920490,4644,0.6,0.3667,0.0111,0.3556,0.0,-65.1484
920634,4645,0.6044,0.3626,0.011,0.3516,0.0,-64.4578
920645,4646,0.5876,0.3814,0.0515,0.3299,0.0,-59.3708
920728,4647,0.5816,0.3878,0.051,0.3367,0.0,-59.3951
920809,4648,0.5978,0.3696,0.0217,0.3478,0.0,-64.675
920850,4649,0.5758,0.3939,0.0505,0.3434,0.0,-59.4796
921100,4650,0.5914,0.3763,0.0215,0.3548,0.0,-65.3145
921177,4651,0.5957,0.3723,0.0213,0.3511,0.0,-64.5543
921406,4652,0.57,0.4,0.05,0.35,0.0,-61.0287
921566,4653,0.56,0.41,0.05,0.36,0.0,-61.3855
921743,4654,0.55,0.42,0.05,0.37,0.0,-62.0751
921777,4655,0.5895,0.3684,0.0211,0.3474,0.0,-65.9192
921975,4656,0.5938,0.3646,0.0208,0.3438,0.0,-65.574
921990,4657,0.54,0.43,0.05,0.38,0.0,-63.0225
922208,4658,0.5876,0.3711,0.0206,0.3505,0.0,-66.0859
922243,4659,0.54,0.43,0.05,0.38,0.0,-63.8678
922393,4660,0.54,0.43,0.05,0.38,0.0,-63.4144
922808,4661,0.5816,0.3673,0.0204,0.3469,0.0,-68.2886
922941,4662,0.55,0.42,0.05,0.37,0.0,-63.3482
922947,4663,0.5758,0.3737,0.0202,0.3535,0.0,-68.4421
923152,4664,0.55,0.42,0.04,0.38,0.0,-62.9815
923350,4665,0.55,0.42,0.04,0.38,0.0,-62.6468
923482,4666,0.55,0.42,0.04,0.38,0.0,-61.7444
923547,4667,0.57,0.37,0.02,0.35,0.0,-69.5622
923596,4668,0.55,0.42,0.04,0.38,0.0,-61.2893
923645,4669,0.55,0.42,0.04,0.38,0.0,-61.1605
923749,4670,0.56,0.38,0.02,0.36,0.0,-70.1838
923794,4671,0.55,0.42,0.04,0.38,0.0,-61.2081
923926,4672,0.55,0.39,0.02,0.37,0.0,-71.2077
924011,4673,0.55,0.42,0.04,0.38,0.0,-61.879
924092,4674,0.55,0.42,0.04,0.38,0.0,-61.2953
924252,4675,0.55,0.39,0.02,0.37,0.0,-71.179
924327,4676,0.55,0.42,0.04,0.38,0.0,-61.5011
924495,4677,0.55,0.39,0.02,0.37,0.0,-71.8733
924617,4678,0.55,0.42,0.04,0.38,0.0,-62.1117
924740,4679,0.56,0.38,0.02,0.36,0.0,-71.0184
924758,4680,0.56,0.41,0.04,0.37,0.0,-61.5453
925087,4681,0.56,0.41,0.04,0.37,0.0,-61.5455
925215,4682,0.56,0.38,0.02,0.36,0.0,-70.5749
925326,4683,0.55,0.42,0.05,0.37,0.0,-62.4768
925400,4684,0.55,0.39,0.02,0.37,0.0,-70.6976
925412,4685,0.55,0.43,0.05,0.38,0.0,-60.3826
925532,4686,0.55,0.39,0.02,0.37,0.0,-69.9794
925669,4687,0.56,0.38,0.02,0.36,0.0,-69.4869
925717,4688,0.55,0.39,0.02,0.37,0.0,-69.4516
925841,4689,0.55,0.39,0.02,0.37,0.0,-69.2878
926012,4690,0.54,0.43,0.05,0.38,0.0,-62.157
926072,4691,0.54,0.4,0.02,0.38,0.0,-70.3573
926138,4692,0.55,0.39,0.02,0.37,0.0,-69.709
926171,4693,0.54,0.43,0.05,0.38,0.0,-62.2739
926297,4694,0.55,0.42,0.05,0.37,0.0,-61.4575
926365,4695,0.55,0.39,0.02,0.37,0.0,-69.4747
926604,4696,0.54,0.4,0.02,0.38,0.0,-70.4111
926741,4697,0.54,0.4,0.02,0.38,0.0,-70.5988
926897,4698,0.54,0.42,0.05,0.37,0.0,-62.8424
927029,4699,0.54,0.4,0.02,0.38,0.0,-70.9451
927107,4700,0.54,0.4,0.02,0.38,0.0,-70.7698
927154,4701,0.54,0.42,0.05,0.37,0.0,-63.2993
927350,4702,0.54,0.4,0.02,0.38,0.0,-71.207
927400,4703,0.54,0.41,0.02,0.39,0.0,-69.5512
927661,4704,0.53,0.43,0.05,0.38,0.0,-64.4742
927790,4705,0.53,0.43,0.05,0.38,0.0,-64.4946
928000,4706,0.53,0.41,0.02,0.39,0.0,-71.7717
928075,4707,0.53,0.43,0.05,0.38,0.0,-65.1946
928295,4708,0.54,0.42,0.04,0.38,0.0,-64.7261
928595,4709,0.53,0.41,0.02,0.39,0.0,-73.1815
928675,4710,0.53,0.43,0.04,0.39,0.0,-65.8556
928751,4711,0.54,0.4,0.02,0.38,0.0,-72.3933
928821,4712,0.54,0.42,0.04,0.38,0.0,-65.1004
929036,4713,0.53,0.43,0.04,0.39,0.0,-66.2184
929093,4714,0.53,0.44,0.04,0.4,0.0,-64.9623
929237,4715,0.53,0.44,0.05,0.39,0.0,-64.8883
929351,4716,0.53,0.4,0.02,0.38,0.0,-73.5458
929387,4717,0.52,0.45,0.05,0.4,0.0,-65.6702
929611,4718,0.53,0.4,0.02,0.38,0.0,-74.0053
929657,4719,0.52,0.45,0.05,0.4,0.0,-65.8534
929743,4720,0.52,0.45,0.05,0.4,0.0,-65.637
929817,4721,0.52,0.45,0.05,0.4,0.0,-65.5121
929954,4722,0.53,0.4,0.02,0.38,0.0,-73.343
930046,4723,0.52,0.45,0.05,0.4,0.0,-65.716
930091,4724,0.54,0.39,0.02,0.37,0.0,-72.4558
930431,4725,0.55,0.38,0.02,0.36,0.0,-72.5552
930488,4726,0.53,0.44,0.05,0.39,0.0,-65.8504
930695,4727,0.52,0.45,0.05,0.4,0.0,-66.5074
930775,4728,0.56,0.37,0.02,0.35,0.0,-72.7508
930793,4729,0.51,0.46,0.05,0.41,0.0,-66.291
930879,4730,0.51,0.46,0.05,0.41,0.0,-66.6296
931124,4731,0.57,0.36,0.02,0.34,0.0,-72.545
931127,4732,0.5,0.47,0.05,0.42,0.0,-67.5758
931249,4733,0.49,0.48,0.05,0.43,0.0,-68.5837
931301,4734,0.58,0.35,0.02,0.33,0.0,-71.9044
931505,4735,0.48,0.49,0.05,0.44,0.0,-69.3833
931612,4736,0.48,0.49,0.05,0.44,0.0,-68.6775
931665,4737,0.58,0.35,0.02,0.33,0.0,-73.2317
931716,4738,0.58,0.36,0.02,0.34,0.0,-71.8723
931853,4739,0.58,0.36,0.03,0.33,0.0,-71.6772
931973,4740,0.57,0.37,0.03,0.34,0.0,-71.9789
932212,4741,0.47,0.49,0.05,0.44,0.0,-70.3017
932213,4742,0.57,0.37,0.03,0.34,0.0,-71.6542
932318,4743,0.57,0.37,0.03,0.34,0.0,-71.7596
932364,4744,0.56,0.38,0.03,0.35,0.0,-71.6637
932387,4745,0.47,0.49,0.05,0.44,0.0,-70.2571
932522,4746,0.57,0.37,0.03,0.34,0.0,-71.0885
932611,4747,0.47,0.49,0.05,0.44,0.0,-70.6925
932684,4748,0.47,0.49,0.05,0.44,0.0,-70.3527
932956,4749,0.57,0.37,0.03,0.34,0.0,-71.4403
933074,4750,0.47,0.49,0.05,0.44,0.0,-71.2894
933176,4751,0.56,0.38,0.03,0.35,0.0,-72.0055
933260,4752,0.55,0.39,0.03,0.36,0.0,-71.6352
933372,4753,0.47,0.49,0.05,0.44,0.0,-71.8661
933409,4754,0.55,0.39,0.03,0.36,0.0,-72.3013
933449,4755,0.46,0.5,0.05,0.45,0.0,-72.3826
933740,4756,0.54,0.4,0.03,0.37,0.0,-73.2056
933763,4757,0.46,0.5,0.05,0.45,0.0,-73.218
933822,4758,0.53,0.41,0.03,0.38,0.0,-73.9936
934098,4759,0.46,0.5,0.05,0.45,0.0,-74.1877
934101,4760,0.53,0.41,0.03,0.38,0.0,-74.1989
934175,4761,0.45,0.51,0.05,0.46,0.0,-74.3156
934206,4762,0.53,0.41,0.03,0.38,0.0,-73.6849
934433,4763,0.45,0.51,0.04,0.47,0.0,-74.7036
934539,4764,0.44,0.52,0.04,0.48,0.0,-74.6316
934666,4765,0.45,0.51,0.04,0.47,0.0,-73.9762
934696,4766,0.53,0.41,0.03,0.38,0.0,-74.4924
934888,4767,0.53,0.41,0.03,0.38,0.0,-74.2865
935123,4768,0.54,0.4,0.02,0.38,0.0,-73.1864
935131,4769,0.45,0.51,0.04,0.47,0.0,-75.2908
935189,4770,0.45,0.51,0.03,0.48,0.0,-74.7079
935193,4771,0.54,0.4,0.02,0.38,0.0,-72.8406
935359,4772,0.45,0.51,0.03,0.48,0.0,-74.2219
935465,4773,0.45,0.51,0.03,0.48,0.0,-74.1966
935639,4774,0.54,0.4,0.02,0.38,0.0,-74.1663
935739,4775,0.45,0.51,0.03,0.48,0.0,-74.6383
936000,4776,0.54,0.4,0.02,0.38,0.0,-74.7599
936068,4777,0.53,0.41,0.02,0.39,0.0,-75.1027
936069,4778,0.46,0.5,0.03,0.47,0.0,-75.3939
936217,4779,0.45,0.51,0.03,0.48,0.0,-75.8347
936391,4780,0.53,0.41,0.02,0.39,0.0,-75.9337
936559,4781,0.45,0.51,0.03,0.48,0.0,-76.5946
936793,4782,0.54,0.4,0.02,0.38,0.0,-76.398
936813,4783,0.45,0.51,0.03,0.48,0.0,-76.717
936856,4784,0.53,0.41,0.02,0.39,0.0,-76.5299
937232,4785,0.53,0.41,0.02,0.39,0.0,-77.4626
937284,4786,0.53,0.41,0.02,0.39,0.0,-76.7539
937409,4787,0.54,0.4,0.02,0.38,0.0,-76.068
937413,4788,0.44,0.51,0.03,0.48,0.0,-77.9099
937656,4789,0.53,0.41,0.02,0.39,0.0,-77.4557
937727,4790,0.53,0.41,0.02,0.39,0.0,-76.6194
937893,4791,0.53,0.41,0.02,0.39,0.0,-75.4617
938003,4792,0.53,0.41,0.02,0.39,0.0,-75.533
938013,4793,0.43,0.51,0.03,0.48,0.0,-79.828
938171,4794,0.44,0.5,0.03,0.47,0.0,-78.8844
938273,4795,0.53,0.41,0.02,0.39,0.0,-75.8134
938668,4796,0.54,0.4,0.02,0.38,0.0,-76.219
938771,4797,0.43,0.5,0.03,0.47,0.0,-81.2402
938936,4798,0.43,0.5,0.03,0.47,0.0,-81.7505
938940,4799,0.55,0.39,0.02,0.37,0.0,-76.1274
939263,4800,0.43,0.5,0.03,0.47,0.0,-80.5869
939284,4801,0.54,0.4,0.02,0.38,0.0,-77.5476
939523,4802,0.42,0.51,0.03,0.48,0.0,-81.6682
939591,4803,0.41,0.52,0.03,0.49,0.0,-82.0089
939603,4804,0.55,0.39,0.02,0.37,0.0,-77.5197
940191,4805,0.4,0.52,0.03,0.49,0.0,-82.5897
940203,4806,0.54,0.39,0.02,0.37,0.0,-78.6358
940298,4807,0.4,0.52,0.02,0.5,0.0,-82.7313
940330,4808,0.53,0.4,0.03,0.37,0.0,-77.2533
940410,4809,0.4,0.52,0.02,0.5,0.0,-82.5268
940477,4810,0.39,0.53,0.02,0.51,0.0,-81.5024
940574,4811,0.54,0.39,0.03,0.36,0.0,-76.707
940753,4812,0.53,0.4,0.03,0.37,0.0,-77.6462
940798,4813,0.38,0.54,0.02,0.52,0.0,-82.7478
940846,4814,0.53,0.4,0.03,0.37,0.0,-78.0247
940875,4815,0.39,0.53,0.02,0.51,0.0,-81.9528
940911,4816,0.39,0.53,0.02,0.51,0.0,-80.7508
940950,4817,0.53,0.4,0.03,0.37,0.0,-76.0575
941031,4818,0.53,0.4,0.03,0.37,0.0,-75.936
941078,4819,0.39,0.53,0.02,0.51,0.0,-80.9594
941150,4820,0.52,0.41,0.04,0.37,0.0,-76.2273
941220,4821,0.39,0.53,0.02,0.51,0.0,-79.2597
941339,4822,0.39,0.53,0.02,0.51,0.0,-79.0864
941363,4823,0.52,0.41,0.04,0.37,0.0,-75.9773
941708,4824,0.53,0.4,0.04,0.36,0.0,-76.351
941772,4825,0.4,0.52,0.02,0.5,0.0,-79.2097
941862,4826,0.54,0.39,0.04,0.35,0.0,-75.4112
941994,4827,0.54,0.39,0.04,0.35,0.0,-73.2505
942054,4828,0.53,0.4,0.04,0.36,0.0,-72.8567
942087,4829,0.4,0.52,0.03,0.49,0.0,-79.7654
942326,4830,0.4,0.52,0.03,0.49,0.0,-79.6377
942345,4831,0.52,0.41,0.04,0.37,0.0,-72.6144
942389,4832,0.39,0.53,0.03,0.5,0.0,-80.1023
942573,4833,0.39,0.53,0.03,0.5,0.0,-80.4055
942731,4834,0.39,0.53,0.03,0.5,0.0,-80.2847
942747,4835,0.52,0.42,0.04,0.38,0.0,-72.0847
942814,4836,0.51,0.43,0.04,0.39,0.0,-72.4936
942883,4837,0.38,0.54,0.03,0.51,0.0,-81.2718
942969,4838,0.51,0.43,0.04,0.39,0.0,-72.1526
943098,4839,0.5,0.44,0.04,0.4,0.0,-72.9883
943199,4840,0.49,0.45,0.04,0.41,0.0,-73.3703
943246,4841,0.49,0.45,0.04,0.41,0.0,-73.215
943483,4842,0.38,0.54,0.03,0.51,0.0,-80.4691
943633,4843,0.5,0.44,0.04,0.4,0.0,-72.7836
943717,4844,0.5,0.44,0.04,0.4,0.0,-72.7293
943751,4845,0.38,0.54,0.03,0.51,0.0,-80.7194
943760,4846,0.5,0.44,0.03,0.41,0.0,-72.295
943880,4847,0.5,0.44,0.03,0.41,0.0,-71.7989
944029,4848,0.49,0.45,0.03,0.42,0.0,-72.6977
944043,4849,0.39,0.53,0.03,0.5,0.0,-80.3804
944164,4850,0.5,0.45,0.03,0.42,0.0,-70.8458
944302,4851,0.4,0.52,0.03,0.49,0.0,-80.1277
944486,4852,0.41,0.51,0.03,0.48,0.0,-79.685
944674,4853,0.41,0.51,0.04,0.47,0.0,-78.4741
944687,4854,0.49,0.46,0.04,0.42,0.0,-72.57
944816,4855,0.41,0.51,0.04,0.47,0.0,-78.4165
944948,4856,0.49,0.46,0.04,0.42,0.0,-72.681
945117,4857,0.49,0.47,0.04,0.43,0.0,-70.7703
945288,4858,0.5,0.46,0.04,0.42,0.0,-70.1174
945416,4859,0.41,0.5,0.04,0.46,0.0,-78.9583
945468,4860,0.51,0.46,0.04,0.42,0.0,-68.5185
945578,4861,0.41,0.5,0.04,0.46,0.0,-78.5285
945618,4862,0.51,0.46,0.04,0.42,0.0,-68.3638
946134,4863,0.41,0.5,0.04,0.46,0.0,-80.0544
946218,4864,0.51,0.45,0.04,0.41,0.0,-69.1007
946281,4865,0.41,0.5,0.05,0.45,0.0,-80.0113
946378,4866,0.41,0.5,0.05,0.45,0.0,-78.9426
946511,4867,0.51,0.45,0.04,0.41,0.0,-69.256
946564,4868,0.41,0.5,0.05,0.45,0.0,-78.8195
946693,4869,0.51,0.45,0.04,0.41,0.0,-68.7576
946749,4870,0.42,0.49,0.05,0.44,0.0,-78.4527
946855,4871,0.5,0.46,0.04,0.42,0.0,-69.0757
947027,4872,0.41,0.5,0.05,0.45,0.0,-80.0393
947078,4873,0.5,0.46,0.04,0.42,0.0,-68.9209
947241,4874,0.51,0.45,0.04,0.41,0.0,-68.1399
947263,4875,0.4,0.51,0.05,0.46,0.0,-80.8583
947670,4876,0.41,0.5,0.05,0.45,0.0,-81.02
947841,4877,0.5,0.45,0.04,0.41,0.0,-70.4587
947894,4878,0.49,0.46,0.04,0.42,0.0,-70.3283
948004,4879,0.5,0.45,0.04,0.41,0.0,-69.9011
948140,4880,0.5,0.45,0.04,0.41,0.0,-69.9753
948270,4881,0.4,0.5,0.05,0.45,0.0,-82.7476
948391,4882,0.5,0.45,0.04,0.41,0.0,-69.9991
948409,4883,0.41,0.49,0.05,0.44,0.0,-81.8797
948590,4884,0.49,0.46,0.04,0.42,0.0,-71.071
948694,4885,0.4,0.5,0.06,0.44,0.0,-83.7427
948773,4886,0.48,0.47,0.04,0.43,0.0,-71.4595
948933,4887,0.48,0.47,0.04,0.43,0.0,-71.16
949139,4888,0.48,0.47,0.04,0.43,0.0,-71.4511
949294,4889,0.39,0.5,0.06,0.44,0.0,-85.3483
949419,4890,0.48,0.47,0.05,0.42,0.0,-71.538
949438,4891,0.39,0.5,0.06,0.44,0.0,-84.8647
949500,4892,0.47,0.48,0.05,0.43,0.0,-72.0765
949699,4893,0.46,0.49,0.05,0.44,0.0,-72.4859
949892,4894,0.38,0.51,0.06,0.45,0.0,-86.3813
950165,4895,0.47,0.48,0.05,0.43,0.0,-72.1141
950168,4896,0.37,0.52,0.06,0.46,0.0,-87.2359
950356,4897,0.38,0.51,0.05,0.46,0.0,-86.4596
950450,4898,0.48,0.48,0.05,0.43,0.0,-70.3471
950642,4899,0.38,0.51,0.05,0.46,0.0,-87.2715
950871,4900,0.39,0.51,0.05,0.46,0.0,-85.5596
951050,4901,0.47,0.48,0.05,0.43,0.0,-70.9972
951083,4902,0.38,0.52,0.05,0.47,0.0,-86.3208
951125,4903,0.47,0.48,0.05,0.43,0.0,-70.5549
951274,4904,0.38,0.52,0.05,0.47,0.0,-86.4781
951352,4905,0.48,0.48,0.05,0.43,0.0,-69.1343
951436,4906,0.39,0.52,0.05,0.47,0.0,-84.769
951461,4907,0.47,0.49,0.05,0.44,0.0,-69.3352
951673,4908,0.38,0.53,0.06,0.47,0.0,-85.3824
951806,4909,0.46,0.5,0.05,0.45,0.0,-70.0997
951858,4910,0.39,0.52,0.06,0.46,0.0,-83.776
952001,4911,0.46,0.5,0.05,0.45,0.0,-70.2825
952112,4912,0.39,0.52,0.06,0.46,0.0,-84.5421
952129,4913,0.46,0.5,0.05,0.45,0.0,-69.5259
952303,4914,0.45,0.51,0.05,0.46,0.0,-69.6395
952374,4915,0.45,0.51,0.05,0.46,0.0,-68.8003
952596,4916,0.45,0.51,0.05,0.46,0.0,-68.8795
952712,4917,0.39,0.51,0.06,0.45,0.0,-85.056
952744,4918,0.45,0.51,0.05,0.46,0.0,-67.7078
953116,4919,0.38,0.52,0.06,0.46,0.0,-86.3076
953132,4920,0.46,0.5,0.05,0.45,0.0,-68.918
953217,4921,0.46,0.5,0.04,0.46,0.0,-68.8691
953221,4922,0.38,0.52,0.06,0.46,0.0,-85.4291
953376,4923,0.46,0.5,0.04,0.46,0.0,-69.0689
953428,4924,0.37,0.53,0.06,0.47,0.0,-86.0884
953431,4925,0.45,0.51,0.04,0.47,0.0,-69.2319
953706,4926,0.37,0.53,0.06,0.47,0.0,-85.9674
953880,4927,0.45,0.51,0.04,0.47,0.0,-70.1874
953916,4928,0.37,0.53,0.06,0.47,0.0,-86.5413
953979,4929,0.46,0.5,0.04,0.46,0.0,-69.6927
954236,4930,0.46,0.5,0.04,0.46,0.0,-70.0599
954412,4931,0.46,0.5,0.04,0.46,0.0,-69.062
954467,4932,0.38,0.52,0.05,0.47,0.0,-87.0262
954551,4933,0.39,0.51,0.05,0.46,0.0,-86.0914
954752,4934,0.39,0.51,0.05,0.46,0.0,-85.5513
955012,4935,0.46,0.49,0.04,0.45,0.0,-70.1188
955061,4936,0.38,0.52,0.05,0.47,0.0,-86.9545
955190,4937,0.39,0.51,0.05,0.46,0.0,-86.5173
955218,4938,0.46,0.49,0.04,0.45,0.0,-70.4357
955239,4939,0.38,0.52,0.05,0.47,0.0,-86.5278
955371,4940,0.37,0.53,0.05,0.48,0.0,-86.3104
955414,4941,0.46,0.49,0.04,0.45,0.0,-70.464
955582,4942,0.46,0.49,0.04,0.45,0.0,-70.2773
955636,4943,0.37,0.53,0.05,0.48,0.0,-86.0237
955702,4944,0.37,0.53,0.05,0.48,0.0,-85.6642
955784,4945,0.38,0.52,0.05,0.47,0.0,-84.834
955845,4946,0.38,0.52,0.05,0.47,0.0,-84.0759
955875,4947,0.47,0.48,0.04,0.44,0.0,-70.1416
955888,4948,0.38,0.52,0.05,0.47,0.0,-83.5427
955956,4949,0.46,0.49,0.04,0.45,0.0,-69.9719
956052,4950,0.46,0.49,0.04,0.45,0.0,-69.9501
956061,4951,0.38,0.52,0.05,0.47,0.0,-83.3886
956226,4952,0.38,0.52,0.05,0.47,0.0,-83.4559
956234,4953,0.45,0.5,0.04,0.46,0.0,-69.8466
956370,4954,0.38,0.53,0.06,0.47,0.0,-82.4038
956440,4955,0.45,0.5,0.04,0.46,0.0,-69.7508
956496,4956,0.39,0.52,0.06,0.46,0.0,-81.4715
956590,4957,0.44,0.51,0.04,0.47,0.0,-69.9102
956672,4958,0.4,0.51,0.06,0.45,0.0,-80.4759
956805,4959,0.39,0.52,0.06,0.46,0.0,-81.3844
956836,4960,0.44,0.51,0.04,0.47,0.0,-70.8854
956950,4961,0.44,0.51,0.04,0.47,0.0,-69.684
957131,4962,0.38,0.53,0.06,0.47,0.0,-82.5605
957189,4963,0.44,0.51,0.04,0.47,0.0,-69.3372
957299,4964,0.45,0.5,0.04,0.46,0.0,-68.7859
957471,4965,0.37,0.54,0.06,0.48,0.0,-83.4345
957580,4966,0.45,0.5,0.04,0.46,0.0,-68.5714
957681,4967,0.38,0.53,0.06,0.47,0.0,-83.4733
957819,4968,0.44,0.51,0.04,0.47,0.0,-68.6038
957974,4969,0.38,0.53,0.06,0.47,0.0,-83.3308
958043,4970,0.44,0.51,0.04,0.47,0.0,-69.0433
958179,4971,0.44,0.51,0.04,0.47,0.0,-67.9746
958228,4972,0.38,0.53,0.06,0.47,0.0,-83.0475
958358,4973,0.38,0.53,0.06,0.47,0.0,-83.2271
958421,4974,0.45,0.5,0.04,0.46,0.0,-67.8007
958580,4975,0.38,0.53,0.06,0.47,0.0,-83.1541
958676,4976,0.45,0.5,0.04,0.46,0.0,-68.3439
958701,4977,0.38,0.53,0.06,0.47,0.0,-83.2069
958776,4978,0.37,0.54,0.06,0.48,0.0,-83.7133
958845,4979,0.46,0.49,0.04,0.45,0.0,-67.2676
958970,4980,0.46,0.49,0.04,0.45,0.0,-67.3798
959003,4981,0.37,0.54,0.06,0.48,0.0,-82.7815
959123,4982,0.38,0.53,0.06,0.47,0.0,-82.2663
959296,4983,0.46,0.49,0.04,0.45,0.0,-68.1799
959307,4984,0.37,0.54,0.06,0.48,0.0,-82.9309
959655,4985,0.36,0.55,0.06,0.49,0.0,-84.3788
959896,4986,0.45,0.49,0.04,0.45,0.0,-69.5539
960009,4987,0.36,0.55,0.06,0.49,0.0,-84.7303
960150,4988,0.46,0.48,0.04,0.44,0.0,-68.6326
960292,4989,0.36,0.55,0.06,0.49,0.0,-84.3329
960335,4990,0.46,0.48,0.04,0.44,0.0,-67.603
960386,4991,0.45,0.49,0.04,0.45,0.0,-67.2548
960748,4992,0.37,0.54,0.06,0.48,0.0,-84.5911
960867,4993,0.45,0.49,0.04,0.45,0.0,-68.0677
960992,4994,0.36,0.55,0.07,0.48,0.0,-84.8885
961041,4995,0.36,0.55,0.07,0.48,0.0,-84.2613
961153,4996,0.44,0.5,0.04,0.46,0.0,-68.9555
961173,4997,0.36,0.56,0.07,0.49,0.0,-83.4878
961268,4998,0.36,0.57,0.07,0.5,0.0,-81.6703
961542,4999,0.35,0.58,0.07,0.51,0.0,-82.6931
961607,5000,0.45,0.5,0.04,0.46,0.0,-68.341
961658,5001,0.35,0.59,0.07,0.52,0.0,-81.021
961709,5002,0.46,0.49,0.03,0.46,0.0,-67.7503
961796,5003,0.46,0.49,0.03,0.46,0.0,-67.2461
961815,5004,0.36,0.58,0.07,0.51,0.0,-80.2737
962055,5005,0.36,0.58,0.07,0.51,0.0,-80.1724
962310,5006,0.46,0.49,0.03,0.46,0.0,-68.5914
962490,5007,0.46,0.49,0.03,0.46,0.0,-68.6823
962512,5008,0.36,0.58,0.07,0.51,0.0,-80.6577
962830,5009,0.45,0.5,0.03,0.47,0.0,-69.8624
962883,5010,0.36,0.58,0.07,0.51,0.0,-81.0895
962923,5011,0.44,0.51,0.03,0.48,0.0,-70.6547
963056,5012,0.45,0.5,0.02,0.48,0.0,-69.9521
963118,5013,0.36,0.59,0.07,0.52,0.0,-80.8124
963150,5014,0.45,0.5,0.02,0.48,0.0,-69.7654
963255,5015,0.37,0.58,0.07,0.51,0.0,-79.9663
963346,5016,0.45,0.5,0.02,0.48,0.0,-69.1429
963463,5017,0.37,0.58,0.07,0.51,0.0,-80.2193
963721,5018,0.38,0.57,0.07,0.5,0.0,-80.7238
963723,5019,0.45,0.5,0.02,0.48,0.0,-70.0312
963918,5020,0.46,0.49,0.02,0.47,0.0,-69.4817
964038,5021,0.38,0.57,0.07,0.5,0.0,-80.3694
964075,5022,0.46,0.49,0.02,0.47,0.0,-69.6903
964188,5023,0.47,0.48,0.02,0.46,0.0,-68.4183
964249,5024,0.38,0.57,0.07,0.5,0.0,-80.6926
964261,5025,0.47,0.48,0.02,0.46,0.0,-67.6796
964417,5026,0.38,0.57,0.07,0.5,0.0,-81.0891
964528,5027,0.38,0.57,0.07,0.5,0.0,-80.6703
964598,5028,0.38,0.57,0.07,0.5,0.0,-80.1964
964611,5029,0.48,0.47,0.02,0.45,0.0,-67.5827
964867,5030,0.49,0.46,0.02,0.44,0.0,-67.2171
964902,5031,0.38,0.57,0.07,0.5,0.0,-80.654
965025,5032,0.5,0.45,0.02,0.43,0.0,-66.4674
965064,5033,0.38,0.57,0.07,0.5,0.0,-79.7737
965199,5034,0.39,0.56,0.06,0.5,0.0,-78.4992
965282,5035,0.51,0.44,0.02,0.42,0.0,-66.2693
965457,5036,0.51,0.44,0.02,0.42,0.0,-66.6432
965601,5037,0.4,0.55,0.06,0.49,0.0,-78.2928
965861,5038,0.4,0.55,0.06,0.49,0.0,-79.2007
966044,5039,0.4,0.55,0.06,0.49,0.0,-79.1141
966057,5040,0.5,0.44,0.02,0.42,0.0,-67.6614
966178,5041,0.4,0.55,0.06,0.49,0.0,-78.9896
966252,5042,0.4,0.55,0.06,0.49,0.0,-78.5208
966290,5043,0.4,0.56,0.06,0.5,0.0,-76.9597
966341,5044,0.5,0.44,0.02,0.42,0.0,-68.4978
966464,5045,0.5,0.44,0.02,0.42,0.0,-68.7201
966544,5046,0.5,0.44,0.02,0.42,0.0,-68.5361
966545,5047,0.39,0.57,0.06,0.51,0.0,-77.8222
966659,5048,0.51,0.43,0.02,0.41,0.0,-67.6581
966914,5049,0.39,0.57,0.06,0.51,0.0,-78.0398
966947,5050,0.51,0.43,0.02,0.41,0.0,-67.9905
967079,5051,0.51,0.43,0.01,0.42,0.0,-66.8428
967355,5052,0.52,0.42,0.01,0.41,0.0,-66.1296
967388,5053,0.39,0.57,0.06,0.51,0.0,-78.5101
967452,5054,0.53,0.41,0.01,0.4,0.0,-65.1564
967495,5055,0.38,0.58,0.06,0.52,0.0,-78.9756
967556,5056,0.52,0.42,0.01,0.41,0.0,-65.5153
967609,5057,0.38,0.58,0.05,0.53,0.0,-78.7061
967720,5058,0.52,0.42,0.01,0.41,0.0,-65.5583
967756,5059,0.52,0.42,0.01,0.41,0.0,-65.1511
967759,5060,0.39,0.57,0.05,0.52,0.0,-78.1702
967805,5061,0.39,0.58,0.05,0.53,0.0,-76.9549
967940,5062,0.52,0.43,0.01,0.42,0.0,-64.3464
967944,5063,0.39,0.58,0.05,0.53,0.0,-77.0301
968133,5064,0.39,0.58,0.05,0.53,0.0,-74.9712
968142,5065,0.52,0.43,0.01,0.42,0.0,-64.0726
968370,5066,0.39,0.58,0.05,0.53,0.0,-75.4217
968572,5067,0.51,0.44,0.01,0.43,0.0,-65.2672
968629,5068,0.38,0.59,0.05,0.54,0.0,-76.6576
968778,5069,0.51,0.44,0.01,0.43,0.0,-65.4588
968867,5070,0.38,0.59,0.05,0.54,0.0,-76.8132
968951,5071,0.5,0.45,0.01,0.44,0.0,-66.0691
968960,5072,0.37,0.6,0.05,0.55,0.0,-76.7487
969010,5073,0.49,0.46,0.01,0.45,0.0,-66.3342
969248,5074,0.49,0.47,0.02,0.45,0.0,-65.0484
969387,5075,0.38,0.59,0.05,0.54,0.0,-76.3837
969448,5076,0.5,0.46,0.02,0.44,0.0,-64.9522
969626,5077,0.39,0.58,0.05,0.53,0.0,-75.8408
969688,5078,0.49,0.47,0.03,0.44,0.0,-65.852
969939,5079,0.39,0.58,0.05,0.53,0.0,-76.0925
969987,5080,0.49,0.47,0.03,0.44,0.0,-66.441
970093,5081,0.39,0.59,0.06,0.53,0.0,-75.3426
970190,5082,0.49,0.47,0.04,0.43,0.0,-66.424
970246,5083,0.38,0.6,0.06,0.54,0.0,-75.8502
970291,5084,0.5,0.46,0.04,0.42,0.0,-65.44
970344,5085,0.39,0.59,0.05,0.54,0.0,-73.9921
970678,5086,0.5,0.46,0.04,0.42,0.0,-66.4565
970866,5087,0.51,0.45,0.04,0.41,0.0,-65.8294
970932,5088,0.4,0.59,0.05,0.54,0.0,-73.48
971088,5089,0.4,0.59,0.05,0.54,0.0,-73.5651
971089,5090,0.5,0.46,0.05,0.41,0.0,-66.3563
971153,5091,0.5,0.46,0.04,0.42,0.0,-65.502
971305,5092,0.4,0.59,0.05,0.54,0.0,-72.7604
971378,5093,0.4,0.59,0.05,0.54,0.0,-72.4168
971462,5094,0.39,0.6,0.05,0.55,0.0,-72.8901
971506,5095,0.39,0.6,0.05,0.55,0.0,-71.9131
971511,5096,0.51,0.45,0.04,0.41,0.0,-66.2897
971563,5097,0.51,0.45,0.04,0.41,0.0,-65.7265
971629,5098,0.38,0.61,0.05,0.56,0.0,-72.0518
971679,5099,0.5,0.46,0.04,0.42,0.0,-66.2274
971720,5100,0.39,0.6,0.05,0.55,0.0,-70.9582
971770,5101,0.5,0.46,0.04,0.42,0.0,-65.4586
972097,5102,0.5,0.47,0.04,0.43,0.0,-64.7573
972114,5103,0.39,0.6,0.05,0.55,0.0,-71.4405
972268,5104,0.5,0.47,0.04,0.43,0.0,-65.0893
972342,5105,0.39,0.6,0.05,0.55,0.0,-71.797
972398,5106,0.49,0.48,0.04,0.44,0.0,-65.3944
972456,5107,0.39,0.6,0.04,0.56,0.0,-71.4409
972674,5108,0.49,0.48,0.04,0.44,0.0,-66.1125
972846,5109,0.39,0.6,0.04,0.56,0.0,-72.1411
972949,5110,0.39,0.6,0.04,0.56,0.0,-71.1533
972970,5111,0.5,0.47,0.04,0.43,0.0,-65.338
973135,5112,0.4,0.6,0.04,0.56,0.0,-69.2477
973363,5113,0.5,0.47,0.04,0.43,0.0,-65.9607
973557,5114,0.4,0.6,0.04,0.56,0.0,-69.6318
973633,5115,0.5,0.47,0.04,0.43,0.0,-66.3222
973642,5116,0.4,0.6,0.04,0.56,0.0,-69.6733
973724,5117,0.5,0.47,0.04,0.43,0.0,-66.2273
973730,5118,0.41,0.59,0.04,0.55,0.0,-68.7652
973826,5119,0.5,0.47,0.04,0.43,0.0,-66.2909
973827,5120,0.41,0.59,0.04,0.55,0.0,-68.2854
974000,5121,0.49,0.48,0.04,0.44,0.0,-66.8125
974054,5122,0.42,0.58,0.04,0.54,0.0,-67.4877
974250,5123,0.49,0.48,0.04,0.44,0.0,-67.0814
974287,5124,0.41,0.59,0.04,0.55,0.0,-67.2791
974483,5125,0.48,0.49,0.04,0.45,0.0,-66.6108
974486,5126,0.41,0.59,0.04,0.55,0.0,-67.6328
974531,5127,0.4,0.6,0.04,0.56,0.0,-67.8178
974922,5128,0.48,0.49,0.04,0.45,0.0,-67.4703
975318,5129,0.41,0.59,0.04,0.55,0.0,-66.9888
975322,5130,0.48,0.49,0.04,0.45,0.0,-68.0309
975648,5131,0.48,0.49,0.04,0.45,0.0,-68.9486
975661,5132,0.4,0.6,0.04,0.56,0.0,-68.13
975819,5133,0.4,0.6,0.04,0.56,0.0,-68.4002
975844,5134,0.48,0.49,0.04,0.45,0.0,-68.3263
976174,5135,0.41,0.59,0.04,0.55,0.0,-68.2744
976191,5136,0.48,0.49,0.04,0.45,0.0,-69.3719
976439,5137,0.41,0.59,0.04,0.55,0.0,-68.5984
976524,5138,0.47,0.5,0.04,0.46,0.0,-70.4216
976572,5139,0.42,0.58,0.04,0.54,0.0,-68.2966
976651,5140,0.47,0.5,0.04,0.46,0.0,-70.5427
976652,5141,0.42,0.58,0.04,0.54,0.0,-68.2609
976895,5142,0.42,0.58,0.04,0.54,0.0,-68.9505
976956,5143,0.48,0.5,0.04,0.46,0.0,-69.1731
977067,5144,0.42,0.58,0.04,0.54,0.0,-69.3983
977205,5145,0.42,0.58,0.04,0.54,0.0,-69.3315
977232,5146,0.48,0.5,0.04,0.46,0.0,-69.5155
977289,5147,0.42,0.58,0.04,0.54,0.0,-69.1239
977483,5148,0.43,0.57,0.03,0.54,0.0,-68.4983
977551,5149,0.49,0.49,0.04,0.45,0.0,-69.4228
977610,5150,0.43,0.57,0.03,0.54,0.0,-68.4269
977792,5151,0.5,0.48,0.04,0.44,0.0,-68.7511
977835,5152,0.43,0.57,0.03,0.54,0.0,-68.7252
977982,5153,0.44,0.56,0.03,0.53,0.0,-68.1013
978149,5154,0.44,0.56,0.03,0.53,0.0,-66.798
978288,5155,0.5,0.48,0.04,0.44,0.0,-69.5194
978343,5156,0.45,0.55,0.03,0.52,0.0,-65.6567
978497,5157,0.44,0.56,0.03,0.53,0.0,-65.9606
978499,5158,0.51,0.47,0.04,0.43,0.0,-69.5096
978583,5159,0.51,0.47,0.04,0.43,0.0,-69.4749
978711,5160,0.43,0.57,0.03,0.54,0.0,-66.2562
978765,5161,0.51,0.47,0.04,0.43,0.0,-69.5536
978878,5162,0.44,0.56,0.03,0.53,0.0,-65.345
978921,5163,0.51,0.47,0.04,0.43,0.0,-69.536
979084,5164,0.44,0.56,0.04,0.52,0.0,-65.7926
979099,5165,0.51,0.47,0.04,0.43,0.0,-69.7204
979212,5166,0.44,0.56,0.04,0.52,0.0,-65.3302
979232,5167,0.5,0.48,0.04,0.44,0.0,-69.5559
979245,5168,0.44,0.56,0.04,0.52,0.0,-64.9794
979309,5169,0.5,0.48,0.04,0.44,0.0,-69.4531
979376,5170,0.45,0.55,0.04,0.51,0.0,-64.4788
979466,5171,0.5,0.48,0.04,0.44,0.0,-69.1082
979703,5172,0.5,0.48,0.04,0.44,0.0,-69.5499
979742,5173,0.45,0.55,0.04,0.51,0.0,-65.0172
979905,5174,0.44,0.56,0.04,0.52,0.0,-65.8921
980028,5175,0.45,0.55,0.04,0.51,0.0,-65.3756
980187,5176,0.5,0.48,0.04,0.44,0.0,-70.2856
980190,5177,0.46,0.54,0.04,0.5,0.0,-64.0451
980381,5178,0.5,0.48,0.04,0.44,0.0,-70.5226
980455,5179,0.51,0.47,0.04,0.43,0.0,-69.5412
980545,5180,0.47,0.53,0.04,0.49,0.0,-63.0637
980564,5181,0.51,0.47,0.04,0.43,0.0,-69.5728
980754,5182,0.51,0.47,0.04,0.43,0.0,-69.5495
981001,5183,0.51,0.47,0.04,0.43,0.0,-69.4085
981035,5184,0.46,0.54,0.05,0.49,0.0,-64.094
981234,5185,0.46,0.54,0.05,0.49,0.0,-63.3859
981279,5186,0.51,0.47,0.04,0.43,0.0,-69.7565
981319,5187,0.51,0.47,0.04,0.43,0.0,-69.3039
981429,5188,0.47,0.53,0.04,0.49,0.0,-62.6243
981466,5189,0.47,0.53,0.04,0.49,0.0,-62.5524
981489,5190,0.5,0.48,0.04,0.44,0.0,-69.4818
981742,5191,0.47,0.53,0.04,0.49,0.0,-63.1697
981794,5192,0.5,0.49,0.04,0.45,0.0,-69.4507
982028,5193,0.49,0.5,0.04,0.46,0.0,-70.2745
982037,5194,0.47,0.53,0.04,0.49,0.0,-63.749
982192,5195,0.49,0.5,0.04,0.46,0.0,-70.2947
982347,5196,0.5,0.49,0.04,0.45,0.0,-70.2292
982508,5197,0.51,0.48,0.04,0.44,0.0,-68.1558
982838,5198,0.52,0.47,0.04,0.43,0.0,-67.4878
982961,5199,0.51,0.48,0.04,0.44,0.0,-67.0665
983113,5200,0.5,0.49,0.04,0.45,0.0,-67.6947
983628,5201,0.49,0.5,0.05,0.45,0.0,-69.8563
983679,5202,0.49,0.5,0.05,0.45,0.0,-67.99
983852,5203,0.49,0.5,0.05,0.45,0.0,-68.0917
984099,5204,0.49,0.5,0.05,0.45,0.0,-67.9356
984197,5205,0.5,0.49,0.05,0.44,0.0,-67.2219
984223,5206,0.49,0.5,0.05,0.45,0.0,-67.7783
984450,5207,0.49,0.5,0.05,0.45,0.0,-68.0022
984544,5208,0.49,0.5,0.05,0.45,0.0,-67.4974
984722,5209,0.48,0.51,0.05,0.46,0.0,-67.3724
984903,5210,0.48,0.51,0.05,0.46,0.0,-67.3279
985065,5211,0.49,0.5,0.05,0.45,0.0,-66.7925
985151,5212,0.48,0.51,0.05,0.46,0.0,-67.3556
985272,5213,0.48,0.51,0.05,0.46,0.0,-67.598
985776,5214,0.48,0.51,0.05,0.46,0.0,-68.3426
986048,5215,0.47,0.52,0.05,0.47,0.0,-68.9418
986289,5216,0.47,0.52,0.05,0.47,0.0,-69.1765
986623,5217,0.47,0.52,0.05,0.47,0.0,-69.5899
986711,5218,0.48,0.51,0.05,0.46,0.0,-68.6808
987154,5219,0.49,0.51,0.05,0.46,0.0,-67.9578
987253,5220,0.49,0.51,0.05,0.46,0.0,-67.0897
987481,5221,0.49,0.51,0.05,0.46,0.0,-67.5328
987789,5222,0.49,0.51,0.05,0.46,0.0,-68.3821
988030,5223,0.48,0.52,0.05,0.47,0.0,-69.6359
988271,5224,0.47,0.53,0.06,0.47,0.0,-70.3531
988633,5225,0.47,0.53,0.06,0.47,0.0,-70.8241
988924,5226,0.47,0.53,0.06,0.47,0.0,-70.7048
989096,5227,0.46,0.54,0.06,0.48,0.0,-71.4391
989367,5228,0.47,0.53,0.06,0.47,0.0,-71.9425
989576,5229,0.46,0.54,0.06,0.48,0.0,-72.5311
989894,5230,0.46,0.54,0.06,0.48,0.0,-73.7942
990185,5231,0.46,0.54,0.06,0.48,0.0,-74.1351
990259,5232,0.45,0.55,0.06,0.49,0.0,-74.36
990420,5233,0.45,0.55,0.06,0.49,0.0,-73.9755
990887,5234,0.45,0.55,0.06,0.49,0.0,-74.8057
991010,5235,0.46,0.54,0.06,0.48,0.0,-73.8916
991271,5236,0.47,0.53,0.06,0.47,0.0,-73.6994
991427,5237,0.47,0.53,0.05,0.48,0.0,-73.3035
991496,5238,0.46,0.54,0.05,0.49,0.0,-73.6531
991634,5239,0.46,0.54,0.05,0.49,0.0,-73.3736
991784,5240,0.45,0.55,0.06,0.49,0.0,-73.6678
992068,5241,0.46,0.54,0.05,0.49,0.0,-73.1102
992133,5242,0.45,0.55,0.05,0.5,0.0,-73.7359
992208,5243,0.46,0.54,0.05,0.49,0.0,-71.8517
992505,5244,0.46,0.54,0.05,0.49,0.0,-72.3269
992863,5245,0.47,0.53,0.04,0.49,0.0,-71.8654
993000,5246,0.48,0.52,0.04,0.48,0.0,-71.4411
993399,5247,0.47,0.53,0.04,0.49,0.0,-71.8432
993886,5248,0.47,0.53,0.04,0.49,0.0,-73.375
994071,5249,0.48,0.52,0.04,0.48,0.0,-73.061
994316,5250,0.48,0.52,0.04,0.48,0.0,-73.5346
994417,5251,0.49,0.51,0.04,0.47,0.0,-71.9528
994743,5252,0.49,0.51,0.04,0.47,0.0,-72.3545
995002,5253,0.49,0.51,0.04,0.47,0.0,-72.7594
995208,5254,0.5,0.5,0.04,0.46,0.0,-71.7039
995278,5255,0.5,0.5,0.04,0.46,0.0,-71.1129
995406,5256,0.5,0.5,0.04,0.46,0.0,-70.2901
995675,5257,0.49,0.51,0.04,0.47,0.0,-70.9876
995782,5258,0.5,0.5,0.04,0.46,0.0,-70.2374
995993,5259,0.5,0.5,0.04,0.46,0.0,-70.5623
996202,5260,0.51,0.49,0.04,0.45,0.0,-70.0311
996346,5261,0.51,0.49,0.04,0.45,0.0,-69.7869
996442,5262,0.52,0.48,0.04,0.44,0.0,-68.652
996705,5263,0.53,0.47,0.04,0.43,0.0,-67.6512
996833,5264,0.53,0.47,0.04,0.43,0.0,-66.9012
996918,5265,0.53,0.47,0.04,0.43,0.0,-66.2756
997079,5266,0.52,0.48,0.04,0.44,0.0,-66.7909
997180,5267,0.52,0.48,0.04,0.44,0.0,-65.8747
997386,5268,0.52,0.48,0.04,0.44,0.0,-65.4298
997490,5269,0.51,0.49,0.05,0.44,0.0,-65.9173
997699,5270,0.5,0.5,0.05,0.45,0.0,-66.2363
997885,5271,0.51,0.49,0.05,0.44,0.0,-65.0514
998096,5272,0.51,0.49,0.05,0.44,0.0,-64.734
998319,5273,0.51,0.49,0.05,0.44,0.0,-64.7592
998499,5274,0.51,0.49,0.05,0.44,0.0,-63.4627
998766,5275,0.51,0.49,0.05,0.44,0.0,-64.3013
998929,5276,0.51,0.49,0.05,0.44,0.0,-64.449
998983,5277,0.51,0.49,0.05,0.44,0.0,-63.9201
999179,5278,0.52,0.48,0.05,0.43,0.0,-63.3136
999510,5279,0.53,0.47,0.05,0.42,0.0,-64.0871
999725,5280,0.54,0.46,0.05,0.41,0.0,-63.6944
999967,5281,0.54,0.46,0.05,0.41,0.0,-64.144
1000338,5282,0.53,0.47,0.06,0.41,0.0,-65.3815
1000443,5283,0.0,1.0,0.0,1.0,0.0,-191.7318
1000535,5284,0.5,0.5,0.0,0.5,0.0,-93.1406
1000665,5285,0.52,0.48,0.07,0.41,0.0,-66.2625
1000817,5286,0.6667,0.3333,0.0,0.3333,0.0,-80.1629
1000918,5287,0.75,0.25,0.0,0.25,0.0,-59.8879
1001027,5288,0.6,0.4,0.0,0.4,0.0,-64.0069
1001136,5289,0.6667,0.3333,0.0,0.3333,0.0,-53.434
1001220,5290,0.7143,0.2857,0.0,0.2857,0.0,-44.7703
1001259,5291,0.625,0.375,0.125,0.25,0.0,-45.4176
1001265,5292,0.51,0.48,0.07,0.41,0.0,-66.8044
1001458,5293,0.52,0.47,0.07,0.4,0.0,-65.8722
1001517,5294,0.6667,0.3333,0.1111,0.2222,0.0,-49.3855
1001658,5295,0.7,0.3,0.1,0.2,0.0,-45.816
1001664,5296,0.51,0.48,0.07,0.41,0.0,-66.97
1001845,5297,0.7273,0.2727,0.0909,0.1818,0.0,-42.7538
1001973,5298,0.51,0.48,0.07,0.41,0.0,-67.7839
1002024,5299,0.6667,0.3333,0.1667,0.1667,0.0,-45.23
1002091,5300,0.6154,0.3846,0.1538,0.2308,0.0,-45.6393
1002146,5301,0.5,0.49,0.07,0.42,0.0,-68.3974
1002158,5302,0.5714,0.4286,0.1429,0.2857,0.0,-45.955
1002343,5303,0.5333,0.4667,0.1333,0.3333,0.0,-48.6256
1002427,5304,0.5625,0.4375,0.125,0.3125,0.0,-45.1201
1002686,5305,0.49,0.5,0.08,0.42,0.0,-70.4692
1002715,5306,0.5882,0.4118,0.1176,0.2941,0.0,-48.9212
1002827,5307,0.48,0.51,0.08,0.43,0.0,-70.7497
1002845,5308,0.6111,0.3889,0.1111,0.2778,0.0,-46.4339
1003034,5309,0.5789,0.4211,0.1053,0.3158,0.0,-49.2832
1003115,5310,0.48,0.51,0.08,0.43,0.0,-71.8499
1003306,5311,0.49,0.5,0.08,0.42,0.0,-71.2553
1003522,5312,0.49,0.5,0.08,0.42,0.0,-71.0094
1003634,5313,0.55,0.4,0.1,0.3,0.0,-60.2856
1003684,5314,0.5238,0.4286,0.0952,0.3333,0.0,-59.4397
1003717,5315,0.5,0.49,0.08,0.41,0.0,-70.1579
1003795,5316,0.5455,0.4091,0.0909,0.3182,0.0,-56.468
1003855,5317,0.5217,0.4348,0.087,0.3478,0.0,-56.4097
1003885,5318,0.49,0.5,0.08,0.42,0.0,-70.7026
1004035,5319,0.5417,0.4167,0.0833,0.3333,0.0,-56.6698
1004112,5320,0.48,0.51,0.08,0.43,0.0,-71.3855
1004156,5321,0.52,0.44,0.08,0.36,0.0,-57.3501
1004250,5322,0.5385,0.4231,0.0769,0.3462,0.0,-54.9772
1004261,5323,0.47,0.52,0.08,0.44,0.0,-72.0675
1004346,5324,0.5556,0.4074,0.0741,0.3333,0.0,-52.4916
1004544,5325,0.5714,0.3929,0.0714,0.3214,0.0,-51.7644
1004575,5326,0.47,0.52,0.08,0.44,0.0,-71.9958
1004722,5327,0.5862,0.3793,0.069,0.3103,0.0,-50.9186
1004797,5328,0.48,0.51,0.08,0.43,0.0,-71.5561
1004834,5329,0.6,0.3667,0.0667,0.3,0.0,-49.9651
1004921,5330,0.48,0.51,0.08,0.43,0.0,-71.5791
1004933,5331,0.6129,0.3548,0.0645,0.2903,0.0,-48.275
1005134,5332,0.625,0.3438,0.0625,0.2812,0.0,-48.7142
1005172,5333,0.49,0.5,0.07,0.43,0.0,-69.8525
1005441,5334,0.6061,0.3636,0.0606,0.303,0.0,-51.4872
1005598,5335,0.5,0.49,0.07,0.42,0.0,-70.7474
1005750,5336,0.6176,0.3529,0.0588,0.2941,0.0,-52.0477
1005809,5337,0.51,0.48,0.07,0.41,0.0,-70.1256
1005860,5338,0.51,0.48,0.07,0.41,0.0,-69.5368
1005946,5339,0.5,0.49,0.07,0.42,0.0,-70.1426
1006125,5340,0.6286,0.3429,0.0571,0.2857,0.0,-52.829
1006155,5341,0.51,0.48,0.07,0.41,0.0,-69.7892
1006210,5342,0.6111,0.3611,0.0556,0.3056,0.0,-52.9865
1006316,5343,0.6216,0.3514,0.0541,0.2973,0.0,-51.4047
1006410,5344,0.6316,0.3421,0.0526,0.2895,0.0,-49.8253
1006491,5345,0.52,0.47,0.07,0.4,0.0,-69.1572
1006637,5346,0.641,0.3333,0.0513,0.2821,0.0,-49.5214
1006678,5347,0.51,0.48,0.07,0.41,0.0,-70.2372
1006776,5348,0.65,0.325,0.05,0.275,0.0,-48.3476
1006838,5349,0.52,0.47,0.07,0.4,0.0,-69.5349
1006862,5350,0.6341,0.3415,0.0488,0.2927,0.0,-48.4772
1006875,5351,0.51,0.48,0.07,0.41,0.0,-69.6454
1006952,5352,0.6429,0.3333,0.0476,0.2857,0.0,-47.0462
1007140,5353,0.6512,0.3256,0.0465,0.2791,0.0,-47.1628
1007274,5354,0.6591,0.3182,0.0455,0.2727,0.0,-46.5368
1007359,5355,0.6444,0.3333,0.0444,0.2889,0.0,-46.7118
1007439,5356,0.6522,0.3261,0.0435,0.2826,0.0,-45.5567
1007475,5357,0.5,0.48,0.07,0.41,0.0,-71.6356
1007545,5358,0.6596,0.3191,0.0426,0.2766,0.0,-44.5686
1007649,5359,0.51,0.47,0.07,0.4,0.0,-71.2598
1007738,5360,0.6667,0.3125,0.0417,0.2708,0.0,-43.9701
1007807,5361,0.51,0.47,0.07,0.4,0.0,-71.3462
1007868,5362,0.5,0.48,0.07,0.41,0.0,-70.4796
1007886,5363,0.6735,0.3061,0.0408,0.2653,0.0,-43.314
1007970,5364,0.66,0.32,0.04,0.28,0.0,-43.6561
1007993,5365,0.51,0.47,0.07,0.4,0.0,-69.3654
1008074,5366,0.51,0.47,0.07,0.4,0.0,-68.9155
1008103,5367,0.6667,0.3137,0.0392,0.2745,0.0,-42.9455
1008198,5368,0.51,0.47,0.07,0.4,0.0,-67.9913
1008228,5369,0.6538,0.3269,0.0385,0.2885,0.0,-43.5599
1008324,5370,0.6415,0.3396,0.0377,0.3019,0.0,-44.0448
1008449,5371,0.6296,0.3519,0.037,0.3148,0.0,-44.7929
1008481,5372,0.5,0.48,0.07,0.41,0.0,-69.3318
1008617,5373,0.6364,0.3455,0.0364,0.3091,0.0,-44.3468
1008804,5374,0.6429,0.3393,0.0357,0.3036,0.0,-43.9498
1008873,5375,0.6491,0.3333,0.0351,0.2982,0.0,-42.9871
1008939,5376,0.5,0.48,0.07,0.41,0.0,-69.4693
1009037,5377,0.6379,0.3448,0.0345,0.3103,0.0,-43.9394
1009128,5378,0.5,0.48,0.07,0.41,0.0,-69.7363
1009148,5379,0.6271,0.3559,0.0339,0.322,0.0,-44.3955
1009253,5380,0.5,0.48,0.07,0.41,0.0,-69.2585
1009268,5381,0.6333,0.35,0.0333,0.3167,0.0,-43.6886
1009345,5382,0.6393,0.3443,0.0328,0.3115,0.0,-42.8667
1009447,5383,0.5,0.48,0.07,0.41,0.0,-68.7515
1009451,5384,0.629,0.3548,0.0323,0.3226,0.0,-43.4096
1009531,5385,0.5,0.48,0.08,0.4,0.0,-68.1671
1009606,5386,0.619,0.3651,0.0317,0.3333,0.0,-44.6641
1009690,5387,0.625,0.3594,0.0312,0.3281,0.0,-43.8798
1009816,5388,0.6154,0.3692,0.0308,0.3385,0.0,-44.1575
1009960,5389,0.51,0.47,0.07,0.4,0.0,-67.9593
1010052,5390,0.51,0.47,0.07,0.4,0.0,-67.2073
1010117,5391,0.5,0.48,0.07,0.41,0.0,-67.1601
1010127,5392,0.6212,0.3636,0.0303,0.3333,0.0,-45.46
1010239,5393,0.5,0.48,0.07,0.41,0.0,-67.1917
1010395,5394,0.49,0.49,0.07,0.42,0.0,-66.9886
1010494,5395,0.5,0.48,0.07,0.41,0.0,-66.1397
1010562,5396,0.6119,0.3731,0.0299,0.3433,0.0,-47.5298
1010602,5397,0.6029,0.3824,0.0294,0.3529,0.0,-47.3393
1010630,5398,0.5,0.48,0.07,0.41,0.0,-65.1594
1010747,5399,0.6087,0.3768,0.029,0.3478,0.0,-46.8728
1010826,5400,0.6,0.3857,0.0429,0.3429,0.0,-47.2002
1010846,5401,0.51,0.47,0.07,0.4,0.0,-64.0207
1010947,5402,0.6056,0.3803,0.0423,0.338,0.0,-46.5288
1011041,5403,0.52,0.46,0.07,0.39,0.0,-63.8109
1011099,5404,0.6111,0.375,0.0417,0.3333,0.0,-46.1679
1011190,5405,0.6164,0.3699,0.0411,0.3288,0.0,-45.4754
1011252,5406,0.53,0.45,0.07,0.38,0.0,-63.101
1011385,5407,0.54,0.44,0.07,0.37,0.0,-61.1546
1011424,5408,0.6216,0.3649,0.0405,0.3243,0.0,-45.4649
1011487,5409,0.6267,0.36,0.04,0.32,0.0,-44.6804
1011498,5410,0.54,0.44,0.07,0.37,0.0,-61.1928
1011594,5411,0.6184,0.3684,0.0395,0.3289,0.0,-44.8878
1011715,5412,0.53,0.45,0.07,0.38,0.0,-61.9427
1011739,5413,0.6234,0.3636,0.039,0.3247,0.0,-44.3651
1011788,5414,0.6154,0.3718,0.0385,0.3333,0.0,-44.3256
1011840,5415,0.54,0.44,0.07,0.37,0.0,-61.2375
1011954,5416,0.6203,0.3671,0.038,0.3291,0.0,-44.0426
1012009,5417,0.54,0.44,0.07,0.37,0.0,-61.3364
1012084,5418,0.55,0.43,0.06,0.37,0.0,-60.5828
1012092,5419,0.625,0.3625,0.0375,0.325,0.0,-43.5702
1012185,5420,0.6296,0.358,0.037,0.321,0.0,-42.9928
1012299,5421,0.55,0.43,0.05,0.38,0.0,-60.4604
1012309,5422,0.622,0.3659,0.0488,0.3171,0.0,-43.3054
1012358,5423,0.54,0.44,0.05,0.39,0.0,-60.3665
1012371,5424,0.6265,0.3614,0.0482,0.3133,0.0,-42.6172
1012442,5425,0.54,0.44,0.05,0.39,0.0,-60.4121
1012509,5426,0.631,0.3571,0.0476,0.3095,0.0,-42.1361
1012621,5427,0.54,0.44,0.05,0.39,0.0,-60.8102
1012804,5428,0.6235,0.3647,0.0471,0.3176,0.0,-42.9583
1013140,5429,0.54,0.44,0.05,0.39,0.0,-61.3467
1013404,5430,0.6163,0.3605,0.0465,0.314,0.0,-45.118
1013474,5431,0.54,0.44,0.05,0.39,0.0,-61.4192
1013631,5432,0.6092,0.3678,0.046,0.3218,0.0,-46.027
1013769,5433,0.6136,0.3636,0.0455,0.3182,0.0,-45.6903
1013886,5434,0.54,0.44,0.05,0.39,0.0,-62.0676
1013908,5435,0.618,0.3596,0.0449,0.3146,0.0,-45.2134
1014021,5436,0.54,0.44,0.05,0.39,0.0,-61.2065
1014117,5437,0.6222,0.3556,0.0444,0.3111,0.0,-44.9371
1014189,5438,0.6154,0.3626,0.044,0.3187,0.0,-44.9777
1014292,5439,0.6196,0.3587,0.0435,0.3152,0.0,-44.4189
1014423,5440,0.6237,0.3548,0.043,0.3118,0.0,-43.9163
1014621,5441,0.54,0.43,0.05,0.38,0.0,-62.1764
1014768,5442,0.53,0.44,0.05,0.39,0.0,-62.7571
1014951,5443,0.53,0.44,0.05,0.39,0.0,-62.782
1014996,5444,0.6277,0.3511,0.0426,0.3085,0.0,-45.6954
1015142,5445,0.53,0.44,0.05,0.39,0.0,-63.0465
1015242,5446,0.6316,0.3474,0.0421,0.3053,0.0,-45.6298
1015329,5447,0.53,0.44,0.05,0.39,0.0,-62.6006
1015411,5448,0.6354,0.3438,0.0417,0.3021,0.0,-45.2631
1015428,5449,0.53,0.44,0.05,0.39,0.0,-62.0675
1015521,5450,0.6392,0.3402,0.0412,0.299,0.0,-44.7536
1015600,5451,0.53,0.44,0.05,0.39,0.0,-61.9704
1015614,5452,0.6429,0.3367,0.0408,0.2959,0.0,-44.2027
1015725,5453,0.6364,0.3434,0.0404,0.303,0.0,-44.2939
1015883,5454,0.64,0.34,0.04,0.3,0.0,-44.1
1015997,5455,0.65,0.33,0.04,0.29,0.0,-42.2446
1016200,5456,0.52,0.44,0.05,0.39,0.0,-63.7287
1016292,5457,0.65,0.33,0.04,0.29,0.0,-43.4523
1016295,5458,0.51,0.45,0.05,0.4,0.0,-64.339
1016353,5459,0.51,0.45,0.06,0.39,0.0,-63.8297
1016449,5460,0.65,0.33,0.04,0.29,0.0,-43.0137
1016515,5461,0.64,0.34,0.04,0.3,0.0,-43.4499
1016581,5462,0.65,0.33,0.04,0.29,0.0,-42.5437
1016601,5463,0.5,0.46,0.06,0.4,0.0,-65.034
1016746,5464,0.49,0.47,0.07,0.4,0.0,-65.4368
1016862,5465,0.48,0.48,0.07,0.41,0.0,-65.7451
1016964,5466,0.65,0.33,0.04,0.29,0.0,-44.1072
1016991,5467,0.47,0.49,0.07,0.42,0.0,-66.1819
1017017,5468,0.64,0.34,0.04,0.3,0.0,-44.592
1017169,5469,0.46,0.5,0.07,0.43,0.0,-66.9738
1017181,5470,0.65,0.33,0.03,0.3,0.0,-44.2203
1017271,5471,0.46,0.5,0.07,0.43,0.0,-66.4183
1017300,5472,0.65,0.33,0.03,0.3,0.0,-43.3872
1017418,5473,0.65,0.33,0.03,0.3,0.0,-43.1757
1017463,5474,0.47,0.49,0.07,0.42,0.0,-65.9652
1017519,5475,0.65,0.33,0.03,0.3,0.0,-43.0282
1017706,5476,0.48,0.48,0.07,0.41,0.0,-65.7666
1017749,5477,0.65,0.33,0.02,0.31,0.0,-43.3586
1017857,5478,0.66,0.32,0.02,0.3,0.0,-42.7625
1017916,5479,0.48,0.48,0.07,0.41,0.0,-65.9147
1018106,5480,0.66,0.32,0.02,0.3,0.0,-43.505
1018218,5481,0.66,0.32,0.02,0.3,0.0,-43.3376
1018228,5482,0.47,0.49,0.07,0.42,0.0,-67.2086
1018461,5483,0.48,0.48,0.07,0.41,0.0,-66.4623
1018519,5484,0.65,0.33,0.02,0.31,0.0,-44.8439
1018608,5485,0.64,0.34,0.02,0.32,0.0,-44.1838
1018628,5486,0.48,0.48,0.06,0.42,0.0,-66.6049
1018733,5487,0.64,0.34,0.02,0.32,0.0,-44.1747
1018847,5488,0.64,0.34,0.02,0.32,0.0,-43.9272
1018915,5489,0.48,0.48,0.06,0.42,0.0,-66.7467
1019020,5490,0.64,0.35,0.02,0.33,0.0,-42.1369
1019120,5491,0.48,0.48,0.06,0.42,0.0,-66.7868
1019160,5492,0.65,0.34,0.02,0.32,0.0,-41.7078
1019393,5493,0.48,0.48,0.06,0.42,0.0,-66.9815
1019455,5494,1.0,0.0,0.0,0.0,0.0,0.9753
1019647,5495,0.47,0.49,0.06,0.43,0.0,-67.878
1019728,5496,0.5,0.5,0.0,0.5,0.0,-55.6384
1019821,5497,0.6667,0.3333,0.0,0.3333,0.0,-35.3855
1019938,5498,0.0,0.0,0.0,0.0,0.0,-176.0175
1020050,5499,0.75,0.25,0.0,0.25,0.0,-32.8293
1020147,5500,0.8,0.2,0.0,0.2,0.0,-25.7483
1020247,5501,0.46,0.49,0.06,0.43,0.0,-69.6795
1020251,5502,0.6667,0.3333,0.0,0.3333,0.0,-33.3328
1020353,5503,0.7143,0.2857,0.0,0.2857,0.0,-28.1354
1020425,5504,0.75,0.25,0.0,0.25,0.0,-23.7302
1020467,5505,0.45,0.5,0.06,0.44,0.0,-69.438
1020538,5506,0.0,0.0,0.0,0.0,0.0,-164.3002
1020541,5507,0.6667,0.3333,0.0,0.3333,0.0,-34.1946
1020654,5508,0.3333,0.0,0.0,0.0,0.0,-113.4545
1020671,5509,0.44,0.51,0.06,0.45,0.0,-70.4258
1020743,5510,0.7,0.3,0.0,0.3,0.0,-36.0193
1020837,5511,0.45,0.5,0.06,0.44,0.0,-70.0749
1020868,5512,0.7273,0.2727,0.0,0.2727,0.0,-32.5092
1020909,5513,0.25,0.25,0.0,0.25,0.0,-113.5516
1020919,5514,0.45,0.5,0.06,0.44,0.0,-69.7254
1021046,5515,0.75,0.25,0.0,0.25,0.0,-30.6185
1021216,5516,0.6923,0.3077,0.0769,0.2308,0.0,-33.3821
1021246,5517,0.4,0.2,0.0,0.2,0.0,-104.6219
1021328,5518,0.6429,0.3571,0.0714,0.2857,0.0,-35.5454
1021402,5519,0.6,0.4,0.0667,0.3333,0.0,-36.7017
1021519,5520,0.44,0.5,0.06,0.44,0.0,-70.4438
1021571,5521,0.5625,0.4375,0.0625,0.375,0.0,-39.2453
1021647,5522,0.5882,0.4118,0.0588,0.3529,0.0,-36.2425
1021689,5523,0.5,0.1667,0.0,0.1667,0.0,-107.9795
1021778,5524,0.5556,0.4444,0.0556,0.3889,0.0,-37.8881
1021801,5525,0.5714,0.1429,0.0,0.1429,0.0,-94.881
1021904,5526,0.5789,0.4211,0.0526,0.3684,0.0,-35.7696
1022078,5527,0.55,0.45,0.05,0.4,0.0,-38.6726
1022119,5528,0.43,0.5,0.06,0.44,0.0,-71.5913
1022354,5529,0.42,0.51,0.06,0.45,0.0,-72.3745
1022401,5530,0.5,0.125,0.0,0.125,0.0,-102.2146
1022477,5531,0.4444,0.2222,0.0,0.2222,0.0,-97.4549
1022521,5532,0.5238,0.4762,0.0476,0.4286,0.0,-44.1045
1022658,5533,0.4,0.3,0.1,0.2,0.0,-97.8625
1022689,5534,0.42,0.51,0.06,0.45,0.0,-72.3884
1022721,5535,0.5455,0.4545,0.0455,0.4091,0.0,-43.6558
1022844,5536,0.5652,0.4348,0.0435,0.3913,0.0,-41.7389
1022908,5537,0.42,0.51,0.05,0.46,0.0,-72.1245
1023038,5538,0.5833,0.4167,0.0417,0.375,0.0,-43.0162
1023076,5539,0.43,0.51,0.05,0.46,0.0,-70.422
1023128,5540,0.56,0.44,0.04,0.4,0.0,-43.4705
1023200,5541,0.42,0.52,0.05,0.47,0.0,-70.8729
1023227,5542,0.5385,0.4615,0.0385,0.4231,0.0,-44.2188
1023258,5543,0.3636,0.2727,0.0909,0.1818,0.0,-103.0745
1023312,5544,0.5556,0.4444,0.037,0.4074,0.0,-42.2821
1023376,5545,0.42,0.52,0.05,0.47,0.0,-70.6573
1023409,5546,0.5714,0.4286,0.0357,0.3929,0.0,-40.407
1023527,5547,0.5862,0.4138,0.0345,0.3793,0.0,-39.3288
1023735,5548,0.6,0.4,0.0333,0.3667,0.0,-39.1251
1023807,5549,0.5806,0.4194,0.0323,0.3871,0.0,-39.229
1023852,5550,0.43,0.51,0.05,0.46,0.0,-70.2067
1023858,5551,0.3333,0.25,0.0833,0.1667,0.0,-108.1109
1023927,5552,0.5625,0.4375,0.0312,0.4062,0.0,-40.6211
1024072,5553,0.5758,0.4242,0.0303,0.3939,0.0,-39.8903
1024372,5554,0.5882,0.4118,0.0294,0.3824,0.0,-39.9604
1024452,5555,0.43,0.5,0.05,0.45,0.0,-71.0868
1024581,5556,0.5714,0.4286,0.0286,0.4,0.0,-41.1719
1024652,5557,0.43,0.5,0.04,0.46,0.0,-69.4772
1024800,5558,0.44,0.49,0.04,0.45,0.0,-68.8716
1024828,5559,0.5556,0.4444,0.0278,0.4167,0.0,-42.8523
1024917,5560,0.5405,0.4595,0.027,0.4324,0.0,-43.2956
1025091,5561,0.5526,0.4474,0.0263,0.4211,0.0,-42.1096
1025117,5562,0.45,0.48,0.04,0.44,0.0,-67.5491
1025334,5563,0.45,0.48,0.04,0.44,0.0,-67.8367
1025387,5564,0.5385,0.4615,0.0256,0.4359,0.0,-43.7938
1025516,5565,0.55,0.45,0.025,0.425,0.0,-42.6192
1025606,5566,0.5366,0.4634,0.0244,0.439,0.0,-42.8739
1025655,5567,0.46,0.47,0.04,0.43,0.0,-67.465
1025697,5568,0.5476,0.4524,0.0238,0.4286,0.0,-41.6159
1025876,5569,0.5581,0.4419,0.0233,0.4186,0.0,-41.3223
1025952,5570,0.5682,0.4318,0.0227,0.4091,0.0,-40.1716
1026042,5571,0.5556,0.4444,0.0222,0.4222,0.0,-40.6338
1026046,5572,0.46,0.47,0.04,0.43,0.0,-67.9549
1026122,5573,0.5652,0.4348,0.0217,0.413,0.0,-39.6362
1026152,5574,0.46,0.47,0.04,0.43,0.0,-67.9577
1026235,5575,0.5745,0.4255,0.0213,0.4043,0.0,-38.7796
1026386,5576,0.47,0.46,0.04,0.42,0.0,-67.5879
1026446,5577,0.5833,0.4167,0.0208,0.3958,0.0,-38.7091
1026661,5578,0.5918,0.4082,0.0204,0.3878,0.0,-38.7973
1026766,5579,0.58,0.42,0.02,0.4,0.0,-39.3226
1026947,5580,0.5882,0.4118,0.0196,0.3922,0.0,-39.1116
1026986,5581,0.47,0.45,0.04,0.41,0.0,-68.566
1027069,5582,0.5769,0.4231,0.0192,0.4038,0.0,-39.9591
1027155,5583,0.566,0.434,0.0189,0.4151,0.0,-40.4435
1027271,5584,0.5556,0.4444,0.0185,0.4259,0.0,-41.1364
1027464,5585,0.5636,0.4364,0.0182,0.4182,0.0,-40.8528
1027586,5586,0.46,0.45,0.04,0.41,0.0,-69.382
1027602,5587,0.5714,0.4286,0.0179,0.4107,0.0,-40.156
1027680,5588,0.5789,0.4211,0.0175,0.4035,0.0,-39.2782
1027868,5589,0.569,0.431,0.0172,0.4138,0.0,-40.4524
1027975,5590,0.5593,0.4407,0.0169,0.4237,0.0,-40.9722
1028099,5591,0.5667,0.4333,0.0167,0.4167,0.0,-40.2898
1028173,5592,0.5738,0.4262,0.0164,0.4098,0.0,-39.4839
1028417,5593,0.5806,0.4194,0.0161,0.4032,0.0,-40.1937
1028655,5594,0.5873,0.4127,0.0159,0.3968,0.0,-40.3706
1028735,5595,0.5938,0.4062,0.0156,0.3906,0.0,-39.5879
1028891,5596,0.6,0.4,0.0154,0.3846,0.0,-39.1716
1029035,5597,0.6061,0.3939,0.0152,0.3788,0.0,-39.0082
1029495,5598,0.6119,0.3881,0.0149,0.3731,0.0,-39.8527
1029548,5599,0.6029,0.3971,0.0147,0.3824,0.0,-39.874
1029835,5600,0.6087,0.3913,0.0145,0.3768,0.0,-40.3097
1029899,5601,0.6,0.4,0.0286,0.3714,0.0,-40.3935
1030018,5602,0.6056,0.3944,0.0282,0.3662,0.0,-39.8669
1030175,5603,0.6111,0.3889,0.0278,0.3611,0.0,-39.6058
1030279,5604,0.6164,0.3836,0.0274,0.3562,0.0,-39.2199
1030747,5605,0.6216,0.3784,0.027,0.3514,0.0,-40.259
1030811,5606,0.6267,0.3733,0.0267,0.3467,0.0,-39.5364
1030939,5607,0.6184,0.3816,0.0263,0.3553,0.0,-40.0201
1031095,5608,0.6234,0.3766,0.026,0.3506,0.0,-39.5582
1031279,5609,0.6154,0.3846,0.0256,0.359,0.0,-40.2234
1031350,5610,0.6076,0.3924,0.0253,0.3671,0.0,-40.2572
1031418,5611,0.6,0.4,0.025,0.375,0.0,-40.2792
1031512,5612,0.6049,0.3951,0.0247,0.3704,0.0,-39.7656
1031659,5613,0.5976,0.4024,0.0244,0.378,0.0,-40.3484
1031726,5614,0.6024,0.3976,0.0241,0.3735,0.0,-39.7114
1031888,5615,0.6071,0.3929,0.0238,0.369,0.0,-39.4549
1032200,5616,0.6,0.4,0.0235,0.3765,0.0,-40.4265
1032309,5617,0.593,0.407,0.0233,0.3837,0.0,-40.8126
1032528,5618,0.5862,0.4138,0.023,0.3908,0.0,-41.5472
1032659,5619,0.5909,0.4091,0.0227,0.3864,0.0,-41.2066
1032798,5620,0.5955,0.4045,0.0225,0.382,0.0,-40.7848
1033085,5621,0.6,0.4,0.0222,0.3778,0.0,-41.0098
1033143,5622,0.5934,0.4066,0.022,0.3846,0.0,-41.0571
1033265,5623,0.5978,0.4022,0.0217,0.3804,0.0,-40.6598
1033399,5624,0.6022,0.3978,0.0215,0.3763,0.0,-40.196
1033763,5625,0.6064,0.3936,0.0213,0.3723,0.0,-40.7361
1033976,5626,0.6105,0.3895,0.0211,0.3684,0.0,-40.53
1034138,5627,0.6146,0.3854,0.0208,0.3646,0.0,-40.18
1034248,5628,0.6186,0.3814,0.0206,0.3608,0.0,-39.7135
1034338,5629,0.6224,0.3776,0.0204,0.3571,0.0,-39.206
1034448,5630,0.6263,0.3737,0.0202,0.3535,0.0,-38.8503
1034568,5631,0.63,0.37,0.02,0.35,0.0,-38.4727
1034683,5632,0.63,0.37,0.02,0.35,0.0,-38.5751
1035017,5633,0.64,0.36,0.02,0.34,0.0,-38.7365
1035180,5634,0.64,0.36,0.02,0.34,0.0,-38.8821
1035302,5635,0.64,0.36,0.02,0.34,0.0,-38.8639
1035374,5636,0.64,0.36,0.02,0.34,0.0,-38.7938
1035599,5637,0.64,0.36,0.02,0.34,0.0,-39.2614
1035648,5638,0.63,0.37,0.02,0.35,0.0,-39.665
1035815,5639,0.63,0.37,0.02,0.35,0.0,-39.9133
1035925,5640,0.64,0.36,0.02,0.34,0.0,-38.732
1036045,5641,0.64,0.36,0.02,0.34,0.0,-38.17
1036133,5642,0.64,0.36,0.02,0.34,0.0,-38.1232
1036366,5643,0.63,0.37,0.02,0.35,0.0,-39.1035
1036470,5644,0.64,0.36,0.01,0.35,0.0,-38.4011
1036637,5645,0.65,0.35,0.01,0.34,0.0,-37.8903
1036838,5646,0.65,0.35,0.01,0.34,0.0,-38.3253
1037021,5647,0.65,0.35,0.01,0.34,0.0,-38.5816
1037205,5648,0.65,0.35,0.01,0.34,0.0,-38.9164
1037317,5649,0.66,0.34,0.01,0.33,0.0,-38.277
1037416,5650,0.65,0.35,0.01,0.34,0.0,-38.9878
1037601,5651,0.65,0.35,0.01,0.34,0.0,-38.9819
1037741,5652,0.66,0.34,0.01,0.33,0.0,-37.5026
1037913,5653,0.66,0.34,0.01,0.33,0.0,-37.4275
1038050,5654,0.66,0.34,0.01,0.33,0.0,-37.5911
1038180,5655,0.66,0.34,0.01,0.33,0.0,-36.8997
1038290,5656,0.67,0.33,0.01,0.32,0.0,-36.3543
1038536,5657,0.68,0.32,0.01,0.31,0.0,-35.9322
1038690,5658,0.68,0.32,0.01,0.31,0.0,-36.4154
1038775,5659,0.67,0.33,0.01,0.32,0.0,-37.2028
1038934,5660,0.67,0.33,0.01,0.32,0.0,-37.1781
1039362,5661,0.67,0.33,0.01,0.32,0.0,-38.0504
1039489,5662,0.68,0.32,0.01,0.31,0.0,-37.6064
1039851,5663,0.69,0.31,0.01,0.3,0.0,-38.2387
1039898,5664,0.68,0.32,0.01,0.31,0.0,-38.454
1040008,5665,0.68,0.32,0.01,0.31,0.0,-38.0084
1040157,5666,0.68,0.32,0.01,0.31,0.0,-37.8844
1040207,5667,0.68,0.32,0.01,0.31,0.0,-37.2332
1040319,5668,0.69,0.31,0.01,0.3,0.0,-36.6319
1040430,5669,0.69,0.31,0.01,0.3,0.0,-36.7001
1040575,5670,0.7,0.3,0.01,0.29,0.0,-35.639
1040774,5671,0.7,0.3,0.01,0.29,0.0,-36.0017
1041000,5672,0.71,0.29,0.01,0.28,0.0,-36.0097
1041214,5673,0.71,0.29,0.01,0.28,0.0,-36.3698
1041398,5674,0.71,0.29,0.01,0.28,0.0,-36.2085
1041499,5675,0.71,0.29,0.01,0.28,0.0,-36.2358
1041688,5676,0.71,0.29,0.01,0.28,0.0,-36.7117
1041746,5677,0.7,0.3,0.01,0.29,0.0,-37.2267
1041912,5678,0.7,0.3,0.01,0.29,0.0,-37.3871
1041966,5679,0.69,0.31,0.01,0.3,0.0,-37.4076
1042046,5680,0.69,0.31,0.01,0.3,0.0,-36.9903
1042092,5681,0.69,0.31,0.01,0.3,0.0,-36.7504
1042195,5682,0.69,0.31,0.01,0.3,0.0,-36.4106
1042314,5683,0.7,0.3,0.01,0.29,0.0,-35.5398
1042436,5684,0.71,0.29,0.01,0.28,0.0,-34.8529
1042665,5685,0.72,0.28,0.01,0.27,0.0,-34.3965
1042768,5686,0.72,0.28,0.01,0.27,0.0,-34.0597
1042915,5687,0.72,0.28,0.01,0.27,0.0,-34.0809
1043052,5688,0.72,0.28,0.01,0.27,0.0,-34.2084
1043217,5689,0.73,0.27,0.01,0.26,0.0,-33.3013
1043303,5690,0.74,0.26,0.01,0.25,0.0,-32.4844
1043403,5691,0.74,0.26,0.01,0.25,0.0,-32.4209
1043541,5692,0.74,0.26,0.01,0.25,0.0,-32.5733
1043620,5693,0.74,0.26,0.01,0.25,0.0,-31.66
1043856,5694,0.74,0.26,0.01,0.25,0.0,-31.7103
1043948,5695,0.74,0.26,0.01,0.25,0.0,-31.7121
1044103,5696,0.74,0.26,0.01,0.25,0.0,-31.7099
1044177,5697,0.74,0.26,0.01,0.25,0.0,-31.3358
1044295,5698,0.73,0.27,0.02,0.25,0.0,-30.9331
1044367,5699,0.73,0.27,0.02,0.25,0.0,-31.0303
1044488,5700,0.73,0.27,0.02,0.25,0.0,-30.2759
1044565,5701,0.74,0.26,0.01,0.25,0.0,-29.7677
1044629,5702,0.73,0.27,0.01,0.26,0.0,-30.1699
1044979,5703,0.72,0.28,0.01,0.27,0.0,-31.7241
1045070,5704,0.72,0.28,0.01,0.27,0.0,-31.5729
1045162,5705,0.71,0.29,0.01,0.28,0.0,-30.9355
1045196,5706,0.7,0.3,0.01,0.29,0.0,-31.432
1045595,5707,0.71,0.29,0.01,0.28,0.0,-31.4375
1045698,5708,0.71,0.29,0.01,0.28,0.0,-31.3677
1045789,5709,0.72,0.28,0.01,0.27,0.0,-30.3542
1045871,5710,0.73,0.27,0.01,0.26,0.0,-29.8864
1046113,5711,0.73,0.27,0.01,0.26,0.0,-30.8618
1046197,5712,0.73,0.27,0.01,0.26,0.0,-30.7872
1046370,5713,0.74,0.26,0.01,0.25,0.0,-29.9902
1046444,5714,0.74,0.26,0.01,0.25,0.0,-30.0017
1046558,5715,0.74,0.26,0.01,0.25,0.0,-29.8555
1046727,5716,0.74,0.26,0.01,0.25,0.0,-29.2428
1046838,5717,0.74,0.26,0.02,0.24,0.0,-29.1537
1047070,5718,0.74,0.26,0.02,0.24,0.0,-29.1045
1047220,5719,0.74,0.26,0.02,0.24,0.0,-29.0079
1047286,5720,0.74,0.26,0.02,0.24,0.0,-28.8331
1047452,5721,0.74,0.26,0.02,0.24,0.0,-28.4158
1047526,5722,0.74,0.26,0.03,0.23,0.0,-28.5297
1047631,5723,0.73,0.27,0.04,0.23,0.0,-28.9947
1047760,5724,0.72,0.28,0.05,0.23,0.0,-29.812
1047966,5725,0.72,0.28,0.05,0.23,0.0,-29.2018
1048027,5726,0.72,0.28,0.05,0.23,0.0,-28.9093
1048120,5727,0.72,0.28,0.05,0.23,0.0,-28.7527
1048222,5728,0.72,0.28,0.05,0.23,0.0,-28.7675
1048286,5729,0.72,0.28,0.05,0.23,0.0,-28.7774
1048525,5730,0.72,0.28,0.05,0.23,0.0,-29.1381
1048958,5731,0.71,0.29,0.05,0.24,0.0,-31.1938
1049070,5732,0.71,0.29,0.05,0.24,0.0,-31.0559
1049233,5733,0.71,0.29,0.05,0.24,0.0,-30.0602
1049402,5734,0.7,0.3,0.05,0.25,0.0,-30.8793
1049468,5735,0.7,0.3,0.05,0.25,0.0,-30.5779
1049620,5736,0.7,0.3,0.05,0.25,0.0,-30.6813
1049719,5737,0.71,0.29,0.05,0.24,0.0,-29.4756
1049804,5738,0.71,0.29,0.05,0.24,0.0,-29.6743
1049927,5739,0.71,0.29,0.05,0.24,0.0,-29.4778
1050176,5740,0.71,0.29,0.05,0.24,0.0,-29.6428
1050592,5741,0.71,0.29,0.05,0.24,0.0,-30.5418
1050732,5742,0.71,0.29,0.05,0.24,0.0,-30.7241
1050803,5743,0.72,0.28,0.05,0.23,0.0,-29.5214
1051204,5744,0.72,0.28,0.05,0.23,0.0,-31.2554
1051305,5745,0.71,0.29,0.06,0.23,0.0,-31.6885
1051379,5746,0.72,0.28,0.06,0.22,0.0,-30.5837
1051653,5747,0.72,0.28,0.06,0.22,0.0,-31.0329
1051787,5748,0.72,0.28,0.06,0.22,0.0,-30.8036
1051909,5749,0.72,0.28,0.06,0.22,0.0,-30.7627
1051994,5750,0.73,0.27,0.06,0.21,0.0,-29.9524
1052221,5751,0.73,0.27,0.06,0.21,0.0,-29.9714
1052300,5752,0.72,0.28,0.07,0.21,0.0,-30.5385
1052401,5753,0.71,0.29,0.07,0.22,0.0,-30.9729
1052493,5754,0.71,0.29,0.07,0.22,0.0,-30.7404
1052572,5755,0.71,0.29,0.07,0.22,0.0,-30.5976
1052667,5756,0.71,0.29,0.07,0.22,0.0,-30.535
1052947,5757,0.71,0.29,0.07,0.22,0.0,-31.4534
1053157,5758,0.71,0.29,0.07,0.22,0.0,-31.6124
1053260,5759,0.72,0.28,0.07,0.21,0.0,-30.8481
1053317,5760,0.72,0.28,0.07,0.21,0.0,-30.6082
1053388,5761,0.72,0.28,0.07,0.21,0.0,-29.3016
1053650,5762,0.72,0.28,0.07,0.21,0.0,-29.6181
1053808,5763,0.72,0.28,0.07,0.21,0.0,-28.2889
1053870,5764,0.73,0.27,0.07,0.2,0.0,-27.7807
1053947,5765,0.73,0.27,0.07,0.2,0.0,-27.6948
1054114,5766,0.74,0.26,0.07,0.19,0.0,-27.1024
1054242,5767,0.75,0.25,0.07,0.18,0.0,-26.7099
1054379,5768,0.74,0.26,0.07,0.19,0.0,-27.5929
1054521,5769,0.73,0.27,0.07,0.2,0.0,-28.1464
1054845,5770,0.73,0.27,0.07,0.2,0.0,-29.0249
1055002,5771,0.73,0.27,0.07,0.2,0.0,-28.6675
1055128,5772,0.73,0.27,0.07,0.2,0.0,-28.2406
1055258,5773,0.72,0.28,0.07,0.21,0.0,-28.6198
1055442,5774,0.72,0.28,0.07,0.21,0.0,-28.8067
1055542,5775,0.71,0.29,0.08,0.21,0.0,-29.4083
1055639,5776,0.71,0.29,0.08,0.21,0.0,-29.067
1055741,5777,0.72,0.28,0.08,0.2,0.0,-28.547
1055832,5778,0.71,0.29,0.08,0.21,0.0,-29.0441
1055978,5779,0.72,0.28,0.08,0.2,0.0,-28.6325
1056084,5780,0.71,0.29,0.08,0.21,0.0,-29.1384
1056235,5781,0.72,0.28,0.08,0.2,0.0,-28.7627
1056298,5782,0.72,0.28,0.08,0.2,0.0,-28.6961
1056629,5783,0.72,0.28,0.08,0.2,0.0,-30.0656
1056698,5784,0.71,0.29,0.08,0.21,0.0,-30.5864
1056907,5785,0.71,0.29,0.08,0.21,0.0,-30.4233
1057047,5786,0.7,0.3,0.08,0.22,0.0,-31.091
1057092,5787,0.69,0.31,0.08,0.23,0.0,-31.3926
1057201,5788,0.69,0.31,0.08,0.23,0.0,-31.3307
1057331,5789,0.69,0.31,0.08,0.23,0.0,-31.1747
1057467,5790,0.69,0.31,0.08,0.23,0.0,-31.3667
1057608,5791,0.69,0.31,0.08,0.23,0.0,-31.4769
1057684,5792,0.69,0.31,0.08,0.23,0.0,-31.3897
1057919,5793,0.68,0.32,0.08,0.24,0.0,-32.3796
1058016,5794,0.67,0.33,0.09,0.24,0.0,-32.4136
1058154,5795,0.66,0.34,0.09,0.25,0.0,-33.1562
1058353,5796,0.66,0.34,0.09,0.25,0.0,-33.6332
1058448,5797,0.66,0.34,0.09,0.25,0.0,-33.6679
1058781,5798,0.67,0.33,0.08,0.25,0.0,-34.0566
1058854,5799,0.68,0.32,0.08,0.24,0.0,-33.4366
1058909,5800,0.67,0.33,0.08,0.25,0.0,-33.9215
1059456,5801,0.66,0.34,0.08,0.26,0.0,-36.0439
1059549,5802,0.66,0.34,0.08,0.26,0.0,-36.2391
1059638,5803,0.67,0.33,0.08,0.25,0.0,-34.4245
1059703,5804,0.67,0.33,0.08,0.25,0.0,-34.3576
1059793,5805,0.68,0.32,0.08,0.24,0.0,-33.8144
1059836,5806,0.68,0.32,0.08,0.24,0.0,-33.8296
1059931,5807,0.68,0.32,0.08,0.24,0.0,-32.9751
1060030,5808,0.68,0.32,0.08,0.24,0.0,-32.9373
1060178,5809,0.68,0.32,0.08,0.24,0.0,-33.06
1060251,5810,0.68,0.32,0.08,0.24,0.0,-33.0457
1060609,5811,0.69,0.31,0.08,0.23,0.0,-32.302
1060655,5812,0.68,0.32,0.08,0.24,0.0,-32.738
1060781,5813,0.68,0.32,0.08,0.24,0.0,-32.6752
1060949,5814,0.68,0.32,0.08,0.24,0.0,-32.8355
1061052,5815,0.68,0.32,0.08,0.24,0.0,-32.7493
1061085,5816,0.68,0.32,0.08,0.24,0.0,-32.4794
1061231,5817,0.68,0.32,0.07,0.25,0.0,-32.5227
1061298,5818,0.69,0.31,0.07,0.24,0.0,-31.4025
1061691,5819,0.68,0.32,0.07,0.25,0.0,-33.0566
1061753,5820,0.67,0.33,0.07,0.26,0.0,-33.5933
1061900,5821,0.67,0.33,0.07,0.26,0.0,-33.4646
1061949,5822,0.67,0.33,0.06,0.27,0.0,-33.3054
1062063,5823,0.68,0.32,0.05,0.27,0.0,-32.8084
1062165,5824,0.68,0.32,0.04,0.28,0.0,-32.6027
1062270,5825,0.68,0.32,0.04,0.28,0.0,-32.3081
1062365,5826,0.68,0.32,0.04,0.28,0.0,-32.345
1062432,5827,0.68,0.32,0.04,0.28,0.0,-32.3123
1062946,5828,0.68,0.32,0.04,0.28,0.0,-33.9342
1063102,5829,0.67,0.33,0.04,0.29,0.0,-34.9299
1063414,5830,0.66,0.34,0.04,0.3,0.0,-35.5601
1063499,5831,0.67,0.33,0.04,0.29,0.0,-33.3796
1063665,5832,1.0,0.0,0.0,0.0,0.0,11.7041
1063917,5833,0.5,0.5,0.0,0.5,0.0,-42.5533
1063998,5834,0.6667,0.3333,0.0,0.3333,0.0,-25.5301
1064276,5835,0.5,0.5,0.0,0.5,0.0,-47.837
1064370,5836,0.6,0.4,0.0,0.4,0.0,-37.9017
1064458,5837,0.5,0.5,0.0,0.5,0.0,-43.2595
1064536,5838,0.5714,0.4286,0.0,0.4286,0.0,-36.2296
1064609,5839,0.625,0.375,0.0,0.375,0.0,-30.3024
1064649,5840,0.5556,0.4444,0.1111,0.3333,0.0,-33.1801
1064837,5841,0.6,0.4,0.1,0.3,0.0,-32.7547
1065099,5842,0.6364,0.3636,0.0909,0.2727,0.0,-32.4763
1065270,5843,0.6667,0.3333,0.0833,0.25,0.0,-30.2863
1065450,5844,0.6154,0.3846,0.1538,0.2308,0.0,-33.2473
1065521,5845,0.5714,0.4286,0.1429,0.2857,0.0,-34.0904
1065596,5846,0.5333,0.4667,0.1333,0.3333,0.0,-35.3468
1065928,5847,0.5625,0.4375,0.125,0.3125,0.0,-40.0969
1066005,5848,0.5882,0.4118,0.1176,0.2941,0.0,-37.0253
1066201,5849,0.6111,0.3889,0.1111,0.2778,0.0,-38.3281
1066327,5850,0.6316,0.3684,0.1053,0.2632,0.0,-36.1062
1066655,5851,0.65,0.35,0.1,0.25,0.0,-39.9458
1067191,5852,0.619,0.381,0.0952,0.2857,0.0,-47.0054
1067254,5853,0.5909,0.4091,0.0909,0.3182,0.0,-46.9131
1067365,5854,0.6087,0.3913,0.087,0.3043,0.0,-44.7423
1067445,5855,0.5833,0.4167,0.0833,0.3333,0.0,-45.8264
1067620,5856,0.6,0.4,0.08,0.32,0.0,-45.308
1067687,5857,0.5769,0.4231,0.0769,0.3462,0.0,-45.4168
1067770,5858,0.5926,0.4074,0.0741,0.3333,0.0,-43.4791
1067847,5859,0.5714,0.4286,0.0714,0.3571,0.0,-43.5439
1067975,5860,0.5862,0.4138,0.069,0.3448,0.0,-42.1489
1068121,5861,0.6,0.4,0.0667,0.3333,0.0,-41.1745
1068226,5862,0.6129,0.3871,0.0645,0.3226,0.0,-40.4736
1068322,5863,0.625,0.375,0.0625,0.3125,0.0,-38.8946
1068464,5864,0.6364,0.3636,0.0606,0.303,0.0,-38.0058
1068760,5865,0.6471,0.3529,0.0588,0.2941,0.0,-37.7581
1068971,5866,0.6286,0.3714,0.0571,0.3143,0.0,-39.1342
1069194,5867,0.6111,0.3889,0.0556,0.3333,0.0,-40.3942
1069285,5868,0.5946,0.4054,0.0541,0.3514,0.0,-40.9067
1069380,5869,0.6053,0.3947,0.0526,0.3421,0.0,-39.7214
1069475,5870,0.6154,0.3846,0.0513,0.3333,0.0,-38.6059
1069664,5871,0.625,0.375,0.05,0.325,0.0,-37.8601
1069795,5872,0.6341,0.3659,0.0488,0.3171,0.0,-36.8766
1069888,5873,0.619,0.381,0.0476,0.3333,0.0,-37.307
1070163,5874,0.6279,0.3721,0.0465,0.3256,0.0,-37.3332
1070298,5875,0.6136,0.3864,0.0682,0.3182,0.0,-38.1315
1070374,5876,0.6222,0.3778,0.0667,0.3111,0.0,-37.1269
1070470,5877,0.6087,0.3913,0.0652,0.3261,0.0,-37.6446
1070552,5878,0.617,0.383,0.0638,0.3191,0.0,-36.6234
1070654,5879,0.625,0.375,0.0625,0.3125,0.0,-35.7547
1070852,5880,0.6327,0.3673,0.0612,0.3061,0.0,-35.6366
1070984,5881,0.64,0.36,0.06,0.3,0.0,-34.9117
1071083,5882,0.6275,0.3725,0.0588,0.3137,0.0,-35.5071
1071242,5883,0.6346,0.3654,0.0577,0.3077,0.0,-34.9566
1071312,5884,0.6226,0.3774,0.0566,0.3208,0.0,-35.5469
1071402,5885,0.6111,0.3889,0.0556,0.3333,0.0,-36.1771
1071540,5886,0.6182,0.3818,0.0545,0.3273,0.0,-35.941
1071691,5887,0.625,0.375,0.0536,0.3214,0.0,-35.3594
1071846,5888,0.6316,0.3684,0.0526,0.3158,0.0,-34.9996
1071926,5889,0.6379,0.3621,0.0517,0.3103,0.0,-34.2608
1072098,5890,0.6271,0.3729,0.0508,0.322,0.0,-35.4012
1072320,5891,0.6333,0.3667,0.05,0.3167,0.0,-35.2212
1072447,5892,0.6393,0.3607,0.0492,0.3115,0.0,-34.5825
1072525,5893,0.6452,0.3548,0.0484,0.3065,0.0,-33.9317
1072642,5894,0.6349,0.3651,0.0476,0.3175,0.0,-34.7186
1072817,5895,0.625,0.375,0.0469,0.3281,0.0,-35.7795
1072915,5896,0.6308,0.3692,0.0462,0.3231,0.0,-35.1271
1073037,5897,0.6212,0.3788,0.0455,0.3333,0.0,-35.4591
1073194,5898,0.6269,0.3731,0.0448,0.3284,0.0,-35.3136
1073508,5899,0.6324,0.3676,0.0441,0.3235,0.0,-35.3847
1073628,5900,0.6377,0.3623,0.0435,0.3188,0.0,-35.1006
1073769,5901,0.6429,0.3571,0.0429,0.3143,0.0,-34.7177
1073956,5902,0.6338,0.3662,0.0563,0.3099,0.0,-36.9507
1074072,5903,0.6389,0.3611,0.0556,0.3056,0.0,-36.358
1074235,5904,0.6438,0.3562,0.0548,0.3014,0.0,-36.324
1074401,5905,0.6486,0.3514,0.0541,0.2973,0.0,-36.4873
1074556,5906,0.64,0.36,0.0533,0.3067,0.0,-36.8895
1074626,5907,0.6447,0.3553,0.0526,0.3026,0.0,-36.3011
1074879,5908,0.6494,0.3506,0.0519,0.2987,0.0,-36.8218
1075041,5909,0.641,0.359,0.0513,0.3077,0.0,-36.8385
1075095,5910,0.6329,0.3671,0.0506,0.3165,0.0,-36.9574
1075155,5911,0.625,0.375,0.05,0.325,0.0,-37.0624
1075247,5912,0.6296,0.3704,0.0494,0.321,0.0,-36.5806
1075366,5913,0.622,0.378,0.0488,0.3293,0.0,-36.8815
1075432,5914,0.6265,0.3735,0.0482,0.3253,0.0,-36.3104
1075572,5915,0.631,0.369,0.0476,0.3214,0.0,-35.9041
1075838,5916,0.6235,0.3765,0.0471,0.3294,0.0,-36.5251
1075966,5917,0.6163,0.3837,0.0465,0.3372,0.0,-37.0917
1076160,5918,0.6092,0.3908,0.0575,0.3333,0.0,-37.6394
1076217,5919,0.6023,0.3977,0.0568,0.3409,0.0,-37.7636
1076358,5920,0.6067,0.3933,0.0562,0.3371,0.0,-37.3603
1076570,5921,0.6111,0.3889,0.0556,0.3333,0.0,-37.1918
1076643,5922,0.6044,0.3956,0.0549,0.3407,0.0,-37.2667
1076756,5923,0.6087,0.3913,0.0543,0.337,0.0,-36.8214
1076889,5924,0.6129,0.3871,0.0538,0.3333,0.0,-36.4218
1077217,5925,0.617,0.383,0.0532,0.3298,0.0,-37.1462
1077424,5926,0.6211,0.3789,0.0526,0.3263,0.0,-36.96
1077587,5927,0.625,0.375,0.0521,0.3229,0.0,-36.7356
1077706,5928,0.6289,0.3711,0.0515,0.3196,0.0,-36.3343
1077802,5929,0.6327,0.3673,0.051,0.3163,0.0,-35.8758
1077912,5930,0.6364,0.3636,0.0505,0.3131,0.0,-35.5616
1078022,5931,0.64,0.36,0.05,0.31,0.0,-35.2513
1078136,5932,0.64,0.36,0.05,0.31,0.0,-35.5016
1078260,5933,0.64,0.36,0.05,0.31,0.0,-35.22
1078402,5934,0.64,0.36,0.05,0.31,0.0,-35.3305
1078471,5935,0.64,0.36,0.05,0.31,0.0,-34.626
1078549,5936,0.64,0.36,0.05,0.31,0.0,-34.6178
1078741,5937,0.64,0.36,0.05,0.31,0.0,-34.8827
1078782,5938,0.63,0.37,0.05,0.32,0.0,-35.3281
1078953,5939,0.63,0.37,0.05,0.32,0.0,-35.6859
1079061,5940,0.64,0.36,0.04,0.32,0.0,-35.1001
1079188,5941,0.64,0.36,0.04,0.32,0.0,-34.8056
1079289,5942,0.64,0.36,0.04,0.32,0.0,-34.5057
1079526,5943,0.63,0.37,0.04,0.33,0.0,-35.5842
1079626,5944,0.64,0.36,0.03,0.33,0.0,-34.8194
1079782,5945,0.65,0.35,0.03,0.32,0.0,-34.4458
1079978,5946,0.65,0.35,0.03,0.32,0.0,-34.9487
1080382,5947,0.64,0.36,0.03,0.33,0.0,-36.2945
1080555,5948,0.64,0.36,0.03,0.33,0.0,-36.6468
1080663,5949,0.64,0.36,0.03,0.33,0.0,-35.9565
1080772,5950,0.63,0.37,0.03,0.34,0.0,-36.7366
1080956,5951,0.62,0.38,0.03,0.35,0.0,-36.3996
1081102,5952,0.63,0.37,0.03,0.34,0.0,-34.6029
1081180,5953,0.63,0.37,0.03,0.34,0.0,-34.5632
1081323,5954,0.63,0.37,0.03,0.34,0.0,-34.6822
1081369,5955,0.63,0.37,0.03,0.34,0.0,-34.363
1081466,5956,0.63,0.37,0.03,0.34,0.0,-33.9359
1081704,5957,0.64,0.36,0.03,0.33,0.0,-33.7009
1081828,5958,0.63,0.37,0.03,0.34,0.0,-34.6411
1082067,5959,0.64,0.36,0.03,0.33,0.0,-34.7439
1082207,5960,0.64,0.36,0.03,0.33,0.0,-34.7234
1082327,5961,0.64,0.36,0.03,0.33,0.0,-34.587
1082462,5962,0.64,0.36,0.03,0.33,0.0,-34.3987
1082785,5963,0.64,0.36,0.03,0.33,0.0,-35.487
1082840,5964,0.63,0.37,0.03,0.34,0.0,-35.78
1082951,5965,0.63,0.37,0.03,0.34,0.0,-35.4396
1083133,5966,0.63,0.37,0.03,0.34,0.0,-35.4893
1083190,5967,0.63,0.37,0.03,0.34,0.0,-35.0195
1083305,5968,0.64,0.36,0.03,0.33,0.0,-34.4045
1083413,5969,0.64,0.36,0.03,0.33,0.0,-34.4167
1083565,5970,0.64,0.36,0.03,0.33,0.0,-34.4772
1083783,5971,0.64,0.36,0.03,0.33,0.0,-34.9249
1083951,5972,0.63,0.37,0.03,0.34,0.0,-35.9377
1084146,5973,0.63,0.37,0.03,0.34,0.0,-36.4
1084306,5974,0.63,0.37,0.03,0.34,0.0,-36.2676
1084409,5975,0.64,0.36,0.02,0.34,0.0,-35.4894
1084581,5976,0.63,0.37,0.02,0.35,0.0,-36.3283
1084649,5977,0.63,0.37,0.02,0.35,0.0,-36.2744
1084701,5978,0.62,0.38,0.02,0.36,0.0,-36.7683
1084798,5979,0.61,0.39,0.02,0.37,0.0,-37.4016
1084861,5980,0.61,0.39,0.02,0.37,0.0,-36.9544
1084933,5981,0.61,0.39,0.02,0.37,0.0,-36.9621
1085046,5982,0.62,0.38,0.02,0.36,0.0,-36.2588
1085169,5983,0.62,0.38,0.02,0.36,0.0,-36.1483
1085290,5984,0.63,0.37,0.02,0.35,0.0,-35.4641
1085480,5985,0.64,0.36,0.02,0.34,0.0,-34.9125
1085589,5986,0.64,0.36,0.02,0.34,0.0,-34.6673
1085740,5987,0.64,0.36,0.02,0.34,0.0,-34.644
1085870,5988,0.64,0.36,0.02,0.34,0.0,-34.4785
1086024,5989,0.64,0.36,0.02,0.34,0.0,-34.6663
1086109,5990,0.65,0.35,0.02,0.33,0.0,-33.5769
1086207,5991,0.65,0.35,0.02,0.33,0.0,-33.2863
1086335,5992,0.65,0.35,0.02,0.33,0.0,-33.3479
1086410,5993,0.65,0.35,0.02,0.33,0.0,-33.3345
1086562,5994,0.66,0.34,0.02,0.32,0.0,-32.6635
1086668,5995,0.67,0.33,0.02,0.31,0.0,-31.5995
1086842,5996,0.67,0.33,0.02,0.31,0.0,-31.8595
1086915,5997,0.68,0.32,0.02,0.3,0.0,-31.1513
1087021,5998,0.67,0.33,0.03,0.3,0.0,-31.4996
1087091,5999,0.66,0.34,0.03,0.31,0.0,-31.5173
1087210,6000,0.66,0.34,0.03,0.31,0.0,-31.3788
1087280,6001,0.66,0.34,0.03,0.31,0.0,-31.1629
1087410,6002,0.67,0.33,0.02,0.31,0.0,-29.3958
1087690,6003,0.66,0.34,0.02,0.32,0.0,-30.7823
1087780,6004,0.66,0.34,0.02,0.32,0.0,-30.3633
1087878,6005,0.65,0.35,0.02,0.33,0.0,-30.3736
1087920,6006,0.65,0.35,0.02,0.33,0.0,-30.0964
1088144,6007,0.64,0.36,0.02,0.34,0.0,-31.0856
1088253,6008,0.64,0.36,0.02,0.34,0.0,-30.311
1088361,6009,0.65,0.35,0.02,0.33,0.0,-29.9043
1088451,6010,0.66,0.34,0.02,0.32,0.0,-29.3416
1088560,6011,0.66,0.34,0.02,0.32,0.0,-29.455
1088638,6012,0.66,0.34,0.02,0.32,0.0,-29.3891
1088852,6013,0.67,0.33,0.02,0.31,0.0,-29.0377
1088926,6014,0.67,0.33,0.02,0.31,0.0,-29.0811
1089074,6015,0.67,0.33,0.02,0.31,0.0,-29.2863
1089250,6016,0.67,0.33,0.03,0.3,0.0,-29.0986
1089379,6017,0.67,0.33,0.04,0.29,0.0,-29.226
1089590,6018,0.68,0.32,0.03,0.29,0.0,-28.637
1089739,6019,0.69,0.31,0.03,0.28,0.0,-28.2638
1089803,6020,0.69,0.31,0.03,0.28,0.0,-28.1183
1089978,6021,0.69,0.31,0.03,0.28,0.0,-28.0657
1090059,6022,0.69,0.31,0.04,0.27,0.0,-28.2196
1090176,6023,0.68,0.32,0.05,0.27,0.0,-28.8986
1090308,6024,0.67,0.33,0.06,0.27,0.0,-29.6335
1090520,6025,0.67,0.33,0.06,0.27,0.0,-28.9629
1090579,6026,0.67,0.33,0.06,0.27,0.0,-28.6412
1090675,6027,0.67,0.33,0.06,0.27,0.0,-28.4209
1090742,6028,0.66,0.34,0.06,0.28,0.0,-28.9111
1090804,6029,0.66,0.34,0.06,0.28,0.0,-28.9308
1091017,6030,0.66,0.34,0.06,0.28,0.0,-29.0889
1091424,6031,0.65,0.35,0.06,0.29,0.0,-30.5889
1091555,6032,0.65,0.35,0.06,0.29,0.0,-30.5494
1091686,6033,0.66,0.34,0.06,0.28,0.0,-29.942
1091846,6034,0.65,0.35,0.06,0.29,0.0,-30.7973
1091912,6035,0.66,0.34,0.06,0.28,0.0,-30.2318
1092061,6036,0.66,0.34,0.06,0.28,0.0,-30.2668
1092134,6037,0.67,0.33,0.06,0.27,0.0,-29.1851
1092375,6038,0.68,0.32,0.06,0.26,0.0,-29.668
1092518,6039,0.68,0.32,0.06,0.26,0.0,-29.5134
1092586,6040,0.67,0.33,0.06,0.27,0.0,-29.9503
1092729,6041,0.67,0.33,0.06,0.27,0.0,-30.082
1093078,6042,0.67,0.33,0.06,0.27,0.0,-30.7763
1093223,6043,0.68,0.32,0.06,0.26,0.0,-29.7981
1093296,6044,0.68,0.32,0.06,0.26,0.0,-29.7491
1093772,6045,0.68,0.32,0.06,0.26,0.0,-31.5559
1093856,6046,0.68,0.32,0.06,0.26,0.0,-30.9698
1093946,6047,0.69,0.31,0.06,0.25,0.0,-28.4581
1094095,6048,0.68,0.32,0.06,0.26,0.0,-28.8656
1094229,6049,0.68,0.32,0.06,0.26,0.0,-28.9469
1094368,6050,0.69,0.31,0.06,0.25,0.0,-28.2157
1094460,6051,0.7,0.3,0.06,0.24,0.0,-27.4119
1094630,6052,0.69,0.31,0.06,0.25,0.0,-28.0453
1094690,6053,0.69,0.31,0.07,0.24,0.0,-28.1421
1094829,6054,0.68,0.32,0.07,0.25,0.0,-28.9555
1094907,6055,0.68,0.32,0.07,0.25,0.0,-29.0976
1094993,6056,0.68,0.32,0.07,0.25,0.0,-29.1297
1095091,6057,0.68,0.32,0.07,0.25,0.0,-28.8314
1095246,6058,0.68,0.32,0.07,0.25,0.0,-28.8952
1095340,6059,0.67,0.33,0.07,0.26,0.0,-29.0682
1095447,6060,0.67,0.33,0.07,0.26,0.0,-29.0377
1095515,6061,0.67,0.33,0.07,0.26,0.0,-28.9578
1095586,6062,0.67,0.33,0.07,0.26,0.0,-28.8593
1095816,6063,0.67,0.33,0.07,0.26,0.0,-28.137
1095989,6064,0.68,0.32,0.07,0.25,0.0,-27.9515
1096064,6065,0.68,0.32,0.07,0.25,0.0,-27.9424
1096149,6066,0.69,0.31,0.07,0.24,0.0,-26.9339
1096326,6067,0.7,0.3,0.07,0.23,0.0,-26.7495
1096471,6068,0.7,0.3,0.07,0.23,0.0,-26.9349
1096726,6069,0.69,0.31,0.07,0.24,0.0,-28.2683
1096876,6070,0.69,0.31,0.07,0.24,0.0,-28.3601
1097146,6071,0.68,0.32,0.07,0.25,0.0,-28.8869
1097746,6072,0.68,0.31,0.07,0.24,0.0,-29.5197
1097877,6073,0.68,0.31,0.07,0.24,0.0,-29.314
1098022,6074,0.67,0.32,0.07,0.25,0.0,-29.8366
1098284,6075,0.66,0.33,0.07,0.26,0.0,-31.1884
1098369,6076,0.66,0.33,0.08,0.25,0.0,-30.9714
1098515,6077,0.66,0.33,0.08,0.25,0.0,-31.2854
1098618,6078,0.67,0.32,0.08,0.24,0.0,-30.8961
1098725,6079,0.67,0.32,0.08,0.24,0.0,-31.0227
1098864,6080,0.67,0.32,0.08,0.24,0.0,-31.1678
1099049,6081,0.67,0.32,0.08,0.24,0.0,-31.4803
1099192,6082,0.67,0.32,0.08,0.24,0.0,-31.5548
1099251,6083,0.67,0.32,0.08,0.24,0.0,-31.4753
1099388,6084,0.66,0.33,0.08,0.25,0.0,-32.3168
1099439,6085,0.65,0.34,0.08,0.26,0.0,-32.6527
1099643,6086,0.65,0.34,0.08,0.26,0.0,-32.8568
1099785,6087,0.64,0.35,0.08,0.27,0.0,-33.3932
1099835,6088,0.63,0.36,0.08,0.28,0.0,-33.7952
1099947,6089,0.63,0.36,0.08,0.28,0.0,-33.6776
1100204,6090,1.0,0.0,0.0,0.0,0.0,-19.5726
1100227,6091,1.0,0.0,0.0,0.0,0.0,-34.6441
1100235,6092,1.0,0.0,0.0,0.0,0.0,-38.5484
1100439,6093,0.5,0.5,0.0,0.5,0.0,-55.5809
1100462,6094,0.5,0.5,0.0,0.5,0.0,-62.3766
1100471,6095,0.5,0.5,0.0,0.5,0.0,-79.2965
1100473,6096,0.3333,0.6667,0.0,0.6667,0.0,-48.157
1100497,6097,0.3333,0.6667,0.0,0.6667,0.0,-53.3434
1100503,6098,0.3333,0.6667,0.0,0.6667,0.0,-63.8207
1100554,6099,0.5,0.5,0.0,0.5,0.0,-34.3297
1100571,6100,0.5,0.5,0.0,0.5,0.0,-37.855
1100574,6101,0.5,0.5,0.0,0.5,0.0,-46.0765
1100616,6102,0.6,0.4,0.0,0.4,0.0,-24.5238
1100633,6103,0.6,0.4,0.0,0.4,0.0,-27.4399
1100635,6104,0.6,0.4,0.0,0.4,0.0,-34.025
1100689,6105,0.5,0.5,0.0,0.5,0.0,-28.0342
1100733,6106,0.5,0.5,0.0,0.5,0.0,-31.8537
1100856,6107,0.6667,0.3333,0.0,0.3333,0.0,-34.4005
1100900,6108,0.4286,0.5714,0.0,0.5714,0.0,-36.0814
1100946,6109,0.4286,0.5714,0.0,0.5714,0.0,-38.7904
1101005,6110,0.5,0.5,0.0,0.5,0.0,-31.1509
1101053,6111,0.5,0.5,0.0,0.5,0.0,-33.9807
1101075,6112,0.5714,0.4286,0.0,0.4286,0.0,-42.5224
1101158,6113,0.5556,0.4444,0.0,0.4444,0.0,-29.8201
1101176,6114,0.625,0.375,0.0,0.375,0.0,-36.3449
1101197,6115,0.5556,0.4444,0.0,0.4444,0.0,-31.0209
1101307,6116,0.6667,0.3333,0.0,0.3333,0.0,-33.0103
1101453,6117,0.5,0.5,0.1,0.4,0.0,-38.4477
1101557,6118,0.6,0.4,0.0,0.4,0.0,-34.3182
1101605,6119,0.7,0.3,0.0,0.3,0.0,-33.5188
1101695,6120,0.4545,0.5455,0.0909,0.4545,0.0,-43.8356
1101785,6121,0.5,0.5,0.0833,0.4167,0.0,-39.9135
1101797,6122,0.5455,0.4545,0.0,0.4545,0.0,-39.9261
1101841,6123,0.6364,0.3636,0.0,0.3636,0.0,-38.4363
1101883,6124,0.5833,0.4167,0.0,0.4167,0.0,-35.9392
1101922,6125,0.6667,0.3333,0.0,0.3333,0.0,-34.3803
1101958,6126,0.5385,0.4615,0.0769,0.3846,0.0,-37.6078
1102042,6127,0.6154,0.3846,0.0,0.3846,0.0,-33.31
1102095,6128,0.6923,0.3077,0.0,0.3077,0.0,-32.685
1102102,6129,0.5714,0.4286,0.0714,0.3571,0.0,-35.5561
1102168,6130,0.6429,0.3571,0.0,0.3571,0.0,-31.2977
1102211,6131,0.5333,0.4667,0.0667,0.4,0.0,-36.8166
1102224,6132,0.7143,0.2857,0.0,0.2857,0.0,-30.8718
1102327,6133,0.6667,0.3333,0.0,0.3333,0.0,-32.3113
1102342,6134,0.6667,0.3333,0.0,0.3333,0.0,-31.7778
1102388,6135,0.5,0.5,0.0625,0.4375,0.0,-40.6813
1102539,6136,0.6875,0.3125,0.0,0.3125,0.0,-33.2286
1102558,6137,0.5294,0.4706,0.0588,0.4118,0.0,-38.571
1102601,6138,0.6875,0.3125,0.0,0.3125,0.0,-33.9351
1102698,6139,0.7059,0.2941,0.0,0.2941,0.0,-31.3454
1102721,6140,0.5556,0.4444,0.0556,0.3889,0.0,-36.8923
1102759,6141,0.7059,0.2941,0.0,0.2941,0.0,-31.5619
1102787,6142,0.5789,0.4211,0.0526,0.3684,0.0,-34.3127
1102856,6143,0.6667,0.3333,0.0556,0.2778,0.0,-32.9835
1102910,6144,0.6667,0.3333,0.0556,0.2778,0.0,-32.8763
1102917,6145,0.6842,0.3158,0.0526,0.2632,0.0,-30.546
1102976,6146,0.6842,0.3158,0.0526,0.2632,0.0,-30.4554
1102978,6147,0.6,0.4,0.05,0.35,0.0,-34.2837
1103095,6148,0.619,0.381,0.0476,0.3333,0.0,-32.6154
1103141,6149,0.7,0.3,0.05,0.25,0.0,-29.3414
1103180,6150,0.6364,0.3636,0.0455,0.3182,0.0,-30.7502
1103273,6151,0.7143,0.2857,0.0476,0.2381,0.0,-28.2292
1103279,6152,0.6522,0.3478,0.0435,0.3043,0.0,-29.1592
1103354,6153,0.7273,0.2727,0.0455,0.2273,0.0,-26.1914
1103375,6154,0.7,0.3,0.05,0.25,0.0,-36.9275
1103449,6155,0.7391,0.2609,0.0435,0.2174,0.0,-24.845
1103488,6156,0.7143,0.2857,0.0476,0.2381,0.0,-34.7981
1103513,6157,0.625,0.375,0.0417,0.3333,0.0,-32.419
1103567,6158,0.7273,0.2727,0.0455,0.2273,0.0,-32.6164
1103656,6159,0.7391,0.2609,0.0435,0.2174,0.0,-30.9571
1103673,6160,0.7083,0.2917,0.0417,0.25,0.0,-27.5978
1103868,6161,0.7083,0.2917,0.0417,0.25,0.0,-33.1307
1104113,6162,0.6,0.36,0.04,0.32,0.0,-36.7448
1104273,6163,0.68,0.28,0.04,0.24,0.0,-32.1124
1104335,6164,0.5769,0.3846,0.0385,0.3462,0.0,-39.23
1104435,6165,0.5926,0.3704,0.037,0.3333,0.0,-37.6096
1104468,6166,0.68,0.28,0.04,0.24,0.0,-38.7131
1104501,6167,0.6538,0.3077,0.0385,0.2692,0.0,-34.4723
1104583,6168,0.6071,0.3571,0.0357,0.3214,0.0,-36.4954
1104600,6169,0.6667,0.2963,0.037,0.2593,0.0,-32.8814
1104716,6170,0.6538,0.3077,0.0385,0.2692,0.0,-42.8735
1104734,6171,0.6786,0.2857,0.0357,0.25,0.0,-31.8071
1104804,6172,0.6667,0.2963,0.037,0.2593,0.0,-40.9234
1104938,6173,0.6207,0.3448,0.0345,0.3103,0.0,-36.5406
1104939,6174,0.6786,0.2857,0.0357,0.25,0.0,-39.6281
1105081,6175,0.6897,0.2759,0.0345,0.2414,0.0,-31.9604
1105156,6176,0.6333,0.3333,0.0333,0.3,0.0,-36.1593
1105230,6177,0.6452,0.3226,0.0323,0.2903,0.0,-34.5931
1105271,6178,0.6897,0.2759,0.0345,0.2414,0.0,-39.0461
1105298,6179,0.6667,0.3,0.0333,0.2667,0.0,-34.1997
1105322,6180,0.6562,0.3125,0.0312,0.2812,0.0,-33.5188
1105374,6181,0.6774,0.2903,0.0323,0.2581,0.0,-32.7941
1105445,6182,0.6875,0.2812,0.0312,0.25,0.0,-31.4321
1105461,6183,0.7,0.2667,0.0333,0.2333,0.0,-38.4351
1105529,6184,0.7097,0.2581,0.0323,0.2258,0.0,-36.7119
1105576,6185,0.697,0.2727,0.0303,0.2424,0.0,-30.5185
1105594,6186,0.7188,0.25,0.0312,0.2188,0.0,-35.1647
1105650,6187,0.6765,0.2941,0.0294,0.2647,0.0,-32.5749
1105722,6188,0.7273,0.2424,0.0303,0.2121,0.0,-34.0523
1105749,6189,0.6765,0.2941,0.0294,0.2647,0.0,-32.9166
1105764,6190,0.6857,0.2857,0.0286,0.2571,0.0,-31.9794
1105856,6191,0.6857,0.2857,0.0286,0.2571,0.0,-32.2854
1105869,6192,0.7353,0.2353,0.0294,0.2059,0.0,-33.2359
1105938,6193,0.6944,0.2778,0.0278,0.25,0.0,-31.7036
1105975,6194,0.7429,0.2286,0.0286,0.2,0.0,-32.5053
1106040,6195,0.6944,0.2778,0.0278,0.25,0.0,-32.0801
1106060,6196,0.7027,0.2703,0.027,0.2432,0.0,-31.0195
1106118,6197,0.75,0.2222,0.0278,0.1944,0.0,-31.9602
1106145,6198,0.7027,0.2703,0.027,0.2432,0.0,-31.1004
1106217,6199,0.7105,0.2632,0.0263,0.2368,0.0,-30.2638
1106218,6200,0.7568,0.2162,0.027,0.1892,0.0,-30.9354
1106297,6201,0.7105,0.2632,0.0263,0.2368,0.0,-30.2403
1106357,6202,0.7368,0.2368,0.0526,0.1842,0.0,-31.6449
1106468,6203,0.6923,0.2821,0.0256,0.2564,0.0,-31.8676
1106532,6204,0.7179,0.2564,0.0513,0.2051,0.0,-33.4323
1106549,6205,0.7179,0.2564,0.0256,0.2308,0.0,-32.6807
1106562,6206,0.7,0.275,0.025,0.25,0.0,-30.8428
1106621,6207,0.725,0.25,0.05,0.2,0.0,-32.5719
1106647,6208,0.7073,0.2683,0.0244,0.2439,0.0,-29.9785
1106649,6209,0.725,0.25,0.025,0.225,0.0,-31.91
1106698,6210,0.7317,0.2439,0.0488,0.1951,0.0,-31.6144
1106728,6211,0.7317,0.2439,0.0244,0.2195,0.0,-30.9292
1106774,6212,0.7143,0.2619,0.0238,0.2381,0.0,-29.2272
1106827,6213,0.7381,0.2381,0.0476,0.1905,0.0,-30.9202
1106867,6214,0.7381,0.2381,0.0238,0.2143,0.0,-30.4492
1106964,6215,0.6977,0.2791,0.0465,0.2326,0.0,-30.3488
1107008,6216,0.7209,0.2558,0.0698,0.186,0.0,-32.0314
1107086,6217,0.6818,0.2955,0.0455,0.25,0.0,-31.4839
1107117,6218,0.7045,0.2727,0.0909,0.1818,0.0,-32.7005
1107139,6219,0.7209,0.2558,0.0233,0.2326,0.0,-33.4727
1107315,6220,0.7045,0.2727,0.0227,0.25,0.0,-35.1682
1107427,6221,0.7111,0.2667,0.0889,0.1778,0.0,-32.9546
1107480,6222,0.6889,0.2889,0.0444,0.2444,0.0,-33.105
1107617,6223,0.6957,0.2826,0.087,0.1957,0.0,-34.6952
1107623,6224,0.6739,0.3043,0.0435,0.2609,0.0,-33.8894
1107709,6225,0.7111,0.2667,0.0222,0.2444,0.0,-36.2116
1107795,6226,0.6809,0.2979,0.0426,0.2553,0.0,-33.5696
1107919,6227,0.6957,0.2826,0.0217,0.2609,0.0,-38.6304
1107942,6228,0.6875,0.2917,0.0417,0.25,0.0,-32.934
1108192,6229,0.6809,0.2979,0.0851,0.2128,0.0,-39.1256
1108195,6230,0.7021,0.2766,0.0213,0.2553,0.0,-39.653
1108223,6231,0.6735,0.3061,0.0408,0.2653,0.0,-35.0307
1108336,6232,0.6875,0.2917,0.0833,0.2083,0.0,-38.2652
1108349,6233,0.7083,0.2708,0.0208,0.25,0.0,-38.8293
1108398,6234,0.68,0.3,0.04,0.26,0.0,-34.6099
1108509,6235,0.6863,0.2941,0.0392,0.2549,0.0,-33.8086
1108649,6236,0.6735,0.3061,0.0816,0.2245,0.0,-40.5532
1108801,6237,0.6939,0.2857,0.0204,0.2653,0.0,-41.7651
1108804,6238,0.68,0.3,0.08,0.22,0.0,-39.8664
1108812,6239,0.6923,0.2885,0.0385,0.25,0.0,-34.3284
1108898,6240,0.68,0.3,0.02,0.28,0.0,-42.1133
1108903,6241,0.6863,0.2941,0.0784,0.2157,0.0,-39.0549
1108918,6242,0.6792,0.3019,0.0377,0.2642,0.0,-35.1829
1109006,6243,0.6863,0.2941,0.0196,0.2745,0.0,-41.2852
1109043,6244,0.6667,0.3148,0.0556,0.2593,0.0,-36.5358
1109127,6245,0.6727,0.3091,0.0545,0.2545,0.0,-35.6576
1109179,6246,0.6923,0.2885,0.0769,0.2115,0.0,-40.5871
1109258,6247,0.6792,0.3019,0.0755,0.2264,0.0,-40.9919
1109268,6248,0.6786,0.3036,0.0536,0.25,0.0,-35.1773
1109331,6249,0.6667,0.3158,0.0526,0.2632,0.0,-35.4363
1109407,6250,0.6923,0.2885,0.0192,0.2692,0.0,-43.3485
1109425,6251,0.6852,0.2963,0.0741,0.2222,0.0,-42.3963
1109517,6252,0.6909,0.2909,0.0727,0.2182,0.0,-41.591
1109535,6253,0.6792,0.3019,0.0189,0.283,0.0,-44.3595
1109632,6254,0.6667,0.3148,0.0185,0.2963,0.0,-44.8699
1109655,6255,0.6724,0.3103,0.0517,0.2586,0.0,-36.1676
1109704,6256,0.6964,0.2857,0.0714,0.2143,0.0,-41.3607
1109721,6257,0.6727,0.3091,0.0182,0.2909,0.0,-43.9301
1109753,6258,0.6842,0.2982,0.0702,0.2281,0.0,-41.3916
1109900,6259,0.661,0.322,0.0508,0.2712,0.0,-37.256
1109937,6260,0.6786,0.3036,0.0179,0.2857,0.0,-43.791
1109995,6261,0.6667,0.3158,0.0175,0.2982,0.0,-43.834
1110026,6262,0.6897,0.2931,0.069,0.2241,0.0,-41.6878
1110207,6263,0.6667,0.3167,0.05,0.2667,0.0,-37.4234
1110227,6264,0.6724,0.3103,0.0172,0.2931,0.0,-44.0606
1110234,6265,0.6949,0.2881,0.0678,0.2203,0.0,-41.4284
1110433,6266,0.6557,0.3279,0.0492,0.2787,0.0,-38.8396
1110496,6267,0.6613,0.3226,0.0484,0.2742,0.0,-38.0165
1110531,6268,0.7,0.2833,0.0667,0.2167,0.0,-41.3675
1110536,6269,0.678,0.3051,0.0169,0.2881,0.0,-44.2929
1110631,6270,0.6667,0.3175,0.0476,0.2698,0.0,-37.4079
1110831,6271,0.6833,0.3,0.0167,0.2833,0.0,-44.2584
1110872,6272,0.6562,0.3281,0.0469,0.2812,0.0,-38.9291
1110917,6273,0.6885,0.2951,0.0656,0.2295,0.0,-43.9906
1110990,6274,0.6935,0.2903,0.0645,0.2258,0.0,-43.1582
1111116,6275,0.6984,0.2857,0.0635,0.2222,0.0,-42.5461
1111160,6276,0.6462,0.3385,0.0462,0.2923,0.0,-40.5191
1111261,6277,0.6515,0.3333,0.0455,0.2879,0.0,-39.845
1111394,6278,0.6885,0.2951,0.0164,0.2787,0.0,-46.6311
1111462,6279,0.6935,0.2903,0.0161,0.2742,0.0,-45.6832
1111595,6280,0.7031,0.2812,0.0625,0.2188,0.0,-44.7322
1111646,6281,0.6984,0.2857,0.0159,0.2698,0.0,-45.1828
1111770,6282,0.6418,0.3433,0.0448,0.2985,0.0,-41.7964
1111915,6283,0.6923,0.2923,0.0615,0.2308,0.0,-46.1589
1111988,6284,0.7031,0.2812,0.0156,0.2656,0.0,-45.7078
1112008,6285,0.697,0.2879,0.0606,0.2273,0.0,-45.3071
1112024,6286,0.6324,0.3529,0.0441,0.3088,0.0,-42.8451
1112162,6287,0.6377,0.3478,0.0435,0.3043,0.0,-42.3809
1112239,6288,0.6286,0.3571,0.0429,0.3143,0.0,-42.4754
1112364,6289,0.6338,0.3521,0.0423,0.3099,0.0,-41.8367
1112373,6290,0.6923,0.2923,0.0154,0.2769,0.0,-47.6857
1112440,6291,0.6389,0.3472,0.0417,0.3056,0.0,-41.1167
1112477,6292,0.697,0.2879,0.0152,0.2727,0.0,-46.9357
1112547,6293,0.6866,0.2985,0.0597,0.2388,0.0,-47.5516
1112635,6294,0.6866,0.2985,0.0299,0.2687,0.0,-47.28
1112772,6295,0.6438,0.3425,0.0411,0.3014,0.0,-42.2483
1112856,6296,0.6912,0.2941,0.0588,0.2353,0.0,-48.2724
1112901,6297,0.6765,0.3088,0.0294,0.2794,0.0,-48.1352
1112917,6298,0.6351,0.3514,0.0405,0.3108,0.0,-42.7482
1113000,6299,0.6957,0.2899,0.058,0.2319,0.0,-47.7429
1113042,6300,0.6812,0.3043,0.029,0.2754,0.0,-47.5607
1113089,6301,0.6857,0.3,0.0571,0.2429,0.0,-47.818
1113122,6302,0.6714,0.3143,0.0286,0.2857,0.0,-47.5395
1113175,6303,0.6267,0.36,0.04,0.32,0.0,-44.0102
1113215,6304,0.6901,0.2958,0.0563,0.2394,0.0,-47.1163
1113239,6305,0.6316,0.3553,0.0395,0.3158,0.0,-43.2792
1113264,6306,0.6761,0.3099,0.0282,0.2817,0.0,-46.8629
1113297,6307,0.6944,0.2917,0.0556,0.2361,0.0,-46.3553
1113345,6308,0.6806,0.3056,0.0278,0.2778,0.0,-46.1731
1113404,6309,0.6364,0.3506,0.039,0.3117,0.0,-42.7939
1113437,6310,0.6849,0.3014,0.0548,0.2466,0.0,-46.7671
1113488,6311,0.6712,0.3151,0.0274,0.2877,0.0,-46.6301
1113537,6312,0.6282,0.359,0.0385,0.3205,0.0,-43.1837
1113609,6313,0.6329,0.3544,0.038,0.3165,0.0,-42.5212
1113635,6314,0.6757,0.3108,0.0541,0.2568,0.0,-47.4636
1113783,6315,0.6757,0.3108,0.027,0.2838,0.0,-47.2861
1113948,6316,0.6375,0.35,0.0375,0.3125,0.0,-42.798
1113970,6317,0.6667,0.32,0.0533,0.2667,0.0,-49.2196
1114027,6318,0.6711,0.3158,0.0526,0.2632,0.0,-48.3871
1114028,6319,0.6296,0.358,0.037,0.321,0.0,-43.4607
1114097,6320,0.68,0.3067,0.0267,0.28,0.0,-48.3159
1114151,6321,0.6341,0.3537,0.0366,0.3171,0.0,-42.8965
1114160,6322,0.6842,0.3026,0.0263,0.2763,0.0,-47.5456
1114188,6323,0.6753,0.3117,0.0519,0.2597,0.0,-47.8195
1114335,6324,0.6667,0.3205,0.0513,0.2692,0.0,-48.2865
1114339,6325,0.6883,0.2987,0.026,0.2727,0.0,-47.0883
1114404,6326,0.6709,0.3165,0.0506,0.2658,0.0,-47.6047
1114421,6327,0.6265,0.3614,0.0482,0.3133,0.0,-43.9657
1114665,6328,0.6923,0.2949,0.0256,0.2692,0.0,-48.2201
1114684,6329,0.675,0.3125,0.05,0.2625,0.0,-47.4559
1114729,6330,0.6667,0.321,0.0617,0.2593,0.0,-47.5826
1114743,6331,0.6962,0.2911,0.0253,0.2658,0.0,-47.5499
1114859,6332,0.6707,0.3171,0.061,0.2561,0.0,-47.0064
1114945,6333,0.619,0.369,0.0595,0.3095,0.0,-45.31
1115069,6334,0.7,0.2875,0.025,0.2625,0.0,-47.6986
1115154,6335,0.6747,0.3133,0.0602,0.253,0.0,-46.9607
1115194,6336,0.6914,0.2963,0.0247,0.2716,0.0,-49.0249
1115207,6337,0.6235,0.3647,0.0588,0.3059,0.0,-45.1785
1115327,6338,0.6951,0.2927,0.0244,0.2683,0.0,-48.4987
1115359,6339,0.6279,0.3605,0.0581,0.3023,0.0,-44.9194
1115499,6340,0.6322,0.3563,0.0575,0.2989,0.0,-44.4533
1115563,6341,0.6867,0.3012,0.0241,0.2771,0.0,-49.1516
1115725,6342,0.6364,0.3523,0.0568,0.2955,0.0,-44.2427
1115754,6343,0.6667,0.3095,0.0595,0.25,0.0,-48.4436
1115801,6344,0.6404,0.3483,0.0562,0.2921,0.0,-43.6861
1116012,6345,0.6706,0.3059,0.0588,0.2471,0.0,-48.2086
1116107,6346,0.6444,0.3444,0.0556,0.2889,0.0,-44.1192
1116163,6347,0.6786,0.2976,0.0238,0.2738,0.0,-50.333
1116171,6348,0.6484,0.3407,0.0549,0.2857,0.0,-43.4545
1116219,6349,0.6744,0.3023,0.0581,0.2442,0.0,-48.0773
1116321,6350,0.6413,0.3478,0.0543,0.2935,0.0,-43.9477
1116357,6351,0.6782,0.2989,0.0575,0.2414,0.0,-47.5567
1116412,6352,0.6452,0.3441,0.0538,0.2903,0.0,-43.3627
1116481,6353,0.6824,0.2941,0.0235,0.2706,0.0,-50.372
1116558,6354,0.6818,0.2955,0.0568,0.2386,0.0,-47.2676
1116628,6355,0.6383,0.3511,0.0532,0.2979,0.0,-43.8973
1116635,6356,0.6854,0.2921,0.0562,0.236,0.0,-46.6476
1116665,6357,0.686,0.2907,0.0233,0.2674,0.0,-49.9235
1116811,6358,0.6897,0.2874,0.023,0.2644,0.0,-49.3593
1116865,6359,0.6316,0.3579,0.0632,0.2947,0.0,-44.5366
1116952,6360,0.6889,0.2889,0.0556,0.2333,0.0,-46.8135
1117020,6361,0.6923,0.2857,0.0549,0.2308,0.0,-46.1441
1117030,6362,0.6932,0.2841,0.0227,0.2614,0.0,-49.1099
1117100,6363,0.6966,0.2809,0.0225,0.2584,0.0,-48.4271
1117379,6364,0.6848,0.2935,0.0543,0.2391,0.0,-47.0205
1117421,6365,0.7,0.2778,0.0222,0.2556,0.0,-48.4983
1117432,6366,0.625,0.3646,0.0625,0.3021,0.0,-47.1902
1117472,6367,0.6882,0.2903,0.0538,0.2366,0.0,-46.4094
1117496,6368,0.7033,0.2747,0.022,0.2527,0.0,-47.8574
1117528,6369,0.6289,0.3608,0.0619,0.299,0.0,-46.6269
1117586,6370,0.6957,0.2826,0.0217,0.2609,0.0,-48.0005
1117629,6371,0.6327,0.3571,0.0612,0.2959,0.0,-46.0959
1117679,6372,0.6989,0.2796,0.0215,0.2581,0.0,-47.3937
1117724,6373,0.6809,0.2979,0.0532,0.2447,0.0,-46.9669
1117775,6374,0.6364,0.3535,0.0606,0.2929,0.0,-45.6929
1117843,6375,0.6915,0.2872,0.0213,0.266,0.0,-47.5851
1117943,6376,0.6737,0.3053,0.0632,0.2421,0.0,-47.346
1117951,6377,0.63,0.36,0.07,0.29,0.0,-45.9918
1118040,6378,0.63,0.36,0.07,0.29,0.0,-45.7651
1118112,6379,0.64,0.35,0.07,0.28,0.0,-44.7624
1118120,6380,0.6842,0.2947,0.0211,0.2737,0.0,-48.1662
1118132,6381,0.6701,0.3093,0.0619,0.2474,0.0,-47.033
1118179,6382,0.65,0.34,0.07,0.27,0.0,-44.2995
1118202,6383,0.6771,0.3021,0.0208,0.2812,0.0,-48.299
1118249,6384,0.6735,0.3061,0.0612,0.2449,0.0,-46.6476
1118301,6385,0.6804,0.299,0.0206,0.2784,0.0,-47.7386
1118400,6386,0.6837,0.2959,0.0204,0.2755,0.0,-47.2292
1118407,6387,0.6768,0.303,0.0606,0.2424,0.0,-46.2912
1118553,6388,0.6869,0.2929,0.0202,0.2727,0.0,-46.8269
1118601,6389,0.67,0.31,0.06,0.25,0.0,-46.8048
1118624,6390,0.65,0.34,0.07,0.27,0.0,-45.0867
1118689,6391,0.67,0.31,0.06,0.25,0.0,-46.4358
1118732,6392,0.65,0.34,0.07,0.27,0.0,-45.1781
1118759,6393,0.68,0.3,0.06,0.24,0.0,-45.0667
1118829,6394,0.69,0.29,0.06,0.23,0.0,-44.636
1118839,6395,0.68,0.3,0.03,0.27,0.0,-48.0352
1118885,6396,0.66,0.33,0.07,0.26,0.0,-44.7695
1118928,6397,0.68,0.3,0.03,0.27,0.0,-47.5755
1119000,6398,0.69,0.29,0.03,0.26,0.0,-46.6585
1119067,6399,0.7,0.28,0.03,0.25,0.0,-46.1629
1119203,6400,0.67,0.32,0.07,0.25,0.0,-44.2354
1119262,6401,0.68,0.3,0.07,0.23,0.0,-46.2464
1119354,6402,0.66,0.33,0.08,0.25,0.0,-44.9669
1119371,6403,0.68,0.3,0.07,0.23,0.0,-46.3748
1119428,6404,0.66,0.33,0.08,0.25,0.0,-44.6331
1119514,6405,0.7,0.28,0.03,0.25,0.0,-47.2443
1119544,6406,0.68,0.3,0.07,0.23,0.0,-46.1985
1119622,6407,0.7,0.28,0.03,0.25,0.0,-47.3353
1119694,6408,0.65,0.34,0.08,0.26,0.0,-44.8732
1119778,6409,0.65,0.34,0.08,0.26,0.0,-44.4408
1119786,6410,0.71,0.27,0.03,0.24,0.0,-46.8334
1119887,6411,0.69,0.29,0.07,0.22,0.0,-45.6161
1119888,6412,0.65,0.34,0.08,0.26,0.0,-44.4869
1119953,6413,0.65,0.34,0.08,0.26,0.0,-44.3143
1120020,6414,0.68,0.3,0.08,0.22,0.0,-46.2536
1120095,6415,0.68,0.3,0.08,0.22,0.0,-46.0614
1120110,6416,0.72,0.26,0.03,0.23,0.0,-46.2415
1120189,6417,0.65,0.34,0.08,0.26,0.0,-44.5441
1120231,6418,0.68,0.3,0.08,0.22,0.0,-45.799
1120261,6419,0.71,0.27,0.04,0.23,0.0,-46.8792
1120289,6420,0.64,0.35,0.08,0.27,0.0,-44.7008
1120339,6421,0.71,0.27,0.04,0.23,0.0,-46.7175
1120392,6422,0.64,0.35,0.08,0.27,0.0,-43.9155
1120414,6423,0.69,0.29,0.08,0.21,0.0,-45.2027
1120466,6424,0.64,0.35,0.08,0.27,0.0,-43.9075
1120485,6425,0.72,0.26,0.03,0.23,0.0,-45.7738
1120538,6426,0.69,0.29,0.08,0.21,0.0,-45.3456
1120615,6427,0.69,0.29,0.08,0.21,0.0,-45.0974
1120623,6428,0.65,0.34,0.07,0.27,0.0,-43.3959
1120666,6429,0.73,0.25,0.03,0.22,0.0,-45.139
1120729,6430,0.64,0.35,0.07,0.28,0.0,-44.2767
1120774,6431,0.73,0.25,0.03,0.22,0.0,-45.1827
1120812,6432,0.69,0.29,0.08,0.21,0.0,-45.1298
1120817,6433,0.64,0.35,0.07,0.28,0.0,-44.1266
1120845,6434,0.73,0.25,0.03,0.22,0.0,-45.0039
1120957,6435,0.63,0.36,0.07,0.29,0.0,-45.1362
1121065,6436,0.62,0.37,0.07,0.3,0.0,-46.0062
1121066,6437,0.7,0.28,0.08,0.2,0.0,-44.9471
1121103,6438,0.73,0.25,0.03,0.22,0.0,-45.3924
1121157,6439,0.61,0.38,0.07,0.31,0.0,-46.7947
1121182,6440,0.7,0.28,0.08,0.2,0.0,-44.4959
1121196,6441,0.61,0.38,0.07,0.31,0.0,-46.213
1121249,6442,0.7,0.28,0.08,0.2,0.0,-44.3427
1121272,6443,0.62,0.38,0.07,0.31,0.0,-44.69
1121300,6444,0.74,0.24,0.03,0.21,0.0,-44.3293
1121352,6445,0.63,0.37,0.07,0.3,0.0,-43.6972
1121375,6446,0.74,0.24,0.03,0.21,0.0,-44.2061
1121413,6447,0.71,0.27,0.07,0.2,0.0,-43.9296
1121508,6448,0.7,0.28,0.07,0.21,0.0,-44.8396
1121546,6449,0.74,0.24,0.03,0.21,0.0,-44.2706
1121597,6450,0.7,0.28,0.07,0.21,0.0,-43.1774
1121642,6451,0.73,0.25,0.03,0.22,0.0,-45.1385
1121648,6452,0.63,0.37,0.07,0.3,0.0,-44.3519
1121704,6453,0.69,0.29,0.07,0.22,0.0,-44.0734
1121779,6454,0.68,0.3,0.07,0.23,0.0,-44.6858
1121792,6455,0.63,0.37,0.07,0.3,0.0,-44.3758
1121848,6456,0.73,0.25,0.03,0.22,0.0,-45.1972
1121930,6457,0.68,0.3,0.07,0.23,0.0,-45.0659
1121965,6458,0.68,0.3,0.07,0.23,0.0,-44.5638
1121990,6459,0.72,0.26,0.03,0.23,0.0,-46.3276
1122050,6460,0.69,0.3,0.07,0.23,0.0,-42.7556
1122090,6461,0.71,0.27,0.03,0.24,0.0,-47.0112
1122106,6462,0.62,0.38,0.07,0.31,0.0,-45.383
1122128,6463,0.7,0.29,0.07,0.22,0.0,-41.1974
1122180,6464,0.7,0.28,0.03,0.25,0.0,-47.7002
1122220,6465,0.63,0.37,0.07,0.3,0.0,-44.3161
1122225,6466,0.7,0.28,0.03,0.25,0.0,-47.0149
1122297,6467,0.62,0.38,0.07,0.31,0.0,-44.946
1122307,6468,0.71,0.28,0.03,0.25,0.0,-45.5502
1122339,6469,0.7,0.29,0.07,0.22,0.0,-41.5956
1122387,6470,0.72,0.27,0.03,0.24,0.0,-44.4628
1122471,6471,0.7,0.29,0.07,0.22,0.0,-41.6864
1122619,6472,0.72,0.27,0.03,0.24,0.0,-44.8068
1122704,6473,0.69,0.3,0.07,0.23,0.0,-42.4812
1122756,6474,0.72,0.27,0.03,0.24,0.0,-44.8415
1122813,6475,0.62,0.38,0.07,0.31,0.0,-45.9718
1122822,6476,0.69,0.3,0.07,0.23,0.0,-42.2822
1122876,6477,0.68,0.31,0.07,0.24,0.0,-42.8358
1122910,6478,0.62,0.38,0.07,0.31,0.0,-45.9204
1122949,6479,0.71,0.28,0.03,0.25,0.0,-45.5417
1122979,6480,0.63,0.37,0.07,0.3,0.0,-44.6511
1123056,6481,0.71,0.28,0.03,0.25,0.0,-45.1902
1123114,6482,0.7,0.29,0.03,0.26,0.0,-45.7782
1123137,6483,0.63,0.37,0.07,0.3,0.0,-44.6246
1123167,6484,0.62,0.38,0.08,0.3,0.0,-44.8918
1123223,6485,0.67,0.32,0.07,0.25,0.0,-44.026
1123321,6486,0.67,0.32,0.07,0.25,0.0,-44.0141
1123339,6487,0.62,0.38,0.08,0.3,0.0,-45.04
1123396,6488,0.67,0.32,0.07,0.25,0.0,-43.8782
1123433,6489,0.61,0.39,0.08,0.31,0.0,-45.6441
1123540,6490,0.61,0.39,0.08,0.31,0.0,-45.2641
1123577,6491,0.67,0.32,0.07,0.25,0.0,-44.0717
1123610,6492,0.7,0.29,0.03,0.26,0.0,-46.6269
1123666,6493,0.61,0.39,0.08,0.31,0.0,-45.3651
1123672,6494,0.66,0.33,0.07,0.26,0.0,-44.971
1123709,6495,0.7,0.29,0.03,0.26,0.0,-46.5856
1123779,6496,0.61,0.39,0.08,0.31,0.0,-45.3317
1123784,6497,0.7,0.29,0.03,0.26,0.0,-46.1814
1123844,6498,0.66,0.33,0.07,0.26,0.0,-45.1489
1123858,6499,0.6,0.4,0.08,0.32,0.0,-45.9198
1123905,6500,0.7,0.29,0.03,0.26,0.0,-46.0577
1123919,6501,0.69,0.3,0.03,0.27,0.0,-46.2027
1123925,6502,0.66,0.33,0.06,0.27,0.0,-44.9781
1123929,6503,0.61,0.39,0.07,0.32,0.0,-44.9953
1124003,6504,0.61,0.39,0.08,0.31,0.0,-44.7472
1124073,6505,0.66,0.33,0.06,0.27,0.0,-44.8028
1124091,6506,0.61,0.39,0.08,0.31,0.0,-43.602
1124103,6507,0.69,0.3,0.03,0.27,0.0,-46.2724
1124191,6508,0.68,0.31,0.03,0.28,0.0,-46.7944
1124198,6509,0.66,0.33,0.06,0.27,0.0,-44.7709
1124316,6510,0.66,0.33,0.06,0.27,0.0,-44.8116
1124379,6511,0.68,0.31,0.03,0.28,0.0,-45.9487
1124396,6512,0.65,0.34,0.07,0.27,0.0,-45.432
1124403,6513,0.62,0.38,0.08,0.3,0.0,-43.532
1124473,6514,0.62,0.38,0.08,0.3,0.0,-43.2407
1124510,6515,0.68,0.31,0.03,0.28,0.0,-45.9266
1124533,6516,0.66,0.33,0.06,0.27,0.0,-44.4198
1124588,6517,0.62,0.38,0.08,0.3,0.0,-43.1656
1124623,6518,0.66,0.33,0.06,0.27,0.0,-43.942
1124626,6519,0.68,0.31,0.03,0.28,0.0,-45.9752
1124707,6520,0.67,0.32,0.04,0.28,0.0,-46.4806
1124805,6521,0.68,0.31,0.04,0.27,0.0,-44.8708
1124886,6522,0.67,0.32,0.06,0.26,0.0,-43.252
1124926,6523,0.68,0.31,0.04,0.27,0.0,-44.9214
1124948,6524,0.68,0.31,0.06,0.25,0.0,-40.7079
1125202,6525,0.68,0.31,0.04,0.27,0.0,-44.3493
1125269,6526,0.69,0.3,0.04,0.26,0.0,-42.7578
1125352,6527,0.67,0.32,0.06,0.26,0.0,-42.0808
1125396,6528,0.69,0.3,0.04,0.26,0.0,-41.9214
1125494,6529,0.68,0.31,0.06,0.25,0.0,-40.5965
1125661,6530,0.68,0.31,0.06,0.25,0.0,-40.6701
1125710,6531,0.69,0.3,0.04,0.26,0.0,-42.8264
1125853,6532,0.7,0.29,0.04,0.25,0.0,-40.9763
1125854,6533,0.68,0.31,0.06,0.25,0.0,-41.0886
1126049,6534,0.71,0.28,0.04,0.24,0.0,-40.6564
1126096,6535,0.67,0.32,0.06,0.26,0.0,-40.9369
1126182,6536,0.68,0.31,0.06,0.25,0.0,-40.2255
1126249,6537,0.71,0.28,0.04,0.24,0.0,-40.9832
1126295,6538,0.67,0.32,0.06,0.26,0.0,-39.6476
1126485,6539,0.7,0.29,0.05,0.24,0.0,-40.5898
1126578,6540,0.71,0.28,0.05,0.23,0.0,-39.5567
1126697,6541,0.71,0.28,0.05,0.23,0.0,-39.4251
1126873,6542,0.67,0.32,0.06,0.26,0.0,-40.9318
1126951,6543,0.67,0.32,0.06,0.26,0.0,-40.5792
1127038,6544,0.68,0.31,0.06,0.25,0.0,-40.0824
1127196,6545,0.68,0.31,0.06,0.25,0.0,-39.73
1127297,6546,0.7,0.28,0.05,0.23,0.0,-40.9842
1127371,6547,0.69,0.29,0.05,0.24,0.0,-41.0862
1127471,6548,0.7,0.28,0.05,0.23,0.0,-40.6205
1127555,6549,0.7,0.28,0.05,0.23,0.0,-39.9579
1127586,6550,0.68,0.31,0.06,0.25,0.0,-40.587
1127752,6551,0.69,0.29,0.05,0.24,0.0,-40.2169
1127816,6552,0.67,0.32,0.06,0.26,0.0,-41.0924
1127929,6553,0.68,0.31,0.06,0.25,0.0,-39.1026
1128143,6554,0.68,0.31,0.06,0.25,0.0,-39.4714
1128210,6555,0.69,0.29,0.05,0.24,0.0,-41.2451
1128315,6556,0.68,0.31,0.06,0.25,0.0,-39.508
1128432,6557,0.68,0.31,0.06,0.25,0.0,-37.6446
1128532,6558,0.69,0.3,0.06,0.24,0.0,-36.2524
1128674,6559,0.68,0.31,0.06,0.25,0.0,-36.9292
1128810,6560,0.68,0.29,0.05,0.24,0.0,-40.4838
1129030,6561,0.67,0.3,0.06,0.24,0.0,-41.5125
1129106,6562,0.68,0.31,0.07,0.24,0.0,-37.9855
1129172,6563,0.68,0.31,0.07,0.24,0.0,-36.9101
1129212,6564,0.67,0.3,0.06,0.24,0.0,-41.5459
1129334,6565,0.67,0.3,0.06,0.24,0.0,-40.7119
1129365,6566,0.68,0.31,0.07,0.24,0.0,-36.8755
1129437,6567,0.68,0.29,0.06,0.23,0.0,-38.9222
1129581,6568,0.67,0.3,0.06,0.24,0.0,-39.4955
1129695,6569,0.68,0.31,0.07,0.24,0.0,-37.3454
1129794,6570,0.67,0.32,0.07,0.25,0.0,-38.0168
1129891,6571,0.67,0.3,0.06,0.24,0.0,-40.2592
1129944,6572,0.67,0.32,0.07,0.25,0.0,-38.1066
1129962,6573,0.68,0.29,0.06,0.23,0.0,-39.0942
1130023,6574,0.67,0.32,0.07,0.25,0.0,-37.9832
1130195,6575,0.68,0.29,0.06,0.23,0.0,-39.2758
1130346,6576,0.67,0.32,0.07,0.25,0.0,-38.1192
1130518,6577,0.68,0.31,0.07,0.24,0.0,-36.4446
1130552,6578,0.68,0.29,0.06,0.23,0.0,-39.8993
1130666,6579,0.67,0.3,0.06,0.24,0.0,-40.7052
1130822,6580,0.67,0.3,0.06,0.24,0.0,-40.7393
1130894,6581,0.68,0.31,0.07,0.24,0.0,-37.2296
1130905,6582,0.67,0.3,0.06,0.24,0.0,-40.6042
1131013,6583,0.68,0.31,0.07,0.24,0.0,-37.1435
1131112,6584,0.69,0.3,0.07,0.23,0.0,-36.2053
1131194,6585,0.68,0.31,0.07,0.24,0.0,-36.834
1131232,6586,0.67,0.32,0.07,0.25,0.0,-36.834
1131287,6587,0.67,0.3,0.06,0.24,0.0,-40.3832
1131370,6588,0.68,0.31,0.06,0.25,0.0,-36.2535
1131475,6589,0.67,0.3,0.06,0.24,0.0,-39.3806
1131511,6590,0.68,0.31,0.06,0.25,0.0,-36.3672
1131565,6591,0.67,0.32,0.06,0.26,0.0,-36.3796
1131653,6592,0.68,0.32,0.06,0.26,0.0,-34.5601
1131690,6593,0.66,0.31,0.06,0.25,0.0,-40.2705
1131823,6594,0.66,0.31,0.06,0.25,0.0,-40.1074
1131843,6595,0.68,0.32,0.06,0.26,0.0,-34.4543
1131924,6596,0.66,0.31,0.06,0.25,0.0,-38.6679
1131947,6597,0.68,0.32,0.06,0.26,0.0,-34.059
1132011,6598,0.65,0.32,0.06,0.26,0.0,-39.2666
1132057,6599,0.64,0.33,0.06,0.27,0.0,-39.0117
1132102,6600,0.68,0.32,0.06,0.26,0.0,-34.0409
1132208,6601,0.65,0.32,0.06,0.26,0.0,-37.5264
1132261,6602,0.67,0.33,0.06,0.27,0.0,-34.4054
1132277,6603,0.65,0.32,0.06,0.26,0.0,-37.3203
1132329,6604,0.67,0.33,0.06,0.27,0.0,-34.3488
1132405,6605,0.66,0.31,0.06,0.25,0.0,-36.3505
1132500,6606,0.67,0.31,0.06,0.25,0.0,-34.7385
1132708,6607,0.67,0.31,0.06,0.25,0.0,-34.4547
1132740,6608,0.66,0.34,0.06,0.28,0.0,-35.09
1132824,6609,0.67,0.31,0.06,0.25,0.0,-34.2968
1132995,6610,0.67,0.31,0.06,0.25,0.0,-34.3801
1133057,6611,0.66,0.34,0.06,0.28,0.0,-35.5744
1133192,6612,0.67,0.33,0.06,0.27,0.0,-34.4331
1133366,6613,0.67,0.33,0.06,0.27,0.0,-34.6589
1133487,6614,0.66,0.32,0.07,0.25,0.0,-36.3112
1133505,6615,0.68,0.32,0.06,0.26,0.0,-33.7535
1133560,6616,0.66,0.32,0.07,0.25,0.0,-36.2963
1133798,6617,0.65,0.33,0.07,0.26,0.0,-36.8323
1133809,6618,0.68,0.32,0.05,0.27,0.0,-34.0924
1133898,6619,0.69,0.31,0.05,0.26,0.0,-33.3785
1133995,6620,0.69,0.31,0.05,0.26,0.0,-33.3513
1134053,6621,0.64,0.34,0.07,0.27,0.0,-37.6964
1134057,6622,0.69,0.31,0.05,0.26,0.0,-33.1413
1134190,6623,0.69,0.31,0.05,0.26,0.0,-33.0159
1134193,6624,0.65,0.33,0.07,0.26,0.0,-37.3623
1134370,6625,0.65,0.33,0.07,0.26,0.0,-37.5268
1134448,6626,0.7,0.3,0.05,0.25,0.0,-32.384
1134513,6627,0.66,0.32,0.07,0.25,0.0,-36.98
1134624,6628,0.69,0.31,0.05,0.26,0.0,-33.3423
1134763,6629,0.66,0.32,0.07,0.25,0.0,-37.1123
1134845,6630,0.69,0.31,0.05,0.26,0.0,-33.7592
1134860,6631,0.67,0.31,0.07,0.24,0.0,-36.4207
1134966,6632,0.67,0.31,0.07,0.24,0.0,-36.455
1134973,6633,0.69,0.31,0.05,0.26,0.0,-33.8289
1135032,6634,0.67,0.31,0.07,0.24,0.0,-36.3759
1135135,6635,0.7,0.3,0.04,0.26,0.0,-32.3711
1135167,6636,0.67,0.31,0.07,0.24,0.0,-36.2721
1135370,6637,0.69,0.31,0.04,0.27,0.0,-33.3805
1135438,6638,0.68,0.3,0.06,0.24,0.0,-34.8946
1135586,6639,0.67,0.31,0.06,0.25,0.0,-35.7782
1135677,6640,0.68,0.32,0.04,0.28,0.0,-35.158
1135755,6641,0.68,0.32,0.04,0.28,0.0,-34.6983
1135818,6642,0.67,0.31,0.06,0.25,0.0,-36.1078
1135956,6643,0.67,0.31,0.06,0.25,0.0,-36.2617
1136052,6644,0.69,0.31,0.03,0.28,0.0,-34.9324
1136129,6645,0.67,0.31,0.06,0.25,0.0,-35.3292
1136183,6646,0.69,0.31,0.03,0.28,0.0,-35.0463
1136314,6647,0.66,0.32,0.06,0.26,0.0,-36.1435
1136401,6648,0.69,0.31,0.03,0.28,0.0,-35.1738
1136411,6649,0.65,0.33,0.06,0.27,0.0,-36.9041
1136484,6650,0.65,0.33,0.06,0.27,0.0,-36.5794
1136815,6651,0.66,0.32,0.05,0.27,0.0,-36.6262
1136905,6652,0.69,0.31,0.03,0.28,0.0,-35.8131
1136954,6653,0.66,0.32,0.05,0.27,0.0,-36.7825
1136968,6654,0.68,0.32,0.04,0.28,0.0,-36.2566
1137063,6655,0.68,0.32,0.04,0.28,0.0,-36.2942
1137148,6656,0.66,0.32,0.05,0.27,0.0,-36.8259
1137409,6657,0.67,0.33,0.04,0.29,0.0,-37.3331
1137455,6658,0.66,0.32,0.05,0.27,0.0,-37.2261
1137566,6659,0.65,0.33,0.05,0.28,0.0,-38.066
1137672,6660,0.65,0.33,0.05,0.28,0.0,-38.073
1137872,6661,0.66,0.34,0.05,0.29,0.0,-38.8335
1138025,6662,0.65,0.33,0.05,0.28,0.0,-38.504
1138028,6663,0.66,0.34,0.05,0.29,0.0,-38.9771
1138262,6664,0.65,0.35,0.05,0.3,0.0,-40.1873
1138507,6665,0.65,0.33,0.05,0.28,0.0,-39.9775
1138536,6666,0.65,0.35,0.05,0.3,0.0,-40.1213
1138677,6667,0.65,0.33,0.05,0.28,0.0,-40.2574
1138771,6668,0.66,0.34,0.05,0.29,0.0,-39.5029
1138859,6669,0.64,0.34,0.05,0.29,0.0,-41.2012
1139191,6670,0.64,0.34,0.05,0.29,0.0,-41.6178
1139371,6671,0.65,0.34,0.05,0.29,0.0,-40.6771
1139446,6672,0.65,0.33,0.05,0.28,0.0,-41.1331
1139499,6673,0.65,0.34,0.05,0.29,0.0,-40.766
1139506,6674,0.65,0.34,0.05,0.29,0.0,-40.5646
1139515,6675,0.64,0.35,0.05,0.3,0.0,-40.5579
1139525,6676,0.64,0.35,0.05,0.3,0.0,-40.5136
1139532,6677,0.63,0.36,0.05,0.31,0.0,-40.8375
1139539,6678,0.62,0.37,0.05,0.32,0.0,-41.2217
1139547,6679,0.61,0.38,0.05,0.33,0.0,-41.1313
1139555,6680,0.6,0.39,0.05,0.34,0.0,-41.0943
1139564,6681,0.6,0.39,0.05,0.34,0.0,-40.2063
1139570,6682,0.59,0.4,0.05,0.35,0.0,-40.6162
1139577,6683,0.59,0.4,0.05,0.35,0.0,-40.5004
1139583,6684,0.59,0.4,0.05,0.35,0.0,-39.5418
1139589,6685,0.58,0.41,0.05,0.36,0.0,-39.745
1139597,6686,0.57,0.42,0.05,0.37,0.0,-40.1932
1139603,6687,0.56,0.43,0.05,0.38,0.0,-40.2513
1139606,6688,0.64,0.34,0.05,0.29,0.0,-41.3287
1139609,6689,0.56,0.43,0.05,0.38,0.0,-39.4978
1139615,6690,0.55,0.44,0.05,0.39,0.0,-39.8709
1139621,6691,0.55,0.44,0.05,0.39,0.0,-39.7691
1139630,6692,0.55,0.44,0.05,0.39,0.0,-39.2522
1139636,6693,0.54,0.45,0.05,0.4,0.0,-39.5375
1139642,6694,0.53,0.46,0.05,0.41,0.0,-39.8604
1139649,6695,0.53,0.46,0.04,0.42,0.0,-39.5765
1139655,6696,0.52,0.47,0.04,0.43,0.0,-40.1436
1139661,6697,0.52,0.47,0.03,0.44,0.0,-40.0095
1139667,6698,0.51,0.48,0.03,0.45,0.0,-40.3499
1139673,6699,0.5,0.49,0.03,0.46,0.0,-40.2149
1139679,6700,0.49,0.5,0.03,0.47,0.0,-40.5693
1139685,6701,0.49,0.5,0.03,0.47,0.0,-39.5315
1139691,6702,0.48,0.51,0.03,0.48,0.0,-39.8244
1139697,6703,0.47,0.52,0.03,0.49,0.0,-40.1351
1139703,6704,0.46,0.53,0.03,0.5,0.0,-40.047
1139709,6705,0.46,0.53,0.03,0.5,0.0,-39.329
1139715,6706,0.45,0.54,0.03,0.51,0.0,-39.7325
1139721,6707,0.45,0.54,0.03,0.51,0.0,-39.561
1139729,6708,0.44,0.55,0.03,0.52,0.0,-38.4407
1139736,6709,0.43,0.56,0.03,0.53,0.0,-38.7395
1139742,6710,0.42,0.57,0.03,0.54,0.0,-39.1031
1139748,6711,0.41,0.58,0.03,0.55,0.0,-38.7793
1139754,6712,0.4,0.59,0.03,0.56,0.0,-37.584
1139760,6713,0.4,0.59,0.03,0.56,0.0,-36.881
1139766,6714,0.39,0.6,0.03,0.57,0.0,-37.1281
1139779,6715,0.38,0.61,0.03,0.58,0.0,-37.3777
1139787,6716,0.37,0.62,0.03,0.59,0.0,-37.9384
1139822,6717,0.36,0.63,0.03,0.6,0.0,-38.5369
1139833,6718,0.35,0.64,0.03,0.61,0.0,-39.19
1139839,6719,0.35,0.64,0.03,0.61,0.0,-38.8449
1139850,6720,0.35,0.64,0.02,0.62,0.0,-35.5638
1139857,6721,0.34,0.65,0.02,0.63,0.0,-36.0637
1139864,6722,0.33,0.66,0.02,0.64,0.0,-36.2269
1139871,6723,0.33,0.66,0.02,0.64,0.0,-35.5277
1139879,6724,0.33,0.66,0.02,0.64,0.0,-35.3364
1139887,6725,0.32,0.67,0.02,0.65,0.0,-35.6126
1139895,6726,0.32,0.67,0.02,0.65,0.0,-35.2638
1139903,6727,0.32,0.67,0.02,0.65,0.0,-34.3204
1139910,6728,0.31,0.68,0.02,0.66,0.0,-34.5225
1139917,6729,0.3,0.69,0.02,0.67,0.0,-34.1925
1139923,6730,0.29,0.7,0.02,0.68,0.0,-34.5476
1139929,6731,0.28,0.71,0.02,0.69,0.0,-35.048
1139936,6732,0.28,0.71,0.02,0.69,0.0,-34.7255
1139943,6733,0.28,0.71,0.02,0.69,0.0,-34.5839
1139948,6734,0.64,0.34,0.05,0.29,0.0,-41.415
1139950,6735,0.27,0.72,0.02,0.7,0.0,-34.8873
1139956,6736,0.26,0.73,0.02,0.71,0.0,-35.2467
1139962,6737,0.26,0.73,0.02,0.71,0.0,-34.8995
1139968,6738,0.25,0.74,0.02,0.72,0.0,-34.911
1139974,6739,0.24,0.75,0.02,0.73,0.0,-35.2498
1139982,6740,0.23,0.76,0.02,0.74,0.0,-35.8836
1139988,6741,0.22,0.77,0.02,0.75,0.0,-36.1356
1139995,6742,0.22,0.77,0.02,0.75,0.0,-35.5601
1140002,6743,0.21,0.78,0.02,0.76,0.0,-35.9474
1140008,6744,0.21,0.78,0.02,0.76,0.0,-34.9038
1140014,6745,0.2,0.79,0.02,0.77,0.0,-34.8046
1140020,6746,0.19,0.8,0.02,0.78,0.0,-34.9826
1140027,6747,0.18,0.81,0.02,0.79,0.0,-35.1103
1140034,6748,0.17,0.82,0.02,0.8,0.0,-35.3369
1140040,6749,0.17,0.82,0.02,0.8,0.0,-34.4239
1140046,6750,0.16,0.83,0.02,0.81,0.0,-34.4132
1140052,6751,0.15,0.84,0.02,0.82,0.0,-34.4535
1140059,6752,0.14,0.85,0.02,0.83,0.0,-34.8454
1140067,6753,0.13,0.86,0.02,0.84,0.0,-35.1534
1140074,6754,0.12,0.87,0.02,0.85,0.0,-35.0323
1140080,6755,0.12,0.87,0.02,0.85,0.0,-34.3978
1140086,6756,0.11,0.88,0.02,0.86,0.0,-34.4594
1140092,6757,0.1,0.89,0.02,0.87,0.0,-35.1363
1140098,6758,0.09,0.9,0.02,0.88,0.0,-35.295
1140109,6759,0.09,0.9,0.02,0.88,0.0,-34.5622
1140128,6760,0.09,0.9,0.02,0.88,0.0,-32.9318
1140138,6761,0.08,0.91,0.02,0.89,0.0,-33.5783
1140151,6762,0.07,0.92,0.02,0.9,0.0,-32.9843
1140157,6763,0.06,0.93,0.02,0.91,0.0,-33.3092
1140181,6764,0.05,0.94,0.02,0.92,0.0,-33.4216
1140187,6765,0.04,0.95,0.02,0.93,0.0,-32.8038
1140195,6766,0.04,0.95,0.01,0.94,0.0,-32.6351
1140202,6767,0.03,0.96,0.01,0.95,0.0,-32.7987
1140209,6768,0.03,0.96,0.01,0.95,0.0,-31.8417
1140217,6769,0.03,0.96,0.0,0.96,0.0,-30.2642
1140223,6770,0.02,0.97,0.0,0.97,0.0,-30.4072
1140229,6771,0.02,0.97,0.0,0.97,0.0,-29.63
1140235,6772,0.01,0.98,0.0,0.98,0.0,-29.4107
1140243,6773,0.0,0.99,0.0,0.99,0.0,-29.5601
1140249,6774,0.0,1.0,0.0,1.0,0.0,-28.763
1140255,6775,0.0,1.0,0.0,1.0,0.0,-27.7869
1140263,6776,0.0,1.0,0.0,1.0,0.0,-27.7751
1140270,6777,0.0,1.0,0.0,1.0,0.0,-27.8355
1140276,6778,0.0,1.0,0.0,1.0,0.0,-27.8422
1140283,6779,0.0,1.0,0.0,1.0,0.0,-27.8999
1140289,6780,0.0,1.0,0.0,1.0,0.0,-27.7375
1140295,6781,0.0,1.0,0.0,1.0,0.0,-27.8275
1140301,6782,0.0,1.0,0.0,1.0,0.0,-27.7093
1140308,6783,0.0,1.0,0.0,1.0,0.0,-27.7222
1140314,6784,0.0,1.0,0.0,1.0,0.0,-27.9549
1140320,6785,0.0,1.0,0.0,1.0,0.0,-27.8855
1140326,6786,0.0,1.0,0.0,1.0,0.0,-28.3403
1140332,6787,0.0,1.0,0.0,1.0,0.0,-28.6668
1140338,6788,0.0,1.0,0.0,1.0,0.0,-28.5947
1140344,6789,0.0,1.0,0.0,1.0,0.0,-28.5856
1140350,6790,0.0,1.0,0.0,1.0,0.0,-28.4816
1140356,6791,0.0,1.0,0.0,1.0,0.0,-28.3097
1140362,6792,0.0,1.0,0.0,1.0,0.0,-27.9868
1140368,6793,0.0,1.0,0.0,1.0,0.0,-27.971
1140374,6794,0.0,1.0,0.0,1.0,0.0,-28.0483
1140383,6795,0.0,1.0,0.0,1.0,0.0,-28.0688
1140396,6796,0.0,1.0,0.0,1.0,0.0,-27.6475
1140403,6797,0.0,1.0,0.0,1.0,0.0,-27.4317
1140411,6798,0.0,1.0,0.0,1.0,0.0,-27.3463
1140417,6799,0.64,0.34,0.05,0.29,0.0,-42.6289
1140418,6800,0.0,1.0,0.0,1.0,0.0,-27.3129
1140425,6801,0.0,1.0,0.0,1.0,0.0,-27.3076
1140434,6802,0.0,1.0,0.0,1.0,0.0,-27.4972
1140443,6803,0.0,1.0,0.0,1.0,0.0,-27.0959
1140451,6804,0.0,1.0,0.0,1.0,0.0,-26.8923
1140457,6805,0.0,1.0,0.0,1.0,0.0,-26.9667
1140466,6806,0.0,1.0,0.0,1.0,0.0,-26.9273
1140472,6807,0.0,1.0,0.0,1.0,0.0,-26.9956
1140480,6808,0.0,1.0,0.0,1.0,0.0,-26.9148
1140489,6809,0.0,1.0,0.0,1.0,0.0,-26.807
1140495,6810,0.0,1.0,0.0,1.0,0.0,-26.9621
1140503,6811,0.0,1.0,0.0,1.0,0.0,-27.01
1140510,6812,0.0,1.0,0.0,1.0,0.0,-26.9992
1140517,6813,0.0,1.0,0.0,1.0,0.0,-27.2909
1140523,6814,0.0,1.0,0.0,1.0,0.0,-27.6621
1140529,6815,0.0,1.0,0.0,1.0,0.0,-27.7648
1140535,6816,0.0,1.0,0.0,1.0,0.0,-27.5733
1140541,6817,0.0,1.0,0.0,1.0,0.0,-27.3452
1140548,6818,0.0,1.0,0.0,1.0,0.0,-26.8319
1140553,6819,0.64,0.34,0.05,0.29,0.0,-42.7961
1140554,6820,0.0,1.0,0.0,1.0,0.0,-26.5195
1140560,6821,0.0,1.0,0.0,1.0,0.0,-26.1813
1140566,6822,0.0,1.0,0.0,1.0,0.0,-26.2246
1140573,6823,0.0,1.0,0.0,1.0,0.0,-26.7954
1140580,6824,0.0,1.0,0.0,1.0,0.0,-26.7061
1140586,6825,0.0,1.0,0.0,1.0,0.0,-26.7762
1140592,6826,0.0,1.0,0.0,1.0,0.0,-26.7743
1140599,6827,0.0,1.0,0.0,1.0,0.0,-26.5904
1140605,6828,0.0,1.0,0.0,1.0,0.0,-26.5779
1140611,6829,0.0,1.0,0.0,1.0,0.0,-26.5888
1140617,6830,0.0,1.0,0.0,1.0,0.0,-26.8156
1140623,6831,0.0,1.0,0.0,1.0,0.0,-26.9909
1140628,6832,0.65,0.33,0.05,0.28,0.0,-42.326
1140749,6833,0.64,0.34,0.06,0.28,0.0,-42.9702
1140956,6834,0.64,0.34,0.06,0.28,0.0,-43.2652
1141044,6835,0.64,0.34,0.06,0.28,0.0,-42.8301
1141283,6836,0.63,0.35,0.06,0.29,0.0,-43.8089
1141593,6837,0.63,0.35,0.06,0.29,0.0,-44.1809
1141781,6838,0.62,0.36,0.06,0.3,0.0,-45.3799
1141960,6839,0.62,0.36,0.06,0.3,0.0,-45.8247
1142037,6840,0.62,0.36,0.06,0.3,0.0,-44.8613
1142212,6841,0.62,0.36,0.06,0.3,0.0,-44.9914
1142623,6842,0.61,0.37,0.06,0.31,0.0,-46.5192
1143223,6843,0.6,0.37,0.06,0.31,0.0,-49.6502
1143555,6844,0.6,0.37,0.06,0.31,0.0,-50.5414
1143684,6845,0.6,0.37,0.06,0.31,0.0,-50.4195
1143779,6846,0.61,0.36,0.06,0.3,0.0,-49.8425
1143877,6847,0.6,0.37,0.07,0.3,0.0,-50.2824
1144146,6848,0.6,0.37,0.07,0.3,0.0,-50.5238
1144229,6849,0.59,0.38,0.07,0.31,0.0,-51.2408
1144500,6850,0.59,0.38,0.06,0.32,0.0,-51.8432
1144674,6851,0.59,0.38,0.06,0.32,0.0,-51.9383
1144787,6852,0.59,0.38,0.07,0.31,0.0,-51.3588
1144891,6853,0.59,0.38,0.07,0.31,0.0,-50.9932
1145218,6854,0.58,0.39,0.07,0.32,0.0,-52.5992
1145313,6855,0.58,0.39,0.07,0.32,0.0,-52.5658
1145553,6856,0.57,0.4,0.07,0.33,0.0,-52.6874
1145849,6857,0.56,0.41,0.07,0.34,0.0,-53.925
1145927,6858,0.55,0.42,0.07,0.35,0.0,-54.2487
1146252,6859,0.55,0.42,0.07,0.35,0.0,-54.2965
1146358,6860,0.56,0.41,0.06,0.35,0.0,-53.1304
1146427,6861,0.56,0.41,0.06,0.35,0.0,-53.0803
1146902,6862,0.57,0.4,0.06,0.34,0.0,-53.3417
1147027,6863,0.58,0.4,0.06,0.34,0.0,-51.8676
1147108,6864,0.58,0.4,0.06,0.34,0.0,-52.0794
1147302,6865,0.57,0.41,0.06,0.35,0.0,-53.0941
1147419,6866,0.57,0.41,0.06,0.35,0.0,-53.1901
1147538,6867,0.57,0.41,0.06,0.35,0.0,-53.1443
1148138,6868,0.56,0.41,0.06,0.35,0.0,-53.1805
1148312,6869,0.57,0.41,0.06,0.35,0.0,-52.2512
1148443,6870,0.58,0.4,0.05,0.35,0.0,-51.4073
1148561,6871,0.58,0.4,0.05,0.35,0.0,-51.2188
1148646,6872,0.58,0.4,0.05,0.35,0.0,-51.1841
1148817,6873,0.58,0.4,0.05,0.35,0.0,-51.4647
1148935,6874,0.59,0.39,0.05,0.34,0.0,-50.8709
1149000,6875,0.59,0.39,0.04,0.35,0.0,-49.9054
1149087,6876,0.59,0.39,0.04,0.35,0.0,-49.9816
1149407,6877,0.59,0.39,0.04,0.35,0.0,-50.1602
1149616,6878,0.6,0.38,0.04,0.34,0.0,-49.3019
1149868,6879,0.6,0.38,0.04,0.34,0.0,-49.631
1149960,6880,0.6,0.38,0.04,0.34,0.0,-49.5437
1150120,6881,0.6,0.38,0.04,0.34,0.0,-49.685
1150229,6882,0.6,0.38,0.04,0.34,0.0,-48.9014
1150498,6883,0.59,0.39,0.04,0.35,0.0,-50.0961
1150563,6884,0.6,0.38,0.04,0.34,0.0,-49.2073
1150752,6885,0.6,0.38,0.04,0.34,0.0,-49.4602
1150831,6886,0.6,0.38,0.04,0.34,0.0,-49.4172
1150917,6887,0.61,0.37,0.04,0.33,0.0,-48.816
1150976,6888,0.61,0.37,0.05,0.32,0.0,-49.0522
1151296,6889,0.6,0.38,0.05,0.33,0.0,-50.4819
1151552,6890,0.6,0.38,0.05,0.33,0.0,-51.2568
1151657,6891,0.6,0.38,0.05,0.33,0.0,-51.1579
1151779,6892,0.6,0.38,0.05,0.33,0.0,-51.2828
1151856,6893,0.6,0.38,0.05,0.33,0.0,-50.9606
1151947,6894,0.59,0.39,0.05,0.34,0.0,-51.6451
1152060,6895,0.59,0.39,0.05,0.34,0.0,-51.5609
1152322,6896,0.59,0.39,0.05,0.34,0.0,-50.5348
1152534,6897,0.59,0.39,0.05,0.34,0.0,-50.8916
1152813,6898,0.6,0.38,0.05,0.33,0.0,-50.6315
1152967,6899,0.61,0.37,0.05,0.32,0.0,-49.9791
1153045,6900,0.6,0.38,0.05,0.33,0.0,-50.1899
1153273,6901,0.59,0.39,0.05,0.34,0.0,-51.2049
1153527,6902,0.58,0.4,0.05,0.35,0.0,-52.2918
1153654,6903,0.59,0.39,0.05,0.34,0.0,-51.1218
1153798,6904,0.59,0.39,0.05,0.34,0.0,-51.2721
1154169,6905,0.59,0.39,0.05,0.34,0.0,-51.8294
1154265,6906,0.58,0.4,0.05,0.35,0.0,-52.5416
1154665,6907,0.57,0.41,0.05,0.36,0.0,-54.1623
1154806,6908,0.56,0.42,0.05,0.37,0.0,-54.8042
1155346,6909,0.56,0.42,0.05,0.37,0.0,-55.8726
1155497,6910,0.56,0.42,0.05,0.37,0.0,-55.7085
1155788,6911,0.56,0.42,0.05,0.37,0.0,-56.3409
